TIME,V16_kV,P_fleet_MW
2.4,235.22,6214.9
2.4002,235.21,6210.9
2.4004,235.21,6210.1
2.4006,235.25,6211.9
2.4008,235.34,6212.6
2.401,235.43,6211.4
2.4012,235.55,6208.8
2.4014,235.69,6204.9
2.4016,235.78,6201.3
2.4018,235.78,6199.7
2.402,235.72,6203
2.4022,235.62,6210.3
2.4024,235.47,6216.4
2.4026,235.3,6217.1
2.4028,235.26,6213.4
2.403,235.31,6207.5
2.4032,235.36,6204.6
2.4034,235.37,6209.5
2.4036,235.37,6215.4
2.4038,235.41,6217.6
2.404,235.48,6215.1
2.4042,235.6,6214
2.4044,235.76,6214.1
2.4046,235.87,6214.5
2.4048,235.88,6217
2.405,235.8,6221.6
2.4052,235.65,6225.8
2.4054,235.41,6227.8
2.4056,235.26,6229.1
2.4058,235.15,6228.8
2.406,235.12,6230.3
2.4062,235.2,6232.3
2.4064,235.35,6234.4
2.4066,235.5,6235.2
2.4068,235.69,6236.4
2.407,235.86,6238
2.4072,236.02,6239
2.4074,236.12,6239
2.4076,236.11,6239.8
2.4078,236,6243.9
2.408,235.83,6249.1
2.4082,235.75,6250.3
2.4084,235.82,6249.2
2.4086,235.85,6245
2.4088,235.83,6241.8
2.409,235.8,6238.6
2.4092,235.79,6235.8
2.4094,235.83,6238
2.4096,235.91,6244.2
2.4098,235.99,6246.6
2.41,236.05,6244.4
2.4102,236.06,6239.1
2.4104,235.97,6233.3
2.4106,235.85,6230.1
2.4108,235.68,6232.5
2.411,235.51,6236.6
2.4112,235.43,6241
2.4114,235.38,6244.4
2.4116,235.39,6245.3
2.4118,235.5,6241.5
2.412,235.68,6235.4
2.4122,235.85,6231.6
2.4124,235.94,6231
2.4126,235.96,6232.2
2.4128,235.94,6234.1
2.413,235.92,6234.2
2.4132,235.87,6232.7
2.4134,235.81,6231
2.4136,235.7,6228.2
2.4138,235.53,6226.6
2.414,235.4,6227.1
2.4142,235.37,6230.6
2.4144,235.4,6235.6
2.4146,235.48,6239
2.4148,235.6,6238.2
2.415,235.71,6234.1
2.4152,235.79,6230.4
2.4154,235.85,6230.9
2.4156,235.88,6235.5
2.4158,235.92,6241.4
2.416,235.95,6245.8
2.4162,235.92,6245
2.4164,235.83,6240.2
2.4166,235.66,6234.9
2.4168,235.47,6233.2
2.417,235.37,6234.7
2.4172,235.38,6237.5
2.4174,235.47,6239.6
2.4176,235.59,6237.6
2.4178,235.67,6233.6
2.418,235.73,6230.1
2.4182,235.77,6231.6
2.4184,235.78,6238.1
2.4186,235.83,6243.5
2.4188,235.85,6245.3
2.419,235.79,6243.1
2.4192,235.62,6240.9
2.4194,235.4,6240.1
2.4196,235.23,6241.5
2.4198,235.18,6244.4
2.42,235.34,6244.5
2.4202,235.57,6242.6
2.4204,235.77,6240.7
2.4206,235.87,6241.1
2.4208,235.84,6245.4
2.421,235.77,6249.4
2.4212,235.75,6251
2.4214,235.81,6248.4
2.4216,235.89,6248.6
2.4218,235.89,6254
2.422,235.85,6258.9
2.4222,235.69,6259.4
2.4224,235.59,6256.5
2.4226,235.51,6251.1
2.4228,235.44,6247.1
2.423,235.4,6248.4
2.4232,235.45,6253.9
2.4234,235.6,6258.8
2.4236,235.8,6261.1
2.4238,236.05,6258.5
2.424,236.16,6253
2.4242,236.08,6250.1
2.4244,235.85,6251.1
2.4246,235.57,6255.7
2.4248,235.29,6261.3
2.425,235.13,6265.9
2.4252,235.11,6265
2.4254,235.21,6262.2
2.4256,235.36,6260.3
2.4258,235.51,6260
2.426,235.61,6260.5
2.4262,235.67,6262.2
2.4264,235.69,6263.7
2.4266,235.74,6263.9
2.4268,235.82,6265.1
2.427,235.88,6265.9
2.4272,235.86,6266
2.4274,235.75,6265.1
2.4276,235.56,6263
2.4278,235.39,6264
2.428,235.27,6269.6
2.4282,235.25,6273.6
2.4284,235.33,6272.5
2.4286,235.45,6266.9
2.4288,235.6,6261.8
2.429,235.74,6258.7
2.4292,235.82,6258.7
2.4294,235.84,6260.6
2.4296,235.85,6262.7
2.4298,235.87,6263.9
2.43,235.84,6263.1
2.4302,235.73,6259.3
2.4304,235.54,6256.1
2.4306,235.29,6254
2.4308,235.12,6255.1
2.431,235.14,6256.3
2.4312,235.29,6255.9
2.4314,235.5,6254
2.4316,235.69,6251.6
2.4318,235.79,6250.2
2.432,235.8,6247.9
2.4322,235.81,6245.8
2.4324,235.81,6247.3
2.4326,235.83,6247.9
2.4328,235.77,6249.2
2.433,235.66,6252
2.4332,235.57,6252.2
2.4334,235.52,6249.1
2.4336,235.47,6245.1
2.4338,235.36,6242.5
2.434,235.28,6242.9
2.4342,235.28,6244.9
2.4344,235.36,6245.7
2.4346,235.51,6243.6
2.4348,235.65,6239.8
2.435,235.74,6238.1
2.4352,235.76,6239.7
2.4354,235.7,6243.4
2.4356,235.62,6245.8
2.4358,235.55,6245
2.436,235.48,6241.4
2.4362,235.45,6238.1
2.4364,235.42,6237
2.4366,235.36,6237.7
2.4368,235.34,6240.4
2.437,235.38,6241.7
2.4372,235.48,6240.9
2.4374,235.63,6240.2
2.4376,235.75,6241.1
2.4378,235.83,6246.2
2.438,235.85,6253.2
2.4382,235.83,6259.1
2.4384,235.74,6260.1
2.4386,235.62,6258.4
2.4388,235.47,6256.8
2.439,235.35,6254.9
2.4392,235.28,6255.8
2.4394,235.3,6258.6
2.4396,235.39,6261
2.4398,235.46,6260.9
2.44,235.55,6258.4
2.4402,235.65,6256.7
2.4404,235.73,6258.6
2.4406,235.82,6262.4
2.4408,235.85,6266.8
2.441,235.83,6269.1
2.4412,235.76,6270.5
2.4414,235.65,6271.7
2.4416,235.44,6273.3
2.4418,235.3,6272.4
2.442,235.32,6269.4
2.4422,235.44,6264.5
2.4424,235.55,6260.3
2.4426,235.59,6260.5
2.4428,235.62,6268.6
2.443,235.62,6277.8
2.4432,235.68,6280
2.4434,235.86,6274.8
2.4436,236.04,6268.2
2.4438,236.1,6262.1
2.444,235.97,6260.3
2.4442,235.61,6263.7
2.4444,235.24,6271.3
2.4446,235.08,6278.9
2.4448,235.2,6281.4
2.445,235.47,6278.5
2.4452,235.72,6270.9
2.4454,235.82,6263
2.4456,235.78,6259.6
2.4458,235.72,6260.3
2.446,235.72,6263.4
2.4462,235.81,6264.8
2.4464,235.92,6264.8
2.4466,235.97,6262.4
2.4468,235.91,6259
2.447,235.72,6256.2
2.4472,235.53,6256
2.4474,235.41,6256.8
2.4476,235.39,6257.2
2.4478,235.41,6257
2.448,235.47,6255.5
2.4482,235.58,6252.3
2.4484,235.69,6250.2
2.4486,235.78,6248.4
2.4488,235.86,6247
2.449,235.89,6247.1
2.4492,235.9,6247.8
2.4494,235.85,6249
2.4496,235.76,6248.8
2.4498,235.64,6246.4
2.45,235.52,6243.9
2.4502,235.42,6242.9
2.4504,235.4,6244.8
2.4506,235.41,6248.6
2.4508,235.48,6249.9
2.451,235.6,6248.1
2.4512,235.69,6244.7
2.4514,235.78,6241.8
2.4516,235.88,6240
2.4518,235.96,6242
2.452,236.02,6246.7
2.4522,235.97,6250.6
2.4524,235.84,6250.3
2.4526,235.64,6247.7
2.4528,235.47,6244.4
2.453,235.37,6241.4
2.4532,235.35,6240.8
2.4534,235.42,6243.4
2.4536,235.52,6245.9
2.4538,235.62,6247.4
2.454,235.73,6247.1
2.4542,235.83,6248.4
2.4544,235.96,6249.3
2.4546,236.04,6250
2.4548,236.08,6251
2.455,236.04,6255.7
2.4552,235.9,6261.5
2.4554,235.69,6264.2
2.4556,235.61,6266.5
2.4558,235.64,6265.9
2.456,235.78,6261.6
2.4562,235.93,6259
2.4564,236,6260.2
2.4566,236.06,6264.1
2.4568,236.16,6269.8
2.457,236.28,6278
2.4572,236.38,6280.9
2.4574,236.5,6275.9
2.4576,236.58,6269.6
2.4578,236.51,6268.8
2.458,236.27,6270.9
2.4582,236.02,6273.1
2.4584,235.87,6274.2
2.4586,235.84,6270.6
2.4588,235.85,6266.6
2.459,235.87,6266
2.4592,235.92,6266.9
2.4594,235.92,6265.8
2.4596,235.92,6263.4
2.4598,235.94,6264.7
2.46,236,6269
2.4602,236.17,6273.6
2.4604,236.32,6276.3
2.4606,236.37,6275.3
2.4608,236.26,6271.2
2.461,236,6267.2
2.4612,235.8,6267.2
2.4614,235.76,6272.4
2.4616,235.82,6277.6
2.4618,235.96,6276.9
2.462,236.13,6269
2.4622,236.21,6259.6
2.4624,236.26,6255.6
2.4626,236.31,6256.6
2.4628,236.34,6262.5
2.463,236.36,6267.7
2.4632,236.37,6269.3
2.4634,236.34,6265.4
2.4636,236.26,6260.4
2.4638,236.08,6257.5
2.464,235.95,6255.8
2.4642,235.87,6254.5
2.4644,235.84,6255.9
2.4646,235.87,6257
2.4648,235.94,6256.3
2.465,236.06,6253.7
2.4652,236.21,6250.3
2.4654,236.28,6247.4
2.4656,236.33,6245.8
2.4658,236.32,6245.8
2.466,236.23,6246.1
2.4662,236.08,6246.7
2.4664,235.96,6246.1
2.4666,235.77,6245.3
2.4668,235.63,6245.4
2.467,235.62,6244.3
2.4672,235.66,6242.8
2.4674,235.72,6241.6
2.4676,235.82,6240.8
2.4678,235.9,6239.5
2.468,235.98,6237.8
2.4682,236.07,6236.5
2.4684,236.16,6237.2
2.4686,236.24,6239.8
2.4688,236.23,6242.5
2.469,236.11,6243.2
2.4692,235.93,6241
2.4694,235.79,6237.7
2.4696,235.68,6235.7
2.4698,235.61,6235.2
2.47,235.58,6237.2
2.4702,235.64,6240.6
2.4704,235.75,6244.8
2.4706,235.88,6246.6
2.4708,236.05,6247.1
2.471,236.22,6249.6
2.4712,236.33,6251.6
2.4714,236.38,6251.6
2.4716,236.41,6251.7
2.4718,236.36,6253.6
2.472,236.23,6254.6
2.4722,236.12,6254.3
2.4724,236.05,6251.7
2.4726,235.97,6248.3
2.4728,235.91,6244.7
2.473,235.86,6243
2.4732,235.88,6243.9
2.4734,235.97,6245.4
2.4736,236.11,6245.1
2.4738,236.25,6246.4
2.474,236.35,6245.5
2.4742,236.29,6242.7
2.4744,236.13,6241.1
2.4746,235.9,6245.7
2.4748,235.65,6255.1
2.475,235.57,6260
2.4752,235.59,6258.1
2.4754,235.63,6252.8
2.4756,235.63,6249.2
2.4758,235.59,6248.1
2.476,235.6,6250.1
2.4762,235.68,6253.7
2.4764,235.85,6255.8
2.4766,236.04,6256
2.4768,236.14,6255.1
2.477,236.1,6252.7
2.4772,235.97,6252.4
2.4774,235.77,6253.9
2.4776,235.58,6255.3
2.4778,235.41,6255.3
2.478,235.28,6254.5
2.4782,235.24,6254.1
2.4784,235.3,6255.6
2.4786,235.45,6255.9
2.4788,235.65,6255
2.479,235.84,6253.1
2.4792,235.96,6251.9
2.4794,236,6250.7
2.4796,235.97,6250.6
2.4798,235.94,6251.3
2.48,235.89,6250.4
2.4802,235.83,6250
2.4804,235.71,6249.9
2.4806,235.51,6247.8
2.4808,235.27,6245.7
2.481,235.11,6244.1
2.4812,235.09,6243.3
2.4814,235.23,6241.2
2.4816,235.47,6239
2.4818,235.69,6237.6
2.482,235.84,6237.7
2.4822,235.89,6237.5
2.4824,235.87,6236.8
2.4826,235.76,6234.6
2.4828,235.61,6232.8
2.483,235.45,6232.4
2.4832,235.3,6232.8
2.4834,235.18,6231.3
2.4836,235.08,6229.6
2.4838,235,6228.9
2.484,234.98,6229.3
2.4842,235.09,6228.3
2.4844,235.29,6227
2.4846,235.53,6224.7
2.4848,235.7,6224
2.485,235.74,6224.5
2.4852,235.7,6226.1
2.4854,235.62,6227
2.4856,235.49,6227
2.4858,235.37,6224.6
2.486,235.2,6222.6
2.4862,235.03,6221.6
2.4864,234.95,6223.5
2.4866,234.95,6226.9
2.4868,235.05,6228.3
2.487,235.21,6228.9
2.4872,235.37,6227.5
2.4874,235.52,6227.1
2.4876,235.68,6229.2
2.4878,235.85,6232.6
2.488,235.92,6237.2
2.4882,235.92,6241
2.4884,235.83,6241.9
2.4886,235.68,6238.7
2.4888,235.52,6235.1
2.489,235.33,6232.8
2.4892,235.21,6235.7
2.4894,235.18,6240.3
2.4896,235.24,6241.1
2.4898,235.32,6238.8
2.49,235.43,6236.1
2.4902,235.53,6236
2.4904,235.61,6238.2
2.4906,235.65,6242.8
2.4908,235.63,6246.9
2.491,235.58,6248.6
2.4912,235.53,6250.9
2.4914,235.43,6252.4
2.4916,235.3,6251.7
2.4918,235.23,6250.3
2.492,235.24,6249.3
2.4922,235.33,6247.9
2.4924,235.38,6247.6
2.4926,235.42,6249.5
2.4928,235.55,6253.8
2.493,235.69,6258.3
2.4932,235.79,6257.8
2.4934,235.87,6255.2
2.4936,235.93,6251.4
2.4938,235.93,6247.7
2.494,235.82,6246.5
2.4942,235.56,6247.7
2.4944,235.31,6250.1
2.4946,235.22,6257.1
2.4948,235.35,6261.7
2.495,235.52,6258
2.4952,235.65,6249.3
2.4954,235.75,6241.2
2.4956,235.76,6238
2.4958,235.75,6240.4
2.496,235.79,6246.6
2.4962,235.85,6251.1
2.4964,235.93,6248.3
2.4966,235.93,6240.9
2.4968,235.8,6234.4
2.497,235.58,6232.4
2.4972,235.36,6234.2
2.4974,235.19,6236.9
2.4976,235.14,6238.3
2.4978,235.16,6237
2.498,235.25,6233.4
2.4982,235.38,6229.4
2.4984,235.49,6226.7
2.4986,235.58,6224.2
2.4988,235.63,6224.3
2.499,235.63,6227.2
2.4992,235.61,6229.3
2.4994,235.59,6230
2.4996,235.51,6228.1
2.4998,235.36,6224.4
2.5,235.14,6220.6
2.5002,234.93,6218.5
2.5004,234.81,6218.3
2.5006,234.78,6219.9
2.5008,234.87,6222.7
2.501,235.03,6223.1
2.5012,235.22,6219.4
2.5014,235.42,6213.1
2.5016,235.55,6208
2.5018,235.55,6207.5
2.502,235.43,6212.5
2.5022,235.25,6217.9
2.5024,235.07,6218.1
2.5026,234.89,6214.5
2.5028,234.73,6208.9
2.503,234.61,6205.3
2.5032,234.55,6207.2
2.5034,234.56,6212.9
2.5036,234.65,6217.9
2.5038,234.82,6221.8
2.504,235.04,6222.7
2.5042,235.17,6218.2
2.5044,235.22,6213.5
2.5046,235.24,6212.4
2.5048,235.2,6217.4
2.505,235.18,6225.4
2.5052,235.13,6233
2.5054,235.04,6236.1
2.5056,234.92,6234.1
2.5058,234.77,6230.2
2.506,234.69,6227
2.5062,234.68,6224.6
2.5064,234.77,6223.8
2.5066,234.95,6225.3
2.5068,235.11,6229
2.507,235.22,6230.9
2.5072,235.25,6230.7
2.5074,235.21,6231.5
2.5076,235.15,6236
2.5078,235.07,6242.2
2.508,235,6246.2
2.5082,234.93,6244.3
2.5084,234.88,6239.6
2.5086,234.83,6237.5
2.5088,234.73,6239.9
2.509,234.61,6243.7
2.5092,234.58,6245.4
2.5094,234.67,6244.2
2.5096,234.85,6240.9
2.5098,235.08,6235.9
2.51,235.2,6235.4
2.5102,235.22,6238.5
2.5104,235.17,6241.3
2.5106,235.02,6241.8
2.5108,234.84,6239.1
2.511,234.67,6236.5
2.5112,234.5,6238.6
2.5114,234.34,6242.4
2.5116,234.32,6242.9
2.5118,234.38,6241.1
2.512,234.49,6238.1
2.5122,234.65,6234.8
2.5124,234.83,6232.7
2.5126,234.95,6233.4
2.5128,235,6234.7
2.513,234.98,6234.4
2.5132,234.94,6233.2
2.5134,234.87,6232.7
2.5136,234.75,6231.6
2.5138,234.63,6230.8
2.514,234.52,6230.1
2.5142,234.37,6228.8
2.5144,234.25,6228.9
2.5146,234.24,6228.7
2.5148,234.36,6227.2
2.515,234.54,6225.3
2.5152,234.73,6222.7
2.5154,234.88,6219.5
2.5156,234.95,6217.3
2.5158,234.92,6218.6
2.516,234.81,6221.5
2.5162,234.72,6224.2
2.5164,234.62,6224.7
2.5166,234.49,6221.6
2.5168,234.37,6217.2
2.517,234.27,6215.1
2.5172,234.2,6217.7
2.5174,234.19,6221.5
2.5176,234.27,6222.1
2.5178,234.42,6217
2.518,234.62,6210.8
2.5182,234.8,6207.8
2.5184,234.91,6208.7
2.5186,234.91,6212.6
2.5188,234.86,6216.9
2.519,234.74,6218.2
2.5192,234.55,6213.9
2.5194,234.35,6207.7
2.5196,234.18,6203.6
2.5198,234.03,6203.6
2.52,233.97,6207.6
2.5202,234.05,6212.5
2.5204,234.2,6214.9
2.5206,234.38,6214
2.5208,234.53,6212.5
2.521,234.62,6210.3
2.5212,234.66,6213.6
2.5214,234.68,6218.6
2.5216,234.64,6225.6
2.5218,234.58,6229.5
2.522,234.51,6227.5
2.5222,234.38,6221.9
2.5224,234.28,6218.1
2.5226,234.23,6218.5
2.5228,234.22,6222.3
2.523,234.26,6226.5
2.5232,234.38,6227.8
2.5234,234.55,6227.7
2.5236,234.74,6230.5
2.5238,234.91,6234
2.524,234.98,6236.1
2.5242,234.97,6237
2.5244,234.92,6238.5
2.5246,234.77,6240.8
2.5248,234.64,6241.3
2.525,234.61,6240.6
2.5252,234.57,6239.5
2.5254,234.5,6242.3
2.5256,234.45,6248
2.5258,234.45,6250.2
2.526,234.54,6248.9
2.5262,234.69,6246.1
2.5264,234.85,6244
2.5266,234.99,6244.4
2.5268,235.12,6246.7
2.527,235.14,6250.7
2.5272,235.09,6253.2
2.5274,234.95,6252.1
2.5276,234.77,6249.3
2.5278,234.64,6249.2
2.528,234.65,6251.3
2.5282,234.76,6252.4
2.5284,234.79,6251.3
2.5286,234.84,6248.4
2.5288,234.95,6244
2.529,235.04,6240.9
2.5292,235.12,6241.9
2.5294,235.22,6245.1
2.5296,235.29,6248.2
2.5298,235.29,6251.4
2.53,235.24,6251.2
2.5302,235.15,6248.1
2.5304,235,6245.5
2.5306,234.86,6244.7
2.5308,234.78,6244.8
2.531,234.74,6245.1
2.5312,234.76,6243
2.5314,234.84,6239.1
2.5316,234.96,6235
2.5318,235.06,6234.1
2.532,235.15,6236.9
2.5322,235.21,6240.1
2.5324,235.24,6240.7
2.5326,235.23,6239
2.5328,235.16,6236.3
2.533,235.04,6233.9
2.5332,234.87,6232.4
2.5334,234.67,6233.5
2.5336,234.56,6235.6
2.5338,234.58,6234.6
2.534,234.7,6232.7
2.5342,234.81,6230.7
2.5344,234.94,6229.6
2.5346,235.04,6227.8
2.5348,235.09,6227
2.535,235.13,6228.5
2.5352,235.18,6231.1
2.5354,235.16,6233
2.5356,235.07,6234.4
2.5358,234.91,6234.9
2.536,234.69,6233.8
2.5362,234.51,6232.5
2.5364,234.41,6231.7
2.5366,234.39,6231.5
2.5368,234.5,6231.1
2.537,234.67,6230.6
2.5372,234.81,6231.7
2.5374,234.93,6234.9
2.5376,235.01,6238.2
2.5378,235.04,6239.2
2.538,235.07,6238.1
2.5382,235.15,6237.4
2.5384,235.17,6238.8
2.5386,235.09,6243.7
2.5388,234.99,6248.8
2.539,234.92,6251.8
2.5392,234.84,6251.6
2.5394,234.79,6249.4
2.5396,234.76,6249.8
2.5398,234.79,6251.5
2.54,234.89,6254.4
2.5402,235.08,6259.8
2.5404,235.28,6262.4
2.5406,235.5,6260.4
2.5408,235.57,6257.9
2.541,235.48,6258.3
2.5412,235.31,6260.8
2.5414,235.06,6261.1
2.5416,234.85,6260
2.5418,234.81,6258.2
2.542,234.89,6254.8
2.5422,235.02,6254.5
2.5424,235.13,6257.3
2.5426,235.16,6259.7
2.5428,235.19,6259.7
2.543,235.22,6257.8
2.5432,235.27,6257.4
2.5434,235.37,6258.1
2.5436,235.47,6259.3
2.5438,235.55,6261.5
2.544,235.53,6264.5
2.5442,235.33,6264.8
2.5444,235.14,6265.8
2.5446,235.05,6272.9
2.5448,235.12,6280.6
2.545,235.29,6282.4
2.5452,235.44,6277.3
2.5454,235.58,6269.2
2.5456,235.67,6263.5
2.5458,235.74,6261.7
2.546,235.79,6263.4
2.5462,235.85,6266.2
2.5464,235.89,6266.5
2.5466,235.83,6266.4
2.5468,235.67,6264.3
2.547,235.46,6259.6
2.5472,235.3,6256.8
2.5474,235.2,6256.5
2.5476,235.15,6257.1
2.5478,235.15,6258.5
2.548,235.22,6259.1
2.5482,235.32,6256.4
2.5484,235.43,6251.9
2.5486,235.57,6248
2.5488,235.67,6246
2.549,235.71,6247.4
2.5492,235.71,6249.6
2.5494,235.63,6251.7
2.5496,235.5,6250.7
2.5498,235.31,6247.8
2.55,235.15,6245.7
2.5502,235.09,6245.7
2.5504,235.17,6247.3
2.5506,235.3,6247.8
2.5508,235.42,6246.3
2.551,235.48,6242.4
2.5512,235.51,6239.4
2.5514,235.53,6238.7
2.5516,235.56,6238.5
2.5518,235.61,6239.1
2.552,235.65,6241.9
2.5522,235.64,6246.7
2.5524,235.55,6249.5
2.5526,235.39,6248.7
2.5528,235.21,6246.1
2.553,235.14,6243.5
2.5532,235.17,6242.7
2.5534,235.27,6245.3
2.5536,235.39,6248.6
2.5538,235.54,6251.5
2.554,235.7,6253.9
2.5542,235.88,6254.5
2.5544,236,6253.4
2.5546,236.01,6252.8
2.5548,235.96,6252.9
2.555,235.82,6254.8
2.5552,235.62,6258.3
2.5554,235.45,6260.8
2.5556,235.3,6263.1
2.5558,235.23,6265
2.556,235.22,6264.6
2.5562,235.27,6261
2.5564,235.35,6258.8
2.5566,235.45,6260.3
2.5568,235.56,6264.6
2.557,235.65,6268.6
2.5572,235.74,6270.8
2.5574,235.8,6268.6
2.5576,235.8,6265.6
2.5578,235.7,6266
2.558,235.5,6269.2
2.5582,235.31,6271.2
2.5584,235.29,6272.7
2.5586,235.37,6272.2
2.5588,235.39,6267.7
2.559,235.42,6262.7
2.5592,235.43,6260.6
2.5594,235.4,6261
2.5596,235.43,6260.6
2.5598,235.51,6263.7
2.56,235.65,6265.1
2.5602,235.74,6263.4
2.5604,235.65,6262.4
2.5606,235.54,6261.8
2.5608,235.35,6261.1
2.561,235.15,6258.8
2.5612,235.06,6258.6
2.5614,235.05,6260.7
2.5616,235.06,6261.6
2.5618,235.07,6259.5
2.562,235.13,6255.4
2.5622,235.23,6251.4
2.5624,235.34,6248.3
2.5626,235.47,6249.6
2.5628,235.54,6253.3
2.563,235.58,6257.3
2.5632,235.56,6259.7
2.5634,235.51,6258.3
2.5636,235.39,6253.5
2.5638,235.2,6248.5
2.564,235.02,6246.8
2.5642,234.89,6249.6
2.5644,234.84,6253.2
2.5646,234.88,6253.9
2.5648,234.98,6249.9
2.565,235.13,6242.2
2.5652,235.27,6236.8
2.5654,235.35,6236.1
2.5656,235.36,6237.6
2.5658,235.33,6241.1
2.566,235.28,6243.3
2.5662,235.21,6244.9
2.5664,235.07,6242.7
2.5666,234.87,6240.4
2.5668,234.73,6239
2.567,234.68,6236.6
2.5672,234.69,6235.3
2.5674,234.8,6237.5
2.5676,234.99,6240.1
2.5678,235.16,6240.9
2.568,235.32,6240.7
2.5682,235.48,6239.6
2.5684,235.56,6237.7
2.5686,235.55,6238.6
2.5688,235.52,6241.4
2.569,235.42,6245.6
2.5692,235.26,6247.5
2.5694,235.16,6246.7
2.5696,235.04,6243.3
2.5698,234.92,6240.7
2.57,234.87,6241.1
2.5702,234.91,6243.1
2.5704,235.11,6244.9
2.5706,235.37,6244.8
2.5708,235.54,6244.7
2.571,235.61,6246.2
2.5712,235.63,6249.5
2.5714,235.59,6251.9
2.5716,235.54,6253
2.5718,235.46,6254.3
2.572,235.34,6257.6
2.5722,235.28,6260.4
2.5724,235.28,6260.2
2.5726,235.25,6260.6
2.5728,235.24,6264.5
2.573,235.29,6268.2
2.5732,235.39,6270.1
2.5734,235.5,6267.4
2.5736,235.64,6262.3
2.5738,235.73,6257.4
2.574,235.76,6257.8
2.5742,235.73,6263.3
2.5744,235.66,6270.8
2.5746,235.51,6274.7
2.5748,235.35,6273.5
2.575,235.32,6268.6
2.5752,235.36,6263.8
2.5754,235.41,6263
2.5756,235.47,6266.2
2.5758,235.51,6269.8
2.576,235.54,6272
2.5762,235.61,6273.8
2.5764,235.74,6276.2
2.5766,235.91,6276.6
2.5768,236.01,6275.4
2.577,236.04,6273.8
2.5772,235.96,6273.9
2.5774,235.75,6273.8
2.5776,235.58,6274.8
2.5778,235.47,6278.6
2.578,235.42,6281.5
2.5782,235.43,6279.4
2.5784,235.46,6275.4
2.5786,235.46,6271.9
2.5788,235.46,6268
2.579,235.48,6264.8
2.5792,235.55,6263.3
2.5794,235.66,6263.5
2.5796,235.72,6263.6
2.5798,235.7,6265.6
2.58,235.61,6267.1
2.5802,235.44,6265.8
2.5804,235.24,6260.7
2.5806,235.09,6257.6
2.5808,234.97,6255.5
2.581,234.87,6256.8
2.5812,234.89,6260.6
2.5814,235,6262.8
2.5816,235.19,6260.8
2.5818,235.39,6256.9
2.582,235.54,6252.2
2.5822,235.63,6249.6
2.5824,235.67,6249.7
2.5826,235.65,6252.5
2.5828,235.54,6255.1
2.583,235.35,6255.1
2.5832,235.2,6253.1
2.5834,235.11,6250.2
2.5836,235.05,6246.6
2.5838,235.04,6244.4
2.584,235.08,6243.9
2.5842,235.14,6244.2
2.5844,235.22,6243
2.5846,235.37,6242.3
2.5848,235.51,6242.5
2.585,235.62,6243.3
2.5852,235.67,6243.3
2.5854,235.63,6243.4
2.5856,235.52,6242.8
2.5858,235.36,6242.1
2.586,235.17,6241.7
2.5862,235.02,6241.5
2.5864,234.91,6242.4
2.5866,234.86,6245
2.5868,234.89,6247
2.587,234.97,6245.9
2.5872,235.11,6241.5
2.5874,235.28,6236.4
2.5876,235.37,6233.6
2.5878,235.37,6235
2.588,235.29,6242.1
2.5882,235.2,6250.8
2.5884,235.08,6256.7
2.5886,234.99,6259.1
2.5888,234.89,6256.1
2.589,234.8,6251.6
2.5892,234.73,6247.7
2.5894,234.65,6246.9
2.5896,234.62,6252.3
2.5898,234.71,6257.2
2.59,234.87,6260.4
2.5902,235.11,6261.1
2.5904,235.39,6259.7
2.5906,235.48,6257.9
2.5908,235.43,6258.6
2.591,235.35,6261.5
2.5912,235.21,6266.3
2.5914,235,6270.5
2.5916,234.92,6272.3
2.5918,234.95,6270.2
2.592,235.03,6265.9
2.5922,235.09,6262.4
2.5924,235.1,6260.7
2.5926,235.1,6263.9
2.5928,235.19,6267.9
2.593,235.34,6266.1
2.5932,235.5,6259.8
2.5934,235.58,6253.3
2.5936,235.51,6248.3
2.5938,235.32,6247.6
2.594,235.06,6250.8
2.5942,234.78,6256.2
2.5944,234.63,6260
2.5946,234.64,6263.4
2.5948,234.8,6263.7
2.595,234.94,6259.2
2.5952,235,6253.3
2.5954,235.03,6250.5
2.5956,235.09,6251
2.5958,235.2,6252.7
2.596,235.3,6254.2
2.5962,235.38,6254.8
2.5964,235.4,6254.2
2.5966,235.33,6252.2
2.5968,235.2,6250.6
2.597,235.02,6248.4
2.5972,234.84,6246.4
2.5974,234.66,6246.6
2.5976,234.5,6249.4
2.5978,234.44,6253.4
2.598,234.53,6254.1
2.5982,234.72,6249.4
2.5984,234.95,6242
2.5986,235.16,6237.9
2.5988,235.24,6238.7
2.599,235.23,6244.3
2.5992,235.18,6250.8
2.5994,235.11,6254.1
2.5996,235.03,6252.1
2.5998,234.93,6246
2.6,234.78,6239.1
2.6002,234.6,6235.5
2.6004,234.43,6238.9
2.6006,234.35,6245.7
2.6008,234.4,6251.3
2.601,234.6,6249.8
2.6012,234.86,6243.4
2.6014,235.08,6236
2.6016,235.23,6232.5
2.6018,235.27,6236.2
2.602,235.2,6241.7
2.6022,235.06,6245.6
2.6024,234.91,6247.4
2.6026,234.79,6246.8
2.6028,234.76,6245.6
2.603,234.75,6241.3
2.6032,234.7,6237.8
2.6034,234.64,6239.1
2.6036,234.65,6244.3
2.6038,234.79,6247.2
2.604,235.02,6246.6
2.6042,235.24,6245.1
2.6044,235.4,6243.7
2.6046,235.45,6246.4
2.6048,235.38,6248.7
2.605,235.26,6250.9
2.6052,235.13,6254.7
2.6054,235.02,6257
2.6056,234.95,6255.3
2.6058,234.95,6252.3
2.606,234.95,6247.8
2.6062,234.93,6244
2.6064,234.97,6243.4
2.6066,235.02,6245.7
2.6068,235.15,6251.5
2.607,235.27,6259.7
2.6072,235.38,6263.3
2.6074,235.46,6259.8
2.6076,235.47,6256.2
2.6078,235.39,6257.5
2.608,235.19,6259.6
2.6082,234.97,6260.7
2.6084,234.87,6260.8
2.6086,234.8,6259.8
2.6088,234.78,6258.9
2.609,234.86,6256.1
2.6092,235,6254.4
2.6094,235.12,6254.3
2.6096,235.18,6254.1
2.6098,235.18,6252.8
2.61,235.19,6254.7
2.6102,235.2,6257.4
2.6104,235.24,6258
2.6106,235.25,6258.4
2.6108,235.18,6257
2.611,234.99,6255.1
2.6112,234.86,6256.1
2.6114,234.8,6259.6
2.6116,234.79,6260.9
2.6118,234.87,6260.4
2.612,234.99,6257.4
2.6122,235.11,6253.2
2.6124,235.29,6250.1
2.6126,235.46,6249.7
2.6128,235.56,6252
2.613,235.58,6254.3
2.6132,235.53,6253.4
2.6134,235.41,6249.3
2.6136,235.2,6245.4
2.6138,235,6243
2.614,234.81,6242.5
2.6142,234.67,6242
2.6144,234.58,6241.3
2.6146,234.6,6239.6
2.6148,234.71,6236
2.615,234.84,6231
2.6152,234.96,6225.9
2.6154,235.01,6224.1
2.6156,235.02,6225.9
2.6158,234.98,6228.8
2.616,234.93,6230.3
2.6162,234.86,6230
2.6164,234.75,6229.3
2.6166,234.61,6228.3
2.6168,234.48,6227.3
2.617,234.37,6226.5
2.6172,234.33,6226.9
2.6174,234.37,6227.2
2.6176,234.49,6223.8
2.6178,234.64,6218.8
2.618,234.78,6214.9
2.6182,234.87,6213.8
2.6184,234.91,6216.2
2.6186,234.88,6219.5
2.6188,234.81,6221.2
2.619,234.74,6220.3
2.6192,234.63,6217.6
2.6194,234.47,6213.8
2.6196,234.29,6211.2
2.6198,234.17,6211.8
2.62,234.13,6215.9
2.6202,234.18,6221.2
2.6204,234.34,6225.4
2.6206,234.57,6226.1
2.6208,234.78,6221.4
2.621,234.94,6217.6
2.6212,235.04,6216.3
2.6214,235,6218.7
2.6216,234.86,6226.1
2.6218,234.72,6236.7
2.622,234.61,6242.3
2.6222,234.54,6240.1
2.6224,234.43,6234.3
2.6226,234.33,6230.4
2.6228,234.29,6231.1
2.623,234.29,6236.9
2.6232,234.42,6244.5
2.6234,234.64,6247.6
2.6236,234.88,6245
2.6238,235.1,6243.8
2.624,235.28,6247.3
2.6242,235.35,6251.9
2.6244,235.23,6255.8
2.6246,235.01,6257.4
2.6248,234.84,6256.3
2.625,234.71,6255.1
2.6252,234.64,6255.9
2.6254,234.65,6257.8
2.6256,234.75,6260.4
2.6258,234.82,6262.5
2.626,234.91,6262.5
2.6262,235.02,6259.1
2.6264,235.09,6257.1
2.6266,235.15,6257.1
2.6268,235.2,6261.6
2.627,235.22,6266.9
2.6272,235.19,6267.3
2.6274,235.08,6262.6
2.6276,234.92,6256.4
2.6278,234.77,6256.1
2.628,234.68,6262
2.6282,234.68,6266.3
2.6284,234.75,6264.6
2.6286,234.88,6258.1
2.6288,235.05,6251.1
2.629,235.22,6247.5
2.6292,235.34,6248.5
2.6294,235.38,6253.1
2.6296,235.33,6257.9
2.6298,235.24,6257.9
2.63,235.18,6254.5
2.6302,235.11,6249.8
2.6304,234.99,6245.7
2.6306,234.8,6244.1
2.6308,234.63,6245.5
2.631,234.53,6248
2.6312,234.57,6247.8
2.6314,234.72,6244.4
2.6316,234.91,6240.2
2.6318,235.07,6237.5
2.632,235.19,6237.4
2.6322,235.21,6240.1
2.6324,235.19,6240.9
2.6326,235.19,6239.4
2.6328,235.15,6236.6
2.633,235.06,6235.8
2.6332,234.85,6235.7
2.6334,234.68,6235.8
2.6336,234.58,6233.8
2.6338,234.6,6230.1
2.634,234.69,6228.8
2.6342,234.84,6230.1
2.6344,234.98,6232.7
2.6346,235.1,6230.8
2.6348,235.16,6227.6
2.635,235.18,6225.4
2.6352,235.16,6225.5
2.6354,235.13,6227
2.6356,235.1,6228.7
2.6358,234.97,6230.7
2.636,234.78,6232.3
2.6362,234.63,6231.7
2.6364,234.53,6228.2
2.6366,234.52,6225.9
2.6368,234.58,6227.2
2.637,234.72,6229
2.6372,234.9,6230.7
2.6374,235.08,6231
2.6376,235.22,6228.8
2.6378,235.25,6226.4
2.638,235.19,6226.2
2.6382,235.09,6227.4
2.6384,235.02,6231.3
2.6386,234.93,6235.6
2.6388,234.86,6240.5
2.639,234.76,6241.3
2.6392,234.66,6238.4
2.6394,234.61,6235.9
2.6396,234.61,6235.6
2.6398,234.7,6238.3
2.64,234.89,6243.5
2.6402,235.13,6246.5
2.6404,235.31,6243.7
2.6406,235.38,6239.7
2.6408,235.3,6238
2.641,235.16,6239.8
2.6412,234.98,6245.8
2.6414,234.82,6251.7
2.6416,234.69,6253.7
2.6418,234.61,6253.8
2.642,234.6,6252.7
2.6422,234.63,6250.7
2.6424,234.71,6252
2.6426,234.85,6255.3
2.6428,235.02,6256.2
2.643,235.17,6254.7
2.6432,235.27,6251.8
2.6434,235.31,6250.8
2.6436,235.28,6252.9
2.6438,235.21,6257.5
2.644,235.12,6262.5
2.6442,235,6265.3
2.6444,234.81,6265.8
2.6446,234.62,6270
2.6448,234.59,6273.7
2.645,234.74,6271.9
2.6452,234.96,6265.6
2.6454,235.12,6258.5
2.6456,235.23,6253.8
2.6458,235.34,6253.8
2.646,235.44,6259.5
2.6462,235.52,6264.5
2.6464,235.53,6266
2.6466,235.49,6263.3
2.6468,235.36,6256.3
2.647,235.14,6249.2
2.6472,234.9,6247.9
2.6474,234.73,6249.8
2.6476,234.65,6253.2
2.6478,234.65,6256.5
2.648,234.73,6256.5
2.6482,234.89,6252.7
2.6484,235.07,6247.3
2.6486,235.24,6243.4
2.6488,235.34,6242.6
2.649,235.36,6247.1
2.6492,235.32,6253.7
2.6494,235.28,6255.6
2.6496,235.21,6251.1
2.6498,235.16,6244.9
2.65,235.18,6240
2.6502,235.13,6238.3
2.6504,235,6239.5
2.6506,234.88,6243
2.6508,234.87,6245.8
2.651,234.93,6245.5
2.6512,235.07,6241.7
2.6514,235.27,6236.5
2.6516,235.45,6234
2.6518,235.53,6237.3
2.652,235.5,6243
2.6522,235.39,6246
2.6524,235.26,6244.8
2.6526,235.11,6240.8
2.6528,234.98,6238.3
2.653,234.92,6239.3
2.6532,234.9,6241.1
2.6534,234.9,6241.5
2.6536,234.96,6241
2.6538,235.08,6240.9
2.654,235.24,6240.8
2.6542,235.39,6244.2
2.6544,235.55,6247.4
2.6546,235.67,6251.9
2.6548,235.68,6253.7
2.655,235.56,6253.3
2.6552,235.37,6252.1
2.6554,235.19,6251.2
2.6556,235.11,6253.7
2.6558,235.15,6258.4
2.656,235.25,6263.1
2.6562,235.38,6264.2
2.6564,235.51,6261.4
2.6566,235.63,6257.3
2.6568,235.69,6256
2.657,235.73,6258.2
2.6572,235.83,6261.6
2.6574,235.94,6264.1
2.6576,235.97,6263.9
2.6578,235.9,6263.7
2.658,235.71,6264.7
2.6582,235.45,6264.4
2.6584,235.33,6262.4
2.6586,235.36,6261.1
2.6588,235.43,6262
2.659,235.43,6263.3
2.6592,235.38,6266.3
2.6594,235.39,6270
2.6596,235.56,6269.8
2.6598,235.75,6264.4
2.66,235.88,6258.5
2.6602,235.96,6256.8
2.6604,235.93,6259.6
2.6606,235.77,6263.5
2.6608,235.56,6266
2.661,235.3,6267.4
2.6612,235.14,6270.1
2.6614,235.16,6270.9
2.6616,235.26,6267.3
2.6618,235.43,6262.1
2.662,235.56,6257.5
2.6622,235.62,6255.8
2.6624,235.72,6255.6
2.6626,235.82,6257.1
2.6628,235.9,6257.7
2.663,235.9,6256.5
2.6632,235.84,6253.1
2.6634,235.71,6250.9
2.6636,235.51,6251.9
2.6638,235.3,6252.8
2.664,235.09,6250.5
2.6642,234.91,6247.9
2.6644,234.82,6246.4
2.6646,234.84,6246.8
2.6648,234.98,6247.8
2.665,235.16,6246.2
2.6652,235.33,6242.4
2.6654,235.46,6237.6
2.6656,235.51,6234.7
2.6658,235.46,6235.5
2.666,235.36,6238.1
2.6662,235.21,6240.7
2.6664,235.04,6240.5
2.6666,234.87,6236.8
2.6668,234.77,6232.2
2.667,234.68,6231.9
2.6672,234.64,6234.2
2.6674,234.67,6235.5
2.6676,234.78,6233.1
2.6678,234.94,6227.8
2.668,235.09,6222.2
2.6682,235.19,6221.6
2.6684,235.23,6227.4
2.6686,235.25,6232.9
2.6688,235.25,6235.9
2.669,235.21,6234.8
2.6692,235.09,6230.1
2.6694,234.92,6226.3
2.6696,234.88,6226.3
2.6698,234.91,6231.5
2.67,235,6239.6
2.6702,235.13,6243.8
2.6704,235.25,6241.4
2.6706,235.35,6237.5
2.6708,235.42,6237.1
2.671,235.5,6238.1
2.6712,235.65,6241.9
2.6714,235.78,6244.2
2.6716,235.81,6245.5
2.6718,235.73,6249.6
2.672,235.6,6253.9
2.6722,235.56,6254
2.6724,235.57,6250.2
2.6726,235.57,6248.5
2.6728,235.57,6249.5
2.673,235.58,6250.6
2.6732,235.6,6252.2
2.6734,235.64,6255.6
2.6736,235.78,6257.1
2.6738,235.96,6255.8
2.674,236.09,6255.2
2.6742,236.15,6257.6
2.6744,236.06,6261.3
2.6746,235.86,6266.4
2.6748,235.61,6268.6
2.675,235.44,6267.6
2.6752,235.35,6263.4
2.6754,235.37,6260.5
2.6756,235.44,6258.7
2.6758,235.45,6256.8
2.676,235.38,6254.4
2.6762,235.32,6255.1
2.6764,235.31,6257.8
2.6766,235.36,6260.3
2.6768,235.51,6259.3
2.677,235.68,6256.5
2.6772,235.71,6253.6
2.6774,235.54,6252.3
2.6776,235.28,6252.9
2.6778,235.1,6256.3
2.678,235.05,6261.7
2.6782,235.14,6263
2.6784,235.29,6257.5
2.6786,235.39,6249.6
2.6788,235.44,6242.9
2.679,235.48,6239.7
2.6792,235.5,6240
2.6794,235.53,6244.1
2.6796,235.59,6247
2.6798,235.6,6246.7
2.68,235.56,6243.6
2.6802,235.44,6239.5
2.6804,235.24,6235
2.6806,235.06,6232.3
2.6808,234.9,6233.8
2.681,234.81,6238.1
2.6812,234.8,6241.4
2.6814,234.9,6240.2
2.6816,235.1,6235.9
2.6818,235.28,6229.6
2.682,235.43,6225.2
2.6822,235.51,6225.8
2.6824,235.53,6230.2
2.6826,235.47,6234.5
2.6828,235.4,6235.8
2.683,235.32,6232.7
2.6832,235.16,6228.2
2.6834,235.03,6224.3
2.6836,234.94,6223.8
2.6838,234.89,6225.5
2.684,234.87,6226.8
2.6842,234.92,6225.3
2.6844,235.07,6221.4
2.6846,235.25,6216.6
2.6848,235.39,6213.7
2.685,235.48,6214.7
2.6852,235.45,6217.1
2.6854,235.36,6219.8
2.6856,235.25,6220.4
2.6858,235.15,6220.6
2.686,235.03,6219.1
2.6862,234.95,6216.5
2.6864,234.9,6214.6
2.6866,234.88,6215.1
2.6868,234.92,6219
2.687,235.05,6224.3
2.6872,235.22,6231.4
2.6874,235.42,6236
2.6876,235.62,6234.7
2.6878,235.78,6230.5
2.688,235.83,6228.9
2.6882,235.78,6228.5
2.6884,235.61,6230.3
2.6886,235.38,6234.1
2.6888,235.22,6236.5
2.689,235.09,6236.7
2.6892,234.98,6235.8
2.6894,234.92,6234.8
2.6896,234.96,6234.6
2.6898,235.09,6235.3
2.69,235.29,6234.5
2.6902,235.45,6232.1
2.6904,235.53,6229.9
2.6906,235.53,6229.9
2.6908,235.5,6233.1
2.691,235.43,6239.3
2.6912,235.37,6244.9
2.6914,235.27,6244.5
2.6916,235.1,6238.9
2.6918,234.95,6231.5
2.692,234.8,6225.8
2.6922,234.68,6225.6
2.6924,234.64,6229.4
2.6926,234.68,6234.5
2.6928,234.82,6234.8
2.693,235,6234
2.6932,235.11,6232.2
2.6934,235.14,6229.2
2.6936,235.13,6227.6
2.6938,235.06,6227.7
2.694,234.91,6229.5
2.6942,234.73,6231.9
2.6944,234.57,6234.2
2.6946,234.45,6241.5
2.6948,234.4,6246.8
2.695,234.45,6243.6
2.6952,234.61,6235.9
2.6954,234.8,6229
2.6956,234.95,6224.2
2.6958,235.06,6223.4
2.696,235.11,6226.3
2.6962,235.08,6229.6
2.6964,234.99,6230.1
2.6966,234.9,6227.7
2.6968,234.81,6224.6
2.697,234.68,6222.3
2.6972,234.5,6221
2.6974,234.3,6221.8
2.6976,234.17,6225.3
2.6978,234.15,6229.2
2.698,234.3,6229.8
2.6982,234.55,6225.5
2.6984,234.8,6218.2
2.6986,234.96,6213.2
2.6988,234.99,6213.6
2.699,234.94,6217.4
2.6992,234.84,6221.7
2.6994,234.77,6224.8
2.6996,234.73,6225.1
2.6998,234.68,6222.8
2.7,234.56,6219.2
2.7002,234.38,6215.7
2.7004,234.21,6214.3
2.7006,234.14,6214.1
2.7008,234.19,6215.5
2.701,234.35,6214.4
2.7012,234.54,6211.9
2.7014,234.69,6207.5
2.7016,234.77,6204.9
2.7018,234.76,6205.2
2.702,234.68,6207.7
2.7022,234.57,6211.3
2.7024,234.44,6213.1
2.7026,234.3,6212.5
2.7028,234.22,6209.2
2.703,234.16,6206.7
2.7032,234.12,6208.1
2.7034,234.12,6211.3
2.7036,234.19,6213.3
2.7038,234.35,6214.1
2.704,234.53,6216.5
2.7042,234.72,6216.1
2.7044,234.86,6216.6
2.7046,234.95,6218.1
2.7048,234.97,6221.1
2.705,234.9,6226.8
2.7052,234.75,6230.9
2.7054,234.57,6229.5
2.7056,234.39,6226.1
2.7058,234.22,6227.4
2.706,234.13,6233.3
2.7062,234.13,6241
2.7064,234.25,6244.5
2.7066,234.44,6243
2.7068,234.62,6237.3
2.707,234.75,6233.9
2.7072,234.79,6235.8
2.7074,234.76,6241.1
2.7076,234.69,6246.1
2.7078,234.61,6249.5
2.708,234.54,6251.7
2.7082,234.45,6253.3
2.7084,234.39,6252.9
2.7086,234.27,6252.3
2.7088,234.13,6252.8
2.709,234.08,6253.1
2.7092,234.15,6252.2
2.7094,234.31,6252.5
2.7096,234.53,6255.5
2.7098,234.72,6259
2.71,234.87,6260.9
2.7102,234.95,6262.8
2.7104,234.92,6263.4
2.7106,234.8,6264.1
2.7108,234.61,6266
2.711,234.41,6268.8
2.7112,234.26,6273.1
2.7114,234.26,6276.2
2.7116,234.34,6276
2.7118,234.47,6270.5
2.712,234.57,6265
2.7122,234.65,6262.4
2.7124,234.7,6261.1
2.7126,234.73,6260.9
2.7128,234.79,6260.4
2.713,234.82,6260.7
2.7132,234.81,6260.6
2.7134,234.78,6259.1
2.7136,234.66,6257.2
2.7138,234.45,6254.5
2.714,234.26,6252.6
2.7142,234.1,6252.6
2.7144,234.01,6255
2.7146,234.1,6259.3
2.7148,234.3,6262.2
2.715,234.53,6260.3
2.7152,234.75,6255.9
2.7154,234.87,6251.5
2.7156,234.93,6251.7
2.7158,234.95,6254.8
2.716,234.92,6258.3
2.7162,234.95,6259.7
2.7164,234.91,6257.4
2.7166,234.79,6253.2
2.7168,234.74,6249.2
2.717,234.69,6246.4
2.7172,234.64,6246.2
2.7174,234.63,6247.9
2.7176,234.7,6248.7
2.7178,234.87,6248
2.718,235.05,6247.5
2.7182,235.17,6247.7
2.7184,235.21,6248.7
2.7186,235.18,6249.8
2.7188,235.11,6252.2
2.719,234.98,6254.3
2.7192,234.86,6253.6
2.7194,234.76,6253.2
2.7196,234.78,6255.6
2.7198,234.83,6258.2
2.72,234.88,6257.8
2.7202,234.93,6255.4
2.7204,234.96,6252.3
2.7206,234.99,6249.9
2.7208,235.07,6251.8
2.721,235.19,6255.9
2.7212,235.28,6260.1
2.7214,235.3,6262.9
2.7216,235.28,6262.9
2.7218,235.15,6263.6
2.722,234.98,6265.5
2.7222,234.8,6267.5
2.7224,234.61,6270.3
2.7226,234.48,6272.3
2.7228,234.46,6271.8
2.723,234.58,6272.1
2.7232,234.81,6274.1
2.7234,235.05,6273.9
2.7236,235.29,6271.9
2.7238,235.5,6270.3
2.724,235.59,6271
2.7242,235.49,6271.8
2.7244,235.25,6275.8
2.7246,234.98,6282.7
2.7248,234.78,6286.9
2.725,234.71,6283
2.7252,234.69,6274.8
2.7254,234.68,6267.4
2.7256,234.61,6264.1
2.7258,234.58,6268
2.726,234.64,6275.9
2.7262,234.79,6281.4
2.7264,235,6282.4
2.7266,235.26,6280.4
2.7268,235.47,6277.4
2.727,235.43,6272.5
2.7272,235.22,6270.3
2.7274,235,6272.1
2.7276,234.87,6274.3
2.7278,234.74,6279.5
2.728,234.64,6285.5
2.7282,234.62,6285.7
2.7284,234.67,6280.7
2.7286,234.78,6273.5
2.7288,234.93,6267.9
2.729,235.1,6266.9
2.7292,235.25,6270.2
2.7294,235.33,6275.7
2.7296,235.31,6278.3
2.7298,235.23,6275.1
2.73,235.09,6269.3
2.7302,234.94,6265.4
2.7304,234.82,6263.3
2.7306,234.68,6264
2.7308,234.51,6266.6
2.731,234.36,6268.7
2.7312,234.32,6267.8
2.7314,234.42,6263.7
2.7316,234.64,6258.8
2.7318,234.88,6254.9
2.732,235.03,6253.1
2.7322,235.09,6254.3
2.7324,235.03,6256.4
2.7326,234.91,6260.7
2.7328,234.83,6263
2.733,234.75,6260.5
2.7332,234.76,6254.5
2.7334,234.78,6250.6
2.7336,234.73,6250.2
2.7338,234.61,6253
2.734,234.54,6256
2.7342,234.56,6257
2.7344,234.7,6255.1
2.7346,234.91,6252.7
2.7348,235.15,6250.4
2.735,235.26,6248.3
2.7352,235.28,6247.8
2.7354,235.17,6250
2.7356,235.01,6253.3
2.7358,234.85,6256.4
2.736,234.74,6257.4
2.7362,234.67,6255.4
2.7364,234.65,6253.1
2.7366,234.64,6251.1
2.7368,234.65,6249.3
2.737,234.7,6248.9
2.7372,234.76,6251
2.7374,234.86,6252.5
2.7376,235.01,6254.8
2.7378,235.11,6260.1
2.738,235.2,6264.8
2.7382,235.22,6262.9
2.7384,235.12,6258.7
2.7386,234.95,6254.3
2.7388,234.76,6253.4
2.739,234.62,6254.8
2.7392,234.5,6256.6
2.7394,234.43,6256.8
2.7396,234.46,6255.2
2.7398,234.58,6254.7
2.74,234.75,6254.2
2.7402,234.97,6256
2.7404,235.08,6258
2.7406,235.08,6264.1
2.7408,235.03,6270.1
2.741,234.95,6271.1
2.7412,234.9,6269.9
2.7414,234.85,6271.9
2.7416,234.8,6276.5
2.7418,234.77,6280.3
2.742,234.74,6281.3
2.7422,234.74,6281.4
2.7424,234.76,6280
2.7426,234.83,6279
2.7428,235,6277.4
2.743,235.21,6277.7
2.7432,235.36,6278.9
2.7434,235.45,6280.8
2.7436,235.48,6281.4
2.7438,235.44,6281.6
2.744,235.34,6281.4
2.7442,235.18,6282.4
2.7444,234.97,6284.2
2.7446,234.78,6284.9
2.7448,234.67,6284.5
2.745,234.7,6285.3
2.7452,234.82,6285.7
2.7454,235.01,6284.6
2.7456,235.16,6280.5
2.7458,235.26,6276
2.746,235.36,6273.6
2.7462,235.45,6273.5
2.7464,235.5,6276.4
2.7466,235.5,6277.6
2.7468,235.4,6275
2.747,235.19,6271.8
2.7472,234.97,6266.9
2.7474,234.83,6262.3
2.7476,234.79,6261.3
2.7478,234.88,6263.5
2.748,235,6266.4
2.7482,235.09,6267.4
2.7484,235.19,6266.1
2.7486,235.31,6261.2
2.7488,235.43,6256
2.749,235.5,6255.7
2.7492,235.53,6259
2.7494,235.46,6262.8
2.7496,235.33,6265.4
2.7498,235.19,6263.3
2.75,235.05,6258.1
2.7502,234.9,6252.9
2.7504,234.77,6251.4
2.7506,234.72,6254.7
2.7508,234.79,6258
2.751,234.96,6258
2.7512,235.18,6255.1
2.7514,235.35,6251.6
2.7516,235.45,6251.2
2.7518,235.43,6254.2
2.752,235.38,6259.3
2.7522,235.33,6262
2.7524,235.26,6260.3
2.7526,235.14,6256.7
2.7528,235,6252.5
2.753,234.8,6248.9
2.7532,234.64,6249.7
2.7534,234.57,6255.7
2.7536,234.63,6260
2.7538,234.82,6261.3
2.754,235.07,6260.1
2.7542,235.31,6257.1
2.7544,235.43,6255.3
2.7546,235.44,6256.3
2.7548,235.34,6258.7
2.755,235.2,6264.7
2.7552,235.02,6272.1
2.7554,234.9,6275
2.7556,234.93,6272.9
2.7558,234.99,6270.6
2.756,235.06,6269.9
2.7562,235.08,6270.4
2.7564,235.09,6271.9
2.7566,235.14,6272.6
2.7568,235.27,6271.8
2.757,235.48,6269.8
2.7572,235.67,6269.6
2.7574,235.74,6269.5
2.7576,235.65,6272.2
2.7578,235.48,6274.8
2.758,235.24,6276.9
2.7582,235.06,6280
2.7584,235.05,6281.6
2.7586,235.07,6277.7
2.7588,235.12,6272.3
2.759,235.13,6269.7
2.7592,235.14,6270.8
2.7594,235.21,6273
2.7596,235.35,6275.7
2.7598,235.46,6275.8
2.76,235.52,6276.2
2.7602,235.52,6278.2
2.7604,235.54,6279.1
2.7606,235.53,6279.3
2.7608,235.39,6278.5
2.761,235.26,6276.6
2.7612,235.2,6276.4
2.7614,235.2,6278.8
2.7616,235.21,6281.6
2.7618,235.26,6282.2
2.762,235.39,6279.7
2.7622,235.55,6275.2
2.7624,235.65,6270.3
2.7626,235.7,6267.7
2.7628,235.74,6267.9
2.763,235.75,6271.3
2.7632,235.75,6275.4
2.7634,235.71,6276.9
2.7636,235.65,6273.8
2.7638,235.5,6268
2.764,235.34,6262.7
2.7642,235.21,6260.5
2.7644,235.16,6261.2
2.7646,235.17,6262.7
2.7648,235.27,6263.7
2.765,235.45,6261.7
2.7652,235.63,6259.1
2.7654,235.77,6255.7
2.7656,235.8,6251
2.7658,235.72,6248.5
2.766,235.64,6251.7
2.7662,235.5,6257.1
2.7664,235.35,6259.1
2.7666,235.18,6256.4
2.7668,235.07,6250.8
2.767,235.03,6245.8
2.7672,235.03,6244.7
2.7674,235.09,6248.6
2.7676,235.26,6253.8
2.7678,235.49,6256.9
2.768,235.68,6255.7
2.7682,235.82,6252.1
2.7684,235.89,6249.6
2.7686,235.87,6248
2.7688,235.79,6249.2
2.769,235.67,6252.4
2.7692,235.52,6253.6
2.7694,235.34,6253.5
2.7696,235.15,6252.1
2.7698,235.08,6250.2
2.77,235.11,6250.5
2.7702,235.25,6251.1
2.7704,235.45,6249.7
2.7706,235.62,6248
2.7708,235.71,6247.5
2.771,235.74,6250.5
2.7712,235.76,6255.3
2.7714,235.74,6258.1
2.7716,235.68,6260
2.7718,235.62,6260.1
2.772,235.54,6257.3
2.7722,235.38,6255.4
2.7724,235.25,6256.3
2.7726,235.21,6260
2.7728,235.24,6265.1
2.773,235.35,6268.4
2.7732,235.49,6268.1
2.7734,235.63,6267.2
2.7736,235.77,6268.3
2.7738,235.89,6271.1
2.774,235.98,6274.8
2.7742,236.02,6276.4
2.7744,236.04,6277
2.7746,235.98,6276.2
2.7748,235.82,6272.4
2.775,235.59,6268.5
2.7752,235.49,6265.7
2.7754,235.54,6265
2.7756,235.67,6266.1
2.7758,235.79,6267.5
2.776,235.88,6268
2.7762,235.95,6267.3
2.7764,236.01,6266.7
2.7766,236.09,6266.5
2.7768,236.22,6268.3
2.777,236.29,6271.5
2.7772,236.24,6272.9
2.7774,236.07,6272.8
2.7776,235.83,6270.2
2.7778,235.68,6269.7
2.778,235.63,6272.7
2.7782,235.65,6275.3
2.7784,235.72,6275.4
2.7786,235.8,6273
2.7788,235.87,6268.3
2.779,235.95,6263.4
2.7792,236.04,6262.4
2.7794,236.14,6265.5
2.7796,236.19,6268.6
2.7798,236.22,6268.6
2.78,236.18,6267.3
2.7802,236.06,6266.6
2.7804,235.86,6264.4
2.7806,235.72,6261.8
2.7808,235.65,6260.4
2.781,235.64,6259.1
2.7812,235.66,6256.1
2.7814,235.68,6253
2.7816,235.73,6251.4
2.7818,235.78,6251.1
2.782,235.86,6251.6
2.7822,235.96,6253.6
2.7824,236.05,6253.2
2.7826,236.08,6250.4
2.7828,236.03,6250.1
2.783,235.84,6252.1
2.7832,235.69,6251.6
2.7834,235.62,6247.4
2.7836,235.61,6244.5
2.7838,235.64,6244.9
2.784,235.69,6248.9
2.7842,235.84,6252.5
2.7844,236.03,6252.7
2.7846,236.23,6249.8
2.7848,236.41,6246.9
2.785,236.5,6246.2
2.7852,236.44,6246.4
2.7854,236.3,6247.5
2.7856,236.14,6249.6
2.7858,235.98,6251
2.786,235.86,6250.3
2.7862,235.74,6248.2
2.7864,235.65,6246.6
2.7866,235.63,6246.9
2.7868,235.67,6247.6
2.787,235.78,6246.1
2.7872,235.93,6242
2.7874,236.05,6238.6
2.7876,236.14,6240.6
2.7878,236.15,6245.4
2.788,236.11,6251.2
2.7882,236.08,6254.6
2.7884,236,6257.2
2.7886,235.91,6256.9
2.7888,235.83,6254.8
2.789,235.69,6252.7
2.7892,235.48,6251.6
2.7894,235.34,6252.8
2.7896,235.3,6255.9
2.7898,235.39,6259
2.79,235.61,6258.6
2.7902,235.88,6254.6
2.7904,236.03,6251.4
2.7906,236.05,6251
2.7908,235.95,6253.4
2.791,235.8,6256.5
2.7912,235.63,6259.7
2.7914,235.5,6263.8
2.7916,235.54,6265.3
2.7918,235.59,6261.2
2.792,235.53,6256.6
2.7922,235.43,6255.7
2.7924,235.41,6257.1
2.7926,235.47,6258.4
2.7928,235.62,6259.6
2.793,235.8,6262.3
2.7932,235.94,6267.7
2.7934,236.09,6272.6
2.7936,236.13,6272
2.7938,236.06,6269.6
2.794,235.97,6267.4
2.7942,235.85,6267.2
2.7944,235.72,6269.4
2.7946,235.58,6271.2
2.7948,235.48,6271.9
2.795,235.49,6270.7
2.7952,235.57,6267.5
2.7954,235.73,6263.8
2.7956,235.94,6262.9
2.7958,236.15,6261.9
2.796,236.27,6261.1
2.7962,236.27,6261.2
2.7964,236.19,6260.8
2.7966,236.06,6259.5
2.7968,235.9,6257.5
2.797,235.74,6254.5
2.7972,235.54,6251.1
2.7974,235.36,6250.5
2.7976,235.24,6253
2.7978,235.22,6254.9
2.798,235.32,6253.9
2.7982,235.48,6249.9
2.7984,235.65,6244.4
2.7986,235.74,6240.6
2.7988,235.76,6238.4
2.799,235.7,6242.3
2.7992,235.68,6248.9
2.7994,235.72,6253
2.7996,235.69,6252.9
2.7998,235.6,6248.6
2.8,235.44,6243.7
2.8002,235.34,6240.8
2.8004,235.33,6242.3
2.8006,235.4,6247.2
2.8008,235.54,6251.3
2.801,235.7,6251.6
2.8012,235.84,6248.2
2.8014,235.95,6242.1
2.8016,236.01,6237.5
2.8018,236.04,6236.4
2.802,236.04,6239.4
2.8022,235.99,6244
2.8024,235.88,6246.8
2.8026,235.69,6245.6
2.8028,235.52,6242.1
2.803,235.43,6240.1
2.8032,235.46,6240.3
2.8034,235.56,6241.8
2.8036,235.68,6242.6
2.8038,235.77,6241.1
2.804,235.83,6239.9
2.8042,235.9,6241.7
2.8044,235.98,6243.9
2.8046,236.04,6248
2.8048,236.05,6251.8
2.805,236.03,6255.2
2.8052,235.97,6256.5
2.8054,235.84,6254.9
2.8056,235.69,6253.5
2.8058,235.61,6253.5
2.806,235.54,6254.5
2.8062,235.51,6254
2.8064,235.54,6252.3
2.8066,235.66,6250.1
2.8068,235.8,6252.5
2.807,236.04,6257.1
2.8072,236.21,6258.8
2.8074,236.22,6258
2.8076,236.17,6256.4
2.8078,236,6255.8
2.808,235.79,6259.3
2.8082,235.67,6265.7
2.8084,235.59,6275
2.8086,235.51,6280.8
2.8088,235.55,6279.5
2.809,235.68,6272.5
2.8092,235.85,6265.6
2.8094,236,6266
2.8096,236.16,6268.7
2.8098,236.31,6270.9
2.81,236.36,6272
2.8102,236.37,6271.6
2.8104,236.31,6268.9
2.8106,236.15,6265.6
2.8108,235.97,6265.1
2.811,235.87,6265.1
2.8112,235.79,6266.5
2.8114,235.73,6266.7
2.8116,235.74,6265.9
2.8118,235.78,6263.9
2.812,235.9,6261.2
2.8122,236.02,6258.3
2.8124,236.15,6254.9
2.8126,236.23,6250.7
2.8128,236.21,6248.7
2.813,236.17,6250
2.8132,236.13,6250.5
2.8134,236.03,6250
2.8136,235.91,6247.8
2.8138,235.74,6244.3
2.814,235.55,6241.1
2.8142,235.41,6240
2.8144,235.35,6241.8
2.8146,235.38,6245
2.8148,235.54,6246.9
2.815,235.75,6245.1
2.8152,235.96,6240.2
2.8154,236.09,6237.1
2.8156,236.16,6235.5
2.8158,236.16,6236.6
2.816,236.12,6238
2.8162,236.01,6238
2.8164,235.79,6236.8
2.8166,235.6,6233.9
2.8168,235.53,6230.8
2.817,235.53,6229.9
2.8172,235.59,6232
2.8174,235.72,6234.3
2.8176,235.82,6234.4
2.8178,235.92,6232.9
2.818,236.04,6229.3
2.8182,236.11,6226
2.8184,236.17,6226.3
2.8186,236.2,6230.4
2.8188,236.18,6235.8
2.819,236.12,6238.7
2.8192,235.97,6239.2
2.8194,235.75,6237.3
2.8196,235.62,6234.4
2.8198,235.58,6232.4
2.82,235.61,6233.8
2.8202,235.74,6236.6
2.8204,235.89,6237.9
2.8206,236.02,6236.1
2.8208,236.08,6234.8
2.821,236.09,6234.1
2.8212,236.11,6236.3
2.8214,236.17,6243.9
2.8216,236.25,6250.4
2.8218,236.28,6250.5
2.822,236.15,6247.4
2.8222,236.01,6243.3
2.8224,235.9,6240.2
2.8226,235.85,6241.3
2.8228,235.88,6246.5
2.823,235.96,6249.2
2.8232,236.06,6247.7
2.8234,236.14,6246.5
2.8236,236.21,6250.4
2.8238,236.3,6256
2.824,236.44,6258.1
2.8242,236.56,6256.6
2.8244,236.54,6254.1
2.8246,236.34,6255.1
2.8248,236.05,6260.1
2.825,235.88,6266.4
2.8252,235.88,6269.8
2.8254,235.96,6269.2
2.8256,236.08,6263.6
2.8258,236.16,6259.2
2.826,236.19,6257.9
2.8262,236.21,6260.6
2.8264,236.3,6266.5
2.8266,236.42,6272.2
2.8268,236.54,6274
2.827,236.62,6271.6
2.8272,236.6,6267.5
2.8274,236.48,6265.3
2.8276,236.24,6265.6
2.8278,236.03,6269.4
2.828,235.95,6274.3
2.8282,235.99,6274.4
2.8284,236.06,6271
2.8286,236.11,6265.2
2.8288,236.11,6259.8
2.829,236.14,6257.5
2.8292,236.21,6256.7
2.8294,236.29,6257.2
2.8296,236.37,6258.3
2.8298,236.39,6259.8
2.83,236.34,6260.8
2.8302,236.18,6260.5
2.8304,236.01,6257.5
2.8306,235.89,6253.8
2.8308,235.81,6249.7
2.831,235.79,6248.6
2.8312,235.87,6250.6
2.8314,235.98,6252.9
2.8316,236.09,6253.3
2.8318,236.21,6251.3
2.832,236.3,6247.2
2.8322,236.34,6241.2
2.8324,236.36,6237.9
2.8326,236.34,6239.7
2.8328,236.28,6245.9
2.833,236.17,6251.1
2.8332,236.01,6250.6
2.8334,235.85,6242.2
2.8336,235.74,6232
2.8338,235.68,6227.7
2.834,235.72,6229.9
2.8342,235.82,6235.8
2.8344,235.98,6238.6
2.8346,236.14,6235.4
2.8348,236.22,6229.2
2.835,236.26,6224.8
2.8352,236.21,6226.1
2.8354,236.13,6231
2.8356,236.03,6236.2
2.8358,235.92,6237.5
2.836,235.77,6234.2
2.8362,235.61,6227.9
2.8364,235.5,6224.2
2.8366,235.41,6226.6
2.8368,235.41,6232.6
2.837,235.52,6236.2
2.8372,235.69,6234.7
2.8374,235.81,6231.2
2.8376,235.87,6230.7
2.8378,235.91,6231.8
2.838,235.93,6236.4
2.8382,235.93,6239.3
2.8384,235.92,6240.7
2.8386,235.85,6239.1
2.8388,235.7,6239.4
2.839,235.56,6240.9
2.8392,235.48,6242.5
2.8394,235.5,6242.7
2.8396,235.6,6240
2.8398,235.71,6236.7
2.84,235.82,6235.1
2.8402,235.91,6236.4
2.8404,235.92,6239.4
2.8406,235.88,6242.7
2.8408,235.86,6243.7
2.841,235.88,6245.5
2.8412,235.89,6248.6
2.8414,235.83,6253
2.8416,235.65,6259.2
2.8418,235.43,6262.6
2.842,235.34,6261.4
2.8422,235.43,6259.3
2.8424,235.62,6255.2
2.8426,235.83,6252.2
2.8428,236.03,6249.8
2.843,236.14,6252.2
2.8432,236.15,6255.9
2.8434,236.12,6256.6
2.8436,236.1,6253.4
2.8438,236.05,6250.2
2.844,235.96,6248.2
2.8442,235.8,6249.3
2.8444,235.64,6252.6
2.8446,235.48,6259.2
2.8448,235.44,6262.1
2.845,235.53,6259.9
2.8452,235.67,6254.5
2.8454,235.81,6249.6
2.8456,235.96,6247.2
2.8458,236.06,6249.9
2.846,236.08,6253.5
2.8462,236.14,6252.5
2.8464,236.21,6248.4
2.8466,236.18,6246.2
2.8468,236.01,6247
2.847,235.77,6248.5
2.8472,235.59,6248.6
2.8474,235.51,6247.1
2.8476,235.53,6245
2.8478,235.63,6244
2.848,235.77,6245.4
2.8482,235.92,6247.8
2.8484,236.06,6248.7
2.8486,236.17,6247.3
2.8488,236.24,6244.7
2.849,236.29,6240.8
2.8492,236.3,6241.1
2.8494,236.31,6244.8
2.8496,236.25,6248.2
2.8498,236.11,6248.1
2.85,235.93,6242.5
2.8502,235.77,6235.1
2.8504,235.66,6231.5
2.8506,235.6,6235.6
2.8508,235.64,6242.2
2.851,235.81,6246.5
2.8512,236.03,6247.3
2.8514,236.24,6243.2
2.8516,236.34,6236.8
2.8518,236.31,6234
2.852,236.21,6238.3
2.8522,236.1,6245.7
2.8524,235.98,6250.2
2.8526,235.86,6248.6
2.8528,235.77,6243.7
2.853,235.71,6237.5
2.8532,235.65,6235.6
2.8534,235.6,6238.9
2.8536,235.66,6243.7
2.8538,235.78,6246.4
2.854,235.95,6246
2.8542,236.15,6246.2
2.8544,236.33,6246.2
2.8546,236.4,6246
2.8548,236.32,6247.5
2.855,236.19,6251.8
2.8552,236.04,6255.1
2.8554,235.93,6254.7
2.8556,235.82,6252.2
2.8558,235.75,6250.7
2.856,235.74,6252.4
2.8562,235.77,6255.7
2.8564,235.8,6258.2
2.8566,235.9,6256.7
2.8568,236.07,6252.7
2.857,236.17,6249.7
2.8572,236.21,6252.1
2.8574,236.2,6257
2.8576,236.17,6263.2
2.8578,236.12,6269.9
2.858,236.03,6273.3
2.8582,235.88,6274.1
2.8584,235.76,6271.5
2.8586,235.7,6267.5
2.8588,235.69,6264.2
2.859,235.76,6261.6
2.8592,235.86,6262.3
2.8594,235.98,6265.3
2.8596,236.07,6268.5
2.8598,236.14,6270.9
2.86,236.21,6273.7
2.8602,236.28,6271
2.8604,236.33,6266.1
2.8606,236.3,6262.6
2.8608,236.14,6262.4
2.861,235.91,6264
2.8612,235.72,6266.5
2.8614,235.6,6266.7
2.8616,235.62,6264.4
2.8618,235.69,6262.4
2.862,235.76,6259.5
2.8622,235.86,6257.7
2.8624,236,6256.2
2.8626,236.11,6255.9
2.8628,236.18,6255.9
2.863,236.21,6256.2
2.8632,236.17,6254.7
2.8634,236.05,6252.6
2.8636,235.86,6249.8
2.8638,235.64,6247.7
2.864,235.45,6244.9
2.8642,235.36,6242.2
2.8644,235.34,6242.2
2.8646,235.39,6244
2.8648,235.48,6246.5
2.865,235.61,6247
2.8652,235.73,6243.3
2.8654,235.87,6237.8
2.8656,235.97,6234
2.8658,235.99,6234.4
2.866,235.96,6239
2.8662,235.85,6243.9
2.8664,235.71,6244.7
2.8666,235.51,6239.1
2.8668,235.27,6230.9
2.867,235.06,6227.2
2.8672,234.95,6228.5
2.8674,234.97,6233.3
2.8676,235.13,6236.2
2.8678,235.38,6234.4
2.868,235.56,6229
2.8682,235.66,6225.1
2.8684,235.64,6226.6
2.8686,235.6,6232.5
2.8688,235.52,6238.9
2.869,235.48,6239.9
2.8692,235.38,6235
2.8694,235.28,6230.3
2.8696,235.2,6227.8
2.8698,235.14,6229.1
2.87,235.1,6232.1
2.8702,235.17,6234.1
2.8704,235.28,6233.3
2.8706,235.39,6230.5
2.8708,235.47,6229.7
2.871,235.53,6230.6
2.8712,235.55,6233.2
2.8714,235.54,6237
2.8716,235.54,6241
2.8718,235.52,6243.2
2.872,235.49,6240.3
2.8722,235.38,6234.4
2.8724,235.25,6232.5
2.8726,235.14,6234.2
2.8728,235.05,6237
2.873,235.07,6238.4
2.8732,235.2,6238.4
2.8734,235.39,6237.2
2.8736,235.56,6238.6
2.8738,235.7,6242.6
2.874,235.76,6245
2.8742,235.71,6247
2.8744,235.64,6248.8
2.8746,235.51,6248.2
2.8748,235.34,6246
2.875,235.22,6244.5
2.8752,235.08,6245.2
2.8754,234.94,6247.5
2.8756,234.88,6250.3
2.8758,234.91,6252.3
2.876,235.04,6250
2.8762,235.21,6242.9
2.8764,235.36,6237.1
2.8766,235.43,6233.8
2.8768,235.4,6234
2.877,235.36,6234.8
2.8772,235.29,6235.9
2.8774,235.16,6235
2.8776,235.02,6232.2
2.8778,234.89,6229.5
2.878,234.83,6228
2.8782,234.79,6225.3
2.8784,234.8,6221.7
2.8786,234.87,6218.7
2.8788,234.9,6216.8
2.879,234.95,6218.1
2.8792,235.04,6221
2.8794,235.13,6221.3
2.8796,235.19,6218.2
2.8798,235.19,6214.7
2.88,235.15,6212.4
2.8802,235.06,6211.8
2.8804,234.93,6213.6
2.8806,234.76,6216
2.8808,234.61,6216.9
2.881,234.53,6217.3
2.8812,234.56,6216.7
2.8814,234.69,6214.1
2.8816,234.9,6212.6
2.8818,235.13,6211.8
2.882,235.3,6211.2
2.8822,235.37,6210.6
2.8824,235.36,6210.6
2.8826,235.29,6211.2
2.8828,235.19,6212
2.883,235.09,6212.6
2.8832,234.97,6210.9
2.8834,234.81,6206.7
2.8836,234.6,6203.5
2.8838,234.44,6203.5
2.884,234.41,6204.6
2.8842,234.51,6206.3
2.8844,234.69,6206.3
2.8846,234.9,6205.5
2.8848,235.07,6201.1
2.885,235.16,6198.2
2.8852,235.15,6200.3
2.8854,235.07,6208.1
2.8856,234.9,6213
2.8858,234.75,6211.9
2.886,234.68,6207.9
2.8862,234.67,6202.7
2.8864,234.66,6203.7
2.8866,234.62,6209.8
2.8868,234.65,6216
2.887,234.77,6217.3
2.8872,234.98,6216.2
2.8874,235.22,6214.5
2.8876,235.39,6213.5
2.8878,235.45,6214.3
2.888,235.42,6218.9
2.8882,235.36,6223.9
2.8884,235.3,6228.9
2.8886,235.26,6231.8
2.8888,235.18,6231.2
2.889,235.08,6226
2.8892,235,6220.9
2.8894,234.96,6220
2.8896,234.98,6222.4
2.8898,235.08,6226.5
2.89,235.21,6228.8
2.8902,235.33,6227.9
2.8904,235.39,6226.1
2.8906,235.39,6226.8
2.8908,235.35,6228.5
2.891,235.3,6231.6
2.8912,235.25,6236.7
2.8914,235.18,6239.1
2.8916,235.07,6238
2.8918,234.9,6233.1
2.892,234.78,6227.5
2.8922,234.74,6224.5
2.8924,234.76,6224.4
2.8926,234.86,6226.5
2.8928,234.99,6232.3
2.893,235.14,6235.6
2.8932,235.26,6233.5
2.8934,235.4,6230.1
2.8936,235.43,6226.3
2.8938,235.32,6221.6
2.894,235.16,6219
2.8942,234.96,6221.7
2.8944,234.78,6227.1
2.8946,234.71,6235.6
2.8948,234.7,6238.8
2.895,234.81,6235
2.8952,234.96,6229.3
2.8954,235.15,6228.5
2.8956,235.35,6232.2
2.8958,235.48,6237.2
2.896,235.6,6239.6
2.8962,235.7,6239.6
2.8964,235.76,6238.2
2.8966,235.76,6235.6
2.8968,235.68,6233.4
2.897,235.52,6232.6
2.8972,235.29,6233.2
2.8974,235.2,6232.3
2.8976,235.25,6230.6
2.8978,235.38,6231.7
2.898,235.5,6233.9
2.8982,235.6,6233.9
2.8984,235.68,6230.8
2.8986,235.73,6226.5
2.8988,235.75,6223.3
2.899,235.76,6222.2
2.8992,235.76,6224.1
2.8994,235.74,6227.7
2.8996,235.67,6230.8
2.8998,235.53,6229.3
2.9,235.32,6224.5
2.9002,235.15,6219.9
2.9004,235.07,6218.8
2.9006,235.06,6220.3
2.9008,235.13,6223
2.901,235.24,6223.1
2.9012,235.37,6220.3
2.9014,235.53,6216.9
2.9016,235.6,6215.7
2.9018,235.64,6215.9
2.902,235.6,6218.5
2.9022,235.49,6222.5
2.9024,235.35,6224.9
2.9026,235.19,6224
2.9028,235.02,6223.6
2.903,234.89,6223
2.9032,234.86,6224.6
2.9034,234.96,6226.6
2.9036,235.12,6228.2
2.9038,235.28,6228.7
2.904,235.42,6228.3
2.9042,235.51,6228.9
2.9044,235.54,6232.5
2.9046,235.53,6236.2
2.9048,235.54,6237.8
2.905,235.55,6239.4
2.9052,235.54,6240.5
2.9054,235.46,6240.8
2.9056,235.3,6241.2
2.9058,235.13,6242.1
2.906,234.99,6243
2.9062,234.97,6242
2.9064,235.05,6240.4
2.9066,235.2,6240.7
2.9068,235.41,6242.5
2.907,235.61,6243
2.9072,235.72,6242.5
2.9074,235.72,6240.9
2.9076,235.64,6240.4
2.9078,235.48,6244.6
2.908,235.33,6249.7
2.9082,235.2,6252.4
2.9084,235.18,6251
2.9086,235.18,6245.4
2.9088,235.17,6240.7
2.909,235.18,6239.1
2.9092,235.18,6240.7
2.9094,235.22,6243.4
2.9096,235.34,6243.8
2.9098,235.49,6240.9
2.91,235.59,6236.1
2.9102,235.61,6234
2.9104,235.52,6236.6
2.9106,235.39,6240.4
2.9108,235.21,6244.4
2.911,235,6248.6
2.9112,234.85,6251.8
2.9114,234.81,6253.3
2.9116,234.89,6253.9
2.9118,235.04,6252.5
2.912,235.22,6248.3
2.9122,235.4,6245.9
2.9124,235.52,6247.7
2.9126,235.56,6250.8
2.9128,235.54,6253.3
2.913,235.54,6255.1
2.9132,235.58,6253.9
2.9134,235.56,6252.8
2.9136,235.5,6252.4
2.9138,235.33,6251.6
2.914,235.16,6249.4
2.9142,235.05,6248.5
2.9144,234.99,6249.5
2.9146,234.98,6251.3
2.9148,235.08,6252
2.915,235.21,6249
2.9152,235.38,6245.4
2.9154,235.52,6242
2.9156,235.59,6241.3
2.9158,235.59,6243.5
2.916,235.54,6247
2.9162,235.45,6250.6
2.9164,235.29,6250.7
2.9166,235.13,6249.1
2.9168,235.11,6246.8
2.917,235.15,6245.8
2.9172,235.23,6244.6
2.9174,235.3,6244.3
2.9176,235.32,6243.4
2.9178,235.34,6244
2.918,235.44,6245.1
2.9182,235.59,6245.9
2.9184,235.73,6246.8
2.9186,235.8,6247.6
2.9188,235.75,6246.3
2.919,235.62,6243.1
2.9192,235.42,6239.6
2.9194,235.18,6239.8
2.9196,234.99,6243.8
2.9198,234.92,6248.3
2.92,234.98,6249.6
2.9202,235.15,6247.1
2.9204,235.35,6242.4
2.9206,235.54,6240.1
2.9208,235.67,6241.6
2.921,235.75,6246.8
2.9212,235.76,6253
2.9214,235.78,6258.4
2.9216,235.75,6259.5
2.9218,235.67,6256.2
2.922,235.56,6253.2
2.9222,235.42,6251.8
2.9224,235.27,6253.6
2.9226,235.15,6257.4
2.9228,235.09,6258.8
2.923,235.14,6258
2.9232,235.3,6254.9
2.9234,235.44,6251.9
2.9236,235.52,6251.9
2.9238,235.58,6255.3
2.924,235.59,6260
2.9242,235.56,6264.1
2.9244,235.49,6266.9
2.9246,235.47,6267.9
2.9248,235.38,6265.8
2.925,235.3,6264.5
2.9252,235.2,6265.5
2.9254,235.1,6268.2
2.9256,235.12,6269.3
2.9258,235.23,6266.7
2.926,235.35,6263.2
2.9262,235.47,6260.9
2.9264,235.54,6260.6
2.9266,235.58,6261.2
2.9268,235.62,6262.1
2.927,235.61,6263.5
2.9272,235.58,6263.6
2.9274,235.55,6262.8
2.9276,235.43,6264.4
2.9278,235.26,6270.4
2.928,235.12,6277.9
2.9282,235.1,6279.7
2.9284,235.21,6272.9
2.9286,235.39,6262.8
2.9288,235.58,6256.8
2.929,235.74,6259
2.9292,235.81,6268.7
2.9294,235.77,6277
2.9296,235.73,6276.3
2.9298,235.75,6269.7
2.93,235.76,6263.7
2.9302,235.7,6263
2.9304,235.57,6266.9
2.9306,235.42,6270
2.9308,235.26,6269.4
2.931,235.14,6266.9
2.9312,235.12,6264.3
2.9314,235.22,6263.8
2.9316,235.41,6265
2.9318,235.62,6267.5
2.932,235.81,6267.7
2.9322,235.9,6265.5
2.9324,235.9,6262.4
2.9326,235.81,6260
2.9328,235.71,6259.7
2.933,235.64,6259.9
2.9332,235.5,6260.9
2.9334,235.39,6260.9
2.9336,235.31,6259.2
2.9338,235.26,6257.5
2.934,235.27,6256.1
2.9342,235.36,6254.9
2.9344,235.55,6253.7
2.9346,235.72,6251.9
2.9348,235.83,6248.5
2.935,235.86,6246.3
2.9352,235.78,6244.9
2.9354,235.66,6246.4
2.9356,235.53,6247.7
2.9358,235.42,6249.4
2.936,235.26,6249.1
2.9362,235.11,6245.4
2.9364,235.04,6241.6
2.9366,235.05,6241.8
2.9368,235.1,6244.7
2.937,235.2,6245.8
2.9372,235.31,6244.1
2.9374,235.43,6239.9
2.9376,235.52,6235.4
2.9378,235.56,6235.8
2.938,235.55,6243.8
2.9382,235.47,6251.2
2.9384,235.36,6255.5
2.9386,235.22,6257.4
2.9388,235.13,6253.8
2.939,235.03,6248.1
2.9392,234.95,6247.6
2.9394,234.98,6252.2
2.9396,235.05,6257.2
2.9398,235.18,6259.5
2.94,235.37,6257.2
2.9402,235.56,6253.8
2.9404,235.68,6254.9
2.9406,235.72,6261.4
2.9408,235.75,6267.4
2.941,235.81,6271.4
2.9412,235.8,6275.2
2.9414,235.66,6276.9
2.9416,235.61,6277.5
2.9418,235.66,6275.4
2.942,235.68,6272.2
2.9422,235.69,6268.1
2.9424,235.64,6263.5
2.9426,235.61,6263.2
2.9428,235.64,6266.4
2.943,235.76,6271.7
2.9432,235.9,6275
2.9434,236.01,6273.3
2.9436,236.02,6269.6
2.9438,235.91,6267.9
2.944,235.73,6268.6
2.9442,235.56,6269.3
2.9444,235.49,6270.5
2.9446,235.47,6273.8
2.9448,235.47,6277.8
2.945,235.52,6280.2
2.9452,235.59,6278.7
2.9454,235.69,6274.3
2.9456,235.82,6270.1
2.9458,235.95,6268.4
2.946,236.05,6269.1
2.9462,236.11,6271.5
2.9464,236.1,6273.3
2.9466,236.04,6273
2.9468,235.94,6271
2.947,235.77,6268.1
2.9472,235.59,6266.8
2.9474,235.46,6266.5
2.9476,235.4,6267
2.9478,235.43,6267.2
2.948,235.57,6264.9
2.9482,235.73,6260.4
2.9484,235.84,6254.9
2.9486,235.89,6252.9
2.9488,235.9,6253.5
2.949,235.9,6256
2.9492,235.92,6257.7
2.9494,235.93,6257.7
2.9496,235.88,6258.6
2.9498,235.75,6257.4
2.95,235.6,6254.3
2.9502,235.45,6252.6
2.9504,235.31,6252.3
2.9506,235.25,6253.8
2.9508,235.27,6256.1
2.951,235.37,6256.1
2.9512,235.52,6252.8
2.9514,235.65,6246.1
2.9516,235.73,6242.9
2.9518,235.77,6243.2
2.952,235.75,6246.6
2.9522,235.7,6251.8
2.9524,235.61,6255.3
2.9526,235.45,6255.5
2.9528,235.33,6253.8
2.953,235.26,6251
2.9532,235.25,6248.2
2.9534,235.3,6248.7
2.9536,235.4,6252.4
2.9538,235.55,6258.3
2.954,235.73,6261.7
2.9542,235.9,6260.2
2.9544,236.02,6256.9
2.9546,236.06,6254.2
2.9548,236.04,6255.6
2.955,235.96,6260.5
2.9552,235.84,6266.5
2.9554,235.76,6269.7
2.9556,235.78,6267.2
2.9558,235.77,6262.5
2.956,235.72,6258.5
2.9562,235.69,6258.9
2.9564,235.63,6263.2
2.9566,235.65,6266.5
2.9568,235.79,6266
2.957,235.97,6265
2.9572,236.12,6264.1
2.9574,236.18,6264
2.9576,236.12,6264.5
2.9578,235.96,6267.5
2.958,235.78,6270.8
2.9582,235.62,6270
2.9584,235.5,6267.8
2.9586,235.41,6267.4
2.9588,235.39,6266.4
2.959,235.41,6262.9
2.9592,235.47,6260.9
2.9594,235.56,6260
2.9596,235.67,6260
2.9598,235.81,6267.7
2.96,235.92,6276.8
2.9602,235.95,6278.7
2.9604,235.9,6273.2
2.9606,235.75,6266.5
2.9608,235.6,6262.6
2.961,235.52,6264.8
2.9612,235.4,6277.3
2.9614,235.24,6291.6
2.9616,235.19,6296.9
2.9618,235.27,6293
2.962,235.46,6287.2
2.9622,235.71,6282.8
2.9624,235.93,6280.4
2.9626,236.07,6282.2
2.9628,236.13,6286.5
2.963,236.11,6289.5
2.9632,236.05,6288.1
2.9634,235.97,6285.5
2.9636,235.86,6282.8
2.9638,235.73,6280.5
2.964,235.6,6278.6
2.9642,235.53,6279.5
2.9644,235.52,6282.5
2.9646,235.56,6284.2
2.9648,235.7,6282
2.965,235.87,6279.5
2.9652,236.03,6275.7
2.9654,236.11,6273.5
2.9656,236.16,6275.1
2.9658,236.17,6278.3
2.966,236.14,6279.3
2.9662,236.09,6279.2
2.9664,235.99,6277.5
2.9666,235.85,6275.5
2.9668,235.76,6273.5
2.967,235.75,6271.2
2.9672,235.77,6269.1
2.9674,235.84,6268.2
2.9676,235.99,6268.8
2.9678,236.14,6270.3
2.968,236.25,6270.7
2.9682,236.34,6267.3
2.9684,236.39,6262.3
2.9686,236.37,6260.6
2.9688,236.32,6264
2.969,236.2,6269.3
2.9692,236.05,6272.7
2.9694,235.87,6270.3
2.9696,235.82,6263.3
2.9698,235.85,6257.5
2.97,235.92,6257.3
2.9702,235.99,6261.5
2.9704,236.08,6267.3
2.9706,236.16,6270.4
2.9708,236.27,6269.1
2.971,236.38,6264.7
2.9712,236.44,6260.7
2.9714,236.43,6261.8
2.9716,236.35,6264.9
2.9718,236.24,6267.8
2.972,236.12,6270.6
2.9722,235.94,6268.5
2.9724,235.81,6262.3
2.9726,235.8,6257.4
2.9728,235.88,6259.4
2.973,235.98,6264.2
2.9732,236.07,6268.2
2.9734,236.09,6267.4
2.9736,236.07,6264.3
2.9738,236.08,6261.9
2.974,236.15,6262.1
2.9742,236.23,6264
2.9744,236.26,6266.6
2.9746,236.14,6268.5
2.9748,235.97,6273.6
2.975,235.87,6279.1
2.9752,235.74,6282.8
2.9754,235.66,6282.1
2.9756,235.7,6276.8
2.9758,235.84,6270.5
2.976,235.97,6269.6
2.9762,236.09,6271.1
2.9764,236.2,6273.2
2.9766,236.24,6277.9
2.9768,236.22,6284.2
2.977,236.21,6285
2.9772,236.21,6282.5
2.9774,236.13,6280
2.9776,235.98,6278.8
2.9778,235.83,6279.4
2.978,235.73,6283.2
2.9782,235.71,6285.1
2.9784,235.79,6283.2
2.9786,235.91,6279.1
2.9788,236.06,6275.1
2.979,236.2,6271.8
2.9792,236.3,6269.4
2.9794,236.38,6269.7
2.9796,236.41,6270.8
2.9798,236.37,6271.5
2.98,236.25,6271.1
2.9802,236.1,6271
2.9804,235.92,6267.9
2.9806,235.74,6264.5
2.9808,235.67,6263.2
2.981,235.71,6263.5
2.9812,235.8,6262.5
2.9814,235.92,6259.5
2.9816,236.04,6256.5
2.9818,236.15,6254.6
2.982,236.22,6252.7
2.9822,236.26,6252.3
2.9824,236.27,6253.6
2.9826,236.23,6254.9
2.9828,236.17,6255.3
2.983,236.04,6253.9
2.9832,235.95,6251
2.9834,235.84,6247.7
2.9836,235.7,6247.6
2.9838,235.6,6249.4
2.984,235.63,6250.8
2.9842,235.78,6250.8
2.9844,235.98,6249
2.9846,236.18,6247.3
2.9848,236.31,6244.5
2.985,236.4,6242.5
2.9852,236.41,6242.3
2.9854,236.34,6244.1
2.9856,236.23,6245
2.9858,236.02,6245
2.986,235.78,6245.5
2.9862,235.67,6244.8
2.9864,235.69,6244.6
2.9866,235.81,6245
2.9868,235.95,6244.8
2.987,236.01,6245.4
2.9872,236.01,6244.6
2.9874,236.02,6242.5
2.9876,236.12,6240.6
2.9878,236.28,6241.3
2.988,236.42,6244.4
2.9882,236.47,6248.5
2.9884,236.37,6251.3
2.9886,236.16,6252.1
2.9888,236.02,6249.8
2.989,235.98,6247.4
2.9892,236,6246.3
2.9894,236.08,6244.2
2.9896,236.12,6243.5
2.9898,236.12,6243.5
2.99,236.17,6245.7
2.9902,236.25,6245
2.9904,236.36,6244.8
2.9906,236.44,6244.6
2.9908,236.42,6242.2
2.991,236.33,6238.2
2.9912,236.2,6235.8
2.9914,235.98,6235.2
2.9916,235.73,6240.2
2.9918,235.68,6249.1
2.992,235.81,6253.2
2.9922,235.97,6250.1
2.9924,236.08,6243.6
2.9926,236.12,6237.5
2.9928,236.15,6236.9
2.993,236.2,6241
2.9932,236.27,6246.7
2.9934,236.38,6249.5
2.9936,236.51,6247.6
2.9938,236.52,6241.9
2.994,236.35,6239.4
2.9942,236.09,6240
2.9944,235.84,6244.7
2.9946,235.73,6250.6
2.9948,235.78,6251.5
2.995,235.86,6247.8
2.9952,235.93,6241.8
2.9954,236.02,6236.2
2.9956,236.05,6234.6
2.9958,236.09,6236
2.996,236.19,6237.5
2.9962,236.29,6238.3
2.9964,236.36,6237.9
2.9966,236.37,6235.1
2.9968,236.27,6231.1
2.997,236.07,6229.1
2.9972,235.86,6230.2
2.9974,235.71,6231.2
2.9976,235.68,6231.9
2.9978,235.81,6234
2.998,236.03,6234.9
2.9982,236.29,6236
2.9984,236.54,6237.2
2.9986,236.7,6235.9
2.9988,236.74,6232.8
2.999,236.71,6230.1
2.9992,236.65,6228.8
2.9994,236.57,6230
2.9996,236.47,6232.3
2.9998,236.37,6232.8
3,236.21,6233.2
3.0002,236.17,6231.9
3.0004,236.01,6225.5
3.0006,235.66,6219.9
3.0008,235.29,6213.4
3.001,234.71,6206.9
3.0012,233.87,6205.3
3.0014,232.96,6200.8
3.0016,232.14,6192.4
3.0018,231.23,6187.5
3.002,230.31,6184.5
3.0022,229.4,6181.2
3.0024,228.49,6186.3
3.0026,227.58,6190.3
3.0028,226.71,6190.1
3.003,225.87,6192.5
3.0032,225.09,6195.7
3.0034,224.36,6200.5
3.0036,223.63,6210.4
3.0038,222.85,6218.1
3.004,222.04,6223
3.0042,221.22,6223.1
3.0044,220.42,6222.5
3.0046,219.65,6222.1
3.0048,218.86,6223.5
3.005,218.01,6224.7
3.0052,217.19,6222.4
3.0054,216.41,6217.4
3.0056,215.66,6210.6
3.0058,214.92,6198.7
3.006,214.24,6186.5
3.0062,213.58,6176.9
3.0064,212.94,6165.9
3.0066,212.28,6147.3
3.0068,211.6,6122.1
3.007,210.93,6093.4
3.0072,210.23,6066.5
3.0074,209.47,6046.1
3.0076,208.71,6029.7
3.0078,207.96,6010.7
3.008,207.36,5982.6
3.0082,206.82,5944.7
3.0084,206.18,5897.6
3.0086,205.44,5848.1
3.0088,204.68,5806.4
3.009,204,5772.2
3.0092,203.4,5736.9
3.0094,202.88,5692.8
3.0096,202.41,5639.9
3.0098,201.88,5587.3
3.01,201.24,5542.9
3.0102,200.49,5499.1
3.0104,199.75,5451.6
3.0106,199.08,5401.7
3.0108,198.46,5354
3.011,197.82,5308.8
3.0112,197.24,5259.6
3.0114,196.69,5206.3
3.0116,196.17,5152.8
3.0118,195.67,5097.7
3.012,195.19,5046.4
3.0122,194.71,5000.2
3.0124,194.23,4952
3.0126,193.76,4902.2
3.0128,193.24,4854.9
3.013,192.63,4812.4
3.0132,191.92,4772.9
3.0134,191.2,4735.2
3.0136,190.53,4696.4
3.0138,189.93,4657.9
3.014,189.43,4620.3
3.0142,189.04,4583.2
3.0144,188.69,4547.4
3.0146,188.3,4513.6
3.0148,187.82,4482.6
3.015,187.28,4453.7
3.0152,186.73,4428
3.0154,186.22,4405.3
3.0156,185.73,4384.7
3.0158,185.3,4365.4
3.016,184.84,4346.5
3.0162,184.42,4328.3
3.0164,183.98,4312.5
3.0166,183.5,4300.7
3.0168,182.98,4291
3.017,182.47,4281.5
3.0172,182.02,4274.6
3.0174,181.68,4268.8
3.0176,181.37,4262.6
3.0178,181.06,4257.2
3.018,180.7,4254.7
3.0182,180.27,4256.1
3.0184,179.78,4261.6
3.0186,179.26,4266.3
3.0188,178.74,4270.3
3.019,178.24,4273.7
3.0192,177.77,4278.4
3.0194,177.34,4282.5
3.0196,176.94,4286.9
3.0198,176.56,4294.4
3.02,176.19,4301.9
3.0202,175.86,4309.3
3.0204,175.59,4314.1
3.0206,175.36,4316
3.0208,175.12,4317.8
3.021,174.78,4322.4
3.0212,174.37,4330.4
3.0214,173.76,4337.9
3.0216,173.12,4344.4
3.0218,172.64,4349.4
3.022,172.36,4349.4
3.0222,172.25,4344.8
3.0224,172.13,4343.3
3.0226,171.89,4343.7
3.0228,171.57,4344
3.023,171.23,4341.5
3.0232,170.93,4335.1
3.0234,170.62,4328.9
3.0236,170.32,4323.3
3.0238,170.04,4312.3
3.024,169.71,4296
3.0242,169.26,4282.1
3.0244,168.77,4273.4
3.0246,168.29,4267
3.0248,167.93,4260.4
3.025,167.66,4242.1
3.0252,167.34,4214.3
3.0254,167,4186.4
3.0256,166.65,4166.4
3.0258,166.3,4152.4
3.026,165.97,4138
3.0262,165.67,4120.3
3.0264,165.39,4099.2
3.0266,165.08,4076
3.0268,164.75,4051.4
3.027,164.38,4028.9
3.0272,163.99,4013.3
3.0274,163.58,4001.7
3.0276,163.22,3989.5
3.0278,162.87,3970.1
3.028,162.51,3941.9
3.0282,162.14,3911.5
3.0284,161.76,3886.9
3.0286,161.44,3865.9
3.0288,161.21,3846.9
3.029,161.01,3826.8
3.0292,160.81,3804.8
3.0294,160.54,3781.3
3.0296,160.19,3759.6
3.0298,159.77,3742.2
3.03,159.35,3728.2
3.0302,158.94,3714.4
3.0304,158.58,3697.6
3.0306,158.27,3677.6
3.0308,157.99,3659
3.031,157.71,3643.9
3.0312,157.43,3632.7
3.0314,157.17,3623.2
3.0316,156.95,3611.7
3.0318,156.73,3598.2
3.032,156.53,3585.8
3.0322,156.34,3577.1
3.0324,156.11,3572.9
3.0326,155.8,3571.4
3.0328,155.44,3569.1
3.033,155.11,3564.5
3.0332,154.83,3559
3.0334,154.54,3554.1
3.0336,154.24,3552.9
3.0338,153.97,3555.3
3.034,153.75,3556.4
3.0342,153.55,3555.9
3.0344,153.4,3555.8
3.0346,153.25,3556.3
3.0348,153.08,3558.9
3.035,152.87,3564.3
3.0352,152.62,3573
3.0354,152.34,3582
3.0356,152.06,3590.7
3.0358,151.75,3597.5
3.036,151.45,3603.8
3.0362,151.16,3609
3.0364,150.91,3613.3
3.0366,150.7,3618.7
3.0368,150.51,3625.4
3.037,150.37,3629.7
3.0372,150.22,3632.8
3.0374,150.09,3635.3
3.0376,149.95,3637.7
3.0378,149.76,3642.1
3.038,149.53,3651.2
3.0382,149.21,3663.3
3.0384,148.85,3674.2
3.0386,148.55,3679.6
3.0388,148.31,3678.4
3.039,148.18,3674.5
3.0392,148.08,3675.6
3.0394,147.94,3679.3
3.0396,147.78,3682.5
3.0398,147.62,3686.6
3.04,147.42,3688.2
3.0402,147.27,3687.2
3.0404,147.11,3683.9
3.0406,146.92,3680.3
3.0408,146.7,3680.5
3.041,146.47,3683.1
3.0412,146.22,3685.1
3.0414,146.05,3681.8
3.0416,145.83,3673.9
3.0418,145.52,3666.3
3.042,145.22,3663.6
3.0422,144.97,3664.4
3.0424,144.8,3661.4
3.0426,144.74,3652.1
3.0428,144.66,3636.2
3.043,144.55,3621.7
3.0432,144.37,3612
3.0434,144.14,3606.5
3.0436,143.86,3601.4
3.0438,143.58,3595.1
3.044,143.3,3588.4
3.0442,143.02,3579.7
3.0444,142.75,3573.9
3.0446,142.46,3569.2
3.0448,142.23,3558.5
3.045,142.05,3541.5
3.0452,141.88,3526.4
3.0454,141.78,3515.5
3.0456,141.71,3509.6
3.0458,141.61,3505.6
3.046,141.47,3500.9
3.0462,141.3,3494.4
3.0464,141.1,3484.3
3.0466,140.85,3474.5
3.0468,140.57,3467.7
3.047,140.3,3462.1
3.0472,140.06,3458.5
3.0474,139.88,3455
3.0476,139.73,3447.3
3.0478,139.62,3437.1
3.048,139.52,3429.8
3.0482,139.4,3425.7
3.0484,139.28,3422.8
3.0486,139.14,3420
3.0488,138.97,3415.8
3.049,138.81,3412.2
3.0492,138.62,3412.8
3.0494,138.39,3416.2
3.0496,138.14,3418.6
3.0498,137.89,3417.5
3.05,137.69,3416.9
3.0502,137.51,3416.4
3.0504,137.36,3417.5
3.0506,137.2,3420.9
3.0508,137.06,3423.5
3.051,136.97,3423.4
3.0512,136.88,3420.4
3.0514,136.77,3419.8
3.0516,136.65,3423.2
3.0518,136.5,3431.2
3.052,136.33,3440
3.0522,136.15,3447.6
3.0524,135.93,3451.6
3.0526,135.73,3452.4
3.0528,135.54,3450.5
3.053,135.37,3451.1
3.0532,135.23,3457.1
3.0534,135.1,3465.9
3.0536,135.01,3473.8
3.0538,134.96,3477.9
3.054,134.89,3478.3
3.0542,134.84,3477.9
3.0544,134.77,3480
3.0546,134.67,3485.7
3.0548,134.54,3493.6
3.055,134.3,3502.2
3.0552,134.05,3510.3
3.0554,133.86,3515.2
3.0556,133.73,3517.3
3.0558,133.64,3519
3.056,133.6,3520.9
3.0562,133.54,3520.6
3.0564,133.46,3519
3.0566,133.35,3518.1
3.0568,133.22,3520.2
3.057,133.08,3526.2
3.0572,132.96,3531.2
3.0574,132.83,3532.2
3.0576,132.69,3531.8
3.0578,132.53,3532.4
3.058,132.35,3534.5
3.0582,132.18,3535
3.0584,131.98,3531.7
3.0586,131.78,3526.3
3.0588,131.61,3521.3
3.059,131.46,3516.9
3.0592,131.37,3512.3
3.0594,131.34,3506.2
3.0596,131.29,3500.7
3.0598,131.2,3497.4
3.06,131.07,3497.6
3.0602,130.91,3497.1
3.0604,130.76,3495.8
3.0606,130.6,3492.7
3.0608,130.44,3488.9
3.061,130.31,3485.9
3.0612,130.16,3479.7
3.0614,129.99,3469.3
3.0616,129.85,3460
3.0618,129.76,3453.3
3.062,129.71,3451
3.0622,129.68,3450.6
3.0624,129.67,3447.7
3.0626,129.65,3440.6
3.0628,129.56,3430.2
3.063,129.42,3420.7
3.0632,129.26,3412.8
3.0634,129.07,3407.8
3.0636,128.88,3405.3
3.0638,128.72,3402.9
3.064,128.61,3398.5
3.0642,128.51,3393.8
3.0644,128.43,3388.4
3.0646,128.37,3382.5
3.0648,128.31,3378.4
3.065,128.24,3374.1
3.0652,128.17,3369.7
3.0654,128.1,3365.1
3.0656,128,3361.7
3.0658,127.89,3361.3
3.066,127.75,3364.9
3.0662,127.57,3368.6
3.0664,127.39,3368.8
3.0666,127.27,3365.3
3.0668,127.17,3361.4
3.067,127.06,3356.8
3.0672,126.95,3353.5
3.0674,126.85,3352.6
3.0676,126.77,3354.6
3.0678,126.74,3355.1
3.068,126.73,3353.8
3.0682,126.69,3351.6
3.0684,126.61,3352.6
3.0686,126.51,3356.6
3.0688,126.35,3360.2
3.069,126.12,3365.1
3.0692,125.97,3368.6
3.0694,125.87,3366.2
3.0696,125.82,3361.3
3.0698,125.77,3358.8
3.07,125.69,3362.2
3.0702,125.6,3368.5
3.0704,125.55,3372
3.0706,125.55,3373
3.0708,125.56,3371.1
3.071,125.55,3368.2
3.0712,125.46,3368.8
3.0714,125.3,3375.6
3.0716,125.12,3384.2
3.0718,124.95,3389.6
3.072,124.81,3388.8
3.0722,124.71,3385.8
3.0724,124.65,3386.4
3.0726,124.57,3390
3.0728,124.51,3391.7
3.073,124.47,3391.7
3.0732,124.41,3390
3.0734,124.37,3385.6
3.0736,124.32,3382.4
3.0738,124.26,3383.2
3.074,124.17,3386
3.0742,124.05,3390.5
3.0744,123.9,3396.7
3.0746,123.76,3400
3.0748,123.67,3396.2
3.075,123.55,3388.1
3.0752,123.37,3381.2
3.0754,123.21,3379
3.0756,123.07,3378.9
3.0758,123,3376.5
3.076,123,3373
3.0762,123.04,3369.1
3.0764,123.06,3364.4
3.0766,123,3360.4
3.0768,122.9,3358
3.077,122.75,3355.4
3.0772,122.62,3354.4
3.0774,122.51,3353.3
3.0776,122.44,3350.8
3.0778,122.29,3347.3
3.078,122.11,3343.6
3.0782,121.95,3340.6
3.0784,121.84,3336.5
3.0786,121.81,3331
3.0788,121.83,3325.2
3.079,121.88,3319.9
3.0792,121.88,3316.5
3.0794,121.82,3314.4
3.0796,121.71,3312.8
3.0798,121.56,3311.9
3.08,121.42,3311.4
3.0802,121.29,3307.7
3.0804,121.18,3301.7
3.0806,121.09,3295.1
3.0808,121.01,3290.1
3.081,120.94,3288.6
3.0812,120.93,3287.2
3.0814,120.91,3283.5
3.0816,120.9,3277.7
3.0818,120.89,3272.4
3.082,120.86,3267.7
3.0822,120.79,3265.4
3.0824,120.7,3266.1
3.0826,120.59,3268.6
3.0828,120.47,3270.5
3.083,120.35,3270.2
3.0832,120.22,3267.8
3.0834,120.06,3262.1
3.0836,119.93,3255.5
3.0838,119.84,3252.9
3.084,119.81,3252.2
3.0842,119.84,3250.9
3.0844,119.88,3247.9
3.0846,119.91,3244.3
3.0848,119.9,3241.8
3.085,119.85,3242.4
3.0852,119.76,3245.9
3.0854,119.67,3250.5
3.0856,119.59,3254.9
3.0858,119.56,3258.9
3.086,119.58,3259.1
3.0862,119.64,3257.5
3.0864,119.77,3256.1
3.0866,119.96,3256.2
3.0868,120.23,3258.2
3.087,120.55,3262.1
3.0872,120.95,3265
3.0874,121.37,3266.5
3.0876,121.76,3269.4
3.0878,122.14,3275
3.088,122.44,3279.7
3.0882,122.7,3282.2
3.0884,122.95,3284.7
3.0886,123.16,3285.8
3.0888,123.32,3284.4
3.089,123.44,3284
3.0892,123.54,3286.6
3.0894,123.59,3290.4
3.0896,123.68,3294.8
3.0898,123.85,3299.4
3.09,124.08,3304
3.0902,124.33,3311.3
3.0904,124.58,3320.5
3.0906,124.81,3330.6
3.0908,125,3342.3
3.091,125.2,3355
3.0912,125.42,3367.3
3.0914,125.65,3379.8
3.0916,125.93,3395.8
3.0918,126.15,3415.1
3.092,126.32,3435.2
3.0922,126.56,3454.6
3.0924,126.9,3471.3
3.0926,127.32,3485.9
3.0928,127.8,3500.9
3.093,128.3,3522
3.0932,128.77,3548.7
3.0934,129.23,3576.9
3.0936,129.66,3602.1
3.0938,130.1,3623.5
3.094,130.55,3641.3
3.0942,130.99,3658
3.0944,131.37,3677.8
3.0946,131.65,3703.8
3.0948,131.91,3731.1
3.095,132.2,3755.2
3.0952,132.54,3775.8
3.0954,132.98,3791.9
3.0956,133.45,3805.2
3.0958,133.93,3821.6
3.096,134.37,3841.9
3.0962,134.78,3864.6
3.0964,135.15,3886.5
3.0966,135.5,3908.2
3.0968,135.84,3928.1
3.097,136.17,3945
3.0972,136.48,3959.8
3.0974,136.71,3975.3
3.0976,136.95,3992
3.0978,137.23,4008.6
3.098,137.59,4024.9
3.0982,137.98,4040.9
3.0984,138.41,4055.7
3.0986,138.83,4069.3
3.0988,139.24,4083.5
3.099,139.63,4099.6
3.0992,139.99,4117.3
3.0994,140.34,4135.1
3.0996,140.69,4150.3
3.0998,141.01,4162.3
3.1,141.31,4171.2
3.1002,141.51,4182
3.1004,141.69,4197.6
3.1006,141.95,4211
3.1008,142.3,4220.6
3.101,142.67,4227.6
3.1012,143.06,4235.5
3.1014,143.44,4245.3
3.1016,143.8,4257.8
3.1018,144.14,4270.5
3.102,144.48,4284.1
3.1022,144.8,4294.9
3.1024,145.12,4302.5
3.1026,145.41,4307.8
3.1028,145.65,4313.7
3.103,145.8,4321.6
3.1032,145.94,4333.3
3.1034,146.15,4344.9
3.1036,146.46,4352.3
3.1038,146.83,4357.4
3.104,147.19,4361.2
3.1042,147.54,4366.2
3.1044,147.85,4373.9
3.1046,148.13,4386.1
3.1048,148.43,4399.7
3.105,148.71,4412
3.1052,148.95,4421.2
3.1054,149.18,4431.2
3.1056,149.34,4445
3.1058,149.53,4458.1
3.106,149.81,4465.5
3.1062,150.08,4469.5
3.1064,150.36,4473.6
3.1066,150.63,4480
3.1068,150.87,4490.5
3.107,151.12,4505.4
3.1072,151.4,4520.7
3.1074,151.7,4534.6
3.1076,152,4546.8
3.1078,152.28,4556
3.108,152.5,4565.9
3.1082,152.68,4579.3
3.1084,152.83,4592
3.1086,152.92,4603.9
3.1088,153.03,4616.5
3.109,153.23,4629.2
3.1092,153.48,4640
3.1094,153.76,4650.7
3.1096,154.04,4661.6
3.1098,154.34,4674.6
3.11,154.63,4686.6
3.1102,154.85,4700.6
3.1104,155.05,4716.5
3.1106,155.25,4731.9
3.1108,155.41,4744.4
3.111,155.53,4755.6
3.1112,155.6,4767.4
3.1114,155.66,4779.6
3.1116,155.73,4792.3
3.1118,155.86,4805.3
3.112,156.07,4817.9
3.1122,156.33,4828.8
3.1124,156.58,4838.2
3.1126,156.87,4847.3
3.1128,157.13,4858.2
3.113,157.34,4872.2
3.1132,157.52,4887.3
3.1134,157.69,4903.8
3.1136,157.85,4917.3
3.1138,157.98,4926.1
3.114,158.04,4932.2
3.1142,158.13,4939
3.1144,158.26,4950.4
3.1146,158.44,4964.5
3.1148,158.66,4976.1
3.115,158.91,4984.6
3.1152,159.18,4989.4
3.1154,159.43,4992.9
3.1156,159.66,5002
3.1158,159.85,5015.8
3.116,160.02,5029.3
3.1162,160.19,5040.4
3.1164,160.36,5046
3.1166,160.49,5047.6
3.1168,160.54,5051.4
3.117,160.57,5059.9
3.1172,160.67,5067.4
3.1174,160.85,5070.6
3.1176,161.1,5070.8
3.1178,161.35,5070.6
3.118,161.59,5069.6
3.1182,161.79,5070.5
3.1184,161.97,5074.6
3.1186,162.14,5081.4
3.1188,162.28,5089.1
3.119,162.42,5092.8
3.1192,162.54,5092.6
3.1194,162.58,5090.8
3.1196,162.59,5091.5
3.1198,162.62,5096.4
3.12,162.75,5103.6
3.1202,162.94,5109.1
3.1204,163.15,5110.4
3.1206,163.37,5109.3
3.1208,163.58,5107.6
3.121,163.79,5109.1
3.1212,163.99,5116
3.1214,164.17,5125.2
3.1216,164.35,5132.5
3.1218,164.5,5136.8
3.122,164.62,5141.4
3.1222,164.69,5147.2
3.1224,164.74,5151.3
3.1226,164.81,5152.8
3.1228,164.9,5155.8
3.123,165.06,5159.4
3.1232,165.23,5165.7
3.1234,165.41,5172.3
3.1236,165.62,5180.2
3.1238,165.83,5188.2
3.124,166.05,5196.1
3.1242,166.26,5204.8
3.1244,166.44,5211.8
3.1246,166.55,5216.2
3.1248,166.58,5220.2
3.125,166.55,5226.9
3.1252,166.56,5235.8
3.1254,166.58,5245.9
3.1256,166.67,5258.2
3.1258,166.82,5268.4
3.126,166.96,5273.8
3.1262,167.14,5279.5
3.1264,167.33,5290.8
3.1266,167.54,5304.7
3.1268,167.75,5318.2
3.127,167.95,5328.2
3.1272,168.1,5334.8
3.1274,168.24,5343.7
3.1276,168.33,5354.5
3.1278,168.36,5367.3
3.128,168.38,5379.1
3.1282,168.43,5386.5
3.1284,168.48,5390.5
3.1286,168.58,5394.2
3.1288,168.71,5403
3.129,168.91,5416.5
3.1292,169.13,5430.5
3.1294,169.36,5442.4
3.1296,169.55,5450.8
3.1298,169.64,5457.1
3.13,169.69,5461.7
3.1302,169.72,5465.7
3.1304,169.72,5471.9
3.1306,169.7,5479.7
3.1308,169.7,5491.5
3.131,169.77,5505.3
3.1312,169.91,5512.4
3.1314,170.08,5511.2
3.1316,170.24,5507.8
3.1318,170.38,5507.7
3.132,170.5,5513.7
3.1322,170.63,5525.1
3.1324,170.78,5538.9
3.1326,170.94,5548.3
3.1328,171.08,5548.5
3.133,171.17,5544.5
3.1332,171.23,5542.4
3.1334,171.22,5544.6
3.1336,171.16,5550.4
3.1338,171.19,5553.6
3.134,171.32,5554.1
3.1342,171.49,5553.6
3.1344,171.69,5552.9
3.1346,171.86,5553
3.1348,172.01,5554.8
3.135,172.18,5557.8
3.1352,172.33,5559
3.1354,172.45,5560.4
3.1356,172.55,5562.7
3.1358,172.63,5562.1
3.136,172.6,5559.2
3.1362,172.53,5558.2
3.1364,172.49,5559.9
3.1366,172.52,5561.3
3.1368,172.62,5562.6
3.137,172.76,5563.3
3.1372,172.95,5562.4
3.1374,173.12,5561.3
3.1376,173.28,5560.5
3.1378,173.42,5561.4
3.138,173.54,5564.2
3.1382,173.65,5567.9
3.1384,173.74,5571.4
3.1386,173.81,5573.1
3.1388,173.82,5573.7
3.139,173.78,5574.6
3.1392,173.77,5576.4
3.1394,173.81,5577.3
3.1396,173.88,5576.6
3.1398,173.94,5576.9
3.14,174.03,5579.2
3.1402,174.15,5585.2
3.1404,174.28,5591.3
3.1406,174.41,5597.1
3.1408,174.56,5599.9
3.141,174.69,5598.9
3.1412,174.77,5597
3.1414,174.82,5601.8
3.1416,174.83,5615.6
3.1418,174.8,5629.1
3.142,174.82,5635.2
3.1422,174.87,5634.3
3.1424,174.95,5631.6
3.1426,175.06,5634.3
3.1428,175.19,5646.8
3.143,175.32,5666.2
3.1432,175.46,5681.4
3.1434,175.6,5686.8
3.1436,175.72,5687
3.1438,175.85,5685.9
3.144,175.95,5689.8
3.1442,176.01,5699.7
3.1444,175.95,5714.5
3.1446,175.82,5728.5
3.1448,175.76,5737.1
3.145,175.8,5742
3.1452,175.9,5746.3
3.1454,176.07,5750.5
3.1456,176.22,5753.8
3.1458,176.31,5760.6
3.146,176.43,5772.3
3.1462,176.56,5782.8
3.1464,176.67,5789
3.1466,176.78,5794.5
3.1468,176.84,5799.9
3.147,176.87,5804.3
3.1472,176.8,5807.1
3.1474,176.71,5811.9
3.1476,176.71,5817.1
3.1478,176.77,5820.6
3.148,176.84,5822.3
3.1482,176.96,5827
3.1484,177.08,5832
3.1486,177.19,5837.2
3.1488,177.29,5841.6
3.149,177.42,5845.7
3.1492,177.55,5847.9
3.1494,177.67,5847.2
3.1496,177.76,5845.7
3.1498,177.76,5845.8
3.15,177.68,5849.1
3.1502,177.61,5854.7
3.1504,177.63,5860.3
3.1506,177.73,5860.2
3.1508,177.9,5854.1
3.151,178.05,5847.8
3.1512,178.19,5844.2
3.1514,178.32,5846.8
3.1516,178.45,5853.4
3.1518,178.59,5859.4
3.152,178.72,5860.1
3.1522,178.84,5858.6
3.1524,178.93,5856.9
3.1526,178.9,5854
3.1528,178.79,5851.6
3.153,178.68,5851.4
3.1532,178.64,5852.5
3.1534,178.66,5851.5
3.1536,178.74,5848.4
3.1538,178.86,5843.3
3.154,178.99,5839.4
3.1542,179.1,5839.7
3.1544,179.2,5841.5
3.1546,179.29,5844.1
3.1548,179.38,5847.2
3.155,179.47,5848.1
3.1552,179.52,5846.8
3.1554,179.47,5847.7
3.1556,179.38,5849.5
3.1558,179.35,5851.4
3.156,179.37,5850.6
3.1562,179.4,5846.7
3.1564,179.44,5843.5
3.1566,179.49,5845.1
3.1568,179.57,5852.7
3.157,179.69,5866.3
3.1572,179.86,5876.8
3.1574,180.02,5876.5
3.1576,180.12,5870.5
3.1578,180.15,5867
3.158,180.11,5871.2
3.1582,180.07,5880.5
3.1584,180.03,5892.8
3.1586,179.96,5901.5
3.1588,179.99,5902.7
3.159,180.09,5900.2
3.1592,180.2,5899.7
3.1594,180.28,5904.6
3.1596,180.34,5914.3
3.1598,180.41,5926.1
3.16,180.5,5935.1
3.1602,180.63,5940.1
3.1604,180.76,5942.9
3.1606,180.84,5949.3
3.1608,180.87,5956.9
3.161,180.83,5964
3.1612,180.75,5969.3
3.1614,180.66,5972.5
3.1616,180.64,5976.3
3.1618,180.67,5983.1
3.162,180.74,5990
3.1622,180.85,5994
3.1624,180.96,5998.5
3.1626,181.07,6003.5
3.1628,181.15,6008.5
3.163,181.22,6014.4
3.1632,181.26,6020.5
3.1634,181.29,6027.3
3.1636,181.31,6031.4
3.1638,181.3,6033
3.164,181.21,6034.2
3.1642,181.14,6034.8
3.1644,181.13,6037.8
3.1646,181.17,6042.2
3.1648,181.25,6045.7
3.165,181.35,6047.6
3.1652,181.46,6048.4
3.1654,181.56,6050.1
3.1656,181.65,6051.2
3.1658,181.73,6054.8
3.166,181.8,6056.7
3.1662,181.86,6058.4
3.1664,181.89,6059.7
3.1666,181.88,6059.6
3.1668,181.78,6060.1
3.167,181.71,6061.8
3.1672,181.69,6064.3
3.1674,181.75,6063.3
3.1676,181.84,6060
3.1678,181.95,6054.7
3.168,182.05,6052.5
3.1682,182.16,6052.9
3.1684,182.27,6058
3.1686,182.36,6061.9
3.1688,182.46,6059.8
3.169,182.48,6053.9
3.1692,182.45,6048.7
3.1694,182.36,6046.3
3.1696,182.23,6046.3
3.1698,182.17,6046.9
3.17,182.18,6046.7
3.1702,182.23,6043.7
3.1704,182.33,6038.4
3.1706,182.43,6032.6
3.1708,182.54,6027.9
3.171,182.65,6028
3.1712,182.75,6032.7
3.1714,182.85,6037
3.1716,182.92,6037.7
3.1718,182.96,6034.8
3.172,182.97,6030.6
3.1722,182.91,6027.7
3.1724,182.81,6028.7
3.1726,182.77,6036.1
3.1728,182.8,6043.3
3.173,182.87,6045.1
3.1732,182.98,6044.5
3.1734,183.13,6042.2
3.1736,183.28,6042
3.1738,183.4,6044.7
3.174,183.5,6049.9
3.1742,183.59,6054.5
3.1744,183.67,6058.4
3.1746,183.75,6062.7
3.1748,183.8,6066.2
3.175,183.76,6066.8
3.1752,183.65,6068.2
3.1754,183.61,6070.5
3.1756,183.62,6073
3.1758,183.66,6076.1
3.176,183.71,6080.8
3.1762,183.76,6087.9
3.1764,183.84,6093
3.1766,183.94,6100.3
3.1768,184.06,6109.2
3.177,184.19,6113.4
3.1772,184.29,6114.2
3.1774,184.33,6115.8
3.1776,184.32,6117.3
3.1778,184.19,6124.9
3.178,184.02,6136.4
3.1782,183.94,6144.9
3.1784,183.94,6145.6
3.1786,183.99,6142.5
3.1788,184.09,6144.3
3.179,184.21,6153.2
3.1792,184.35,6165
3.1794,184.48,6175.4
3.1796,184.61,6180.5
3.1798,184.71,6181
3.18,184.78,6181.2
3.1802,184.78,6184.1
3.1804,184.72,6188.8
3.1806,184.61,6194.7
3.1808,184.5,6198.6
3.181,184.46,6200.2
3.1812,184.49,6200.7
3.1814,184.56,6201.1
3.1816,184.63,6201.6
3.1818,184.72,6201
3.182,184.83,6203.4
3.1822,184.92,6207.2
3.1824,185.02,6211.1
3.1826,185.1,6213.7
3.1828,185.15,6214.8
3.183,185.18,6214.9
3.1832,185.19,6212.5
3.1834,185.14,6210.9
3.1836,185.02,6211.5
3.1838,184.94,6212.5
3.184,184.95,6212.1
3.1842,185.02,6210.9
3.1844,185.14,6209.9
3.1846,185.29,6206.9
3.1848,185.39,6203.9
3.185,185.49,6200.8
3.1852,185.58,6199.4
3.1854,185.64,6200.5
3.1856,185.69,6202.2
3.1858,185.68,6202.5
3.186,185.6,6199.2
3.1862,185.48,6194
3.1864,185.41,6189.6
3.1866,185.39,6186.5
3.1868,185.4,6186.4
3.187,185.47,6187.9
3.1872,185.58,6187
3.1874,185.72,6183.7
3.1876,185.85,6181.7
3.1878,185.95,6181.3
3.188,186.03,6183.9
3.1882,186.09,6185.4
3.1884,186.13,6184.2
3.1886,186.14,6183.3
3.1888,186.11,6183
3.189,186.01,6184.6
3.1892,185.94,6187.9
3.1894,185.97,6191.1
3.1896,186.04,6192.7
3.1898,186.13,6190.6
3.19,186.22,6188.4
3.1902,186.31,6188.7
3.1904,186.43,6190.4
3.1906,186.54,6196.2
3.1908,186.61,6203.7
3.191,186.65,6207.8
3.1912,186.67,6206.5
3.1914,186.68,6204.6
3.1916,186.64,6207.5
3.1918,186.53,6214.4
3.192,186.43,6221.3
3.1922,186.44,6227.1
3.1924,186.52,6229.7
3.1926,186.61,6229.9
3.1928,186.72,6229.9
3.193,186.83,6236.1
3.1932,186.93,6245.6
3.1934,187.02,6255.4
3.1936,187.1,6258.9
3.1938,187.18,6259.1
3.194,187.2,6260.9
3.1942,187.21,6266.8
3.1944,187.13,6273
3.1946,186.99,6276.5
3.1948,186.9,6279.8
3.195,186.86,6282.9
3.1952,186.86,6284.3
3.1954,186.93,6285.9
3.1956,187.05,6290.1
3.1958,187.17,6295.6
3.196,187.28,6303.4
3.1962,187.38,6312.9
3.1964,187.46,6320
3.1966,187.54,6324.1
3.1968,187.6,6325.8
3.197,187.61,6327.4
3.1972,187.53,6328.7
3.1974,187.41,6329.2
3.1976,187.36,6331.2
3.1978,187.35,6333.3
3.198,187.39,6336.1
3.1982,187.43,6338.5
3.1984,187.52,6339.1
3.1986,187.63,6338.8
3.1988,187.73,6338.9
3.199,187.81,6336.5
3.1992,187.88,6335.4
3.1994,187.91,6337.4
3.1996,187.91,6342.2
3.1998,187.87,6344.5
3.2,187.78,6342.5
3.2002,187.69,6338
3.2004,187.67,6334
3.2006,187.7,6331.7
3.2008,187.74,6331.7
3.201,187.79,6330.4
3.2012,187.85,6328.4
3.2014,187.93,6326.6
3.2016,188.04,6323.7
3.2018,188.15,6320.8
3.202,188.23,6321.6
3.2022,188.3,6323.9
3.2024,188.32,6323.2
3.2026,188.27,6319
3.2028,188.16,6314.9
3.203,188.02,6313.1
3.2032,187.96,6312.5
3.2034,187.98,6311.3
3.2036,188.05,6310.8
3.2038,188.16,6308.2
3.204,188.28,6304.1
3.2042,188.39,6300
3.2044,188.51,6299.3
3.2046,188.61,6300.6
3.2048,188.68,6302.3
3.205,188.71,6304.2
3.2052,188.69,6304.2
3.2054,188.66,6303.1
3.2056,188.6,6304
3.2058,188.58,6304.8
3.206,188.61,6303.3
3.2062,188.67,6299.9
3.2064,188.73,6295.9
3.2066,188.75,6292.8
3.2068,188.74,6296.4
3.207,188.77,6306.6
3.2072,188.85,6314.8
3.2074,188.99,6317
3.2076,189.16,6313.5
3.2078,189.28,6308.4
3.208,189.25,6307.4
3.2082,189.09,6315.5
3.2084,188.93,6325.8
3.2086,188.89,6330.6
3.2088,188.94,6330.4
3.209,189.04,6329.5
3.2092,189.14,6328.7
3.2094,189.22,6333.1
3.2096,189.33,6343
3.2098,189.47,6354.5
3.21,189.62,6360.3
3.2102,189.73,6362
3.2104,189.84,6361.7
3.2106,189.91,6360.9
3.2108,189.88,6364.3
3.211,189.79,6374.1
3.2112,189.65,6387.5
3.2114,189.6,6397.4
3.2116,189.62,6399.4
3.2118,189.66,6397.3
3.212,189.74,6397.1
3.2122,189.89,6401.4
3.2124,190.04,6408.6
3.2126,190.18,6419.8
3.2128,190.33,6428.6
3.213,190.46,6433.2
3.2132,190.52,6435.6
3.2134,190.56,6437
3.2136,190.56,6438.3
3.2138,190.48,6440
3.214,190.36,6443.6
3.2142,190.29,6448.1
3.2144,190.31,6450
3.2146,190.37,6450.3
3.2148,190.48,6451.1
3.215,190.59,6452.7
3.2152,190.7,6453.8
3.2154,190.82,6454.2
3.2156,190.9,6454.3
3.2158,190.97,6452.6
3.216,191.04,6450.9
3.2162,191.04,6449
3.2164,190.97,6450
3.2166,190.81,6451.3
3.2168,190.68,6449.1
3.217,190.63,6446.1
3.2172,190.67,6445.5
3.2174,190.78,6445.2
3.2176,190.94,6445.6
3.2178,191.11,6447.5
3.218,191.26,6447.6
3.2182,191.39,6444.4
3.2184,191.5,6441.4
3.2186,191.6,6438.4
3.2188,191.68,6436.8
3.219,191.74,6437.8
3.2192,191.75,6441.4
3.2194,191.69,6441.3
3.2196,191.58,6437.5
3.2198,191.54,6430.7
3.22,191.56,6423.6
3.2202,191.62,6421
3.2204,191.71,6421.8
3.2206,191.83,6423.8
3.2208,191.96,6423.3
3.221,192.08,6421.9
3.2212,192.19,6420.7
3.2214,192.32,6420.6
3.2216,192.4,6420.2
3.2218,192.44,6421.5
3.222,192.43,6423.1
3.2222,192.34,6423.1
3.2224,192.28,6422.8
3.2226,192.27,6419.9
3.2228,192.26,6415.3
3.223,192.27,6411.2
3.2232,192.3,6411.2
3.2234,192.35,6420.5
3.2236,192.44,6432.3
3.2238,192.56,6438.2
3.224,192.71,6435.5
3.2242,192.89,6426.4
3.2244,192.9,6419.9
3.2246,192.87,6423
3.2248,192.83,6435.8
3.225,192.72,6448.4
3.2252,192.68,6454.7
3.2254,192.72,6451
3.2256,192.75,6441.9
3.2258,192.79,6436.3
3.226,192.85,6439.7
3.2262,192.91,6452.4
3.2264,193.06,6466.9
3.2266,193.24,6478.3
3.2268,193.36,6481.5
3.227,193.46,6480
3.2272,193.49,6478.3
3.2274,193.46,6479.9
3.2276,193.41,6484.7
3.2278,193.33,6491.4
3.228,193.29,6499.8
3.2282,193.26,6502.9
3.2284,193.25,6499.4
3.2286,193.28,6497.2
3.2288,193.34,6497.8
3.229,193.43,6502.9
3.2292,193.55,6510.8
3.2294,193.68,6518.4
3.2296,193.8,6523.9
3.2298,193.88,6526.1
3.23,193.91,6524.4
3.2302,193.89,6522
3.2304,193.8,6522
3.2306,193.63,6525.9
3.2308,193.53,6532.3
3.231,193.51,6536.5
3.2312,193.59,6536.3
3.2314,193.7,6532.6
3.2316,193.81,6528.9
3.2318,193.91,6526.1
3.232,194,6526.5
3.2322,194.08,6530.6
3.2324,194.14,6538.5
3.2326,194.2,6544.2
3.2328,194.24,6543.2
3.233,194.23,6538.5
3.2332,194.15,6534.9
3.2334,194.04,6532.5
3.2336,194.01,6529.8
3.2338,194.06,6528.4
3.234,194.11,6530.2
3.2342,194.16,6531.6
3.2344,194.22,6531.2
3.2346,194.32,6529.3
3.2348,194.45,6527.5
3.235,194.6,6528
3.2352,194.73,6529.1
3.2354,194.84,6528
3.2356,194.91,6523.1
3.2358,194.91,6517.9
3.236,194.79,6514.7
3.2362,194.68,6512.4
3.2364,194.64,6511.6
3.2366,194.63,6511.7
3.2368,194.67,6510.3
3.237,194.76,6505.4
3.2372,194.87,6499.8
3.2374,194.99,6496.4
3.2376,195.1,6495.3
3.2378,195.2,6496.8
3.238,195.27,6499.2
3.2382,195.32,6501.4
3.2384,195.35,6501.3
3.2386,195.36,6500.6
3.2388,195.31,6499.8
3.239,195.2,6497.9
3.2392,195.14,6494.6
3.2394,195.14,6492.5
3.2396,195.2,6493.6
3.2398,195.31,6497.4
3.24,195.39,6498.9
3.2402,195.49,6500.8
3.2404,195.65,6502.8
3.2406,195.86,6502.1
3.2408,195.98,6500.8
3.241,196.02,6502.4
3.2412,195.96,6510.7
3.2414,195.78,6522.6
3.2416,195.65,6529.5
3.2418,195.66,6530.2
3.242,195.67,6526.1
3.2422,195.67,6521.2
3.2424,195.7,6524.5
3.2426,195.73,6533.4
3.2428,195.82,6542.3
3.243,195.99,6547.7
3.2432,196.21,6551.1
3.2434,196.36,6553.5
3.2436,196.42,6555.1
3.2438,196.39,6556.8
3.244,196.34,6559.2
3.2442,196.31,6563.1
3.2444,196.3,6566.9
3.2446,196.27,6571.5
3.2448,196.23,6577.9
3.245,196.26,6583.1
3.2452,196.34,6583
3.2454,196.45,6581.5
3.2456,196.58,6584.3
3.2458,196.72,6589.4
3.246,196.86,6594.5
3.2462,196.96,6599
3.2464,197.03,6605.3
3.2466,197.04,6610.5
3.2468,197.04,6610.4
3.247,197.04,6606.5
3.2472,196.96,6602.6
3.2474,196.8,6602.1
3.2476,196.7,6606.4
3.2478,196.71,6612.5
3.248,196.81,6616.2
3.2482,196.97,6614.1
3.2484,197.13,6608
3.2486,197.25,6602.1
3.2488,197.33,6602.5
3.249,197.41,6605.6
3.2492,197.48,6611
3.2494,197.53,6614.2
3.2496,197.53,6613.2
3.2498,197.48,6606.9
3.25,197.36,6600.4
3.2502,197.29,6596.8
3.2504,197.3,6596.6
3.2506,197.36,6599.7
3.2508,197.49,6601.3
3.251,197.63,6598.9
3.2512,197.75,6591.8
3.2514,197.85,6585.6
3.2516,197.9,6583.2
3.2518,197.95,6583.7
3.252,198.03,6583.2
3.2522,198.12,6581.5
3.2524,198.17,6579.2
3.2526,198.14,6577.8
3.2528,198.02,6576.4
3.253,197.94,6574.9
3.2532,197.92,6573
3.2534,197.96,6569.4
3.2536,198.04,6565
3.2538,198.17,6561.6
3.254,198.32,6559.6
3.2542,198.48,6557.8
3.2544,198.61,6556.4
3.2546,198.68,6555.1
3.2548,198.7,6553.9
3.255,198.7,6553.4
3.2552,198.69,6553.7
3.2554,198.63,6554.5
3.2556,198.52,6554.1
3.2558,198.49,6551.4
3.256,198.56,6546.1
3.2562,198.63,6541.3
3.2564,198.7,6538.8
3.2566,198.76,6538.6
3.2568,198.8,6541
3.257,198.82,6546.5
3.2572,198.88,6551.2
3.2574,198.97,6554.1
3.2576,199.07,6554.8
3.2578,199.17,6552.4
3.258,199.18,6550
3.2582,199.01,6551.3
3.2584,198.79,6558.1
3.2586,198.67,6566.3
3.2588,198.67,6570.6
3.259,198.76,6568
3.2592,198.9,6564.8
3.2594,199.01,6565.7
3.2596,199.09,6574
3.2598,199.19,6588.8
3.26,199.38,6600.5
3.2602,199.54,6601.7
3.2604,199.64,6596.5
3.2606,199.7,6592.2
3.2608,199.69,6597.5
3.261,199.61,6610.1
3.2612,199.54,6620.2
3.2614,199.6,6624.3
3.2616,199.75,6620.3
3.2618,199.89,6613.7
3.262,199.97,6612.7
3.2622,200.02,6620.2
3.2624,200.06,6632
3.2626,200.15,6639.7
3.2628,200.28,6642
3.263,200.42,6642.3
3.2632,200.51,6640.1
3.2634,200.54,6641.3
3.2636,200.51,6644.8
3.2638,200.43,6646.7
3.264,200.28,6647.1
3.2642,200.16,6648.7
3.2644,200.22,6648.3
3.2646,200.37,6645.5
3.2648,200.53,6640.7
3.265,200.64,6636.5
3.2652,200.67,6634.2
3.2654,200.68,6634.9
3.2656,200.72,6641
3.2658,200.81,6644.7
3.266,200.9,6645.6
3.2662,200.95,6641.5
3.2664,200.93,6635.7
3.2666,200.82,6631.5
3.2668,200.74,6631.6
3.267,200.73,6633
3.2672,200.79,6632.9
3.2674,200.87,6632.6
3.2676,200.98,6631.3
3.2678,201.11,6630.3
3.268,201.27,6627.3
3.2682,201.4,6624.8
3.2684,201.52,6623
3.2686,201.62,6622.5
3.2688,201.68,6621
3.269,201.7,6618.7
3.2692,201.64,6615.2
3.2694,201.51,6611.5
3.2696,201.41,6610.7
3.2698,201.38,6609.1
3.27,201.38,6606.1
3.2702,201.44,6602.9
3.2704,201.58,6600.1
3.2706,201.71,6597.6
3.2708,201.85,6597.6
3.271,201.97,6599.2
3.2712,202.1,6598.7
3.2714,202.21,6596.8
3.2716,202.22,6593.8
3.2718,202.2,6590.8
3.272,202.12,6590.3
3.2722,201.99,6591.2
3.2724,201.93,6591.1
3.2726,201.94,6591.1
3.2728,201.99,6590.3
3.273,202.05,6587.5
3.2732,202.09,6583.5
3.2734,202.12,6584.6
3.2736,202.2,6592.8
3.2738,202.32,6605.6
3.274,202.52,6613.4
3.2742,202.72,6612.3
3.2744,202.8,6605.9
3.2746,202.76,6602
3.2748,202.62,6604.9
3.275,202.47,6612
3.2752,202.36,6619.3
3.2754,202.34,6622.6
3.2756,202.38,6623.8
3.2758,202.51,6623.5
3.276,202.69,6625.5
3.2762,202.81,6631.9
3.2764,202.92,6636.9
3.2766,203.01,6640.3
3.2768,203.11,6640
3.277,203.18,6640.2
3.2772,203.25,6643.6
3.2774,203.3,6649.5
3.2776,203.28,6655.2
3.2778,203.13,6658.3
3.278,203.02,6659.3
3.2782,202.95,6660.3
3.2784,202.96,6659.6
3.2786,203.04,6657
3.2788,203.14,6655.6
3.279,203.29,6657.6
3.2792,203.42,6660.9
3.2794,203.53,6663.8
3.2796,203.61,6667.2
3.2798,203.66,6670.5
3.28,203.64,6670.9
3.2802,203.58,6671.6
3.2804,203.46,6673
3.2806,203.33,6676.4
3.2808,203.31,6680.2
3.281,203.39,6682.9
3.2812,203.49,6682.7
3.2814,203.57,6680.2
3.2816,203.65,6677.4
3.2818,203.74,6677.4
3.282,203.83,6680.3
3.2822,203.95,6685.3
3.2824,204.07,6689.2
3.2826,204.16,6690.6
3.2828,204.2,6687.9
3.283,204.16,6683.2
3.2832,204.01,6681.3
3.2834,203.85,6681.2
3.2836,203.76,6682.6
3.2838,203.77,6684.2
3.284,203.88,6683
3.2842,204.05,6680.6
3.2844,204.21,6676.2
3.2846,204.35,6672.1
3.2848,204.46,6668.9
3.285,204.55,6668.4
3.2852,204.62,6669.3
3.2854,204.67,6669.6
3.2856,204.69,6666.8
3.2858,204.67,6662.3
3.286,204.61,6657.8
3.2862,204.47,6656.5
3.2864,204.39,6657.9
3.2866,204.39,6656.1
3.2868,204.48,6651.2
3.287,204.6,6644.7
3.2872,204.72,6642.2
3.2874,204.88,6642.7
3.2876,205.01,6644.6
3.2878,205.1,6644
3.288,205.2,6641.5
3.2882,205.26,6637.5
3.2884,205.25,6631.4
3.2886,205.16,6630.1
3.2888,205.03,6632.7
3.289,204.94,6635.5
3.2892,204.86,6635.4
3.2894,204.86,6633.6
3.2896,204.94,6633
3.2898,205.04,6632.9
3.29,205.15,6633.4
3.2902,205.29,6637.4
3.2904,205.42,6641.4
3.2906,205.53,6641.4
3.2908,205.63,6638.5
3.291,205.72,6636.6
3.2912,205.78,6636.3
3.2914,205.76,6638
3.2916,205.63,6642.6
3.2918,205.49,6649.8
3.292,205.43,6654.4
3.2922,205.49,6653.7
3.2924,205.64,6650.5
3.2926,205.83,6650.4
3.2928,205.98,6654.6
3.293,206.08,6660.7
3.2932,206.17,6667.8
3.2934,206.34,6671.7
3.2936,206.44,6670.1
3.2938,206.48,6664.5
3.294,206.49,6661.9
3.2942,206.39,6665.5
3.2944,206.23,6673.8
3.2946,206.15,6681.1
3.2948,206.18,6683.7
3.295,206.25,6682.2
3.2952,206.33,6677.5
3.2954,206.44,6679.1
3.2956,206.53,6691.4
3.2958,206.72,6702.9
3.296,206.88,6706.3
3.2962,206.97,6701.6
3.2964,207.04,6696.1
3.2966,207.06,6693.5
3.2968,207.01,6696
3.297,206.91,6702.7
3.2972,206.74,6709
3.2974,206.63,6709.2
3.2976,206.62,6706
3.2978,206.7,6701.8
3.298,206.82,6700.8
3.2982,206.95,6705.5
3.2984,207.1,6710.9
3.2986,207.26,6712.6
3.2988,207.4,6708.7
3.299,207.51,6703.9
3.2992,207.56,6700.3
3.2994,207.56,6700.5
3.2996,207.5,6703.5
3.2998,207.42,6706.4
3.3,207.29,6704.9
3.3002,207.2,6700.2
3.3004,207.19,6694.7
3.3006,207.22,6692.1
3.3008,207.29,6690.5
3.301,207.38,6690.5
3.3012,207.47,6687.6
3.3014,207.61,6684
3.3016,207.73,6680.3
3.3018,207.8,6677.4
3.302,207.81,6677.7
3.3022,207.79,6677.7
3.3024,207.73,6676.1
3.3026,207.64,6671.6
3.3028,207.59,6665.4
3.303,207.6,6659.7
3.3032,207.6,6657.5
3.3034,207.63,6657.8
3.3036,207.7,6657
3.3038,207.82,6656
3.304,207.98,6653.2
3.3042,208.13,6650.2
3.3044,208.24,6648.4
3.3046,208.34,6647.1
3.3048,208.39,6645.8
3.305,208.39,6644.6
3.3052,208.36,6645
3.3054,208.29,6645.9
3.3056,208.19,6642.8
3.3058,208.13,6640.1
3.306,208.13,6639.9
3.3062,208.18,6641.6
3.3064,208.26,6644.1
3.3066,208.35,6643.5
3.3068,208.5,6639
3.307,208.64,6637.6
3.3072,208.76,6641.8
3.3074,208.88,6647.4
3.3076,208.91,6652.5
3.3078,208.88,6658
3.308,208.83,6658.5
3.3082,208.7,6654.7
3.3084,208.63,6651.8
3.3086,208.63,6653.8
3.3088,208.67,6659.2
3.309,208.74,6663.6
3.3092,208.82,6665.3
3.3094,208.9,6662.4
3.3096,208.99,6657.3
3.3098,209.1,6653.8
3.31,209.23,6654.8
3.3102,209.33,6659.2
3.3104,209.37,6665.2
3.3106,209.31,6671.8
3.3108,209.2,6678.1
3.311,209.05,6681.1
3.3112,208.97,6680.4
3.3114,208.98,6678.1
3.3116,209.06,6675.6
3.3118,209.16,6674.9
3.312,209.23,6676.6
3.3122,209.32,6681.8
3.3124,209.44,6691.8
3.3126,209.65,6697
3.3128,209.82,6695
3.313,209.88,6689.6
3.3132,209.92,6685.3
3.3134,209.88,6682.9
3.3136,209.75,6685.9
3.3138,209.55,6690.9
3.314,209.37,6694
3.3142,209.26,6695.4
3.3144,209.28,6694.4
3.3146,209.4,6690.4
3.3148,209.53,6684.1
3.315,209.69,6680.1
3.3152,209.8,6679.6
3.3154,209.87,6681.6
3.3156,209.92,6687
3.3158,209.94,6690.2
3.316,209.97,6689.7
3.3162,210,6686.3
3.3164,210.01,6681
3.3166,209.97,6675.3
3.3168,209.85,6672.9
3.317,209.77,6675.2
3.3172,209.78,6678.1
3.3174,209.88,6677.1
3.3176,210.04,6670
3.3178,210.21,6661.5
3.318,210.35,6654.4
3.3182,210.46,6650.9
3.3184,210.51,6651.4
3.3186,210.55,6652.7
3.3188,210.55,6652.8
3.319,210.51,6648.3
3.3192,210.44,6643.1
3.3194,210.32,6639.3
3.3196,210.26,6636.9
3.3198,210.25,6637.2
3.32,210.29,6637.4
3.3202,210.36,6635
3.3204,210.46,6629.1
3.3206,210.6,6622.8
3.3208,210.73,6618.2
3.321,210.83,6616.4
3.3212,210.91,6617.1
3.3214,210.93,6619.6
3.3216,210.9,6619.9
3.3218,210.85,6618.7
3.322,210.75,6617.3
3.3222,210.71,6615.1
3.3224,210.67,6613.1
3.3226,210.64,6611.2
3.3228,210.65,6611.2
3.323,210.68,6611.8
3.3232,210.75,6611.3
3.3234,210.86,6613.4
3.3236,210.98,6618
3.3238,211.19,6620.4
3.324,211.38,6618.6
3.3242,211.49,6616.6
3.3244,211.55,6615.9
3.3246,211.53,6616.7
3.3248,211.4,6619.8
3.325,211.27,6623.7
3.3252,211.18,6627.5
3.3254,211.16,6629.1
3.3256,211.21,6627.5
3.3258,211.31,6624.6
3.326,211.45,6626.1
3.3262,211.61,6629.3
3.3264,211.77,6631.3
3.3266,211.88,6634.4
3.3268,211.95,6640.8
3.327,212.05,6643.3
3.3272,212.05,6640.9
3.3274,211.97,6637.2
3.3276,211.88,6636.5
3.3278,211.82,6638.5
3.328,211.83,6640.9
3.3282,211.86,6643.8
3.3284,211.88,6647
3.3286,211.92,6647.7
3.3288,211.97,6647.1
3.329,212.08,6650.7
3.3292,212.19,6654.5
3.3294,212.31,6654.8
3.3296,212.43,6654.2
3.3298,212.55,6655.1
3.33,212.59,6657.6
3.3302,212.55,6661.2
3.3304,212.41,6665.7
3.3306,212.21,6668.4
3.3308,212.1,6670.8
3.331,212.17,6671.4
3.3312,212.34,6670.2
3.3314,212.54,6665.9
3.3316,212.71,6664.3
3.3318,212.84,6665.2
3.332,212.93,6669.2
3.3322,213.03,6673.1
3.3324,213.17,6674.9
3.3326,213.26,6673
3.3328,213.26,6667.5
3.333,213.19,6662.2
3.3332,213.03,6658.3
3.3334,212.93,6657.1
3.3336,212.91,6658
3.3338,212.97,6656.9
3.334,213.1,6654.3
3.3342,213.27,6650.4
3.3344,213.44,6646.6
3.3346,213.55,6644.9
3.3348,213.66,6644.8
3.335,213.75,6643.6
3.3352,213.8,6643.2
3.3354,213.84,6642.9
3.3356,213.81,6640
3.3358,213.71,6634.9
3.336,213.63,6629.9
3.3362,213.56,6629
3.3364,213.51,6628.2
3.3366,213.5,6625.5
3.3368,213.52,6623.6
3.337,213.62,6622
3.3372,213.79,6620.3
3.3374,213.93,6617.4
3.3376,214.06,6615.5
3.3378,214.14,6613.1
3.338,214.16,6612.1
3.3382,214.17,6611.2
3.3384,214.19,6612.1
3.3386,214.14,6614.3
3.3388,214.08,6612.4
3.339,214.03,6608.5
3.3392,213.97,6605.6
3.3394,213.93,6604.8
3.3396,213.95,6605.7
3.3398,214.01,6607.6
3.34,214.12,6610.9
3.3402,214.33,6613
3.3404,214.51,6608.9
3.3406,214.59,6605.1
3.3408,214.59,6606
3.341,214.55,6610.3
3.3412,214.47,6613
3.3414,214.41,6614.2
3.3416,214.3,6614.6
3.3418,214.19,6616.8
3.342,214.17,6620.7
3.3422,214.22,6624.4
3.3424,214.33,6623.2
3.3426,214.5,6619.9
3.3428,214.67,6619.1
3.343,214.82,6623.5
3.3432,215,6631.6
3.3434,215.17,6640.2
3.3436,215.22,6645.4
3.3438,215.21,6645.1
3.344,215.17,6641.5
3.3442,215.07,6640.7
3.3444,215.01,6644
3.3446,215.05,6647.6
3.3448,215.07,6649.7
3.345,215.06,6651.8
3.3452,215.08,6653.6
3.3454,215.18,6654
3.3456,215.33,6654.2
3.3458,215.5,6652.3
3.346,215.65,6650.8
3.3462,215.77,6651.8
3.3464,215.78,6656.5
3.3466,215.76,6662.1
3.3468,215.71,6665.6
3.347,215.59,6663.7
3.3472,215.44,6657.8
3.3474,215.29,6654.5
3.3476,215.2,6655.6
3.3478,215.2,6658
3.348,215.28,6660.3
3.3482,215.45,6660.6
3.3484,215.64,6658
3.3486,215.78,6653.6
3.3488,215.87,6650.7
3.349,215.9,6650.9
3.3492,215.92,6653.9
3.3494,215.9,6657.9
3.3496,215.87,6660.1
3.3498,215.83,6657.7
3.35,215.73,6648.8
3.3502,215.62,6640.3
3.3504,215.55,6637.5
3.3506,215.56,6639.1
3.3508,215.67,6641.6
3.351,215.85,6639.9
3.3512,216.04,6634.3
3.3514,216.21,6629.2
3.3516,216.32,6627.4
3.3518,216.35,6628.1
3.352,216.36,6629.6
3.3522,216.35,6626.9
3.3524,216.29,6621.5
3.3526,216.14,6615.9
3.3528,216.02,6615.6
3.353,215.98,6616.7
3.3532,216.02,6613.7
3.3534,216.11,6608.1
3.3536,216.23,6602.1
3.3538,216.37,6596.9
3.354,216.49,6594.2
3.3542,216.61,6593.8
3.3544,216.69,6593.8
3.3546,216.7,6594.3
3.3548,216.73,6595.2
3.355,216.76,6594.2
3.3552,216.71,6595.3
3.3554,216.63,6595.9
3.3556,216.52,6596.7
3.3558,216.4,6597.2
3.356,216.35,6598.8
3.3562,216.38,6596.4
3.3564,216.47,6590.3
3.3566,216.6,6586.3
3.3568,216.79,6586.2
3.357,216.95,6593.5
3.3572,217.04,6601.7
3.3574,217.13,6603.4
3.3576,217.16,6600
3.3578,217.15,6595.4
3.358,217.07,6592.9
3.3582,216.86,6592.4
3.3584,216.64,6594.3
3.3586,216.49,6598.2
3.3588,216.5,6600
3.359,216.64,6600.8
3.3592,216.84,6600.2
3.3594,217.04,6599.6
3.3596,217.19,6600.9
3.3598,217.3,6605.8
3.36,217.37,6614.3
3.3602,217.37,6620.2
3.3604,217.33,6619.1
3.3606,217.28,6612.9
3.3608,217.23,6611
3.361,217.16,6618
3.3612,217.1,6627.1
3.3614,217.05,6632.5
3.3616,217.07,6632.3
3.3618,217.18,6628.5
3.362,217.37,6624
3.3622,217.59,6620.8
3.3624,217.76,6620.9
3.3626,217.87,6624.3
3.3628,217.91,6628.4
3.363,217.88,6630.3
3.3632,217.82,6629.9
3.3634,217.77,6627.6
3.3636,217.69,6623.9
3.3638,217.59,6620.7
3.364,217.44,6621.7
3.3642,217.32,6626.5
3.3644,217.31,6629.9
3.3646,217.37,6627.4
3.3648,217.54,6620.9
3.365,217.74,6613.9
3.3652,217.88,6610.2
3.3654,217.97,6612.6
3.3656,218,6619.8
3.3658,218.03,6624.1
3.366,218.05,6624.4
3.3662,218.02,6620.4
3.3664,217.96,6615.5
3.3666,217.83,6611
3.3668,217.71,6608.5
3.367,217.59,6609.5
3.3672,217.53,6611.7
3.3674,217.6,6611.2
3.3676,217.74,6606.1
3.3678,217.95,6599.1
3.368,218.15,6597.5
3.3682,218.31,6603.4
3.3684,218.51,6609
3.3686,218.63,6610.6
3.3688,218.63,6606.8
3.369,218.66,6599.6
3.3692,218.62,6593.9
3.3694,218.48,6591.6
3.3696,218.38,6592.5
3.3698,218.33,6594.4
3.37,218.36,6594.6
3.3702,218.49,6592.5
3.3704,218.7,6588.3
3.3706,218.92,6584.2
3.3708,219.09,6582.5
3.371,219.2,6583.7
3.3712,219.24,6585.2
3.3714,219.22,6586.3
3.3716,219.2,6585.4
3.3718,219.17,6582.2
3.372,219.13,6579.2
3.3722,219.01,6579.1
3.3724,218.96,6580.2
3.3726,218.98,6582.8
3.3728,219.01,6582.4
3.373,219.06,6577.7
3.3732,219.12,6572.8
3.3734,219.19,6572.5
3.3736,219.3,6573.8
3.3738,219.46,6577
3.374,219.6,6580
3.3742,219.65,6580.9
3.3744,219.64,6580.3
3.3746,219.53,6583.2
3.3748,219.35,6587.8
3.375,219.25,6586.4
3.3752,219.21,6581.4
3.3754,219.22,6578.1
3.3756,219.3,6576.4
3.3758,219.38,6576.1
3.376,219.49,6579.1
3.3762,219.61,6585.3
3.3764,219.76,6591.8
3.3766,219.91,6594.9
3.3768,220.01,6595.6
3.377,220.09,6594.6
3.3772,220.13,6592.3
3.3774,220.12,6591.6
3.3776,219.98,6597.1
3.3778,219.85,6606.5
3.378,219.74,6612.4
3.3782,219.7,6612.1
3.3784,219.78,6608.8
3.3786,219.92,6605.9
3.3788,220.09,6606.6
3.379,220.29,6613.6
3.3792,220.52,6624.7
3.3794,220.71,6629.8
3.3796,220.78,6626.2
3.3798,220.78,6620.4
3.38,220.71,6616.1
3.3802,220.57,6615.9
3.3804,220.39,6620.1
3.3806,220.26,6625.8
3.3808,220.21,6629.6
3.381,220.24,6628.6
3.3812,220.33,6625.5
3.3814,220.46,6624.8
3.3816,220.61,6624
3.3818,220.81,6624.6
3.382,221.05,6625.2
3.3822,221.25,6627.7
3.3824,221.35,6630.6
3.3826,221.34,6631.8
3.3828,221.24,6632
3.383,221.13,6627.6
3.3832,221,6619.3
3.3834,220.89,6614.7
3.3836,220.86,6615.4
3.3838,220.89,6619.1
3.384,220.96,6620.9
3.3842,221.08,6620.5
3.3844,221.26,6616.2
3.3846,221.43,6610.4
3.3848,221.57,6606.1
3.385,221.64,6604.6
3.3852,221.67,6604.2
3.3854,221.66,6604.1
3.3856,221.63,6604.6
3.3858,221.55,6603
3.386,221.43,6597.6
3.3862,221.36,6590.4
3.3864,221.31,6585.4
3.3866,221.3,6582.6
3.3868,221.37,6582.9
3.387,221.52,6582.6
3.3872,221.73,6580
3.3874,221.9,6575.6
3.3876,222,6571.4
3.3878,222.04,6568.2
3.388,222.01,6565.9
3.3882,221.96,6566.3
3.3884,221.94,6571
3.3886,221.9,6577.4
3.3888,221.87,6578.1
3.389,221.87,6572.4
3.3892,221.92,6566.1
3.3894,221.99,6561.5
3.3896,222,6562.6
3.3898,221.99,6567.5
3.39,221.99,6572.2
3.3902,222.05,6575.7
3.3904,222.21,6574.7
3.3906,222.43,6569.4
3.3908,222.57,6563.4
3.391,222.55,6561.5
3.3912,222.33,6565.5
3.3914,222.05,6572.8
3.3916,221.89,6578
3.3918,221.9,6578.5
3.392,222.04,6573.3
3.3922,222.24,6568.5
3.3924,222.35,6566.5
3.3926,222.39,6568.8
3.3928,222.41,6574.9
3.393,222.43,6580.4
3.3932,222.51,6581.2
3.3934,222.63,6579.1
3.3936,222.79,6578.1
3.3938,222.86,6577.6
3.394,222.78,6575.5
3.3942,222.62,6576.7
3.3944,222.51,6582
3.3946,222.5,6588
3.3948,222.53,6590.3
3.395,222.61,6590.3
3.3952,222.73,6586.6
3.3954,222.87,6582.8
3.3956,222.98,6584
3.3958,223.12,6590
3.396,223.24,6596.8
3.3962,223.35,6596.9
3.3964,223.42,6592.9
3.3966,223.42,6587.1
3.3968,223.32,6583.6
3.397,223.09,6583.5
3.3972,222.9,6586.1
3.3974,222.84,6588.8
3.3976,222.88,6587.5
3.3978,222.96,6583.2
3.398,223.06,6579.4
3.3982,223.15,6578.3
3.3984,223.23,6578.9
3.3986,223.31,6580
3.3988,223.39,6580.7
3.399,223.5,6580.8
3.3992,223.57,6581.2
3.3994,223.56,6580.3
3.3996,223.46,6578.9
3.3998,223.31,6577
3.4,223.17,6574.6
3.4002,223.07,6572.2
3.4004,223.06,6571.5
3.4006,223.14,6570.1
3.4008,223.31,6568.3
3.401,223.49,6567.9
3.4012,223.66,6567.7
3.4014,223.77,6562.8
3.4016,223.83,6555.8
3.4018,223.87,6551.5
3.402,223.85,6551.6
3.4022,223.81,6553.5
3.4024,223.76,6552.4
3.4026,223.63,6549.5
3.4028,223.53,6545.4
3.403,223.49,6540.8
3.4032,223.48,6535.7
3.4034,223.52,6532.1
3.4036,223.62,6530.6
3.4038,223.77,6528.8
3.404,223.9,6525.4
3.4042,224,6521.2
3.4044,224.06,6518.3
3.4046,224.07,6517.4
3.4048,224.03,6516.5
3.405,223.95,6517.4
3.4052,223.8,6516.8
3.4054,223.68,6514.3
3.4056,223.6,6510.9
3.4058,223.55,6508.1
3.406,223.48,6504.9
3.4062,223.42,6501.6
3.4064,223.45,6499.8
3.4066,223.57,6499.5
3.4068,223.75,6498.6
3.407,223.9,6498.2
3.4072,224.06,6501.3
3.4074,224.17,6505.3
3.4076,224.16,6507.9
3.4078,224.1,6506
3.408,223.98,6503
3.4082,223.82,6499.6
3.4084,223.69,6497.1
3.4086,223.58,6497.5
3.4088,223.54,6500.7
3.409,223.61,6502.7
3.4092,223.75,6500.9
3.4094,223.94,6497.6
3.4096,224.13,6497.2
3.4098,224.26,6500
3.41,224.3,6504.1
3.4102,224.31,6510.2
3.4104,224.33,6512.5
3.4106,224.37,6508.7
3.4108,224.36,6503.4
3.411,224.25,6502.9
3.4112,224.02,6509
3.4114,223.88,6515
3.4116,223.83,6518
3.4118,223.91,6521.1
3.412,224.12,6518.3
3.4122,224.35,6512.9
3.4124,224.5,6512.4
3.4126,224.62,6515.3
3.4128,224.78,6518.8
3.413,224.84,6524.1
3.4132,224.77,6528
3.4134,224.67,6524.3
3.4136,224.49,6515.8
3.4138,224.37,6509.2
3.414,224.32,6506.1
3.4142,224.28,6507.2
3.4144,224.3,6514.2
3.4146,224.35,6520.8
3.4148,224.41,6520.8
3.415,224.49,6515.2
3.4152,224.56,6509.4
3.4154,224.64,6506.3
3.4156,224.76,6507
3.4158,224.91,6510.4
3.416,224.98,6513
3.4162,224.95,6513.4
3.4164,224.8,6510.8
3.4166,224.6,6505.7
3.4168,224.47,6501.5
3.417,224.46,6501.1
3.4172,224.54,6502.1
3.4174,224.69,6502.3
3.4176,224.86,6499
3.4178,225.02,6494.2
3.418,225.14,6489.7
3.4182,225.23,6490.2
3.4184,225.29,6492.9
3.4186,225.32,6493.2
3.4188,225.33,6490.2
3.419,225.31,6485.2
3.4192,225.24,6480.1
3.4194,225.05,6476.9
3.4196,224.83,6475.8
3.4198,224.73,6475.1
3.42,224.78,6472.8
3.4202,224.95,6468.3
3.4204,225.15,6464.6
3.4206,225.33,6460.6
3.4208,225.41,6458.5
3.421,225.45,6460.1
3.4212,225.5,6461.2
3.4214,225.54,6460.7
3.4216,225.57,6459.3
3.4218,225.51,6458.4
3.422,225.37,6458.8
3.4222,225.26,6458.7
3.4224,225.15,6456.3
3.4226,225.09,6455.2
3.4228,225.1,6456
3.423,225.22,6457.1
3.4232,225.39,6456.4
3.4234,225.58,6455.2
3.4236,225.73,6453
3.4238,225.81,6449.9
3.424,225.86,6448.3
3.4242,225.87,6449.2
3.4244,225.85,6453
3.4246,225.79,6459.6
3.4248,225.66,6465.6
3.425,225.57,6465.7
3.4252,225.55,6461.6
3.4254,225.56,6456
3.4256,225.63,6452.2
3.4258,225.71,6453.5
3.426,225.81,6455.6
3.4262,225.91,6454.7
3.4264,225.99,6453.9
3.4266,226.04,6454.4
3.4268,226.07,6457.6
3.427,226,6463.3
3.4272,225.89,6465.7
3.4274,225.76,6462.1
3.4276,225.58,6456.8
3.4278,225.42,6456.9
3.428,225.31,6459.8
3.4282,225.25,6461.8
3.4284,225.27,6463.1
3.4286,225.39,6464
3.4288,225.58,6463.7
3.429,225.8,6465.9
3.4292,225.96,6471.5
3.4294,226.04,6473.1
3.4296,226.05,6472.5
3.4298,226,6471.1
3.43,225.92,6468.3
3.4302,225.8,6466.9
3.4304,225.76,6470.5
3.4306,225.75,6474.9
3.4308,225.68,6477.6
3.431,225.58,6476.4
3.4312,225.53,6472.2
3.4314,225.53,6470.3
3.4316,225.65,6467.8
3.4318,225.84,6467.8
3.432,226.03,6470.7
3.4322,226.18,6473
3.4324,226.17,6473.9
3.4326,226.09,6472.4
3.4328,225.97,6470.4
3.433,225.82,6468.3
3.4332,225.68,6467.6
3.4334,225.56,6466.1
3.4336,225.49,6464.7
3.4338,225.5,6463.2
3.434,225.53,6462.4
3.4342,225.65,6462.5
3.4344,225.86,6460.6
3.4346,226.05,6456.6
3.4348,226.2,6450.8
3.435,226.23,6448
3.4352,226.18,6447.3
3.4354,226.11,6449.4
3.4356,226.03,6450.2
3.4358,225.94,6448
3.436,225.82,6442.1
3.4362,225.7,6435.3
3.4364,225.57,6430.9
3.4366,225.45,6431.2
3.4368,225.46,6432.6
3.437,225.62,6431.2
3.4372,225.89,6427.5
3.4374,226.14,6422.5
3.4376,226.28,6418.5
3.4378,226.29,6417.3
3.438,226.26,6415.3
3.4382,226.22,6413.7
3.4384,226.17,6416
3.4386,226.08,6421.7
3.4388,226.03,6421.9
3.439,226.01,6415.5
3.4392,226,6409.3
3.4394,226,6406.5
3.4396,225.99,6405.2
3.4398,226.03,6405.7
3.44,226.17,6408.3
3.4402,226.39,6405.9
3.4404,226.58,6399.6
3.4406,226.67,6395.1
3.4408,226.64,6394.2
3.441,226.54,6399.3
3.4412,226.38,6406.5
3.4414,226.21,6410.9
3.4416,226.04,6407.2
3.4418,225.99,6400.3
3.442,225.97,6394.8
3.4422,226,6393.7
3.4424,226.04,6396.1
3.4426,226.1,6399.4
3.4428,226.19,6402.2
3.443,226.31,6403
3.4432,226.46,6404.2
3.4434,226.63,6407.3
3.4436,226.7,6410.3
3.4438,226.65,6411.7
3.444,226.51,6412.2
3.4442,226.34,6412.6
3.4444,226.21,6412.7
3.4446,226.13,6414.3
3.4448,226.09,6417.8
3.445,226.11,6419.8
3.4452,226.22,6419.7
3.4454,226.38,6418.7
3.4456,226.58,6420
3.4458,226.75,6423.5
3.446,226.9,6426.4
3.4462,227.01,6428
3.4464,227.08,6429.2
3.4466,227.04,6428.4
3.4468,226.88,6427.6
3.447,226.67,6427.9
3.4472,226.6,6429.6
3.4474,226.59,6431.8
3.4476,226.62,6432.8
3.4478,226.68,6433.3
3.448,226.79,6430.5
3.4482,226.92,6426.5
3.4484,227.05,6423.8
3.4486,227.16,6423
3.4488,227.22,6421.7
3.449,227.25,6422.3
3.4492,227.22,6423.5
3.4494,227.15,6425.4
3.4496,227.05,6425.3
3.4498,226.9,6424.7
3.45,226.77,6423.3
3.4502,226.71,6420.9
3.4504,226.73,6419.7
3.4506,226.88,6421.1
3.4508,227.1,6422.3
3.451,227.32,6421.2
3.4512,227.5,6416
3.4514,227.6,6410.5
3.4516,227.64,6406.6
3.4518,227.64,6406.4
3.452,227.62,6409.5
3.4522,227.6,6411.9
3.4524,227.54,6409
3.4526,227.39,6403.4
3.4528,227.29,6398.4
3.453,227.24,6396.3
3.4532,227.24,6394.9
3.4534,227.33,6393.4
3.4536,227.44,6391.3
3.4538,227.58,6388.2
3.454,227.7,6383.9
3.4542,227.79,6380.7
3.4544,227.83,6380.3
3.4546,227.86,6380.9
3.4548,227.87,6381.3
3.455,227.8,6382.6
3.4552,227.71,6381.6
3.4554,227.57,6379
3.4556,227.45,6376
3.4558,227.41,6375.4
3.456,227.43,6376.4
3.4562,227.54,6375.3
3.4564,227.69,6375.5
3.4566,227.86,6376
3.4568,228.03,6374.8
3.457,228.16,6374.8
3.4572,228.28,6374.8
3.4574,228.36,6371.7
3.4576,228.36,6366.5
3.4578,228.25,6368.5
3.458,228.04,6376.2
3.4582,227.9,6380.2
3.4584,227.83,6379.5
3.4586,227.79,6378.6
3.4588,227.84,6377.1
3.459,227.94,6372.9
3.4592,228.08,6367.9
3.4594,228.23,6366.8
3.4596,228.36,6367.8
3.4598,228.43,6370.1
3.46,228.44,6371.3
3.4602,228.34,6373.8
3.4604,228.23,6374.7
3.4606,228.14,6373.5
3.4608,228.05,6372.2
3.461,227.93,6373.3
3.4612,227.81,6376.2
3.4614,227.75,6378.6
3.4616,227.77,6379.1
3.4618,227.86,6379.3
3.462,227.98,6378.5
3.4622,228.09,6375.7
3.4624,228.15,6374.9
3.4626,228.21,6375.5
3.4628,228.29,6377.9
3.463,228.35,6382.8
3.4632,228.38,6387.5
3.4634,228.34,6388.9
3.4636,228.18,6385.1
3.4638,227.96,6380.4
3.464,227.82,6378.6
3.4642,227.79,6379.7
3.4644,227.85,6384.3
3.4646,227.98,6390.9
3.4648,228.11,6394.5
3.465,228.22,6390.8
3.4652,228.32,6385.3
3.4654,228.4,6382.3
3.4656,228.47,6380.7
3.4658,228.52,6382.3
3.466,228.54,6388.4
3.4662,228.48,6391.8
3.4664,228.35,6391.1
3.4666,228.12,6386.3
3.4668,227.94,6381.4
3.467,227.89,6379.1
3.4672,227.98,6379.1
3.4674,228.14,6380.4
3.4676,228.3,6380.2
3.4678,228.4,6376.4
3.468,228.44,6370.5
3.4682,228.44,6366.6
3.4684,228.44,6365.6
3.4686,228.46,6367.3
3.4688,228.45,6371.2
3.469,228.4,6370.6
3.4692,228.24,6365.5
3.4694,228.04,6360.1
3.4696,227.86,6357.5
3.4698,227.74,6356.4
3.47,227.76,6356.1
3.4702,227.91,6355.3
3.4704,228.11,6354
3.4706,228.3,6352.1
3.4708,228.44,6348.9
3.471,228.51,6345
3.4712,228.5,6343.5
3.4714,228.48,6343.8
3.4716,228.41,6343.4
3.4718,228.28,6340.5
3.472,228.09,6338.3
3.4722,227.93,6338.2
3.4724,227.83,6339.5
3.4726,227.82,6342.7
3.4728,227.88,6345.1
3.473,228.04,6342.2
3.4732,228.22,6334.6
3.4734,228.36,6328.7
3.4736,228.42,6329
3.4738,228.4,6334.2
3.474,228.39,6339.9
3.4742,228.44,6342
3.4744,228.5,6345.2
3.4746,228.5,6350.9
3.4748,228.36,6353.3
3.475,228.21,6348.8
3.4752,228.15,6340.4
3.4754,228.15,6335.9
3.4756,228.19,6338.7
3.4758,228.26,6344.8
3.476,228.34,6349.1
3.4762,228.44,6352.7
3.4764,228.52,6350.6
3.4766,228.57,6345.6
3.4768,228.65,6343.2
3.477,228.68,6345.6
3.4772,228.55,6350.2
3.4774,228.34,6356
3.4776,228.08,6364.9
3.4778,227.96,6372.6
3.478,228.1,6374.6
3.4782,228.35,6372
3.4784,228.6,6369.4
3.4786,228.73,6366.5
3.4788,228.7,6365.1
3.479,228.59,6371.6
3.4792,228.6,6381.7
3.4794,228.78,6384.8
3.4796,228.97,6383.6
3.4798,229.11,6381.9
3.48,229.08,6380.2
3.4802,228.82,6379.1
3.4804,228.58,6380.2
3.4806,228.43,6381.5
3.4808,228.39,6381.8
3.481,228.44,6381.8
3.4812,228.57,6383.4
3.4814,228.72,6385.5
3.4816,228.85,6384.8
3.4818,228.95,6381.9
3.482,229,6379.3
3.4822,229.02,6377.8
3.4824,229.05,6378.6
3.4826,229.06,6381.3
3.4828,229.02,6384.2
3.483,228.91,6383.1
3.4832,228.74,6380
3.4834,228.57,6376.5
3.4836,228.49,6372.1
3.4838,228.52,6368.9
3.484,228.61,6369.9
3.4842,228.78,6373.8
3.4844,228.96,6376
3.4846,229.08,6373.6
3.4848,229.16,6369.2
3.485,229.22,6364.4
3.4852,229.23,6362.6
3.4854,229.22,6365
3.4856,229.14,6366.9
3.4858,228.97,6362.4
3.486,228.81,6356.7
3.4862,228.72,6354.1
3.4864,228.68,6353.3
3.4866,228.7,6353.2
3.4868,228.79,6354.3
3.487,228.93,6355.1
3.4872,229.06,6351.7
3.4874,229.19,6346.6
3.4876,229.28,6344.8
3.4878,229.36,6346.4
3.488,229.37,6347.5
3.4882,229.33,6346.7
3.4884,229.26,6345.9
3.4886,229.13,6344.6
3.4888,229.01,6343.9
3.489,229,6344.5
3.4892,229.02,6344.5
3.4894,229.09,6342.2
3.4896,229.17,6339.2
3.4898,229.25,6337
3.49,229.35,6335.5
3.4902,229.45,6336
3.4904,229.57,6336.3
3.4906,229.66,6337
3.4908,229.67,6336.9
3.491,229.58,6336.7
3.4912,229.43,6336
3.4914,229.23,6335.7
3.4916,229.08,6333.7
3.4918,229.05,6332.8
3.492,229.06,6335
3.4922,229.09,6338.6
3.4924,229.14,6342.2
3.4926,229.26,6345.5
3.4928,229.45,6348.2
3.493,229.63,6348.9
3.4932,229.71,6348.3
3.4934,229.77,6347.6
3.4936,229.8,6350.5
3.4938,229.77,6354.2
3.494,229.64,6355.9
3.4942,229.42,6359
3.4944,229.19,6361.1
3.4946,229.09,6363.9
3.4948,229.18,6367
3.495,229.38,6367.3
3.4952,229.6,6367.2
3.4954,229.78,6368.5
3.4956,229.86,6370.5
3.4958,229.9,6371.9
3.496,229.94,6373.9
3.4962,229.99,6374
3.4964,230.08,6374.2
3.4966,230.13,6375.7
3.4968,230.06,6375
3.497,229.89,6372.9
3.4972,229.67,6372.1
3.4974,229.46,6374.6
3.4976,229.37,6377.5
3.4978,229.48,6377.4
3.498,229.76,6375.5
3.4982,230.04,6371.9
3.4984,230.2,6367.5
3.4986,230.18,6367.8
3.4988,230.05,6371.5
3.499,229.94,6373.1
3.4992,229.89,6372
3.4994,229.88,6371
3.4996,229.84,6367.6
3.4998,229.69,6363.6
3.5,229.45,6364
3.5002,229.29,6369.4
3.5004,229.29,6373
3.5006,229.44,6370.2
3.5008,229.65,6363.8
3.501,229.83,6359.4
3.5012,229.93,6355.7
3.5014,229.96,6354
3.5016,229.93,6352.7
3.5018,229.92,6352.4
3.502,229.88,6353.2
3.5022,229.84,6353.2
3.5024,229.77,6350.1
3.5026,229.61,6346
3.5028,229.44,6340.3
3.503,229.35,6338.2
3.5032,229.34,6340.6
3.5034,229.42,6342
3.5036,229.59,6340.6
3.5038,229.79,6336.2
3.504,229.93,6332.3
3.5042,229.97,6328
3.5044,229.95,6326.1
3.5046,229.9,6326
3.5048,229.87,6326.3
3.505,229.85,6325.9
3.5052,229.79,6325.6
3.5054,229.65,6324.8
3.5056,229.45,6323.1
3.5058,229.31,6320.6
3.506,229.33,6319.7
3.5062,229.47,6318.4
3.5064,229.62,6317.6
3.5066,229.8,6315
3.5068,229.91,6314
3.507,229.96,6316.6
3.5072,229.99,6318.7
3.5074,230.02,6318.5
3.5076,230.08,6319
3.5078,230.05,6319.3
3.508,229.91,6321.9
3.5082,229.71,6325.2
3.5084,229.58,6324.1
3.5086,229.5,6320.2
3.5088,229.5,6318
3.509,229.61,6320.7
3.5092,229.75,6327
3.5094,229.86,6335.5
3.5096,229.96,6342.1
3.5098,230.07,6343
3.51,230.21,6341.5
3.5102,230.37,6341.4
3.5104,230.43,6344.3
3.5106,230.37,6346.2
3.5108,230.17,6346.1
3.511,229.99,6344.9
3.5112,229.91,6346.3
3.5114,229.88,6348.1
3.5116,229.89,6347.2
3.5118,229.95,6345.6
3.512,230,6346.8
3.5122,230.08,6349.3
3.5124,230.2,6349.9
3.5126,230.29,6351.4
3.5128,230.32,6353
3.513,230.28,6351.5
3.5132,230.17,6350.5
3.5134,230.03,6350.6
3.5136,229.89,6352.2
3.5138,229.8,6353.3
3.514,229.73,6355.7
3.5142,229.73,6357.3
3.5144,229.77,6355.5
3.5146,229.87,6353
3.5148,229.99,6353.6
3.515,230.15,6354.5
3.5152,230.29,6354.9
3.5154,230.37,6355.2
3.5156,230.4,6356.1
3.5158,230.37,6355.4
3.516,230.31,6353.2
3.5162,230.22,6352.3
3.5164,230.11,6352.3
3.5166,229.94,6350.3
3.5168,229.77,6348.8
3.517,229.68,6348.7
3.5172,229.69,6350.1
3.5174,229.79,6347.4
3.5176,229.93,6343.1
3.5178,230.05,6339.6
3.518,230.14,6338.1
3.5182,230.2,6338.7
3.5184,230.23,6340
3.5186,230.23,6341.8
3.5188,230.22,6340
3.519,230.16,6336.7
3.5192,230.02,6332.8
3.5194,229.89,6331.2
3.5196,229.82,6329.4
3.5198,229.84,6330.1
3.52,229.9,6332.4
3.5202,229.98,6331.6
3.5204,230.09,6328
3.5206,230.21,6325.6
3.5208,230.34,6324.9
3.521,230.44,6324.4
3.5212,230.5,6324.2
3.5214,230.52,6325.1
3.5216,230.47,6322.9
3.5218,230.36,6318.4
3.522,230.15,6316.4
3.5222,229.96,6319.1
3.5224,229.89,6323.9
3.5226,229.89,6325.9
3.5228,229.96,6321.8
3.523,230.11,6315.1
3.5232,230.25,6310.8
3.5234,230.36,6312.2
3.5236,230.47,6317.5
3.5238,230.58,6322.9
3.524,230.59,6322.9
3.5242,230.56,6320.3
3.5244,230.55,6319.7
3.5246,230.47,6321.3
3.5248,230.38,6323.3
3.525,230.35,6323.6
3.5252,230.31,6321.6
3.5254,230.28,6320.5
3.5256,230.27,6321.1
3.5258,230.3,6321.3
3.526,230.38,6325.1
3.5262,230.52,6326.3
3.5264,230.62,6324.5
3.5266,230.68,6320.2
3.5268,230.66,6319.7
3.527,230.58,6320.4
3.5272,230.5,6319.8
3.5274,230.37,6322.2
3.5276,230.27,6326.3
3.5278,230.29,6326.2
3.528,230.37,6323
3.5282,230.39,6320.8
3.5284,230.39,6321.4
3.5286,230.45,6323.6
3.5288,230.55,6330.2
3.529,230.65,6337.6
3.5292,230.83,6341.9
3.5294,231,6339.2
3.5296,231.04,6335.4
3.5298,230.96,6333.2
3.53,230.8,6331.4
3.5302,230.59,6331.9
3.5304,230.37,6335.1
3.5306,230.19,6337.1
3.5308,230.1,6336.8
3.531,230.13,6334.5
3.5312,230.22,6331.2
3.5314,230.35,6330.8
3.5316,230.48,6332.1
3.5318,230.59,6333.7
3.532,230.64,6334.3
3.5322,230.65,6332
3.5324,230.64,6330.2
3.5326,230.62,6329.3
3.5328,230.57,6331.6
3.533,230.47,6334.7
3.5332,230.3,6334.6
3.5334,230.06,6331.6
3.5336,229.88,6328.4
3.5338,229.82,6327
3.534,229.88,6328
3.5342,230.07,6330.6
3.5344,230.28,6330.5
3.5346,230.46,6325.2
3.5348,230.56,6319.5
3.535,230.59,6315.9
3.5352,230.54,6315.7
3.5354,230.47,6317.1
3.5356,230.35,6319.8
3.5358,230.22,6318.6
3.536,230.19,6314
3.5362,230.17,6310.7
3.5364,230.12,6309.3
3.5366,230.07,6308.9
3.5368,230.06,6307.6
3.537,230.14,6307.4
3.5372,230.28,6306.7
3.5374,230.43,6306.6
3.5376,230.56,6305.9
3.5378,230.63,6304.4
3.538,230.61,6302.2
3.5382,230.54,6299.6
3.5384,230.45,6297.6
3.5386,230.35,6299.1
3.5388,230.24,6301.8
3.539,230.14,6303.3
3.5392,230.09,6302.4
3.5394,230.16,6300.4
3.5396,230.26,6300.2
3.5398,230.43,6297.7
3.54,230.6,6293.6
3.5402,230.73,6291.3
3.5404,230.84,6289.9
3.5406,230.91,6288.1
3.5408,230.92,6287.9
3.541,230.85,6296.1
3.5412,230.7,6307.6
3.5414,230.48,6308.8
3.5416,230.27,6303.6
3.5418,230.14,6298.2
3.542,230.11,6293.7
3.5422,230.19,6291.7
3.5424,230.36,6294
3.5426,230.56,6299.6
3.5428,230.74,6304.7
3.543,230.86,6307.7
3.5432,230.89,6307.9
3.5434,230.91,6306.8
3.5436,230.94,6305
3.5438,230.93,6305.4
3.544,230.81,6307.5
3.5442,230.62,6309.2
3.5444,230.45,6309
3.5446,230.32,6307.9
3.5448,230.26,6308.1
3.545,230.29,6309.6
3.5452,230.43,6312
3.5454,230.6,6313.9
3.5456,230.74,6315.4
3.5458,230.85,6314.2
3.546,230.9,6313.4
3.5462,230.88,6315.4
3.5464,230.8,6318.8
3.5466,230.73,6321.2
3.5468,230.62,6321.9
3.547,230.52,6319
3.5472,230.45,6314.4
3.5474,230.37,6312.6
3.5476,230.31,6315.7
3.5478,230.32,6320.5
3.548,230.41,6322.7
3.5482,230.58,6321.9
3.5484,230.78,6316
3.5486,230.94,6310.6
3.5488,231.03,6310.2
3.549,231.01,6314.2
3.5492,230.94,6319
3.5494,230.87,6322.6
3.5496,230.77,6321.9
3.5498,230.63,6316.9
3.55,230.54,6309.8
3.5502,230.49,6305.9
3.5504,230.46,6306.1
3.5506,230.46,6308
3.5508,230.55,6310.2
3.551,230.7,6313.6
3.5512,230.88,6314.8
3.5514,231.01,6313
3.5516,231.1,6308.7
3.5518,231.16,6305.5
3.552,231.19,6304.2
3.5522,231.15,6305.3
3.5524,231,6306.5
3.5526,230.79,6307.1
3.5528,230.7,6306.4
3.553,230.7,6302.3
3.5532,230.76,6297.6
3.5534,230.87,6293.3
3.5536,230.97,6291.4
3.5538,231.04,6291.1
3.554,231.11,6291.7
3.5542,231.17,6292.6
3.5544,231.27,6290.9
3.5546,231.33,6288.5
3.5548,231.31,6285.3
3.555,231.2,6285
3.5552,231.01,6285.2
3.5554,230.88,6284.2
3.5556,230.78,6285.4
3.5558,230.71,6289.4
3.556,230.7,6292.2
3.5562,230.75,6292.6
3.5564,230.85,6290
3.5566,230.99,6285.4
3.5568,231.14,6283.4
3.557,231.24,6285.3
3.5572,231.33,6288.1
3.5574,231.38,6291.3
3.5576,231.37,6294.2
3.5578,231.3,6297.7
3.558,231.16,6301.8
3.5582,231.06,6302.2
3.5584,231.04,6298
3.5586,231.05,6292.9
3.5588,231.09,6290.4
3.559,231.16,6289.9
3.5592,231.21,6291.2
3.5594,231.26,6296
3.5596,231.31,6301.8
3.5598,231.39,6303.3
3.56,231.5,6298.5
3.5602,231.58,6293.2
3.5604,231.56,6290.8
3.5606,231.43,6292.1
3.5608,231.18,6297.7
3.561,231.06,6305.2
3.5612,231.11,6306.8
3.5614,231.21,6303.5
3.5616,231.28,6300.3
3.5618,231.31,6299.2
3.562,231.32,6300.5
3.5622,231.38,6303.8
3.5624,231.53,6306.8
3.5626,231.7,6307.8
3.5628,231.84,6308
3.563,231.91,6309.3
3.5632,231.85,6310.3
3.5634,231.67,6309.6
3.5636,231.44,6308.2
3.5638,231.31,6307.9
3.564,231.24,6311.5
3.5642,231.29,6314.4
3.5644,231.31,6312.5
3.5646,231.26,6307.6
3.5648,231.27,6300.9
3.565,231.3,6297.5
3.5652,231.35,6299.5
3.5654,231.43,6304.2
3.5656,231.52,6308.5
3.5658,231.58,6309.9
3.566,231.57,6309
3.5662,231.43,6305.7
3.5664,231.29,6303
3.5666,231.17,6301.3
3.5668,231.1,6298.9
3.567,231.05,6298.9
3.5672,231.04,6299.9
3.5674,231.08,6299.5
3.5676,231.17,6295.4
3.5678,231.28,6291.5
3.568,231.37,6288.2
3.5682,231.44,6286.4
3.5684,231.47,6288.1
3.5686,231.45,6290.1
3.5688,231.41,6291.7
3.569,231.33,6291.6
3.5692,231.21,6289.4
3.5694,231.08,6284.9
3.5696,230.96,6280.7
3.5698,230.9,6280.2
3.57,230.91,6281.3
3.5702,230.99,6281
3.5704,231.15,6279.5
3.5706,231.3,6276.7
3.5708,231.42,6274.3
3.571,231.51,6272.1
3.5712,231.55,6272.6
3.5714,231.53,6273.8
3.5716,231.48,6274.7
3.5718,231.37,6273.3
3.572,231.21,6270.5
3.5722,231.02,6268.3
3.5724,230.85,6269.2
3.5726,230.72,6272.3
3.5728,230.71,6274.4
3.573,230.79,6271.8
3.5732,230.92,6267.2
3.5734,231.08,6264.5
3.5736,231.19,6268.4
3.5738,231.23,6275.2
3.574,231.22,6282.4
3.5742,231.24,6285.5
3.5744,231.28,6283.5
3.5746,231.29,6281.2
3.5748,231.24,6283.3
3.575,231.31,6288.9
3.5752,231.4,6294.2
3.5754,231.4,6295.8
3.5756,231.38,6291.5
3.5758,231.38,6289.9
3.576,231.4,6296.3
3.5762,231.52,6305.1
3.5764,231.75,6309.6
3.5766,231.97,6305.5
3.5768,232.06,6296.9
3.577,232.02,6291.9
3.5772,231.87,6295.8
3.5774,231.67,6304.3
3.5776,231.52,6311.2
3.5778,231.53,6313
3.578,231.61,6311.2
3.5782,231.69,6307
3.5784,231.72,6305.5
3.5786,231.69,6309.8
3.5788,231.65,6315.9
3.579,231.66,6317.5
3.5792,231.76,6314.3
3.5794,231.92,6308.1
3.5796,232.03,6305.3
3.5798,232.02,6308
3.58,231.89,6313.1
3.5802,231.67,6315.3
3.5804,231.49,6315.7
3.5806,231.37,6317.4
3.5808,231.36,6318.4
3.581,231.52,6316.3
3.5812,231.73,6314.5
3.5814,231.9,6312.3
3.5816,231.92,6308.3
3.5818,231.83,6304.6
3.582,231.71,6303.9
3.5822,231.63,6304.1
3.5824,231.66,6305.5
3.5826,231.72,6308
3.5828,231.74,6309.8
3.583,231.63,6307.8
3.5832,231.51,6304.1
3.5834,231.45,6303.4
3.5836,231.42,6303.7
3.5838,231.43,6303.1
3.584,231.44,6302.7
3.5842,231.46,6301.7
3.5844,231.52,6298.5
3.5846,231.61,6294.1
3.5848,231.72,6291.2
3.585,231.8,6291.3
3.5852,231.83,6292.1
3.5854,231.81,6291.8
3.5856,231.73,6291.1
3.5858,231.6,6290.3
3.586,231.42,6289.4
3.5862,231.31,6287.9
3.5864,231.27,6285.9
3.5866,231.28,6284.2
3.5868,231.32,6283.5
3.587,231.39,6282
3.5872,231.49,6279.8
3.5874,231.63,6277.6
3.5876,231.76,6278
3.5878,231.85,6280.7
3.588,231.84,6282.4
3.5882,231.76,6282.7
3.5884,231.62,6280.4
3.5886,231.46,6277.5
3.5888,231.3,6276.8
3.589,231.17,6278.1
3.5892,231.14,6280.7
3.5894,231.16,6281.5
3.5896,231.21,6278.3
3.5898,231.33,6276
3.59,231.47,6276.7
3.5902,231.63,6282.3
3.5904,231.81,6286
3.5906,231.9,6286.5
3.5908,231.9,6283.6
3.591,231.82,6281.4
3.5912,231.72,6283.8
3.5914,231.62,6287.8
3.5916,231.52,6289.2
3.5918,231.36,6287.6
3.592,231.21,6285.3
3.5922,231.17,6283.4
3.5924,231.26,6281.4
3.5926,231.43,6281.8
3.5928,231.63,6286.4
3.593,231.81,6291.5
3.5932,231.94,6293.5
3.5934,231.95,6293.7
3.5936,231.91,6291.4
3.5938,231.86,6288.2
3.594,231.8,6288
3.5942,231.66,6291.6
3.5944,231.49,6295.8
3.5946,231.4,6296.7
3.5948,231.37,6294.2
3.595,231.39,6288.5
3.5952,231.44,6284.9
3.5954,231.49,6285.9
3.5956,231.56,6293.2
3.5958,231.65,6304.9
3.596,231.81,6310.2
3.5962,231.93,6305.4
3.5964,231.91,6297.8
3.5966,231.82,6290.9
3.5968,231.64,6289.2
3.597,231.38,6293.7
3.5972,231.17,6302.2
3.5974,231.13,6311.3
3.5976,231.29,6312.9
3.5978,231.5,6307.8
3.598,231.61,6301.5
3.5982,231.64,6296.1
3.5984,231.67,6292.7
3.5986,231.7,6294.4
3.5988,231.78,6298.5
3.599,231.91,6301
3.5992,232.01,6302.7
3.5994,231.98,6302.9
3.5996,231.8,6299.4
3.5998,231.6,6294.8
3.6,231.42,6291.9
3.6002,231.31,6289.5
3.6004,231.29,6287.5
3.6006,231.35,6288.2
3.6008,231.45,6288.4
3.601,231.53,6285.7
3.6012,231.61,6282.3
3.6014,231.69,6281.5
3.6016,231.77,6281.1
3.6018,231.83,6279.8
3.602,231.85,6279.1
3.6022,231.8,6279.7
3.6024,231.67,6278.8
3.6026,231.49,6276.6
3.6028,231.39,6273.4
3.603,231.34,6270.5
3.6032,231.31,6268.6
3.6034,231.34,6266.7
3.6036,231.42,6265.9
3.6038,231.58,6263.7
3.604,231.77,6260.4
3.6042,231.9,6257
3.6044,231.94,6256
3.6046,231.91,6257.4
3.6048,231.85,6259.5
3.605,231.75,6260.2
3.6052,231.61,6259.9
3.6054,231.44,6258.1
3.6056,231.3,6254.6
3.6058,231.2,6251.7
3.606,231.16,6252
3.6062,231.19,6255.4
3.6064,231.28,6256.7
3.6066,231.43,6254.8
3.6068,231.62,6252.7
3.607,231.81,6252.9
3.6072,231.88,6254.1
3.6074,231.82,6255.8
3.6076,231.68,6259.7
3.6078,231.53,6263.9
3.608,231.39,6263.1
3.6082,231.36,6260.7
3.6084,231.4,6259
3.6086,231.41,6258.2
3.6088,231.39,6258.5
3.609,231.38,6263
3.6092,231.39,6266.2
3.6094,231.48,6265.4
3.6096,231.63,6261.4
3.6098,231.79,6257.8
3.61,231.89,6257.3
3.6102,231.92,6261.2
3.6104,231.87,6270.4
3.6106,231.74,6278.4
3.6108,231.57,6280.1
3.611,231.38,6278.4
3.6112,231.19,6275.2
3.6114,231.09,6271.9
3.6116,231.1,6269.6
3.6118,231.2,6269.8
3.612,231.37,6270.7
3.6122,231.55,6273.2
3.6124,231.68,6276.7
3.6126,231.72,6279.6
3.6128,231.78,6280.2
3.613,231.76,6279.4
3.6132,231.66,6280.2
3.6134,231.59,6279.5
3.6136,231.46,6276.6
3.6138,231.22,6273.8
3.614,231.04,6273
3.6142,230.91,6274.2
3.6144,230.86,6275.4
3.6146,230.94,6274.7
3.6148,231.12,6272.1
3.615,231.31,6268.9
3.6152,231.47,6267
3.6154,231.56,6266
3.6156,231.57,6267.3
3.6158,231.54,6269.5
3.616,231.47,6271.5
3.6162,231.35,6270.3
3.6164,231.19,6265.6
3.6166,231.05,6262.7
3.6168,230.98,6261.3
3.617,230.97,6261
3.6172,231.01,6260.8
3.6174,231.07,6258
3.6176,231.16,6253.7
3.6178,231.24,6249.8
3.618,231.29,6247.6
3.6182,231.35,6249.3
3.6184,231.4,6252.5
3.6186,231.41,6255.8
3.6188,231.37,6256
3.619,231.29,6252.1
3.6192,231.15,6246.2
3.6194,231.01,6242.6
3.6196,230.9,6242.8
3.6198,230.84,6245.8
3.62,230.85,6248.6
3.6202,230.96,6248.3
3.6204,231.13,6244.1
3.6206,231.33,6239.1
3.6208,231.49,6235.1
3.621,231.56,6234.8
3.6212,231.52,6236.9
3.6214,231.4,6240.2
3.6216,231.29,6242.1
3.6218,231.18,6239.9
3.622,231.03,6236.3
3.6222,230.86,6233.8
3.6224,230.71,6235.5
3.6226,230.57,6242.1
3.6228,230.54,6248.6
3.623,230.64,6249.6
3.6232,230.84,6243.7
3.6234,231.09,6238.1
3.6236,231.32,6238.7
3.6238,231.51,6241.5
3.624,231.56,6242.8
3.6242,231.43,6244.3
3.6244,231.28,6247.1
3.6246,231.12,6250.7
3.6248,231.07,6253.3
3.625,231.14,6252.8
3.6252,231.21,6249
3.6254,231.21,6245.5
3.6256,231.12,6249.7
3.6258,230.99,6257.6
3.626,230.96,6262.3
3.6262,231.12,6258.7
3.6264,231.37,6251
3.6266,231.58,6247.1
3.6268,231.61,6248.8
3.627,231.45,6255
3.6272,231.2,6262.6
3.6274,230.96,6267.3
3.6276,230.79,6269.7
3.6278,230.76,6272
3.628,230.73,6271.8
3.6282,230.71,6269.1
3.6284,230.77,6265.3
3.6286,230.89,6263.4
3.6288,231.01,6262.6
3.629,231.13,6264.2
3.6292,231.22,6267.9
3.6294,231.25,6273.3
3.6296,231.24,6277.6
3.6298,231.17,6276.5
3.63,231.08,6272.2
3.6302,231.02,6269
3.6304,230.86,6268.7
3.6306,230.61,6270.9
3.6308,230.31,6276.2
3.631,230.12,6281.3
3.6312,230.14,6280.3
3.6314,230.35,6274
3.6316,230.62,6266.2
3.6318,230.82,6261.1
3.632,230.89,6261.1
3.6322,230.82,6265.5
3.6324,230.71,6271.9
3.6326,230.62,6276.3
3.6328,230.59,6274.7
3.633,230.57,6270.1
3.6332,230.49,6264.8
3.6334,230.35,6261.8
3.6336,230.19,6262.2
3.6338,230.05,6264.3
3.634,230.01,6265.8
3.6342,230.13,6264.1
3.6344,230.39,6259.2
3.6346,230.66,6253.4
3.6348,230.81,6250.2
3.635,230.8,6249.2
3.6352,230.63,6250.4
3.6354,230.44,6251.3
3.6356,230.28,6249.5
3.6358,230.17,6246.1
3.636,230.06,6243.2
3.6362,229.98,6243.1
3.6364,229.93,6243.7
3.6366,229.94,6242.5
3.6368,230.03,6239.8
3.637,230.18,6237
3.6372,230.34,6235.1
3.6374,230.48,6233.3
3.6376,230.58,6233.6
3.6378,230.61,6235.6
3.638,230.59,6236.3
3.6382,230.54,6236.7
3.6384,230.47,6237.1
3.6386,230.37,6235.7
3.6388,230.23,6232.9
3.639,230.02,6232.6
3.6392,229.82,6234.4
3.6394,229.75,6236.8
3.6396,229.84,6236.3
3.6398,230.04,6234.3
3.64,230.24,6232.1
3.6402,230.39,6231.1
3.6404,230.46,6231
3.6406,230.47,6231.9
3.6408,230.43,6235.2
3.641,230.37,6239.5
3.6412,230.28,6240.7
3.6414,230.17,6240
3.6416,230,6237.4
3.6418,229.82,6235.3
3.642,229.69,6238.2
3.6422,229.68,6245.5
3.6424,229.82,6253.1
3.6426,230.02,6256.3
3.6428,230.23,6257.8
3.643,230.43,6259.5
3.6432,230.61,6257.4
3.6434,230.63,6253.8
3.6436,230.54,6251.8
3.6438,230.4,6253.1
3.644,230.22,6255.8
3.6442,230.04,6262.1
3.6444,229.86,6266.3
3.6446,229.75,6265.6
3.6448,229.74,6261.2
3.645,229.87,6258.2
3.6452,229.99,6258.7
3.6454,230.08,6261.6
3.6456,230.15,6263.2
3.6458,230.22,6264
3.646,230.29,6264
3.6462,230.38,6265.2
3.6464,230.44,6266.6
3.6466,230.43,6268.4
3.6468,230.33,6268.9
3.647,230.15,6268.9
3.6472,229.96,6268.3
3.6474,229.8,6270
3.6476,229.74,6273.6
3.6478,229.79,6275.1
3.648,229.96,6273.9
3.6482,230.21,6269.2
3.6484,230.45,6263.6
3.6486,230.57,6260.8
3.6488,230.55,6263.2
3.649,230.44,6269.3
3.6492,230.34,6273.9
3.6494,230.29,6274.8
3.6496,230.27,6272.8
3.6498,230.2,6268
3.65,230.03,6263
3.6502,229.87,6260.4
3.6504,229.75,6260.6
3.6506,229.69,6262
3.6508,229.74,6263.1
3.651,229.88,6259.9
3.6512,230.07,6253.4
3.6514,230.21,6247.5
3.6516,230.28,6244.6
3.6518,230.31,6244.9
3.652,230.27,6246.8
3.6522,230.14,6249.3
3.6524,229.94,6249.1
3.6526,229.73,6246.8
3.6528,229.59,6245.6
3.653,229.56,6245.4
3.6532,229.62,6246.6
3.6534,229.74,6247.8
3.6536,229.9,6247.6
3.6538,230.04,6245.9
3.654,230.15,6243.8
3.6542,230.28,6242.7
3.6544,230.37,6244.1
3.6546,230.4,6245.6
3.6548,230.41,6245
3.655,230.37,6244.4
3.6552,230.28,6244.9
3.6554,230.12,6245.2
3.6556,229.95,6245.6
3.6558,229.81,6246.5
3.656,229.75,6247.6
3.6562,229.81,6248.1
3.6564,229.98,6247.8
3.6566,230.2,6248.8
3.6568,230.39,6250.4
3.657,230.52,6252.8
3.6572,230.61,6256.5
3.6574,230.59,6259
3.6576,230.55,6260.8
3.6578,230.5,6263
3.658,230.42,6265.3
3.6582,230.29,6266
3.6584,230.21,6265
3.6586,230.18,6263.9
3.6588,230.17,6264.2
3.659,230.24,6266.6
3.6592,230.35,6270.1
3.6594,230.53,6272.9
3.6596,230.71,6272.2
3.6598,230.91,6269.3
3.66,231.03,6264.9
3.6602,231.03,6261.6
3.6604,230.9,6264.6
3.6606,230.67,6270.2
3.6608,230.41,6272.8
3.661,230.23,6273.1
3.6612,230.21,6274.7
3.6614,230.27,6278
3.6616,230.35,6277.5
3.6618,230.45,6274.9
3.662,230.57,6275.4
3.6622,230.66,6278
3.6624,230.71,6282.4
3.6626,230.74,6288.7
3.6628,230.85,6293.5
3.663,231.03,6291.9
3.6632,231.18,6287.5
3.6634,231.17,6285.3
3.6636,231.02,6286.9
3.6638,230.89,6288.6
3.664,230.83,6293.2
3.6642,230.89,6300.8
3.6644,231.01,6305.8
3.6646,231.12,6306.1
3.6648,231.21,6303.9
3.665,231.29,6300.7
3.6652,231.38,6298
3.6654,231.48,6297.7
3.6656,231.58,6298.8
3.6658,231.64,6301.6
3.666,231.62,6304.7
3.6662,231.51,6304.1
3.6664,231.35,6301.5
3.6666,231.29,6297.3
3.6668,231.27,6294.8
3.667,231.25,6295.3
3.6672,231.23,6295.4
3.6674,231.24,6292.6
3.6676,231.32,6290.1
3.6678,231.43,6287.6
3.668,231.55,6285.8
3.6682,231.67,6285.5
3.6684,231.74,6286.5
3.6686,231.74,6287.4
3.6688,231.68,6287.6
3.669,231.53,6287.6
3.6692,231.41,6287
3.6694,231.41,6284.5
3.6696,231.46,6281.4
3.6698,231.49,6279.8
3.67,231.49,6281.7
3.6702,231.53,6285.6
3.6704,231.65,6287.7
3.6706,231.82,6288.4
3.6708,232,6285.5
3.671,232.14,6280.3
3.6712,232.21,6277.6
3.6714,232.19,6280.3
3.6716,232.11,6285.8
3.6718,231.98,6288.7
3.672,231.81,6287.2
3.6722,231.65,6282.7
3.6724,231.6,6279.5
3.6726,231.6,6279.4
3.6728,231.67,6281.6
3.673,231.79,6281.4
3.6732,231.92,6278.1
3.6734,232.01,6274.6
3.6736,232.07,6273.5
3.6738,232.09,6276.7
3.674,232.08,6281.1
3.6742,232.05,6283.7
3.6744,232.03,6284.1
3.6746,231.99,6285
3.6748,231.89,6283.6
3.675,231.83,6282.5
3.6752,231.77,6283.4
3.6754,231.73,6284.1
3.6756,231.73,6281.3
3.6758,231.75,6277.9
3.676,231.8,6274.6
3.6762,231.87,6276.9
3.6764,231.99,6283.6
3.6766,232.11,6289.4
3.6768,232.11,6292.9
3.677,232.05,6293.3
3.6772,231.92,6290.6
3.6774,231.71,6286.9
3.6776,231.53,6286.1
3.6778,231.44,6289.9
3.678,231.52,6296.8
3.6782,231.68,6301.6
3.6784,231.79,6300.5
3.6786,231.85,6295.6
3.6788,231.87,6290.5
3.679,231.89,6289.7
3.6792,231.95,6294.2
3.6794,232.08,6298.1
3.6796,232.24,6298.1
3.6798,232.37,6296.8
3.68,232.36,6297.8
3.6802,232.16,6299.5
3.6804,231.91,6300.8
3.6806,231.7,6304.3
3.6808,231.62,6307.7
3.681,231.72,6305.8
3.6812,231.94,6300.5
3.6814,232.19,6296.6
3.6816,232.33,6294.5
3.6818,232.34,6293.1
3.682,232.26,6293.1
3.6822,232.16,6293.8
3.6824,232.12,6294.2
3.6826,232.14,6294
3.6828,232.16,6293.3
3.683,232.08,6292
3.6832,232,6290.8
3.6834,231.9,6289.2
3.6836,231.82,6288.5
3.6838,231.78,6288.9
3.684,231.82,6288.7
3.6842,231.94,6286.8
3.6844,232.13,6285.1
3.6846,232.31,6284.3
3.6848,232.45,6285.1
3.685,232.48,6285.1
3.6852,232.46,6283.1
3.6854,232.38,6281.6
3.6856,232.29,6279.5
3.6858,232.15,6276.3
3.686,231.96,6274.2
3.6862,231.81,6273.2
3.6864,231.73,6273.5
3.6866,231.73,6273.3
3.6868,231.8,6273.4
3.687,231.96,6274.5
3.6872,232.15,6273.9
3.6874,232.31,6272.6
3.6876,232.41,6272.5
3.6878,232.45,6272.4
3.688,232.43,6273.6
3.6882,232.39,6275
3.6884,232.36,6274.2
3.6886,232.23,6271.1
3.6888,232.03,6267.9
3.689,231.79,6267.8
3.6892,231.65,6270
3.6894,231.69,6270.3
3.6896,231.88,6269.8
3.6898,232.07,6271.1
3.69,232.19,6272
3.6902,232.26,6270.3
3.6904,232.29,6269.8
3.6906,232.33,6271.2
3.6908,232.41,6273.3
3.691,232.45,6277.4
3.6912,232.31,6283.1
3.6914,232.12,6286.4
3.6916,232,6286.4
3.6918,231.93,6282.8
3.692,231.96,6280.3
3.6922,232.11,6278.5
3.6924,232.27,6279.9
3.6926,232.35,6283.6
3.6928,232.38,6284
3.693,232.36,6282
3.6932,232.34,6280.9
3.6934,232.35,6282.2
3.6936,232.36,6284.5
3.6938,232.35,6286.2
3.694,232.31,6286.1
3.6942,232.18,6286.2
3.6944,232,6286.7
3.6946,231.92,6288.1
3.6948,231.95,6289.9
3.695,232.02,6291.8
3.6952,232.14,6289.6
3.6954,232.25,6285.6
3.6956,232.33,6283.8
3.6958,232.4,6288.3
3.696,232.44,6294.8
3.6962,232.42,6300.2
3.6964,232.37,6302.8
3.6966,232.28,6300.7
3.6968,232.15,6293.8
3.697,231.98,6289.2
3.6972,231.77,6290.1
3.6974,231.64,6294.6
3.6976,231.66,6301
3.6978,231.78,6306.6
3.698,231.92,6305.2
3.6982,232.01,6296.4
3.6984,232.07,6289.4
3.6986,232.14,6288.5
3.6988,232.25,6291.8
3.699,232.36,6296.8
3.6992,232.41,6301.6
3.6994,232.35,6301.2
3.6996,232.2,6295.9
3.6998,231.98,6291.4
3.7,231.78,6288.9
3.7002,231.68,6287.2
3.7004,231.68,6285.1
3.7006,231.75,6285.2
3.7008,231.85,6285.8
3.701,231.97,6285.5
3.7012,232.08,6285.3
3.7014,232.2,6284.8
3.7016,232.31,6283
3.7018,232.37,6281.9
3.702,232.37,6281
3.7022,232.33,6278.7
3.7024,232.18,6277.8
3.7026,231.97,6277.2
3.7028,231.77,6275.4
3.703,231.63,6273.1
3.7032,231.58,6271.8
3.7034,231.64,6271.5
3.7036,231.79,6270.7
3.7038,231.98,6269
3.704,232.15,6266
3.7042,232.23,6262.7
3.7044,232.22,6262
3.7046,232.18,6262.4
3.7048,232.14,6264.2
3.705,232.09,6266.6
3.7052,231.99,6267.3
3.7054,231.9,6264.7
3.7056,231.83,6261.1
3.7058,231.74,6259.2
3.706,231.64,6258.4
3.7062,231.59,6259.5
3.7064,231.64,6262
3.7066,231.75,6261
3.7068,231.89,6259.5
3.707,232.02,6259.8
3.7072,232.1,6260.4
3.7074,232.09,6260
3.7076,232,6262.3
3.7078,231.87,6267.2
3.708,231.71,6271
3.7082,231.56,6272.5
3.7084,231.54,6273.6
3.7086,231.58,6273.2
3.7088,231.63,6270.7
3.709,231.66,6267.5
3.7092,231.65,6264.9
3.7094,231.66,6266.8
3.7096,231.7,6272.8
3.7098,231.79,6279.4
3.71,231.94,6283
3.7102,232.08,6281.4
3.7104,232.14,6278.6
3.7106,232.06,6276.9
3.7108,231.87,6274.9
3.711,231.64,6276.6
3.7112,231.48,6281.8
3.7114,231.38,6286.1
3.7116,231.35,6285.8
3.7118,231.41,6283.8
3.712,231.54,6283.6
3.7122,231.69,6283.9
3.7124,231.86,6285.6
3.7126,231.98,6291.4
3.7128,232.06,6295.3
3.713,232.1,6294
3.7132,232.08,6292.3
3.7134,232.02,6294.8
3.7136,231.9,6299
3.7138,231.71,6301.5
3.714,231.65,6302.5
3.7142,231.7,6302.2
3.7144,231.8,6301.5
3.7146,231.9,6303.2
3.7148,231.99,6305.9
3.715,232.1,6305.6
3.7152,232.25,6303
3.7154,232.44,6300.5
3.7156,232.59,6300.3
3.7158,232.66,6300.6
3.716,232.63,6303
3.7162,232.43,6304
3.7164,232.24,6300.9
3.7166,232.14,6295.5
3.7168,232.11,6292.1
3.717,232.08,6291.8
3.7172,232.09,6295.5
3.7174,232.17,6300
3.7176,232.28,6300.4
3.7178,232.43,6296.4
3.718,232.57,6292.2
3.7182,232.65,6289.8
3.7184,232.68,6287.5
3.7186,232.66,6287.2
3.7188,232.57,6288.8
3.719,232.45,6290.2
3.7192,232.28,6288.3
3.7194,232.13,6284.9
3.7196,232.08,6281.8
3.7198,232.13,6278.1
3.72,232.21,6277.2
3.7202,232.26,6279.9
3.7204,232.32,6280.2
3.7206,232.38,6277.2
3.7208,232.46,6273.4
3.721,232.56,6271.9
3.7212,232.63,6273.6
3.7214,232.66,6277
3.7216,232.6,6280.6
3.7218,232.45,6279.3
3.722,232.32,6274.2
3.7222,232.18,6273
3.7224,232.1,6277
3.7226,232.13,6281
3.7228,232.22,6281.2
3.723,232.36,6276.7
3.7232,232.5,6271.6
3.7234,232.6,6267.7
3.7236,232.64,6270.5
3.7238,232.65,6279
3.724,232.68,6285.5
3.7242,232.71,6285.1
3.7244,232.72,6279
3.7246,232.65,6271.1
3.7248,232.47,6267.7
3.725,232.21,6269.6
3.7252,232.11,6274
3.7254,232.17,6276.2
3.7256,232.31,6275.2
3.7258,232.45,6272
3.726,232.54,6268.6
3.7262,232.56,6268.4
3.7264,232.62,6273.4
3.7266,232.78,6281.2
3.7268,232.88,6284.7
3.727,232.87,6283.4
3.7272,232.78,6277.9
3.7274,232.53,6274.8
3.7276,232.23,6277.2
3.7278,232.12,6286.2
3.728,232.21,6295.1
3.7282,232.45,6297
3.7284,232.66,6292.8
3.7286,232.75,6287.1
3.7288,232.75,6283.5
3.729,232.76,6284.3
3.7292,232.83,6287.3
3.7294,232.98,6286.7
3.7296,233.14,6285
3.7298,233.23,6284.4
3.73,233.13,6285.6
3.7302,232.85,6285
3.7304,232.57,6285.1
3.7306,232.41,6287.5
3.7308,232.44,6290
3.731,232.59,6289.9
3.7312,232.71,6286.6
3.7314,232.75,6280.4
3.7316,232.73,6275.9
3.7318,232.72,6274.6
3.732,232.75,6277.3
3.7322,232.83,6280.8
3.7324,232.93,6281.6
3.7326,232.96,6280.4
3.7328,232.91,6275.7
3.733,232.74,6270
3.7332,232.56,6267.8
3.7334,232.47,6268.4
3.7336,232.46,6270.9
3.7338,232.51,6272.6
3.734,232.58,6270.4
3.7342,232.66,6266.3
3.7344,232.76,6262.3
3.7346,232.85,6260.3
3.7348,232.9,6261.6
3.735,232.96,6264.5
3.7352,233.01,6267.4
3.7354,233.02,6266
3.7356,232.95,6260.7
3.7358,232.8,6255.3
3.736,232.67,6251.8
3.7362,232.6,6249.8
3.7364,232.56,6247.7
3.7366,232.49,6247.1
3.7368,232.48,6245.4
3.737,232.51,6241.8
3.7372,232.59,6237.7
3.7374,232.71,6233.1
3.7376,232.81,6232
3.7378,232.87,6234.3
3.738,232.9,6236.6
3.7382,232.84,6238.3
3.7384,232.68,6239.1
3.7386,232.49,6239.6
3.7388,232.25,6239.3
3.739,232.17,6237.5
3.7392,232.24,6236.1
3.7394,232.36,6237.8
3.7396,232.51,6240
3.7398,232.61,6241.2
3.74,232.67,6239.8
3.7402,232.75,6238.8
3.7404,232.82,6239
3.7406,232.87,6240.1
3.7408,232.87,6240.6
3.741,232.83,6241.3
3.7412,232.72,6243.3
3.7414,232.56,6247.4
3.7416,232.39,6250
3.7418,232.35,6249.3
3.742,232.39,6247
3.7422,232.47,6244.9
3.7424,232.57,6242.1
3.7426,232.63,6241.4
3.7428,232.69,6241.4
3.743,232.74,6242.3
3.7432,232.81,6245.1
3.7434,232.89,6251.8
3.7436,232.92,6258.2
3.7438,232.91,6259.1
3.744,232.79,6255.6
3.7442,232.63,6250.8
3.7444,232.5,6250.9
3.7446,232.46,6256.6
3.7448,232.49,6262.9
3.745,232.57,6262.1
3.7452,232.68,6256.6
3.7454,232.79,6252
3.7456,232.84,6250.2
3.7458,232.87,6253.6
3.746,232.95,6261.8
3.7462,233,6267.2
3.7464,232.98,6264.9
3.7466,232.89,6259.3
3.7468,232.77,6255.7
3.747,232.6,6253.7
3.7472,232.51,6255.3
3.7474,232.52,6259.7
3.7476,232.56,6262.9
3.7478,232.59,6259.2
3.748,232.62,6253
3.7482,232.64,6250.8
3.7484,232.71,6253.5
3.7486,232.83,6257.2
3.7488,232.95,6259.4
3.749,233.03,6259.3
3.7492,233.05,6259.3
3.7494,233,6258.8
3.7496,232.84,6256.5
3.7498,232.63,6255.4
3.75,232.54,6255.2
3.7502,232.58,6253.1
3.7504,232.66,6251
3.7506,232.77,6249.8
3.7508,232.87,6249.6
3.751,232.93,6249.3
3.7512,232.98,6247.2
3.7514,232.96,6244.2
3.7516,232.98,6243.5
3.7518,233.02,6244
3.752,233.02,6244.4
3.7522,232.96,6242.8
3.7524,232.83,6239.7
3.7526,232.64,6238.1
3.7528,232.44,6239.3
3.753,232.36,6241.1
3.7532,232.39,6241.9
3.7534,232.53,6240.2
3.7536,232.71,6235.7
3.7538,232.85,6231.8
3.754,232.93,6230.6
3.7542,232.93,6232.9
3.7544,232.96,6236
3.7546,233.05,6237.9
3.7548,233.16,6235.8
3.755,233.16,6231.6
3.7552,233,6227.2
3.7554,232.88,6225.8
3.7556,232.79,6226.9
3.7558,232.72,6227.6
3.756,232.65,6227.5
3.7562,232.64,6225.2
3.7564,232.73,6221.3
3.7566,232.85,6217.8
3.7568,232.98,6220.4
3.757,233.13,6227.5
3.7572,233.17,6233.4
3.7574,233.17,6234.5
3.7576,233.13,6231.2
3.7578,233.02,6227.9
3.758,232.85,6227.7
3.7582,232.77,6231.6
3.7584,232.83,6235
3.7586,232.93,6234.4
3.7588,232.98,6230.7
3.759,232.95,6227.5
3.7592,232.87,6226.1
3.7594,232.83,6229.7
3.7596,232.91,6237.9
3.7598,233.07,6243.4
3.76,233.23,6242.6
3.7602,233.34,6239.6
3.7604,233.34,6237.7
3.7606,233.23,6238.5
3.7608,232.98,6242.8
3.761,232.76,6252.6
3.7612,232.73,6260.4
3.7614,232.87,6258.6
3.7616,233.06,6251.3
3.7618,233.18,6245.1
3.762,233.25,6244.1
3.7622,233.25,6250.5
3.7624,233.22,6261.2
3.7626,233.27,6267.1
3.7628,233.35,6265.4
3.763,233.4,6261.8
3.7632,233.44,6258.4
3.7634,233.37,6256.6
3.7636,233.09,6259.9
3.7638,232.91,6263.7
3.764,232.94,6265.2
3.7642,233.1,6265.9
3.7644,233.33,6264.3
3.7646,233.45,6260.8
3.7648,233.47,6255.8
3.765,233.46,6252.7
3.7652,233.44,6252.6
3.7654,233.45,6253.3
3.7656,233.5,6255
3.7658,233.56,6255.5
3.766,233.56,6254
3.7662,233.43,6250.3
3.7664,233.16,6247.6
3.7666,232.9,6247.1
3.7668,232.75,6247.6
3.767,232.74,6247.5
3.7672,232.82,6247.5
3.7674,232.95,6246.4
3.7676,233.07,6243.6
3.7678,233.12,6240.2
3.768,233.15,6237.5
3.7682,233.19,6236.8
3.7684,233.24,6237.5
3.7686,233.25,6239.7
3.7688,233.19,6239.2
3.769,233.05,6237.2
3.7692,232.93,6234.1
3.7694,232.84,6232
3.7696,232.74,6230
3.7698,232.65,6229.7
3.77,232.62,6230.2
3.7702,232.67,6230.8
3.7704,232.8,6229.2
3.7706,232.96,6226.2
3.7708,233.07,6223.4
3.771,233.12,6222.9
3.7712,233.1,6225.4
3.7714,233.05,6229
3.7716,232.99,6229.9
3.7718,232.92,6227.9
3.772,232.79,6223.8
3.7722,232.68,6220.3
3.7724,232.63,6218.8
3.7726,232.61,6219.8
3.7728,232.6,6223
3.773,232.62,6223.1
3.7732,232.66,6222.7
3.7734,232.73,6222.2
3.7736,232.84,6219.4
3.7738,232.98,6216.7
3.774,233.1,6216.4
3.7742,233.13,6218.8
3.7744,233.01,6219.7
3.7746,232.77,6220.6
3.7748,232.52,6221
3.775,232.37,6221.9
3.7752,232.3,6220.4
3.7754,232.32,6219
3.7756,232.38,6218.2
3.7758,232.4,6216.9
3.776,232.39,6218.2
3.7762,232.39,6220.1
3.7764,232.42,6221.3
3.7766,232.47,6220.3
3.7768,232.52,6218.7
3.777,232.51,6220.9
3.7772,232.43,6223.8
3.7774,232.28,6226.2
3.7776,232.12,6228.4
3.7778,232.08,6229.6
3.778,232.09,6227.9
3.7782,232.07,6225.8
3.7784,232.06,6223.7
3.7786,232.08,6221
3.7788,232.18,6219.3
3.779,232.31,6220
3.7792,232.43,6220.8
3.7794,232.5,6222.5
3.7796,232.49,6224.7
3.7798,232.42,6224.4
3.78,232.3,6223.1
3.7802,232.16,6220.6
3.7804,231.98,6217.8
3.7806,231.85,6219.4
3.7808,231.81,6225.6
3.781,231.88,6230.3
3.7812,231.98,6228.8
3.7814,232.13,6224.5
3.7816,232.24,6220.2
3.7818,232.29,6216.8
3.782,232.29,6215.2
3.7822,232.29,6218.7
3.7824,232.31,6225.4
3.7826,232.34,6229
3.7828,232.31,6227.5
3.783,232.19,6221.6
3.7832,232.09,6215.2
3.7834,232,6211.7
3.7836,231.9,6215
3.7838,231.83,6221.8
3.784,231.86,6225.3
3.7842,231.98,6222.8
3.7844,232.17,6217.2
3.7846,232.38,6210
3.7848,232.48,6205.9
3.785,232.49,6208.9
3.7852,232.45,6216.6
3.7854,232.37,6222.9
3.7856,232.3,6223.7
3.7858,232.21,6220.4
3.786,232.07,6215.8
3.7862,232.02,6210.5
3.7864,232.01,6208.3
3.7866,232.02,6209.6
3.7868,232.02,6212.8
3.787,232.09,6214.6
3.7872,232.21,6211.5
3.7874,232.34,6205.1
3.7876,232.46,6201.4
3.7878,232.52,6201.9
3.788,232.52,6204.5
3.7882,232.4,6207.5
3.7884,232.24,6208.7
3.7886,232.05,6207.4
3.7888,231.91,6205.8
3.789,231.86,6204.4
3.7892,231.84,6204.3
3.7894,231.87,6202.8
3.7896,231.93,6202.5
3.7898,231.98,6203
3.79,232.03,6202.9
3.7902,232.1,6205
3.7904,232.22,6210.2
3.7906,232.36,6213.4
3.7908,232.47,6213.4
3.791,232.48,6212.9
3.7912,232.35,6211
3.7914,232.09,6208.9
3.7916,231.91,6210.9
3.7918,231.8,6218.6
3.792,231.73,6224.1
3.7922,231.73,6222.6
3.7924,231.78,6217.5
3.7926,231.89,6214
3.7928,232.02,6214.7
3.793,232.17,6217.5
3.7932,232.28,6220.7
3.7934,232.27,6222
3.7936,232.17,6220.8
3.7938,232.03,6222
3.794,231.89,6225.7
3.7942,231.74,6228.1
3.7944,231.71,6230.2
3.7946,231.76,6231.5
3.7948,231.83,6231.4
3.795,231.83,6230.6
3.7952,231.83,6229.3
3.7954,231.9,6227.2
3.7956,232.02,6225.9
3.7958,232.16,6229.5
3.796,232.27,6234.2
3.7962,232.3,6234.1
3.7964,232.21,6231.2
3.7966,232.02,6228
3.7968,231.81,6225.9
3.797,231.61,6227.5
3.7972,231.4,6231.5
3.7974,231.28,6236.9
3.7976,231.28,6238.6
3.7978,231.37,6235.9
3.798,231.49,6229.3
3.7982,231.6,6224.1
3.7984,231.69,6221.9
3.7986,231.76,6223.9
3.7988,231.81,6227.1
3.799,231.83,6228.2
3.7992,231.81,6226.8
3.7994,231.74,6226.2
3.7996,231.61,6226.3
3.7998,231.45,6224.4
3.8,231.19,6223.3
3.8002,230.9,6224.5
3.8004,230.74,6227.4
3.8006,230.76,6229.4
3.8008,230.94,6228.9
3.801,231.19,6224.9
3.8012,231.39,6220
3.8014,231.5,6216.4
3.8016,231.49,6214.9
3.8018,231.4,6217.2
3.802,231.29,6220.4
3.8022,231.21,6222.3
3.8024,231.15,6221.4
3.8026,231.06,6218.7
3.8028,230.92,6215.6
3.803,230.83,6214.1
3.8032,230.79,6215.1
3.8034,230.79,6215.1
3.8036,230.85,6213.4
3.8038,230.94,6210.3
3.804,231.04,6209.3
3.8042,231.12,6210.1
3.8044,231.19,6213.4
3.8046,231.24,6215
3.8048,231.25,6213.6
3.805,231.18,6212
3.8052,231.06,6210.1
3.8054,230.87,6210.3
3.8056,230.71,6213.3
3.8058,230.63,6217.2
3.806,230.64,6216.5
3.8062,230.72,6213.2
3.8064,230.85,6208.3
3.8066,231.01,6204
3.8068,231.17,6203.8
3.807,231.27,6207.6
3.8072,231.35,6212.8
3.8074,231.37,6215.9
3.8076,231.31,6216.3
3.8078,231.19,6217.4
3.808,231.05,6222.7
3.8082,230.93,6229.2
3.8084,230.91,6229.2
3.8086,230.85,6225.6
3.8088,230.78,6221.9
3.809,230.75,6221.2
3.8092,230.72,6223.3
3.8094,230.77,6227.6
3.8096,230.92,6232.8
3.8098,231.09,6236.7
3.81,231.21,6238.6
3.8102,231.26,6239.8
3.8104,231.23,6239.8
3.8106,231.12,6239.9
3.8108,230.96,6241.6
3.811,230.8,6245.1
3.8112,230.7,6249.4
3.8114,230.67,6252.8
3.8116,230.66,6254
3.8118,230.67,6253.7
3.812,230.73,6250.1
3.8122,230.82,6246.5
3.8124,230.97,6245.2
3.8126,231.13,6246.7
3.8128,231.23,6255.5
3.813,231.24,6264.2
3.8132,231.14,6266.2
3.8134,230.91,6260.8
3.8136,230.76,6251.3
3.8138,230.67,6245.3
3.814,230.62,6248.4
3.8142,230.68,6257
3.8144,230.81,6261
3.8146,230.97,6258.5
3.8148,231.12,6251.1
3.815,231.19,6244.2
3.8152,231.12,6241
3.8154,231.02,6243.9
3.8156,230.98,6250.3
3.8158,231,6255
3.816,231.04,6254.3
3.8162,231.04,6249.7
3.8164,230.92,6244.2
3.8166,230.7,6240.9
3.8168,230.52,6239.3
3.817,230.44,6240.4
3.8172,230.47,6242.2
3.8174,230.59,6243.7
3.8176,230.76,6241.6
3.8178,230.91,6237.3
3.818,231,6233
3.8182,231.05,6228.5
3.8184,231.04,6225.3
3.8186,231,6225.6
3.8188,230.96,6228.6
3.819,230.86,6232.6
3.8192,230.71,6234.3
3.8194,230.58,6233.1
3.8196,230.52,6229.9
3.8198,230.54,6227.3
3.82,230.62,6226
3.8202,230.75,6226.2
3.8204,230.92,6226.1
3.8206,231.08,6226.2
3.8208,231.18,6226.2
3.821,231.22,6226.6
3.8212,231.22,6225.1
3.8214,231.18,6224.1
3.8216,231.13,6224.9
3.8218,231.08,6226
3.822,230.96,6226.2
3.8222,230.84,6228.3
3.8224,230.74,6230.5
3.8226,230.69,6231.1
3.8228,230.68,6228
3.823,230.74,6225.2
3.8232,230.88,6224.5
3.8234,231.06,6225.4
3.8236,231.24,6228.9
3.8238,231.38,6233
3.824,231.39,6233.8
3.8242,231.29,6232.7
3.8244,231.16,6231.4
3.8246,231.01,6231.2
3.8248,230.86,6232.3
3.825,230.75,6235.6
3.8252,230.71,6237.4
3.8254,230.69,6236
3.8256,230.72,6234.6
3.8258,230.83,6233.7
3.826,230.97,6236.7
3.8262,231.06,6242.9
3.8264,231.16,6249.1
3.8266,231.28,6250.1
3.8268,231.36,6246.4
3.827,231.4,6240.8
3.8272,231.35,6239
3.8274,231.22,6246.6
3.8276,231.16,6258.4
3.8278,231.14,6266.3
3.828,231.18,6266.8
3.8282,231.2,6262.5
3.8284,231.21,6256.3
3.8286,231.25,6251.7
3.8288,231.38,6255.7
3.829,231.55,6263.5
3.8292,231.71,6267.6
3.8294,231.82,6267.5
3.8296,231.83,6267.1
3.8298,231.8,6265.9
3.83,231.72,6264.5
3.8302,231.58,6265.4
3.8304,231.43,6268.6
3.8306,231.39,6269.5
3.8308,231.4,6268.1
3.831,231.41,6267.4
3.8312,231.42,6268.6
3.8314,231.46,6269.8
3.8316,231.55,6268.6
3.8318,231.69,6266.8
3.832,231.86,6265.1
3.8322,231.94,6264
3.8324,231.95,6265.1
3.8326,231.89,6267.8
3.8328,231.73,6269.5
3.833,231.52,6267.9
3.8332,231.41,6263.3
3.8334,231.33,6259.2
3.8336,231.3,6256.7
3.8338,231.31,6256.9
3.834,231.36,6259.3
3.8342,231.45,6261.3
3.8344,231.54,6258.9
3.8346,231.63,6253
3.8348,231.72,6248.6
3.835,231.78,6246.6
3.8352,231.77,6249.7
3.8354,231.71,6254.5
3.8356,231.59,6257.3
3.8358,231.43,6255.9
3.836,231.26,6251.3
3.8362,231.16,6247
3.8364,231.13,6244.9
3.8366,231.18,6247.6
3.8368,231.28,6252.5
3.837,231.43,6254.2
3.8372,231.57,6251.7
3.8374,231.69,6247.3
3.8376,231.78,6246.4
3.8378,231.86,6247.5
3.838,231.92,6250.8
3.8382,231.94,6253.6
3.8384,231.89,6254.4
3.8386,231.76,6252.4
3.8388,231.68,6250.9
3.839,231.66,6252
3.8392,231.7,6255.3
3.8394,231.69,6256.8
3.8396,231.68,6256.3
3.8398,231.75,6252.7
3.84,231.82,6250
3.8402,231.9,6251.7
3.8404,232.04,6256.4
3.8406,232.16,6260.7
3.8408,232.2,6264.4
3.841,232.15,6266
3.8412,232,6267.5
3.8414,231.79,6270.7
3.8416,231.64,6271.2
3.8418,231.6,6268.8
3.842,231.66,6265.2
3.8422,231.8,6265.1
3.8424,231.89,6269.5
3.8426,231.97,6273.4
3.8428,232.01,6276.8
3.843,232.09,6280.6
3.8432,232.27,6284.3
3.8434,232.4,6286.2
3.8436,232.46,6284.7
3.8438,232.44,6280.9
3.844,232.3,6279.1
3.8442,232.14,6282.3
3.8444,232.04,6288.1
3.8446,231.98,6291.3
3.8448,231.96,6288.3
3.845,231.94,6282.8
3.8452,231.94,6279.4
3.8454,232.01,6280.5
3.8456,232.13,6286.3
3.8458,232.28,6290
3.846,232.43,6290.6
3.8462,232.5,6289.6
3.8464,232.46,6290.2
3.8466,232.33,6292
3.8468,232.16,6293.5
3.847,231.98,6294.1
3.8472,231.87,6291.7
3.8474,231.87,6290.9
3.8476,231.92,6294.7
3.8478,231.99,6299
3.848,232.07,6298
3.8482,232.15,6292.5
3.8484,232.24,6286.5
3.8486,232.34,6282.1
3.8488,232.41,6280.4
3.849,232.42,6282.2
3.8492,232.35,6285.6
3.8494,232.26,6285.7
3.8496,232.13,6281.4
3.8498,231.93,6276.1
3.85,231.75,6273.6
3.8502,231.71,6273.5
3.8504,231.74,6274
3.8506,231.81,6275
3.8508,231.93,6275
3.851,232.04,6271.9
3.8512,232.13,6268.2
3.8514,232.21,6264.3
3.8516,232.23,6262.5
3.8518,232.25,6263.7
3.852,232.26,6267.8
3.8522,232.26,6272
3.8524,232.21,6271.5
3.8526,232.09,6267.9
3.8528,232,6261.9
3.853,231.94,6258
3.8532,231.93,6256.4
3.8534,231.98,6259.2
3.8536,232.11,6262.2
3.8538,232.25,6262
3.854,232.38,6256.8
3.8542,232.47,6251.5
3.8544,232.49,6249.8
3.8546,232.43,6252.3
3.8548,232.34,6255.5
3.855,232.27,6257.4
3.8552,232.13,6256.6
3.8554,231.97,6255
3.8556,231.89,6251.6
3.8558,231.86,6247.6
3.856,231.83,6247
3.8562,231.84,6248.8
3.8564,231.87,6249.1
3.8566,231.93,6247.3
3.8568,232.02,6246.7
3.857,232.15,6245.6
3.8572,232.26,6245.9
3.8574,232.3,6246.3
3.8576,232.26,6250.5
3.8578,232.16,6256.6
3.858,231.98,6261.1
3.8582,231.8,6263.3
3.8584,231.72,6264.6
3.8586,231.75,6263.9
3.8588,231.85,6263.2
3.859,231.97,6261.2
3.8592,232.06,6261.2
3.8594,232.14,6263.7
3.8596,232.22,6266.1
3.8598,232.29,6265.5
3.86,232.36,6263
3.8602,232.42,6262.1
3.8604,232.43,6266.1
3.8606,232.37,6270.8
3.8608,232.21,6278.9
3.861,232.09,6285.1
3.8612,232.06,6284.9
3.8614,232.16,6279.4
3.8616,232.22,6272
3.8618,232.21,6268.7
3.862,232.2,6268.6
3.8622,232.23,6270.8
3.8624,232.32,6271.3
3.8626,232.43,6271.3
3.8628,232.5,6271.7
3.863,232.52,6273.6
3.8632,232.47,6274.3
3.8634,232.33,6273.2
3.8636,232.11,6271.7
3.8638,231.85,6270.6
3.864,231.67,6271.6
3.8642,231.64,6276.9
3.8644,231.78,6282.5
3.8646,231.98,6284.2
3.8648,232.14,6281.1
3.865,232.28,6275.8
3.8652,232.37,6271
3.8654,232.39,6270.3
3.8656,232.44,6274
3.8658,232.49,6278.3
3.866,232.51,6281.7
3.8662,232.44,6283.1
3.8664,232.3,6281.3
3.8666,232.2,6276.7
3.8668,232.13,6274.3
3.867,232.07,6275
3.8672,232.06,6275
3.8674,232.11,6274.8
3.8676,232.23,6276.6
3.8678,232.4,6277.3
3.868,232.57,6274.3
3.8682,232.68,6270.2
3.8684,232.71,6267.9
3.8686,232.64,6267.3
3.8688,232.51,6269
3.869,232.37,6272.2
3.8692,232.23,6273.3
3.8694,232.07,6269.5
3.8696,231.99,6264.6
3.8698,232,6262.6
3.87,232.06,6262.5
3.8702,232.14,6262.2
3.8704,232.22,6262.8
3.8706,232.32,6263
3.8708,232.45,6261.4
3.871,232.59,6259.4
3.8712,232.69,6258.3
3.8714,232.69,6258.3
3.8716,232.59,6259.7
3.8718,232.47,6259.7
3.872,232.33,6258.7
3.8722,232.2,6259
3.8724,232.08,6260.2
3.8726,231.98,6260.7
3.8728,231.95,6260.8
3.873,232.04,6261
3.8732,232.17,6259.9
3.8734,232.38,6258.3
3.8736,232.62,6257.7
3.8738,232.84,6256.8
3.874,232.87,6257.3
3.8742,232.79,6259.2
3.8744,232.66,6263.9
3.8746,232.47,6266.1
3.8748,232.34,6264.4
3.875,232.3,6258.2
3.8752,232.29,6253.1
3.8754,232.24,6249.5
3.8756,232.2,6247.9
3.8758,232.18,6250.5
3.876,232.23,6256.1
3.8762,232.33,6260.1
3.8764,232.46,6259.3
3.8766,232.59,6256.6
3.8768,232.67,6256
3.877,232.66,6257.2
3.8772,232.55,6260.2
3.8774,232.38,6264
3.8776,232.18,6264.3
3.8778,232.02,6262.7
3.878,231.92,6261.4
3.8782,231.91,6262.4
3.8784,231.98,6263.5
3.8786,232.08,6264.1
3.8788,232.25,6263
3.879,232.43,6260.7
3.8792,232.56,6259.1
3.8794,232.6,6261
3.8796,232.59,6264.6
3.8798,232.53,6266.8
3.88,232.43,6265.9
3.8802,232.26,6263.3
3.8804,232.1,6260.8
3.8806,232.02,6262.7
3.8808,232.01,6269.5
3.881,232.08,6275.1
3.8812,232.13,6274
3.8814,232.18,6268
3.8816,232.27,6260.1
3.8818,232.35,6255.7
3.882,232.46,6256.8
3.8822,232.56,6262.6
3.8824,232.64,6267.4
3.8826,232.64,6267.1
3.8828,232.5,6262.4
3.883,232.27,6256.9
3.8832,232.09,6252.7
3.8834,232.01,6251.5
3.8836,232.01,6254.1
3.8838,232.06,6257.1
3.884,232.12,6259.5
3.8842,232.18,6257.8
3.8844,232.26,6254.1
3.8846,232.36,6248.8
3.8848,232.49,6246
3.885,232.63,6245.7
3.8852,232.73,6248.5
3.8854,232.69,6250.7
3.8856,232.5,6250.7
3.8858,232.24,6249.2
3.886,232.05,6246.7
3.8862,231.92,6243.6
3.8864,231.88,6242.4
3.8866,231.97,6243.2
3.8868,232.08,6244.9
3.887,232.21,6246.2
3.8872,232.32,6246
3.8874,232.41,6245.5
3.8876,232.49,6244.8
3.8878,232.6,6244.1
3.888,232.63,6244.5
3.8882,232.59,6247
3.8884,232.51,6248.3
3.8886,232.32,6247
3.8888,232.14,6243.9
3.889,231.98,6242.3
3.8892,231.88,6243.4
3.8894,231.85,6244.9
3.8896,231.9,6242.8
3.8898,232.01,6238.5
3.89,232.15,6233.9
3.8902,232.26,6231.4
3.8904,232.32,6232.9
3.8906,232.33,6238.8
3.8908,232.29,6246
3.891,232.26,6250.6
3.8912,232.18,6252.7
3.8914,232.05,6251.8
3.8916,232.01,6248.9
3.8918,232.01,6247.3
3.892,231.95,6248.8
3.8922,231.93,6252
3.8924,231.96,6252.4
3.8926,232.02,6249.5
3.8928,232.15,6247.3
3.893,232.33,6247.3
3.8932,232.51,6252.4
3.8934,232.58,6259
3.8936,232.56,6262.1
3.8938,232.4,6260.4
3.894,232.12,6256.6
3.8942,231.89,6254.7
3.8944,231.79,6258.6
3.8946,231.8,6269.1
3.8948,231.96,6278.5
3.895,232.15,6275.4
3.8952,232.2,6265.7
3.8954,232.16,6258.2
3.8956,232.14,6256.1
3.8958,232.17,6259.9
3.896,232.25,6269.9
3.8962,232.37,6277.2
3.8964,232.45,6275.9
3.8966,232.41,6271.6
3.8968,232.26,6268.5
3.897,232.05,6267.2
3.8972,231.89,6270.2
3.8974,231.8,6275.9
3.8976,231.81,6279.3
3.8978,231.85,6277.6
3.898,231.89,6273.2
3.8982,231.96,6268.1
3.8984,232.04,6264
3.8986,232.11,6262.9
3.8988,232.19,6264.2
3.899,232.21,6265.9
3.8992,232.17,6267.6
3.8994,232.08,6268.1
3.8996,231.92,6266.9
3.8998,231.76,6265.1
3.9,231.64,6262.7
3.9002,231.54,6261.5
3.9004,231.45,6261.6
3.9006,231.43,6261.9
3.9008,231.53,6261.3
3.901,231.7,6261.7
3.9012,231.89,6260.3
3.9014,232.07,6256
3.9016,232.21,6250.7
3.9018,232.21,6247.9
3.902,232.07,6251
3.9022,231.92,6254.2
3.9024,231.72,6255
3.9026,231.6,6253.9
3.9028,231.59,6251.8
3.903,231.6,6250.8
3.9032,231.62,6251.5
3.9034,231.68,6252.8
3.9036,231.75,6252.9
3.9038,231.88,6252.2
3.904,232.05,6251.2
3.9042,232.2,6250.4
3.9044,232.3,6251
3.9046,232.37,6252.4
3.9048,232.36,6252.8
3.905,232.26,6252.5
3.9052,232.11,6252
3.9054,231.91,6252.3
3.9056,231.76,6253.1
3.9058,231.63,6253.3
3.906,231.55,6252.3
3.9062,231.59,6250
3.9064,231.7,6248.3
3.9066,231.85,6248.4
3.9068,232,6250.4
3.907,232.12,6251.8
3.9072,232.19,6252.6
3.9074,232.15,6253.1
3.9076,232.08,6254.1
3.9078,232.01,6253.1
3.908,231.84,6253.4
3.9082,231.69,6253.5
3.9084,231.59,6252.7
3.9086,231.52,6251.7
3.9088,231.45,6251.5
3.909,231.41,6252.2
3.9092,231.43,6252.7
3.9094,231.5,6254.2
3.9096,231.69,6253.5
3.9098,231.88,6255.1
3.91,232.03,6260.8
3.9102,232.08,6266.7
3.9104,231.97,6270
3.9106,231.78,6269
3.9108,231.59,6267
3.911,231.44,6265.9
3.9112,231.42,6268.1
3.9114,231.55,6270.6
3.9116,231.73,6269.5
3.9118,231.82,6264.3
3.912,231.91,6261.3
3.9122,231.99,6261.4
3.9124,231.97,6266.1
3.9126,232.02,6271.8
3.9128,232.13,6274.1
3.913,232.19,6272
3.9132,232.19,6268.8
3.9134,232.11,6267.6
3.9136,231.96,6270.9
3.9138,231.79,6275.4
3.914,231.64,6278
3.9142,231.52,6276.5
3.9144,231.49,6273.2
3.9146,231.59,6268.3
3.9148,231.78,6263
3.915,231.93,6260.9
3.9152,232.02,6261.4
3.9154,232.02,6261
3.9156,231.96,6260.2
3.9158,231.87,6260
3.916,231.8,6261
3.9162,231.73,6262.3
3.9164,231.63,6264.3
3.9166,231.47,6264.2
3.9168,231.35,6260.5
3.917,231.27,6256.3
3.9172,231.24,6255.2
3.9174,231.32,6256.6
3.9176,231.49,6259.2
3.9178,231.67,6260.1
3.918,231.85,6259
3.9182,231.96,6255.5
3.9184,232,6253
3.9186,231.96,6252.9
3.9188,231.87,6252.3
3.919,231.74,6250.6
3.9192,231.53,6248.1
3.9194,231.34,6245.6
3.9196,231.19,6244
3.9198,231.12,6243.6
3.92,231.15,6244
3.9202,231.25,6243.5
3.9204,231.39,6242.3
3.9206,231.53,6241
3.9208,231.66,6239.3
3.921,231.74,6239.2
3.9212,231.75,6240.8
3.9214,231.73,6243.1
3.9216,231.66,6243.9
3.9218,231.55,6242.1
3.922,231.41,6239.9
3.9222,231.31,6238.5
3.9224,231.22,6239.4
3.9226,231.15,6241.4
3.9228,231.14,6241.5
3.923,231.21,6241
3.9232,231.35,6242.2
3.9234,231.51,6245
3.9236,231.67,6247.7
3.9238,231.79,6250.9
3.924,231.85,6255.1
3.9242,231.83,6255.6
3.9244,231.75,6253.7
3.9246,231.66,6252.4
3.9248,231.56,6252.5
3.925,231.52,6251.9
3.9252,231.51,6252.1
3.9254,231.5,6253.2
3.9256,231.49,6252
3.9258,231.5,6251.5
3.926,231.55,6253.3
3.9262,231.65,6254.3
3.9264,231.8,6253.8
3.9266,231.96,6253
3.9268,232.02,6253
3.927,231.95,6251.3
3.9272,231.78,6252.6
3.9274,231.59,6257.8
3.9276,231.46,6264.5
3.9278,231.39,6271.8
3.928,231.38,6276.2
3.9282,231.42,6275.5
3.9284,231.53,6270.2
3.9286,231.65,6265.4
3.9288,231.78,6264.4
3.929,231.92,6270.5
3.9292,232.02,6279.9
3.9294,232.08,6285
3.9296,232.07,6283
3.9298,232.07,6277
3.93,232.02,6270.4
3.9302,231.89,6268.5
3.9304,231.71,6271.5
3.9306,231.59,6277.4
3.9308,231.51,6284.3
3.931,231.5,6288.8
3.9312,231.56,6288.2
3.9314,231.7,6282.3
3.9316,231.91,6273.3
3.9318,232.1,6267.7
3.932,232.19,6270.6
3.9322,232.2,6277
3.9324,232.15,6282.3
3.9326,232.1,6285
3.9328,232.05,6286.2
3.933,231.97,6284.2
3.9332,231.86,6281.5
3.9334,231.84,6279.7
3.9336,231.87,6277.9
3.9338,231.91,6277.5
3.934,231.92,6279.8
3.9342,231.93,6283.2
3.9344,231.99,6286.2
3.9346,232.13,6284.7
3.9348,232.27,6280.2
3.935,232.37,6273.9
3.9352,232.45,6269.4
3.9354,232.4,6269.5
3.9356,232.27,6274.6
3.9358,232.09,6281
3.936,231.96,6282.9
3.9362,231.95,6278.9
3.9364,231.98,6275.5
3.9366,232.06,6271.8
3.9368,232.17,6269.4
3.937,232.25,6269.7
3.9372,232.37,6272.5
3.9374,232.5,6273.8
3.9376,232.6,6273.2
3.9378,232.66,6270.9
3.938,232.66,6268.9
3.9382,232.58,6267.9
3.9384,232.45,6268.4
3.9386,232.29,6269.6
3.9388,232.1,6270.9
3.939,231.99,6269.9
3.9392,231.96,6268
3.9394,232,6267.7
3.9396,232.08,6270
3.9398,232.21,6271.4
3.94,232.36,6269.9
3.9402,232.43,6267.5
3.9404,232.48,6265.7
3.9406,232.54,6269
3.9408,232.61,6274.4
3.941,232.63,6279.7
3.9412,232.54,6283.2
3.9414,232.41,6284
3.9416,232.39,6280.6
3.9418,232.43,6274.8
3.942,232.39,6270.5
3.9422,232.28,6270.6
3.9424,232.18,6275.8
3.9426,232.19,6283.2
3.9428,232.31,6291.6
3.943,232.46,6296.3
3.9432,232.66,6294.2
3.9434,232.81,6291.7
3.9436,232.86,6287.6
3.9438,232.77,6287.5
3.944,232.61,6294.4
3.9442,232.39,6302.3
3.9444,232.23,6304.8
3.9446,232.22,6302
3.9448,232.28,6298.6
3.945,232.33,6294.4
3.9452,232.34,6289.8
3.9454,232.33,6287.6
3.9456,232.36,6288.8
3.9458,232.47,6289.5
3.946,232.58,6292
3.9462,232.66,6294.5
3.9464,232.67,6295.7
3.9466,232.57,6292.9
3.9468,232.4,6289.3
3.947,232.24,6286.6
3.9472,232.14,6287
3.9474,232.12,6289.4
3.9476,232.12,6293.8
3.9478,232.12,6295.2
3.948,232.18,6293.4
3.9482,232.28,6290.5
3.9484,232.41,6288.2
3.9486,232.51,6285.4
3.9488,232.57,6284.5
3.949,232.58,6286.4
3.9492,232.54,6289
3.9494,232.47,6289.6
3.9496,232.38,6289
3.9498,232.23,6288.6
3.95,232.03,6286.7
3.9502,231.89,6283.7
3.9504,231.82,6282
3.9506,231.84,6280.8
3.9508,231.95,6278.6
3.951,232.08,6274.8
3.9512,232.19,6271
3.9514,232.24,6270
3.9516,232.26,6272.9
3.9518,232.22,6277.4
3.952,232.17,6278.4
3.9522,232.14,6276.3
3.9524,232.07,6271.5
3.9526,231.93,6267.4
3.9528,231.79,6266.7
3.953,231.64,6270.5
3.9532,231.58,6274.4
3.9534,231.67,6274.3
3.9536,231.86,6270.6
3.9538,232.07,6264.7
3.954,232.26,6260.4
3.9542,232.36,6259.9
3.9544,232.4,6262.6
3.9546,232.38,6266.9
3.9548,232.34,6270.7
3.955,232.23,6269.6
3.9552,232.02,6265.7
3.9554,231.86,6261.3
3.9556,231.82,6259.5
3.9558,231.83,6261.4
3.956,231.87,6263.5
3.9562,231.89,6264.7
3.9564,231.89,6264.9
3.9566,231.93,6265.3
3.9568,232.01,6267.7
3.957,232.15,6271.9
3.9572,232.29,6275.8
3.9574,232.4,6277.4
3.9576,232.41,6278.8
3.9578,232.33,6281.6
3.958,232.17,6282.6
3.9582,231.96,6280.5
3.9584,231.8,6278.1
3.9586,231.72,6276.1
3.9588,231.73,6273.6
3.959,231.79,6275
3.9592,231.88,6283.1
3.9594,231.99,6288.7
3.9596,232.18,6285.5
3.9598,232.33,6278.1
3.96,232.38,6274.9
3.9602,232.35,6276.1
3.9604,232.22,6280.7
3.9606,232.03,6288.2
3.9608,231.85,6293.1
3.961,231.67,6292.3
3.9612,231.5,6288.7
3.9614,231.47,6287.9
3.9616,231.55,6287.7
3.9618,231.71,6286
3.962,231.88,6284.1
3.9622,232,6281.3
3.9624,232.05,6281.9
3.9626,232.1,6285.4
3.9628,232.15,6288.8
3.963,232.23,6289.8
3.9632,232.35,6288.5
3.9634,232.31,6286
3.9636,232.11,6282.1
3.9638,231.83,6278.7
3.964,231.59,6281
3.9642,231.49,6288.1
3.9644,231.52,6291.2
3.9646,231.71,6289.3
3.9648,231.94,6285.7
3.965,232.08,6282.2
3.9652,232.11,6280
3.9654,232.11,6280.6
3.9656,232.12,6284
3.9658,232.14,6287.2
3.966,232.23,6287.7
3.9662,232.27,6286.7
3.9664,232.17,6282.4
3.9666,232.04,6277.6
3.9668,231.94,6275.9
3.967,231.91,6277.9
3.9672,231.91,6280.2
3.9674,231.97,6279
3.9676,232.06,6275.5
3.9678,232.18,6272.7
3.968,232.32,6271.6
3.9682,232.43,6273.6
3.9684,232.53,6276.9
3.9686,232.58,6278.6
3.9688,232.5,6277.1
3.969,232.32,6273.5
3.9692,232.12,6268.3
3.9694,231.89,6265.6
3.9696,231.79,6267.6
3.9698,231.81,6272.4
3.97,231.9,6274
3.9702,232.02,6272.8
3.9704,232.15,6269.5
3.9706,232.28,6265.3
3.9708,232.39,6261.5
3.971,232.49,6261.2
3.9712,232.55,6265.1
3.9714,232.55,6270.1
3.9716,232.48,6273.4
3.9718,232.34,6271.4
3.972,232.16,6265
3.9722,231.96,6259.9
3.9724,231.81,6259.8
3.9726,231.74,6265.5
3.9728,231.77,6272.2
3.973,231.87,6276
3.9732,232.01,6276.1
3.9734,232.18,6271.6
3.9736,232.37,6267.8
3.9738,232.51,6266
3.974,232.56,6268
3.9742,232.52,6273.1
3.9744,232.42,6277.5
3.9746,232.28,6280.6
3.9748,232.09,6280.2
3.975,231.94,6279.8
3.9752,231.85,6278.8
3.9754,231.83,6277.5
3.9756,231.91,6275.5
3.9758,232.04,6275.1
3.976,232.17,6275.8
3.9762,232.27,6279.2
3.9764,232.35,6285.2
3.9766,232.48,6287.6
3.9768,232.54,6285.6
3.977,232.57,6283.2
3.9772,232.49,6282.5
3.9774,232.32,6284.5
3.9776,232.16,6289.6
3.9778,232.05,6296.4
3.978,231.98,6301.4
3.9782,231.96,6301.4
3.9784,231.99,6296.8
3.9786,232.05,6291.2
3.9788,232.16,6289.2
3.979,232.31,6291.9
3.9792,232.49,6298.9
3.9794,232.66,6304.1
3.9796,232.71,6303.2
3.9798,232.65,6299.1
3.98,232.53,6294.6
3.9802,232.37,6291.9
3.9804,232.21,6291.2
3.9806,232.14,6296.6
3.9808,232.1,6306.4
3.981,232.16,6312.1
3.9812,232.29,6309.4
3.9814,232.42,6300.7
3.9816,232.51,6291.4
3.9818,232.57,6287.7
3.982,232.64,6290.8
3.9822,232.71,6296.2
3.9824,232.74,6298
3.9826,232.69,6295
3.9828,232.56,6290
3.983,232.34,6287.8
3.9832,232.13,6285.9
3.9834,232.02,6284.1
3.9836,231.99,6283.8
3.9838,232.04,6284.6
3.984,232.16,6284.3
3.9842,232.26,6282.8
3.9844,232.37,6283.2
3.9846,232.48,6282.8
3.9848,232.57,6283.5
3.985,232.65,6283.8
3.9852,232.69,6283.8
3.9854,232.67,6282.3
3.9856,232.61,6280
3.9858,232.49,6277.8
3.986,232.26,6276.5
3.9862,232.1,6276.1
3.9864,232.05,6277.3
3.9866,232.12,6278.1
3.9868,232.28,6275
3.987,232.44,6268.7
3.9872,232.57,6263
3.9874,232.64,6259.9
3.9876,232.64,6260.2
3.9878,232.59,6263.5
3.988,232.52,6267.4
3.9882,232.44,6267.3
3.9884,232.35,6263.1
3.9886,232.22,6258.5
3.9888,232.03,6256.5
3.989,231.88,6257.4
3.9892,231.78,6258.7
3.9894,231.76,6260.7
3.9896,231.83,6263.5
3.9898,231.98,6263.2
3.99,232.14,6260.3
3.9902,232.34,6258
3.9904,232.53,6254.9
3.9906,232.59,6253.3
3.9908,232.55,6253.9
3.991,232.44,6259.4
3.9912,232.24,6265.7
3.9914,232.06,6268.3
3.9916,232,6268
3.9918,232.03,6268.7
3.992,232.05,6267.7
3.9922,232.01,6266.9
3.9924,231.97,6268.1
3.9926,232,6271.9
3.9928,232.12,6274
3.993,232.3,6274.2
3.9932,232.47,6274.8
3.9934,232.57,6276.1
3.9936,232.59,6276.6
3.9938,232.51,6276.8
3.994,232.37,6278.5
3.9942,232.19,6282.9
3.9944,232,6287.1
3.9946,231.86,6287.1
3.9948,231.76,6284.2
3.995,231.66,6279.6
3.9952,231.69,6275.2
3.9954,231.86,6273.8
3.9956,232.05,6275.8
3.9958,232.21,6279.4
3.996,232.27,6281.3
3.9962,232.21,6278
3.9964,232.08,6272.2
3.9966,231.94,6268.1
3.9968,231.79,6267.2
3.997,231.72,6268.1
3.9972,231.74,6270.4
3.9974,231.71,6273.9
3.9976,231.66,6274.4
3.9978,231.59,6269.8
3.998,231.57,6265.1
3.9982,231.65,6262.4
3.9984,231.82,6263.5
3.9986,232.02,6266.2
3.9988,232.18,6268.2
3.999,232.26,6266.3
3.9992,232.22,6261.9
3.9994,232.08,6258.5
3.9996,231.88,6258.1
3.9998,231.68,6260.1
4,231.57,6262.1
4.0002,231.55,6261.4
4.0004,231.56,6259
4.0006,231.61,6255.4
4.0008,231.68,6254
4.001,231.74,6253
4.0012,231.82,6250.6
4.0014,231.92,6246.9
4.0016,231.99,6245.6
4.0018,232.01,6246.1
4.002,232,6246.9
4.0022,231.94,6247.9
4.0024,231.84,6247.1
4.0026,231.68,6245.2
4.0028,231.57,6241.1
4.003,231.47,6237.7
4.0032,231.39,6239.5
4.0034,231.34,6240.1
4.0036,231.38,6241.4
4.0038,231.48,6240.5
4.004,231.63,6236.4
4.0042,231.83,6231.7
4.0044,231.99,6230.9
4.0046,232.06,6232.3
4.0048,232.04,6235.9
4.005,231.91,6240.1
4.0052,231.74,6241.2
4.0054,231.61,6237.7
4.0056,231.55,6233.8
4.0058,231.52,6234
4.006,231.51,6237.4
4.0062,231.56,6239.9
4.0064,231.66,6240.3
4.0066,231.78,6237.9
4.0068,231.93,6236
4.007,232.04,6236
4.0072,232.13,6237.8
4.0074,232.15,6238.3
4.0076,232.11,6238.9
4.0078,232.04,6240
4.008,231.91,6242.4
4.0082,231.75,6245.2
4.0084,231.7,6245.8
4.0086,231.76,6241.5
4.0088,231.85,6235.9
4.009,231.9,6232.8
4.0092,231.91,6234.1
4.0094,231.91,6240.6
4.0096,231.96,6245.9
4.0098,232.07,6249
4.01,232.21,6250
4.0102,232.33,6247
4.0104,232.34,6242.5
4.0106,232.26,6240.5
4.0108,232.09,6242
4.011,231.88,6245.3
4.0112,231.73,6248.5
4.0114,231.67,6248.6
4.0116,231.65,6247
4.0118,231.69,6243.8
4.012,231.82,6240.6
4.0122,231.97,6238.6
4.0124,232.09,6240.9
4.0126,232.17,6246
4.0128,232.17,6248.8
4.013,232.09,6247
4.0132,232.03,6243.2
4.0134,231.94,6240.2
4.0136,231.76,6240.6
4.0138,231.59,6246.4
4.014,231.48,6258.1
4.0142,231.45,6264.5
4.0144,231.57,6259.9
4.0146,231.74,6250.7
4.0148,231.94,6243.4
4.015,232.08,6241.9
4.0152,232.15,6244.8
4.0154,232.17,6249.6
4.0156,232.16,6251.1
4.0158,232.17,6247.6
4.016,232.14,6243.3
4.0162,232.05,6241.8
4.0164,231.84,6241.9
4.0166,231.67,6240.8
4.0168,231.57,6242
4.017,231.57,6243.2
4.0172,231.64,6241.8
4.0174,231.77,6240.2
4.0176,231.91,6239.8
4.0178,231.99,6238.8
4.018,232.04,6236
4.0182,232.05,6235.2
4.0184,232.07,6236.5
4.0186,232.11,6238.7
4.0188,232.11,6239.4
4.019,232.05,6240.3
4.0192,231.91,6239.8
4.0194,231.74,6237.2
4.0196,231.56,6232.6
4.0198,231.44,6230.2
4.02,231.39,6231
4.0202,231.44,6233.7
4.0204,231.59,6236.4
4.0206,231.78,6236
4.0208,231.92,6232.2
4.021,232.01,6228.2
4.0212,232.02,6227.3
4.0214,231.99,6229
4.0216,231.97,6231.9
4.0218,231.94,6234.1
4.022,231.82,6232.7
4.0222,231.69,6230.7
4.0224,231.57,6230.1
4.0226,231.47,6232.4
4.0228,231.43,6234.2
4.023,231.49,6232.6
4.0232,231.63,6231.3
4.0234,231.82,6230.2
4.0236,232.01,6230.3
4.0238,232.16,6231.5
4.024,232.22,6233
4.0242,232.18,6234.8
4.0244,232.04,6234.6
4.0246,231.87,6233.3
4.0248,231.72,6234.8
4.025,231.65,6237.1
4.0252,231.56,6240
4.0254,231.47,6241.5
4.0256,231.46,6240.4
4.0258,231.55,6235.3
4.026,231.73,6231.4
4.0262,231.95,6235
4.0264,232.15,6242.8
4.0266,232.22,6247.5
4.0268,232.13,6248.7
4.027,232,6245.4
4.0272,231.88,6239.2
4.0274,231.77,6237.8
4.0276,231.66,6240.8
4.0278,231.6,6244.9
4.028,231.54,6249.9
4.0282,231.51,6251.7
4.0284,231.5,6250.1
4.0286,231.49,6245.8
4.0288,231.59,6243.5
4.029,231.78,6249
4.0292,232.08,6259.9
4.0294,232.37,6269.6
4.0296,232.46,6272.6
4.0298,232.44,6268.4
4.03,232.3,6263
4.0302,232.01,6259.9
4.0304,231.84,6262.2
4.0306,231.81,6267.2
4.0308,231.89,6270.8
4.031,231.99,6270.1
4.0312,232.02,6265.3
4.0314,232,6259.7
4.0316,232.02,6255.2
4.0318,232.1,6254.8
4.032,232.26,6254
4.0322,232.37,6252.4
4.0324,232.37,6250.1
4.0326,232.31,6250.3
4.0328,232.18,6252.4
4.033,231.99,6254.5
4.0332,231.92,6255.9
4.0334,231.88,6257.4
4.0336,231.83,6255.4
4.0338,231.79,6249.9
4.034,231.81,6246.6
4.0342,231.92,6248.9
4.0344,232.11,6253.6
4.0346,232.35,6257.6
4.0348,232.56,6257.9
4.035,232.69,6253.7
4.0352,232.72,6248.4
4.0354,232.64,6245.7
4.0356,232.49,6248.4
4.0358,232.3,6252.2
4.036,232.21,6253.6
4.0362,232.14,6252.5
4.0364,232.08,6250.3
4.0366,232.08,6247.2
4.0368,232.12,6244.9
4.037,232.21,6244.9
4.0372,232.36,6248
4.0374,232.5,6249.6
4.0376,232.64,6248.8
4.0378,232.72,6249
4.038,232.74,6248.6
4.0382,232.64,6249.3
4.0384,232.48,6249.2
4.0386,232.33,6247.8
4.0388,232.18,6245.7
4.039,232.13,6245.5
4.0392,232.16,6247.4
4.0394,232.24,6250.3
4.0396,232.34,6252.9
4.0398,232.46,6255.2
4.04,232.56,6254.4
4.0402,232.66,6254
4.0404,232.74,6253.5
4.0406,232.8,6253.9
4.0408,232.87,6253.9
4.041,232.88,6257.7
4.0412,232.79,6264.1
4.0414,232.6,6267.4
4.0416,232.43,6265.9
4.0418,232.35,6259.4
4.042,232.33,6252.7
4.0422,232.33,6251
4.0424,232.36,6254.8
4.0426,232.41,6261.8
4.0428,232.46,6264.6
4.043,232.55,6263
4.0432,232.7,6260.4
4.0434,232.81,6258.8
4.0436,232.82,6260.6
4.0438,232.73,6266.2
4.044,232.56,6270.5
4.0442,232.36,6271.7
4.0444,232.24,6271.5
4.0446,232.21,6270.2
4.0448,232.29,6270.4
4.045,232.42,6271.9
4.0452,232.57,6272.9
4.0454,232.74,6272.5
4.0456,232.88,6269.4
4.0458,232.93,6268.4
4.046,232.95,6270.9
4.0462,232.98,6276.4
4.0464,232.96,6280.4
4.0466,232.93,6279.4
4.0468,232.8,6275.6
4.047,232.68,6270
4.0472,232.56,6268.3
4.0474,232.44,6272.2
4.0476,232.38,6277.4
4.0478,232.4,6279.4
4.048,232.5,6275.6
4.0482,232.64,6268.5
4.0484,232.76,6261.3
4.0486,232.86,6259.4
4.0488,232.92,6262.2
4.049,232.9,6266.7
4.0492,232.81,6272.1
4.0494,232.71,6274.6
4.0496,232.59,6271.1
4.0498,232.38,6266.2
4.05,232.27,6265.4
4.0502,232.31,6267.3
4.0504,232.44,6267.9
4.0506,232.57,6267.5
4.0508,232.64,6265.4
4.051,232.64,6262.8
4.0512,232.62,6261.3
4.0514,232.63,6261.5
4.0516,232.7,6262.4
4.0518,232.83,6262.3
4.052,232.95,6260
4.0522,232.97,6257.3
4.0524,232.87,6255.4
4.0526,232.6,6255.6
4.0528,232.35,6257.5
4.053,232.24,6259.3
4.0532,232.28,6259.1
4.0534,232.47,6256.2
4.0536,232.68,6252.2
4.0538,232.8,6249.6
4.054,232.83,6250.9
4.0542,232.79,6252.5
4.0544,232.75,6254.7
4.0546,232.8,6255
4.0548,232.88,6254.5
4.055,232.91,6253.3
4.0552,232.83,6254.3
4.0554,232.68,6255.3
4.0556,232.54,6255.2
4.0558,232.44,6252.8
4.056,232.44,6249.9
4.0562,232.49,6249.6
4.0564,232.57,6251.7
4.0566,232.73,6255.6
4.0568,232.9,6259.1
4.057,233.05,6257
4.0572,233.11,6254.6
4.0574,233.09,6253.8
4.0576,233.05,6253.4
4.0578,232.95,6255.3
4.058,232.77,6260.1
4.0582,232.58,6264.1
4.0584,232.55,6266.2
4.0586,232.6,6264.9
4.0588,232.63,6262.3
4.059,232.67,6261.2
4.0592,232.73,6262.9
4.0594,232.81,6267.5
4.0596,232.97,6271.7
4.0598,233.18,6271.3
4.06,233.41,6266.4
4.0602,233.47,6263.2
4.0604,233.3,6264.4
4.0606,233.04,6264.6
4.0608,232.73,6267.2
4.061,232.51,6272.2
4.0612,232.44,6276.4
4.0614,232.55,6276.7
4.0616,232.72,6272.1
4.0618,232.84,6268.1
4.062,232.89,6267.5
4.0622,232.93,6268.9
4.0624,232.98,6271.2
4.0626,233.02,6273.5
4.0628,233.1,6273.8
4.063,233.19,6274.2
4.0632,233.19,6274.3
4.0634,233.06,6273.7
4.0636,232.87,6270
4.0638,232.7,6265.8
4.064,232.55,6267.3
4.0642,232.46,6273.2
4.0644,232.46,6280.7
4.0646,232.57,6283.4
4.0648,232.71,6278.4
4.065,232.84,6269.9
4.0652,232.93,6263.5
4.0654,232.97,6263.3
4.0656,232.95,6269.1
4.0658,232.94,6276.4
4.066,232.92,6279.3
4.0662,232.87,6276.5
4.0664,232.75,6268.7
4.0666,232.63,6261.5
4.0668,232.53,6260.5
4.067,232.48,6266.6
4.0672,232.46,6271.7
4.0674,232.5,6271.2
4.0676,232.59,6267.1
4.0678,232.73,6261.5
4.068,232.85,6256.8
4.0682,232.92,6255.7
4.0684,232.97,6258.1
4.0686,232.95,6262.8
4.0688,232.86,6265.9
4.069,232.73,6264.1
4.0692,232.6,6259.8
4.0694,232.55,6256
4.0696,232.55,6255.3
4.0698,232.55,6256.8
4.07,232.59,6258.6
4.0702,232.67,6257.2
4.0704,232.75,6253.4
4.0706,232.81,6250.3
4.0708,232.86,6249.3
4.071,232.89,6249.3
4.0712,232.91,6249.4
4.0714,232.9,6250.3
4.0716,232.87,6250.7
4.0718,232.79,6250.1
4.072,232.64,6249.5
4.0722,232.46,6249.8
4.0724,232.35,6250.3
4.0726,232.31,6251.5
4.0728,232.34,6251.5
4.073,232.44,6249.4
4.0732,232.58,6243.9
4.0734,232.71,6240
4.0736,232.79,6240.8
4.0738,232.85,6246.2
4.074,232.84,6250.7
4.0742,232.79,6254.1
4.0744,232.69,6254
4.0746,232.57,6252.4
4.0748,232.41,6250.3
4.075,232.29,6249.4
4.0752,232.19,6250.1
4.0754,232.11,6251.7
4.0756,232.11,6254.4
4.0758,232.19,6256.1
4.076,232.29,6255.6
4.0762,232.43,6253
4.0764,232.54,6251
4.0766,232.58,6250.9
4.0768,232.6,6254.9
4.077,232.57,6259.3
4.0772,232.48,6262.9
4.0774,232.37,6262.5
4.0776,232.26,6262.2
4.0778,232.19,6265.4
4.078,232.21,6269.1
4.0782,232.28,6269.7
4.0784,232.34,6267.1
4.0786,232.41,6262.7
4.0788,232.52,6261.3
4.079,232.59,6264.1
4.0792,232.63,6268
4.0794,232.63,6271
4.0796,232.61,6273.4
4.0798,232.56,6273.3
4.08,232.51,6269.7
4.0802,232.42,6266.3
4.0804,232.24,6266.1
4.0806,232.08,6270.7
4.0808,232.01,6274.9
4.081,232.06,6276.8
4.0812,232.16,6276.5
4.0814,232.32,6272.4
4.0816,232.46,6269.7
4.0818,232.54,6267.3
4.082,232.56,6266.7
4.0822,232.54,6267.5
4.0824,232.54,6268.9
4.0826,232.53,6269.5
4.0828,232.52,6267.8
4.083,232.46,6264.6
4.0832,232.28,6263.2
4.0834,232.1,6263.9
4.0836,232.04,6265.5
4.0838,232.12,6267.2
4.084,232.31,6269.7
4.0842,232.49,6270
4.0844,232.65,6268.9
4.0846,232.75,6266.9
4.0848,232.82,6264.8
4.085,232.86,6264
4.0852,232.89,6265.7
4.0854,232.95,6269.2
4.0856,232.96,6270.9
4.0858,232.86,6268.7
4.086,232.69,6266.8
4.0862,232.55,6267.1
4.0864,232.46,6266.3
4.0866,232.45,6263.9
4.0868,232.55,6260.1
4.087,232.74,6256.9
4.0872,232.9,6256.1
4.0874,233,6256.1
4.0876,233.03,6257
4.0878,232.99,6256.8
4.088,232.93,6255
4.0882,232.86,6253.1
4.0884,232.79,6253.3
4.0886,232.66,6253.8
4.0888,232.48,6253.3
4.089,232.4,6254.5
4.0892,232.4,6255.4
4.0894,232.47,6254.8
4.0896,232.58,6254.1
4.0898,232.7,6256.9
4.09,232.82,6260.3
4.0902,232.96,6264.2
4.0904,233.13,6268.8
4.0906,233.25,6272.3
4.0908,233.3,6273.2
4.091,233.26,6273.5
4.0912,233.13,6274.2
4.0914,232.9,6274.8
4.0916,232.8,6275.7
4.0918,232.86,6274.3
4.092,232.97,6270.2
4.0922,233.08,6266.9
4.0924,233.11,6265.7
4.0926,233.11,6269.9
4.0928,233.11,6276
4.093,233.16,6277.9
4.0932,233.27,6273.4
4.0934,233.39,6265.4
4.0936,233.41,6259.1
4.0938,233.31,6257.9
4.094,233.12,6261.8
4.0942,232.9,6270.5
4.0944,232.78,6278.8
4.0946,232.75,6281.8
4.0948,232.77,6277.8
4.095,232.77,6270.5
4.0952,232.81,6262.9
4.0954,232.93,6264.2
4.0956,233.11,6273.8
4.0958,233.32,6280.6
4.096,233.46,6281
4.0962,233.52,6278.4
4.0964,233.48,6275.1
4.0966,233.29,6271.9
4.0968,233.1,6270.1
4.097,232.97,6271.2
4.0972,232.81,6273.8
4.0974,232.63,6276.1
4.0976,232.49,6278.7
4.0978,232.48,6279.9
4.098,232.62,6277.9
4.0982,232.84,6274.1
4.0984,233.05,6271
4.0986,233.15,6269.8
4.0988,233.15,6270.9
4.099,233.09,6274
4.0992,233.02,6277.5
4.0994,232.96,6278.1
4.0996,232.9,6274.9
4.0998,232.77,6268.4
4.1,232.61,6262.2
4.1002,232.45,6261.9
4.1004,232.38,6267.1
4.1006,232.43,6270.9
4.1008,232.55,6269.9
4.101,232.72,6265.1
4.1012,232.89,6259.8
4.1014,232.97,6256.2
4.1016,232.96,6254.9
4.1018,232.91,6257.7
4.102,232.87,6263.2
4.1022,232.82,6267.5
4.1024,232.73,6267.7
4.1026,232.66,6261.9
4.1028,232.64,6256.2
4.103,232.61,6253
4.1032,232.58,6254.9
4.1034,232.56,6259.7
4.1036,232.63,6262.6
4.1038,232.75,6260.4
4.104,232.91,6254.9
4.1042,233.04,6251.8
4.1044,233.13,6251.1
4.1046,233.16,6252.8
4.1048,233.12,6255.7
4.105,233.05,6257.1
4.1052,232.95,6255.2
4.1054,232.77,6253.1
4.1056,232.66,6253.6
4.1058,232.63,6255.6
4.106,232.62,6256.3
4.1062,232.66,6252.6
4.1064,232.76,6248
4.1066,232.87,6245.6
4.1068,232.99,6247.9
4.107,233.08,6250.8
4.1072,233.12,6256.1
4.1074,233.11,6258.7
4.1076,233.08,6256.6
4.1078,233,6253.1
4.108,232.89,6253.6
4.1082,232.74,6255.1
4.1084,232.73,6255.6
4.1086,232.83,6255.8
4.1088,232.93,6254.2
4.109,232.93,6248.8
4.1092,232.88,6243.4
4.1094,232.82,6244.9
4.1096,232.86,6249.2
4.1098,233.01,6252.1
4.11,233.23,6252.9
4.1102,233.4,6253.1
4.1104,233.38,6252.8
4.1106,233.15,6253.6
4.1108,232.89,6257
4.111,232.71,6260.3
4.1112,232.64,6259.7
4.1114,232.64,6257
4.1116,232.68,6255.8
4.1118,232.77,6255.4
4.112,232.87,6257.3
4.1122,232.95,6261.5
4.1124,233.02,6262.7
4.1126,233.1,6257.8
4.1128,233.2,6251.9
4.113,233.27,6252
4.1132,233.22,6255.2
4.1134,233.06,6257.7
4.1136,232.84,6258.7
4.1138,232.63,6257.3
4.114,232.48,6257
4.1142,232.43,6259.8
4.1144,232.44,6262.8
4.1146,232.54,6262.5
4.1148,232.73,6259.9
4.115,232.91,6256.6
4.1152,233.01,6256.1
4.1154,233.01,6257.3
4.1156,232.95,6258.3
4.1158,232.94,6257.3
4.116,232.92,6255.4
4.1162,232.84,6252.3
4.1164,232.71,6250
4.1166,232.59,6250.9
4.1168,232.56,6255
4.117,232.58,6258.1
4.1172,232.63,6256.9
4.1174,232.72,6251.7
4.1176,232.83,6247.4
4.1178,232.92,6244.7
4.118,233.02,6244.3
4.1182,233.11,6246.5
4.1184,233.2,6248.1
4.1186,233.25,6245.8
4.1188,233.18,6242.4
4.119,232.99,6241.5
4.1192,232.77,6242.9
4.1194,232.63,6245.9
4.1196,232.57,6247.9
4.1198,232.6,6249.3
4.12,232.66,6248.5
4.1202,232.77,6246.2
4.1204,232.87,6243.8
4.1206,232.95,6241.3
4.1208,233.03,6240.6
4.121,233.1,6240.5
4.1212,233.16,6242.5
4.1214,233.16,6244.3
4.1216,233.12,6243.6
4.1218,233,6242.5
4.122,232.82,6242.5
4.1222,232.69,6243.7
4.1224,232.67,6246.3
4.1226,232.7,6247.8
4.1228,232.75,6248.3
4.123,232.87,6249.7
4.1232,232.99,6251.2
4.1234,233.11,6251.4
4.1236,233.24,6250.6
4.1238,233.31,6250.5
4.124,233.35,6250
4.1242,233.38,6254.4
4.1244,233.32,6259.2
4.1246,233.19,6260.7
4.1248,233.02,6257.9
4.125,232.97,6255.8
4.1252,232.98,6257.6
4.1254,233.04,6261.6
4.1256,233.13,6264.4
4.1258,233.24,6265.2
4.126,233.35,6263.6
4.1262,233.48,6262.9
4.1264,233.64,6264.1
4.1266,233.74,6266.5
4.1268,233.78,6270.9
4.127,233.74,6274.3
4.1272,233.64,6272.8
4.1274,233.47,6267.2
4.1276,233.24,6264.1
4.1278,233.06,6268.7
4.128,233.06,6276.4
4.1282,233.15,6279
4.1284,233.27,6276.7
4.1286,233.41,6271.7
4.1288,233.47,6269.4
4.129,233.5,6273.3
4.1292,233.57,6279.4
4.1294,233.65,6282.1
4.1296,233.69,6278.4
4.1298,233.65,6273.1
4.13,233.53,6266.7
4.1302,233.3,6262.2
4.1304,233.08,6265
4.1306,232.93,6277.8
4.1308,232.94,6291.4
4.131,233.09,6291.7
4.1312,233.21,6281.5
4.1314,233.26,6271.3
4.1316,233.28,6267.5
4.1318,233.33,6271.5
4.132,233.41,6280.7
4.1322,233.54,6288.6
4.1324,233.64,6290.9
4.1326,233.64,6288.2
4.1328,233.52,6282.5
4.133,233.36,6276.6
4.1332,233.25,6273.4
4.1334,233.14,6275.4
4.1336,233.03,6280.4
4.1338,232.94,6284.3
4.134,232.94,6284.3
4.1342,233.04,6279.6
4.1344,233.2,6273.8
4.1346,233.34,6268.7
4.1348,233.43,6266.9
4.135,233.43,6269.8
4.1352,233.34,6274.5
4.1354,233.24,6275.9
4.1356,233.11,6273.7
4.1358,232.99,6270.7
4.136,232.85,6268.9
4.1362,232.77,6267.4
4.1364,232.74,6268
4.1366,232.72,6269.5
4.1368,232.73,6270.2
4.137,232.79,6270
4.1372,232.91,6268.1
4.1374,233.05,6266.3
4.1376,233.17,6265.8
4.1378,233.3,6264.8
4.138,233.33,6264.8
4.1382,233.26,6265.9
4.1384,233.1,6264.5
4.1386,232.87,6261.4
4.1388,232.64,6259.9
4.139,232.5,6259.1
4.1392,232.46,6261.2
4.1394,232.5,6264.3
4.1396,232.62,6263.3
4.1398,232.78,6258.7
4.14,232.95,6252.8
4.1402,233.07,6252.6
4.1404,233.1,6256.4
4.1406,233.05,6261.7
4.1408,232.98,6265.1
4.141,232.94,6265.5
4.1412,232.92,6263.3
4.1414,232.87,6261.7
4.1416,232.7,6259.9
4.1418,232.59,6258.9
4.142,232.59,6260.5
4.1422,232.69,6264
4.1424,232.81,6266.7
4.1426,232.91,6264.7
4.1428,232.96,6263.1
4.143,233.01,6262.3
4.1432,233.05,6262.9
4.1434,233.1,6264.5
4.1436,233.19,6266.9
4.1438,233.21,6273
4.144,233.2,6279.5
4.1442,233.15,6277.5
4.1444,232.95,6272.1
4.1446,232.78,6267.7
4.1448,232.7,6266.4
4.145,232.73,6268.5
4.1452,232.86,6271.5
4.1454,233.03,6273.1
4.1456,233.15,6271.5
4.1458,233.2,6268.7
4.146,233.21,6269.9
4.1462,233.25,6274.8
4.1464,233.28,6278.6
4.1466,233.27,6277.4
4.1468,233.22,6272.7
4.147,233.08,6266.4
4.1472,232.89,6264.7
4.1474,232.76,6275.7
4.1476,232.81,6289.2
4.1478,232.99,6290.4
4.148,233.18,6281
4.1482,233.35,6271
4.1484,233.47,6263.7
4.1486,233.52,6263.2
4.1488,233.54,6269.7
4.149,233.55,6276.6
4.1492,233.53,6279.6
4.1494,233.48,6274.4
4.1496,233.33,6269
4.1498,233.08,6265.5
4.15,232.89,6264.1
4.1502,232.81,6264.8
4.1504,232.84,6266.3
4.1506,232.92,6267.8
4.1508,232.99,6266
4.151,233.05,6263.7
4.1512,233.12,6262.9
4.1514,233.17,6261.3
4.1516,233.23,6261.4
4.1518,233.32,6262.6
4.152,233.37,6265
4.1522,233.35,6266.8
4.1524,233.26,6267.5
4.1526,233.11,6267.1
4.1528,232.99,6265.1
4.153,232.94,6261.8
4.1532,232.95,6258.8
4.1534,233.03,6257.5
4.1536,233.15,6255.9
4.1538,233.27,6256.7
4.154,233.36,6261
4.1542,233.41,6263.1
4.1544,233.45,6260.8
4.1546,233.51,6257
4.1548,233.51,6253.6
4.155,233.44,6252.1
4.1552,233.3,6255.7
4.1554,233.06,6263.2
4.1556,232.89,6267.7
4.1558,232.9,6266.1
4.156,233.05,6260.1
4.1562,233.22,6256.1
4.1564,233.33,6255.4
4.1566,233.42,6258.6
4.1568,233.47,6264
4.157,233.5,6266.5
4.1572,233.55,6267.6
4.1574,233.6,6267
4.1576,233.63,6264.2
4.1578,233.59,6261.5
4.158,233.47,6262.9
4.1582,233.27,6266
4.1584,233.12,6267.5
4.1586,233.01,6264.7
4.1588,233,6259.7
4.159,233.07,6254.6
4.1592,233.16,6252.5
4.1594,233.24,6256.7
4.1596,233.31,6265.4
4.1598,233.43,6270.3
4.16,233.6,6266.5
4.1602,233.68,6260.6
4.1604,233.67,6256.8
4.1606,233.54,6256.7
4.1608,233.28,6259.1
4.161,233.07,6262.8
4.1612,232.96,6266.8
4.1614,232.99,6267
4.1616,233.1,6265.1
4.1618,233.23,6263.2
4.162,233.36,6265.4
4.1622,233.47,6270.7
4.1624,233.59,6273.6
4.1626,233.69,6271.3
4.1628,233.75,6267.8
4.163,233.79,6266.1
4.1632,233.8,6267.4
4.1634,233.71,6271.3
4.1636,233.54,6272.4
4.1638,233.33,6271.5
4.164,233.16,6269.8
4.1642,233.08,6271.3
4.1644,233.06,6273.8
4.1646,233.13,6273.2
4.1648,233.28,6273.4
4.165,233.41,6273.3
4.1652,233.53,6269.9
4.1654,233.62,6268
4.1656,233.66,6268.5
4.1658,233.64,6268.8
4.166,233.55,6269.7
4.1662,233.42,6268.7
4.1664,233.27,6265.7
4.1666,233.13,6261.4
4.1668,233.02,6259.7
4.167,232.92,6261.3
4.1672,232.87,6262.4
4.1674,232.9,6261.4
4.1676,233.02,6259.5
4.1678,233.18,6256.8
4.168,233.31,6252.4
4.1682,233.37,6250.1
4.1684,233.39,6250.3
4.1686,233.35,6254.4
4.1688,233.27,6259
4.169,233.16,6260.4
4.1692,233.01,6257
4.1694,232.88,6254.6
4.1696,232.8,6255
4.1698,232.79,6255.2
4.17,232.79,6254.5
4.1702,232.86,6253.3
4.1704,233.02,6251.9
4.1706,233.19,6250.4
4.1708,233.34,6249.4
4.171,233.44,6249.4
4.1712,233.45,6250.5
4.1714,233.39,6251.4
4.1716,233.29,6252.1
4.1718,233.18,6252.1
4.172,233.04,6250.6
4.1722,232.89,6248.7
4.1724,232.75,6246.6
4.1726,232.62,6245.6
4.1728,232.57,6247.2
4.173,232.62,6247.3
4.1732,232.77,6246.3
4.1734,232.94,6247.9
4.1736,233.14,6253.2
4.1738,233.34,6255.5
4.174,233.34,6257.1
4.1742,233.22,6259.2
4.1744,233.11,6260
4.1746,232.97,6260.4
4.1748,232.84,6261.3
4.175,232.76,6261.5
4.1752,232.69,6260.2
4.1754,232.64,6257.1
4.1756,232.65,6255.2
4.1758,232.71,6256.6
4.176,232.87,6260
4.1762,233.09,6264.6
4.1764,233.3,6265.6
4.1766,233.51,6263.4
4.1768,233.56,6262.6
4.177,233.43,6262.1
4.1772,233.17,6264.8
4.1774,232.89,6268.4
4.1776,232.77,6270
4.1778,232.74,6271.3
4.178,232.79,6271.3
4.1782,232.86,6269.9
4.1784,232.87,6267
4.1786,232.88,6264.6
4.1788,232.92,6264.1
4.179,233,6263.5
4.1792,233.12,6261.5
4.1794,233.22,6260.1
4.1796,233.27,6261.1
4.1798,233.22,6264.5
4.18,233.06,6267.6
4.1802,232.87,6269.6
4.1804,232.75,6265.9
4.1806,232.67,6258.6
4.1808,232.57,6256.9
4.181,232.5,6264.4
4.1812,232.46,6270.9
4.1814,232.51,6268.5
4.1816,232.68,6260.5
4.1818,232.87,6252.5
4.182,233.02,6247.1
4.1822,233.05,6249.2
4.1824,232.98,6256.7
4.1826,232.86,6263.7
4.1828,232.76,6265.7
4.183,232.64,6261.2
4.1832,232.51,6255.3
4.1834,232.45,6251.2
4.1836,232.36,6251.6
4.1838,232.27,6253.7
4.184,232.23,6255.1
4.1842,232.27,6254.7
4.1844,232.39,6252
4.1846,232.56,6248.1
4.1848,232.7,6245.8
4.185,232.78,6245.3
4.1852,232.8,6246.7
4.1854,232.7,6250.2
4.1856,232.55,6253.7
4.1858,232.36,6252.7
4.186,232.22,6246.8
4.1862,232.12,6242.2
4.1864,232.06,6242.3
4.1866,232.08,6244.9
4.1868,232.16,6246.9
4.187,232.24,6247.2
4.1872,232.38,6245.9
4.1874,232.56,6243.5
4.1876,232.71,6241.4
4.1878,232.77,6240.9
4.188,232.73,6242.4
4.1882,232.6,6244.2
4.1884,232.44,6244.7
4.1886,232.27,6242.9
4.1888,232.09,6240
4.189,231.97,6238.6
4.1892,231.9,6240.5
4.1894,231.88,6242.4
4.1896,231.93,6242.6
4.1898,232.04,6241.7
4.19,232.18,6242.2
4.1902,232.31,6242.9
4.1904,232.45,6244.6
4.1906,232.6,6246.9
4.1908,232.71,6247.7
4.191,232.74,6250.1
4.1912,232.66,6252
4.1914,232.5,6251.9
4.1916,232.47,6248.7
4.1918,232.54,6245
4.192,232.61,6243.6
4.1922,232.61,6246.6
4.1924,232.6,6253.6
4.1926,232.63,6259.4
4.1928,232.7,6260.6
4.193,232.84,6257.7
4.1932,233.03,6253.3
4.1934,233.12,6253.4
4.1936,233.04,6257.1
4.1938,232.87,6263.6
4.194,232.68,6268.5
4.1942,232.49,6270.9
4.1944,232.42,6273
4.1946,232.44,6273
4.1948,232.55,6270.8
4.195,232.63,6270.2
4.1952,232.7,6270.7
4.1954,232.78,6271
4.1956,232.85,6273.7
4.1958,232.96,6279.2
4.196,233.13,6283.9
4.1962,233.28,6282.6
4.1964,233.34,6276.5
4.1966,233.28,6271.9
4.1968,233.06,6270.5
4.197,232.8,6271.3
4.1972,232.63,6277.4
4.1974,232.59,6286.2
4.1976,232.64,6291.8
4.1978,232.74,6287.6
4.198,232.86,6278.1
4.1982,232.97,6268.7
4.1984,233.08,6264.3
4.1986,233.14,6266.2
4.1988,233.2,6273.6
4.199,233.24,6280.1
4.1992,233.24,6279
4.1994,233.15,6272.2
4.1996,232.97,6265.6
4.1998,232.77,6262.1
4.2,232.6,6262.2
4.2002,232.46,6265.6
4.2004,232.39,6270
4.2006,232.41,6271
4.2008,232.5,6269.2
4.201,232.68,6267.9
4.2012,232.89,6268
4.2014,233.09,6267.4
4.2016,233.19,6266.8
4.2018,233.21,6266.5
4.202,233.12,6267.9
4.2022,232.96,6269.6
4.2024,232.78,6267.7
4.2026,232.63,6264.4
4.2028,232.54,6263.1
4.203,232.51,6262.6
4.2032,232.52,6264.4
4.2034,232.61,6266.3
4.2036,232.74,6265.6
4.2038,232.85,6263.8
4.204,232.95,6262.6
4.2042,233,6263.2
4.2044,233.03,6264.3
4.2046,233.07,6266.1
4.2048,233.11,6266.2
4.205,233.09,6265.5
4.2052,232.96,6263.3
4.2054,232.75,6261.5
4.2056,232.58,6262.2
4.2058,232.46,6263.4
4.206,232.41,6262.8
4.2062,232.46,6262.2
4.2064,232.62,6263.4
4.2066,232.8,6265
4.2068,232.95,6264.6
4.207,233.05,6265.2
4.2072,233.08,6265.4
4.2074,233.06,6265
4.2076,232.99,6265.9
4.2078,232.93,6267.6
4.208,232.8,6269.4
4.2082,232.64,6268.4
4.2084,232.5,6263.6
4.2086,232.34,6260.8
4.2088,232.18,6258
4.209,232.15,6257.9
4.2092,232.26,6259.2
4.2094,232.42,6263.1
4.2096,232.66,6266.8
4.2098,232.92,6267.7
4.21,233.02,6264.7
4.2102,232.98,6260.1
4.2104,232.87,6256
4.2106,232.71,6256.3
4.2108,232.51,6262.7
4.211,232.33,6272.8
4.2112,232.25,6277.1
4.2114,232.28,6273.5
4.2116,232.39,6264.2
4.2118,232.49,6255
4.212,232.6,6253.6
4.2122,232.69,6259
4.2124,232.76,6267.3
4.2126,232.8,6271.6
4.2128,232.85,6268.8
4.213,232.9,6262.8
4.2132,232.92,6257.2
4.2134,232.86,6255.6
4.2136,232.71,6257.6
4.2138,232.5,6260.1
4.214,232.3,6261.5
4.2142,232.19,6261.8
4.2144,232.2,6260.5
4.2146,232.29,6256.4
4.2148,232.44,6253.4
4.215,232.57,6251
4.2152,232.6,6248.8
4.2154,232.57,6248.1
4.2156,232.53,6250.2
4.2158,232.52,6253.5
4.216,232.51,6257.2
4.2162,232.48,6258.6
4.2164,232.37,6256.1
4.2166,232.18,6251.4
4.2168,231.98,6247.5
4.217,231.85,6245.9
4.2172,231.82,6247.2
4.2174,231.89,6247.8
4.2176,232.01,6246.1
4.2178,232.11,6243.7
4.218,232.18,6239.8
4.2182,232.21,6238.6
4.2184,232.25,6240.8
4.2186,232.31,6244
4.2188,232.31,6246.1
4.219,232.22,6246
4.2192,232.07,6241.2
4.2194,231.9,6234.1
4.2196,231.74,6229.9
4.2198,231.65,6232.4
4.22,231.66,6239.6
4.2202,231.78,6242.9
4.2204,231.97,6239.8
4.2206,232.15,6232.6
4.2208,232.27,6227.3
4.221,232.3,6228.2
4.2212,232.3,6233.7
4.2214,232.26,6238.6
4.2216,232.22,6240.4
4.2218,232.16,6238.9
4.222,232.05,6234.9
4.2222,231.88,6231.1
4.2224,231.72,6230.9
4.2226,231.59,6235.5
4.2228,231.54,6239.5
4.223,231.62,6240.3
4.2232,231.8,6236.5
4.2234,232,6232.4
4.2236,232.2,6232.9
4.2238,232.34,6237.7
4.224,232.36,6244.4
4.2242,232.36,6247.3
4.2244,232.34,6245
4.2246,232.21,6238.7
4.2248,232.07,6235
4.225,232.03,6236.4
4.2252,232.02,6241.4
4.2254,232,6245.5
4.2256,231.98,6245.1
4.2258,231.96,6240.9
4.226,231.96,6235.4
4.2262,232.03,6233.3
4.2264,232.16,6238.3
4.2266,232.31,6246.6
4.2268,232.39,6252.3
4.227,232.36,6252.6
4.2272,232.26,6251.2
4.2274,232.11,6250.2
4.2276,231.94,6251.9
4.2278,231.79,6255.2
4.228,231.72,6257.3
4.2282,231.74,6255.6
4.2284,231.79,6251.3
4.2286,231.9,6248
4.2288,232.02,6247.5
4.229,232.14,6247.5
4.2292,232.21,6247.5
4.2294,232.23,6247.8
4.2296,232.23,6249.9
4.2298,232.24,6251.8
4.23,232.28,6252.5
4.2302,232.25,6250.3
4.2304,232.14,6248.6
4.2306,232.03,6250.9
4.2308,231.95,6254.5
4.231,231.92,6255.5
4.2312,231.94,6253.9
4.2314,232.02,6250
4.2316,232.16,6247.6
4.2318,232.31,6248.3
4.232,232.48,6251
4.2322,232.62,6252
4.2324,232.67,6252.3
4.2326,232.62,6251.2
4.2328,232.45,6249.1
4.233,232.22,6246.9
4.2332,231.97,6245.4
4.2334,231.8,6244.5
4.2336,231.75,6245.5
4.2338,231.83,6245.5
4.234,231.97,6244.9
4.2342,232.09,6245.8
4.2344,232.16,6245.6
4.2346,232.18,6244.7
4.2348,232.22,6243.6
4.235,232.31,6243.9
4.2352,232.4,6244.6
4.2354,232.47,6246.5
4.2356,232.45,6248.4
4.2358,232.31,6247
4.236,232.1,6244.8
4.2362,231.88,6244.6
4.2364,231.74,6246.4
4.2366,231.73,6248
4.2368,231.85,6247.6
4.237,232.06,6247.3
4.2372,232.28,6245.2
4.2374,232.42,6242.4
4.2376,232.49,6242
4.2378,232.48,6243.8
4.238,232.43,6246.8
4.2382,232.38,6250.7
4.2384,232.33,6249.6
4.2386,232.25,6247.3
4.2388,232.13,6244.4
4.239,232.06,6243.9
4.2392,232.07,6244.9
4.2394,232.14,6246.8
4.2396,232.29,6249.1
4.2398,232.46,6251.6
4.24,232.62,6252.9
4.2402,232.73,6252.3
4.2404,232.83,6251.2
4.2406,232.91,6251.6
4.2408,232.94,6253.1
4.241,232.91,6256.4
4.2412,232.78,6259.7
4.2414,232.56,6262.8
4.2416,232.43,6261.6
4.2418,232.36,6258.5
4.242,232.3,6256.4
4.2422,232.3,6257
4.2424,232.36,6262.2
4.2426,232.46,6267.1
4.2428,232.6,6268.1
4.243,232.78,6267.7
4.2432,232.97,6268.3
4.2434,233.12,6268.6
4.2436,233.16,6269.5
4.2438,233.07,6270.5
4.244,232.88,6269.1
4.2442,232.69,6267.6
4.2444,232.57,6270.1
4.2446,232.55,6273.3
4.2448,232.56,6275.4
4.245,232.61,6273.8
4.2452,232.71,6269.5
4.2454,232.81,6264.1
4.2456,232.92,6260.8
4.2458,233.02,6264
4.246,233.07,6271
4.2462,233.08,6273.5
4.2464,233.06,6270.2
4.2466,233.02,6264.5
4.2468,232.9,6260.2
4.247,232.72,6259
4.2472,232.56,6260.6
4.2474,232.49,6263.3
4.2476,232.49,6264.2
4.2478,232.53,6261.1
4.248,232.65,6255.5
4.2482,232.75,6251
4.2484,232.82,6249.6
4.2486,232.86,6253.6
4.2488,232.88,6258.7
4.249,232.91,6260
4.2492,232.94,6258.5
4.2494,232.99,6256
4.2496,232.95,6253.3
4.2498,232.76,6253
4.25,232.62,6256
4.2502,232.58,6258.7
4.2504,232.61,6259.8
4.2506,232.72,6261
4.2508,232.84,6260.4
4.251,232.95,6258.7
4.2512,233.07,6256.6
4.2514,233.17,6254.4
4.2516,233.25,6253.5
4.2518,233.28,6255.2
4.252,233.25,6257.4
4.2522,233.15,6258
4.2524,233,6256.7
4.2526,232.8,6254.9
4.2528,232.59,6252.3
4.253,232.41,6250.2
4.2532,232.32,6249.7
4.2534,232.33,6249.8
4.2536,232.44,6250.8
4.2538,232.6,6252.3
4.254,232.79,6253.2
4.2542,232.91,6250.6
4.2544,232.96,6246.6
4.2546,232.99,6242.8
4.2548,232.93,6241.8
4.255,232.81,6244.5
4.2552,232.67,6247.8
4.2554,232.52,6249.9
4.2556,232.43,6249.7
4.2558,232.34,6246.1
4.256,232.29,6241.9
4.2562,232.33,6237.8
4.2564,232.43,6236.7
4.2566,232.54,6239.4
4.2568,232.68,6245.4
4.257,232.82,6249.2
4.2572,232.87,6248
4.2574,232.88,6243.1
4.2576,232.81,6239.2
4.2578,232.72,6238.5
4.258,232.62,6241.6
4.2582,232.47,6247.4
4.2584,232.33,6247.1
4.2586,232.23,6242
4.2588,232.12,6238.4
4.259,232.1,6235.6
4.2592,232.19,6234.1
4.2594,232.33,6235
4.2596,232.49,6237.7
4.2598,232.63,6239.2
4.26,232.72,6237.5
4.2602,232.72,6235.1
4.2604,232.6,6233.5
4.2606,232.41,6235
4.2608,232.2,6237.8
4.261,232.04,6241.3
4.2612,231.94,6242.9
4.2614,231.93,6243.5
4.2616,231.97,6243.6
4.2618,232.1,6243
4.262,232.28,6240.3
4.2622,232.43,6239.3
4.2624,232.56,6239.7
4.2626,232.64,6238.8
4.2628,232.58,6238.4
4.263,232.5,6237.8
4.2632,232.43,6236.7
4.2634,232.3,6234.5
4.2636,232.15,6231.9
4.2638,232.03,6230.7
4.264,231.94,6235.6
4.2642,231.96,6244
4.2644,232.05,6247.5
4.2646,232.15,6244.5
4.2648,232.34,6238.2
4.265,232.56,6234.1
4.2652,232.65,6234
4.2654,232.67,6237.2
4.2656,232.67,6239.4
4.2658,232.62,6240.2
4.266,232.59,6240
4.2662,232.56,6239.6
4.2664,232.45,6238.1
4.2666,232.27,6236.7
4.2668,232.16,6235.1
4.267,232.08,6233.8
4.2672,232.08,6233.7
4.2674,232.16,6234
4.2676,232.3,6234.3
4.2678,232.49,6233.9
4.268,232.65,6232.5
4.2682,232.74,6231.5
4.2684,232.78,6232.6
4.2686,232.79,6233.1
4.2688,232.73,6234
4.269,232.62,6236.5
4.2692,232.49,6236.9
4.2694,232.45,6234.8
4.2696,232.51,6231.6
4.2698,232.59,6228.5
4.27,232.65,6227.8
4.2702,232.71,6229.5
4.2704,232.71,6231.9
4.2706,232.73,6234.7
4.2708,232.85,6233.5
4.271,232.99,6230.3
4.2712,233.08,6226.1
4.2714,233.1,6224.9
4.2716,233.02,6226.1
4.2718,232.87,6229.9
4.272,232.67,6232.1
4.2722,232.46,6231.6
4.2724,232.33,6229.6
4.2726,232.3,6227.8
4.2728,232.36,6226.3
4.273,232.48,6225.2
4.2732,232.61,6224.9
4.2734,232.73,6222.7
4.2736,232.8,6219.8
4.2738,232.8,6218.5
4.274,232.78,6220
4.2742,232.72,6225.3
4.2744,232.63,6228.9
4.2746,232.49,6229.5
4.2748,232.36,6227.4
4.275,232.28,6224.2
4.2752,232.21,6221.9
4.2754,232.19,6223.5
4.2756,232.18,6229.3
4.2758,232.22,6233.1
4.276,232.34,6232.4
4.2762,232.48,6233.8
4.2764,232.61,6237.6
4.2766,232.73,6240
4.2768,232.82,6240.2
4.277,232.82,6242.8
4.2772,232.71,6247.1
4.2774,232.49,6249.3
4.2776,232.24,6250.3
4.2778,232.09,6250.7
4.278,232.07,6250.2
4.2782,232.13,6249.8
4.2784,232.22,6252.5
4.2786,232.37,6254.5
4.2788,232.51,6255.3
4.279,232.58,6256.1
4.2792,232.65,6258.1
4.2794,232.71,6260.6
4.2796,232.75,6259.4
4.2798,232.76,6256.7
4.28,232.74,6254.7
4.2802,232.61,6254.2
4.2804,232.44,6255.8
4.2806,232.26,6261.3
4.2808,232.14,6266.1
4.281,232.16,6264.2
4.2812,232.3,6258
4.2814,232.49,6253
4.2816,232.64,6251.5
4.2818,232.7,6254.8
4.282,232.71,6259.2
4.2822,232.71,6262.2
4.2824,232.74,6261.8
4.2826,232.77,6260
4.2828,232.75,6258.1
4.283,232.66,6258.1
4.2832,232.57,6259.1
4.2834,232.53,6257.2
4.2836,232.49,6254.1
4.2838,232.42,6254.7
4.284,232.39,6257.1
4.2842,232.44,6258.6
4.2844,232.57,6257.1
4.2846,232.77,6255.2
4.2848,232.93,6253.1
4.285,233,6252.1
4.2852,232.96,6254.7
4.2854,232.84,6258.6
4.2856,232.72,6259.9
4.2858,232.58,6257.2
4.286,232.44,6254.6
4.2862,232.35,6256
4.2864,232.3,6259.6
4.2866,232.33,6263.1
4.2868,232.42,6262.6
4.287,232.55,6259.5
4.2872,232.69,6255
4.2874,232.82,6252.6
4.2876,232.91,6253.6
4.2878,232.97,6256.5
4.288,232.97,6260.8
4.2882,232.92,6264
4.2884,232.85,6263.6
4.2886,232.76,6258.4
4.2888,232.62,6252.2
4.289,232.53,6251.1
4.2892,232.49,6254.6
4.2894,232.51,6259.5
4.2896,232.58,6262.5
4.2898,232.71,6262.9
4.29,232.82,6261
4.2902,232.96,6259.4
4.2904,233.07,6259.1
4.2906,233.16,6260.5
4.2908,233.18,6263
4.291,233.14,6265.3
4.2912,233.04,6268.7
4.2914,232.87,6270.1
4.2916,232.71,6267.6
4.2918,232.62,6264.8
4.292,232.6,6262.9
4.2922,232.68,6262.3
4.2924,232.78,6262.9
4.2926,232.91,6263
4.2928,233.05,6263.8
4.293,233.2,6269.7
4.2932,233.35,6273.5
4.2934,233.44,6271.4
4.2936,233.41,6268.3
4.2938,233.35,6268.6
4.294,233.26,6270.3
4.2942,233.09,6272.3
4.2944,232.98,6275.9
4.2946,232.92,6278.4
4.2948,232.81,6278.3
4.295,232.73,6276.7
4.2952,232.78,6272.3
4.2954,232.92,6267.5
4.2956,233.09,6267.7
4.2958,233.31,6272.7
4.296,233.49,6277.6
4.2962,233.55,6277.7
4.2964,233.5,6274.5
4.2966,233.34,6269.7
4.2968,233.14,6267
4.297,232.94,6267.7
4.2972,232.8,6272
4.2974,232.71,6281.5
4.2976,232.73,6288.1
4.2978,232.83,6284.9
4.298,232.96,6275.4
4.2982,233.07,6265.8
4.2984,233.16,6259.8
4.2986,233.24,6260.6
4.2988,233.29,6266.4
4.299,233.32,6271.4
4.2992,233.27,6271.6
4.2994,233.15,6267.6
4.2996,232.98,6261.9
4.2998,232.77,6258.7
4.3,232.65,6260.1
4.3002,232.6,6263.6
4.3004,232.61,6265
4.3006,232.7,6264.9
4.3008,232.78,6263.1
4.301,232.88,6260.4
4.3012,233,6256.6
4.3014,233.12,6254.5
4.3016,233.22,6255.5
4.3018,233.29,6258.1
4.302,233.25,6259.9
4.3022,233.15,6260
4.3024,232.98,6258.5
4.3026,232.76,6255.3
4.3028,232.56,6253.1
4.303,232.43,6253.9
4.3032,232.35,6258.2
4.3034,232.35,6261.1
4.3036,232.44,6260.5
4.3038,232.61,6255.5
4.304,232.79,6249.9
4.3042,232.93,6246.5
4.3044,232.99,6248.5
4.3046,232.98,6252
4.3048,232.95,6254.7
4.305,232.87,6254.6
4.3052,232.75,6252.8
4.3054,232.67,6250
4.3056,232.58,6247.4
4.3058,232.43,6245
4.306,232.31,6243.2
4.3062,232.26,6245.1
4.3064,232.32,6250.6
4.3066,232.51,6254.3
4.3068,232.72,6253.8
4.307,232.91,6251.3
4.3072,233,6249.2
4.3074,232.98,6248.6
4.3076,232.84,6250.5
4.3078,232.68,6254.2
4.308,232.53,6257.4
4.3082,232.4,6259.1
4.3084,232.38,6260.7
4.3086,232.4,6260.7
4.3088,232.42,6259.5
4.309,232.47,6256.7
4.3092,232.53,6254
4.3094,232.64,6256.1
4.3096,232.78,6261
4.3098,232.92,6263.2
4.31,233,6263.4
4.3102,233.02,6261.4
4.3104,232.98,6260.8
4.3106,232.9,6260.3
4.3108,232.79,6259.2
4.311,232.64,6259.5
4.3112,232.48,6261.5
4.3114,232.4,6263.1
4.3116,232.41,6263.2
4.3118,232.5,6266
4.312,232.63,6268.7
4.3122,232.78,6268.2
4.3124,232.87,6269.5
4.3126,232.98,6272
4.3128,233.08,6271.3
4.313,233.14,6268.9
4.3132,233.15,6266.1
4.3134,232.96,6266.6
4.3136,232.72,6266.1
4.3138,232.54,6266.8
4.314,232.45,6271.8
4.3142,232.45,6279
4.3144,232.57,6281.6
4.3146,232.76,6276.7
4.3148,232.95,6269.6
4.315,233.09,6266.2
4.3152,233.19,6266.6
4.3154,233.26,6270.6
4.3156,233.3,6275.5
4.3158,233.31,6278.7
4.316,233.3,6278.1
4.3162,233.25,6273.5
4.3164,233.11,6268.3
4.3166,232.98,6265.6
4.3168,232.92,6265.1
4.317,232.9,6267.3
4.3172,232.9,6271
4.3174,232.94,6271.2
4.3176,233.03,6267.2
4.3178,233.17,6263
4.318,233.34,6262.2
4.3182,233.49,6263.1
4.3184,233.61,6266.6
4.3186,233.63,6269.7
4.3188,233.54,6268.3
4.319,233.34,6264.5
4.3192,233.12,6262.8
4.3194,232.99,6265.7
4.3196,232.91,6266.2
4.3198,232.9,6264.8
4.32,232.93,6263
4.3202,233.01,6262.3
4.3204,233.13,6260.2
4.3206,233.27,6259.6
4.3208,233.42,6259.6
4.321,233.54,6259.6
4.3212,233.57,6260.5
4.3214,233.54,6260.8
4.3216,233.44,6261.8
4.3218,233.29,6261.4
4.322,233.12,6260.6
4.3222,232.94,6259.1
4.3224,232.79,6256.4
4.3226,232.7,6255.5
4.3228,232.7,6257.7
4.323,232.78,6260
4.3232,232.94,6260.1
4.3234,233.09,6258.7
4.3236,233.19,6258.3
4.3238,233.29,6257.5
4.324,233.31,6257.9
4.3242,233.29,6258.5
4.3244,233.26,6259.2
4.3246,233.14,6261
4.3248,232.96,6262.7
4.325,232.84,6263.4
4.3252,232.81,6260.8
4.3254,232.79,6258.5
4.3256,232.83,6255.6
4.3258,232.88,6253
4.326,232.93,6252.6
4.3262,233,6260.8
4.3264,233.07,6272.5
4.3266,233.17,6277.1
4.3268,233.24,6273.6
4.327,233.23,6266.9
4.3272,233.15,6261.1
4.3274,233.03,6259.3
4.3276,232.86,6264.2
4.3278,232.78,6271.2
4.328,232.77,6276.5
4.3282,232.83,6278.3
4.3284,232.95,6275.1
4.3286,233.06,6268.1
4.3288,233.14,6265
4.329,233.25,6268.9
4.3292,233.31,6274.9
4.3294,233.35,6277
4.3296,233.38,6274.7
4.3298,233.36,6271.1
4.33,233.29,6270.1
4.3302,233.15,6273.4
4.3304,232.96,6276.9
4.3306,232.81,6279.3
4.3308,232.72,6280.7
4.331,232.66,6280.4
4.3312,232.64,6277.8
4.3314,232.72,6272.7
4.3316,232.9,6268.2
4.3318,233.08,6265.7
4.332,233.21,6265.5
4.3322,233.27,6267
4.3324,233.28,6269
4.3326,233.24,6269.1
4.3328,233.13,6265.7
4.333,232.97,6261.2
4.3332,232.88,6257.7
4.3334,232.83,6257.7
4.3336,232.8,6260.9
4.3338,232.8,6262.1
4.334,232.8,6261.5
4.3342,232.88,6260.5
4.3344,233.01,6259.1
4.3346,233.16,6255.8
4.3348,233.29,6253.1
4.335,233.36,6251.5
4.3352,233.36,6248.9
4.3354,233.28,6247.4
4.3356,233.15,6248.9
4.3358,232.93,6252.3
4.336,232.73,6252.4
4.3362,232.62,6248.8
4.3364,232.6,6245.4
4.3366,232.63,6242.6
4.3368,232.69,6242.8
4.337,232.81,6245.5
4.3372,232.93,6246.7
4.3374,233.06,6243.7
4.3376,233.16,6241.2
4.3378,233.22,6241
4.338,233.23,6242.5
4.3382,233.17,6244.6
4.3384,233.05,6246.3
4.3386,232.9,6246.1
4.3388,232.73,6242.3
4.339,232.63,6237.6
4.3392,232.57,6236.3
4.3394,232.55,6238.9
4.3396,232.58,6243.2
4.3398,232.66,6245.9
4.34,232.79,6244.7
4.3402,232.92,6239.4
4.3404,233.02,6232.8
4.3406,233.08,6230.8
4.3408,233.09,6233.9
4.341,233.03,6241.3
4.3412,232.89,6247.9
4.3414,232.71,6251
4.3416,232.55,6248.9
4.3418,232.49,6243.7
4.342,232.44,6240.5
4.3422,232.42,6240.5
4.3424,232.47,6240.5
4.3426,232.56,6241.3
4.3428,232.67,6244.4
4.343,232.83,6248.6
4.3432,233.03,6249.8
4.3434,233.17,6248.7
4.3436,233.2,6247.6
4.3438,233.13,6246.1
4.344,232.95,6245
4.3442,232.69,6249.5
4.3444,232.47,6257.6
4.3446,232.42,6261.4
4.3448,232.57,6257.7
4.345,232.72,6249.8
4.3452,232.81,6245.1
4.3454,232.84,6246.1
4.3456,232.91,6252.7
4.3458,233.03,6258.3
4.346,233.12,6257.4
4.3462,233.17,6254.6
4.3464,233.12,6252.7
4.3466,232.98,6251.8
4.3468,232.81,6254.7
4.347,232.63,6257.9
4.3472,232.45,6262.2
4.3474,232.28,6266.5
4.3476,232.19,6268.8
4.3478,232.24,6271.2
4.348,232.42,6270.9
4.3482,232.64,6267.5
4.3484,232.89,6264.4
4.3486,233.1,6263.5
4.3488,233.22,6265.3
4.349,233.24,6268.4
4.3492,233.17,6270
4.3494,233.12,6266.1
4.3496,233.01,6260.5
4.3498,232.9,6256.1
4.35,232.8,6255.3
4.3502,232.66,6256
4.3504,232.56,6256.7
4.3506,232.51,6259.3
4.3508,232.61,6260.1
4.351,232.83,6258.2
4.3512,233.05,6254
4.3514,233.23,6249.9
4.3516,233.27,6249.7
4.3518,233.2,6251.4
4.352,233.08,6253.6
4.3522,232.93,6253.9
4.3524,232.83,6254.3
4.3526,232.74,6255.7
4.3528,232.59,6256
4.353,232.5,6253.9
4.3532,232.49,6250.6
4.3534,232.51,6247.5
4.3536,232.58,6244.5
4.3538,232.67,6241.9
4.354,232.76,6241.6
4.3542,232.85,6242.6
4.3544,232.93,6243.4
4.3546,232.93,6245.7
4.3548,232.88,6246.8
4.355,232.81,6245.5
4.3552,232.68,6242.2
4.3554,232.52,6238.5
4.3556,232.38,6238
4.3558,232.28,6240.2
4.356,232.25,6244.6
4.3562,232.32,6248.5
4.3564,232.46,6247.2
4.3566,232.62,6243
4.3568,232.78,6241.4
4.357,232.92,6244.1
4.3572,233.03,6246.8
4.3574,233.07,6249.7
4.3576,233.04,6252.3
4.3578,232.92,6252.2
4.358,232.73,6250.7
4.3582,232.61,6249.3
4.3584,232.54,6249.2
4.3586,232.5,6248
4.3588,232.48,6244.7
4.359,232.47,6241
4.3592,232.49,6240.5
4.3594,232.55,6243.7
4.3596,232.62,6249.6
4.3598,232.74,6253.3
4.36,232.87,6250.1
4.3602,232.92,6244.4
4.3604,232.87,6243
4.3606,232.73,6245.2
4.3608,232.53,6251.3
4.361,232.31,6258.9
4.3612,232.19,6263.1
4.3614,232.22,6262.1
4.3616,232.29,6257.7
4.3618,232.38,6252.6
4.362,232.48,6251
4.3622,232.64,6252.2
4.3624,232.79,6254.3
4.3626,232.87,6253.3
4.3628,232.9,6253.5
4.363,232.89,6254
4.3632,232.84,6253.1
4.3634,232.74,6251.7
4.3636,232.57,6250.2
4.3638,232.37,6250.7
4.364,232.18,6252.8
4.3642,232.05,6257.6
4.3644,231.99,6260.2
4.3646,232.04,6257.4
4.3648,232.19,6253.8
4.365,232.39,6253.9
4.3652,232.56,6254.9
4.3654,232.68,6255.9
4.3656,232.7,6256.2
4.3658,232.69,6255.8
4.366,232.61,6254
4.3662,232.49,6253.2
4.3664,232.39,6253.3
4.3666,232.32,6252.1
4.3668,232.25,6250.3
4.367,232.17,6249.1
4.3672,232.1,6248.7
4.3674,232.11,6247.5
4.3676,232.21,6245.5
4.3678,232.36,6243.9
4.368,232.52,6243.1
4.3682,232.64,6243.1
4.3684,232.67,6244.1
4.3686,232.6,6244.8
4.3688,232.5,6245.4
4.369,232.41,6245.2
4.3692,232.32,6244.5
4.3694,232.17,6243.4
4.3696,232.04,6242.1
4.3698,231.98,6241.3
4.37,232.03,6240.7
4.3702,232.16,6240.9
4.3704,232.33,6241
4.3706,232.51,6242.2
4.3708,232.68,6243.1
4.371,232.82,6243.7
4.3712,232.88,6243.6
4.3714,232.83,6243.9
4.3716,232.71,6245.7
4.3718,232.54,6247.8
4.372,232.4,6248.2
4.3722,232.31,6247.3
4.3724,232.25,6245.1
4.3726,232.25,6243.5
4.3728,232.3,6243
4.373,232.38,6243
4.3732,232.47,6243.6
4.3734,232.57,6244.2
4.3736,232.67,6242.4
4.3738,232.76,6239.2
4.374,232.82,6237.2
4.3742,232.84,6238.3
4.3744,232.77,6241.2
4.3746,232.63,6244.2
4.3748,232.44,6245.5
4.375,232.37,6244.8
4.3752,232.34,6241.9
4.3754,232.32,6238.6
4.3756,232.32,6236.1
4.3758,232.38,6235
4.376,232.42,6237.7
4.3762,232.44,6242.7
4.3764,232.51,6244.9
4.3766,232.66,6239.6
4.3768,232.76,6231.3
4.377,232.72,6226
4.3772,232.63,6226.7
4.3774,232.44,6235
4.3776,232.18,6244.2
4.3778,231.92,6246.8
4.378,231.78,6242.6
4.3782,231.79,6235.6
4.3784,231.89,6228.6
4.3786,231.99,6226.3
4.3788,232.07,6231
4.379,232.16,6241.1
4.3792,232.32,6248
4.3794,232.47,6248.1
4.3796,232.58,6245.3
4.3798,232.66,6242.6
4.38,232.61,6242.5
4.3802,232.46,6244.1
4.3804,232.24,6244.8
4.3806,232.07,6246.4
4.3808,231.98,6248.3
4.381,231.98,6247.1
4.3812,232.04,6243.8
4.3814,232.17,6241.5
4.3816,232.36,6242.2
4.3818,232.52,6242.1
4.382,232.64,6240.5
4.3822,232.75,6239.9
4.3824,232.82,6240.4
4.3826,232.78,6241.6
4.3828,232.65,6241.3
4.383,232.47,6239.5
4.3832,232.32,6237.2
4.3834,232.17,6235.5
4.3836,232.04,6235.1
4.3838,231.98,6236.2
4.384,232,6238.7
4.3842,232.11,6240.9
4.3844,232.27,6239.2
4.3846,232.44,6235.5
4.3848,232.6,6233.4
4.385,232.68,6232.4
4.3852,232.64,6235.3
4.3854,232.56,6240.4
4.3856,232.45,6244.1
4.3858,232.33,6241.6
4.386,232.16,6234.2
4.3862,231.97,6228.9
4.3864,231.8,6229.8
4.3866,231.7,6232
4.3868,231.74,6234.3
4.387,231.91,6234.6
4.3872,232.14,6232.4
4.3874,232.36,6230.5
4.3876,232.5,6232.3
4.3878,232.54,6236
4.388,232.53,6238
4.3882,232.48,6238.5
4.3884,232.41,6238.8
4.3886,232.29,6236.5
4.3888,232.17,6235.5
4.389,232.05,6235.9
4.3892,231.93,6238.3
4.3894,231.87,6241.9
4.3896,231.93,6242.8
4.3898,232.1,6240.2
4.39,232.28,6236.2
4.3902,232.43,6233.3
4.3904,232.49,6233.6
4.3906,232.47,6236.7
4.3908,232.41,6241.3
4.391,232.36,6244.1
4.3912,232.33,6242.4
4.3914,232.26,6240.9
4.3916,232.13,6240.5
4.3918,232.06,6241
4.392,231.99,6242.5
4.3922,231.96,6242.1
4.3924,232.01,6238.7
4.3926,232.13,6234
4.3928,232.27,6233.4
4.393,232.38,6236.8
4.3932,232.44,6241
4.3934,232.44,6243.5
4.3936,232.41,6243.6
4.3938,232.38,6241.1
4.394,232.34,6239
4.3942,232.18,6237.2
4.3944,231.99,6240.1
4.3946,231.91,6247.9
4.3948,231.96,6254.2
4.395,232.07,6252.4
4.3952,232.18,6245.4
4.3954,232.3,6241.1
4.3956,232.38,6240.5
4.3958,232.43,6243.2
4.396,232.48,6249
4.3962,232.54,6254
4.3964,232.59,6254.5
4.3966,232.58,6253.7
4.3968,232.47,6253.9
4.397,232.27,6257.4
4.3972,232.11,6263.8
4.3974,232.04,6267.1
4.3976,232.1,6264.7
4.3978,232.18,6261.9
4.398,232.33,6263.1
4.3982,232.5,6266.7
4.3984,232.66,6265.9
4.3986,232.74,6261.1
4.3988,232.73,6256.9
4.399,232.7,6255.1
4.3992,232.62,6258.4
4.3994,232.53,6263.8
4.3996,232.44,6266
4.3998,232.28,6262.2
4.4,232.13,6256.4
4.4002,232.04,6251.6
4.4004,232.01,6250.4
4.4006,232.07,6250.9
4.4008,232.18,6251.7
4.401,232.29,6251.3
4.4012,232.39,6249.8
4.4014,232.44,6247.1
4.4016,232.46,6243.7
4.4018,232.51,6242.6
4.402,232.56,6243.8
4.4022,232.55,6245.6
4.4024,232.4,6247
4.4026,232.23,6246.1
4.4028,232.12,6244.3
4.403,232.05,6244
4.4032,232.09,6245.5
4.4034,232.19,6248.2
4.4036,232.31,6250.5
4.4038,232.44,6249
4.404,232.56,6246.2
4.4042,232.66,6245.5
4.4044,232.75,6246.5
4.4046,232.82,6249.9
4.4048,232.82,6255.2
4.405,232.82,6257.5
4.4052,232.77,6255.7
4.4054,232.6,6250.3
4.4056,232.43,6245.1
4.4058,232.32,6243.6
4.406,232.26,6245.5
4.4062,232.28,6246.8
4.4064,232.36,6244.3
4.4066,232.47,6239.4
4.4068,232.56,6235.7
4.407,232.61,6236.9
4.4072,232.6,6240.5
4.4074,232.56,6244.8
4.4076,232.5,6248.4
4.4078,232.46,6248.3
4.408,232.39,6246.5
4.4082,232.28,6245.6
4.4084,232.13,6246.3
4.4086,232.05,6246.9
4.4088,232.09,6248.2
4.409,232.23,6248.4
4.4092,232.42,6247.2
4.4094,232.57,6250.1
4.4096,232.69,6257
4.4098,232.75,6259.3
4.41,232.83,6258.4
4.4102,232.91,6255.6
4.4104,232.93,6253
4.4106,232.79,6250.2
4.4108,232.55,6251.8
4.411,232.3,6263.8
4.4112,232.11,6275.4
4.4114,232.07,6278.4
4.4116,232.2,6275.4
4.4118,232.4,6271.2
4.412,232.56,6265.4
4.4122,232.61,6263.3
4.4124,232.57,6269.1
4.4126,232.54,6278
4.4128,232.59,6282.7
4.413,232.73,6283
4.4132,232.83,6282
4.4134,232.84,6278
4.4136,232.71,6272.1
4.4138,232.68,6271.1
4.414,232.7,6273.6
4.4142,232.68,6275.9
4.4144,232.65,6276.2
4.4146,232.69,6273.3
4.4148,232.77,6273.3
4.415,232.87,6273.7
4.4152,232.94,6273
4.4154,232.96,6269.6
4.4156,232.93,6268.7
4.4158,232.93,6269.2
4.416,232.98,6270.3
4.4162,232.96,6272.4
4.4164,232.82,6273.9
4.4166,232.72,6272.2
4.4168,232.73,6267.7
4.417,232.79,6265.3
4.4172,232.83,6265.5
4.4174,232.86,6268.1
4.4176,232.91,6271.4
4.4178,232.98,6275.6
4.418,233.1,6277.6
4.4182,233.25,6278
4.4184,233.38,6275.9
4.4186,233.45,6273
4.4188,233.37,6269.9
4.419,233.22,6269.3
4.4192,232.99,6272.5
4.4194,232.82,6276.4
4.4196,232.73,6275.2
4.4198,232.7,6273
4.42,232.8,6269.3
4.4202,232.94,6264.9
4.4204,233.06,6262.6
4.4206,233.11,6265.1
4.4208,233.13,6268.5
4.421,233.12,6270.1
4.4212,233.15,6270.1
4.4214,233.2,6268.6
4.4216,233.24,6267
4.4218,233.17,6266.6
4.422,233.05,6266.2
4.4222,232.9,6263.9
4.4224,232.76,6261.9
4.4226,232.66,6262.5
4.4228,232.64,6265
4.423,232.69,6266.4
4.4232,232.83,6265.7
4.4234,233.01,6262.7
4.4236,233.15,6259.6
4.4238,233.22,6258.5
4.424,233.27,6261.8
4.4242,233.27,6267
4.4244,233.17,6270.5
4.4246,233.03,6270
4.4248,232.91,6268.1
4.425,232.85,6267.3
4.4252,232.82,6268.6
4.4254,232.76,6269.6
4.4256,232.78,6269.3
4.4258,232.89,6269.8
4.426,233.04,6271.2
4.4262,233.23,6272.1
4.4264,233.39,6275.4
4.4266,233.43,6280
4.4268,233.42,6280.6
4.427,233.37,6276.3
4.4272,233.24,6273.5
4.4274,233.09,6274.1
4.4276,232.94,6276
4.4278,232.83,6277.9
4.428,232.78,6279.7
4.4282,232.77,6278.9
4.4284,232.8,6275.5
4.4286,232.9,6274.2
4.4288,233.06,6274.7
4.429,233.21,6276.7
4.4292,233.3,6280.5
4.4294,233.37,6285.9
4.4296,233.37,6286.2
4.4298,233.29,6283.5
4.43,233.2,6281.6
4.4302,233.12,6282.7
4.4304,232.97,6284
4.4306,232.9,6287.5
4.4308,232.93,6291.6
4.431,232.96,6292.1
4.4312,233,6287.3
4.4314,233.07,6284.3
4.4316,233.19,6288.3
4.4318,233.41,6293.1
4.432,233.59,6295
4.4322,233.68,6293.6
4.4324,233.7,6291
4.4326,233.63,6288.6
4.4328,233.5,6287.9
4.433,233.34,6287.7
4.4332,233.13,6286.9
4.4334,232.95,6285.3
4.4336,232.88,6285
4.4338,232.93,6285
4.434,233.03,6284.4
4.4342,233.16,6282.7
4.4344,233.3,6280
4.4346,233.37,6277.5
4.4348,233.39,6277.2
4.435,233.4,6277.8
4.4352,233.38,6278.2
4.4354,233.36,6278.9
4.4356,233.33,6278.4
4.4358,233.23,6274.6
4.436,233.02,6271
4.4362,232.83,6268.6
4.4364,232.72,6268.5
4.4366,232.72,6269.3
4.4368,232.78,6270.4
4.437,232.89,6269.1
4.4372,233.02,6264.9
4.4374,233.09,6260.5
4.4376,233.1,6258.7
4.4378,233.1,6259.9
4.438,233.08,6263.5
4.4382,233.04,6266.1
4.4384,232.99,6266.3
4.4386,232.9,6261.4
4.4388,232.83,6255.8
4.439,232.82,6253.4
4.4392,232.82,6255.7
4.4394,232.82,6259.6
4.4396,232.84,6261.8
4.4398,232.9,6261.3
4.44,233.02,6259.9
4.4402,233.18,6258.4
4.4404,233.31,6257.4
4.4406,233.38,6257.3
4.4408,233.37,6261.3
4.441,233.3,6266.8
4.4412,233.22,6269.4
4.4414,233.14,6268.3
4.4416,233.04,6264.8
4.4418,232.99,6260.7
4.442,232.92,6258.2
4.4422,232.84,6259.9
4.4424,232.81,6262.2
4.4426,232.88,6263
4.4428,232.99,6265.7
4.443,233.15,6267.1
4.4432,233.3,6267
4.4434,233.38,6269.4
4.4436,233.41,6272.4
4.4438,233.3,6272.9
4.444,233.09,6269.5
4.4442,232.89,6267.9
4.4444,232.73,6272.3
4.4446,232.68,6280.2
4.4448,232.76,6285.9
4.445,232.89,6284
4.4452,233.01,6276.2
4.4454,233.12,6269.7
4.4456,233.22,6269.2
4.4458,233.32,6274.7
4.446,233.41,6282
4.4462,233.52,6285
4.4464,233.54,6282.8
4.4466,233.49,6279.1
4.4468,233.35,6278.4
4.447,233.26,6279.9
4.4472,233.21,6279
4.4474,233.15,6278.9
4.4476,233.09,6281.7
4.4478,233.02,6282.1
4.448,233.02,6278.7
4.4482,233.09,6275
4.4484,233.22,6273.4
4.4486,233.36,6273.5
4.4488,233.48,6274.8
4.449,233.51,6276.6
4.4492,233.44,6279
4.4494,233.29,6278.8
4.4496,233.13,6277.7
4.4498,233.05,6276.4
4.45,233.06,6274
4.4502,233.06,6273.5
4.4504,233.04,6275.3
4.4506,233.06,6277
4.4508,233.13,6276.6
4.451,233.27,6275.1
4.4512,233.45,6272.8
4.4514,233.61,6271.7
4.4516,233.7,6270.6
4.4518,233.72,6271.2
4.452,233.65,6273.7
4.4522,233.53,6275
4.4524,233.34,6273.8
4.4526,233.21,6270.5
4.4528,233.12,6267.2
4.453,233.01,6264.8
4.4532,232.89,6264.6
4.4534,232.83,6267
4.4536,232.89,6267.3
4.4538,233.04,6264
4.454,233.22,6261.8
4.4542,233.38,6261.6
4.4544,233.46,6262.7
4.4546,233.45,6263.9
4.4548,233.35,6264.6
4.455,233.21,6263.6
4.4552,233.05,6262.2
4.4554,232.93,6260.2
4.4556,232.85,6258.5
4.4558,232.77,6258.6
4.456,232.7,6259.4
4.4562,232.67,6260
4.4564,232.7,6259.9
4.4566,232.81,6258.4
4.4568,232.98,6257.7
4.457,233.13,6256.8
4.4572,233.21,6257.4
4.4574,233.19,6259.8
4.4576,233.13,6263.4
4.4578,233.05,6264.6
4.458,232.96,6264.4
4.4582,232.84,6264.7
4.4584,232.71,6265.8
4.4586,232.65,6268.8
4.4588,232.64,6270.4
4.459,232.68,6270.5
4.4592,232.82,6268.3
4.4594,232.99,6265.8
4.4596,233.12,6265.4
4.4598,233.21,6268.5
4.46,233.28,6274.6
4.4602,233.31,6279
4.4604,233.33,6280.3
4.4606,233.31,6278.6
4.4608,233.23,6276.2
4.461,233.1,6275.4
4.4612,232.99,6274.6
4.4614,232.92,6274.8
4.4616,232.88,6277.5
4.4618,232.91,6279.2
4.462,233.02,6279
4.4622,233.17,6281.5
4.4624,233.34,6287.6
4.4626,233.47,6289.9
4.4628,233.5,6287.3
4.463,233.47,6281.6
4.4632,233.39,6277.3
4.4634,233.26,6277.8
4.4636,233.1,6282.5
4.4638,232.91,6287.6
4.464,232.75,6287.6
4.4642,232.68,6283.1
4.4644,232.71,6277.1
4.4646,232.82,6273.1
4.4648,232.97,6274.1
4.465,233.11,6278.7
4.4652,233.2,6281.8
4.4654,233.26,6282.2
4.4656,233.29,6280.6
4.4658,233.3,6278.2
4.466,233.29,6275.6
4.4662,233.23,6273.4
4.4664,233.08,6273.4
4.4666,232.9,6274.5
4.4668,232.72,6275.7
4.467,232.56,6275.4
4.4672,232.46,6273.1
4.4674,232.46,6271
4.4676,232.58,6269.2
4.4678,232.75,6267.3
4.468,232.96,6265
4.4682,233.1,6263.9
4.4684,233.13,6264.1
4.4686,233.07,6265.9
4.4688,232.95,6266.5
4.469,232.8,6265.1
4.4692,232.66,6262.1
4.4694,232.6,6258.5
4.4696,232.56,6256.3
4.4698,232.53,6256.2
4.47,232.51,6256.3
4.4702,232.51,6256.7
4.4704,232.53,6255.9
4.4706,232.63,6253.4
4.4708,232.76,6249.8
4.471,232.87,6248.9
4.4712,232.92,6249.9
4.4714,232.9,6253
4.4716,232.82,6255.2
4.4718,232.7,6254.5
4.472,232.56,6250.8
4.4722,232.38,6247
4.4724,232.29,6245.2
4.4726,232.32,6246.1
4.4728,232.41,6247.5
4.473,232.55,6248.1
4.4732,232.68,6248.1
4.4734,232.77,6246.4
4.4736,232.82,6246.5
4.4738,232.88,6247.8
4.474,232.91,6248.1
4.4742,232.92,6249.1
4.4744,232.84,6249.8
4.4746,232.71,6251.1
4.4748,232.51,6252.4
4.475,232.38,6253
4.4752,232.37,6253.3
4.4754,232.42,6252.6
4.4756,232.49,6252
4.4758,232.56,6250.3
4.476,232.59,6248.8
4.4762,232.65,6248.9
4.4764,232.7,6251.4
4.4766,232.8,6253.8
4.4768,232.86,6255.4
4.477,232.87,6254.4
4.4772,232.79,6251.2
4.4774,232.62,6249.1
4.4776,232.42,6249.8
4.4778,232.33,6256.9
4.478,232.38,6263.3
4.4782,232.47,6262.2
4.4784,232.5,6256.7
4.4786,232.51,6250.6
4.4788,232.56,6247.5
4.479,232.66,6253
4.4792,232.81,6263.9
4.4794,232.96,6269.2
4.4796,233.05,6267
4.4798,233.07,6260.7
4.48,233,6255.7
4.4802,232.81,6253.5
4.4804,232.62,6255.1
4.4806,232.56,6257.5
4.4808,232.56,6258.8
4.481,232.59,6258.9
4.4812,232.64,6257.5
4.4814,232.71,6255.3
4.4816,232.84,6257.1
4.4818,233.03,6260.2
4.482,233.22,6261.2
4.4822,233.31,6258.8
4.4824,233.32,6256.7
4.4826,233.28,6256.6
4.4828,233.23,6258.2
4.483,233.08,6260
4.4832,232.9,6259.5
4.4834,232.85,6255.3
4.4836,232.84,6253.4
4.4838,232.86,6253.2
4.484,232.94,6253.1
4.4842,233.06,6254.8
4.4844,233.19,6256.5
4.4846,233.34,6255.8
4.4848,233.47,6251.9
4.485,233.5,6247.6
4.4852,233.5,6247
4.4854,233.47,6249.2
4.4856,233.34,6252.6
4.4858,233.18,6256.1
4.486,233.11,6256.6
4.4862,233.09,6253.8
4.4864,233.08,6249.4
4.4866,233.04,6245.1
4.4868,232.97,6245
4.487,232.96,6251.2
4.4872,233.1,6255.7
4.4874,233.33,6254.6
4.4876,233.53,6249.7
4.4878,233.64,6245
4.488,233.63,6243.4
4.4882,233.48,6246.5
4.4884,233.27,6251
4.4886,233.08,6254.2
4.4888,232.9,6252.9
4.489,232.8,6249.5
4.4892,232.77,6248.6
4.4894,232.79,6248.9
4.4896,232.86,6249
4.4898,232.95,6246.9
4.49,233.08,6244
4.4902,233.2,6241.7
4.4904,233.3,6240.6
4.4906,233.35,6241.6
4.4908,233.34,6244.1
4.491,233.22,6248.8
4.4912,233.07,6249.9
4.4914,232.89,6249.7
4.4916,232.75,6249.3
4.4918,232.72,6248.5
4.492,232.76,6247.6
4.4922,232.83,6246.9
4.4924,232.91,6248.2
4.4926,232.97,6249.6
4.4928,233.02,6250.7
4.493,233.06,6251.6
4.4932,233.14,6252.4
4.4934,233.27,6250.7
4.4936,233.34,6250.7
4.4938,233.29,6253.3
4.494,233.15,6256.4
4.4942,232.91,6257.6
4.4944,232.69,6255.9
4.4946,232.56,6251.4
4.4948,232.51,6247.3
4.495,232.54,6247.2
4.4952,232.61,6251.9
4.4954,232.71,6257.9
4.4956,232.78,6258
4.4958,232.87,6254
4.496,232.98,6249
4.4962,233.09,6249.5
4.4964,233.1,6253.1
4.4966,233.03,6257.6
4.4968,232.85,6263.4
4.497,232.72,6264.6
4.4972,232.6,6263.2
4.4974,232.53,6264.7
4.4976,232.54,6264.6
4.4978,232.59,6262.1
4.498,232.69,6260.5
4.4982,232.83,6262.2
4.4984,232.95,6267.7
4.4986,233.09,6268.6
4.4988,233.25,6265.9
4.499,233.27,6263.3
4.4992,233.23,6262.3
4.4994,233.13,6262.4
4.4996,232.97,6263.6
4.4998,232.9,6263.5
4.5,232.84,6262.3
4.5002,232.74,6263
4.5004,232.65,6265.3
4.5006,232.63,6266.8
4.5008,232.69,6266.5
4.501,232.84,6264.8
4.5012,233.06,6262.6
4.5014,233.26,6260.8
4.5016,233.34,6262.5
4.5018,233.3,6267.7
4.502,233.2,6271.7
4.5022,233.09,6270.5
4.5024,233.03,6266.3
4.5026,232.96,6264.5
4.5028,232.87,6265.9
4.503,232.8,6267.3
4.5032,232.76,6267.2
4.5034,232.77,6264.7
4.5036,232.84,6262.4
4.5038,232.97,6260.2
4.504,233.12,6259.9
4.5042,233.23,6260.6
4.5044,233.29,6262.5
4.5046,233.3,6263.4
4.5048,233.28,6263.7
4.505,233.25,6264.3
4.5052,233.19,6263.7
4.5054,233.01,6259.9
4.5056,232.78,6258.5
4.5058,232.67,6258.7
4.506,232.63,6256.7
4.5062,232.66,6255.6
4.5064,232.83,6256.4
4.5066,233,6258
4.5068,233.12,6258
4.507,233.22,6259.1
4.5072,233.24,6261.1
4.5074,233.22,6262.3
4.5076,233.16,6263.7
4.5078,233.08,6265.2
4.508,233.02,6266.3
4.5082,232.92,6264.8
4.5084,232.75,6261.4
4.5086,232.67,6261.1
4.5088,232.7,6263.8
4.509,232.83,6266.6
4.5092,233.02,6269.9
4.5094,233.22,6271.7
4.5096,233.34,6269.2
4.5098,233.39,6264.5
4.51,233.4,6262.6
4.5102,233.38,6264.4
4.5104,233.39,6269.6
4.5106,233.36,6274
4.5108,233.24,6274.9
4.511,233.08,6272.6
4.5112,232.92,6268.3
4.5114,232.82,6266.8
4.5116,232.83,6268.3
4.5118,232.93,6269.8
4.512,233.07,6269
4.5122,233.19,6267.2
4.5124,233.28,6265.7
4.5126,233.3,6266
4.5128,233.31,6266.8
4.513,233.31,6267.6
4.5132,233.31,6268.6
4.5134,233.27,6267.7
4.5136,233.13,6264.8
4.5138,232.89,6265.8
4.514,232.74,6271
4.5142,232.77,6275.2
4.5144,232.84,6274.4
4.5146,232.92,6270.3
4.5148,232.99,6263.3
4.515,232.98,6258
4.5152,232.95,6259.2
4.5154,232.97,6266.6
4.5156,233.03,6272.3
4.5158,233.13,6272
4.516,233.21,6266.3
4.5162,233.18,6257.7
4.5164,232.97,6250.8
4.5166,232.7,6249
4.5168,232.51,6253.1
4.517,232.46,6257
4.5172,232.55,6256.6
4.5174,232.68,6253.7
4.5176,232.81,6249.5
4.5178,232.93,6246
4.518,233,6245.4
4.5182,233.04,6246.9
4.5184,233.09,6249.9
4.5186,233.12,6250.2
4.5188,233.1,6248
4.519,233,6245.5
4.5192,232.81,6242
4.5194,232.61,6240
4.5196,232.49,6239.2
4.5198,232.42,6239.7
4.52,232.4,6239.3
4.5202,232.45,6238.5
4.5204,232.53,6235.7
4.5206,232.62,6232.1
4.5208,232.71,6229.7
4.521,232.78,6230.4
4.5212,232.8,6232.4
4.5214,232.76,6234.6
4.5216,232.66,6235.3
4.5218,232.53,6234.2
4.522,232.38,6232.6
4.5222,232.21,6230.5
4.5224,232.01,6229.6
4.5226,231.89,6230.8
4.5228,231.85,6232.3
4.523,231.9,6231.6
4.5232,232.01,6228.8
4.5234,232.12,6226.4
4.5236,232.24,6224.5
4.5238,232.33,6226.4
4.524,232.41,6231
4.5242,232.42,6236.1
4.5244,232.36,6238.4
4.5246,232.24,6237.9
4.5248,232.12,6241.2
4.525,232.11,6245.2
4.5252,232.23,6244.6
4.5254,232.34,6239.4
4.5256,232.37,6234.6
4.5258,232.37,6237.4
4.526,232.43,6248.7
4.5262,232.56,6258.1
4.5264,232.71,6256.8
4.5266,232.88,6248.9
4.5268,233.07,6242.6
4.527,233.14,6241.8
4.5272,233,6244.6
4.5274,232.77,6247.5
4.5276,232.63,6250.7
4.5278,232.54,6250.3
4.528,232.49,6248.1
4.5282,232.44,6246.3
4.5284,232.41,6244.4
4.5286,232.39,6242.5
4.5288,232.43,6241.5
4.529,232.51,6240.5
4.5292,232.63,6240.5
4.5294,232.7,6241
4.5296,232.71,6242
4.5298,232.68,6243.4
4.53,232.6,6244.2
4.5302,232.45,6242.2
4.5304,232.34,6236.8
4.5306,232.31,6230.7
4.5308,232.27,6233.4
4.531,232.22,6242.1
4.5312,232.2,6248.1
4.5314,232.24,6245.1
4.5316,232.38,6238.2
4.5318,232.59,6232.8
4.532,232.82,6233
4.5322,232.93,6239.2
4.5324,232.89,6244.1
4.5326,232.79,6244.7
4.5328,232.66,6241
4.533,232.53,6237.6
4.5332,232.38,6235.5
4.5334,232.36,6233.7
4.5336,232.36,6233.8
4.5338,232.37,6234.3
4.534,232.37,6232.3
4.5342,232.39,6229.8
4.5344,232.47,6227.1
4.5346,232.61,6225.6
4.5348,232.76,6224.4
4.535,232.86,6223.5
4.5352,232.84,6222.5
4.5354,232.75,6222.1
4.5356,232.59,6221.7
4.5358,232.4,6222.2
4.536,232.2,6221.7
4.5362,232.05,6223.7
4.5364,232.02,6226.5
4.5366,232.12,6226.4
4.5368,232.24,6221.1
4.537,232.35,6214.6
4.5372,232.44,6213
4.5374,232.51,6217.2
4.5376,232.52,6223.2
4.5378,232.59,6224.6
4.538,232.67,6223.4
4.5382,232.69,6221
4.5384,232.63,6217.9
4.5386,232.44,6215.9
4.5388,232.32,6215.3
4.539,232.21,6216.8
4.5392,232.16,6218.5
4.5394,232.13,6220.9
4.5396,232.18,6221
4.5398,232.29,6218.4
4.54,232.44,6214.5
4.5402,232.59,6211.3
4.5404,232.7,6210.9
4.5406,232.74,6215
4.5408,232.71,6220.4
4.541,232.67,6225.8
4.5412,232.56,6228.3
4.5414,232.43,6227.9
4.5416,232.42,6224
4.5418,232.42,6219.6
4.542,232.36,6214.7
4.5422,232.32,6211.9
4.5424,232.31,6216.9
4.5426,232.37,6224.6
4.5428,232.45,6231.5
4.543,232.58,6232.9
4.5432,232.65,6228.3
4.5434,232.66,6223
4.5436,232.6,6221.6
4.5438,232.48,6224.3
4.544,232.32,6229.7
4.5442,232.16,6233.5
4.5444,232.06,6234.9
4.5446,232.03,6234.7
4.5448,232.07,6230.8
4.545,232.1,6226
4.5452,232.14,6223.7
4.5454,232.26,6225.3
4.5456,232.37,6231.7
4.5458,232.5,6237.6
4.546,232.61,6241
4.5462,232.58,6240.6
4.5464,232.48,6238.8
4.5466,232.36,6238.4
4.5468,232.2,6242
4.547,232.05,6247.5
4.5472,231.91,6250.5
4.5474,231.83,6250.2
4.5476,231.84,6246.9
4.5478,231.96,6242.4
4.548,232.12,6239.6
4.5482,232.27,6242.6
4.5484,232.37,6250.2
4.5486,232.45,6254.1
4.5488,232.52,6251.9
4.549,232.61,6246.7
4.5492,232.64,6243.5
4.5494,232.58,6243
4.5496,232.47,6243.9
4.5498,232.31,6244.3
4.55,232.12,6242.4
4.5502,231.91,6239.4
4.5504,231.77,6238.6
4.5506,231.75,6241.4
4.5508,231.85,6242.9
4.551,232.05,6240.1
4.5512,232.24,6235.9
4.5514,232.36,6231.3
4.5516,232.39,6228.8
4.5518,232.34,6230
4.552,232.27,6234.5
4.5522,232.17,6238.6
4.5524,232.03,6238.3
4.5526,231.89,6235.3
4.5528,231.76,6232
4.553,231.64,6230.5
4.5532,231.57,6229.6
4.5534,231.57,6230
4.5536,231.65,6229.9
4.5538,231.76,6227.4
4.554,231.86,6226.1
4.5542,231.95,6225.9
4.5544,232.02,6226.6
4.5546,232.03,6226.1
4.5548,232.02,6225.3
4.555,231.98,6224.6
4.5552,231.86,6222.6
4.5554,231.68,6224.5
4.5556,231.55,6227.2
4.5558,231.46,6228.4
4.556,231.4,6229
4.5562,231.45,6228.1
4.5564,231.56,6227
4.5566,231.71,6226.7
4.5568,231.89,6228.3
4.557,232.04,6231.1
4.5572,232.13,6233.7
4.5574,232.17,6235.4
4.5576,232.17,6237.2
4.5578,232.16,6238
4.558,232.09,6238.1
4.5582,231.93,6238.7
4.5584,231.87,6239.5
4.5586,231.86,6239.4
4.5588,231.87,6237.4
4.559,231.89,6235.8
4.5592,231.95,6236.2
4.5594,232.05,6238
4.5596,232.17,6239.3
4.5598,232.27,6238.9
4.56,232.34,6241
4.5602,232.37,6242
4.5604,232.33,6239.3
4.5606,232.21,6236.8
4.5608,232.02,6238.5
4.561,231.81,6242.9
4.5612,231.74,6246.4
4.5614,231.79,6247.3
4.5616,231.89,6245.1
4.5618,232.02,6240
4.562,232.11,6237.9
4.5622,232.16,6242.1
4.5624,232.2,6248.5
4.5626,232.3,6253
4.5628,232.45,6253
4.563,232.54,6251.1
4.5632,232.57,6248.3
4.5634,232.47,6246.1
4.5636,232.22,6247.1
4.5638,232,6248
4.564,231.83,6249
4.5642,231.76,6249.4
4.5644,231.79,6248.9
4.5646,231.85,6247.4
4.5648,231.94,6244
4.565,232.06,6239.8
4.5652,232.2,6239.3
4.5654,232.32,6243.7
4.5656,232.39,6249.5
4.5658,232.36,6252.3
4.566,232.25,6250.5
4.5662,232.13,6246.3
4.5664,232,6242.7
4.5666,231.95,6240.4
4.5668,231.93,6240.8
4.567,231.9,6242.6
4.5672,231.9,6243.4
4.5674,231.94,6244.2
4.5676,232.04,6243.2
4.5678,232.2,6240.2
4.568,232.33,6236.8
4.5682,232.41,6235.9
4.5684,232.42,6237.4
4.5686,232.41,6240.3
4.5688,232.37,6243.1
4.569,232.26,6244.1
4.5692,232.12,6241.6
4.5694,232.04,6238
4.5696,232.01,6236.8
4.5698,232,6236.9
4.57,231.99,6237.1
4.5702,232,6236.6
4.5704,232.06,6235.7
4.5706,232.17,6233.4
4.5708,232.31,6231.2
4.571,232.4,6232
4.5712,232.42,6235.9
4.5714,232.37,6240.9
4.5716,232.3,6244.1
4.5718,232.21,6243.6
4.572,232.08,6240.7
4.5722,231.99,6237.2
4.5724,231.96,6235.5
4.5726,231.97,6235.3
4.5728,231.99,6238.5
4.573,232.02,6241.7
4.5732,232.09,6242.5
4.5734,232.21,6241.2
4.5736,232.33,6241.6
4.5738,232.44,6242.3
4.574,232.48,6243.8
4.5742,232.47,6245.2
4.5744,232.4,6245
4.5746,232.27,6245.2
4.5748,232.07,6245.7
4.575,231.94,6246.9
4.5752,231.89,6247.3
4.5754,231.93,6246.8
4.5756,232.07,6247.7
4.5758,232.2,6249.6
4.576,232.29,6249.8
4.5762,232.38,6247.7
4.5764,232.4,6246.7
4.5766,232.41,6249.1
4.5768,232.44,6252.4
4.577,232.44,6253.3
4.5772,232.45,6256.2
4.5774,232.41,6261.9
4.5776,232.26,6265.2
4.5778,232.1,6264.3
4.578,232.05,6261.2
4.5782,232.07,6256.1
4.5784,232.14,6253.2
4.5786,232.26,6253.8
4.5788,232.4,6258.4
4.579,232.52,6264.3
4.5792,232.62,6267.6
4.5794,232.68,6266.7
4.5796,232.68,6263.1
4.5798,232.63,6259.7
4.58,232.51,6259.8
4.5802,232.36,6262
4.5804,232.19,6267.9
4.5806,232.08,6275.5
4.5808,232.03,6277.7
4.581,232.05,6275.6
4.5812,232.13,6272.5
4.5814,232.24,6270.2
4.5816,232.37,6270.7
4.5818,232.49,6271.4
4.582,232.6,6269.9
4.5822,232.71,6268.1
4.5824,232.78,6269.2
4.5826,232.77,6272.3
4.5828,232.64,6274.1
4.583,232.46,6270.8
4.5832,232.35,6266.7
4.5834,232.28,6263.8
4.5836,232.24,6263.3
4.5838,232.24,6264.6
4.584,232.29,6266.5
4.5842,232.4,6266.9
4.5844,232.52,6265.3
4.5846,232.61,6263.2
4.5848,232.62,6262.5
4.585,232.62,6263.2
4.5852,232.63,6263.8
4.5854,232.66,6263.5
4.5856,232.64,6261.9
4.5858,232.53,6258.9
4.586,232.38,6258.3
4.5862,232.27,6259.5
4.5864,232.2,6262.8
4.5866,232.17,6264.1
4.5868,232.24,6261.9
4.587,232.37,6257.3
4.5872,232.5,6253.4
4.5874,232.65,6250.7
4.5876,232.78,6250.3
4.5878,232.82,6252.8
4.588,232.82,6257
4.5882,232.8,6258.7
4.5884,232.73,6257.9
4.5886,232.56,6255.3
4.5888,232.39,6250.3
4.589,232.3,6246.8
4.5892,232.31,6247.4
4.5894,232.31,6250.1
4.5896,232.31,6253.7
4.5898,232.35,6255.4
4.59,232.43,6252.6
4.5902,232.55,6248.4
4.5904,232.66,6244.1
4.5906,232.72,6243.5
4.5908,232.7,6245.9
4.591,232.61,6250.3
4.5912,232.5,6251.5
4.5914,232.35,6253.8
4.5916,232.16,6256
4.5918,232.14,6256.4
4.592,232.23,6255.9
4.5922,232.4,6254.4
4.5924,232.58,6252.6
4.5926,232.68,6253.4
4.5928,232.73,6257.6
4.593,232.77,6262.1
4.5932,232.79,6264.2
4.5934,232.83,6262.2
4.5936,232.87,6258.6
4.5938,232.85,6256
4.594,232.8,6258.4
4.5942,232.63,6266.7
4.5944,232.36,6273.9
4.5946,232.23,6271.4
4.5948,232.24,6265.7
4.595,232.37,6263.3
4.5952,232.53,6263.1
4.5954,232.66,6264.9
4.5956,232.73,6269
4.5958,232.8,6273.1
4.596,232.88,6273.6
4.5962,232.97,6272.5
4.5964,233.03,6272.7
4.5966,233.01,6273.1
4.5968,232.87,6275.4
4.597,232.62,6279
4.5972,232.37,6281.2
4.5974,232.3,6280.1
4.5976,232.34,6279.1
4.5978,232.43,6278.9
4.598,232.54,6276.5
4.5982,232.61,6274.5
4.5984,232.66,6273.4
4.5986,232.72,6275.1
4.5988,232.78,6278.2
4.599,232.94,6280.5
4.5992,233.03,6278.6
4.5994,232.97,6273.4
4.5996,232.8,6269
4.5998,232.53,6267.3
4.6,232.35,6268.7
4.6002,232.29,6270.1
4.6004,232.32,6269.3
4.6006,232.42,6266.2
4.6008,232.55,6263.1
4.601,232.68,6262.3
4.6012,232.8,6262.4
4.6014,232.91,6262.6
4.6016,232.99,6264.1
4.6018,233.01,6265.8
4.602,232.98,6264.4
4.6022,232.9,6262.8
4.6024,232.78,6261
4.6026,232.6,6259.9
4.6028,232.43,6257.8
4.603,232.33,6255.5
4.6032,232.3,6254
4.6034,232.32,6253.4
4.6036,232.4,6254
4.6038,232.51,6255.6
4.604,232.62,6255.9
4.6042,232.72,6253.3
4.6044,232.77,6251.1
4.6046,232.78,6250.8
4.6048,232.74,6251.4
4.605,232.65,6251.5
4.6052,232.51,6252.4
4.6054,232.31,6251.4
4.6056,232.13,6249.3
4.6058,232.02,6249
4.606,231.97,6252.4
4.6062,232.02,6254.1
4.6064,232.19,6253.9
4.6066,232.36,6252.2
4.6068,232.48,6249.3
4.607,232.56,6246.3
4.6072,232.58,6246.7
4.6074,232.55,6250.2
4.6076,232.52,6254
4.6078,232.49,6255.9
4.608,232.41,6255.1
4.6082,232.3,6251.6
4.6084,232.23,6248.6
4.6086,232.17,6250.3
4.6088,232.15,6255.8
4.609,232.19,6259.9
4.6092,232.29,6260.4
4.6094,232.45,6256.5
4.6096,232.62,6250.5
4.6098,232.74,6249
4.61,232.81,6252.5
4.6102,232.82,6258.3
4.6104,232.78,6262.9
4.6106,232.76,6264.7
4.6108,232.72,6262.6
4.611,232.61,6259.1
4.6112,232.5,6258.8
4.6114,232.44,6260.5
4.6116,232.43,6263
4.6118,232.47,6264.1
4.612,232.55,6264.1
4.6122,232.69,6262.1
4.6124,232.89,6261
4.6126,233.01,6262.3
4.6128,233.05,6264.5
4.613,233.02,6263.7
4.6132,232.91,6262.2
4.6134,232.78,6261.5
4.6136,232.63,6261.4
4.6138,232.44,6262.4
4.614,232.35,6266.4
4.6142,232.36,6269
4.6144,232.41,6265.5
4.6146,232.51,6260.4
4.6148,232.64,6259.5
4.615,232.74,6261.1
4.6152,232.82,6263.9
4.6154,232.87,6267.5
4.6156,232.89,6272.4
4.6158,232.94,6273
4.616,232.97,6269.2
4.6162,232.94,6264.5
4.6164,232.81,6261.8
4.6166,232.57,6261.8
4.6168,232.39,6261.6
4.617,232.32,6263.6
4.6172,232.37,6265.3
4.6174,232.53,6264.1
4.6176,232.69,6259.8
4.6178,232.83,6255.4
4.618,232.89,6252.4
4.6182,232.91,6251
4.6184,232.87,6254
4.6186,232.83,6260
4.6188,232.82,6263.8
4.619,232.78,6262.4
4.6192,232.68,6256.8
4.6194,232.49,6252.5
4.6196,232.3,6251
4.6198,232.16,6251.9
4.62,232.13,6255.3
4.6202,232.22,6256.2
4.6204,232.37,6252.5
4.6206,232.52,6248.5
4.6208,232.67,6245.3
4.621,232.74,6245.5
4.6212,232.76,6249.1
4.6214,232.76,6252.8
4.6216,232.7,6252.8
4.6218,232.56,6248.4
4.622,232.38,6244.6
4.6222,232.22,6244.1
4.6224,232.12,6248.6
4.6226,232.13,6253.7
4.6228,232.25,6254.4
4.623,232.46,6250
4.6232,232.66,6245.8
4.6234,232.78,6245.8
4.6236,232.82,6247.8
4.6238,232.8,6251.3
4.624,232.8,6255
4.6242,232.87,6256.9
4.6244,232.88,6256.9
4.6246,232.83,6256.2
4.6248,232.69,6254.8
4.625,232.56,6251.9
4.6252,232.45,6249.6
4.6254,232.36,6248.6
4.6256,232.32,6247.6
4.6258,232.35,6248
4.626,232.48,6249.8
4.6262,232.7,6250.5
4.6264,232.93,6250.6
4.6266,233.07,6251
4.6268,233.03,6250.9
4.627,232.9,6250.8
4.6272,232.73,6253
4.6274,232.55,6256.6
4.6276,232.38,6256.1
4.6278,232.32,6255.6
4.628,232.32,6258.3
4.6282,232.33,6261.5
4.6284,232.31,6260.2
4.6286,232.31,6256.6
4.6288,232.32,6253.4
4.629,232.42,6251.7
4.6292,232.6,6251.8
4.6294,232.78,6253.3
4.6296,232.83,6255.1
4.6298,232.76,6256.6
4.63,232.62,6255.4
4.6302,232.38,6256.1
4.6304,232.17,6259.2
4.6306,232.05,6261.8
4.6308,232.06,6262.5
4.631,232.13,6260.6
4.6312,232.18,6259.2
4.6314,232.23,6261.1
4.6316,232.3,6264.9
4.6318,232.38,6266.5
4.632,232.48,6265.9
4.6322,232.66,6263.5
4.6324,232.86,6260.8
4.6326,232.95,6259.7
4.6328,232.85,6260
4.633,232.59,6261.3
4.6332,232.39,6260.9
4.6334,232.26,6258
4.6336,232.2,6254.3
4.6338,232.22,6252.4
4.634,232.28,6252.4
4.6342,232.36,6254.3
4.6344,232.5,6255.8
4.6346,232.66,6254.9
4.6348,232.78,6251.2
4.635,232.82,6247.9
4.6352,232.77,6247.1
4.6354,232.66,6249.5
4.6356,232.52,6252.3
4.6358,232.38,6252.9
4.636,232.24,6252.8
4.6362,232.11,6251.8
4.6364,232.09,6247.9
4.6366,232.11,6244
4.6368,232.15,6240.8
4.637,232.22,6238
4.6372,232.31,6236.6
4.6374,232.42,6236.3
4.6376,232.52,6236.4
4.6378,232.6,6236.5
4.638,232.62,6237.9
4.6382,232.54,6238.7
4.6384,232.38,6239.8
4.6386,232.23,6238.8
4.6388,232.14,6235
4.639,232.06,6231.6
4.6392,231.99,6232.5
4.6394,231.96,6237.1
4.6396,231.97,6238.1
4.6398,232.03,6234.9
4.64,232.13,6231.2
4.6402,232.24,6228.3
4.6404,232.34,6229.5
4.6406,232.39,6233.8
4.6408,232.4,6238.9
4.641,232.34,6241.3
4.6412,232.24,6243
4.6414,232.08,6243.9
4.6416,231.96,6242.1
4.6418,231.91,6239.6
4.642,231.89,6237.9
4.6422,231.89,6238.3
4.6424,231.92,6238.5
4.6426,232,6236.3
4.6428,232.1,6233.5
4.643,232.21,6232.1
4.6432,232.27,6235.4
4.6434,232.29,6241.2
4.6436,232.25,6244
4.6438,232.14,6243.2
4.644,231.97,6242.3
4.6442,231.82,6241.7
4.6444,231.7,6244
4.6446,231.66,6246.6
4.6448,231.65,6246.7
4.645,231.61,6246.2
4.6452,231.63,6243.5
4.6454,231.75,6243.7
4.6456,231.96,6247.6
4.6458,232.19,6249.5
4.646,232.33,6247.4
4.6462,232.37,6245.8
4.6464,232.32,6245.9
4.6466,232.2,6244.8
4.6468,232.05,6245.6
4.647,231.91,6249.1
4.6472,231.84,6252.5
4.6474,231.78,6254.3
4.6476,231.71,6253
4.6478,231.67,6248.9
4.648,231.68,6245
4.6482,231.79,6242.2
4.6484,231.96,6241.2
4.6486,232.11,6247.1
4.6488,232.23,6256.9
4.649,232.26,6260.3
4.6492,232.23,6259
4.6494,232.12,6256.8
4.6496,232.02,6253.8
4.6498,231.95,6249.4
4.65,231.9,6246.8
4.6502,231.82,6249.5
4.6504,231.74,6253.7
4.6506,231.71,6255.9
4.6508,231.76,6255
4.651,231.89,6251.5
4.6512,232.08,6245.1
4.6514,232.26,6241.3
4.6516,232.33,6243.6
4.6518,232.32,6250.2
4.652,232.24,6256.4
4.6522,232.12,6258.4
4.6524,232.01,6254.1
4.6526,231.89,6247.4
4.6528,231.75,6242.5
4.653,231.63,6244
4.6532,231.54,6248.6
4.6534,231.57,6252.4
4.6536,231.66,6253.7
4.6538,231.8,6252.7
4.654,231.98,6248.6
4.6542,232.16,6246
4.6544,232.27,6248.1
4.6546,232.33,6254
4.6548,232.31,6257.2
4.655,232.23,6257.8
4.6552,232.07,6254.4
4.6554,231.94,6249.6
4.6556,231.79,6247.6
4.6558,231.67,6249.9
4.656,231.64,6254.9
4.6562,231.68,6258.3
4.6564,231.81,6258.1
4.6566,232.02,6255
4.6568,232.21,6254.2
4.657,232.36,6256.3
4.6572,232.44,6258.3
4.6574,232.45,6259.8
4.6576,232.41,6261.3
4.6578,232.34,6260.6
4.658,232.22,6259.5
4.6582,232.07,6259.4
4.6584,232,6261.2
4.6586,231.99,6263.6
4.6588,232.02,6264.5
4.659,232.03,6264.7
4.6592,232.04,6262.5
4.6594,232.07,6263.1
4.6596,232.18,6264.9
4.6598,232.31,6267.3
4.66,232.45,6267.3
4.6602,232.56,6266.5
4.6604,232.57,6264
4.6606,232.44,6263.1
4.6608,232.2,6264.8
4.661,232.08,6270.1
4.6612,232.16,6276.5
4.6614,232.33,6277.7
4.6616,232.45,6273.2
4.6618,232.5,6267.4
4.662,232.49,6264.7
4.6622,232.46,6266.8
4.6624,232.47,6269.7
4.6626,232.55,6269.2
4.6628,232.67,6264.2
4.663,232.77,6260.9
4.6632,232.78,6261.8
4.6634,232.66,6265
4.6636,232.44,6269
4.6638,232.25,6274.6
4.664,232.18,6277.7
4.6642,232.19,6276.1
4.6644,232.27,6272.4
4.6646,232.41,6269.1
4.6648,232.53,6267.1
4.665,232.62,6268.3
4.6652,232.7,6270.8
4.6654,232.76,6270.6
4.6656,232.81,6267.4
4.6658,232.87,6267
4.666,232.85,6268.5
4.6662,232.75,6269.4
4.6664,232.6,6269.4
4.6666,232.5,6265.9
4.6668,232.35,6261.3
4.667,232.17,6259.3
4.6672,232.07,6260.4
4.6674,232.11,6263.1
4.6676,232.26,6264.1
4.6678,232.52,6261.7
4.668,232.73,6257.7
4.6682,232.87,6253.7
4.6684,232.9,6254.5
4.6686,232.83,6257.3
4.6688,232.7,6263
4.669,232.58,6265
4.6692,232.44,6260.7
4.6694,232.37,6254.3
4.6696,232.35,6250.3
4.6698,232.33,6251.4
4.67,232.32,6255.4
4.6702,232.36,6257.3
4.6704,232.46,6255.6
4.6706,232.6,6250.6
4.6708,232.74,6246.1
4.671,232.81,6244.3
4.6712,232.83,6245.7
4.6714,232.8,6247.6
4.6716,232.72,6246.7
4.6718,232.54,6242.1
4.672,232.29,6238.5
4.6722,232.11,6239.1
4.6724,232.03,6243.2
4.6726,232.03,6247.3
4.6728,232.11,6249.8
4.673,232.29,6248.7
4.6732,232.47,6245
4.6734,232.6,6242.5
4.6736,232.71,6243.2
4.6738,232.82,6247.1
4.674,232.87,6252.1
4.6742,232.9,6256.5
4.6744,232.91,6258.6
4.6746,232.89,6259.4
4.6748,232.73,6260.3
4.675,232.63,6259.2
4.6752,232.68,6258.3
4.6754,232.83,6256.8
4.6756,232.95,6254.9
4.6758,233.01,6255.5
4.676,233.05,6257.9
4.6762,233.11,6260.5
4.6764,233.21,6260.9
4.6766,233.29,6260.1
4.6768,233.34,6260.4
4.677,233.35,6262.7
4.6772,233.29,6264.5
4.6774,233.18,6267.1
4.6776,232.98,6271.9
4.6778,232.82,6272.7
4.678,232.75,6269.5
4.6782,232.77,6265.5
4.6784,232.94,6263.5
4.6786,233.12,6263.2
4.6788,233.26,6267
4.679,233.35,6274.6
4.6792,233.39,6278.1
4.6794,233.4,6274.8
4.6796,233.42,6268.5
4.6798,233.41,6261.9
4.68,233.35,6258.3
4.6802,233.19,6261.4
4.6804,232.87,6269
4.6806,232.57,6275.9
4.6808,232.45,6276.6
4.681,232.52,6271.1
4.6812,232.73,6262.9
4.6814,232.97,6256.8
4.6816,233.14,6258.4
4.6818,233.23,6267.9
4.682,233.29,6274.4
4.6822,233.35,6273.6
4.6824,233.4,6267.1
4.6826,233.4,6259.6
4.6828,233.29,6255.1
4.683,233.1,6254.7
4.6832,232.89,6257.1
4.6834,232.64,6259.4
4.6836,232.42,6260.6
4.6838,232.33,6260
4.684,232.38,6257.2
4.6842,232.56,6252.1
4.6844,232.76,6246.4
4.6846,232.92,6243.6
4.6848,233,6242.8
4.685,232.95,6244.6
4.6852,232.87,6247.6
4.6854,232.8,6248.7
4.6856,232.72,6247.9
4.6858,232.63,6245.8
4.686,232.56,6243.1
4.6862,232.5,6241.8
4.6864,232.42,6242.1
4.6866,232.32,6244
4.6868,232.3,6245.7
4.687,232.4,6244.7
4.6872,232.55,6242.2
4.6874,232.75,6239.2
4.6876,232.89,6237.3
4.6878,232.94,6237.2
4.688,232.92,6239.7
4.6882,232.88,6241.5
4.6884,232.79,6239.9
4.6886,232.65,6239.6
4.6888,232.52,6239.9
4.689,232.4,6238.5
4.6892,232.29,6237.9
4.6894,232.26,6239.1
4.6896,232.29,6240.3
4.6898,232.44,6240.3
4.69,232.62,6239.2
4.6902,232.79,6238.2
4.6904,232.9,6237.4
4.6906,232.93,6238.4
4.6908,232.91,6239.3
4.691,232.82,6240.7
4.6912,232.72,6242.3
4.6914,232.62,6245.1
4.6916,232.47,6247.6
4.6918,232.35,6245.8
4.692,232.25,6243.7
4.6922,232.18,6242.8
4.6924,232.2,6243
4.6926,232.33,6241.8
4.6928,232.51,6241.4
4.693,232.71,6246.1
4.6932,232.89,6252.8
4.6934,232.97,6257.1
4.6936,232.92,6257.7
4.6938,232.82,6255.7
4.694,232.69,6252.8
4.6942,232.63,6254.8
4.6944,232.6,6261.4
4.6946,232.55,6264.1
4.6948,232.48,6260.4
4.695,232.37,6255.3
4.6952,232.3,6251.1
4.6954,232.34,6249.7
4.6956,232.52,6256.2
4.6958,232.82,6268.1
4.696,233.01,6270.6
4.6962,233.04,6263.4
4.6964,232.97,6255.9
4.6966,232.78,6251.2
4.6968,232.57,6250.4
4.697,232.43,6255.1
4.6972,232.39,6265.5
4.6974,232.42,6273.3
4.6976,232.45,6272.7
4.6978,232.42,6264.8
4.698,232.36,6257.7
4.6982,232.34,6253.3
4.6984,232.43,6255.2
4.6986,232.66,6265.2
4.6988,232.99,6272.8
4.699,233.19,6270.6
4.6992,233.2,6263.7
4.6994,233.06,6259.2
4.6996,232.81,6258
4.6998,232.53,6259.3
4.7,232.34,6262.3
4.7002,232.29,6263.6
4.7004,232.34,6261.7
4.7006,232.45,6258.4
4.7008,232.6,6255.9
4.701,232.73,6254.3
4.7012,232.82,6252.9
4.7014,232.86,6252.7
4.7016,232.88,6254.5
4.7018,232.89,6255.3
4.702,232.87,6253.2
4.7022,232.82,6250.2
4.7024,232.7,6250.6
4.7026,232.56,6254.1
4.7028,232.4,6255.9
4.703,232.27,6255.1
4.7032,232.21,6252.1
4.7034,232.22,6248.4
4.7036,232.31,6243.6
4.7038,232.46,6241.1
4.704,232.62,6239.8
4.7042,232.71,6239.8
4.7044,232.76,6240.1
4.7046,232.76,6241.5
4.7048,232.7,6240.3
4.705,232.57,6238.1
4.7052,232.4,6234.7
4.7054,232.34,6232.9
4.7056,232.33,6232.5
4.7058,232.31,6236.2
4.706,232.27,6242.2
4.7062,232.24,6245.8
4.7064,232.29,6244.5
4.7066,232.46,6239
4.7068,232.67,6234.8
4.707,232.83,6234.5
4.7072,232.92,6237.7
4.7074,232.92,6242.7
4.7076,232.85,6247.7
4.7078,232.73,6248.1
4.708,232.59,6245.4
4.7082,232.43,6244.8
4.7084,232.33,6244.9
4.7086,232.3,6245.8
4.7088,232.34,6247.9
4.709,232.41,6249.1
4.7092,232.5,6249.2
4.7094,232.58,6251
4.7096,232.61,6254
4.7098,232.64,6253.2
4.71,232.66,6249.1
4.7102,232.7,6244.3
4.7104,232.73,6239.8
4.7106,232.67,6238.6
4.7108,232.47,6244.7
4.711,232.18,6254.5
4.7112,232,6256.6
4.7114,232.02,6251.2
4.7116,232.2,6245.9
4.7118,232.42,6243.4
4.712,232.53,6241.5
4.7122,232.52,6244.2
4.7124,232.5,6254.1
4.7126,232.58,6261.4
4.7128,232.71,6261.8
4.713,232.87,6259.2
4.7132,233.01,6255.6
4.7134,233,6253.2
4.7136,232.77,6253.1
4.7138,232.51,6257.6
4.714,232.38,6264.5
4.7142,232.41,6265.7
4.7144,232.57,6261.5
4.7146,232.79,6256.1
4.7148,232.97,6252.2
4.715,233.02,6254.8
4.7152,233.02,6262.1
4.7154,233,6267.7
4.7156,233.01,6267.8
4.7158,233.06,6263.4
4.716,233.17,6259
4.7162,233.17,6257.3
4.7164,232.98,6257.1
4.7166,232.78,6256.8
4.7168,232.62,6256.7
4.717,232.54,6257.3
4.7172,232.52,6256.2
4.7174,232.59,6255.7
4.7176,232.73,6256.8
4.7178,232.89,6256.8
4.718,233.01,6255.8
4.7182,233.12,6254.8
4.7184,233.18,6254.7
4.7186,233.18,6256.6
4.7188,233.13,6258.2
4.719,233.04,6259.2
4.7192,232.89,6258.2
4.7194,232.79,6256.2
4.7196,232.75,6253.7
4.7198,232.78,6252
4.72,232.84,6253.9
4.7202,232.91,6258.8
4.7204,233,6264.1
4.7206,233.07,6265.7
4.7208,233.16,6260.2
4.721,233.27,6253.7
4.7212,233.31,6253.1
4.7214,233.33,6258.1
4.7216,233.31,6262.9
4.7218,233.19,6264.7
4.722,233.03,6263.4
4.7222,232.94,6260.1
4.7224,232.9,6257.6
4.7226,232.88,6257.5
4.7228,232.88,6259.6
4.723,232.91,6262
4.7232,233.04,6262.1
4.7234,233.23,6260.7
4.7236,233.36,6258.1
4.7238,233.44,6255.9
4.724,233.42,6256.3
4.7242,233.32,6260
4.7244,233.19,6264.2
4.7246,233.08,6263.9
4.7248,232.98,6261.4
4.725,232.85,6261.5
4.7252,232.78,6263.7
4.7254,232.75,6264.4
4.7256,232.77,6262.7
4.7258,232.81,6260.9
4.726,232.88,6261.1
4.7262,232.99,6262.9
4.7264,233.12,6264.6
4.7266,233.24,6264.8
4.7268,233.3,6263.5
4.727,233.27,6263
4.7272,233.19,6264.2
4.7274,233.05,6265.8
4.7276,232.88,6269.4
4.7278,232.79,6273.5
4.728,232.79,6275.8
4.7282,232.86,6273.1
4.7284,232.89,6267.6
4.7286,232.9,6265
4.7288,232.94,6266.1
4.729,232.98,6269.5
4.7292,233.06,6272.4
4.7294,233.17,6273.2
4.7296,233.25,6272.2
4.7298,233.29,6269.3
4.73,233.23,6266.8
4.7302,233.05,6266.2
4.7304,232.83,6270.3
4.7306,232.76,6277.5
4.7308,232.8,6281.9
4.731,232.84,6280.2
4.7312,232.91,6274.5
4.7314,232.99,6268.7
4.7316,233.07,6268.4
4.7318,233.15,6269.3
4.732,233.2,6268.7
4.7322,233.25,6267.5
4.7324,233.29,6268.6
4.7326,233.28,6270
4.7328,233.23,6268.7
4.733,233.08,6266
4.7332,232.85,6264.1
4.7334,232.67,6263.2
4.7336,232.59,6263.7
4.7338,232.61,6266.2
4.734,232.71,6267.5
4.7342,232.85,6265.2
4.7344,232.99,6259.8
4.7346,233.1,6254.5
4.7348,233.17,6250.6
4.735,233.21,6248.5
4.7352,233.2,6250.3
4.7354,233.14,6256
4.7356,233.05,6258.8
4.7358,232.91,6256.9
4.736,232.76,6251.4
4.7362,232.64,6247.2
4.7364,232.55,6245
4.7366,232.5,6244.9
4.7368,232.51,6245.8
4.737,232.62,6248.3
4.7372,232.78,6251.1
4.7374,233.01,6249.8
4.7376,233.14,6243.9
4.7378,233.15,6238.9
4.738,233.1,6238.2
4.7382,232.98,6241.9
4.7384,232.83,6245.5
4.7386,232.67,6246.1
4.7388,232.48,6242.8
4.739,232.35,6239.8
4.7392,232.28,6240.1
4.7394,232.27,6242.9
4.7396,232.39,6245.5
4.7398,232.58,6245.3
4.74,232.75,6243.2
4.7402,232.9,6240.2
4.7404,233.01,6238.2
4.7406,233.05,6238.3
4.7408,233.04,6241
4.741,232.99,6243.7
4.7412,232.9,6246.1
4.7414,232.77,6250.1
4.7416,232.62,6252.5
4.7418,232.52,6251.3
4.742,232.45,6247.6
4.7422,232.44,6246
4.7424,232.49,6245.6
4.7426,232.59,6245.2
4.7428,232.7,6249
4.743,232.83,6258.1
4.7432,232.98,6263
4.7434,233.07,6261.7
4.7436,233.11,6255.3
4.7438,233.06,6248.5
4.744,232.91,6248.2
4.7442,232.7,6254.4
4.7444,232.52,6265.8
4.7446,232.47,6274.8
4.7448,232.53,6273.5
4.745,232.64,6265
4.7452,232.75,6258.3
4.7454,232.91,6257.8
4.7456,233.01,6261.4
4.7458,233.06,6264.4
4.746,233.07,6265
4.7462,233.04,6264.3
4.7464,232.96,6263.8
4.7466,232.86,6263
4.7468,232.75,6262.6
4.747,232.61,6262.8
4.7472,232.45,6265.7
4.7474,232.43,6267.3
4.7476,232.52,6267.5
4.7478,232.61,6264.8
4.748,232.64,6260.6
4.7482,232.65,6258.8
4.7484,232.67,6260.7
4.7486,232.74,6262.4
4.7488,232.82,6260.5
4.749,232.88,6258.2
4.7492,232.9,6257.3
4.7494,232.84,6256.5
4.7496,232.69,6254.9
4.7498,232.46,6253.4
4.75,232.21,6253.2
4.7502,232.07,6253.2
4.7504,232.04,6253.2
4.7506,232.1,6252.9
4.7508,232.22,6251.4
4.751,232.36,6247.2
4.7512,232.48,6243.4
4.7514,232.58,6241.9
4.7516,232.63,6242.5
4.7518,232.64,6244.4
4.752,232.62,6247.3
4.7522,232.57,6248.8
4.7524,232.48,6248.2
4.7526,232.36,6245.7
4.7528,232.22,6243.2
4.753,232.09,6240.4
4.7532,231.98,6238.9
4.7534,231.93,6239.9
4.7536,231.94,6241.6
4.7538,232.04,6241.1
4.754,232.21,6237.8
4.7542,232.39,6233.4
4.7544,232.49,6231.2
4.7546,232.48,6232.5
4.7548,232.4,6236.9
4.755,232.28,6241.8
4.7552,232.14,6242.5
4.7554,232.04,6239.3
4.7556,231.98,6235.2
4.7558,231.94,6233.7
4.756,231.94,6235.9
4.7562,231.98,6240.1
4.7564,232.09,6242.9
4.7566,232.28,6242.5
4.7568,232.44,6239.1
4.757,232.56,6235.6
4.7572,232.64,6234.4
4.7574,232.64,6234.3
4.7576,232.56,6237
4.7578,232.47,6241
4.758,232.38,6245.4
4.7582,232.21,6245.7
4.7584,232.13,6242.3
4.7586,232.12,6237.8
4.7588,232.15,6236.4
4.759,232.22,6238.7
4.7592,232.36,6243.7
4.7594,232.51,6254.7
4.7596,232.66,6262.6
4.7598,232.79,6262.9
4.76,232.88,6257.4
4.7602,232.95,6253.7
4.7604,232.92,6253.8
4.7606,232.79,6257.6
4.7608,232.59,6264.1
4.761,232.41,6270.6
4.7612,232.33,6272
4.7614,232.29,6269.1
4.7616,232.35,6265
4.7618,232.45,6259.9
4.762,232.55,6257.9
4.7622,232.63,6260.2
4.7624,232.68,6264.1
4.7626,232.74,6265.6
4.7628,232.8,6265
4.763,232.86,6262.4
4.7632,232.83,6257.4
4.7634,232.67,6253.5
4.7636,232.46,6252.1
4.7638,232.28,6252
4.764,232.18,6251.8
4.7642,232.14,6250.7
4.7644,232.1,6249.9
4.7646,232.09,6247.4
4.7648,232.14,6246.8
4.765,232.24,6246.5
4.7652,232.38,6245.8
4.7654,232.49,6243.4
4.7656,232.55,6242.8
4.7658,232.54,6243.8
4.766,232.45,6245.9
4.7662,232.28,6247.2
4.7664,232.19,6246
4.7666,232.16,6242.7
4.7668,232.09,6239
4.767,231.95,6236.5
4.7672,231.81,6236.5
4.7674,231.75,6238.8
4.7676,231.84,6240.9
4.7678,232.04,6239
4.768,232.3,6234.1
4.7682,232.49,6230.1
4.7684,232.52,6227
4.7686,232.39,6228.4
4.7688,232.21,6232.4
4.769,232.05,6235.8
4.7692,231.9,6236.6
4.7694,231.88,6234
4.7696,231.92,6228.6
4.7698,231.9,6225.1
4.77,231.83,6225.8
4.7702,231.78,6227.7
4.7704,231.81,6227.8
4.7706,231.94,6225.8
4.7708,232.13,6222.1
4.771,232.3,6220.3
4.7712,232.41,6221
4.7714,232.43,6221.8
4.7716,232.33,6222.8
4.7718,232.11,6223.4
4.772,231.9,6222.1
4.7722,231.73,6221.4
4.7724,231.61,6223.2
4.7726,231.58,6226.8
4.7728,231.61,6228.3
4.773,231.71,6225.1
4.7732,231.88,6219.2
4.7734,232.02,6214
4.7736,232.11,6212
4.7738,232.13,6215.3
4.774,232.08,6220.7
4.7742,232.03,6225.7
4.7744,232.01,6231.3
4.7746,231.98,6233.6
4.7748,231.91,6231.8
4.775,231.88,6228
4.7752,231.89,6223.2
4.7754,231.88,6220
4.7756,231.83,6220.7
4.7758,231.76,6222.6
4.776,231.75,6224.6
4.7762,231.84,6228.5
4.7764,232.03,6235.1
4.7766,232.24,6237.5
4.7768,232.38,6232.7
4.777,232.42,6224.3
4.7772,232.33,6221.9
4.7774,232.11,6227.4
4.7776,231.94,6235.8
4.7778,231.9,6243
4.778,231.99,6243.3
4.7782,232.12,6236
4.7784,232.21,6226.9
4.7786,232.23,6223.2
4.7788,232.2,6227.4
4.779,232.22,6234.8
4.7792,232.29,6239.4
4.7794,232.4,6237.3
4.7796,232.5,6234.6
4.7798,232.49,6231.8
4.78,232.34,6229.8
4.7802,232.09,6231.4
4.7804,231.88,6238
4.7806,231.8,6246.4
4.7808,231.83,6249.4
4.781,231.83,6247.1
4.7812,231.86,6243.8
4.7814,231.97,6240.6
4.7816,232.09,6237.5
4.7818,232.13,6239.9
4.782,232.19,6243.8
4.7822,232.25,6245.7
4.7824,232.3,6246.4
4.7826,232.34,6243.8
4.7828,232.37,6240.8
4.783,232.31,6239
4.7832,232.14,6237.6
4.7834,232.01,6236.4
4.7836,231.92,6237.3
4.7838,231.87,6238.9
4.784,231.89,6239.6
4.7842,231.95,6240.9
4.7844,232.09,6239.1
4.7846,232.26,6235.4
4.7848,232.4,6234
4.785,232.49,6234.6
4.7852,232.54,6237.6
4.7854,232.52,6240.5
4.7856,232.4,6242.6
4.7858,232.18,6241.9
4.786,232.1,6237.5
4.7862,232.11,6233.3
4.7864,232.13,6232.2
4.7866,232.15,6232.2
4.7868,232.11,6232.6
4.787,232.08,6233.5
4.7872,232.15,6231.2
4.7874,232.27,6227.7
4.7876,232.4,6224.6
4.7878,232.5,6224.7
4.788,232.53,6227.8
4.7882,232.46,6232
4.7884,232.31,6235.6
4.7886,232.16,6234.1
4.7888,232.04,6228.4
4.789,232.01,6224.5
4.7892,232.02,6225.8
4.7894,232.05,6231.4
4.7896,232.12,6235.7
4.7898,232.25,6235.4
4.79,232.39,6231.2
4.7902,232.51,6227.2
4.7904,232.62,6227.5
4.7906,232.69,6232.3
4.7908,232.71,6236
4.791,232.66,6237.9
4.7912,232.58,6236.4
4.7914,232.45,6235
4.7916,232.26,6235.4
4.7918,232.11,6238.9
4.792,232.02,6242.6
4.7922,232.02,6243
4.7924,232.08,6237.7
4.7926,232.16,6233.7
4.7928,232.27,6233.1
4.793,232.37,6235.8
4.7932,232.4,6239.5
4.7934,232.44,6240.5
4.7936,232.51,6239.3
4.7938,232.53,6236.8
4.794,232.43,6235.5
4.7942,232.2,6236.4
4.7944,232.01,6239.3
4.7946,231.92,6239.7
4.7948,231.97,6237
4.795,232.14,6232.7
4.7952,232.33,6229.5
4.7954,232.41,6229.9
4.7956,232.37,6235.2
4.7958,232.33,6243.2
4.796,232.37,6250.2
4.7962,232.51,6253
4.7964,232.67,6250.1
4.7966,232.73,6244.9
4.7968,232.64,6242.8
4.797,232.45,6244.3
4.7972,232.32,6248.4
4.7974,232.29,6254.6
4.7976,232.27,6256.4
4.7978,232.28,6253.5
4.798,232.36,6247.3
4.7982,232.49,6245.6
4.7984,232.63,6248.2
4.7986,232.75,6249.9
4.7988,232.79,6249.6
4.799,232.74,6249.6
4.7992,232.65,6249
4.7994,232.52,6246.9
4.7996,232.36,6245.9
4.7998,232.18,6247.3
4.8,232,6247.9
4.8002,231.88,6246.7
4.8004,231.84,6246.7
4.8006,231.86,6246.9
4.8008,231.93,6247
4.801,232.02,6246
4.8012,232.12,6245.7
4.8014,232.21,6244.6
4.8016,232.32,6242
4.8018,232.4,6240.9
4.802,232.44,6242.9
4.8022,232.4,6246.2
4.8024,232.29,6247.7
4.8026,232.08,6245.1
4.8028,231.89,6242.8
4.803,231.78,6242.6
4.8032,231.79,6242.7
4.8034,231.92,6243.6
4.8036,232.1,6243.3
4.8038,232.26,6241.1
4.804,232.32,6238.7
4.8042,232.3,6237.5
4.8044,232.23,6236.9
4.8046,232.17,6236.9
4.8048,232.13,6237.7
4.805,232.1,6241.3
4.8052,232.02,6244.3
4.8054,231.9,6243.7
4.8056,231.72,6239.9
4.8058,231.61,6236.4
4.806,231.57,6237.3
4.8062,231.63,6240.3
4.8064,231.78,6241.6
4.8066,231.95,6239.6
4.8068,232.11,6234.8
4.807,232.16,6229.1
4.8072,232.14,6227.2
4.8074,232.07,6233
4.8076,232.05,6241.8
4.8078,232.03,6246.8
4.808,231.96,6246.4
4.8082,231.82,6241.5
4.8084,231.62,6236.5
4.8086,231.44,6233.1
4.8088,231.36,6234.7
4.809,231.36,6239.9
4.8092,231.46,6243.3
4.8094,231.6,6243.3
4.8096,231.69,6242.1
4.8098,231.79,6243.4
4.81,231.92,6245.9
4.8102,232.02,6249.4
4.8104,232.07,6252.9
4.8106,232.09,6254.5
4.8108,232.02,6254.3
4.811,231.93,6254.8
4.8112,231.9,6254.9
4.8114,231.92,6254
4.8116,231.95,6251.9
4.8118,232.01,6250.9
4.812,232.09,6250.1
4.8122,232.18,6251.2
4.8124,232.28,6254.8
4.8126,232.42,6258.9
4.8128,232.54,6260.6
4.813,232.62,6260.2
4.8132,232.59,6258.9
4.8134,232.48,6258.9
4.8136,232.32,6261.7
4.8138,232.11,6268.4
4.814,232.01,6276.9
4.8142,232.06,6281.4
4.8144,232.16,6278.7
4.8146,232.28,6269.7
4.8148,232.39,6263.5
4.815,232.45,6263.8
4.8152,232.49,6269.7
4.8154,232.53,6280
4.8156,232.66,6284.2
4.8158,232.75,6279.6
4.816,232.73,6268.2
4.8162,232.62,6258.4
4.8164,232.38,6256.5
4.8166,232.09,6262
4.8168,231.84,6268.2
4.817,231.68,6270.6
4.8172,231.67,6268.9
4.8174,231.77,6262.8
4.8176,231.94,6254.5
4.8178,232.1,6250
4.818,232.23,6251
4.8182,232.28,6253.7
4.8184,232.27,6257.5
4.8186,232.26,6260.9
4.8188,232.24,6260.6
4.819,232.21,6256.1
4.8192,232.12,6252.7
4.8194,232.02,6250.1
4.8196,231.93,6249.3
4.8198,231.86,6249.7
4.82,231.83,6250.9
4.8202,231.9,6250.3
4.8204,232.03,6249.6
4.8206,232.18,6249.7
4.8208,232.28,6249
4.821,232.32,6246.7
4.8212,232.3,6245.3
4.8214,232.25,6246.7
4.8216,232.21,6250.6
4.8218,232.16,6254.2
4.822,232.09,6254.5
4.8222,231.96,6250.6
4.8224,231.82,6247.5
4.8226,231.77,6248.9
4.8228,231.79,6253
4.823,231.88,6256.1
4.8232,232.06,6254.4
4.8234,232.21,6249
4.8236,232.31,6243.6
4.8238,232.36,6242.2
4.824,232.38,6243.7
4.8242,232.36,6246.8
4.8244,232.29,6247.7
4.8246,232.16,6246.4
4.8248,231.97,6241.7
4.825,231.79,6235.4
4.8252,231.64,6232.7
4.8254,231.54,6234.9
4.8256,231.48,6239.6
4.8258,231.48,6242.6
4.826,231.55,6243.4
4.8262,231.66,6242.5
4.8264,231.83,6240.9
4.8266,232.05,6241.5
4.8268,232.2,6244.3
4.827,232.2,6246.5
4.8272,232.06,6249.1
4.8274,231.84,6251.1
4.8276,231.58,6254.6
4.8278,231.42,6254.9
4.828,231.42,6250.7
4.8282,231.53,6246.3
4.8284,231.65,6243.5
4.8286,231.71,6244.5
4.8288,231.71,6252.8
4.829,231.75,6263.1
4.8292,231.93,6264.2
4.8294,232.18,6257.4
4.8296,232.36,6250.2
4.8298,232.37,6246.1
4.83,232.22,6247.8
4.8302,232.02,6253
4.8304,231.87,6258.9
4.8306,231.7,6264.5
4.8308,231.57,6267.9
4.831,231.48,6265.6
4.8312,231.5,6259.5
4.8314,231.62,6256.4
4.8316,231.8,6261.8
4.8318,232.01,6272.1
4.832,232.26,6276.4
4.8322,232.36,6273.1
4.8324,232.29,6267.1
4.8326,232.15,6263.1
4.8328,231.99,6262.8
4.833,231.89,6265.3
4.8332,231.79,6266.3
4.8334,231.62,6264.3
4.8336,231.46,6262.1
4.8338,231.34,6261.2
4.834,231.31,6261.2
4.8342,231.41,6260.2
4.8344,231.61,6257.6
4.8346,231.8,6254.1
4.8348,231.93,6251.2
4.835,232,6252.4
4.8352,231.96,6257.1
4.8354,231.9,6261.2
4.8356,231.81,6262.7
4.8358,231.69,6259.5
4.836,231.63,6253.3
4.8362,231.57,6248.4
4.8364,231.49,6248.4
4.8366,231.43,6252.6
4.8368,231.42,6257.7
4.837,231.5,6258.5
4.8372,231.68,6255
4.8374,231.89,6249
4.8376,232.02,6245.3
4.8378,232.05,6244.9
4.838,231.97,6248
4.8382,231.85,6250.9
4.8384,231.74,6253.3
4.8386,231.66,6251.6
4.8388,231.57,6248.8
4.839,231.38,6248.2
4.8392,231.26,6249.2
4.8394,231.31,6252.1
4.8396,231.47,6253.4
4.8398,231.68,6251.4
4.84,231.86,6246.8
4.8402,231.96,6241.6
4.8404,231.99,6240.8
4.8406,231.98,6244.4
4.8408,231.97,6249.5
4.841,232,6252.5
4.8412,232,6250.6
4.8414,231.87,6246.9
4.8416,231.76,6244.5
4.8418,231.73,6245.2
4.842,231.74,6246.7
4.8422,231.78,6247.3
4.8424,231.83,6246.3
4.8426,231.85,6244.9
4.8428,231.87,6246.4
4.843,231.93,6248.7
4.8432,232.03,6250
4.8434,232.15,6250.7
4.8436,232.26,6250.6
4.8438,232.24,6250.4
4.844,232.09,6250.7
4.8442,231.87,6254.3
4.8444,231.63,6262
4.8446,231.59,6268.2
4.8448,231.79,6268.4
4.845,232.06,6262.9
4.8452,232.24,6254.8
4.8454,232.25,6250.3
4.8456,232.17,6254.5
4.8458,232.1,6263
4.846,232.13,6269.5
4.8462,232.28,6269.3
4.8464,232.44,6266
4.8466,232.48,6262.1
4.8468,232.37,6261.9
4.847,232.17,6269.8
4.8472,232.05,6279.1
4.8474,232.02,6282.9
4.8476,232.09,6283
4.8478,232.19,6282.5
4.848,232.31,6280
4.8482,232.49,6276.7
4.8484,232.67,6276.8
4.8486,232.8,6277.4
4.8488,232.84,6276.3
4.849,232.84,6275.6
4.8492,232.79,6277.6
4.8494,232.72,6277.7
4.8496,232.58,6275.2
4.8498,232.41,6273.5
4.85,232.29,6270.6
4.8502,232.23,6267.2
4.8504,232.21,6267.2
4.8506,232.22,6270.8
4.8508,232.24,6272.4
4.851,232.28,6270.7
4.8512,232.36,6267
4.8514,232.47,6262
4.8516,232.62,6259.3
4.8518,232.73,6261
4.852,232.71,6264.2
4.8522,232.58,6266.1
4.8524,232.37,6265.9
4.8526,232.1,6266.3
4.8528,231.91,6267.4
4.853,231.84,6269.1
4.8532,231.91,6269.8
4.8534,232.13,6267.4
4.8536,232.33,6263.8
4.8538,232.45,6263.2
4.854,232.5,6263.2
4.8542,232.49,6263
4.8544,232.51,6262.7
4.8546,232.57,6262.8
4.8548,232.63,6261.3
4.855,232.61,6260.9
4.8552,232.46,6261.6
4.8554,232.25,6261.6
4.8556,232.1,6260.3
4.8558,232.02,6260
4.856,232.04,6260.8
4.8562,232.17,6261.6
4.8564,232.33,6261.4
4.8566,232.46,6260.3
4.8568,232.57,6258.7
4.857,232.64,6257.4
4.8572,232.7,6257.6
4.8574,232.74,6259.6
4.8576,232.73,6262.3
4.8578,232.67,6263.8
4.858,232.53,6264.1
4.8582,232.33,6264.5
4.8584,232.17,6266.6
4.8586,232.07,6268.7
4.8588,232.09,6269.2
4.859,232.22,6268.1
4.8592,232.35,6265.1
4.8594,232.45,6263
4.8596,232.52,6264.2
4.8598,232.55,6268.1
4.86,232.58,6271.5
4.8602,232.63,6271.6
4.8604,232.63,6270.1
4.8606,232.61,6267.9
4.8608,232.52,6265.3
4.861,232.34,6265.2
4.8612,232.22,6268.7
4.8614,232.15,6271.8
4.8616,232.16,6271.6
4.8618,232.28,6268.9
4.862,232.46,6266.5
4.8622,232.61,6265.9
4.8624,232.73,6268.9
4.8626,232.77,6270.8
4.8628,232.79,6270.1
4.863,232.77,6268
4.8632,232.72,6267.2
4.8634,232.62,6269.9
4.8636,232.49,6276.7
4.8638,232.33,6282.4
4.864,232.28,6281.5
4.8642,232.23,6276.4
4.8644,232.21,6270.7
4.8646,232.23,6264.8
4.8648,232.28,6263.6
4.865,232.38,6269.7
4.8652,232.51,6273.3
4.8654,232.58,6273.6
4.8656,232.59,6274.7
4.8658,232.55,6273.7
4.866,232.48,6269.7
4.8662,232.38,6267.1
4.8664,232.24,6267.7
4.8666,232.06,6266.8
4.8668,231.93,6266
4.867,231.84,6268.8
4.8672,231.81,6270.1
4.8674,231.85,6269.2
4.8676,231.95,6266.5
4.8678,232.1,6263.4
4.868,232.23,6260.9
4.8682,232.34,6262
4.8684,232.4,6264.8
4.8686,232.41,6268.3
4.8688,232.37,6268.8
4.869,232.28,6267
4.8692,232.12,6264
4.8694,231.96,6262.4
4.8696,231.87,6262.2
4.8698,231.84,6262.1
4.87,231.88,6262.4
4.8702,231.99,6262.9
4.8704,232.11,6262
4.8706,232.22,6257.2
4.8708,232.29,6250.3
4.871,232.3,6246.5
4.8712,232.29,6249
4.8714,232.27,6255.1
4.8716,232.24,6260.7
4.8718,232.16,6260.6
4.872,232.01,6255.9
4.8722,231.86,6251.4
4.8724,231.75,6249.8
4.8726,231.69,6251.8
4.8728,231.71,6255.5
4.873,231.86,6258.9
4.8732,232.07,6258.2
4.8734,232.25,6253.2
4.8736,232.35,6248.5
4.8738,232.36,6248
4.874,232.32,6250.7
4.8742,232.29,6255.9
4.8744,232.27,6258.9
4.8746,232.22,6258.4
4.8748,232.08,6258.3
4.875,231.95,6259.6
4.8752,231.88,6260.9
4.8754,231.85,6260
4.8756,231.86,6257.2
4.8758,231.88,6254.5
4.876,231.97,6252.6
4.8762,232.08,6255.2
4.8764,232.24,6263.6
4.8766,232.41,6271.9
4.8768,232.55,6274.8
4.877,232.62,6271.1
4.8772,232.6,6264.6
4.8774,232.46,6258.6
4.8776,232.26,6256.9
4.8778,232.13,6263.8
4.878,232.1,6270.4
4.8782,232.13,6272.8
4.8784,232.19,6270.3
4.8786,232.27,6265.9
4.8788,232.35,6261
4.879,232.42,6259.3
4.8792,232.49,6260.7
4.8794,232.57,6262.3
4.8796,232.63,6262.4
4.8798,232.64,6261.5
4.88,232.56,6260.4
4.8802,232.4,6259.7
4.8804,232.18,6260.3
4.8806,231.94,6261.4
4.8808,231.79,6263.1
4.881,231.75,6263.1
4.8812,231.82,6264.4
4.8814,231.97,6266.7
4.8816,232.11,6266.9
4.8818,232.21,6266.3
4.882,232.27,6263.7
4.8822,232.26,6260.4
4.8824,232.25,6260.2
4.8826,232.25,6264.5
4.8828,232.24,6268.6
4.883,232.15,6269.4
4.8832,232.04,6267.3
4.8834,231.96,6264
4.8836,231.86,6261.3
4.8838,231.79,6260.1
4.884,231.75,6260.4
4.8842,231.81,6261.2
4.8844,232,6260.3
4.8846,232.22,6257.3
4.8848,232.4,6254
4.885,232.48,6253.9
4.8852,232.46,6256.6
4.8854,232.37,6260.9
4.8856,232.25,6262.3
4.8858,232.1,6260.3
4.886,231.96,6256.4
4.8862,231.88,6252.2
4.8864,231.82,6251.7
4.8866,231.79,6255.7
4.8868,231.81,6259.5
4.887,231.88,6259.7
4.8872,232,6255.7
4.8874,232.17,6251.2
4.8876,232.32,6248.6
4.8878,232.41,6251.2
4.888,232.44,6258.3
4.8882,232.4,6264.5
4.8884,232.27,6265.1
4.8886,232.1,6260
4.8888,231.94,6254.4
4.889,231.77,6252.3
4.8892,231.64,6254.5
4.8894,231.58,6259.5
4.8896,231.62,6263.2
4.8898,231.78,6261.1
4.89,231.98,6253.9
4.8902,232.15,6245.6
4.8904,232.24,6242.6
4.8906,232.27,6245.8
4.8908,232.22,6253.2
4.891,232.12,6261.5
4.8912,232.03,6266.2
4.8914,231.94,6266.1
4.8916,231.91,6261.1
4.8918,231.87,6255.3
4.892,231.74,6252.4
4.8922,231.58,6254.6
4.8924,231.46,6260.8
4.8926,231.45,6264.1
4.8928,231.6,6262.9
4.893,231.89,6260.3
4.8932,232.19,6259.9
4.8934,232.3,6262.8
4.8936,232.24,6266.1
4.8938,232.09,6269.3
4.894,231.88,6270.7
4.8942,231.71,6270.9
4.8944,231.61,6273.9
4.8946,231.56,6278.2
4.8948,231.6,6279.3
4.895,231.63,6276.7
4.8952,231.66,6273.5
4.8954,231.76,6270
4.8956,231.9,6270.4
4.8958,232.02,6275.9
4.896,232.11,6280.2
4.8962,232.17,6280.3
4.8964,232.19,6276.3
4.8966,232.12,6273.5
4.8968,231.97,6272.6
4.897,231.76,6278.1
4.8972,231.57,6286.4
4.8974,231.52,6292.7
4.8976,231.6,6294
4.8978,231.72,6289.1
4.898,231.86,6282.6
4.8982,232.01,6279.4
4.8984,232.17,6282.4
4.8986,232.32,6291.3
4.8988,232.48,6298.1
4.899,232.63,6297.3
4.8992,232.7,6291.2
4.8994,232.61,6284.1
4.8996,232.4,6279.4
4.8998,232.16,6281.4
4.9,231.99,6288.3
4.9002,231.91,6292.3
4.9004,231.89,6292.8
4.9006,231.94,6287.7
4.9008,232.05,6280.6
4.901,232.18,6276.9
4.9012,232.33,6279.2
4.9014,232.45,6283.5
4.9016,232.49,6285.8
4.9018,232.48,6285.8
4.902,232.44,6283.5
4.9022,232.35,6280.6
4.9024,232.23,6279.5
4.9026,232.13,6281.6
4.9028,232.12,6282.1
4.903,232.12,6279.6
4.9032,232.11,6275.3
4.9034,232.08,6272.9
4.9036,232.09,6273.5
4.9038,232.17,6275.1
4.904,232.31,6275.7
4.9042,232.46,6272.4
4.9044,232.59,6268.6
4.9046,232.64,6267.7
4.9048,232.61,6268.3
4.905,232.5,6270.2
4.9052,232.34,6270.5
4.9054,232.13,6271
4.9056,232,6269.7
4.9058,232.03,6267.6
4.906,232.14,6265.9
4.9062,232.33,6264.8
4.9064,232.47,6266
4.9066,232.56,6268.7
4.9068,232.6,6269.8
4.907,232.6,6266.9
4.9072,232.62,6262.8
4.9074,232.68,6261.9
4.9076,232.73,6266
4.9078,232.74,6270.3
4.908,232.65,6273.1
4.9082,232.44,6273.6
4.9084,232.24,6270.8
4.9086,232.09,6266.2
4.9088,232.07,6266.2
4.909,232.17,6272.1
4.9092,232.35,6275.8
4.9094,232.54,6275.2
4.9096,232.7,6271.2
4.9098,232.76,6269.9
4.91,232.76,6269.4
4.9102,232.73,6269.8
4.9104,232.67,6272.9
4.9106,232.61,6275
4.9108,232.49,6276.2
4.911,232.33,6278.1
4.9112,232.33,6278.1
4.9114,232.41,6275.7
4.9116,232.44,6273
4.9118,232.47,6270.1
4.912,232.53,6267.1
4.9122,232.63,6267.2
4.9124,232.76,6272.7
4.9126,232.91,6277.5
4.9128,233,6277.7
4.913,232.99,6275.9
4.9132,232.88,6275.7
4.9134,232.72,6274.2
4.9136,232.54,6273.7
4.9138,232.31,6278.7
4.914,232.24,6282.8
4.9142,232.33,6280.8
4.9144,232.41,6277.7
4.9146,232.51,6279.1
4.9148,232.64,6280
4.915,232.76,6277.1
4.9152,232.8,6272.6
4.9154,232.81,6270.2
4.9156,232.82,6272.6
4.9158,232.83,6278.6
4.916,232.84,6284.6
4.9162,232.77,6285.6
4.9164,232.61,6281.2
4.9166,232.44,6275.2
4.9168,232.35,6274.3
4.917,232.36,6278.4
4.9172,232.41,6281.9
4.9174,232.49,6280.3
4.9176,232.6,6273.9
4.9178,232.72,6268
4.918,232.83,6264.8
4.9182,232.92,6265.3
4.9184,233.02,6269.5
4.9186,233.07,6273.6
4.9188,233.02,6275.8
4.919,232.86,6274.7
4.9192,232.67,6271.6
4.9194,232.56,6268.1
4.9196,232.55,6265.9
4.9198,232.59,6266.2
4.92,232.64,6266.8
4.9202,232.68,6266
4.9204,232.72,6264.1
4.9206,232.81,6261.6
4.9208,232.91,6259
4.921,233.03,6256.7
4.9212,233.11,6258.1
4.9214,233.15,6261
4.9216,233.06,6263.9
4.9218,232.85,6262.5
4.922,232.64,6260.4
4.9222,232.5,6257.2
4.9224,232.45,6254.4
4.9226,232.47,6254.5
4.9228,232.52,6257
4.923,232.59,6257.1
4.9232,232.66,6254.5
4.9234,232.72,6251.8
4.9236,232.79,6250.7
4.9238,232.87,6250.9
4.924,232.94,6252.7
4.9242,233,6253.8
4.9244,232.99,6254.5
4.9246,232.87,6253.8
4.9248,232.71,6253
4.925,232.64,6255.6
4.9252,232.64,6258.5
4.9254,232.63,6258.3
4.9256,232.59,6254.8
4.9258,232.56,6250.2
4.926,232.63,6246.2
4.9262,232.75,6249.1
4.9264,232.9,6256.2
4.9266,233.02,6260.6
4.9268,233.08,6261.4
4.927,233.08,6259.5
4.9272,232.97,6255.4
4.9274,232.76,6253.4
4.9276,232.52,6258.2
4.9278,232.46,6265.8
4.928,232.56,6267.9
4.9282,232.69,6264.9
4.9284,232.8,6260.6
4.9286,232.88,6257.1
4.9288,232.88,6255.3
4.929,232.87,6255.1
4.9292,232.87,6257.5
4.9294,232.91,6257.6
4.9296,232.97,6256
4.9298,233.01,6255
4.93,232.93,6252.6
4.9302,232.72,6249.5
4.9304,232.49,6249.2
4.9306,232.29,6249
4.9308,232.15,6248
4.931,232.12,6249.3
4.9312,232.21,6250.1
4.9314,232.37,6251.2
4.9316,232.48,6250.4
4.9318,232.52,6251.7
4.932,232.62,6253.9
4.9322,232.72,6255.5
4.9324,232.79,6257.1
4.9326,232.84,6259.5
4.9328,232.8,6260.9
4.933,232.64,6259.7
4.9332,232.48,6255.8
4.9334,232.33,6252.1
4.9336,232.19,6250.4
4.9338,232.11,6252.1
4.934,232.11,6255.4
4.9342,232.21,6258.4
4.9344,232.38,6255.8
4.9346,232.53,6249.7
4.9348,232.61,6245.5
4.935,232.64,6244.5
4.9352,232.62,6249
4.9354,232.57,6256.1
4.9356,232.54,6261.2
4.9358,232.47,6258.8
4.936,232.36,6251.6
4.9362,232.29,6245.4
4.9364,232.25,6241.8
4.9366,232.2,6243.4
4.9368,232.22,6247.8
4.937,232.3,6250.9
4.9372,232.45,6250.4
4.9374,232.65,6247.5
4.9376,232.81,6243.8
4.9378,232.86,6241.6
4.938,232.84,6241.2
4.9382,232.75,6242.7
4.9384,232.63,6244.3
4.9386,232.45,6246.4
4.9388,232.34,6246.7
4.939,232.32,6245.8
4.9392,232.33,6242.8
4.9394,232.35,6238.7
4.9396,232.38,6236.4
4.9398,232.47,6237.1
4.94,232.53,6239.7
4.9402,232.65,6242.2
4.9404,232.8,6243.6
4.9406,232.91,6242.7
4.9408,232.97,6241.2
4.941,232.92,6240.2
4.9412,232.75,6240
4.9414,232.57,6243
4.9416,232.41,6246.4
4.9418,232.31,6247.1
4.942,232.28,6244.2
4.9422,232.3,6240.8
4.9424,232.4,6238.2
4.9426,232.51,6237.3
4.9428,232.63,6239.1
4.943,232.74,6245.3
4.9432,232.84,6249.4
4.9434,232.89,6250.5
4.9436,232.95,6249.4
4.9438,232.97,6249.6
4.944,232.9,6251.2
4.9442,232.8,6252.3
4.9444,232.68,6253.3
4.9446,232.54,6254.8
4.9448,232.44,6256.4
4.945,232.4,6256.8
4.9452,232.48,6257.1
4.9454,232.66,6256.2
4.9456,232.88,6254
4.9458,233.05,6252.4
4.946,233.11,6251
4.9462,233.03,6250
4.9464,232.89,6253.6
4.9466,232.76,6258.2
4.9468,232.68,6261.8
4.947,232.62,6263
4.9472,232.51,6263.3
4.9474,232.44,6261.3
4.9476,232.48,6256.6
4.9478,232.58,6252.9
4.948,232.71,6252.1
4.9482,232.77,6254.2
4.9484,232.75,6258.4
4.9486,232.72,6260.4
4.9488,232.73,6262
4.949,232.85,6263.3
4.9492,232.97,6261.2
4.9494,233.04,6255.6
4.9496,232.99,6250.5
4.9498,232.79,6249.7
4.95,232.5,6255.8
4.9502,232.28,6262.2
4.9504,232.2,6264.6
4.9506,232.31,6262
4.9508,232.53,6256.2
4.951,232.73,6252.2
4.9512,232.84,6251.4
4.9514,232.88,6254.7
4.9516,232.83,6257.6
4.9518,232.8,6258.8
4.952,232.83,6260
4.9522,232.85,6259.5
4.9524,232.82,6258.2
4.9526,232.67,6253.9
4.9528,232.52,6251.4
4.953,232.42,6253.3
4.9532,232.39,6255.8
4.9534,232.43,6256.8
4.9536,232.57,6257.1
4.9538,232.73,6255.7
4.954,232.9,6252.4
4.9542,233.02,6248.9
4.9544,233.08,6247.7
4.9546,233.07,6249.9
4.9548,233.02,6253.9
4.955,232.93,6257.3
4.9552,232.81,6255.1
4.9554,232.62,6248.6
4.9556,232.47,6243.1
4.9558,232.36,6242.9
4.956,232.28,6248.5
4.9562,232.28,6253.4
4.9564,232.37,6252.3
4.9566,232.48,6247.3
4.9568,232.61,6242.8
4.957,232.71,6242.3
4.9572,232.77,6244.4
4.9574,232.8,6250.1
4.9576,232.79,6256.1
4.9578,232.73,6260.4
4.958,232.61,6261.2
4.9582,232.53,6259.4
4.9584,232.46,6256
4.9586,232.41,6253.8
4.9588,232.37,6253.7
4.959,232.38,6256.1
4.9592,232.45,6257.5
4.9594,232.62,6258.6
4.9596,232.79,6261.5
4.9598,232.93,6264
4.96,233,6264.6
4.9602,233.02,6263
4.9604,232.99,6259.9
4.9606,232.89,6256.9
4.9608,232.72,6258.1
4.961,232.54,6262.9
4.9612,232.41,6268.1
4.9614,232.37,6268.6
4.9616,232.4,6263.5
4.9618,232.45,6255.6
4.962,232.54,6253
4.9622,232.62,6256.7
4.9624,232.73,6261.9
4.9626,232.83,6264.4
4.9628,232.9,6265
4.963,232.88,6267.3
4.9632,232.8,6268
4.9634,232.69,6266.1
4.9636,232.59,6262.3
4.9638,232.47,6260.7
4.964,232.33,6261.1
4.9642,232.26,6263.4
4.9644,232.23,6267.1
4.9646,232.27,6268.1
4.9648,232.35,6267.4
4.965,232.48,6268.5
4.9652,232.68,6267.8
4.9654,232.83,6266.1
4.9656,232.93,6264.5
4.9658,232.99,6263.7
4.966,233,6262.9
4.9662,232.93,6262.8
4.9664,232.76,6263.3
4.9666,232.55,6264
4.9668,232.41,6262.3
4.967,232.36,6260.2
4.9672,232.39,6260.1
4.9674,232.51,6260.9
4.9676,232.67,6260.6
4.9678,232.85,6259.2
4.968,232.99,6256
4.9682,233.07,6252.9
4.9684,233.05,6251
4.9686,232.99,6251.5
4.9688,232.9,6253.8
4.969,232.8,6255.8
4.9692,232.69,6256.7
4.9694,232.54,6255
4.9696,232.34,6251.8
4.9698,232.21,6248.9
4.97,232.2,6247.9
4.9702,232.28,6247.7
4.9704,232.42,6246.6
4.9706,232.58,6246.3
4.9708,232.72,6246.2
4.971,232.8,6245
4.9712,232.84,6243.2
4.9714,232.83,6242.4
4.9716,232.76,6241.8
4.9718,232.62,6240.8
4.972,232.42,6238.3
4.9722,232.23,6234.5
4.9724,232.06,6232.1
4.9726,231.95,6233
4.9728,231.94,6235.2
4.973,232.01,6235.2
4.9732,232.16,6231.7
4.9734,232.32,6226.6
4.9736,232.44,6222.5
4.9738,232.47,6223
4.974,232.48,6225.7
4.9742,232.46,6229
4.9744,232.39,6229.5
4.9746,232.27,6227.8
4.9748,232.11,6225.9
4.975,231.94,6224.5
4.9752,231.8,6223.5
4.9754,231.71,6224.3
4.9756,231.68,6224.9
4.9758,231.78,6224
4.976,231.96,6220.9
4.9762,232.14,6217
4.9764,232.26,6217.3
4.9766,232.37,6224.3
4.9768,232.42,6231.4
4.977,232.36,6233.3
4.9772,232.25,6230.6
4.9774,232.13,6227.6
4.9776,231.97,6229.3
4.9778,231.81,6233.4
4.978,231.66,6236.6
4.9782,231.58,6237.1
4.9784,231.64,6233.3
4.9786,231.76,6229.7
4.9788,231.91,6228
4.979,232.03,6231.8
4.9792,232.11,6239.6
4.9794,232.21,6243.8
4.9796,232.3,6242.9
4.9798,232.32,6235.9
4.98,232.25,6228
4.9802,232.08,6225.5
4.9804,231.87,6232.9
4.9806,231.74,6253.6
4.9808,231.74,6267.2
4.981,231.82,6265
4.9812,231.98,6253.1
4.9814,232.2,6241.2
4.9816,232.3,6235.8
4.9818,232.31,6239.5
4.982,232.3,6251.5
4.9822,232.32,6262.9
4.9824,232.39,6265.2
4.9826,232.46,6258
4.9828,232.43,6248.6
4.983,232.33,6245.3
4.9832,232.17,6248.2
4.9834,232.03,6253.8
4.9836,231.96,6257.9
4.9838,231.95,6256.8
4.984,231.95,6251.3
4.9842,231.97,6246.4
4.9844,232.04,6246.5
4.9846,232.14,6250.4
4.9848,232.31,6254.1
4.985,232.46,6256.2
4.9852,232.54,6254.9
4.9854,232.51,6250.8
4.9856,232.36,6247.3
4.9858,232.15,6247.3
4.986,231.93,6248.4
4.9862,231.72,6248
4.9864,231.6,6248
4.9866,231.6,6249.1
4.9868,231.69,6248
4.987,231.84,6245.4
4.9872,231.99,6241.9
4.9874,232.12,6237.4
4.9876,232.2,6233.9
4.9878,232.23,6234.8
4.988,232.25,6239.4
4.9882,232.26,6244.1
4.9884,232.21,6244.8
4.9886,232.1,6241.6
4.9888,232.05,6235.6
4.989,232,6229.9
4.9892,231.93,6227.6
4.9894,231.86,6228.5
4.9896,231.83,6230.7
4.9898,231.86,6233.3
4.99,231.96,6233.4
4.9902,232.12,6229.9
4.9904,232.24,6226
4.9906,232.31,6226.1
4.9908,232.32,6230.5
4.991,232.23,6234.6
4.9912,232.09,6235.9
4.9914,231.92,6234.1
4.9916,231.75,6232.1
4.9918,231.66,6231.5
4.992,231.65,6234.2
4.9922,231.71,6238.2
4.9924,231.79,6238.5
4.9926,231.87,6233.5
4.9928,231.97,6228.7
4.993,232.09,6227.3
4.9932,232.18,6229.2
4.9934,232.22,6233.3
4.9936,232.22,6235.4
4.9938,232.18,6235.4
4.994,232.08,6233.1
4.9942,231.9,6229.6
4.9944,231.72,6226.6
4.9946,231.57,6227.9
4.9948,231.43,6231.2
4.995,231.37,6232.9
4.9952,231.38,6231.2
4.9954,231.47,6226.2
4.9956,231.6,6221.3
4.9958,231.73,6220.3
4.996,231.84,6224.5
4.9962,231.87,6231.1
4.9964,231.86,6235.1
4.9966,231.78,6235
4.9968,231.63,6231.8
4.997,231.52,6228.2
4.9972,231.43,6227.7
4.9974,231.38,6230.3
4.9976,231.36,6232.7
4.9978,231.35,6233.2
4.998,231.39,6231.4
4.9982,231.47,6229.3
4.9984,231.56,6228.8
4.9986,231.64,6231.2
4.9988,231.74,6234.3
4.999,231.87,6237.7
4.9992,232,6239.5
4.9994,231.99,6237.8
4.9996,231.77,6235
4.9998,231.49,6233.8
5,231.25,6237.1
5.0002,231.11,6242.9
5.0004,231.13,6245.2
5.0006,231.28,6241.8
5.0008,231.47,6236.5
5.001,231.62,6232.3
5.0012,231.67,6231.1
5.0014,231.67,6233.9
5.0016,231.63,6238.6
5.0018,231.63,6242.4
5.002,231.67,6244.7
5.0022,231.71,6242.6
5.0024,231.69,6239.8
5.0026,231.55,6238.3
5.0028,231.44,6237.2
5.003,231.33,6236.8
5.0032,231.26,6237.9
5.0034,231.24,6238.4
5.0036,231.3,6239.3
5.0038,231.47,6239
5.004,231.67,6238.4
5.0042,231.84,6238
5.0044,231.94,6236.9
5.0046,231.95,6233.9
5.0048,231.85,6233.2
5.005,231.72,6236
5.0052,231.6,6237.5
5.0054,231.46,6238
5.0056,231.39,6235.2
5.0058,231.34,6229.6
5.006,231.31,6224.7
5.0062,231.31,6225.4
5.0064,231.32,6231.3
5.0066,231.46,6235
5.0068,231.68,6233.5
5.007,231.9,6228.5
5.0072,232.02,6224.1
5.0074,232.02,6222.7
5.0076,231.9,6224.1
5.0078,231.69,6227.8
5.008,231.49,6231.1
5.0082,231.36,6234.4
5.0084,231.22,6234.3
5.0086,231.12,6232.5
5.0088,231.11,6232.3
5.009,231.18,6233.6
5.0092,231.31,6233.8
5.0094,231.49,6231.5
5.0096,231.66,6228.5
5.0098,231.78,6227.4
5.01,231.83,6228.1
5.0102,231.82,6231.5
5.0104,231.8,6234.3
5.0106,231.75,6234.6
5.0108,231.61,6232.3
5.011,231.4,6233.1
5.0112,231.18,6235.9
5.0114,231.02,6237.9
5.0116,230.95,6239
5.0118,231.01,6238.4
5.012,231.18,6237.9
5.0122,231.41,6239.7
5.0124,231.62,6241.6
5.0126,231.74,6243.6
5.0128,231.79,6245
5.013,231.74,6245.2
5.0132,231.62,6245.5
5.0134,231.51,6245.7
5.0136,231.42,6247
5.0138,231.28,6248
5.014,231.1,6248.4
5.0142,230.99,6248.6
5.0144,230.97,6249.1
5.0146,231.08,6247.3
5.0148,231.22,6246
5.015,231.33,6247.2
5.0152,231.45,6248.3
5.0154,231.54,6248.8
5.0156,231.61,6245.7
5.0158,231.66,6243.5
5.016,231.67,6242.3
5.0162,231.58,6242.4
5.0164,231.39,6242.3
5.0166,231.12,6241.7
5.0168,230.91,6242
5.017,230.82,6243.2
5.0172,230.87,6245.9
5.0174,231.12,6246.3
5.0176,231.42,6244.2
5.0178,231.61,6241.8
5.018,231.66,6241.4
5.0182,231.66,6240.9
5.0184,231.63,6241.5
5.0186,231.64,6243.5
5.0188,231.68,6244.8
5.019,231.68,6243.9
5.0192,231.61,6241.7
5.0194,231.4,6239.1
5.0196,231.16,6237
5.0198,231.01,6238.3
5.02,230.97,6240.6
5.0202,231.05,6241.1
5.0204,231.22,6240.4
5.0206,231.43,6237.8
5.0208,231.63,6234.4
5.021,231.76,6231.7
5.0212,231.8,6230.9
5.0214,231.74,6232.9
5.0216,231.64,6236.1
5.0218,231.53,6238.8
5.022,231.38,6237.9
5.0222,231.2,6234.9
5.0224,231.05,6232.3
5.0226,231,6231.2
5.0228,231.04,6231.1
5.023,231.15,6231.7
5.0232,231.29,6232.7
5.0234,231.42,6230.7
5.0236,231.5,6228
5.0238,231.56,6226.5
5.024,231.58,6228.1
5.0242,231.54,6231.9
5.0244,231.5,6235.1
5.0246,231.45,6235.3
5.0248,231.3,6232.6
5.025,231.18,6226.9
5.0252,231.07,6221.6
5.0254,230.96,6219.3
5.0256,230.9,6219.2
5.0258,230.94,6221.4
5.026,231.07,6223.2
5.0262,231.25,6224.7
5.0264,231.45,6224.9
5.0266,231.59,6223.2
5.0268,231.64,6221.5
5.027,231.62,6220.8
5.0272,231.52,6223.6
5.0274,231.4,6229.6
5.0276,231.27,6235.6
5.0278,231.13,6235.4
5.028,231.02,6232
5.0282,230.98,6228.7
5.0284,231.05,6226.4
5.0286,231.17,6223.2
5.0288,231.31,6221.5
5.029,231.37,6224.3
5.0292,231.44,6228.6
5.0294,231.54,6232.6
5.0296,231.62,6233.3
5.0298,231.66,6230.4
5.03,231.58,6227.2
5.0302,231.41,6227.7
5.0304,231.2,6232.6
5.0306,231.1,6238.4
5.0308,231.14,6241.3
5.031,231.17,6240.2
5.0312,231.22,6237.4
5.0314,231.28,6234.5
5.0316,231.36,6234.8
5.0318,231.47,6240.5
5.032,231.63,6248.4
5.0322,231.76,6254.1
5.0324,231.85,6253.5
5.0326,231.89,6250.2
5.0328,231.84,6248.2
5.033,231.76,6249.6
5.0332,231.59,6253.3
5.0334,231.43,6257.1
5.0336,231.36,6257.8
5.0338,231.38,6254
5.034,231.47,6249
5.0342,231.58,6245.5
5.0344,231.66,6244.5
5.0346,231.74,6247.3
5.0348,231.83,6251.7
5.035,231.93,6255.3
5.0352,232,6255.4
5.0354,232.04,6252.2
5.0356,232.01,6249.6
5.0358,231.88,6248.6
5.036,231.72,6250.6
5.0362,231.68,6252.9
5.0364,231.72,6252.3
5.0366,231.78,6251.6
5.0368,231.82,6252.2
5.037,231.88,6254
5.0372,231.98,6255.9
5.0374,232.09,6256.1
5.0376,232.24,6254.3
5.0378,232.35,6251
5.038,232.39,6250.8
5.0382,232.34,6254.2
5.0384,232.23,6259.7
5.0386,232.06,6261.8
5.0388,231.87,6261.4
5.039,231.78,6257.7
5.0392,231.79,6253.3
5.0394,231.87,6251.1
5.0396,232,6251.5
5.0398,232.13,6252.8
5.04,232.21,6255.2
5.0402,232.28,6257.5
5.0404,232.34,6257.8
5.0406,232.38,6257.4
5.0408,232.45,6256.5
5.041,232.44,6255
5.0412,232.32,6255
5.0414,232.14,6255.9
5.0416,231.9,6257.5
5.0418,231.75,6258.6
5.042,231.73,6260.3
5.0422,231.8,6260.3
5.0424,231.94,6258
5.0426,232.08,6255.1
5.0428,232.18,6256
5.043,232.24,6261.9
5.0432,232.31,6268.9
5.0434,232.47,6273.7
5.0436,232.59,6273.2
5.0438,232.64,6269.7
5.044,232.6,6268.6
5.0442,232.49,6271.5
5.0444,232.37,6276.6
5.0446,232.28,6277.7
5.0448,232.19,6276.6
5.045,232.15,6274.6
5.0452,232.21,6271.5
5.0454,232.35,6268.5
5.0456,232.49,6268.6
5.0458,232.62,6271.8
5.046,232.71,6274.7
5.0462,232.72,6274.7
5.0464,232.69,6274.3
5.0466,232.61,6274.8
5.0468,232.53,6276.2
5.047,232.41,6279.7
5.0472,232.25,6284.7
5.0474,232.2,6287.8
5.0476,232.26,6288.1
5.0478,232.37,6288.2
5.048,232.53,6286.6
5.0482,232.65,6285.9
5.0484,232.71,6287.6
5.0486,232.79,6290.7
5.0488,232.87,6293.4
5.049,232.99,6295.4
5.0492,233.09,6295.7
5.0494,233.12,6293.8
5.0496,233.01,6293.5
5.0498,232.79,6295.7
5.05,232.65,6297.8
5.0502,232.57,6294.8
5.0504,232.59,6289.3
5.0506,232.69,6286
5.0508,232.8,6285.5
5.051,232.85,6287.4
5.0512,232.87,6288
5.0514,232.93,6287
5.0516,232.99,6283.9
5.0518,233.04,6282
5.052,233.04,6284.4
5.0522,232.98,6290.2
5.0524,232.85,6292.8
5.0526,232.65,6292.3
5.0528,232.56,6289.2
5.053,232.59,6285.6
5.0532,232.66,6282.9
5.0534,232.73,6283.1
5.0536,232.79,6285.5
5.0538,232.87,6287.5
5.054,232.94,6287.3
5.0542,233.03,6284.1
5.0544,233.13,6281.4
5.0546,233.18,6278.5
5.0548,233.15,6276.7
5.055,233.01,6277.2
5.0552,232.78,6280.3
5.0554,232.52,6282.2
5.0556,232.46,6280.2
5.0558,232.52,6279.1
5.056,232.61,6277.1
5.0562,232.71,6273.9
5.0564,232.77,6271.3
5.0566,232.81,6270.8
5.0568,232.86,6270.1
5.057,232.91,6268.9
5.0572,232.97,6269.6
5.0574,233.02,6272.8
5.0576,233.05,6273.2
5.0578,232.99,6273
5.058,232.83,6272.5
5.0582,232.65,6270.9
5.0584,232.5,6268.5
5.0586,232.41,6268.4
5.0588,232.41,6269
5.059,232.49,6268.3
5.0592,232.63,6266.3
5.0594,232.75,6264.2
5.0596,232.83,6265.2
5.0598,232.9,6268.2
5.06,232.95,6274
5.0602,232.94,6279.9
5.0604,232.89,6281.8
5.0606,232.81,6278.9
5.0608,232.7,6275.4
5.061,232.53,6276.9
5.0612,232.4,6282.3
5.0614,232.32,6287.9
5.0616,232.29,6288.8
5.0618,232.38,6283.1
5.062,232.54,6275.2
5.0622,232.71,6271.1
5.0624,232.88,6274.9
5.0626,233.01,6283.8
5.0628,233.11,6290.8
5.063,233.16,6290.5
5.0632,233.12,6285
5.0634,232.97,6279.8
5.0636,232.83,6285.2
5.0638,232.76,6298
5.064,232.72,6304.1
5.0642,232.66,6299.7
5.0644,232.62,6290.5
5.0646,232.66,6286.7
5.0648,232.76,6291.9
5.065,232.89,6302
5.0652,233.06,6310.4
5.0654,233.23,6310
5.0656,233.34,6303.7
5.0658,233.35,6298.3
5.066,233.26,6298.5
5.0662,233.13,6301.2
5.0664,232.98,6303.9
5.0666,232.8,6304.7
5.0668,232.71,6301.7
5.067,232.65,6296.2
5.0672,232.65,6290.1
5.0674,232.7,6287.7
5.0676,232.79,6289
5.0678,232.9,6291.4
5.068,233,6290.2
5.0682,233.09,6286.3
5.0684,233.11,6282.8
5.0686,233.08,6281
5.0688,232.98,6281.7
5.069,232.81,6283.8
5.0692,232.61,6284.2
5.0694,232.43,6282.9
5.0696,232.27,6281.9
5.0698,232.15,6281.1
5.07,232.13,6279.3
5.0702,232.21,6277.2
5.0704,232.36,6274.2
5.0706,232.53,6270.5
5.0708,232.66,6267.1
5.071,232.74,6265.7
5.0712,232.76,6267.5
5.0714,232.74,6270.1
5.0716,232.67,6271.8
5.0718,232.55,6271.1
5.072,232.45,6268.1
5.0722,232.4,6263.5
5.0724,232.33,6261.5
5.0726,232.26,6262.9
5.0728,232.2,6264.8
5.073,232.16,6266.6
5.0732,232.21,6266.1
5.0734,232.35,6263.7
5.0736,232.5,6258.7
5.0738,232.62,6254.4
5.074,232.65,6253.6
5.0742,232.62,6257.2
5.0744,232.53,6263.1
5.0746,232.44,6266.8
5.0748,232.35,6265.4
5.075,232.3,6261.7
5.0752,232.24,6257.7
5.0754,232.15,6257.9
5.0756,232.09,6259.8
5.0758,232.11,6260
5.076,232.22,6259.1
5.0762,232.42,6257.6
5.0764,232.61,6254.6
5.0766,232.75,6252.2
5.0768,232.77,6252.8
5.077,232.7,6253.6
5.0772,232.57,6255.8
5.0774,232.43,6257.8
5.0776,232.25,6258.9
5.0778,232.11,6259.3
5.078,232.02,6262.7
5.0782,232.01,6266.4
5.0784,232.06,6267
5.0786,232.11,6263.9
5.0788,232.17,6261.3
5.079,232.27,6262.2
5.0792,232.42,6268
5.0794,232.57,6271.5
5.0796,232.68,6269.9
5.0798,232.72,6267.1
5.08,232.67,6262.2
5.0802,232.49,6258.6
5.0804,232.33,6262.2
5.0806,232.22,6271.7
5.0808,232.17,6278.5
5.081,232.22,6275.6
5.0812,232.38,6267.6
5.0814,232.57,6260.7
5.0816,232.66,6256.4
5.0818,232.66,6258.5
5.082,232.62,6263.3
5.0822,232.58,6266.5
5.0824,232.59,6265.5
5.0826,232.67,6261.3
5.0828,232.73,6258.4
5.083,232.66,6255.8
5.0832,232.52,6258.2
5.0834,232.46,6263.5
5.0836,232.4,6267.1
5.0838,232.34,6267.1
5.084,232.36,6262.6
5.0842,232.47,6258.6
5.0844,232.66,6258.1
5.0846,232.85,6261.1
5.0848,232.97,6262.9
5.085,233.02,6262.4
5.0852,233.02,6262
5.0854,232.98,6262.4
5.0856,232.91,6262.5
5.0858,232.78,6262
5.086,232.66,6260.4
5.0862,232.62,6257.7
5.0864,232.61,6255.3
5.0866,232.59,6254.2
5.0868,232.59,6254.6
5.087,232.6,6254.8
5.0872,232.67,6255
5.0874,232.8,6253.7
5.0876,232.97,6250.6
5.0878,233.07,6248.2
5.088,233.08,6250
5.0882,233.01,6255.3
5.0884,232.88,6257.8
5.0886,232.68,6257.6
5.0888,232.54,6254.1
5.089,232.47,6250.4
5.0892,232.46,6248.5
5.0894,232.51,6250.1
5.0896,232.6,6254
5.0898,232.75,6256.5
5.09,232.91,6253.5
5.0902,233.02,6247.2
5.0904,233.07,6241.3
5.0906,233.09,6240.2
5.0908,233.06,6243.3
5.091,233,6248.1
5.0912,232.91,6251.5
5.0914,232.78,6251.1
5.0916,232.62,6249.1
5.0918,232.54,6247.7
5.092,232.52,6249
5.0922,232.52,6250.7
5.0924,232.57,6251.4
5.0926,232.63,6253.3
5.0928,232.76,6254.7
5.093,232.92,6257.4
5.0932,233.05,6260
5.0934,233.12,6262
5.0936,233.15,6262.4
5.0938,233.11,6261
5.094,233.04,6258.8
5.0942,232.87,6258
5.0944,232.68,6259
5.0946,232.58,6260.4
5.0948,232.5,6262.3
5.095,232.51,6264.7
5.0952,232.59,6263.7
5.0954,232.7,6260.4
5.0956,232.83,6255.3
5.0958,232.94,6251.4
5.096,233.05,6250.7
5.0962,233.12,6253.9
5.0964,233.09,6259.8
5.0966,233,6263.1
5.0968,232.88,6261.2
5.097,232.71,6257
5.0972,232.58,6254.7
5.0974,232.52,6256
5.0976,232.53,6256.5
5.0978,232.61,6253.9
5.098,232.73,6250.5
5.0982,232.81,6247.1
5.0984,232.82,6247.5
5.0986,232.75,6250.5
5.0988,232.69,6254.1
5.099,232.71,6254.4
5.0992,232.75,6253.9
5.0994,232.75,6253.3
5.0996,232.72,6253.2
5.0998,232.59,6253.9
5.1,232.41,6256.4
5.1002,232.28,6258.4
5.1004,232.19,6258.5
5.1006,232.18,6258.2
5.1008,232.28,6255.7
5.101,232.43,6250.6
5.1012,232.59,6246.2
5.1014,232.7,6245.5
5.1016,232.72,6248.7
5.1018,232.68,6254.1
5.102,232.63,6258.2
5.1022,232.57,6258.6
5.1024,232.51,6254.3
5.1026,232.4,6249
5.1028,232.24,6247.6
5.103,232.09,6249.4
5.1032,231.98,6253.1
5.1034,231.97,6255.6
5.1036,232.04,6254
5.1038,232.17,6247.5
5.104,232.31,6241.8
5.1042,232.45,6238.4
5.1044,232.53,6241.6
5.1046,232.54,6249.5
5.1048,232.51,6256
5.105,232.45,6256
5.1052,232.34,6250.9
5.1054,232.23,6245.2
5.1056,232.18,6242
5.1058,232.17,6242.7
5.106,232.14,6246.8
5.1062,232.13,6250.5
5.1064,232.17,6248.4
5.1066,232.25,6244.6
5.1068,232.33,6241.2
5.107,232.41,6240.5
5.1072,232.47,6244.2
5.1074,232.53,6251.7
5.1076,232.59,6255.9
5.1078,232.58,6254
5.108,232.46,6250.4
5.1082,232.28,6249.1
5.1084,232.16,6249
5.1086,232.1,6249.6
5.1088,232.07,6251.1
5.109,232.12,6251.2
5.1092,232.23,6247.7
5.1094,232.37,6243.6
5.1096,232.52,6242.9
5.1098,232.63,6247.5
5.11,232.7,6252.9
5.1102,232.72,6254.4
5.1104,232.66,6251.6
5.1106,232.55,6248.2
5.1108,232.41,6248.4
5.111,232.23,6251.3
5.1112,232.08,6252.7
5.1114,231.98,6249.8
5.1116,231.95,6243.1
5.1118,231.95,6238.3
5.112,231.97,6238.7
5.1122,232.04,6244.5
5.1124,232.13,6250.4
5.1126,232.24,6251.8
5.1128,232.34,6247.7
5.113,232.39,6242.6
5.1132,232.38,6239.3
5.1134,232.24,6241.3
5.1136,232.07,6247.3
5.1138,231.98,6255
5.114,231.98,6259
5.1142,232.01,6258.4
5.1144,232.03,6255.7
5.1146,232.08,6252.9
5.1148,232.17,6251.3
5.115,232.26,6254.8
5.1152,232.34,6258.7
5.1154,232.4,6261.7
5.1156,232.41,6261.4
5.1158,232.39,6260.3
5.116,232.34,6258.3
5.1162,232.28,6256.4
5.1164,232.19,6256
5.1166,232.08,6255.1
5.1168,231.98,6256.2
5.117,231.93,6260.6
5.1172,231.92,6266
5.1174,231.98,6267.1
5.1176,232.09,6263.3
5.1178,232.25,6256.7
5.118,232.39,6250.1
5.1182,232.52,6247.9
5.1184,232.61,6252.5
5.1186,232.63,6259.8
5.1188,232.57,6263.9
5.119,232.44,6261
5.1192,232.26,6254.6
5.1194,232.06,6248.3
5.1196,231.86,6245.9
5.1198,231.71,6248.9
5.12,231.65,6254.4
5.1202,231.71,6259.1
5.1204,231.87,6257
5.1206,232.06,6249.4
5.1208,232.2,6241.7
5.121,232.32,6237.7
5.1212,232.34,6240.1
5.1214,232.29,6246.8
5.1216,232.2,6254.3
5.1218,232.08,6255.2
5.122,231.98,6250.1
5.1222,231.91,6242.1
5.1224,231.87,6235.9
5.1226,231.81,6236.2
5.1228,231.78,6241
5.123,231.8,6246.1
5.1232,231.86,6246.8
5.1234,231.99,6242.9
5.1236,232.12,6238
5.1238,232.24,6235.2
5.124,232.32,6236.1
5.1242,232.32,6241.2
5.1244,232.28,6246.2
5.1246,232.15,6248.1
5.1248,231.98,6246.1
5.125,231.79,6243.4
5.1252,231.66,6242.9
5.1254,231.58,6244.1
5.1256,231.59,6244.1
5.1258,231.69,6242.1
5.126,231.85,6239.7
5.1262,232,6241.8
5.1264,232.1,6248.4
5.1266,232.18,6255.9
5.1268,232.25,6257.1
5.127,232.27,6253.9
5.1272,232.25,6250.2
5.1274,232.14,6252.6
5.1276,231.99,6259.6
5.1278,231.87,6264.6
5.128,231.81,6266.3
5.1282,231.79,6267.1
5.1284,231.82,6265
5.1286,231.92,6261.4
5.1288,232.04,6258.6
5.129,232.2,6258
5.1292,232.36,6259.5
5.1294,232.47,6261.1
5.1296,232.53,6262.2
5.1298,232.49,6262.5
5.13,232.4,6262.8
5.1302,232.28,6265.3
5.1304,232.16,6270.4
5.1306,232.2,6273.8
5.1308,232.31,6271.7
5.131,232.3,6269.2
5.1312,232.29,6268
5.1314,232.34,6266.7
5.1316,232.41,6269.3
5.1318,232.57,6276.2
5.132,232.85,6281.5
5.1322,233.07,6282.2
5.1324,233.11,6279.6
5.1326,233.02,6278.8
5.1328,232.79,6277.2
5.133,232.53,6276.8
5.1332,232.33,6277.8
5.1334,232.17,6278.6
5.1336,232.04,6277.6
5.1338,231.99,6276.1
5.134,232.04,6274.2
5.1342,232.2,6274.1
5.1344,232.43,6273.5
5.1346,232.61,6272
5.1348,232.72,6269.6
5.135,232.71,6269.1
5.1352,232.64,6270.2
5.1354,232.59,6274.1
5.1356,232.56,6277
5.1358,232.5,6276
5.136,232.36,6270.4
5.1362,232.22,6263.9
5.1364,232.05,6262.3
5.1366,231.95,6264.4
5.1368,231.97,6268.8
5.137,232.12,6269.9
5.1372,232.35,6267.4
5.1374,232.53,6261.7
5.1376,232.6,6255.6
5.1378,232.56,6254.8
5.138,232.44,6258.5
5.1382,232.33,6264.3
5.1384,232.26,6266.8
5.1386,232.18,6266.5
5.1388,232.08,6264
5.139,232,6261.3
5.1392,231.94,6258
5.1394,231.96,6258.2
5.1396,232.03,6261.1
5.1398,232.15,6263.9
5.14,232.3,6263.5
5.1402,232.44,6259.6
5.1404,232.52,6255.5
5.1406,232.54,6254.8
5.1408,232.52,6258.1
5.141,232.47,6263.3
5.1412,232.36,6265.8
5.1414,232.24,6264.7
5.1416,232.1,6260.3
5.1418,231.93,6255.7
5.142,231.81,6254.8
5.1422,231.82,6260
5.1424,231.91,6265.6
5.1426,232.07,6268.1
5.1428,232.23,6264.4
5.143,232.32,6258.6
5.1432,232.38,6255.3
5.1434,232.4,6257.1
5.1436,232.37,6263
5.1438,232.36,6270.2
5.144,232.34,6274.4
5.1442,232.26,6276.3
5.1444,232.11,6275.5
5.1446,232,6271.1
5.1448,231.94,6266.3
5.145,231.93,6265.4
5.1452,231.98,6267.6
5.1454,232.04,6268.8
5.1456,232.09,6270.6
5.1458,232.18,6273.3
5.146,232.3,6274.7
5.1462,232.41,6274.5
5.1464,232.5,6274.2
5.1466,232.48,6272.9
5.1468,232.33,6269.6
5.147,232.09,6270.7
5.1472,231.92,6276.3
5.1474,231.88,6279.4
5.1476,231.92,6277.8
5.1478,232,6275.6
5.148,232.1,6273.9
5.1482,232.22,6270.9
5.1484,232.33,6269.6
5.1486,232.46,6271.8
5.1488,232.6,6275.3
5.149,232.66,6278.7
5.1492,232.64,6278.1
5.1494,232.55,6274.5
5.1496,232.37,6269
5.1498,232.22,6266.1
5.15,232.09,6269.3
5.1502,231.96,6273.5
5.1504,231.88,6275.2
5.1506,231.87,6274.1
5.1508,231.94,6270.7
5.151,232.09,6265.7
5.1512,232.25,6262.4
5.1514,232.36,6261.5
5.1516,232.42,6264.6
5.1518,232.4,6270.1
5.152,232.33,6275
5.1522,232.28,6276
5.1524,232.22,6273
5.1526,232.15,6268.2
5.1528,232.02,6265.1
5.153,231.9,6265.2
5.1532,231.81,6267.7
5.1534,231.78,6270.1
5.1536,231.83,6271.1
5.1538,231.99,6267.5
5.154,232.19,6261
5.1542,232.34,6255.4
5.1544,232.4,6254.9
5.1546,232.39,6257.9
5.1548,232.32,6260.8
5.155,232.21,6262.5
5.1552,232.09,6262.1
5.1554,231.97,6258.9
5.1556,231.87,6254.4
5.1558,231.79,6251
5.156,231.75,6251.5
5.1562,231.73,6254.6
5.1564,231.8,6255.5
5.1566,231.93,6252.3
5.1568,232.06,6247.2
5.157,232.18,6243.6
5.1572,232.25,6244.1
5.1574,232.27,6247.6
5.1576,232.24,6250.8
5.1578,232.17,6251.9
5.158,232.04,6250.9
5.1582,231.88,6249.8
5.1584,231.71,6248.5
5.1586,231.57,6249.4
5.1588,231.49,6253
5.159,231.51,6255
5.1592,231.65,6255.2
5.1594,231.84,6256.5
5.1596,232.05,6256.5
5.1598,232.17,6255.4
5.16,232.17,6256.1
5.1602,232.13,6258.9
5.1604,232.09,6260.3
5.1606,232.09,6260.6
5.1608,232.09,6260.3
5.161,232.01,6262.2
5.1612,231.91,6264
5.1614,231.91,6263.7
5.1616,231.91,6260.5
5.1618,231.92,6260.9
5.162,232.01,6266.5
5.1622,232.14,6271.2
5.1624,232.3,6274.1
5.1626,232.43,6276.1
5.1628,232.54,6275.4
5.163,232.59,6273
5.1632,232.57,6272
5.1634,232.5,6273
5.1636,232.36,6273
5.1638,232.14,6274.8
5.164,231.96,6277.6
5.1642,231.97,6279.3
5.1644,232.09,6278.9
5.1646,232.28,6278.8
5.1648,232.48,6278.3
5.165,232.57,6277.7
5.1652,232.58,6277.9
5.1654,232.63,6280.4
5.1656,232.73,6283.3
5.1658,232.83,6283.4
5.166,232.87,6279.8
5.1662,232.84,6275.3
5.1664,232.66,6273.5
5.1666,232.52,6274.6
5.1668,232.36,6276.8
5.167,232.24,6279.3
5.1672,232.21,6281.4
5.1674,232.25,6280.3
5.1676,232.35,6276.9
5.1678,232.5,6275.4
5.168,232.67,6277.1
5.1682,232.78,6279.7
5.1684,232.83,6281.6
5.1686,232.84,6280.8
5.1688,232.77,6280.1
5.169,232.68,6280
5.1692,232.59,6278.6
5.1694,232.6,6277.6
5.1696,232.64,6276.6
5.1698,232.64,6273.5
5.17,232.57,6270.7
5.1702,232.5,6270.9
5.1704,232.51,6271.5
5.1706,232.62,6272.6
5.1708,232.82,6273.1
5.171,233,6272.4
5.1712,233.11,6271.2
5.1714,233.12,6271.3
5.1716,233.03,6270.5
5.1718,232.89,6271.3
5.172,232.68,6273.1
5.1722,232.48,6273.4
5.1724,232.42,6270.2
5.1726,232.47,6265
5.1728,232.56,6261.1
5.173,232.6,6260.5
5.1732,232.62,6261.9
5.1734,232.61,6261.2
5.1736,232.62,6258.2
5.1738,232.69,6254.2
5.174,232.76,6254
5.1742,232.8,6257.9
5.1744,232.82,6261.4
5.1746,232.68,6262.2
5.1748,232.48,6259.7
5.175,232.31,6256.6
5.1752,232.21,6254.6
5.1754,232.21,6254.2
5.1756,232.28,6257.6
5.1758,232.41,6262.3
5.176,232.53,6265.2
5.1762,232.63,6264.7
5.1764,232.74,6263.3
5.1766,232.84,6262.7
5.1768,232.88,6264.4
5.177,232.9,6267.9
5.1772,232.89,6272.1
5.1774,232.85,6270.7
5.1776,232.7,6268
5.1778,232.51,6266.2
5.178,232.42,6267.2
5.1782,232.43,6270.7
5.1784,232.54,6273.8
5.1786,232.69,6273.7
5.1788,232.78,6272.6
5.179,232.85,6270.2
5.1792,232.96,6267.9
5.1794,233.03,6268.7
5.1796,233.13,6275.8
5.1798,233.22,6285.4
5.18,233.19,6291.1
5.1802,233.04,6289.6
5.1804,232.83,6285.3
5.1806,232.68,6280.9
5.1808,232.61,6278.2
5.181,232.6,6280.1
5.1812,232.65,6285.3
5.1814,232.74,6289.7
5.1816,232.83,6290.2
5.1818,232.96,6287.9
5.182,233.09,6284.9
5.1822,233.23,6281
5.1824,233.26,6278.6
5.1826,233.18,6279.7
5.1828,233.06,6282.9
5.183,232.9,6284.3
5.1832,232.73,6284.4
5.1834,232.51,6286.9
5.1836,232.37,6287.9
5.1838,232.33,6285
5.184,232.35,6279
5.1842,232.46,6271.9
5.1844,232.62,6267.3
5.1846,232.76,6268.1
5.1848,232.85,6272.6
5.185,232.87,6276.3
5.1852,232.84,6276.4
5.1854,232.78,6273.4
5.1856,232.67,6270.1
5.1858,232.52,6267.6
5.186,232.38,6264.3
5.1862,232.25,6262.5
5.1864,232.16,6263.3
5.1866,232.08,6267.8
5.1868,232.13,6270.9
5.187,232.3,6268.2
5.1872,232.51,6260.4
5.1874,232.7,6252.5
5.1876,232.81,6249.3
5.1878,232.8,6252.8
5.188,232.74,6261
5.1882,232.68,6267.8
5.1884,232.59,6267.9
5.1886,232.47,6261.5
5.1888,232.31,6251.8
5.189,232.14,6243.4
5.1892,232,6241.5
5.1894,231.91,6246.6
5.1896,231.91,6251.6
5.1898,232.01,6251.9
5.19,232.16,6247.1
5.1902,232.33,6241.9
5.1904,232.45,6239.2
5.1906,232.5,6240.6
5.1908,232.49,6246.4
5.191,232.45,6251.7
5.1912,232.39,6253.6
5.1914,232.31,6251.7
5.1916,232.17,6248.3
5.1918,231.99,6246
5.192,231.88,6247.1
5.1922,231.84,6253.3
5.1924,231.89,6259
5.1926,232.03,6258.4
5.1928,232.22,6254
5.193,232.41,6248.6
5.1932,232.59,6244
5.1934,232.64,6245.8
5.1936,232.59,6252.6
5.1938,232.49,6261.1
5.194,232.31,6265.5
5.1942,232.14,6263.5
5.1944,232.1,6263.6
5.1946,232.24,6262.7
5.1948,232.38,6261.1
5.195,232.37,6261.4
5.1952,232.39,6263.1
5.1954,232.45,6263
5.1956,232.54,6263.5
5.1958,232.7,6267.4
5.196,232.93,6270.4
5.1962,233.12,6267.3
5.1964,233.17,6260.9
5.1966,233.11,6256.2
5.1968,232.93,6257.4
5.197,232.67,6263.7
5.1972,232.44,6268.3
5.1974,232.43,6267.5
5.1976,232.52,6262.9
5.1978,232.64,6256.7
5.198,232.75,6252.4
5.1982,232.82,6255.2
5.1984,232.91,6263.8
5.1986,232.99,6268.7
5.1988,233.04,6267.2
5.199,233.13,6262.8
5.1992,233.2,6260.7
5.1994,233.21,6259.2
5.1996,233.13,6260.4
5.1998,232.94,6264.5
5.2,232.71,6270
5.2002,232.56,6272.3
5.2004,232.53,6270.5
5.2006,232.59,6263.9
5.2008,232.71,6256.6
5.201,232.83,6251.7
5.2012,232.96,6251.3
5.2014,233.05,6252.6
5.2016,233.09,6253.3
5.2018,233.08,6253.4
5.202,233,6252.8
5.2022,232.92,6250.7
5.2024,232.81,6248.8
5.2026,232.65,6249.5
5.2028,232.57,6251.8
5.203,232.52,6252.5
5.2032,232.51,6252.8
5.2034,232.59,6253.4
5.2036,232.71,6254.4
5.2038,232.87,6255.4
5.204,233.06,6256.5
5.2042,233.19,6256.4
5.2044,233.29,6256
5.2046,233.33,6255.4
5.2048,233.32,6255.2
5.205,233.25,6255.5
5.2052,233.15,6257
5.2054,233,6256.8
5.2056,232.88,6254
5.2058,232.82,6251.2
5.206,232.78,6250.9
5.2062,232.79,6251.3
5.2064,232.86,6251.7
5.2066,232.97,6251.2
5.2068,233.12,6249.6
5.207,233.26,6247.8
5.2072,233.33,6248
5.2074,233.32,6250.1
5.2076,233.26,6252
5.2078,233.14,6252.8
5.208,233.02,6252.6
5.2082,232.89,6250.9
5.2084,232.71,6247.9
5.2086,232.62,6247.4
5.2088,232.62,6253.1
5.209,232.72,6259.5
5.2092,232.88,6261.9
5.2094,233.05,6262.3
5.2096,233.21,6259.3
5.2098,233.34,6255.3
5.21,233.43,6254.6
5.2102,233.44,6257.7
5.2104,233.39,6262.5
5.2106,233.3,6264
5.2108,233.19,6266.4
5.211,233.15,6266.8
5.2112,233.22,6261.9
5.2114,233.24,6254.4
5.2116,233.18,6249.9
5.2118,233.13,6248.9
5.212,233.11,6247.8
5.2122,233.15,6249.6
5.2124,233.3,6255.4
5.2126,233.48,6259.2
5.2128,233.57,6261.4
5.213,233.6,6263
5.2132,233.59,6263
5.2134,233.45,6260.6
5.2136,233.23,6258.6
5.2138,232.99,6259.3
5.214,232.79,6264.6
5.2142,232.72,6271.8
5.2144,232.8,6275.7
5.2146,232.94,6274.8
5.2148,233.09,6271.2
5.215,233.24,6266.3
5.2152,233.36,6264.4
5.2154,233.45,6268.3
5.2156,233.48,6275.1
5.2158,233.48,6280.9
5.216,233.45,6281.9
5.2162,233.38,6277.2
5.2164,233.3,6272.7
5.2166,233.11,6275.2
5.2168,232.97,6283.7
5.217,232.92,6291
5.2172,233.02,6289.9
5.2174,233.24,6281.5
5.2176,233.4,6271.5
5.2178,233.45,6264.5
5.218,233.41,6264.2
5.2182,233.35,6272.3
5.2184,233.36,6281.5
5.2186,233.41,6285.4
5.2188,233.46,6282
5.219,233.44,6273.3
5.2192,233.31,6266.3
5.2194,233.19,6263.2
5.2196,233.11,6265.7
5.2198,233.07,6271.5
5.22,233.08,6275.1
5.2202,233.15,6275.5
5.2204,233.3,6271.5
5.2206,233.46,6267.2
5.2208,233.58,6265
5.221,233.65,6265
5.2212,233.65,6267.3
5.2214,233.63,6269.6
5.2216,233.57,6271.4
5.2218,233.51,6272.8
5.222,233.42,6273.5
5.2222,233.25,6271.4
5.2224,233.09,6268.5
5.2226,233.02,6266.4
5.2228,233.1,6265.7
5.223,233.29,6265.4
5.2232,233.49,6265.3
5.2234,233.65,6265.3
5.2236,233.73,6265.4
5.2238,233.77,6265
5.224,233.73,6267.6
5.2242,233.7,6272.2
5.2244,233.71,6273.8
5.2246,233.7,6270.7
5.2248,233.61,6266.4
5.225,233.45,6264
5.2252,233.23,6263.9
5.2254,233.05,6264.8
5.2256,233,6265.8
5.2258,233.12,6267.6
5.226,233.32,6273.5
5.2262,233.58,6279.7
5.2264,233.78,6280.9
5.2266,233.84,6277.8
5.2268,233.8,6273.3
5.227,233.73,6269.7
5.2272,233.63,6271.1
5.2274,233.52,6277.4
5.2276,233.37,6283.7
5.2278,233.27,6282.9
5.228,233.24,6280.4
5.2282,233.24,6277.5
5.2284,233.26,6276.8
5.2286,233.29,6277.5
5.2288,233.34,6280.1
5.229,233.42,6285.7
5.2292,233.5,6291.4
5.2294,233.61,6294.1
5.2296,233.75,6293.7
5.2298,233.87,6289.7
5.23,233.88,6285.3
5.2302,233.73,6286.4
5.2304,233.48,6293.9
5.2306,233.27,6300
5.2308,233.16,6301.7
5.231,233.22,6299.2
5.2312,233.38,6292.9
5.2314,233.53,6286.9
5.2316,233.63,6288.4
5.2318,233.7,6293.5
5.232,233.75,6298.3
5.2322,233.83,6299.4
5.2324,233.92,6297.7
5.2326,233.96,6294
5.2328,233.88,6291.6
5.233,233.68,6291.6
5.2332,233.44,6294.4
5.2334,233.19,6298.3
5.2336,233.02,6300.2
5.2338,233.01,6298.8
5.234,233.15,6293
5.2342,233.34,6287.2
5.2344,233.51,6284.7
5.2346,233.6,6286.8
5.2348,233.61,6290.6
5.235,233.6,6291
5.2352,233.59,6289.6
5.2354,233.56,6288.1
5.2356,233.49,6286.3
5.2358,233.35,6284.1
5.236,233.2,6282.4
5.2362,233.12,6283.2
5.2364,233.07,6283.8
5.2366,233.04,6282.2
5.2368,233.03,6278.9
5.237,233.08,6276
5.2372,233.2,6276
5.2374,233.39,6277.5
5.2376,233.57,6279.7
5.2378,233.68,6279.5
5.238,233.7,6278.3
5.2382,233.64,6277.1
5.2384,233.5,6276.9
5.2386,233.35,6277.3
5.2388,233.26,6278
5.239,233.17,6277.4
5.2392,233.09,6275.6
5.2394,233.05,6273.5
5.2396,233.08,6272.7
5.2398,233.21,6273.9
5.24,233.41,6274.6
5.2402,233.62,6274.3
5.2404,233.78,6272.6
5.2406,233.87,6269
5.2408,233.81,6265.9
5.241,233.65,6266.6
5.2412,233.44,6271.7
5.2414,233.26,6273.8
5.2416,233.18,6270.5
5.2418,233.11,6264.9
5.242,233.02,6260.9
5.2422,232.96,6261.1
5.2424,232.97,6264.2
5.2426,233.07,6267.3
5.2428,233.24,6267.7
5.243,233.43,6263.8
5.2432,233.57,6261.1
5.2434,233.62,6261.9
5.2436,233.59,6264.2
5.2438,233.5,6265.5
5.244,233.34,6267.1
5.2442,233.15,6268.1
5.2444,232.99,6267.2
5.2446,232.9,6267.2
5.2448,232.84,6268
5.245,232.79,6265.6
5.2452,232.81,6260.5
5.2454,232.92,6257.9
5.2456,233.07,6259
5.2458,233.2,6262.3
5.246,233.32,6266.1
5.2462,233.35,6269.3
5.2464,233.31,6268.1
5.2466,233.2,6263.2
5.2468,233.02,6263.7
5.247,232.84,6271.4
5.2472,232.71,6279.7
5.2474,232.61,6283.7
5.2476,232.53,6285.6
5.2478,232.49,6284.1
5.248,232.56,6280.2
5.2482,232.73,6279.2
5.2484,232.95,6281.5
5.2486,233.18,6284.6
5.2488,233.38,6285.9
5.249,233.45,6286.8
5.2492,233.41,6287.1
5.2494,233.31,6284
5.2496,233.14,6279.8
5.2498,233.01,6279.8
5.25,232.91,6280.8
5.2502,232.85,6279.6
5.2504,232.82,6278.5
5.2506,232.81,6276.2
5.2508,232.77,6272.7
5.251,232.78,6269.7
5.2512,232.86,6269.3
5.2514,233.03,6270.5
5.2516,233.2,6270
5.2518,233.31,6268.6
5.252,233.29,6267
5.2522,233.12,6266.2
5.2524,232.9,6265.8
5.2526,232.7,6264.7
5.2528,232.56,6263.2
5.253,232.43,6261.9
5.2532,232.41,6261.4
5.2534,232.49,6261.6
5.2536,232.58,6261.7
5.2538,232.67,6259.6
5.254,232.76,6256.3
5.2542,232.82,6252.6
5.2544,232.86,6251.9
5.2546,232.89,6253.3
5.2548,232.87,6255
5.255,232.81,6256.3
5.2552,232.72,6255.3
5.2554,232.59,6251.8
5.2556,232.4,6249
5.2558,232.24,6248.7
5.256,232.16,6249.2
5.2562,232.2,6248.9
5.2564,232.31,6248.4
5.2566,232.45,6247.3
5.2568,232.59,6245.5
5.257,232.71,6244.3
5.2572,232.81,6244
5.2574,232.88,6244.4
5.2576,232.89,6244.8
5.2578,232.84,6245.2
5.258,232.72,6246.1
5.2582,232.49,6246.8
5.2584,232.31,6245.4
5.2586,232.23,6242.7
5.2588,232.23,6241
5.259,232.29,6242.7
5.2592,232.39,6244.1
5.2594,232.49,6245.8
5.2596,232.61,6247.3
5.2598,232.78,6245.1
5.26,232.85,6240.8
5.2602,232.84,6238.8
5.2604,232.79,6239.5
5.2606,232.64,6242.3
5.2608,232.46,6246.2
5.261,232.27,6252.6
5.2612,232.19,6256.5
5.2614,232.2,6253.2
5.2616,232.22,6247.6
5.2618,232.3,6244.2
5.262,232.41,6244.7
5.2622,232.54,6248
5.2624,232.71,6253.8
5.2626,232.84,6259.4
5.2628,232.98,6257.7
5.263,233.05,6252.6
5.2632,233.02,6248
5.2634,232.93,6247.2
5.2636,232.8,6251.8
5.2638,232.73,6260.5
5.264,232.71,6267.1
5.2642,232.7,6265.8
5.2644,232.68,6261.4
5.2646,232.69,6258.1
5.2648,232.79,6257
5.265,232.99,6259.2
5.2652,233.25,6263.5
5.2654,233.44,6266.4
5.2656,233.49,6263.9
5.2658,233.43,6260.3
5.266,233.32,6258.2
5.2662,233.21,6260.6
5.2664,233.12,6263.9
5.2666,233,6266.2
5.2668,232.91,6268.1
5.267,232.87,6268.6
5.2672,232.85,6266.7
5.2674,232.91,6262.4
5.2676,233.03,6257.7
5.2678,233.16,6254.8
5.268,233.27,6255.2
5.2682,233.34,6258.3
5.2684,233.39,6260.9
5.2686,233.41,6259.8
5.2688,233.38,6256.2
5.269,233.26,6252.8
5.2692,233.05,6250.7
5.2694,232.8,6251.7
5.2696,232.69,6254.4
5.2698,232.7,6256.6
5.27,232.82,6257
5.2702,233,6254.2
5.2704,233.15,6250.9
5.2706,233.26,6248.2
5.2708,233.32,6247
5.271,233.35,6248.4
5.2712,233.4,6250.8
5.2714,233.43,6251.8
5.2716,233.43,6252.5
5.2718,233.4,6252.8
5.272,233.27,6251
5.2722,233.05,6248.3
5.2724,232.87,6246.9
5.2726,232.79,6246.9
5.2728,232.8,6248.2
5.273,232.89,6249.6
5.2732,233.08,6249.3
5.2734,233.24,6247
5.2736,233.38,6243.5
5.2738,233.47,6241.3
5.274,233.48,6241.1
5.2742,233.44,6244.4
5.2744,233.38,6246.2
5.2746,233.26,6245.6
5.2748,233.09,6244.7
5.275,232.97,6245.9
5.2752,232.93,6247.7
5.2754,232.94,6248.2
5.2756,232.96,6247.7
5.2758,233.06,6247.6
5.276,233.2,6247.8
5.2762,233.34,6246.4
5.2764,233.46,6246
5.2766,233.55,6246.4
5.2768,233.59,6248.2
5.277,233.58,6250.4
5.2772,233.53,6250.5
5.2774,233.42,6249.8
5.2776,233.25,6248.3
5.2778,233.03,6245.4
5.278,232.88,6243.4
5.2782,232.84,6245.7
5.2784,232.87,6247.8
5.2786,232.96,6249.4
5.2788,233.12,6250.4
5.279,233.29,6251.6
5.2792,233.44,6251.7
5.2794,233.52,6250.3
5.2796,233.55,6247.7
5.2798,233.53,6247.2
5.28,233.44,6249.4
5.2802,233.3,6254.3
5.2804,233.07,6258.4
5.2806,232.86,6258.5
5.2808,232.76,6255.1
5.281,232.78,6251.4
5.2812,232.92,6247.7
5.2814,233.12,6246.4
5.2816,233.32,6248.6
5.2818,233.46,6255.6
5.282,233.55,6260.1
5.2822,233.67,6259.3
5.2824,233.72,6256.8
5.2826,233.71,6253.9
5.2828,233.62,6251.3
5.283,233.45,6251.6
5.2832,233.26,6257.2
5.2834,233.09,6260.6
5.2836,232.99,6256.5
5.2838,232.92,6251
5.284,232.95,6248.2
5.2842,233.06,6245.9
5.2844,233.2,6245.2
5.2846,233.33,6245.8
5.2848,233.43,6245.1
5.285,233.47,6241.3
5.2852,233.43,6238.9
5.2854,233.36,6239
5.2856,233.26,6240.3
5.2858,233.15,6240.9
5.286,232.99,6241.7
5.2862,232.8,6240
5.2864,232.61,6236.5
5.2866,232.5,6234.3
5.2868,232.53,6234.4
5.287,232.69,6235.6
5.2872,232.91,6236
5.2874,233.13,6234.2
5.2876,233.28,6231.3
5.2878,233.33,6228.9
5.288,233.27,6231.2
5.2882,233.18,6235.3
5.2884,233.06,6239.4
5.2886,232.94,6239.7
5.2888,232.84,6236.3
5.289,232.73,6232.3
5.2892,232.64,6230.7
5.2894,232.64,6231.1
5.2896,232.7,6232.9
5.2898,232.86,6233.5
5.29,233.02,6231.7
5.2902,233.13,6228.6
5.2904,233.16,6227.4
5.2906,233.15,6229.3
5.2908,233.13,6232.2
5.291,233.11,6234.5
5.2912,233.06,6233
5.2914,232.92,6229.2
5.2916,232.79,6227.4
5.2918,232.65,6227.7
5.292,232.47,6231
5.2922,232.38,6236
5.2924,232.42,6240
5.2926,232.59,6237.5
5.2928,232.8,6234.4
5.293,233.01,6232.9
5.2932,233.16,6232.2
5.2934,233.18,6234.1
5.2936,233.13,6237.2
5.2938,233.07,6241.3
5.294,232.97,6245.5
5.2942,232.85,6247.3
5.2944,232.75,6246.5
5.2946,232.69,6243.2
5.2948,232.67,6239.1
5.295,232.71,6238
5.2952,232.76,6239.2
5.2954,232.82,6240.5
5.2956,232.88,6242
5.2958,232.97,6242
5.296,233.07,6240.7
5.2962,233.15,6239.2
5.2964,233.17,6237.8
5.2966,233.09,6239.5
5.2968,232.91,6244.8
5.297,232.72,6248.6
5.2972,232.61,6247.2
5.2974,232.55,6244
5.2976,232.56,6242.8
5.2978,232.6,6243.3
5.298,232.68,6248
5.2982,232.82,6255.9
5.2984,233.05,6258.8
5.2986,233.26,6255.4
5.2988,233.39,6252
5.299,233.45,6249.6
5.2992,233.47,6249.6
5.2994,233.46,6252.4
5.2996,233.36,6256.9
5.2998,233.14,6257.8
5.3,232.93,6257
5.3002,232.78,6257.6
5.3004,232.77,6257.6
5.3006,232.84,6255.8
5.3008,232.99,6255.3
5.301,233.17,6255.3
5.3012,233.36,6254.9
5.3014,233.5,6254.4
5.3016,233.55,6254.4
5.3018,233.55,6254.3
5.302,233.5,6255.6
5.3022,233.46,6255.7
5.3024,233.37,6253
5.3026,233.19,6250.4
5.3028,233.03,6249.3
5.303,232.95,6251.3
5.3032,232.94,6254.4
5.3034,233.03,6253.8
5.3036,233.17,6249.8
5.3038,233.27,6246.5
5.304,233.36,6245.7
5.3042,233.42,6247.8
5.3044,233.46,6251.8
5.3046,233.5,6254.5
5.3048,233.53,6254.5
5.305,233.5,6253.3
5.3052,233.42,6251.6
5.3054,233.26,6250.9
5.3056,233.13,6251.9
5.3058,233.09,6255.3
5.306,233.16,6257.6
5.3062,233.27,6257
5.3064,233.39,6254.1
5.3066,233.51,6252.3
5.3068,233.6,6251
5.307,233.68,6250.3
5.3072,233.72,6251.6
5.3074,233.74,6253.3
5.3076,233.73,6253
5.3078,233.64,6251.5
5.308,233.47,6250.9
5.3082,233.24,6251.4
5.3084,233.09,6255.2
5.3086,233.1,6258.9
5.3088,233.22,6258.8
5.309,233.37,6256.1
5.3092,233.5,6254
5.3094,233.6,6253.5
5.3096,233.67,6253
5.3098,233.75,6253.6
5.31,233.79,6254.5
5.3102,233.82,6253.7
5.3104,233.8,6253.2
5.3106,233.74,6254.3
5.3108,233.63,6255.8
5.311,233.39,6258.6
5.3112,233.24,6261.4
5.3114,233.24,6261.3
5.3116,233.33,6258.3
5.3118,233.45,6254.2
5.312,233.61,6253.7
5.3122,233.73,6256.3
5.3124,233.8,6258.1
5.3126,233.86,6258.6
5.3128,233.85,6259.3
5.313,233.83,6258.6
5.3132,233.77,6257.3
5.3134,233.66,6256.8
5.3136,233.53,6256.6
5.3138,233.34,6259.8
5.314,233.23,6262.7
5.3142,233.2,6263.6
5.3144,233.23,6261.6
5.3146,233.34,6257.2
5.3148,233.47,6254.4
5.315,233.61,6258.5
5.3152,233.75,6260.6
5.3154,233.83,6259.6
5.3156,233.87,6255.6
5.3158,233.87,6252
5.316,233.79,6250.6
5.3162,233.64,6252
5.3164,233.43,6254.6
5.3166,233.25,6256.5
5.3168,233.08,6257.5
5.317,232.99,6256.9
5.3172,233.01,6257.5
5.3174,233.15,6257.8
5.3176,233.38,6255.7
5.3178,233.59,6255.4
5.318,233.72,6256.4
5.3182,233.75,6256.4
5.3184,233.7,6256.6
5.3186,233.63,6258.1
5.3188,233.6,6259
5.319,233.6,6258.7
5.3192,233.56,6259
5.3194,233.44,6258.8
5.3196,233.29,6257.3
5.3198,233.16,6254
5.32,233.1,6251.4
5.3202,233.15,6249.4
5.3204,233.28,6250.5
5.3206,233.45,6254.5
5.3208,233.62,6257.8
5.321,233.74,6256.7
5.3212,233.77,6252.5
5.3214,233.72,6248.2
5.3216,233.61,6248.9
5.3218,233.45,6251.6
5.322,233.27,6254.9
5.3222,233.17,6256.8
5.3224,233.2,6256.3
5.3226,233.27,6253.6
5.3228,233.33,6250.7
5.323,233.37,6250.4
5.3232,233.41,6251.5
5.3234,233.5,6252.5
5.3236,233.6,6254.6
5.3238,233.72,6257.3
5.324,233.82,6257.9
5.3242,233.85,6256.8
5.3244,233.81,6255.5
5.3246,233.7,6255.8
5.3248,233.49,6256.8
5.325,233.35,6258
5.3252,233.27,6259
5.3254,233.22,6259.9
5.3256,233.24,6259.7
5.3258,233.31,6259.3
5.326,233.4,6257.9
5.3262,233.5,6256.4
5.3264,233.64,6256.9
5.3266,233.74,6260.3
5.3268,233.73,6265.2
5.327,233.68,6266
5.3272,233.61,6263.6
5.3274,233.47,6262.8
5.3276,233.34,6263.1
5.3278,233.24,6265.7
5.328,233.15,6270.2
5.3282,233.11,6273.1
5.3284,233.12,6273
5.3286,233.21,6271.1
5.3288,233.39,6269.7
5.329,233.61,6267.7
5.3292,233.79,6268
5.3294,233.83,6271
5.3296,233.79,6272.2
5.3298,233.72,6271
5.33,233.64,6267.6
5.3302,233.48,6265
5.3304,233.32,6268.4
5.3306,233.19,6276.1
5.3308,233.16,6281.6
5.331,233.21,6280.7
5.3312,233.31,6276.8
5.3314,233.4,6274.2
5.3316,233.43,6275.4
5.3318,233.48,6278.5
5.332,233.6,6285.7
5.3322,233.8,6289.5
5.3324,233.95,6287.2
5.3326,233.9,6280.3
5.3328,233.73,6274.5
5.333,233.47,6273.5
5.3332,233.32,6277.8
5.3334,233.3,6283.2
5.3336,233.3,6282.1
5.3338,233.28,6274.3
5.334,233.23,6268
5.3342,233.21,6266.4
5.3344,233.28,6268.4
5.3346,233.4,6269.4
5.3348,233.56,6268.1
5.335,233.67,6264.1
5.3352,233.7,6261.2
5.3354,233.65,6263.4
5.3356,233.57,6267.2
5.3358,233.43,6269.9
5.336,233.25,6270.2
5.3362,233.13,6269.1
5.3364,233.06,6266.4
5.3366,233.09,6263.1
5.3368,233.15,6261.4
5.337,233.24,6260
5.3372,233.37,6258.5
5.3374,233.47,6257.6
5.3376,233.52,6257.9
5.3378,233.57,6258.8
5.338,233.59,6258.2
5.3382,233.57,6257.4
5.3384,233.49,6257
5.3386,233.36,6256.3
5.3388,233.26,6257.3
5.339,233.2,6260.4
5.3392,233.16,6260.9
5.3394,233.17,6259.2
5.3396,233.24,6255.9
5.3398,233.33,6251.7
5.34,233.42,6246.1
5.3402,233.47,6243.2
5.3404,233.5,6245.8
5.3406,233.52,6250.3
5.3408,233.51,6252.4
5.341,233.5,6251.2
5.3412,233.42,6248.3
5.3414,233.25,6246.3
5.3416,233.13,6245
5.3418,233.09,6246.5
5.342,233.09,6247.9
5.3422,233.09,6247.2
5.3424,233.06,6245
5.3426,233.09,6243.7
5.3428,233.17,6244
5.343,233.32,6245.8
5.3432,233.48,6249.2
5.3434,233.6,6253.5
5.3436,233.62,6257
5.3438,233.57,6257.3
5.344,233.47,6255.3
5.3442,233.3,6254.4
5.3444,233.14,6257.4
5.3446,233.09,6262.1
5.3448,233.14,6264.6
5.345,233.25,6262.2
5.3452,233.31,6258
5.3454,233.29,6254.7
5.3456,233.28,6254.8
5.3458,233.31,6258.9
5.346,233.4,6261.8
5.3462,233.56,6260.9
5.3464,233.7,6258.3
5.3466,233.72,6254.7
5.3468,233.55,6254.3
5.347,233.24,6257.6
5.3472,232.94,6261.4
5.3474,232.81,6264.5
5.3476,232.85,6264.5
5.3478,232.96,6259.9
5.348,233.09,6251.8
5.3482,233.17,6245.5
5.3484,233.16,6244.2
5.3486,233.16,6247.2
5.3488,233.16,6252.7
5.349,233.18,6258.1
5.3492,233.24,6257.7
5.3494,233.26,6252.4
5.3496,233.17,6247
5.3498,232.96,6246.2
5.35,232.72,6250.7
5.3502,232.54,6255.9
5.3504,232.47,6258.7
5.3506,232.51,6257.6
5.3508,232.68,6252.2
5.351,232.9,6245.4
5.3512,233.12,6242.2
5.3514,233.29,6242.9
5.3516,233.35,6246.1
5.3518,233.3,6249.4
5.352,233.23,6250.1
5.3522,233.12,6250.1
5.3524,233.02,6248.1
5.3526,232.9,6243.1
5.3528,232.76,6239
5.353,232.61,6240
5.3532,232.47,6243.5
5.3534,232.44,6244.6
5.3536,232.55,6244.8
5.3538,232.75,6243.4
5.354,232.97,6240.7
5.3542,233.14,6238.9
5.3544,233.24,6237.9
5.3546,233.24,6238
5.3548,233.18,6238.5
5.355,233.1,6238.5
5.3552,232.94,6237.7
5.3554,232.86,6234.7
5.3556,232.81,6230.7
5.3558,232.7,6226.9
5.356,232.59,6226.9
5.3562,232.55,6229
5.3564,232.64,6229.4
5.3566,232.78,6229.9
5.3568,232.93,6229.1
5.357,233.04,6228.6
5.3572,233.12,6227
5.3574,233.15,6228
5.3576,233.11,6230.4
5.3578,233.04,6232.6
5.358,232.95,6233.5
5.3582,232.81,6234.1
5.3584,232.68,6233.7
5.3586,232.56,6232.5
5.3588,232.5,6233
5.359,232.52,6235.6
5.3592,232.64,6238.8
5.3594,232.8,6239.7
5.3596,232.98,6237.2
5.3598,233.12,6232.7
5.36,233.17,6230.5
5.3602,233.2,6232.3
5.3604,233.14,6234.6
5.3606,233.02,6235.4
5.3608,232.85,6236.5
5.361,232.66,6236.9
5.3612,232.47,6235.1
5.3614,232.31,6233.7
5.3616,232.24,6234.6
5.3618,232.27,6236.6
5.362,232.41,6237.5
5.3622,232.64,6240.2
5.3624,232.83,6243.2
5.3626,232.92,6243.1
5.3628,232.94,6242.1
5.363,232.95,6242
5.3632,232.99,6241.1
5.3634,233.01,6240.2
5.3636,232.91,6241.7
5.3638,232.76,6242.5
5.364,232.65,6240.4
5.3642,232.58,6237.3
5.3644,232.55,6237.2
5.3646,232.58,6237.9
5.3648,232.7,6237.9
5.365,232.85,6238.3
5.3652,232.95,6240.5
5.3654,233.01,6241.6
5.3656,233.03,6241.7
5.3658,233.05,6241.8
5.366,233.08,6241.6
5.3662,233.06,6243.7
5.3664,232.94,6247.3
5.3666,232.73,6251.4
5.3668,232.61,6254.8
5.367,232.62,6252.7
5.3672,232.66,6246.7
5.3674,232.74,6240.8
5.3676,232.85,6238.1
5.3678,232.94,6240.2
5.368,233,6244.8
5.3682,233.03,6247.5
5.3684,233.03,6247
5.3686,233,6243.9
5.3688,232.97,6239
5.369,232.87,6235.9
5.3692,232.7,6236.5
5.3694,232.49,6240
5.3696,232.35,6243.6
5.3698,232.32,6245.3
5.37,232.39,6244.3
5.3702,232.55,6239.9
5.3704,232.71,6235.8
5.3706,232.85,6234.7
5.3708,232.94,6236.4
5.371,232.96,6239.3
5.3712,233,6242.6
5.3714,233.04,6243.6
5.3716,233,6242.5
5.3718,232.93,6240.4
5.372,232.8,6236.4
5.3722,232.65,6232.3
5.3724,232.57,6230.5
5.3726,232.54,6232.3
5.3728,232.56,6237.4
5.373,232.63,6240.4
5.3732,232.77,6238.2
5.3734,232.9,6231.9
5.3736,233,6224.9
5.3738,233.08,6222.9
5.374,233.09,6224.9
5.3742,233.06,6232.8
5.3744,232.99,6239
5.3746,232.89,6238.6
5.3748,232.72,6233.8
5.375,232.57,6227.2
5.3752,232.47,6223.4
5.3754,232.44,6225.6
5.3756,232.52,6230.6
5.3758,232.64,6232.8
5.376,232.76,6231.6
5.3762,232.88,6230.2
5.3764,232.98,6230.1
5.3766,233.1,6230.9
5.3768,233.15,6231.1
5.377,233.13,6232.4
5.3772,233.09,6234.8
5.3774,233.01,6237.3
5.3776,232.88,6237.8
5.3778,232.72,6235
5.378,232.61,6231.7
5.3782,232.58,6231.9
5.3784,232.62,6233.6
5.3786,232.72,6235
5.3788,232.82,6235.7
5.379,232.92,6237.5
5.3792,233.02,6238.1
5.3794,233.1,6236.7
5.3796,233.12,6234.8
5.3798,233.09,6234.9
5.38,233.02,6236.7
5.3802,232.92,6239.7
5.3804,232.77,6244
5.3806,232.65,6246.3
5.3808,232.6,6245.8
5.381,232.57,6243.3
5.3812,232.65,6240
5.3814,232.79,6238.6
5.3816,232.95,6240
5.3818,233.14,6242.3
5.382,233.29,6242.5
5.3822,233.34,6240.8
5.3824,233.32,6238.4
5.3826,233.29,6234.4
5.3828,233.18,6231.4
5.383,233.02,6230.6
5.3832,232.8,6236.1
5.3834,232.6,6245
5.3836,232.51,6249.7
5.3838,232.5,6245
5.384,232.52,6235.2
5.3842,232.65,6226.3
5.3844,232.84,6220.3
5.3846,233,6219.9
5.3848,233.09,6225.8
5.385,233.1,6231.5
5.3852,233.05,6232.5
5.3854,232.98,6231.1
5.3856,232.9,6227.4
5.3858,232.78,6223.2
5.386,232.63,6218.6
5.3862,232.47,6218.8
5.3864,232.32,6222.7
5.3866,232.21,6225.8
5.3868,232.19,6225.9
5.387,232.28,6224.3
5.3872,232.47,6219.6
5.3874,232.65,6213.8
5.3876,232.74,6210.1
5.3878,232.77,6210.3
5.388,232.73,6215.2
5.3882,232.65,6220.9
5.3884,232.51,6224.4
5.3886,232.37,6223.2
5.3888,232.29,6218.1
5.389,232.2,6213
5.3892,232.17,6211.5
5.3894,232.18,6214.2
5.3896,232.24,6217.8
5.3898,232.33,6218
5.39,232.42,6213.9
5.3902,232.53,6209.7
5.3904,232.62,6209.4
5.3906,232.67,6211.1
5.3908,232.69,6213.6
5.391,232.67,6217
5.3912,232.6,6219.4
5.3914,232.49,6218.4
5.3916,232.33,6214.4
5.3918,232.18,6211.3
5.392,232.11,6210.7
5.3922,232.12,6212.1
5.3924,232.2,6213.9
5.3926,232.34,6215.2
5.3928,232.49,6218.1
5.393,232.65,6219.3
5.3932,232.76,6217.6
5.3934,232.8,6215.2
5.3936,232.8,6214.8
5.3938,232.78,6216
5.394,232.7,6219.1
5.3942,232.57,6224.4
5.3944,232.44,6229.3
5.3946,232.34,6230.7
5.3948,232.23,6229.5
5.395,232.15,6227.1
5.3952,232.2,6225.8
5.3954,232.36,6228.1
5.3956,232.62,6229.4
5.3958,232.84,6227.1
5.396,232.9,6223
5.3962,232.86,6220
5.3964,232.78,6221.6
5.3966,232.67,6225.6
5.3968,232.54,6230.1
5.397,232.36,6235
5.3972,232.24,6233.6
5.3974,232.19,6230.6
5.3976,232.15,6231.1
5.3978,232.17,6233
5.398,232.24,6235.8
5.3982,232.4,6239.7
5.3984,232.65,6243.5
5.3986,232.84,6243.9
5.3988,232.94,6239.6
5.399,232.92,6234.5
5.3992,232.85,6231.2
5.3994,232.74,6232.9
5.3996,232.6,6240
5.3998,232.44,6251.4
5.4,232.26,6257.5
5.4002,232.19,6254.1
5.4004,232.21,6246.4
5.4006,232.28,6240.2
5.4008,232.42,6240.1
5.401,232.61,6244.8
5.4012,232.76,6250.4
5.4014,232.87,6250.8
5.4016,232.95,6245.6
5.4018,232.92,6238.6
5.402,232.83,6236.4
5.4022,232.75,6240.2
5.4024,232.66,6246.6
5.4026,232.57,6248.9
5.4028,232.41,6245.5
5.403,232.23,6239.4
5.4032,232.09,6234.5
5.4034,232.07,6235.4
5.4036,232.18,6238.4
5.4038,232.34,6240.7
5.404,232.51,6239.9
5.4042,232.64,6236.4
5.4044,232.67,6233.5
5.4046,232.68,6232.1
5.4048,232.67,6233.7
5.405,232.62,6236.9
5.4052,232.5,6240.2
5.4054,232.39,6240.7
5.4056,232.27,6239.9
5.4058,232.13,6239.2
5.406,232.11,6239.4
5.4062,232.16,6242.7
5.4064,232.32,6247.4
5.4066,232.56,6248.2
5.4068,232.77,6243.3
5.407,232.89,6236.2
5.4072,232.93,6232
5.4074,232.86,6233.2
5.4076,232.74,6240.4
5.4078,232.64,6247
5.408,232.55,6249.5
5.4082,232.43,6246.6
5.4084,232.34,6242.1
5.4086,232.3,6238.8
5.4088,232.27,6239.8
5.409,232.28,6244.5
5.4092,232.34,6251.5
5.4094,232.47,6257.1
5.4096,232.66,6257.8
5.4098,232.87,6252.7
5.41,233.02,6247
5.4102,233.08,6245.5
5.4104,233.03,6246.7
5.4106,232.9,6249
5.4108,232.75,6252.5
5.411,232.59,6252.3
5.4112,232.44,6248.3
5.4114,232.38,6243.8
5.4116,232.41,6242.2
5.4118,232.47,6242.5
5.412,232.54,6242.1
5.4122,232.61,6242
5.4124,232.68,6244.8
5.4126,232.76,6250.6
5.4128,232.87,6254.3
5.413,232.9,6257.3
5.4132,232.85,6256.4
5.4134,232.75,6251.8
5.4136,232.62,6251.4
5.4138,232.45,6257.2
5.414,232.39,6264
5.4142,232.47,6267.7
5.4144,232.64,6266.2
5.4146,232.86,6259.7
5.4148,232.97,6250.7
5.415,233,6247.9
5.4152,232.96,6255.1
5.4154,232.95,6264.6
5.4156,233.02,6267
5.4158,233.14,6263.5
5.416,233.19,6256.2
5.4162,233.06,6250.8
5.4164,232.75,6249.9
5.4166,232.45,6258.8
5.4168,232.25,6271.4
5.417,232.24,6278.1
5.4172,232.36,6277.5
5.4174,232.59,6271.1
5.4176,232.79,6263.3
5.4178,232.91,6258.1
5.418,232.94,6259.6
5.4182,232.93,6266.3
5.4184,232.94,6271.6
5.4186,232.99,6271
5.4188,233.01,6268.6
5.419,232.98,6265.6
5.4192,232.84,6262.8
5.4194,232.69,6259.7
5.4196,232.52,6258.2
5.4198,232.32,6258.5
5.42,232.21,6258.8
5.4202,232.23,6260.4
5.4204,232.37,6261.7
5.4206,232.58,6260.7
5.4208,232.79,6255.7
5.421,232.9,6251.2
5.4212,232.9,6249.1
5.4214,232.82,6251.5
5.4216,232.69,6255.8
5.4218,232.57,6260.9
5.422,232.48,6262
5.4222,232.43,6257.5
5.4224,232.36,6250.8
5.4226,232.28,6248
5.4228,232.25,6247.3
5.423,232.25,6248.1
5.4232,232.32,6250.1
5.4234,232.5,6252.7
5.4236,232.71,6252.5
5.4238,232.91,6250
5.424,232.97,6246.7
5.4242,232.91,6245.6
5.4244,232.75,6245.3
5.4246,232.54,6247.4
5.4248,232.38,6249.3
5.425,232.23,6250.4
5.4252,232.04,6252.1
5.4254,231.94,6254.1
5.4256,232,6254.1
5.4258,232.18,6250.2
5.426,232.42,6245.8
5.4262,232.61,6246
5.4264,232.7,6249.3
5.4266,232.69,6256.3
5.4268,232.64,6260.8
5.427,232.59,6260.4
5.4272,232.58,6255.3
5.4274,232.57,6250.3
5.4276,232.48,6250
5.4278,232.35,6255.7
5.428,232.21,6263.5
5.4282,232.09,6264.5
5.4284,232.05,6260.1
5.4286,232.1,6253.8
5.4288,232.26,6250.2
5.429,232.46,6251.2
5.4292,232.6,6257.2
5.4294,232.66,6262.9
5.4296,232.68,6262.6
5.4298,232.64,6261
5.43,232.56,6259.6
5.4302,232.44,6258.3
5.4304,232.25,6260.9
5.4306,232.14,6267.4
5.4308,232.15,6271.1
5.431,232.21,6267.3
5.4312,232.28,6261.1
5.4314,232.38,6258.2
5.4316,232.53,6262.2
5.4318,232.68,6267.6
5.432,232.79,6268.3
5.4322,232.87,6265.3
5.4324,232.91,6263.6
5.4326,232.88,6263.4
5.4328,232.77,6264.3
5.433,232.64,6266.4
5.4332,232.44,6270.4
5.4334,232.23,6273.1
5.4336,232.13,6271.2
5.4338,232.12,6267.8
5.434,232.21,6263.3
5.4342,232.38,6260.3
5.4344,232.55,6260.3
5.4346,232.67,6262.3
5.4348,232.72,6262.9
5.435,232.73,6263.1
5.4352,232.72,6263.4
5.4354,232.69,6263.6
5.4356,232.64,6263
5.4358,232.56,6261.3
5.436,232.41,6257.9
5.4362,232.19,6254.8
5.4364,231.99,6254.9
5.4366,231.86,6257.7
5.4368,231.85,6261.1
5.437,231.99,6261.5
5.4372,232.19,6256.3
5.4374,232.4,6249.7
5.4376,232.54,6244.9
5.4378,232.6,6243.7
5.438,232.53,6248.8
5.4382,232.41,6256.1
5.4384,232.28,6259.1
5.4386,232.18,6255
5.4388,232.14,6248.7
5.439,232.13,6244.2
5.4392,232.16,6246.3
5.4394,232.22,6253
5.4396,232.33,6257.9
5.4398,232.48,6258.6
5.44,232.62,6256.5
5.4402,232.71,6252.4
5.4404,232.75,6249.7
5.4406,232.76,6249.4
5.4408,232.77,6251
5.441,232.78,6253.9
5.4412,232.75,6255.1
5.4414,232.64,6253.6
5.4416,232.43,6250.1
5.4418,232.29,6249.5
5.442,232.27,6251.6
5.4422,232.35,6254.4
5.4424,232.47,6255
5.4426,232.58,6251.4
5.4428,232.67,6246.6
5.443,232.72,6246.9
5.4432,232.75,6251
5.4434,232.8,6254.1
5.4436,232.87,6254.3
5.4438,232.91,6250.9
5.444,232.86,6246.1
5.4442,232.67,6246.2
5.4444,232.44,6251.6
5.4446,232.29,6258.7
5.4448,232.28,6262.8
5.445,232.38,6260.8
5.4452,232.51,6253.8
5.4454,232.65,6246.5
5.4456,232.76,6245.7
5.4458,232.84,6253.7
5.446,232.88,6261.5
5.4462,232.88,6262.9
5.4464,232.9,6259.4
5.4466,232.91,6253.5
5.4468,232.86,6249.5
5.447,232.7,6251.5
5.4472,232.61,6259.1
5.4474,232.59,6265.4
5.4476,232.56,6268
5.4478,232.52,6266.7
5.448,232.51,6264.4
5.4482,232.54,6266
5.4484,232.66,6270.2
5.4486,232.89,6273.9
5.4488,233.14,6274.6
5.449,233.31,6272.8
5.4492,233.31,6272.7
5.4494,233.17,6271.3
5.4496,232.97,6269.9
5.4498,232.76,6268.6
5.45,232.56,6269.3
5.4502,232.39,6270.2
5.4504,232.29,6271.9
5.4506,232.21,6273
5.4508,232.22,6271.7
5.451,232.33,6269
5.4512,232.49,6266.8
5.4514,232.66,6265.3
5.4516,232.78,6263.2
5.4518,232.77,6265.4
5.452,232.69,6270
5.4522,232.61,6272.2
5.4524,232.48,6269.3
5.4526,232.34,6262.6
5.4528,232.19,6258.2
5.453,232.06,6257.5
5.4532,231.97,6259.3
5.4534,231.93,6262
5.4536,232.04,6261.5
5.4538,232.23,6257.6
5.454,232.37,6254.1
5.4542,232.46,6251.5
5.4544,232.51,6251
5.4546,232.49,6251.9
5.4548,232.45,6252.9
5.455,232.37,6252.8
5.4552,232.26,6251.9
5.4554,232.15,6251.3
5.4556,232.08,6248.7
5.4558,232.02,6246.1
5.456,231.94,6244.4
5.4562,231.91,6244.6
5.4564,231.99,6244.6
5.4566,232.15,6243.2
5.4568,232.32,6241.2
5.457,232.47,6238.6
5.4572,232.54,6236.2
5.4574,232.53,6235.1
5.4576,232.46,6236.4
5.4578,232.38,6238.9
5.458,232.27,6240.2
5.4582,232.11,6238
5.4584,231.94,6233.9
5.4586,231.78,6231.1
5.4588,231.64,6231.3
5.459,231.59,6233.2
5.4592,231.64,6233.7
5.4594,231.78,6232.7
5.4596,231.95,6233.3
5.4598,232.13,6234.2
5.46,232.22,6235
5.4602,232.17,6234.6
5.4604,232.05,6235.1
5.4606,231.95,6235.6
5.4608,231.85,6238.3
5.461,231.75,6241.8
5.4612,231.72,6241.9
5.4614,231.66,6236.8
5.4616,231.56,6233.7
5.4618,231.52,6233.2
5.462,231.58,6235.3
5.4622,231.73,6238.9
5.4624,231.91,6242.1
5.4626,232.04,6243.5
5.4628,232.09,6241.8
5.463,232.06,6237.3
5.4632,231.98,6235.1
5.4634,231.9,6236.9
5.4636,231.79,6241.3
5.4638,231.64,6245.3
5.464,231.47,6247
5.4642,231.34,6248.6
5.4644,231.31,6247.9
5.4646,231.41,6243.7
5.4648,231.58,6238.6
5.465,231.77,6234.1
5.4652,231.9,6231.6
5.4654,231.93,6233.6
5.4656,231.89,6239.2
5.4658,231.8,6242.5
5.466,231.72,6242.1
5.4662,231.65,6239.5
5.4664,231.59,6237.3
5.4666,231.48,6235.6
5.4668,231.29,6236.9
5.467,231.13,6238.5
5.4672,231.1,6238.9
5.4674,231.2,6235
5.4676,231.37,6229.8
5.4678,231.54,6225.4
5.468,231.66,6224.4
5.4682,231.71,6227.2
5.4684,231.7,6231.5
5.4686,231.68,6233.5
5.4688,231.66,6232.6
5.469,231.61,6229.4
5.4692,231.5,6225.1
5.4694,231.35,6220.4
5.4696,231.15,6219.2
5.4698,230.97,6222.7
5.47,230.93,6227.2
5.4702,231.04,6227.4
5.4704,231.26,6221.6
5.4706,231.47,6213.3
5.4708,231.6,6207.4
5.471,231.62,6207.2
5.4712,231.56,6211.9
5.4714,231.5,6217.2
5.4716,231.46,6220.3
5.4718,231.44,6218.8
5.472,231.36,6214.3
5.4722,231.21,6208.5
5.4724,231.06,6205.4
5.4726,230.94,6206.1
5.4728,230.91,6209.9
5.473,230.97,6212.7
5.4732,231.15,6211.6
5.4734,231.34,6207
5.4736,231.51,6203.6
5.4738,231.59,6201.4
5.474,231.6,6202.8
5.4742,231.55,6206.3
5.4744,231.5,6209.6
5.4746,231.42,6210
5.4748,231.33,6206.8
5.475,231.18,6203.8
5.4752,231.01,6203.2
5.4754,230.89,6205.7
5.4756,230.87,6211.2
5.4758,230.97,6214.9
5.476,231.17,6213.4
5.4762,231.39,6215.3
5.4764,231.63,6221.2
5.4766,231.77,6224
5.4768,231.78,6223.4
5.477,231.79,6221.7
5.4772,231.78,6219.6
5.4774,231.69,6218.1
5.4776,231.53,6218.1
5.4778,231.34,6217.6
5.478,231.14,6216.6
5.4782,231.01,6216.5
5.4784,231.03,6215.5
5.4786,231.14,6214
5.4788,231.31,6213.6
5.479,231.49,6217.6
5.4792,231.73,6220.5
5.4794,231.92,6219.5
5.4796,231.97,6217.3
5.4798,231.87,6217.5
5.48,231.68,6219.1
5.4802,231.46,6223.6
5.4804,231.31,6228.7
5.4806,231.28,6231.6
5.4808,231.33,6229.8
5.481,231.37,6226.4
5.4812,231.4,6224.7
5.4814,231.46,6225.5
5.4816,231.55,6229
5.4818,231.7,6233.7
5.482,231.86,6233.8
5.4822,231.95,6230.5
5.4824,231.95,6226.3
5.4826,231.87,6223.2
5.4828,231.73,6223
5.483,231.56,6228.2
5.4832,231.43,6236.8
5.4834,231.27,6239.7
5.4836,231.19,6235.8
5.4838,231.23,6229.8
5.484,231.34,6225.4
5.4842,231.48,6222.5
5.4844,231.62,6221.5
5.4846,231.71,6220.9
5.4848,231.76,6221.5
5.485,231.77,6222
5.4852,231.74,6221.3
5.4854,231.68,6220.4
5.4856,231.6,6219.2
5.4858,231.5,6218.2
5.486,231.36,6218.5
5.4862,231.15,6218.2
5.4864,230.92,6218.4
5.4866,230.77,6219.5
5.4868,230.77,6219.6
5.487,230.93,6217.1
5.4872,231.15,6211.7
5.4874,231.34,6207.3
5.4876,231.44,6205.6
5.4878,231.45,6209.1
5.488,231.38,6216.8
5.4882,231.34,6221.7
5.4884,231.31,6219.9
5.4886,231.22,6213.2
5.4888,231.11,6207
5.489,230.97,6205.2
5.4892,230.84,6207.4
5.4894,230.76,6210.9
5.4896,230.76,6213.2
5.4898,230.91,6212.6
5.49,231.11,6208.3
5.4902,231.32,6203.5
5.4904,231.44,6203
5.4906,231.46,6205.8
5.4908,231.4,6208.4
5.491,231.29,6209.8
5.4912,231.21,6209.5
5.4914,231.12,6208.4
5.4916,231.01,6207.3
5.4918,230.9,6209.9
5.492,230.82,6213.3
5.4922,230.81,6216
5.4924,230.89,6217.9
5.4926,231.04,6216.8
5.4928,231.24,6213.4
5.493,231.43,6212.8
5.4932,231.58,6216.1
5.4934,231.64,6221.6
5.4936,231.6,6224
5.4938,231.53,6223.2
5.494,231.43,6222
5.4942,231.34,6223.4
5.4944,231.24,6224.7
5.4946,231.06,6228.3
5.4948,230.95,6233
5.495,230.94,6235.7
5.4952,231.01,6235.7
5.4954,231.12,6233.2
5.4956,231.27,6230.5
5.4958,231.41,6230.7
5.496,231.54,6234.8
5.4962,231.63,6240
5.4964,231.69,6244.3
5.4966,231.69,6245.6
5.4968,231.63,6243.9
5.497,231.46,6242
5.4972,231.29,6241.2
5.4974,231.18,6242.5
5.4976,231.07,6243.6
5.4978,231.03,6241.7
5.498,231.13,6237.6
5.4982,231.29,6235.2
5.4984,231.45,6238.6
5.4986,231.54,6244.2
5.4988,231.6,6247.3
5.499,231.68,6245.9
5.4992,231.69,6243.1
5.4994,231.61,6240.3
5.4996,231.46,6238.7
5.4998,231.24,6243.2
5.5,231.06,6251.4
5.5002,230.97,6257.8
5.5004,230.99,6261.3
5.5006,231.06,6261.4
5.5008,231.11,6256.2
5.501,231.19,6248.2
5.5012,231.28,6242.6
5.5014,231.37,6241.6
5.5016,231.45,6245.5
5.5018,231.5,6250.9
5.502,231.52,6255.6
5.5022,231.47,6254.9
5.5024,231.36,6249.4
5.5026,231.22,6243.9
5.5028,231.18,6241.7
5.503,231.16,6242.6
5.5032,231.11,6247.7
5.5034,231.06,6252
5.5036,231.05,6250.6
5.5038,231.1,6244.3
5.504,231.23,6237
5.5042,231.43,6232.8
5.5044,231.58,6232.6
5.5046,231.62,6235.8
5.5048,231.59,6240.8
5.505,231.5,6241.4
5.5052,231.36,6238.5
5.5054,231.23,6232.2
5.5056,231.17,6228.1
5.5058,231.12,6227.9
5.506,231.09,6232
5.5062,231.08,6235.7
5.5064,231.16,6235.7
5.5066,231.31,6231.8
5.5068,231.49,6228.1
5.507,231.63,6225.4
5.5072,231.69,6225.4
5.5074,231.67,6228.2
5.5076,231.6,6230.8
5.5078,231.52,6231
5.508,231.39,6229.3
5.5082,231.2,6227.8
5.5084,230.97,6226.3
5.5086,230.86,6225.9
5.5088,230.84,6227.5
5.509,230.92,6227.4
5.5092,231.03,6227.6
5.5094,231.16,6228.6
5.5096,231.28,6233.9
5.5098,231.45,6238.9
5.51,231.57,6241.7
5.5102,231.62,6243
5.5104,231.63,6242.3
5.5106,231.6,6241.8
5.5108,231.5,6244
5.511,231.33,6249.6
5.5112,231.18,6253
5.5114,231.12,6253.4
5.5116,231.13,6250.1
5.5118,231.25,6246.7
5.512,231.44,6245.1
5.5122,231.64,6246.1
5.5124,231.81,6247.8
5.5126,231.89,6248.8
5.5128,231.89,6249.7
5.513,231.83,6250.3
5.5132,231.78,6247.6
5.5134,231.71,6247.3
5.5136,231.61,6253
5.5138,231.45,6260.7
5.514,231.27,6262.5
5.5142,231.18,6259.8
5.5144,231.19,6257.1
5.5146,231.27,6254.1
5.5148,231.44,6252.1
5.515,231.63,6252.3
5.5152,231.75,6253.1
5.5154,231.81,6253.3
5.5156,231.83,6255
5.5158,231.82,6258.7
5.516,231.79,6261.3
5.5162,231.72,6261.6
5.5164,231.61,6263.2
5.5166,231.42,6266.9
5.5168,231.31,6266.5
5.517,231.28,6263.1
5.5172,231.25,6262.2
5.5174,231.29,6262.8
5.5176,231.42,6263.2
5.5178,231.59,6264.3
5.518,231.75,6264.5
5.5182,231.87,6263.6
5.5184,231.92,6264.1
5.5186,231.91,6266.3
5.5188,231.82,6267.6
5.519,231.69,6267.9
5.5192,231.57,6267.2
5.5194,231.43,6264.6
5.5196,231.23,6263.7
5.5198,231.05,6265.6
5.52,230.99,6268.6
5.5202,231.1,6268.2
5.5204,231.33,6264.4
5.5206,231.53,6260.4
5.5208,231.69,6257.1
5.521,231.77,6255.5
5.5212,231.77,6258.2
5.5214,231.71,6263.6
5.5216,231.61,6266.7
5.5218,231.5,6267.3
5.522,231.38,6263.2
5.5222,231.31,6253.9
5.5224,231.27,6247.5
5.5226,231.22,6252.1
5.5228,231.16,6261.6
5.523,231.15,6266
5.5232,231.23,6263.6
5.5234,231.4,6259.2
5.5236,231.59,6253.2
5.5238,231.73,6249.5
5.524,231.78,6250.2
5.5242,231.72,6254.9
5.5244,231.6,6258.5
5.5246,231.45,6259.3
5.5248,231.31,6258.6
5.525,231.15,6256.6
5.5252,231.03,6255.1
5.5254,230.95,6257.6
5.5256,230.9,6261
5.5258,230.96,6259.6
5.526,231.09,6254.8
5.5262,231.22,6251.8
5.5264,231.34,6250.7
5.5266,231.4,6251.8
5.5268,231.4,6253.3
5.527,231.36,6252.4
5.5272,231.3,6250.1
5.5274,231.22,6252.2
5.5276,231.11,6260.3
5.5278,230.98,6267.6
5.528,230.81,6268.8
5.5282,230.72,6265.7
5.5284,230.69,6260.3
5.5286,230.77,6254
5.5288,230.91,6251.6
5.529,231.06,6255.9
5.5292,231.22,6262.5
5.5294,231.33,6265.2
5.5296,231.39,6261.9
5.5298,231.42,6256.5
5.53,231.4,6253.8
5.5302,231.27,6254.6
5.5304,231.11,6257.7
5.5306,231.02,6260.9
5.5308,230.96,6260.1
5.531,230.91,6257.1
5.5312,230.9,6254.9
5.5314,230.93,6254.7
5.5316,231.02,6255.5
5.5318,231.17,6254.9
5.532,231.34,6255.9
5.5322,231.48,6258.3
5.5324,231.54,6259.1
5.5326,231.47,6257.3
5.5328,231.32,6256.2
5.533,231.13,6258.2
5.5332,230.94,6265.5
5.5334,230.83,6271.3
5.5336,230.82,6268.9
5.5338,230.87,6262.7
5.534,230.94,6258.8
5.5342,231.01,6257.1
5.5344,231.06,6257.1
5.5346,231.14,6257.8
5.5348,231.25,6257.3
5.535,231.35,6256.2
5.5352,231.4,6255.2
5.5354,231.37,6256.2
5.5356,231.26,6258.7
5.5358,231.11,6260.7
5.536,230.94,6259.9
5.5362,230.75,6255.3
5.5364,230.58,6251
5.5366,230.46,6252
5.5368,230.46,6255.2
5.537,230.59,6256.7
5.5372,230.78,6254.2
5.5374,230.99,6248.7
5.5376,231.14,6242.2
5.5378,231.2,6239.7
5.538,231.17,6244.1
5.5382,231.08,6250.8
5.5384,230.96,6253.8
5.5386,230.82,6251.8
5.5388,230.71,6246.1
5.539,230.6,6240.8
5.5392,230.49,6239.9
5.5394,230.42,6243.2
5.5396,230.44,6246.7
5.5398,230.57,6246
5.54,230.77,6240
5.5402,230.93,6234.8
5.5404,231.03,6232.5
5.5406,231.06,6233.8
5.5408,231.04,6236
5.541,231.01,6240.1
5.5412,230.95,6241.6
5.5414,230.87,6239.4
5.5416,230.73,6233.9
5.5418,230.63,6230
5.542,230.55,6230.9
5.5422,230.5,6236.8
5.5424,230.51,6244.6
5.5426,230.62,6251.1
5.5428,230.82,6253.8
5.543,231.1,6252.8
5.5432,231.36,6248.1
5.5434,231.48,6243.7
5.5436,231.47,6242.7
5.5438,231.45,6243.9
5.544,231.38,6246.4
5.5442,231.23,6247.9
5.5444,231.05,6247.5
5.5446,230.99,6247.7
5.5448,231.01,6248.9
5.545,231.11,6249.1
5.5452,231.22,6247.9
5.5454,231.33,6251.5
5.5456,231.45,6255.5
5.5458,231.56,6258.7
5.546,231.67,6260.5
5.5462,231.82,6261.7
5.5464,231.9,6260.8
5.5466,231.9,6258.2
5.5468,231.81,6255.7
5.547,231.66,6256.2
5.5472,231.54,6257.8
5.5474,231.48,6263.1
5.5476,231.47,6268.3
5.5478,231.52,6268.2
5.548,231.63,6265.3
5.5482,231.75,6264.3
5.5484,231.86,6265.2
5.5486,231.95,6268.7
5.5488,232.07,6271.7
5.549,232.2,6272.3
5.5492,232.32,6271.2
5.5494,232.32,6270.9
5.5496,232.18,6270.5
5.5498,231.92,6268.6
5.55,231.7,6270.9
5.5502,231.61,6275.5
5.5504,231.68,6277.4
5.5506,231.8,6274.6
5.5508,231.94,6268.7
5.551,232.07,6262.3
5.5512,232.18,6258.3
5.5514,232.25,6259.5
5.5516,232.27,6264.8
5.5518,232.25,6267.4
5.552,232.19,6266.3
5.5522,232.08,6263
5.5524,231.98,6257.8
5.5526,231.84,6254.9
5.5528,231.65,6256.6
5.553,231.55,6261.4
5.5532,231.55,6265.8
5.5534,231.64,6267.3
5.5536,231.78,6264.9
5.5538,231.93,6260.4
5.554,232.06,6256.3
5.5542,232.17,6254.1
5.5544,232.17,6256.5
5.5546,232.15,6259.2
5.5548,232.1,6261
5.555,232.02,6261.4
5.5552,231.93,6259
5.5554,231.81,6256.5
5.5556,231.69,6256.9
5.5558,231.65,6257.2
5.556,231.63,6256.2
5.5562,231.62,6254.9
5.5564,231.67,6252.2
5.5566,231.75,6249.2
5.5568,231.84,6247.8
5.557,231.93,6248.2
5.5572,232,6249.1
5.5574,232.06,6251.1
5.5576,232.07,6253.9
5.5578,232.02,6257.4
5.558,231.9,6257.9
5.5582,231.8,6255
5.5584,231.76,6252.4
5.5586,231.75,6251
5.5588,231.71,6252.9
5.559,231.69,6256.9
5.5592,231.74,6257.7
5.5594,231.85,6255.5
5.5596,231.99,6252.3
5.5598,232.13,6249.7
5.56,232.26,6249
5.5602,232.33,6250.2
5.5604,232.3,6253.6
5.5606,232.15,6256.6
5.5608,231.95,6258.5
5.561,231.85,6258.1
5.5612,231.81,6253.9
5.5614,231.76,6250.6
5.5616,231.69,6251
5.5618,231.66,6252.4
5.562,231.73,6253.2
5.5622,231.88,6254.5
5.5624,232.05,6252.6
5.5626,232.18,6251.3
5.5628,232.27,6252.9
5.563,232.32,6255.5
5.5632,232.28,6257.3
5.5634,232.2,6256.9
5.5636,232.11,6257
5.5638,232.01,6255.9
5.564,231.97,6255.8
5.5642,231.96,6256.8
5.5644,231.93,6260.3
5.5646,231.9,6262.3
5.5648,231.92,6257.3
5.565,232,6249.2
5.5652,232.11,6245.4
5.5654,232.21,6248.4
5.5656,232.3,6257.5
5.5658,232.34,6265.6
5.566,232.31,6268.6
5.5662,232.27,6262.9
5.5664,232.18,6257
5.5666,231.96,6258.8
5.5668,231.78,6266.8
5.567,231.69,6272.7
5.5672,231.71,6273.8
5.5674,231.87,6269
5.5676,232.08,6261.7
5.5678,232.25,6257.3
5.568,232.37,6258.5
5.5682,232.46,6263.5
5.5684,232.47,6269
5.5686,232.5,6271.8
5.5688,232.49,6271.2
5.569,232.41,6266
5.5692,232.27,6260.6
5.5694,232.07,6256.9
5.5696,231.86,6255.9
5.5698,231.71,6258.6
5.57,231.7,6262.6
5.5702,231.8,6262.8
5.5704,231.95,6259
5.5706,232.11,6253.6
5.5708,232.21,6251
5.571,232.24,6250.6
5.5712,232.24,6254.2
5.5714,232.23,6257.9
5.5716,232.2,6260.7
5.5718,232.14,6260.7
5.572,232.04,6258.6
5.5722,231.95,6255.3
5.5724,231.87,6254.6
5.5726,231.8,6257.2
5.5728,231.8,6260
5.573,231.92,6260.7
5.5732,232.09,6259
5.5734,232.25,6255.9
5.5736,232.35,6252.6
5.5738,232.39,6250
5.574,232.38,6250
5.5742,232.36,6252.8
5.5744,232.35,6256.4
5.5746,232.3,6260.7
5.5748,232.19,6262.7
5.575,231.97,6260.6
5.5752,231.79,6255.8
5.5754,231.7,6252.7
5.5756,231.72,6252.5
5.5758,231.87,6255.2
5.576,232.05,6262.4
5.5762,232.21,6270.8
5.5764,232.39,6273
5.5766,232.51,6271.6
5.5768,232.59,6272
5.577,232.63,6273.4
5.5772,232.63,6274.4
5.5774,232.6,6276.7
5.5776,232.48,6279.5
5.5778,232.32,6279.2
5.578,232.19,6276.5
5.5782,232.1,6275.2
5.5784,232.11,6273.2
5.5786,232.19,6270.9
5.5788,232.34,6269.9
5.579,232.54,6270.8
5.5792,232.68,6270.6
5.5794,232.77,6266.6
5.5796,232.81,6262.8
5.5798,232.78,6261.2
5.58,232.64,6260.8
5.5802,232.37,6260.5
5.5804,232.1,6263.8
5.5806,232.02,6270
5.5808,232.12,6271.2
5.581,232.31,6267.9
5.5812,232.48,6263.6
5.5814,232.53,6260.5
5.5816,232.48,6261.3
5.5818,232.46,6263.6
5.582,232.5,6263.8
5.5822,232.62,6262.5
5.5824,232.75,6261.1
5.5826,232.8,6262.1
5.5828,232.71,6264.2
5.583,232.5,6266.5
5.5832,232.29,6269.7
5.5834,232.14,6271.3
5.5836,232.07,6268.5
5.5838,232.02,6262.7
5.584,232,6258
5.5842,232.03,6258
5.5844,232.13,6260.8
5.5846,232.25,6265.1
5.5848,232.41,6266.1
5.585,232.54,6265.1
5.5852,232.57,6265.3
5.5854,232.58,6265.8
5.5856,232.44,6265.5
5.5858,232.2,6264
5.586,232.04,6261.7
5.5862,231.95,6261.3
5.5864,231.91,6263.4
5.5866,231.89,6266.4
5.5868,231.91,6268.5
5.587,231.98,6266.8
5.5872,232.11,6261
5.5874,232.28,6256
5.5876,232.41,6255.4
5.5878,232.51,6259.5
5.588,232.54,6266.8
5.5882,232.51,6272.6
5.5884,232.43,6273.4
5.5886,232.27,6269.3
5.5888,232.21,6263.6
5.589,232.2,6261.3
5.5892,232.2,6263
5.5894,232.23,6266
5.5896,232.28,6268
5.5898,232.37,6267.2
5.59,232.49,6263
5.5902,232.63,6259.2
5.5904,232.76,6259.1
5.5906,232.86,6261.2
5.5908,232.85,6264.3
5.591,232.79,6265.5
5.5912,232.67,6264.8
5.5914,232.5,6262.9
5.5916,232.38,6260.4
5.5918,232.32,6259.2
5.592,232.27,6261
5.5922,232.24,6263.4
5.5924,232.27,6264.6
5.5926,232.4,6263.4
5.5928,232.59,6261.6
5.593,232.8,6259.8
5.5932,232.98,6258.4
5.5934,233,6258.5
5.5936,232.92,6259.3
5.5938,232.75,6260.6
5.594,232.55,6262.9
5.5942,232.37,6263.5
5.5944,232.16,6261.8
5.5946,231.97,6260.1
5.5948,231.84,6259
5.595,231.81,6258.3
5.5952,231.9,6259.9
5.5954,232.06,6261.9
5.5956,232.23,6264.2
5.5958,232.37,6265.9
5.596,232.47,6265.2
5.5962,232.47,6262
5.5964,232.44,6259.3
5.5966,232.38,6261
5.5968,232.34,6262.9
5.597,232.25,6266.2
5.5972,232.18,6267.1
5.5974,232.14,6263.5
5.5976,232.04,6259.5
5.5978,231.96,6260
5.598,232,6265.8
5.5982,232.19,6274.3
5.5984,232.5,6279.4
5.5986,232.76,6277.1
5.5988,232.87,6270.5
5.599,232.8,6265.2
5.5992,232.6,6265.1
5.5994,232.4,6270.3
5.5996,232.27,6277.3
5.5998,232.26,6283.8
5.6,232.23,6283.3
5.6002,232.07,6276.4
5.6004,231.97,6269.9
5.6006,231.98,6268.2
5.6008,232.11,6269
5.601,232.29,6270.1
5.6012,232.47,6268.8
5.6014,232.58,6266.1
5.6016,232.6,6263
5.6018,232.56,6262.9
5.602,232.49,6266.6
5.6022,232.44,6269.9
5.6024,232.38,6269.7
5.6026,232.3,6266.7
5.6028,232.13,6262.5
5.603,231.87,6259
5.6032,231.71,6259.5
5.6034,231.72,6263.8
5.6036,231.91,6266
5.6038,232.16,6265.3
5.604,232.4,6261.3
5.6042,232.53,6255.6
5.6044,232.52,6253.2
5.6046,232.46,6256
5.6048,232.4,6262.5
5.605,232.35,6264.3
5.6052,232.29,6261.8
5.6054,232.2,6259.1
5.6056,232.13,6256.6
5.6058,232.05,6255.5
5.606,232,6256.4
5.6062,232.04,6259.1
5.6064,232.14,6260.6
5.6066,232.25,6258.6
5.6068,232.38,6255.6
5.607,232.48,6253.2
5.6072,232.54,6252
5.6074,232.55,6254
5.6076,232.55,6258.7
5.6078,232.54,6261
5.608,232.48,6261.5
5.6082,232.31,6260.1
5.6084,232.16,6258.6
5.6086,232.09,6256.4
5.6088,232.09,6257.7
5.609,232.14,6257.3
5.6092,232.23,6254.9
5.6094,232.31,6253.1
5.6096,232.37,6256.1
5.6098,232.43,6260.5
5.61,232.55,6263.1
5.6102,232.64,6263.5
5.6104,232.66,6263.1
5.6106,232.65,6260.5
5.6108,232.54,6260.7
5.611,232.3,6267.2
5.6112,232.16,6273.1
5.6114,232.15,6273.6
5.6116,232.25,6271.4
5.6118,232.39,6268.2
5.612,232.55,6264.8
5.6122,232.69,6266.6
5.6124,232.79,6273.4
5.6126,232.89,6278.7
5.6128,233.01,6279.3
5.613,233.08,6278.1
5.6132,233.07,6275.5
5.6134,232.94,6271.9
5.6136,232.73,6273.4
5.6138,232.52,6281.3
5.614,232.44,6285.8
5.6142,232.45,6283.6
5.6144,232.53,6278.6
5.6146,232.67,6272.1
5.6148,232.77,6267.3
5.615,232.78,6270
5.6152,232.79,6276.7
5.6154,232.86,6278.7
5.6156,232.95,6276.1
5.6158,233.01,6272.6
5.616,232.99,6269.8
5.6162,232.88,6265.8
5.6164,232.7,6264.2
5.6166,232.48,6270
5.6168,232.4,6275.3
5.617,232.43,6278.2
5.6172,232.49,6278.6
5.6174,232.55,6274.7
5.6176,232.58,6267.5
5.6178,232.62,6262.5
5.618,232.69,6262
5.6182,232.78,6264
5.6184,232.84,6266.3
5.6186,232.88,6270.3
5.6188,232.85,6272.6
5.619,232.72,6271.1
5.6192,232.54,6267.5
5.6194,232.43,6262.6
5.6196,232.38,6262
5.6198,232.36,6264.8
5.62,232.4,6269.2
5.6202,232.48,6272.1
5.6204,232.62,6270.8
5.6206,232.77,6267.8
5.6208,232.91,6263.8
5.621,233,6262.2
5.6212,233.05,6264.4
5.6214,233.06,6269.1
5.6216,233.03,6273
5.6218,232.93,6273.4
5.622,232.79,6271.3
5.6222,232.68,6269.7
5.6224,232.57,6269.7
5.6226,232.48,6268.7
5.6228,232.48,6267.3
5.623,232.57,6265.1
5.6232,232.7,6264.2
5.6234,232.87,6263.9
5.6236,232.97,6262.7
5.6238,233.01,6259.8
5.624,233.03,6258.5
5.6242,232.99,6258.6
5.6244,232.96,6259.9
5.6246,232.87,6262.8
5.6248,232.71,6264.4
5.625,232.55,6260.3
5.6252,232.41,6254.6
5.6254,232.31,6253.1
5.6256,232.29,6254.8
5.6258,232.35,6257.9
5.626,232.49,6260.6
5.6262,232.69,6260.2
5.6264,232.86,6256.2
5.6266,232.95,6251.2
5.6268,232.93,6248.7
5.627,232.82,6250.4
5.6272,232.71,6253.8
5.6274,232.62,6255.9
5.6276,232.48,6258.9
5.6278,232.38,6260
5.628,232.35,6258.2
5.6282,232.34,6255.3
5.6284,232.37,6252
5.6286,232.4,6249.5
5.6288,232.45,6248.2
5.629,232.55,6251
5.6292,232.7,6255
5.6294,232.8,6257.7
5.6296,232.87,6258
5.6298,232.87,6256.3
5.63,232.76,6254
5.6302,232.62,6252.3
5.6304,232.49,6253
5.6306,232.41,6255.7
5.6308,232.39,6257.4
5.631,232.37,6258.4
5.6312,232.39,6258.9
5.6314,232.5,6258.5
5.6316,232.6,6256.6
5.6318,232.71,6253.4
5.632,232.78,6250.6
5.6322,232.77,6250.9
5.6324,232.76,6255
5.6326,232.74,6258.6
5.6328,232.73,6261
5.633,232.7,6262.3
5.6332,232.55,6262.7
5.6334,232.42,6261.1
5.6336,232.39,6257.8
5.6338,232.39,6254.6
5.634,232.42,6253
5.6342,232.5,6252.8
5.6344,232.64,6253.5
5.6346,232.79,6255.3
5.6348,232.92,6256.9
5.635,232.95,6255.2
5.6352,232.87,6251.9
5.6354,232.73,6248.5
5.6356,232.6,6247.3
5.6358,232.5,6247.8
5.636,232.38,6249.3
5.6362,232.2,6251.3
5.6364,232.12,6251.5
5.6366,232.13,6249.9
5.6368,232.22,6247.2
5.637,232.37,6244.3
5.6372,232.49,6242.4
5.6374,232.59,6243
5.6376,232.67,6245.1
5.6378,232.73,6248.4
5.638,232.79,6248.5
5.6382,232.84,6246.6
5.6384,232.75,6245.1
5.6386,232.59,6245.4
5.6388,232.44,6245.8
5.639,232.33,6244.4
5.6392,232.27,6243
5.6394,232.25,6243.7
5.6396,232.32,6245.8
5.6398,232.43,6248.4
5.64,232.59,6249.5
5.6402,232.75,6247.8
5.6404,232.87,6245.5
5.6406,232.95,6244.6
5.6408,232.92,6248.9
5.641,232.86,6252.2
5.6412,232.74,6252.1
5.6414,232.57,6249.9
5.6416,232.42,6246.6
5.6418,232.27,6243.5
5.642,232.17,6242.6
5.6422,232.11,6245.3
5.6424,232.17,6248.9
5.6426,232.33,6249.8
5.6428,232.51,6248.4
5.643,232.63,6244.2
5.6432,232.66,6241.2
5.6434,232.63,6243.3
5.6436,232.62,6249.5
5.6438,232.6,6254.5
5.644,232.57,6256.9
5.6442,232.5,6257.6
5.6444,232.37,6256.6
5.6446,232.23,6255.1
5.6448,232.08,6253.9
5.645,232.01,6253
5.6452,232.06,6250.4
5.6454,232.26,6246.7
5.6456,232.51,6246.8
5.6458,232.7,6253.9
5.646,232.84,6260.9
5.6462,232.91,6261.4
5.6464,232.89,6256.4
5.6466,232.83,6251.4
5.6468,232.73,6249.3
5.647,232.53,6257.1
5.6472,232.34,6265.2
5.6474,232.21,6265.6
5.6476,232.14,6261
5.6478,232.17,6254.4
5.648,232.28,6247.9
5.6482,232.43,6247.9
5.6484,232.61,6261.1
5.6486,232.77,6275.2
5.6488,232.89,6276.8
5.649,232.93,6273.5
5.6492,232.91,6268.5
5.6494,232.84,6264
5.6496,232.76,6263.8
5.6498,232.65,6268.6
5.65,232.5,6274.1
5.6502,232.38,6275.3
5.6504,232.26,6271.7
5.6506,232.18,6266.9
5.6508,232.19,6263.2
5.651,232.3,6263.9
5.6512,232.48,6267.4
5.6514,232.63,6269.4
5.6516,232.68,6266.6
5.6518,232.66,6262.1
5.652,232.56,6258.9
5.6522,232.43,6258
5.6524,232.31,6259
5.6526,232.16,6260.8
5.6528,232,6260.9
5.653,231.85,6258.6
5.6532,231.76,6257.3
5.6534,231.78,6258.5
5.6536,231.94,6258.1
5.6538,232.17,6257.1
5.654,232.39,6253.8
5.6542,232.52,6251.3
5.6544,232.55,6253.2
5.6546,232.53,6256.4
5.6548,232.5,6257.6
5.655,232.48,6257.2
5.6552,232.43,6255.8
5.6554,232.31,6252.8
5.6556,232.11,6249.8
5.6558,231.91,6249.1
5.656,231.82,6251.9
5.6562,231.87,6254.5
5.6564,232.05,6255
5.6566,232.27,6252.5
5.6568,232.49,6249.5
5.657,232.62,6247.7
5.6572,232.67,6247.3
5.6574,232.64,6247.4
5.6576,232.6,6247.9
5.6578,232.54,6249.4
5.658,232.45,6249.9
5.6582,232.29,6247.3
5.6584,232.12,6243.3
5.6586,231.99,6240.4
5.6588,231.91,6239.2
5.659,231.89,6238.2
5.6592,231.96,6238
5.6594,232.07,6237.5
5.6596,232.21,6237.3
5.6598,232.31,6240.1
5.66,232.43,6243.8
5.6602,232.5,6245.2
5.6604,232.46,6245.5
5.6606,232.4,6245.5
5.6608,232.33,6251.2
5.661,232.17,6259.6
5.6612,232.1,6264.2
5.6614,232.09,6261.1
5.6616,232.05,6253.4
5.6618,232.06,6248.5
5.662,232.19,6248.6
5.6622,232.33,6256.7
5.6624,232.48,6263
5.6626,232.62,6261.1
5.6628,232.69,6255.1
5.663,232.73,6247.6
5.6632,232.69,6243
5.6634,232.54,6243
5.6636,232.33,6250
5.6638,232.1,6259.5
5.664,231.96,6264.6
5.6642,231.91,6262.6
5.6644,231.92,6256.1
5.6646,231.97,6250.3
5.6648,232,6249.4
5.665,231.98,6258.4
5.6652,232.05,6269.2
5.6654,232.17,6269
5.6656,232.25,6261.2
5.6658,232.34,6253.7
5.666,232.36,6249.6
5.6662,232.21,6251.9
5.6664,232.01,6261
5.6666,231.94,6267.7
5.6668,231.87,6269.9
5.667,231.89,6267.6
5.6672,231.89,6262.4
5.6674,231.88,6258.1
5.6676,231.91,6255.3
5.6678,232.06,6252.8
5.668,232.23,6250
5.6682,232.38,6249.7
5.6684,232.42,6252.3
5.6686,232.36,6255.2
5.6688,232.21,6255.5
5.669,232.05,6254.8
5.6692,231.9,6253.1
5.6694,231.76,6249.9
5.6696,231.63,6247.2
5.6698,231.53,6247.8
5.67,231.48,6251.3
5.6702,231.5,6253.6
5.6704,231.6,6252.1
5.6706,231.73,6248.2
5.6708,231.86,6242.2
5.671,231.94,6237.6
5.6712,231.97,6238.4
5.6714,231.95,6245.4
5.6716,231.91,6251.7
5.6718,231.86,6253.7
5.672,231.76,6250.3
5.6722,231.62,6243.4
5.6724,231.44,6238.9
5.6726,231.25,6241.3
5.6728,231.15,6247.1
5.673,231.16,6249.4
5.6732,231.31,6247.9
5.6734,231.54,6243.5
5.6736,231.76,6237
5.6738,231.83,6231.7
5.674,231.8,6231.6
5.6742,231.69,6236.9
5.6744,231.58,6242.7
5.6746,231.48,6243.9
5.6748,231.35,6241.2
5.675,231.26,6238.5
5.6752,231.22,6235.7
5.6754,231.2,6235.3
5.6756,231.24,6237.5
5.6758,231.36,6239.1
5.676,231.54,6238.4
5.6762,231.75,6237.4
5.6764,231.93,6237.3
5.6766,231.99,6238.3
5.6768,231.96,6238.9
5.677,231.91,6239.4
5.6772,231.84,6240.5
5.6774,231.74,6241.9
5.6776,231.6,6243.2
5.6778,231.45,6242.3
5.678,231.33,6240.9
5.6782,231.25,6240.9
5.6784,231.27,6243.1
5.6786,231.39,6245.2
5.6788,231.51,6244.4
5.679,231.63,6241
5.6792,231.75,6236.5
5.6794,231.85,6235.8
5.6796,231.86,6240.3
5.6798,231.85,6246.2
5.68,231.79,6249.4
5.6802,231.7,6249.1
5.6804,231.55,6248
5.6806,231.4,6248.8
5.6808,231.3,6253
5.681,231.27,6257.1
5.6812,231.33,6255.9
5.6814,231.48,6251.5
5.6816,231.65,6248.7
5.6818,231.79,6248.5
5.682,231.88,6250.8
5.6822,231.89,6252.8
5.6824,231.87,6255.2
5.6826,231.83,6255.2
5.6828,231.77,6251.9
5.683,231.71,6246.5
5.6832,231.59,6245.1
5.6834,231.43,6250.5
5.6836,231.31,6260.9
5.6838,231.23,6269.2
5.684,231.21,6268.7
5.6842,231.32,6260.8
5.6844,231.53,6250.6
5.6846,231.75,6246.2
5.6848,231.91,6249.7
5.685,231.98,6256.3
5.6852,231.91,6260.8
5.6854,231.82,6260.5
5.6856,231.76,6253.8
5.6858,231.65,6245.4
5.686,231.48,6245
5.6862,231.35,6253.8
5.6864,231.36,6263.1
5.6866,231.42,6264.9
5.6868,231.54,6261.1
5.687,231.72,6254.6
5.6872,231.89,6249.1
5.6874,232.02,6247
5.6876,232.08,6250.5
5.6878,232.09,6256.3
5.688,232.07,6260.4
5.6882,232.04,6261.4
5.6884,232,6259.7
5.6886,231.92,6257.8
5.6888,231.77,6255.8
5.689,231.57,6254
5.6892,231.4,6254
5.6894,231.29,6254.7
5.6896,231.29,6255.7
5.6898,231.39,6257.1
5.69,231.56,6255.2
5.6902,231.71,6250.2
5.6904,231.8,6246.2
5.6906,231.81,6247.1
5.6908,231.77,6253.3
5.691,231.73,6260.5
5.6912,231.7,6264.8
5.6914,231.64,6263.7
5.6916,231.52,6258.8
5.6918,231.39,6251.7
5.692,231.29,6248
5.6922,231.26,6247.9
5.6924,231.32,6251.1
5.6926,231.48,6253.9
5.6928,231.66,6255
5.693,231.79,6253.7
5.6932,231.89,6250.1
5.6934,231.92,6248.7
5.6936,231.91,6250.3
5.6938,231.88,6254.8
5.694,231.81,6258
5.6942,231.68,6261.5
5.6944,231.56,6266.8
5.6946,231.55,6269.1
5.6948,231.56,6265.5
5.695,231.58,6260.3
5.6952,231.64,6257
5.6954,231.75,6258.1
5.6956,231.88,6264
5.6958,232.06,6271.9
5.696,232.17,6275.9
5.6962,232.23,6274.4
5.6964,232.28,6271.5
5.6966,232.26,6269
5.6968,232.18,6268.8
5.697,232,6272.1
5.6972,231.79,6277.8
5.6974,231.61,6280.6
5.6976,231.54,6282.2
5.6978,231.63,6282.5
5.698,231.85,6279.2
5.6982,232.06,6273.1
5.6984,232.21,6268.5
5.6986,232.24,6269.2
5.6988,232.18,6272.3
5.699,232.12,6278.6
5.6992,232.12,6285.3
5.6994,232.19,6285
5.6996,232.25,6278.8
5.6998,232.22,6272.1
5.7,232.08,6269.5
5.7002,231.95,6272.1
5.7004,231.87,6278.9
5.7006,231.81,6283.2
5.7008,231.84,6280.6
5.701,231.96,6274.8
5.7012,232.14,6270.6
5.7014,232.34,6268.1
5.7016,232.45,6269.8
5.7018,232.46,6274.2
5.702,232.44,6276.7
5.7022,232.39,6275.5
5.7024,232.26,6272.8
5.7026,232.09,6271.3
5.7028,231.94,6273.3
5.703,231.92,6276.2
5.7032,232.05,6276.2
5.7034,232.22,6273.3
5.7036,232.38,6270
5.7038,232.49,6268
5.704,232.51,6267
5.7042,232.52,6266.1
5.7044,232.56,6264.9
5.7046,232.64,6264.6
5.7048,232.69,6265.8
5.705,232.68,6266.5
5.7052,232.57,6267.2
5.7054,232.35,6266.6
5.7056,232.15,6263.7
5.7058,232.05,6261.4
5.706,232.04,6260.4
5.7062,232.1,6262.2
5.7064,232.23,6264.9
5.7066,232.37,6266
5.7068,232.51,6263.9
5.707,232.64,6259.8
5.7072,232.74,6256.7
5.7074,232.79,6257.7
5.7076,232.8,6262.1
5.7078,232.74,6265.6
5.708,232.6,6266.7
5.7082,232.42,6264
5.7084,232.28,6260.2
5.7086,232.18,6260.3
5.7088,232.14,6262.9
5.709,232.16,6265.9
5.7092,232.24,6266.6
5.7094,232.39,6265.7
5.7096,232.53,6263.2
5.7098,232.65,6264.3
5.71,232.79,6270.5
5.7102,232.86,6276
5.7104,232.86,6279.1
5.7106,232.8,6279.9
5.7108,232.68,6279.4
5.711,232.53,6279.5
5.7112,232.48,6281.6
5.7114,232.53,6285.1
5.7116,232.61,6285.9
5.7118,232.74,6283.2
5.712,232.87,6281
5.7122,232.99,6281.9
5.7124,233.04,6284.4
5.7126,233.05,6287
5.7128,233.05,6287.5
5.713,233.07,6286.7
5.7132,233.09,6287.7
5.7134,233.08,6289.9
5.7136,232.99,6291.8
5.7138,232.86,6294.2
5.714,232.82,6296
5.7142,232.8,6292.6
5.7144,232.76,6287.2
5.7146,232.74,6282.2
5.7148,232.79,6279.9
5.715,232.88,6283.2
5.7152,232.98,6290.3
5.7154,233.12,6291.6
5.7156,233.26,6285.7
5.7158,233.31,6278.8
5.716,233.28,6275.2
5.7162,233.13,6277.3
5.7164,232.89,6284.1
5.7166,232.74,6291.3
5.7168,232.74,6290.1
5.717,232.84,6281.3
5.7172,232.91,6273.2
5.7174,232.88,6271.2
5.7176,232.84,6275.7
5.7178,232.86,6284.2
5.718,232.96,6292.1
5.7182,233.15,6292.6
5.7184,233.41,6286.3
5.7186,233.55,6280.1
5.7188,233.5,6278.3
5.719,233.27,6279.2
5.7192,232.98,6280.6
5.7194,232.82,6281.5
5.7196,232.75,6280.1
5.7198,232.73,6277.3
5.72,232.74,6275.9
5.7202,232.79,6276.2
5.7204,232.89,6276.3
5.7206,232.99,6273.5
5.7208,233.09,6269.9
5.721,233.17,6266.8
5.7212,233.24,6267.3
5.7214,233.27,6272.2
5.7216,233.25,6277.4
5.7218,233.14,6278.3
5.722,232.98,6273.9
5.7222,232.87,6267.2
5.7224,232.78,6262.9
5.7226,232.7,6263.6
5.7228,232.66,6267
5.723,232.7,6268.3
5.7232,232.77,6267.2
5.7234,232.88,6264.8
5.7236,233.03,6261.9
5.7238,233.11,6260.5
5.724,233.17,6262
5.7242,233.21,6266.3
5.7244,233.17,6268.1
5.7246,233.05,6266.8
5.7248,232.84,6265.3
5.725,232.61,6263.5
5.7252,232.47,6261.2
5.7254,232.47,6263.5
5.7256,232.55,6268.1
5.7258,232.68,6268.5
5.726,232.84,6264.5
5.7262,232.94,6259.8
5.7264,233.02,6256.9
5.7266,233.09,6258.5
5.7268,233.14,6264.7
5.727,233.24,6271.9
5.7272,233.31,6274.7
5.7274,233.28,6274.7
5.7276,233.1,6276.9
5.7278,232.9,6276.3
5.728,232.77,6272
5.7282,232.75,6267.3
5.7284,232.88,6267.7
5.7286,233.03,6272.1
5.7288,233.17,6279.2
5.729,233.27,6285.1
5.7292,233.39,6283.4
5.7294,233.46,6278.7
5.7296,233.48,6276.2
5.7298,233.47,6275.3
5.73,233.43,6277.4
5.7302,233.34,6278.9
5.7304,233.16,6279
5.7306,232.99,6279.9
5.7308,233,6281.6
5.731,233.12,6282.4
5.7312,233.23,6282
5.7314,233.27,6280.7
5.7316,233.31,6278.8
5.7318,233.39,6276.5
5.732,233.47,6274.3
5.7322,233.57,6276.5
5.7324,233.68,6279.4
5.7326,233.73,6280.9
5.7328,233.67,6280.6
5.733,233.5,6280.2
5.7332,233.25,6280.9
5.7334,233.03,6282.9
5.7336,232.97,6283.2
5.7338,233.07,6281.1
5.734,233.24,6277
5.7342,233.34,6273.3
5.7344,233.37,6270.6
5.7346,233.36,6269.2
5.7348,233.33,6267.9
5.735,233.34,6269.2
5.7352,233.41,6273
5.7354,233.49,6274.5
5.7356,233.42,6270.6
5.7358,233.23,6264.9
5.736,233.07,6260.2
5.7362,232.91,6259.5
5.7364,232.77,6263.6
5.7366,232.67,6269.7
5.7368,232.65,6273.4
5.737,232.78,6270.8
5.7372,232.97,6265.5
5.7374,233.16,6260.4
5.7376,233.31,6257.7
5.7378,233.36,6260.2
5.738,233.33,6265
5.7382,233.26,6269
5.7384,233.16,6269.5
5.7386,233.06,6267
5.7388,232.92,6261.7
5.739,232.87,6256.6
5.7392,232.88,6254.6
5.7394,232.92,6256.6
5.7396,232.95,6258.7
5.7398,233,6257.9
5.74,233.07,6254.3
5.7402,233.17,6250.9
5.7404,233.27,6247.6
5.7406,233.34,6247
5.7408,233.36,6249.9
5.741,233.33,6252.8
5.7412,233.21,6252
5.7414,233,6249
5.7416,232.78,6246.6
5.7418,232.62,6246.8
5.742,232.55,6249.1
5.7422,232.56,6251.3
5.7424,232.68,6251.1
5.7426,232.86,6249.4
5.7428,233.03,6248.3
5.743,233.14,6248.9
5.7432,233.15,6254.5
5.7434,233.2,6262.8
5.7436,233.25,6267.5
5.7438,233.24,6265
5.744,233.18,6259.5
5.7442,233.03,6258.8
5.7444,232.9,6263.2
5.7446,232.92,6268.7
5.7448,232.95,6271.3
5.745,233.01,6269.1
5.7452,233.1,6264.5
5.7454,233.13,6262.6
5.7456,233.2,6262.9
5.7458,233.32,6268.8
5.746,233.43,6275.3
5.7462,233.56,6278.2
5.7464,233.64,6276.6
5.7466,233.64,6272.6
5.7468,233.5,6270.2
5.747,233.28,6274.1
5.7472,233.09,6280.3
5.7474,232.97,6282.1
5.7476,232.94,6280.8
5.7478,233.04,6277.5
5.748,233.19,6274.9
5.7482,233.33,6275.3
5.7484,233.48,6278.2
5.7486,233.6,6280.4
5.7488,233.69,6281.3
5.749,233.72,6280.1
5.7492,233.68,6279.3
5.7494,233.61,6279.7
5.7496,233.49,6282.2
5.7498,233.36,6283.8
5.75,233.28,6281.6
5.7502,233.25,6278.2
5.7504,233.23,6276.1
5.7506,233.2,6278.3
5.7508,233.24,6281
5.751,233.36,6280.1
5.7512,233.5,6275.7
5.7514,233.62,6269.9
5.7516,233.71,6266
5.7518,233.73,6264.5
5.752,233.65,6266.6
5.7522,233.53,6269.4
5.7524,233.36,6271.6
5.7526,233.16,6271.7
5.7528,233.07,6267.7
5.753,233.1,6262.2
5.7532,233.14,6259.9
5.7534,233.14,6260.7
5.7536,233.11,6261.6
5.7538,233.12,6261.3
5.754,233.2,6261.9
5.7542,233.34,6260.5
5.7544,233.53,6259.2
5.7546,233.64,6259
5.7548,233.64,6260.6
5.755,233.54,6260.6
5.7552,233.33,6257.9
5.7554,233.08,6253.2
5.7556,232.92,6252.6
5.7558,232.85,6255.9
5.756,232.89,6258.8
5.7562,233.02,6258.1
5.7564,233.18,6254.2
5.7566,233.3,6250.4
5.7568,233.38,6248.2
5.757,233.45,6248.3
5.7572,233.52,6249.4
5.7574,233.57,6250.7
5.7576,233.55,6251.5
5.7578,233.46,6251.7
5.758,233.3,6250.2
5.7582,233.17,6246.6
5.7584,233.05,6244.9
5.7586,232.93,6245.9
5.7588,232.86,6247.1
5.759,232.84,6247.6
5.7592,232.9,6247.4
5.7594,233.03,6245.2
5.7596,233.18,6240.7
5.7598,233.33,6235.4
5.76,233.38,6232.2
5.7602,233.31,6232.3
5.7604,233.18,6236
5.7606,232.99,6241.7
5.7608,232.78,6246.4
5.761,232.68,6246.8
5.7612,232.68,6241.9
5.7614,232.7,6236
5.7616,232.68,6234.3
5.7618,232.66,6239.3
5.762,232.71,6249.7
5.7622,232.78,6256.5
5.7624,232.86,6255.7
5.7626,232.96,6250.8
5.7628,233.04,6247.5
5.763,233.05,6248.2
5.7632,233.01,6252.8
5.7634,232.91,6259.9
5.7636,232.8,6267.3
5.7638,232.66,6271.4
5.764,232.49,6270.2
5.7642,232.38,6266.1
5.7644,232.4,6263.6
5.7646,232.51,6263.8
5.7648,232.67,6267.3
5.765,232.86,6269.2
5.7652,233.02,6266.6
5.7654,233.14,6263.5
5.7656,233.19,6264
5.7658,233.19,6266.4
5.766,233.13,6268.4
5.7662,233.03,6270.1
5.7664,232.91,6270.9
5.7666,232.75,6270.1
5.7668,232.6,6271.9
5.767,232.48,6276.4
5.7672,232.4,6279.6
5.7674,232.47,6275.1
5.7676,232.65,6266.7
5.7678,232.87,6259
5.768,233.04,6258.4
5.7682,233.1,6264.4
5.7684,233.11,6271.7
5.7686,233.05,6273.6
5.7688,232.91,6269.3
5.769,232.8,6260.6
5.7692,232.7,6252.7
5.7694,232.55,6249.9
5.7696,232.4,6252.3
5.7698,232.3,6258
5.77,232.27,6262.3
5.7702,232.31,6260.9
5.7704,232.42,6255.8
5.7706,232.59,6250.3
5.7708,232.76,6246.5
5.771,232.86,6247.2
5.7712,232.89,6253.5
5.7714,232.86,6261.1
5.7716,232.8,6262
5.7718,232.72,6257.6
5.772,232.6,6252.1
5.7722,232.44,6250.2
5.7724,232.33,6251.5
5.7726,232.33,6254.9
5.7728,232.41,6258.2
5.773,232.55,6257.4
5.7732,232.68,6251.8
5.7734,232.77,6245.2
5.7736,232.79,6241.5
5.7738,232.76,6242
5.774,232.73,6246.9
5.7742,232.72,6253.6
5.7744,232.74,6256.1
5.7746,232.77,6253.4
5.7748,232.72,6248.1
5.775,232.54,6244.8
5.7752,232.34,6244.8
5.7754,232.19,6247.1
5.7756,232.13,6249.9
5.7758,232.19,6250.7
5.776,232.34,6248.3
5.7762,232.51,6243.6
5.7764,232.63,6239.4
5.7766,232.68,6237.9
5.7768,232.65,6240.3
5.777,232.57,6244.4
5.7772,232.49,6247.6
5.7774,232.41,6248.8
5.7776,232.3,6251.2
5.7778,232.22,6255.4
5.778,232.3,6257.2
5.7782,232.46,6255.1
5.7784,232.57,6250.4
5.7786,232.59,6247.5
5.7788,232.56,6251.2
5.779,232.55,6263.9
5.7792,232.72,6274.4
5.7794,233,6275.8
5.7796,233.23,6270.2
5.7798,233.29,6263.7
5.78,233.21,6260.2
5.7802,233.01,6262.6
5.7804,232.81,6274
5.7806,232.71,6283.6
5.7808,232.69,6285.5
5.781,232.7,6281.1
5.7812,232.78,6274.4
5.7814,232.87,6273
5.7816,233,6276.9
5.7818,233.19,6280.3
5.782,233.3,6279.5
5.7822,233.33,6275.9
5.7824,233.3,6273.4
5.7826,233.2,6273.8
5.7828,233.08,6275.6
5.783,232.98,6278.6
5.7832,232.87,6282
5.7834,232.76,6283.1
5.7836,232.76,6279.3
5.7838,232.8,6271.8
5.784,232.88,6265.1
5.7842,232.93,6263.1
5.7844,232.97,6264.2
5.7846,233.03,6265.1
5.7848,233.09,6265.5
5.785,233.15,6262.6
5.7852,233.2,6258.5
5.7854,233.16,6257.7
5.7856,233.06,6258.6
5.7858,232.88,6258.3
5.786,232.66,6257
5.7862,232.44,6255.7
5.7864,232.28,6256.3
5.7866,232.27,6258.6
5.7868,232.41,6261.4
5.787,232.61,6261.7
5.7872,232.81,6258.6
5.7874,232.98,6253.6
5.7876,233.06,6250.1
5.7878,233.06,6249.6
5.788,233.02,6253.8
5.7882,232.96,6259
5.7884,232.88,6261.3
5.7886,232.75,6257.4
5.7888,232.61,6251.2
5.789,232.44,6248.9
5.7892,232.28,6250.2
5.7894,232.21,6253.9
5.7896,232.26,6255.7
5.7898,232.38,6253.2
5.79,232.5,6247.5
5.7902,232.62,6241.3
5.7904,232.67,6239.9
5.7906,232.67,6243.6
5.7908,232.7,6248.7
5.791,232.7,6251.5
5.7912,232.69,6249.9
5.7914,232.59,6244.9
5.7916,232.45,6239.4
5.7918,232.32,6237.3
5.792,232.22,6239
5.7922,232.16,6241.3
5.7924,232.17,6242.2
5.7926,232.26,6240.6
5.7928,232.38,6238.7
5.793,232.54,6236.3
5.7932,232.67,6236.6
5.7934,232.75,6240.9
5.7936,232.83,6247.3
5.7938,232.84,6251.7
5.794,232.77,6252.2
5.7942,232.61,6252.9
5.7944,232.54,6254.8
5.7946,232.55,6255.9
5.7948,232.52,6256.7
5.795,232.54,6257
5.7952,232.67,6257.4
5.7954,232.86,6258
5.7956,233.01,6258.3
5.7958,233.09,6259
5.796,233.16,6261
5.7962,233.19,6263.3
5.7964,233.19,6264.3
5.7966,233.19,6263.8
5.7968,233.13,6263.8
5.797,232.98,6265.4
5.7972,232.84,6267.6
5.7974,232.8,6269.8
5.7976,232.82,6271.6
5.7978,232.86,6269.9
5.798,232.89,6267.4
5.7982,232.92,6265.8
5.7984,232.96,6264.4
5.7986,233.03,6264.7
5.7988,233.16,6268.3
5.799,233.26,6272
5.7992,233.3,6273.5
5.7994,233.23,6272
5.7996,233.08,6268.6
5.7998,232.87,6266.8
5.8,232.73,6266.8
5.8002,232.69,6269.1
5.8004,232.73,6271.3
5.8006,232.8,6271.8
5.8008,232.84,6269
5.801,232.85,6266
5.8012,232.88,6262.9
5.8014,232.94,6261.4
5.8016,233.04,6260.7
5.8018,233.1,6261.9
5.802,233.11,6263.9
5.8022,233.05,6265
5.8024,232.91,6263.9
5.8026,232.71,6261.6
5.8028,232.58,6259.7
5.803,232.57,6260.4
5.8032,232.66,6260.6
5.8034,232.8,6260.2
5.8036,232.91,6258.4
5.8038,232.96,6256.9
5.804,232.99,6255.9
5.8042,233.03,6255.7
5.8044,233.12,6257.1
5.8046,233.21,6258.5
5.8048,233.28,6259.7
5.805,233.29,6259.7
5.8052,233.19,6257.8
5.8054,233,6254.3
5.8056,232.84,6251.8
5.8058,232.72,6252.8
5.806,232.66,6255.5
5.8062,232.67,6257.6
5.8064,232.73,6256.6
5.8066,232.82,6254
5.8068,232.92,6250.6
5.807,233,6247.7
5.8072,233.03,6246.3
5.8074,233.05,6250.2
5.8076,233.04,6254.7
5.8078,232.98,6257.2
5.808,232.89,6256.7
5.8082,232.74,6253
5.8084,232.59,6249.1
5.8086,232.53,6249.6
5.8088,232.56,6254
5.809,232.63,6258.1
5.8092,232.73,6258.8
5.8094,232.83,6255.4
5.8096,232.94,6252.5
5.8098,233.04,6252.4
5.81,233.11,6254.9
5.8102,233.15,6257.9
5.8104,233.14,6259.8
5.8106,233.06,6260.4
5.8108,232.93,6261.4
5.811,232.75,6265.5
5.8112,232.6,6268.8
5.8114,232.6,6267.2
5.8116,232.74,6262.7
5.8118,232.91,6259
5.812,233.05,6256.9
5.8122,233.11,6258.2
5.8124,233.1,6261.2
5.8126,233.09,6261
5.8128,233.12,6259.4
5.813,233.18,6258.4
5.8132,233.22,6259.1
5.8134,233.17,6261.5
5.8136,233,6266.3
5.8138,232.76,6272
5.814,232.61,6274.1
5.8142,232.55,6271.3
5.8144,232.54,6266.4
5.8146,232.64,6262.6
5.8148,232.72,6262
5.815,232.77,6263.5
5.8152,232.81,6264.5
5.8154,232.79,6266.6
5.8156,232.83,6269
5.8158,232.88,6268.9
5.816,232.85,6266.8
5.8162,232.8,6263.6
5.8164,232.66,6262
5.8166,232.52,6262.6
5.8168,232.5,6264.4
5.817,232.53,6269
5.8172,232.57,6271
5.8174,232.55,6268.5
5.8176,232.51,6263.2
5.8178,232.55,6259
5.818,232.68,6257.1
5.8182,232.87,6258.3
5.8184,233.03,6261.7
5.8186,233.1,6263.4
5.8188,233.06,6261
5.819,232.88,6256.1
5.8192,232.64,6251.5
5.8194,232.45,6250.9
5.8196,232.41,6251.9
5.8198,232.47,6252.4
5.82,232.55,6251.6
5.8202,232.58,6249
5.8204,232.53,6246.8
5.8206,232.47,6244.9
5.8208,232.48,6242.6
5.821,232.55,6240.4
5.8212,232.7,6240.5
5.8214,232.82,6243.9
5.8216,232.87,6247.1
5.8218,232.79,6248.4
5.822,232.58,6247.4
5.8222,232.36,6244.3
5.8224,232.23,6242.3
5.8226,232.21,6241.9
5.8228,232.23,6242.5
5.823,232.31,6244
5.8232,232.41,6245.4
5.8234,232.52,6244.4
5.8236,232.65,6240.7
5.8238,232.74,6237.3
5.824,232.79,6237.1
5.8242,232.78,6239.8
5.8244,232.72,6244
5.8246,232.59,6248.1
5.8248,232.42,6249.6
5.825,232.26,6247.5
5.8252,232.11,6244.7
5.8254,232,6243.2
5.8256,231.97,6244.7
5.8258,232.06,6247.5
5.826,232.25,6247.3
5.8262,232.47,6244.9
5.8264,232.67,6244.8
5.8266,232.77,6247.5
5.8268,232.77,6250.8
5.827,232.69,6252.8
5.8272,232.6,6253.7
5.8274,232.49,6251.4
5.8276,232.39,6247.7
5.8278,232.31,6246.5
5.828,232.24,6249.5
5.8282,232.15,6254.7
5.8284,232.09,6258.5
5.8286,232.12,6259.2
5.8288,232.27,6259
5.829,232.48,6257.6
5.8292,232.69,6256.4
5.8294,232.85,6255.8
5.8296,232.9,6254.9
5.8298,232.84,6254.5
5.83,232.73,6253.6
5.8302,232.59,6255.6
5.8304,232.39,6263.7
5.8306,232.27,6270.3
5.8308,232.21,6271
5.831,232.2,6266.6
5.8312,232.28,6260
5.8314,232.45,6256.2
5.8316,232.6,6257.5
5.8318,232.7,6262.1
5.832,232.77,6263.9
5.8322,232.76,6265.4
5.8324,232.75,6267.9
5.8326,232.75,6268
5.8328,232.7,6265.1
5.833,232.63,6264.1
5.8332,232.48,6265.9
5.8334,232.27,6266.5
5.8336,232.1,6266
5.8338,231.99,6264.5
5.834,231.98,6262.1
5.8342,232.09,6260
5.8344,232.26,6260.3
5.8346,232.42,6262.9
5.8348,232.56,6267.1
5.835,232.66,6269.9
5.8352,232.74,6268.3
5.8354,232.72,6266
5.8356,232.63,6264.6
5.8358,232.5,6264.6
5.836,232.36,6264.7
5.8362,232.2,6264.1
5.8364,232.07,6262.7
5.8366,231.98,6261.9
5.8368,231.98,6261.8
5.837,232.09,6261.3
5.8372,232.22,6260.3
5.8374,232.38,6259
5.8376,232.55,6259.4
5.8378,232.65,6261.5
5.838,232.7,6263.3
5.8382,232.71,6264.1
5.8384,232.64,6262.5
5.8386,232.48,6261.2
5.8388,232.33,6262.7
5.839,232.22,6265.1
5.8392,232.17,6265.3
5.8394,232.18,6263.3
5.8396,232.23,6260.5
5.8398,232.29,6257.8
5.84,232.35,6257
5.8402,232.42,6256.1
5.8404,232.47,6255.5
5.8406,232.53,6255.9
5.8408,232.59,6257.1
5.841,232.59,6256.7
5.8412,232.52,6257.6
5.8414,232.39,6259.6
5.8416,232.25,6261
5.8418,232.14,6260.2
5.842,232.01,6259.3
5.8422,231.95,6258.8
5.8424,232.01,6257.7
5.8426,232.18,6257.7
5.8428,232.42,6259.6
5.843,232.66,6259.5
5.8432,232.79,6258.1
5.8434,232.8,6258.3
5.8436,232.71,6260.9
5.8438,232.6,6263.5
5.844,232.49,6265.4
5.8442,232.4,6268.7
5.8444,232.35,6268.7
5.8446,232.29,6265.9
5.8448,232.24,6263.9
5.845,232.24,6261.4
5.8452,232.26,6259.8
5.8454,232.3,6259.4
5.8456,232.38,6262.9
5.8458,232.52,6266.4
5.846,232.63,6267.2
5.8462,232.71,6266.8
5.8464,232.76,6268
5.8466,232.72,6268.5
5.8468,232.58,6269
5.847,232.42,6270.4
5.8472,232.33,6272.1
5.8474,232.23,6272.8
5.8476,232.18,6274.6
5.8478,232.22,6276.6
5.848,232.31,6275.8
5.8482,232.43,6272.9
5.8484,232.6,6270.3
5.8486,232.77,6269.5
5.8488,232.87,6269.9
5.849,232.89,6270.7
5.8492,232.84,6272.2
5.8494,232.72,6272.1
5.8496,232.58,6272.9
5.8498,232.44,6271.9
5.85,232.31,6270.4
5.8502,232.18,6269.6
5.8504,232.09,6270.7
5.8506,232.07,6273.2
5.8508,232.12,6275.3
5.851,232.26,6274
5.8512,232.48,6271.2
5.8514,232.67,6269.1
5.8516,232.79,6268.5
5.8518,232.79,6268.5
5.852,232.69,6267.7
5.8522,232.57,6266.9
5.8524,232.46,6267.4
5.8526,232.37,6267.2
5.8528,232.23,6266.3
5.853,232.11,6266.8
5.8532,232.04,6266.3
5.8534,232.05,6263.5
5.8536,232.16,6259.9
5.8538,232.33,6257.3
5.854,232.47,6256
5.8542,232.58,6259.7
5.8544,232.67,6264.8
5.8546,232.74,6267.9
5.8548,232.77,6267
5.855,232.76,6263.4
5.8552,232.69,6260.9
5.8554,232.55,6260.6
5.8556,232.4,6261.7
5.8558,232.25,6262.6
5.856,232.19,6262.8
5.8562,232.25,6261.7
5.8564,232.41,6259.4
5.8566,232.58,6257
5.8568,232.7,6255.4
5.857,232.76,6255
5.8572,232.78,6256.3
5.8574,232.78,6258
5.8576,232.78,6258.5
5.8578,232.78,6260.1
5.858,232.72,6261.7
5.8582,232.59,6261
5.8584,232.52,6260.7
5.8586,232.52,6260.5
5.8588,232.54,6260.4
5.859,232.58,6262.3
5.8592,232.64,6264.1
5.8594,232.73,6263.5
5.8596,232.85,6261.8
5.8598,232.99,6260.4
5.86,233.12,6262.1
5.8602,233.22,6263.7
5.8604,233.24,6265.2
5.8606,233.16,6267.9
5.8608,233,6269.8
5.861,232.86,6270
5.8612,232.84,6270
5.8614,232.88,6269
5.8616,232.92,6268.5
5.8618,232.95,6269.3
5.862,232.97,6272.2
5.8622,233,6274.4
5.8624,233.14,6274.4
5.8626,233.32,6272.3
5.8628,233.47,6269.2
5.863,233.5,6268.2
5.8632,233.45,6269.9
5.8634,233.28,6273.5
5.8636,233.09,6279.4
5.8638,232.91,6283.5
5.864,232.76,6283.7
5.8642,232.66,6280.1
5.8644,232.62,6274.2
5.8646,232.62,6269
5.8648,232.7,6268.7
5.865,232.81,6272.2
5.8652,232.91,6276.3
5.8654,232.94,6277.9
5.8656,232.97,6274.8
5.8658,232.94,6269.2
5.866,232.88,6265.6
5.8662,232.81,6265.6
5.8664,232.69,6271
5.8666,232.56,6280.2
5.8668,232.5,6287.2
5.867,232.57,6284.9
5.8672,232.65,6273.4
5.8674,232.7,6262.8
5.8676,232.79,6262.9
5.8678,232.94,6274.3
5.868,233.14,6286.8
5.8682,233.27,6291.6
5.8684,233.3,6286.9
5.8686,233.3,6276.8
5.8688,233.28,6269.3
5.869,233.24,6269.2
5.8692,233.11,6276.3
5.8694,232.99,6283.2
5.8696,232.91,6285.6
5.8698,232.89,6283.1
5.87,232.92,6277.6
5.8702,232.99,6273.9
5.8704,233.13,6272.2
5.8706,233.31,6271.8
5.8708,233.45,6271.8
5.871,233.53,6271.8
5.8712,233.53,6271.8
5.8714,233.49,6273
5.8716,233.45,6274.5
5.8718,233.39,6275.3
5.872,233.3,6273.1
5.8722,233.12,6269.4
5.8724,233.02,6266.5
5.8726,233.03,6265.3
5.8728,233.09,6266.6
5.873,233.17,6269.1
5.8732,233.23,6269.9
5.8734,233.3,6267.2
5.8736,233.37,6261.5
5.8738,233.44,6257.4
5.874,233.49,6258.6
5.8742,233.55,6262.8
5.8744,233.54,6266.5
5.8746,233.43,6265.6
5.8748,233.25,6262.2
5.875,233.03,6257.9
5.8752,232.89,6255.2
5.8754,232.86,6257.4
5.8756,232.92,6260.1
5.8758,233.04,6259.1
5.876,233.17,6254.9
5.8762,233.28,6251.9
5.8764,233.32,6252
5.8766,233.33,6255.1
5.8768,233.34,6258.8
5.877,233.37,6263.7
5.8772,233.38,6265.8
5.8774,233.34,6265.6
5.8776,233.18,6263.5
5.8778,233.01,6262
5.878,232.89,6263.3
5.8782,232.86,6266.5
5.8784,232.9,6270.2
5.8786,232.99,6271.2
5.8788,233.12,6268.5
5.879,233.25,6264.7
5.8792,233.37,6263.8
5.8794,233.49,6266.3
5.8796,233.57,6268.5
5.8798,233.56,6269.7
5.88,233.47,6270.7
5.8802,233.33,6271.4
5.8804,233.13,6272.8
5.8806,232.95,6277
5.8808,232.82,6280.3
5.881,232.78,6280.4
5.8812,232.85,6276.9
5.8814,232.97,6273.7
5.8816,233.13,6274.1
5.8818,233.28,6278.3
5.882,233.39,6282.7
5.8822,233.46,6284.5
5.8824,233.51,6283.8
5.8826,233.5,6281.2
5.8828,233.44,6278.6
5.883,233.32,6278.4
5.8832,233.23,6280.9
5.8834,233.18,6282.4
5.8836,233.15,6281.2
5.8838,233.14,6278.7
5.884,233.19,6276.3
5.8842,233.31,6276.1
5.8844,233.46,6278.3
5.8846,233.63,6282.7
5.8848,233.8,6285.6
5.885,233.94,6284.3
5.8852,234.01,6281.9
5.8854,233.98,6279.3
5.8856,233.85,6278.6
5.8858,233.65,6278.9
5.886,233.49,6279.7
5.8862,233.42,6278.4
5.8864,233.39,6274.5
5.8866,233.41,6272.8
5.8868,233.48,6274.8
5.887,233.55,6276.6
5.8872,233.63,6277
5.8874,233.73,6277.7
5.8876,233.85,6277.2
5.8878,233.95,6277.7
5.888,234.01,6280.9
5.8882,234,6282.3
5.8884,233.89,6280.5
5.8886,233.72,6277.5
5.8888,233.55,6275.8
5.889,233.38,6278
5.8892,233.24,6283.7
5.8894,233.24,6287.2
5.8896,233.36,6284.6
5.8898,233.56,6281.5
5.89,233.8,6278.8
5.8902,233.97,6276.1
5.8904,234.01,6276.7
5.8906,234,6279.8
5.8908,233.94,6281.3
5.891,233.92,6281.1
5.8912,233.94,6279.9
5.8914,233.89,6276.6
5.8916,233.79,6275
5.8918,233.72,6276.3
5.892,233.64,6278.4
5.8922,233.59,6278.4
5.8924,233.6,6276.8
5.8926,233.7,6275.3
5.8928,233.85,6274.1
5.893,233.98,6273.4
5.8932,234.08,6273.6
5.8934,234.1,6273.9
5.8936,234.07,6277.4
5.8938,234.02,6280.4
5.894,233.95,6280.6
5.8942,233.83,6281.5
5.8944,233.74,6279.8
5.8946,233.72,6277.1
5.8948,233.69,6274.2
5.895,233.67,6273
5.8952,233.66,6273.7
5.8954,233.72,6275.4
5.8956,233.82,6276.6
5.8958,233.95,6277.5
5.896,234.08,6277.2
5.8962,234.11,6278.8
5.8964,234.09,6280.3
5.8966,234.06,6280
5.8968,234.01,6278.7
5.897,233.87,6280.1
5.8972,233.69,6282.2
5.8974,233.54,6285.8
5.8976,233.49,6290.6
5.8978,233.6,6289.5
5.898,233.74,6283.1
5.8982,233.85,6275.5
5.8984,233.91,6271.4
5.8986,233.91,6272.4
5.8988,233.92,6277.4
5.899,234,6283.1
5.8992,234.09,6282.2
5.8994,234.11,6275.1
5.8996,234.01,6268.4
5.8998,233.78,6269.7
5.9,233.56,6276.4
5.9002,233.45,6282.9
5.9004,233.5,6286.1
5.9006,233.65,6283.3
5.9008,233.82,6275.1
5.901,233.93,6269.5
5.9012,233.95,6272.4
5.9014,233.92,6277.5
5.9016,233.91,6280.7
5.9018,234.01,6281
5.902,234.19,6278.3
5.9022,234.25,6274.8
5.9024,234.17,6273.2
5.9026,233.98,6275.1
5.9028,233.82,6277.9
5.903,233.74,6277.5
5.9032,233.73,6274.9
5.9034,233.75,6272.4
5.9036,233.84,6270.6
5.9038,233.96,6271
5.904,234.08,6274
5.9042,234.19,6275.7
5.9044,234.28,6272.9
5.9046,234.33,6268.8
5.9048,234.36,6264.9
5.905,234.35,6261.8
5.9052,234.2,6263
5.9054,234,6267.6
5.9056,233.9,6268.1
5.9058,233.87,6264.3
5.906,233.88,6260.6
5.9062,233.95,6257.3
5.9064,234.01,6254.8
5.9066,234.05,6256
5.9068,234.1,6260.8
5.907,234.21,6263.8
5.9072,234.33,6262.5
5.9074,234.38,6258.9
5.9076,234.35,6257.9
5.9078,234.24,6262.5
5.908,234.11,6268.4
5.9082,233.97,6269.4
5.9084,233.88,6265.8
5.9086,233.85,6260.1
5.9088,233.86,6256.4
5.909,233.88,6256.8
5.9092,233.89,6259.7
5.9094,233.96,6263.1
5.9096,234.11,6264.8
5.9098,234.24,6263.1
5.91,234.35,6263.2
5.9102,234.4,6263.8
5.9104,234.36,6265.7
5.9106,234.24,6268.7
5.9108,234.07,6270.2
5.911,233.95,6269.9
5.9112,233.9,6269.5
5.9114,233.81,6268.8
5.9116,233.71,6266.1
5.9118,233.64,6261.4
5.912,233.65,6256.7
5.9122,233.75,6255.8
5.9124,233.87,6259.5
5.9126,233.97,6262.2
5.9128,234.06,6259.4
5.913,234.1,6255.4
5.9132,234.1,6252.3
5.9134,233.97,6250
5.9136,233.75,6249
5.9138,233.57,6254.2
5.914,233.45,6261.7
5.9142,233.46,6264
5.9144,233.51,6261.9
5.9146,233.6,6259.2
5.9148,233.66,6255.5
5.915,233.68,6254.5
5.9152,233.74,6260.5
5.9154,233.87,6267.7
5.9156,234,6270.6
5.9158,234.05,6270.5
5.916,234.01,6268.4
5.9162,233.85,6266
5.9164,233.68,6265.1
5.9166,233.56,6266.1
5.9168,233.43,6268.6
5.917,233.34,6271.1
5.9172,233.36,6273
5.9174,233.47,6271.8
5.9176,233.63,6266.1
5.9178,233.78,6262
5.918,233.9,6259.6
5.9182,233.96,6258
5.9184,233.94,6258.3
5.9186,233.89,6259.7
5.9188,233.83,6260.7
5.919,233.74,6261.9
5.9192,233.61,6261.3
5.9194,233.44,6258.9
5.9196,233.28,6253.4
5.9198,233.15,6249.5
5.92,233.08,6249.8
5.9202,233.13,6251.7
5.9204,233.27,6252.8
5.9206,233.44,6252.6
5.9208,233.62,6251.1
5.921,233.77,6247.1
5.9212,233.83,6246.4
5.9214,233.8,6250.2
5.9216,233.72,6254.7
5.9218,233.56,6256.3
5.922,233.4,6254.1
5.9222,233.29,6250.2
5.9224,233.21,6248.6
5.9226,233.12,6250.1
5.9228,233.06,6251.9
5.923,233.07,6251.8
5.9232,233.14,6249.4
5.9234,233.29,6245.7
5.9236,233.45,6242.3
5.9238,233.55,6241.6
5.924,233.59,6244.7
5.9242,233.54,6249.5
5.9244,233.45,6252
5.9246,233.35,6250.5
5.9248,233.2,6245.7
5.925,233.08,6241.3
5.9252,232.99,6242.3
5.9254,232.91,6246.7
5.9256,232.9,6249.8
5.9258,232.95,6249
5.926,233.07,6243.6
5.9262,233.22,6238.4
5.9264,233.34,6238.1
5.9266,233.44,6243.4
5.9268,233.49,6250.8
5.927,233.46,6255.1
5.9272,233.39,6252.9
5.9274,233.3,6249.5
5.9276,233.17,6247.9
5.9278,233.03,6251.5
5.928,232.95,6257.8
5.9282,232.94,6261.9
5.9284,232.97,6261.9
5.9286,233.05,6258.7
5.9288,233.22,6254.3
5.929,233.43,6253.2
5.9292,233.64,6254.1
5.9294,233.77,6257
5.9296,233.79,6259.1
5.9298,233.74,6259.8
5.93,233.63,6260.5
5.9302,233.49,6262.8
5.9304,233.36,6264.5
5.9306,233.3,6262.3
5.9308,233.3,6257.2
5.931,233.28,6252.7
5.9312,233.26,6250.7
5.9314,233.26,6252.8
5.9316,233.28,6258.3
5.9318,233.35,6262.2
5.932,233.44,6259.9
5.9322,233.57,6255.1
5.9324,233.62,6253.2
5.9326,233.61,6253.1
5.9328,233.5,6254.5
5.933,233.35,6259.1
5.9332,233.15,6264.6
5.9334,232.95,6269.8
5.9336,232.9,6270.7
5.9338,232.96,6264.8
5.934,233.07,6256.4
5.9342,233.19,6249.8
5.9344,233.3,6250.2
5.9346,233.37,6261.4
5.9348,233.46,6271.9
5.935,233.59,6273.7
5.9352,233.65,6268.7
5.9354,233.63,6262
5.9356,233.56,6257.3
5.9358,233.39,6253.9
5.936,233.18,6255.1
5.9362,233.01,6259.8
5.9364,232.88,6262.7
5.9366,232.87,6262.8
5.9368,232.96,6260.3
5.937,233.08,6256.5
5.9372,233.23,6252.3
5.9374,233.37,6251.5
5.9376,233.5,6253.3
5.9378,233.59,6256.2
5.938,233.62,6257.6
5.9382,233.57,6257.7
5.9384,233.47,6255.9
5.9386,233.31,6253.5
5.9388,233.15,6252.1
5.939,233.03,6252.3
5.9392,232.95,6254.7
5.9394,232.95,6257.1
5.9396,233.02,6258.9
5.9398,233.17,6258.2
5.94,233.32,6254.5
5.9402,233.47,6250.2
5.9404,233.57,6248.6
5.9406,233.6,6248.8
5.9408,233.55,6252.6
5.941,233.46,6255.7
5.9412,233.36,6255.2
5.9414,233.23,6252.9
5.9416,233.1,6250.8
5.9418,233.02,6249.4
5.942,232.99,6250
5.9422,232.99,6251.2
5.9424,232.97,6254.2
5.9426,233,6254.9
5.9428,233.09,6254.5
5.943,233.26,6256
5.9432,233.46,6258.2
5.9434,233.64,6259.5
5.9436,233.68,6258.5
5.9438,233.6,6258.1
5.944,233.42,6258.3
5.9442,233.23,6258.9
5.9444,233.16,6262.5
5.9446,233.15,6265.5
5.9448,233.12,6265.5
5.945,233.13,6263.8
5.9452,233.23,6263
5.9454,233.39,6261.9
5.9456,233.61,6261.3
5.9458,233.81,6263.4
5.946,233.9,6268.5
5.9462,233.93,6272.6
5.9464,233.86,6272.5
5.9466,233.77,6268
5.9468,233.69,6265.8
5.947,233.56,6266.4
5.9472,233.45,6268.1
5.9474,233.33,6269.3
5.9476,233.21,6270.8
5.9478,233.17,6272
5.948,233.23,6271.9
5.9482,233.37,6271
5.9484,233.55,6270.4
5.9486,233.72,6271.2
5.9488,233.84,6273.7
5.949,233.92,6275.4
5.9492,233.98,6274.5
5.9494,233.96,6272.8
5.9496,233.82,6273
5.9498,233.64,6276
5.95,233.52,6277.5
5.9502,233.43,6275.1
5.9504,233.36,6271.6
5.9506,233.31,6270.3
5.9508,233.32,6271.1
5.951,233.41,6272
5.9512,233.59,6273.8
5.9514,233.78,6275.6
5.9516,233.92,6275.5
5.9518,233.97,6274.5
5.952,233.92,6272.1
5.9522,233.79,6270
5.9524,233.6,6269.1
5.9526,233.44,6268.9
5.9528,233.42,6269.7
5.953,233.49,6271.1
5.9532,233.58,6273.2
5.9534,233.65,6271.4
5.9536,233.72,6265.4
5.9538,233.79,6259.3
5.954,233.87,6256.4
5.9542,233.94,6258.6
5.9544,233.98,6263.5
5.9546,234.01,6268.8
5.9548,234.01,6269
5.955,233.96,6265.3
5.9552,233.87,6261.1
5.9554,233.72,6258.8
5.9556,233.59,6258.2
5.9558,233.52,6258
5.956,233.47,6258.9
5.9562,233.48,6259.5
5.9564,233.53,6260.2
5.9566,233.66,6259
5.9568,233.82,6257.5
5.957,233.97,6255.9
5.9572,234.07,6254
5.9574,234.06,6254
5.9576,233.97,6254.6
5.9578,233.83,6256.5
5.958,233.65,6260
5.9582,233.54,6263.2
5.9584,233.42,6262.4
5.9586,233.26,6257.4
5.9588,233.15,6251.8
5.959,233.14,6249.4
5.9592,233.22,6252.5
5.9594,233.37,6255
5.9596,233.53,6255.2
5.9598,233.65,6252.7
5.96,233.68,6251.5
5.9602,233.64,6251
5.9604,233.58,6251.1
5.9606,233.49,6252.5
5.9608,233.37,6256.1
5.961,233.3,6260.8
5.9612,233.29,6263.2
5.9614,233.29,6263.6
5.9616,233.24,6264.1
5.9618,233.19,6265
5.962,233.18,6264.5
5.9622,233.26,6261.6
5.9624,233.42,6257.6
5.9626,233.58,6254.6
5.9628,233.68,6254.3
5.963,233.7,6258
5.9632,233.63,6264
5.9634,233.51,6271.2
5.9636,233.39,6275.3
5.9638,233.23,6272.6
5.964,233.06,6265.7
5.9642,232.92,6261.8
5.9644,232.85,6265
5.9646,232.91,6271
5.9648,233.12,6272.8
5.965,233.38,6269.2
5.9652,233.55,6264
5.9654,233.63,6261.2
5.9656,233.62,6261.7
5.9658,233.52,6264.4
5.966,233.41,6266
5.9662,233.32,6266.2
5.9664,233.22,6262.5
5.9666,233.1,6256.4
5.9668,232.91,6254.6
5.967,232.73,6260
5.9672,232.66,6268
5.9674,232.74,6271
5.9676,232.94,6267.8
5.9678,233.14,6260.9
5.968,233.3,6255.2
5.9682,233.43,6255.8
5.9684,233.48,6263.4
5.9686,233.47,6271.6
5.9688,233.39,6273.5
5.969,233.27,6269.4
5.9692,233.12,6263.4
5.9694,232.98,6260.5
5.9696,232.94,6261.5
5.9698,232.96,6265.9
5.97,233.03,6268.6
5.9702,233.13,6266.9
5.9704,233.2,6262.9
5.9706,233.28,6259.1
5.9708,233.32,6258.8
5.971,233.37,6260.1
5.9712,233.43,6260.2
5.9714,233.44,6259.6
5.9716,233.43,6259.8
5.9718,233.34,6260.9
5.972,233.15,6260.9
5.9722,232.97,6260.5
5.9724,232.89,6259.4
5.9726,232.93,6255.6
5.9728,233.02,6254.4
5.973,233.17,6255.7
5.9732,233.31,6258
5.9734,233.39,6257.8
5.9736,233.46,6255.9
5.9738,233.5,6253
5.974,233.54,6250.9
5.9742,233.58,6251.2
5.9744,233.58,6253.8
5.9746,233.51,6256.9
5.9748,233.35,6257.3
5.975,233.19,6255.9
5.9752,233.1,6253.6
5.9754,233.08,6251.1
5.9756,233.09,6248.4
5.9758,233.11,6246.8
5.976,233.14,6246.2
5.9762,233.19,6245.8
5.9764,233.26,6247.3
5.9766,233.35,6251.6
5.9768,233.42,6254.3
5.977,233.44,6253.6
5.9772,233.36,6250.9
5.9774,233.23,6246.7
5.9776,233.08,6244.9
5.9778,232.97,6248.6
5.978,232.91,6254
5.9782,232.84,6257.7
5.9784,232.84,6256.9
5.9786,232.95,6254.6
5.9788,233.1,6253.7
5.979,233.25,6253.3
5.9792,233.4,6253.5
5.9794,233.49,6254.9
5.9796,233.49,6258.1
5.9798,233.44,6260.3
5.98,233.4,6259.9
5.9802,233.3,6258.6
5.9804,233.19,6263
5.9806,233.09,6268.2
5.9808,233.05,6270.2
5.981,233.06,6266.4
5.9812,233.14,6259.6
5.9814,233.23,6255.7
5.9816,233.31,6256.8
5.9818,233.38,6263.1
5.982,233.43,6270.3
5.9822,233.49,6273.1
5.9824,233.51,6272.2
5.9826,233.54,6269.1
5.9828,233.54,6264.9
5.983,233.48,6262.1
5.9832,233.32,6263.2
5.9834,233.17,6268.6
5.9836,233.11,6273.9
5.9838,233.08,6273.2
5.984,233.14,6267.5
5.9842,233.27,6262.3
5.9844,233.41,6260.7
5.9846,233.56,6261.1
5.9848,233.65,6264.8
5.985,233.7,6265.7
5.9852,233.71,6261.5
5.9854,233.68,6256.9
5.9856,233.61,6254.9
5.9858,233.51,6252.9
5.986,233.3,6252.2
5.9862,233.07,6253.9
5.9864,232.96,6254.6
5.9866,232.95,6254
5.9868,233.06,6252.9
5.987,233.23,6250.8
5.9872,233.38,6246.7
5.9874,233.45,6242.3
5.9876,233.46,6241
5.9878,233.41,6242
5.988,233.37,6244.3
5.9882,233.38,6246.3
5.9884,233.4,6246.6
5.9886,233.38,6245.3
5.9888,233.22,6243.1
5.989,233.02,6240.8
5.9892,232.87,6241
5.9894,232.83,6241.9
5.9896,232.9,6242.8
5.9898,233.06,6243.9
5.99,233.23,6242.3
5.9902,233.36,6237.9
5.9904,233.45,6233.4
5.9906,233.48,6232.2
5.9908,233.48,6234.4
5.991,233.45,6238.2
5.9912,233.39,6240.8
5.9914,233.24,6240.4
5.9916,233.07,6237.7
5.9918,232.95,6233.6
5.992,232.89,6230.9
5.9922,232.85,6231.9
5.9924,232.83,6235.3
5.9926,232.9,6236.9
5.9928,233.04,6235.7
5.993,233.2,6234.3
5.9932,233.31,6231.6
5.9934,233.33,6229.3
5.9936,233.27,6231.2
5.9938,233.17,6235.7
5.994,233.09,6239
5.9942,233,6239
5.9944,232.88,6237.8
5.9946,232.8,6237.1
5.9948,232.82,6238
5.995,232.88,6238.4
5.9952,232.97,6237.7
5.9954,233.09,6237
5.9956,233.25,6240.2
5.9958,233.42,6245.2
5.996,233.55,6248.8
5.9962,233.65,6248.9
5.9964,233.71,6246.7
5.9966,233.69,6244.1
5.9968,233.57,6245.3
5.997,233.4,6252.1
5.9972,233.19,6255.2
5.9974,233.02,6251.2
5.9976,232.94,6245.5
5.9978,232.97,6242
5.998,233.04,6240.4
5.9982,233.19,6243.2
5.9984,233.34,6251.3
5.9986,233.49,6255.1
5.9988,233.6,6253.6
5.999,233.69,6249.3
5.9992,233.7,6244.3
5.9994,233.62,6242.4
5.9996,233.51,6243.1
5.9998,233.34,6249.2
6,233.22,6253.7
6.0002,233.13,6252
6.0004,233.09,6247.5
6.0006,233.13,6244.9
6.0008,233.23,6242.8
6.001,233.35,6244.9
6.0012,233.44,6252.5
6.0014,233.53,6256.6
6.0016,233.64,6253.4
6.0018,233.71,6248.6
6.002,233.71,6245.2
6.0022,233.64,6244.4
6.0024,233.49,6246.5
6.0026,233.3,6249
6.0028,233.08,6249
6.003,232.97,6247.2
6.0032,232.96,6247.7
6.0034,233.05,6250.1
6.0036,233.17,6249.2
6.0038,233.3,6245.5
6.004,233.43,6241.8
6.0042,233.52,6238.9
6.0044,233.56,6237.7
6.0046,233.58,6241.5
6.0048,233.61,6247.2
6.005,233.61,6249.3
6.0052,233.52,6245.9
6.0054,233.31,6239.8
6.0056,233.1,6234
6.0058,232.96,6232
6.006,232.92,6236.5
6.0062,232.96,6243.1
6.0064,233.05,6246.2
6.0066,233.22,6243
6.0068,233.38,6235.6
6.007,233.52,6228.2
6.0072,233.58,6225.7
6.0074,233.58,6229.3
6.0076,233.5,6236.3
6.0078,233.41,6241.2
6.008,233.32,6240.7
6.0082,233.18,6236.4
6.0084,233.07,6231.4
6.0086,232.93,6228.9
6.0088,232.8,6231.7
6.009,232.75,6236.4
6.0092,232.81,6238.2
6.0094,232.97,6237.2
6.0096,233.21,6234.3
6.0098,233.42,6231.7
6.01,233.5,6232
6.0102,233.48,6234
6.0104,233.41,6237.3
6.0106,233.27,6241
6.0108,233.16,6242.6
6.011,233.01,6239.7
6.0112,232.89,6236.4
6.0114,232.82,6236
6.0116,232.79,6238.7
6.0118,232.86,6241.9
6.012,232.98,6243.6
6.0122,233.11,6246.1
6.0124,233.24,6246.9
6.0126,233.42,6246.2
6.0128,233.58,6245.2
6.013,233.68,6244.2
6.0132,233.64,6242.5
6.0134,233.5,6244
6.0136,233.3,6251.6
6.0138,233.11,6259.8
6.014,233,6261.2
6.0142,232.95,6256.5
6.0144,232.97,6250.2
6.0146,233.06,6244.9
6.0148,233.19,6242
6.015,233.31,6242.8
6.0152,233.38,6243.6
6.0154,233.44,6243.4
6.0156,233.47,6243.5
6.0158,233.47,6244.1
6.016,233.44,6242.1
6.0162,233.36,6240.1
6.0164,233.21,6240.4
6.0166,233.04,6242.2
6.0168,232.87,6244.9
6.017,232.76,6244.3
6.0172,232.74,6242.6
6.0174,232.78,6239
6.0176,232.84,6235
6.0178,232.88,6232
6.018,232.95,6233.2
6.0182,233.04,6239.1
6.0184,233.12,6244
6.0186,233.19,6247
6.0188,233.2,6247.5
6.019,233.12,6243.9
6.0192,232.97,6239.6
6.0194,232.79,6236.8
6.0196,232.61,6237.8
6.0198,232.49,6240.2
6.02,232.45,6242.9
6.0202,232.53,6244.9
6.0204,232.75,6244.7
6.0206,232.97,6240.8
6.0208,233.16,6235.6
6.021,233.23,6234.8
6.0212,233.19,6236.8
6.0214,233.13,6240.2
6.0216,233.09,6243.9
6.0218,233.06,6246.4
6.022,233.01,6245.2
6.0222,232.88,6242.6
6.0224,232.75,6239.9
6.0226,232.65,6239.4
6.0228,232.61,6241.8
6.023,232.68,6243.5
6.0232,232.85,6243.4
6.0234,233.05,6241
6.0236,233.19,6238.9
6.0238,233.27,6237.8
6.024,233.28,6238.6
6.0242,233.27,6241.2
6.0244,233.26,6245.5
6.0246,233.21,6249.6
6.0248,233.08,6249.6
6.025,232.94,6246
6.0252,232.81,6242.3
6.0254,232.74,6241.5
6.0256,232.73,6243.9
6.0258,232.79,6246.2
6.026,232.91,6245.4
6.0262,233.06,6244.2
6.0264,233.21,6242.9
6.0266,233.31,6242.5
6.0268,233.37,6242.4
6.027,233.34,6242.5
6.0272,233.27,6243.6
6.0274,233.17,6245.8
6.0276,233.02,6248.9
6.0278,232.9,6251.8
6.028,232.85,6251.8
6.0282,232.87,6249.9
6.0284,232.97,6245.9
6.0286,233.12,6240.6
6.0288,233.26,6237.4
6.029,233.38,6239.8
6.0292,233.47,6246.2
6.0294,233.51,6250.6
6.0296,233.55,6250.4
6.0298,233.57,6247.5
6.03,233.55,6244.5
6.0302,233.45,6243
6.0304,233.28,6245.4
6.0306,233.16,6250.5
6.0308,233.09,6254.7
6.031,233.03,6255.4
6.0312,233.03,6251.4
6.0314,233.12,6243.4
6.0316,233.25,6238
6.0318,233.39,6239
6.032,233.49,6243.7
6.0322,233.52,6248.1
6.0324,233.52,6250.6
6.0326,233.48,6252.2
6.0328,233.43,6251.1
6.033,233.32,6247.2
6.0332,233.22,6245.7
6.0334,233.14,6246.6
6.0336,232.99,6246.9
6.0338,232.87,6246.7
6.034,232.86,6248.7
6.0342,232.94,6251.4
6.0344,233.14,6252.7
6.0346,233.37,6251.7
6.0348,233.5,6249
6.035,233.57,6245.7
6.0352,233.61,6242
6.0354,233.57,6239.7
6.0356,233.5,6240.6
6.0358,233.35,6242.1
6.036,233.13,6242.7
6.0362,233.03,6241
6.0364,233.07,6238
6.0366,233.13,6235.8
6.0368,233.24,6233.4
6.037,233.34,6232.6
6.0372,233.44,6232.4
6.0374,233.53,6233.7
6.0376,233.58,6232.6
6.0378,233.62,6230.5
6.038,233.63,6227.8
6.0382,233.61,6228.2
6.0384,233.54,6229.6
6.0386,233.41,6231.3
6.0388,233.2,6233.3
6.039,233.05,6232.3
6.0392,232.99,6229.1
6.0394,232.98,6227.5
6.0396,233.02,6228.5
6.0398,233.12,6228.6
6.04,233.26,6228.3
6.0402,233.42,6228.2
6.0404,233.55,6229.7
6.0406,233.66,6231.5
6.0408,233.7,6231.1
6.041,233.67,6229.8
6.0412,233.61,6228.4
6.0414,233.47,6225.8
6.0416,233.25,6224.4
6.0418,233.08,6224.8
6.042,233.02,6224.8
6.0422,233.05,6223.4
6.0424,233.15,6222.4
6.0426,233.27,6221.6
6.0428,233.35,6221.1
6.043,233.39,6219.8
6.0432,233.42,6219.5
6.0434,233.43,6220.1
6.0436,233.44,6222.7
6.0438,233.48,6225.6
6.044,233.47,6224.4
6.0442,233.33,6222.8
6.0444,233.14,6225
6.0446,233.02,6229.3
6.0448,233.01,6232.9
6.045,233.09,6234.3
6.0452,233.26,6233.1
6.0454,233.39,6231.5
6.0456,233.44,6233.5
6.0458,233.51,6237.1
6.046,233.61,6239.4
6.0462,233.72,6238.6
6.0464,233.84,6235.3
6.0466,233.89,6232.9
6.0468,233.79,6230.7
6.047,233.54,6232.9
6.0472,233.27,6241.6
6.0474,233.04,6249.4
6.0476,232.97,6253.9
6.0478,233.1,6253.4
6.048,233.33,6249.4
6.0482,233.52,6245
6.0484,233.6,6243
6.0486,233.63,6244
6.0488,233.65,6246.8
6.049,233.7,6248.7
6.0492,233.71,6250.1
6.0494,233.68,6250.8
6.0496,233.61,6249.3
6.0498,233.51,6246.7
6.05,233.49,6244.8
6.0502,233.51,6244.6
6.0504,233.49,6247.6
6.0506,233.45,6250
6.0508,233.41,6249.8
6.051,233.41,6248.1
6.0512,233.5,6244.9
6.0514,233.63,6242.9
6.0516,233.76,6241.7
6.0518,233.83,6241.7
6.052,233.83,6242.3
6.0522,233.75,6242.9
6.0524,233.61,6242.9
6.0526,233.43,6241.8
6.0528,233.23,6239.8
6.053,233.11,6236.1
6.0532,233.08,6233.3
6.0534,233.15,6234.1
6.0536,233.25,6236.7
6.0538,233.36,6239.1
6.054,233.47,6239.5
6.0542,233.57,6237.8
6.0544,233.66,6236
6.0546,233.74,6233.8
6.0548,233.79,6233.3
6.055,233.74,6235
6.0552,233.6,6236.8
6.0554,233.41,6237.6
6.0556,233.28,6237
6.0558,233.2,6236.3
6.056,233.17,6234.6
6.0562,233.22,6232.3
6.0564,233.28,6231.8
6.0566,233.38,6233
6.0568,233.53,6235.2
6.057,233.7,6235.1
6.0572,233.85,6233.5
6.0574,233.94,6231.2
6.0576,233.94,6229.4
6.0578,233.78,6229.9
6.058,233.57,6230.7
6.0582,233.35,6231.1
6.0584,233.19,6231.7
6.0586,233.08,6231.9
6.0588,233.06,6230.5
6.059,233.08,6228.2
6.0592,233.14,6226.6
6.0594,233.21,6224.9
6.0596,233.3,6226.6
6.0598,233.43,6227.6
6.06,233.56,6228.7
6.0602,233.63,6229.5
6.0604,233.62,6230.6
6.0606,233.52,6230.1
6.0608,233.35,6229.6
6.061,233.15,6233.9
6.0612,233.04,6238.3
6.0614,233.03,6236.9
6.0616,233.07,6234.1
6.0618,233.19,6231.4
6.062,233.35,6230.9
6.0622,233.49,6233.4
6.0624,233.6,6236.8
6.0626,233.7,6240.9
6.0628,233.76,6243
6.063,233.76,6243.1
6.0632,233.73,6240.6
6.0634,233.63,6237.2
6.0636,233.46,6235.8
6.0638,233.27,6240.1
6.064,233.18,6245.9
6.0642,233.19,6246.2
6.0644,233.31,6241.8
6.0646,233.5,6233.4
6.0648,233.59,6229.1
6.065,233.6,6228.6
6.0652,233.6,6236
6.0654,233.7,6243.3
6.0656,233.83,6246.5
6.0658,233.86,6243.1
6.066,233.82,6236.7
6.0662,233.71,6230.1
6.0664,233.51,6228.7
6.0666,233.31,6235.1
6.0668,233.18,6244.8
6.067,233.13,6250.5
6.0672,233.16,6248.7
6.0674,233.25,6243.3
6.0676,233.35,6241.1
6.0678,233.49,6241.5
6.068,233.67,6242.2
6.0682,233.79,6241.2
6.0684,233.87,6241.7
6.0686,233.87,6245
6.0688,233.79,6248.1
6.069,233.67,6248.6
6.0692,233.52,6247.7
6.0694,233.44,6246.6
6.0696,233.42,6244.1
6.0698,233.4,6242.2
6.07,233.35,6242.5
6.0702,233.32,6243.8
6.0704,233.38,6244.1
6.0706,233.5,6243
6.0708,233.65,6240.7
6.071,233.78,6239
6.0712,233.83,6238.3
6.0714,233.85,6240.1
6.0716,233.82,6241.6
6.0718,233.7,6242.8
6.072,233.52,6243.1
6.0722,233.42,6241.8
6.0724,233.36,6239.8
6.0726,233.39,6238.6
6.0728,233.47,6239.6
6.073,233.55,6240.6
6.0732,233.63,6239
6.0734,233.71,6236.8
6.0736,233.76,6233.5
6.0738,233.79,6230.3
6.074,233.79,6230.1
6.0742,233.8,6232.1
6.0744,233.77,6233.8
6.0746,233.68,6235.4
6.0748,233.53,6236.6
6.075,233.36,6236.3
6.0752,233.28,6232.9
6.0754,233.28,6230.9
6.0756,233.36,6230.4
6.0758,233.48,6232
6.076,233.6,6232.1
6.0762,233.72,6232.1
6.0764,233.81,6232
6.0766,233.87,6233.1
6.0768,233.88,6234.5
6.077,233.86,6236.3
6.0772,233.81,6236.5
6.0774,233.7,6235.6
6.0776,233.57,6235.5
6.0778,233.5,6235.1
6.078,233.42,6233.1
6.0782,233.34,6232
6.0784,233.34,6232.6
6.0786,233.38,6235.4
6.0788,233.44,6237.8
6.079,233.52,6236.4
6.0792,233.58,6233.3
6.0794,233.63,6231.9
6.0796,233.71,6232.7
6.0798,233.75,6234.5
6.08,233.72,6236.8
6.0802,233.59,6238.5
6.0804,233.39,6239.4
6.0806,233.14,6240.8
6.0808,233.06,6244.1
6.081,233.15,6245.1
6.0812,233.28,6242
6.0814,233.45,6239.1
6.0816,233.59,6237.7
6.0818,233.61,6239.4
6.082,233.58,6246.8
6.0822,233.61,6253.3
6.0824,233.7,6252.7
6.0826,233.74,6246.2
6.0828,233.74,6239.2
6.083,233.66,6235.6
6.0832,233.44,6237.4
6.0834,233.31,6249.1
6.0836,233.31,6262.4
6.0838,233.34,6264.9
6.084,233.37,6257.5
6.0842,233.47,6246.7
6.0844,233.6,6242.7
6.0846,233.8,6247.6
6.0848,233.96,6257.7
6.085,234.04,6265.8
6.0852,234.09,6268.1
6.0854,234.09,6264
6.0856,234.01,6256.9
6.0858,233.83,6250.1
6.086,233.6,6248.1
6.0862,233.39,6252
6.0864,233.28,6256
6.0866,233.3,6259.2
6.0868,233.41,6259.2
6.087,233.56,6255.6
6.0872,233.65,6250.6
6.0874,233.68,6247.1
6.0876,233.69,6246.6
6.0878,233.72,6248.5
6.088,233.79,6251.9
6.0882,233.85,6255.7
6.0884,233.86,6256.8
6.0886,233.76,6253
6.0888,233.54,6248.8
6.089,233.31,6247.9
6.0892,233.18,6249.7
6.0894,233.17,6253.5
6.0896,233.28,6256.7
6.0898,233.49,6256.8
6.09,233.68,6251.9
6.0902,233.81,6246.9
6.0904,233.86,6247
6.0906,233.84,6251
6.0908,233.8,6254.2
6.091,233.76,6255.4
6.0912,233.77,6253.3
6.0914,233.7,6249.6
6.0916,233.56,6245.3
6.0918,233.42,6243.7
6.092,233.28,6244.6
6.0922,233.17,6245.2
6.0924,233.18,6243.7
6.0926,233.26,6241.3
6.0928,233.4,6240.1
6.093,233.55,6241.4
6.0932,233.64,6244
6.0934,233.68,6246.6
6.0936,233.69,6247.6
6.0938,233.67,6248.5
6.094,233.59,6249.6
6.0942,233.44,6254.6
6.0944,233.28,6260.5
6.0946,233.21,6259.4
6.0948,233.22,6254.8
6.095,233.29,6251.8
6.0952,233.35,6250.2
6.0954,233.37,6253.8
6.0956,233.42,6261.4
6.0958,233.55,6263.3
6.096,233.72,6258.8
6.0962,233.89,6253.3
6.0964,233.99,6251
6.0966,233.92,6250.7
6.0968,233.66,6255.3
6.097,233.48,6266.3
6.0972,233.35,6274.4
6.0974,233.26,6275.6
6.0976,233.24,6272.5
6.0978,233.26,6267.8
6.098,233.35,6264.8
6.0982,233.53,6266.7
6.0984,233.78,6275.6
6.0986,234.01,6285.5
6.0988,234.14,6286.1
6.099,234.21,6280.2
6.0992,234.17,6275.6
6.0994,234.05,6273.2
6.0996,233.9,6275.5
6.0998,233.77,6284.1
6.1,233.74,6290.4
6.1002,233.78,6286.7
6.1004,233.79,6279
6.1006,233.77,6274.1
6.1008,233.74,6272.6
6.101,233.77,6271.8
6.1012,233.88,6271.6
6.1014,234.04,6271.2
6.1016,234.18,6270.9
6.1018,234.22,6270
6.102,234.21,6270.1
6.1022,234.11,6271.4
6.1024,233.95,6270.9
6.1026,233.74,6269.6
6.1028,233.58,6268.2
6.103,233.49,6266
6.1032,233.47,6264.1
6.1034,233.53,6264.3
6.1036,233.62,6266.3
6.1038,233.69,6267.9
6.104,233.76,6266
6.1042,233.79,6262.1
6.1044,233.85,6259.8
6.1046,233.9,6260.2
6.1048,233.93,6262.1
6.105,233.89,6264
6.1052,233.75,6264.2
6.1054,233.54,6263.4
6.1056,233.37,6261.5
6.1058,233.23,6262.9
6.106,233.17,6265.8
6.1062,233.21,6269.6
6.1064,233.35,6269.9
6.1066,233.57,6266.8
6.1068,233.79,6261.2
6.107,233.95,6257.5
6.1072,233.99,6258.5
6.1074,233.95,6263.2
6.1076,233.85,6265.5
6.1078,233.75,6264.4
6.108,233.64,6262.3
6.1082,233.54,6260.8
6.1084,233.4,6259.4
6.1086,233.3,6259.3
6.1088,233.24,6260.2
6.109,233.24,6260.7
6.1092,233.32,6260.9
6.1094,233.47,6260.8
6.1096,233.63,6261.2
6.1098,233.78,6261.9
6.11,233.88,6262.6
6.1102,233.91,6263.1
6.1104,233.85,6264.2
6.1106,233.72,6265.9
6.1108,233.56,6267.4
6.111,233.38,6267.6
6.1112,233.23,6266.6
6.1114,233.11,6265.7
6.1116,233.05,6265.3
6.1118,233.09,6264.8
6.112,233.2,6265
6.1122,233.33,6265
6.1124,233.43,6267.3
6.1126,233.52,6270.9
6.1128,233.61,6273.8
6.113,233.65,6274.7
6.1132,233.64,6275.4
6.1134,233.62,6273.8
6.1136,233.54,6273.3
6.1138,233.36,6278
6.114,233.19,6281.2
6.1142,233.08,6280.1
6.1144,233.03,6277.5
6.1146,233.07,6273.8
6.1148,233.17,6268.7
6.115,233.32,6266.3
6.1152,233.48,6267.4
6.1154,233.57,6272.2
6.1156,233.61,6280.7
6.1158,233.65,6285.6
6.116,233.65,6283.6
6.1162,233.55,6277.5
6.1164,233.43,6275
6.1166,233.25,6280.4
6.1168,233.13,6287.4
6.117,233.11,6291.5
6.1172,233.21,6289.6
6.1174,233.35,6281.3
6.1176,233.49,6271.7
6.1178,233.59,6269.3
6.118,233.65,6276.3
6.1182,233.7,6282.9
6.1184,233.71,6283.9
6.1186,233.74,6278.7
6.1188,233.71,6273
6.119,233.58,6268.3
6.1192,233.37,6267.6
6.1194,233.19,6269.3
6.1196,233.1,6270.5
6.1198,233.08,6268.2
6.12,233.14,6265.8
6.1202,233.21,6263.9
6.1204,233.25,6262.1
6.1206,233.3,6260.6
6.1208,233.38,6259
6.121,233.46,6256.8
6.1212,233.54,6253.6
6.1214,233.57,6252.7
6.1216,233.55,6254.7
6.1218,233.43,6258.4
6.122,233.22,6258.5
6.1222,233.02,6253.3
6.1224,232.87,6246.2
6.1226,232.76,6242.5
6.1228,232.7,6244.1
6.123,232.75,6247.7
6.1232,232.89,6249.7
6.1234,233.06,6245.7
6.1236,233.2,6240.4
6.1238,233.27,6236.3
6.124,233.29,6236.5
6.1242,233.27,6239.2
6.1244,233.21,6242
6.1246,233.1,6244.6
6.1248,232.97,6243.6
6.125,232.85,6240.8
6.1252,232.74,6239
6.1254,232.68,6239.9
6.1256,232.64,6242.8
6.1258,232.68,6245.8
6.126,232.83,6246.2
6.1262,233.01,6242.6
6.1264,233.17,6238
6.1266,233.27,6236.8
6.1268,233.31,6238.6
6.127,233.3,6242
6.1272,233.19,6244.9
6.1274,233.02,6246.5
6.1276,232.82,6248.2
6.1278,232.63,6250.7
6.128,232.56,6250.1
6.1282,232.58,6246.7
6.1284,232.67,6244.5
6.1286,232.76,6243.8
6.1288,232.83,6243
6.129,232.86,6240.8
6.1292,232.9,6239.8
6.1294,232.96,6239.1
6.1296,233.04,6240.9
6.1298,233.05,6242.7
6.13,232.99,6241.6
6.1302,232.85,6240.5
6.1304,232.7,6243.1
6.1306,232.61,6245.9
6.1308,232.52,6246.5
6.131,232.44,6248.3
6.1312,232.46,6248.8
6.1314,232.58,6246
6.1316,232.67,6243.8
6.1318,232.79,6246.9
6.132,232.87,6252.8
6.1322,232.93,6256.9
6.1324,233.01,6259.9
6.1326,233.08,6259.2
6.1328,233.08,6253.4
6.133,233,6248.1
6.1332,232.84,6247.9
6.1334,232.64,6252.1
6.1336,232.48,6255.6
6.1338,232.42,6256.3
6.134,232.47,6252.6
6.1342,232.6,6245.9
6.1344,232.75,6240.1
6.1346,232.84,6243.8
6.1348,232.92,6254.4
6.135,233.03,6260.8
6.1352,233.1,6259.9
6.1354,233.14,6256.1
6.1356,233.13,6252.1
6.1358,233,6249.2
6.136,232.78,6249.5
6.1362,232.57,6251
6.1364,232.42,6251.8
6.1366,232.38,6249.9
6.1368,232.45,6247.4
6.137,232.6,6246.4
6.1372,232.74,6245.2
6.1374,232.87,6245.3
6.1376,232.92,6243.5
6.1378,232.91,6242.3
6.138,232.93,6242.7
6.1382,232.94,6244.4
6.1384,232.9,6243.9
6.1386,232.79,6242.4
6.1388,232.67,6241.3
6.139,232.65,6239.9
6.1392,232.67,6238.9
6.1394,232.72,6238.2
6.1396,232.82,6238.6
6.1398,232.94,6238.7
6.14,233.04,6237.5
6.1402,233.11,6235.7
6.1404,233.2,6236.2
6.1406,233.28,6239.9
6.1408,233.37,6242.5
6.141,233.38,6243.1
6.1412,233.29,6240.6
6.1414,233.16,6236.3
6.1416,232.98,6233.3
6.1418,232.86,6231.6
6.142,232.77,6231.3
6.1422,232.72,6231.8
6.1424,232.74,6230.8
6.1426,232.82,6228.7
6.1428,232.92,6226
6.143,233.06,6223.9
6.1432,233.17,6222.6
6.1434,233.2,6223.5
6.1436,233.17,6225.8
6.1438,233.08,6227.6
6.144,232.95,6229.2
6.1442,232.81,6231.3
6.1444,232.63,6232.7
6.1446,232.41,6231.6
6.1448,232.2,6228.9
6.145,232.11,6225.7
6.1452,232.13,6223.9
6.1454,232.24,6224.7
6.1456,232.45,6230.8
6.1458,232.75,6238
6.146,232.96,6238.8
6.1462,232.96,6232.6
6.1464,232.85,6227.6
6.1466,232.67,6227.9
6.1468,232.49,6228.3
6.147,232.41,6231.4
6.1472,232.43,6239.3
6.1474,232.5,6241.2
6.1476,232.46,6236.6
6.1478,232.32,6233.1
6.148,232.27,6232.2
6.1482,232.36,6232.8
6.1484,232.57,6235.7
6.1486,232.83,6239.5
6.1488,233.01,6241
6.149,233.05,6239.1
6.1492,232.95,6236.8
6.1494,232.78,6236.5
6.1496,232.6,6237.3
6.1498,232.47,6239.6
6.15,232.38,6241.8
6.1502,232.28,6240.8
6.1504,232.23,6238.7
6.1506,232.19,6236.7
6.1508,232.18,6233.6
6.151,232.21,6229.7
6.1512,232.29,6229.2
6.1514,232.43,6232
6.1516,232.53,6234.7
6.1518,232.6,6235.9
6.152,232.62,6237.7
6.1522,232.56,6235.1
6.1524,232.42,6229.7
6.1526,232.22,6225.9
6.1528,232.05,6225.8
6.153,231.93,6225.5
6.1532,231.91,6226.7
6.1534,231.97,6229.6
6.1536,232.1,6230.1
6.1538,232.27,6226.8
6.154,232.4,6221.8
6.1542,232.49,6220.2
6.1544,232.55,6221.4
6.1546,232.59,6223.4
6.1548,232.6,6225.1
6.155,232.59,6224.1
6.1552,232.49,6221.3
6.1554,232.36,6219.8
6.1556,232.28,6217.7
6.1558,232.2,6215.9
6.156,232.12,6216.9
6.1562,232.11,6219.3
6.1564,232.17,6220.5
6.1566,232.3,6219.7
6.1568,232.47,6217.1
6.157,232.62,6212.4
6.1572,232.69,6209.9
6.1574,232.71,6210.3
6.1576,232.64,6212.1
6.1578,232.49,6214
6.158,232.33,6215.9
6.1582,232.18,6215.9
6.1584,232.03,6213.3
6.1586,231.92,6208.7
6.1588,231.85,6205.6
6.159,231.84,6204.9
6.1592,231.92,6206.1
6.1594,232.09,6207.9
6.1596,232.27,6207.4
6.1598,232.42,6205.1
6.16,232.5,6202.8
6.1602,232.5,6202.7
6.1604,232.46,6203.2
6.1606,232.38,6203.7
6.1608,232.26,6204.7
6.161,232.12,6208.3
6.1612,232.06,6211
6.1614,232.02,6210.9
6.1616,231.95,6208.5
6.1618,231.92,6204.3
6.162,231.95,6201.7
6.1622,232.04,6204.7
6.1624,232.19,6207.9
6.1626,232.38,6208.6
6.1628,232.52,6209.2
6.163,232.58,6208.9
6.1632,232.5,6208.8
6.1634,232.33,6209
6.1636,232.12,6210.5
6.1638,231.98,6213
6.164,231.91,6214
6.1642,231.85,6213.2
6.1644,231.85,6212.6
6.1646,231.88,6213.4
6.1648,231.96,6214.1
6.165,232.05,6213.9
6.1652,232.17,6213.6
6.1654,232.28,6216.1
6.1656,232.4,6217.9
6.1658,232.49,6218.8
6.166,232.48,6220.7
6.1662,232.43,6223.8
6.1664,232.3,6227.9
6.1666,232.07,6229.9
6.1668,231.89,6228.9
6.167,231.79,6225.4
6.1672,231.76,6222.9
6.1674,231.79,6224.8
6.1676,231.87,6228.5
6.1678,232.01,6233.1
6.168,232.16,6237.6
6.1682,232.35,6238.4
6.1684,232.53,6235.7
6.1686,232.64,6232.7
6.1688,232.64,6232.5
6.169,232.52,6233.7
6.1692,232.3,6236.1
6.1694,232.06,6238
6.1696,231.93,6237
6.1698,231.88,6234.2
6.17,231.93,6233
6.1702,232.04,6232.1
6.1704,232.16,6231.6
6.1706,232.26,6230.8
6.1708,232.35,6232.3
6.171,232.43,6233.1
6.1712,232.49,6232.5
6.1714,232.54,6231.8
6.1716,232.55,6230.4
6.1718,232.46,6230
6.172,232.33,6230.5
6.1722,232.25,6228.8
6.1724,232.17,6227.3
6.1726,232.1,6226
6.1728,232.07,6225.8
6.173,232.11,6226.8
6.1732,232.23,6226.5
6.1734,232.38,6225.2
6.1736,232.51,6223.6
6.1738,232.61,6223.4
6.174,232.68,6223.7
6.1742,232.71,6224.4
6.1744,232.66,6225.7
6.1746,232.55,6225
6.1748,232.38,6222.8
6.175,232.26,6222
6.1752,232.21,6222.2
6.1754,232.18,6222.5
6.1756,232.19,6225.1
6.1758,232.25,6227.7
6.176,232.38,6228.1
6.1762,232.54,6226.5
6.1764,232.71,6224
6.1766,232.81,6223.8
6.1768,232.83,6227.2
6.177,232.82,6230.7
6.1772,232.79,6233.4
6.1774,232.74,6236.5
6.1776,232.63,6241
6.1778,232.62,6242.4
6.178,232.7,6239.8
6.1782,232.79,6236.4
6.1784,232.8,6233.2
6.1786,232.74,6231.9
6.1788,232.72,6233.2
6.179,232.8,6237.3
6.1792,232.99,6242
6.1794,233.23,6245.6
6.1796,233.35,6244.4
6.1798,233.26,6240
6.18,233.06,6236.5
6.1802,232.81,6235.2
6.1804,232.6,6236.3
6.1806,232.44,6238.4
6.1808,232.32,6243.1
6.181,232.25,6249.2
6.1812,232.3,6250.2
6.1814,232.44,6246.1
6.1816,232.59,6244.5
6.1818,232.75,6244.9
6.182,232.86,6246
6.1822,232.9,6244.9
6.1824,232.92,6243.4
6.1826,232.88,6244.7
6.1828,232.8,6249.1
6.183,232.72,6255.2
6.1832,232.64,6258.6
6.1834,232.56,6257.7
6.1836,232.53,6255.3
6.1838,232.54,6252.8
6.184,232.61,6250.9
6.1842,232.71,6252.4
6.1844,232.84,6258.3
6.1846,232.97,6261.7
6.1848,233.08,6260.6
6.185,233.15,6257.2
6.1852,233.19,6254.8
6.1854,233.17,6253.2
6.1856,233.05,6254.2
6.1858,232.86,6254.4
6.186,232.61,6255.1
6.1862,232.41,6256.9
6.1864,232.32,6257.9
6.1866,232.33,6255.9
6.1868,232.4,6252.1
6.187,232.5,6250.3
6.1872,232.61,6250.5
6.1874,232.71,6250.9
6.1876,232.78,6251.7
6.1878,232.83,6253.3
6.188,232.87,6253.8
6.1882,232.88,6253.2
6.1884,232.82,6255.2
6.1886,232.69,6257.7
6.1888,232.53,6254.6
6.189,232.38,6250.4
6.1892,232.28,6250.5
6.1894,232.27,6252.6
6.1896,232.34,6254
6.1898,232.51,6253.2
6.19,232.71,6250
6.1902,232.87,6245.9
6.1904,232.96,6245.6
6.1906,232.97,6248
6.1908,232.92,6251.1
6.191,232.86,6253.2
6.1912,232.8,6252.3
6.1914,232.73,6250.2
6.1916,232.59,6247.7
6.1918,232.5,6246.3
6.192,232.5,6247.3
6.1922,232.57,6249.6
6.1924,232.66,6250.7
6.1926,232.78,6249.3
6.1928,232.9,6246.6
6.193,232.97,6244.9
6.1932,233.01,6244.7
6.1934,233.02,6247.9
6.1936,233.02,6252.2
6.1938,233.03,6254.2
6.194,233.02,6253.5
6.1942,232.94,6252.9
6.1944,232.78,6252.7
6.1946,232.68,6253.6
6.1948,232.66,6254.3
6.195,232.68,6254.1
6.1952,232.76,6253.1
6.1954,232.88,6252.1
6.1956,233,6254.9
6.1958,233.11,6261.4
6.196,233.19,6264.3
6.1962,233.27,6262.6
6.1964,233.31,6258.3
6.1966,233.24,6255.6
6.1968,233.1,6255.1
6.197,232.89,6258.6
6.1972,232.68,6265.2
6.1974,232.62,6268.9
6.1976,232.69,6268.2
6.1978,232.79,6262.8
6.198,232.92,6257.4
6.1982,233.02,6253.2
6.1984,233.07,6254.7
6.1986,233.13,6261.1
6.1988,233.22,6269.6
6.199,233.35,6273.4
6.1992,233.45,6272.6
6.1994,233.42,6267.9
6.1996,233.29,6264.3
6.1998,233.09,6262.8
6.2,232.94,6263.5
6.2002,232.82,6265.5
6.2004,232.76,6265.7
6.2006,232.8,6262.7
6.2008,232.89,6260.6
6.201,232.96,6259.7
6.2012,233.03,6259
6.2014,233.09,6261.8
6.2016,233.18,6265.9
6.2018,233.32,6267.9
6.202,233.37,6267.4
6.2022,233.31,6267.1
6.2024,233.17,6267.2
6.2026,232.93,6267.2
6.2028,232.71,6265.8
6.203,232.57,6264.3
6.2032,232.54,6263.6
6.2034,232.61,6262
6.2036,232.74,6259.5
6.2038,232.86,6257.1
6.204,232.98,6255.4
6.2042,233.06,6256.9
6.2044,233.12,6259.3
6.2046,233.17,6260.1
6.2048,233.2,6260.2
6.205,233.2,6259.5
6.2052,233.12,6257.9
6.2054,233.04,6254.9
6.2056,232.97,6253.6
6.2058,232.84,6253.6
6.206,232.7,6251.9
6.2062,232.63,6251.2
6.2064,232.66,6251.3
6.2066,232.79,6251
6.2068,232.99,6250.3
6.207,233.18,6250
6.2072,233.26,6251.5
6.2074,233.25,6253.3
6.2076,233.19,6257.1
6.2078,233.12,6259.6
6.208,233.03,6260.1
6.2082,232.99,6256.7
6.2084,233.01,6253.6
6.2086,233,6253.4
6.2088,232.97,6255
6.209,232.94,6257.4
6.2092,232.97,6256.7
6.2094,233.09,6253.4
6.2096,233.24,6251.4
6.2098,233.41,6251.9
6.21,233.48,6253.1
6.2102,233.45,6255
6.2104,233.38,6257.5
6.2106,233.29,6258.2
6.2108,233.18,6257.4
6.211,233.05,6257.9
6.2112,232.93,6258.1
6.2114,232.91,6258.4
6.2116,232.95,6259.7
6.2118,233.04,6260.4
6.212,233.14,6260
6.2122,233.23,6260.8
6.2124,233.31,6260.9
6.2126,233.39,6259.4
6.2128,233.46,6259.8
6.213,233.56,6262.8
6.2132,233.63,6263.9
6.2134,233.57,6263.7
6.2136,233.43,6266.8
6.2138,233.29,6268.8
6.214,233.26,6265.5
6.2142,233.31,6263.9
6.2144,233.36,6264.6
6.2146,233.4,6262.8
6.2148,233.41,6257.5
6.215,233.41,6256
6.2152,233.42,6262.5
6.2154,233.47,6271.5
6.2156,233.62,6274.5
6.2158,233.76,6271.9
6.216,233.76,6266.4
6.2162,233.66,6262.6
6.2164,233.47,6263.7
6.2166,233.24,6270.4
6.2168,233.15,6279.2
6.217,233.17,6283.6
6.2172,233.28,6280.7
6.2174,233.44,6273.4
6.2176,233.58,6267.9
6.2178,233.69,6268.7
6.218,233.71,6276.9
6.2182,233.74,6284.7
6.2184,233.83,6283.9
6.2186,233.96,6278.4
6.2188,234.04,6272.7
6.219,234.01,6270.2
6.2192,233.78,6271
6.2194,233.57,6272.5
6.2196,233.47,6271.8
6.2198,233.49,6269.7
6.22,233.57,6267.3
6.2202,233.64,6266
6.2204,233.69,6267.2
6.2206,233.74,6267.6
6.2208,233.79,6268.2
6.221,233.87,6268.1
6.2212,233.99,6267.9
6.2214,234.07,6267
6.2216,234.08,6265.9
6.2218,233.99,6264.7
6.222,233.79,6264.3
6.2222,233.54,6264.1
6.2224,233.38,6264.6
6.2226,233.35,6264.1
6.2228,233.42,6263.4
6.223,233.57,6263.1
6.2232,233.72,6263.1
6.2234,233.86,6262.5
6.2236,233.96,6260.1
6.2238,234.03,6258.2
6.224,234.04,6258.9
6.2242,234.03,6260.3
6.2244,233.97,6262.4
6.2246,233.87,6263.1
6.2248,233.74,6262
6.225,233.63,6258.3
6.2252,233.54,6255.3
6.2254,233.43,6255.4
6.2256,233.35,6257.6
6.2258,233.37,6257.9
6.226,233.48,6259.5
6.2262,233.64,6261
6.2264,233.8,6262.3
6.2266,233.93,6260.6
6.2268,233.97,6258.7
6.227,233.91,6257.8
6.2272,233.78,6257.7
6.2274,233.64,6259.2
6.2276,233.47,6263.7
6.2278,233.32,6267.8
6.228,233.23,6267.1
6.2282,233.14,6265.8
6.2284,233.14,6267
6.2286,233.3,6267.1
6.2288,233.48,6266.2
6.229,233.68,6265.4
6.2292,233.82,6265.3
6.2294,233.85,6266.1
6.2296,233.82,6267
6.2298,233.76,6267.9
6.23,233.66,6266.3
6.2302,233.53,6266.2
6.2304,233.38,6267.4
6.2306,233.23,6270.3
6.2308,233.12,6270.7
6.231,233.01,6267.2
6.2312,232.98,6261.1
6.2314,233.1,6257.5
6.2316,233.3,6260.8
6.2318,233.52,6271.3
6.232,233.71,6279.6
6.2322,233.77,6277.2
6.2324,233.72,6270
6.2326,233.64,6264.6
6.2328,233.55,6263
6.233,233.41,6265.4
6.2332,233.29,6273.9
6.2334,233.18,6282.1
6.2336,233.12,6282.8
6.2338,233.07,6278.8
6.234,233.09,6273.2
6.2342,233.18,6268.3
6.2344,233.33,6264.7
6.2346,233.51,6264.4
6.2348,233.6,6266.5
6.235,233.63,6268.8
6.2352,233.62,6271.1
6.2354,233.53,6271.1
6.2356,233.43,6267.7
6.2358,233.28,6261.2
6.236,233.11,6256.1
6.2362,232.97,6255.1
6.2364,232.89,6256.9
6.2366,232.82,6259.5
6.2368,232.79,6260.3
6.237,232.85,6257.5
6.2372,233,6252.2
6.2374,233.17,6246.9
6.2376,233.33,6245.3
6.2378,233.42,6247.5
6.238,233.41,6250.1
6.2382,233.32,6252
6.2384,233.19,6251.9
6.2386,233.07,6249.1
6.2388,232.94,6244.8
6.239,232.76,6241.8
6.2392,232.7,6241.9
6.2394,232.78,6243.4
6.2396,232.91,6244.1
6.2398,233.03,6243.3
6.24,233.11,6240.2
6.2402,233.15,6236.3
6.2404,233.18,6232.9
6.2406,233.23,6233
6.2408,233.27,6235.3
6.241,233.29,6237.8
6.2412,233.21,6237.5
6.2414,233.03,6235
6.2416,232.88,6231.8
6.2418,232.76,6230.1
6.242,232.71,6233.3
6.2422,232.72,6238.7
6.2424,232.81,6240.8
6.2426,232.97,6237.7
6.2428,233.13,6233.4
6.243,233.26,6231.8
6.2432,233.32,6231.2
6.2434,233.32,6231.8
6.2436,233.31,6233.6
6.2438,233.26,6235.9
6.244,233.15,6237.5
6.2442,232.97,6237.1
6.2444,232.82,6235.9
6.2446,232.76,6238.4
6.2448,232.78,6243.5
6.245,232.86,6246.5
6.2452,232.96,6243.8
6.2454,233.04,6238.5
6.2456,233.14,6234.7
6.2458,233.25,6236
6.246,233.34,6240.1
6.2462,233.44,6245
6.2464,233.51,6247.3
6.2466,233.52,6245.9
6.2468,233.44,6244.5
6.247,233.24,6245.9
6.2472,232.98,6249.8
6.2474,232.87,6253.8
6.2476,232.89,6254.8
6.2478,232.98,6251
6.248,233.09,6245
6.2482,233.15,6241.5
6.2484,233.18,6240.1
6.2486,233.2,6240.9
6.2488,233.25,6242.7
6.249,233.31,6243.1
6.2492,233.33,6241.8
6.2494,233.28,6237.3
6.2496,233.13,6233.9
6.2498,232.89,6233.6
6.25,232.75,6237.6
6.2502,232.74,6241.8
6.2504,232.82,6243.8
6.2506,232.95,6244.2
6.2508,233.05,6243.3
6.251,233.05,6242.9
6.2512,233.02,6244.3
6.2514,233.06,6244.9
6.2516,233.18,6246
6.2518,233.29,6249.6
6.252,233.34,6253
6.2522,233.29,6252.6
6.2524,233.16,6249.6
6.2526,232.99,6249
6.2528,232.87,6248.2
6.253,232.8,6246.9
6.2532,232.78,6246.4
6.2534,232.8,6246.2
6.2536,232.88,6245.7
6.2538,232.99,6244.7
6.254,233.1,6242
6.2542,233.2,6240.2
6.2544,233.26,6239.2
6.2546,233.3,6240.5
6.2548,233.29,6242.8
6.255,233.24,6243.4
6.2552,233.13,6243.1
6.2554,232.98,6241.6
6.2556,232.78,6238.2
6.2558,232.65,6235.3
6.256,232.62,6234
6.2562,232.66,6235.1
6.2564,232.77,6236.9
6.2566,232.91,6235.7
6.2568,233.03,6232.3
6.257,233.14,6229.9
6.2572,233.18,6228
6.2574,233.18,6227
6.2576,233.13,6227.8
6.2578,233.04,6229
6.258,232.9,6228.8
6.2582,232.71,6228.5
6.2584,232.6,6227.5
6.2586,232.55,6225.9
6.2588,232.57,6225.6
6.259,232.63,6223.1
6.2592,232.73,6219
6.2594,232.81,6217.1
6.2596,232.87,6217.8
6.2598,232.92,6220.5
6.26,232.96,6224.1
6.2602,233,6225.1
6.2604,233.02,6226
6.2606,233,6225.7
6.2608,232.92,6224.5
6.261,232.79,6224.6
6.2612,232.61,6226.7
6.2614,232.54,6229.5
6.2616,232.59,6231.9
6.2618,232.71,6231.4
6.262,232.86,6226.9
6.2622,232.94,6223.1
6.2624,232.98,6223.3
6.2626,232.99,6227.4
6.2628,233,6231.8
6.263,233.02,6235.2
6.2632,233.06,6235.7
6.2634,233.04,6232
6.2636,232.93,6227
6.2638,232.7,6223.6
6.264,232.48,6226.3
6.2642,232.36,6232.3
6.2644,232.36,6234.6
6.2646,232.48,6233.4
6.2648,232.65,6228.8
6.265,232.79,6224.7
6.2652,232.9,6228.1
6.2654,232.97,6238.5
6.2656,233.1,6248.2
6.2658,233.24,6250
6.266,233.29,6246
6.2662,233.23,6240.6
6.2664,233.02,6238.4
6.2666,232.85,6243.3
6.2668,232.8,6248
6.267,232.77,6246.1
6.2672,232.74,6240.5
6.2674,232.76,6233.7
6.2676,232.8,6228.1
6.2678,232.86,6228.3
6.268,232.96,6233.2
6.2682,233.07,6238.1
6.2684,233.09,6239.4
6.2686,233.04,6237.7
6.2688,232.9,6235.9
6.269,232.75,6236
6.2692,232.61,6237
6.2694,232.54,6237.7
6.2696,232.48,6235.7
6.2698,232.38,6233.4
6.27,232.29,6232.3
6.2702,232.22,6231.1
6.2704,232.24,6229.9
6.2706,232.35,6229.6
6.2708,232.53,6229.3
6.271,232.71,6229.4
6.2712,232.82,6229.7
6.2714,232.81,6233.1
6.2716,232.71,6236
6.2718,232.56,6237.5
6.272,232.39,6237.4
6.2722,232.22,6233.5
6.2724,232.06,6229.5
6.2726,231.96,6230.8
6.2728,231.96,6235.7
6.273,232.05,6239
6.2732,232.23,6238.7
6.2734,232.43,6232.8
6.2736,232.57,6226
6.2738,232.58,6224.4
6.274,232.53,6226.5
6.2742,232.47,6229
6.2744,232.42,6233
6.2746,232.4,6236.1
6.2748,232.33,6236.5
6.275,232.22,6232.4
6.2752,232.12,6227.5
6.2754,232.03,6229.3
6.2756,232.06,6234.4
6.2758,232.22,6237.3
6.276,232.37,6236.9
6.2762,232.49,6235.5
6.2764,232.6,6231.7
6.2766,232.63,6228.4
6.2768,232.61,6229.4
6.277,232.56,6233.7
6.2772,232.48,6238.9
6.2774,232.41,6242.7
6.2776,232.31,6244.4
6.2778,232.17,6242.3
6.278,232.04,6238.8
6.2782,231.96,6238.5
6.2784,231.97,6239.3
6.2786,232.02,6238.6
6.2788,232.09,6237.1
6.279,232.21,6236.3
6.2792,232.35,6235.2
6.2794,232.44,6234
6.2796,232.43,6233.7
6.2798,232.36,6233.5
6.28,232.23,6232.9
6.2802,232.09,6233.3
6.2804,231.92,6237.3
6.2806,231.78,6242.4
6.2808,231.8,6245.5
6.281,231.87,6247.7
6.2812,231.98,6247.1
6.2814,232.08,6244.9
6.2816,232.15,6244.7
6.2818,232.22,6248.1
6.282,232.34,6254.1
6.2822,232.46,6259.4
6.2824,232.62,6260.5
6.2826,232.76,6259.4
6.2828,232.75,6259
6.283,232.55,6260.9
6.2832,232.36,6265
6.2834,232.2,6267.3
6.2836,232.09,6264.3
6.2838,232.06,6261
6.284,232.13,6259
6.2842,232.25,6259.7
6.2844,232.35,6263
6.2846,232.43,6265.5
6.2848,232.51,6266.8
6.285,232.55,6265.8
6.2852,232.62,6262.4
6.2854,232.65,6260.3
6.2856,232.59,6260.3
6.2858,232.44,6262
6.286,232.28,6264.3
6.2862,232.17,6265.1
6.2864,232.07,6264.1
6.2866,232.05,6263
6.2868,232.1,6263.6
6.287,232.25,6264.3
6.2872,232.44,6264.6
6.2874,232.62,6264.3
6.2876,232.74,6264.4
6.2878,232.8,6265
6.288,232.8,6267.3
6.2882,232.78,6270.2
6.2884,232.72,6271.5
6.2886,232.62,6270.7
6.2888,232.5,6268.5
6.289,232.42,6265.2
6.2892,232.35,6262.7
6.2894,232.33,6262.4
6.2896,232.33,6260.8
6.2898,232.4,6258.6
6.29,232.54,6257
6.2902,232.69,6255.6
6.2904,232.8,6254.5
6.2906,232.88,6253.1
6.2908,232.92,6252.6
6.291,232.85,6253.8
6.2912,232.7,6253.8
6.2914,232.48,6255
6.2916,232.32,6256.7
6.2918,232.23,6255.8
6.292,232.19,6252.4
6.2922,232.21,6249.4
6.2924,232.3,6246.7
6.2926,232.4,6246.1
6.2928,232.49,6248.2
6.293,232.59,6250.2
6.2932,232.68,6251.3
6.2934,232.75,6252.4
6.2936,232.79,6254.3
6.2938,232.76,6255.6
6.294,232.68,6255.3
6.2942,232.54,6253.3
6.2944,232.33,6251.6
6.2946,232.14,6251.4
6.2948,232.03,6254.3
6.295,232,6257.4
6.2952,232.05,6258.3
6.2954,232.21,6257.1
6.2956,232.42,6255.4
6.2958,232.59,6256.4
6.296,232.69,6258.2
6.2962,232.73,6260.5
6.2964,232.71,6261.1
6.2966,232.63,6259.4
6.2968,232.51,6259
6.297,232.38,6262.3
6.2972,232.25,6268.3
6.2974,232.17,6270
6.2976,232.07,6266.5
6.2978,232,6259.1
6.298,232.01,6252.2
6.2982,232.09,6251
6.2984,232.23,6262
6.2986,232.41,6274.7
6.2988,232.56,6275.1
6.299,232.62,6266.6
6.2992,232.58,6257.5
6.2994,232.47,6252.2
6.2996,232.28,6254.9
6.2998,232.09,6263.9
6.3,232.02,6270.2
6.3002,232.03,6270
6.3004,232.06,6267.3
6.3006,232.08,6266.9
6.3008,232.1,6267.5
6.301,232.15,6268.7
6.3012,232.29,6271.4
6.3014,232.47,6274.1
6.3016,232.63,6273.5
6.3018,232.75,6272.6
6.302,232.75,6272.6
6.3022,232.61,6273
6.3024,232.43,6271.8
6.3026,232.27,6270.2
6.3028,232.23,6270
6.303,232.23,6270.5
6.3032,232.22,6270.4
6.3034,232.22,6269.4
6.3036,232.24,6267.3
6.3038,232.29,6265
6.304,232.38,6265
6.3042,232.5,6266.3
6.3044,232.61,6267
6.3046,232.68,6267.3
6.3048,232.71,6268
6.305,232.68,6267
6.3052,232.58,6266.1
6.3054,232.4,6267.1
6.3056,232.24,6267.6
6.3058,232.1,6268.1
6.306,232.01,6268.9
6.3062,232.03,6269.5
6.3064,232.14,6269.9
6.3066,232.31,6269.4
6.3068,232.49,6267.2
6.307,232.63,6264.2
6.3072,232.7,6262
6.3074,232.69,6262.4
6.3076,232.62,6265
6.3078,232.55,6267
6.308,232.43,6267.1
6.3082,232.27,6264.7
6.3084,232.13,6260.6
6.3086,232.06,6257.1
6.3088,232.06,6256.9
6.309,232.11,6260.2
6.3092,232.23,6262.4
6.3094,232.39,6260.9
6.3096,232.5,6256.5
6.3098,232.57,6252.4
6.31,232.58,6251.2
6.3102,232.55,6253.6
6.3104,232.51,6258.8
6.3106,232.47,6264.1
6.3108,232.42,6266.9
6.311,232.32,6265.4
6.3112,232.2,6260.7
6.3114,232.09,6259.1
6.3116,232.01,6263.8
6.3118,232.01,6266.8
6.312,232.11,6264
6.3122,232.27,6256.4
6.3124,232.41,6249.5
6.3126,232.51,6247.2
6.3128,232.56,6254.2
6.313,232.59,6264.3
6.3132,232.58,6270.5
6.3134,232.53,6271.2
6.3136,232.48,6266.6
6.3138,232.33,6261.9
6.314,232.13,6260.2
6.3142,232.03,6260.3
6.3144,232.01,6264
6.3146,232.1,6264.9
6.3148,232.25,6263.3
6.315,232.45,6258.8
6.3152,232.61,6257.2
6.3154,232.67,6258.9
6.3156,232.64,6264.2
6.3158,232.59,6268.3
6.316,232.54,6266.8
6.3162,232.48,6261
6.3164,232.37,6257.9
6.3166,232.26,6258.9
6.3168,232.19,6260.4
6.317,232.09,6261.6
6.3172,232.02,6261.1
6.3174,232.02,6258.5
6.3176,232.11,6256.4
6.3178,232.27,6257.6
6.318,232.44,6260.4
6.3182,232.62,6262.4
6.3184,232.71,6262.3
6.3186,232.67,6261.9
6.3188,232.57,6262
6.319,232.45,6261.7
6.3192,232.31,6261.8
6.3194,232.13,6261.2
6.3196,231.98,6260.7
6.3198,231.88,6260.3
6.32,231.88,6261.2
6.3202,231.98,6261.3
6.3204,232.15,6259.1
6.3206,232.32,6256.4
6.3208,232.44,6254.4
6.321,232.48,6253.6
6.3212,232.48,6255.8
6.3214,232.45,6258.3
6.3216,232.44,6258
6.3218,232.41,6256.3
6.322,232.32,6253.7
6.3222,232.18,6250.9
6.3224,232.06,6247.6
6.3226,231.97,6246.7
6.3228,231.92,6247.3
6.323,232,6247.9
6.3232,232.16,6248.1
6.3234,232.35,6247.2
6.3236,232.49,6245.6
6.3238,232.57,6244.6
6.324,232.61,6245.6
6.3242,232.66,6246.9
6.3244,232.65,6247.8
6.3246,232.56,6248.2
6.3248,232.45,6246.3
6.325,232.39,6243
6.3252,232.3,6240.9
6.3254,232.21,6240.1
6.3256,232.17,6241
6.3258,232.22,6241.8
6.326,232.36,6240
6.3262,232.55,6236.1
6.3264,232.7,6233.6
6.3266,232.77,6234.3
6.3268,232.75,6236.3
6.327,232.68,6237.9
6.3272,232.61,6238.2
6.3274,232.54,6238.3
6.3276,232.39,6240.9
6.3278,232.24,6243.5
6.328,232.22,6244.1
6.3282,232.25,6242.7
6.3284,232.31,6239.6
6.3286,232.38,6237.3
6.3288,232.45,6234.3
6.329,232.58,6233.2
6.3292,232.67,6238
6.3294,232.73,6245.2
6.3296,232.77,6249.5
6.3298,232.79,6248.6
6.33,232.79,6244
6.3302,232.71,6240.9
6.3304,232.53,6242.3
6.3306,232.45,6248.5
6.3308,232.44,6255.3
6.331,232.49,6257.5
6.3312,232.6,6253.2
6.3314,232.72,6247.3
6.3316,232.86,6245.6
6.3318,232.96,6247.4
6.332,233.02,6250.9
6.3322,233.03,6254.9
6.3324,233.03,6256.4
6.3326,233.04,6252
6.3328,232.99,6248.1
6.333,232.88,6249.4
6.3332,232.73,6255.2
6.3334,232.52,6262.5
6.3336,232.41,6263.5
6.3338,232.46,6260.1
6.334,232.6,6256.8
6.3342,232.73,6257.4
6.3344,232.79,6258.1
6.3346,232.79,6259.4
6.3348,232.78,6261.9
6.335,232.82,6262.4
6.3352,232.89,6262.6
6.3354,232.91,6264
6.3356,232.89,6266.2
6.3358,232.79,6266.7
6.336,232.58,6265.4
6.3362,232.39,6265
6.3364,232.28,6265.4
6.3366,232.29,6265.4
6.3368,232.41,6267.1
6.337,232.6,6269.5
6.3372,232.78,6269.9
6.3374,232.93,6268.9
6.3376,233.01,6268
6.3378,233.04,6267.2
6.338,233.02,6265.9
6.3382,233,6266.9
6.3384,232.94,6269.2
6.3386,232.88,6271.3
6.3388,232.73,6270.9
6.339,232.55,6269.5
6.3392,232.44,6266.9
6.3394,232.41,6264.1
6.3396,232.47,6261.2
6.3398,232.62,6260.1
6.34,232.8,6261.5
6.3402,232.95,6263.8
6.3404,233.06,6264.3
6.3406,233.1,6263.8
6.3408,233.08,6262.6
6.341,233.03,6262.9
6.3412,232.97,6264.4
6.3414,232.88,6267.5
6.3416,232.76,6267.4
6.3418,232.59,6264.8
6.342,232.45,6260.9
6.3422,232.36,6260.5
6.3424,232.38,6261.8
6.3426,232.51,6262.5
6.3428,232.7,6261.6
6.343,232.89,6261.2
6.3432,233.01,6259.9
6.3434,233.06,6260.8
6.3436,233.04,6262.2
6.3438,233,6265.1
6.344,232.97,6267
6.3442,232.91,6267.3
6.3444,232.84,6264.8
6.3446,232.79,6260.6
6.3448,232.71,6256.7
6.345,232.62,6256.8
6.3452,232.59,6260.4
6.3454,232.64,6264.2
6.3456,232.77,6266.1
6.3458,232.96,6265.1
6.346,233.13,6263.7
6.3462,233.23,6263.6
6.3464,233.25,6263.7
6.3466,233.15,6261.5
6.3468,232.99,6259.9
6.347,232.81,6259.3
6.3472,232.62,6259
6.3474,232.42,6260.1
6.3476,232.35,6263.1
6.3478,232.41,6265.3
6.348,232.54,6264.8
6.3482,232.69,6260.2
6.3484,232.81,6255.7
6.3486,232.9,6257.8
6.3488,233,6267
6.349,233.1,6274.4
6.3492,233.1,6275
6.3494,233.08,6270.6
6.3496,233.02,6265.9
6.3498,232.85,6267.1
6.35,232.64,6272.7
6.3502,232.47,6279.4
6.3504,232.35,6282.9
6.3506,232.42,6278.4
6.3508,232.6,6271.1
6.351,232.83,6264.5
6.3512,233.03,6261.5
6.3514,233.11,6263.5
6.3516,233.11,6270.5
6.3518,233.09,6277.6
6.352,233.08,6278.4
6.3522,233.05,6272.9
6.3524,233,6267
6.3526,232.9,6264.1
6.3528,232.81,6264.6
6.353,232.75,6266.6
6.3532,232.72,6267.7
6.3534,232.71,6268.6
6.3536,232.75,6267.2
6.3538,232.86,6265.3
6.354,232.99,6263.6
6.3542,233.15,6262.2
6.3544,233.27,6261.4
6.3546,233.28,6261.3
6.3548,233.19,6261.8
6.355,233.03,6262.8
6.3552,232.86,6262.7
6.3554,232.7,6262.7
6.3556,232.54,6263
6.3558,232.43,6262.3
6.356,232.4,6260.6
6.3562,232.4,6258.6
6.3564,232.45,6256.2
6.3566,232.55,6255.8
6.3568,232.68,6255.5
6.357,232.84,6254.5
6.3572,232.95,6253.9
6.3574,232.99,6254.6
6.3576,232.93,6252.1
6.3578,232.78,6249.5
6.358,232.58,6249.8
6.3582,232.38,6249.3
6.3584,232.2,6247.3
6.3586,232.09,6246.8
6.3588,232.08,6248.2
6.359,232.13,6248.6
6.3592,232.24,6245.7
6.3594,232.39,6243.1
6.3596,232.54,6242.2
6.3598,232.62,6242.2
6.36,232.66,6242.7
6.3602,232.67,6245.3
6.3604,232.66,6246.5
6.3606,232.61,6244.6
6.3608,232.5,6241.1
6.361,232.37,6241.2
6.3612,232.32,6245
6.3614,232.31,6247
6.3616,232.28,6245.8
6.3618,232.29,6244
6.362,232.32,6244.8
6.3622,232.35,6249.1
6.3624,232.47,6253.1
6.3626,232.65,6255
6.3628,232.87,6255
6.363,232.99,6255.2
6.3632,232.93,6254.3
6.3634,232.75,6254.3
6.3636,232.49,6256.6
6.3638,232.24,6259.1
6.364,232.14,6260.9
6.3642,232.2,6261
6.3644,232.31,6259.6
6.3646,232.36,6256.4
6.3648,232.36,6253.3
6.365,232.33,6252.9
6.3652,232.29,6254.2
6.3654,232.38,6254.7
6.3656,232.58,6253.6
6.3658,232.75,6254.6
6.366,232.78,6257.6
6.3662,232.63,6261.9
6.3664,232.4,6265.1
6.3666,232.15,6264.1
6.3668,232,6260.7
6.367,231.98,6256.6
6.3672,232.02,6253.7
6.3674,232.09,6254.6
6.3676,232.2,6257.8
6.3678,232.34,6261.3
6.368,232.49,6261.2
6.3682,232.65,6256.5
6.3684,232.79,6251.4
6.3686,232.83,6246.7
6.3688,232.74,6245.4
6.369,232.52,6248.3
6.3692,232.31,6252.7
6.3694,232.18,6254.9
6.3696,232.15,6252.9
6.3698,232.14,6246.8
6.37,232.1,6240.1
6.3702,232.1,6236.8
6.3704,232.16,6238
6.3706,232.28,6240.4
6.3708,232.46,6240
6.371,232.61,6238.5
6.3712,232.68,6237.6
6.3714,232.63,6237.4
6.3716,232.48,6237.2
6.3718,232.31,6237.3
6.372,232.17,6236.3
6.3722,232.05,6233.4
6.3724,231.9,6230.8
6.3726,231.74,6231.1
6.3728,231.65,6233.1
6.373,231.67,6234
6.3732,231.81,6232.3
6.3734,232.01,6229.4
6.3736,232.23,6224.5
6.3738,232.37,6220.8
6.374,232.42,6219.6
6.3742,232.35,6222.4
6.3744,232.22,6226.4
6.3746,232.04,6229.2
6.3748,231.89,6227.7
6.375,231.86,6223
6.3752,231.83,6217.6
6.3754,231.76,6215.1
6.3756,231.72,6218.6
6.3758,231.73,6222.8
6.376,231.83,6223.8
6.3762,231.98,6220.4
6.3764,232.15,6216.6
6.3766,232.3,6214.5
6.3768,232.34,6215
6.377,232.27,6216
6.3772,232.13,6217.9
6.3774,231.97,6219.8
6.3776,231.85,6221.5
6.3778,231.76,6222.7
6.378,231.69,6223.1
6.3782,231.66,6220.2
6.3784,231.68,6215.7
6.3786,231.74,6214.5
6.3788,231.88,6215.8
6.379,232,6219.3
6.3792,232.12,6222.7
6.3794,232.26,6222.1
6.3796,232.32,6218.3
6.3798,232.27,6217.6
6.38,232.18,6218.4
6.3802,232.03,6221.2
6.3804,231.93,6227.1
6.3806,231.88,6229.1
6.3808,231.85,6226.5
6.381,231.86,6222.4
6.3812,231.92,6221
6.3814,232,6223.2
6.3816,232.06,6226.8
6.3818,232.14,6229.2
6.382,232.25,6228.9
6.3822,232.36,6225.8
6.3824,232.45,6224.2
6.3826,232.5,6225.4
6.3828,232.44,6228.9
6.383,232.3,6234.3
6.3832,232.14,6240.4
6.3834,232.11,6242.6
6.3836,232.1,6239.3
6.3838,232.03,6233.9
6.384,231.99,6228.4
6.3842,232,6226.1
6.3844,232.09,6227
6.3846,232.23,6230.1
6.3848,232.36,6230.8
6.385,232.41,6228
6.3852,232.4,6225.9
6.3854,232.37,6226.5
6.3856,232.28,6230
6.3858,232.18,6232.4
6.386,232.03,6233.2
6.3862,231.91,6231.8
6.3864,231.88,6230
6.3866,231.87,6229
6.3868,231.92,6231.3
6.387,232.04,6234.1
6.3872,232.18,6233.3
6.3874,232.31,6232.6
6.3876,232.45,6231.8
6.3878,232.53,6232.1
6.388,232.56,6233.4
6.3882,232.56,6234.6
6.3884,232.47,6236.6
6.3886,232.36,6236.1
6.3888,232.23,6231.8
6.389,232.13,6227.1
6.3892,232.05,6225.9
6.3894,231.99,6227.2
6.3896,231.97,6227.8
6.3898,232.03,6229.3
6.39,232.15,6231.8
6.3902,232.32,6232.1
6.3904,232.49,6228.9
6.3906,232.62,6224.9
6.3908,232.64,6222.1
6.391,232.55,6222.9
6.3912,232.4,6226.3
6.3914,232.24,6229.5
6.3916,232.07,6229
6.3918,232.03,6227.3
6.392,232.06,6225.5
6.3922,232.1,6224
6.3924,232.14,6222.4
6.3926,232.17,6222.5
6.3928,232.24,6222.9
6.393,232.32,6222.7
6.3932,232.41,6220.2
6.3934,232.49,6220.2
6.3936,232.51,6221.2
6.3938,232.49,6221.6
6.394,232.41,6222.2
6.3942,232.24,6222
6.3944,232.08,6221.3
6.3946,232.03,6222.3
6.3948,232.04,6225.8
6.395,232.08,6226.9
6.3952,232.15,6225.6
6.3954,232.22,6224.7
6.3956,232.31,6224.3
6.3958,232.4,6226.5
6.396,232.52,6229
6.3962,232.66,6229.4
6.3964,232.75,6228.5
6.3966,232.74,6228.3
6.3968,232.63,6229.2
6.397,232.42,6231.7
6.3972,232.23,6233
6.3974,232.17,6233.2
6.3976,232.2,6232.4
6.3978,232.25,6232.4
6.398,232.3,6232.2
6.3982,232.34,6232.4
6.3984,232.4,6231.2
6.3986,232.5,6229.9
6.3988,232.61,6231.5
6.399,232.73,6237.5
6.3992,232.79,6244.1
6.3994,232.73,6246.4
6.3996,232.57,6244.9
6.3998,232.34,6243.1
6.4,232.18,6243.7
6.4002,232.15,6246.1
6.4004,232.26,6247.7
6.4006,232.41,6249.4
6.4008,232.54,6248.8
6.401,232.62,6246.3
6.4012,232.64,6247.9
6.4014,232.68,6252.8
6.4016,232.75,6257.1
6.4018,232.87,6258.3
6.402,232.98,6255.8
6.4022,232.99,6251.3
6.4024,232.83,6249
6.4026,232.61,6252.1
6.4028,232.46,6256.7
6.403,232.38,6259.5
6.4032,232.35,6257.9
6.4034,232.38,6255.6
6.4036,232.44,6252.2
6.4038,232.55,6249.8
6.404,232.67,6249.4
6.4042,232.78,6253.1
6.4044,232.85,6256.3
6.4046,232.9,6257.1
6.4048,232.9,6256.1
6.405,232.88,6254.6
6.4052,232.8,6253
6.4054,232.7,6252.6
6.4056,232.69,6254.4
6.4058,232.68,6256.7
6.406,232.63,6258.2
6.4062,232.61,6257.5
6.4064,232.65,6255.1
6.4066,232.76,6251.6
6.4068,232.93,6248.6
6.407,233.07,6246.5
6.4072,233.12,6247.5
6.4074,233.11,6251.5
6.4076,233.05,6254.6
6.4078,232.98,6255.4
6.408,232.9,6252.5
6.4082,232.79,6247
6.4084,232.73,6242
6.4086,232.72,6241.4
6.4088,232.71,6245.5
6.409,232.7,6251.5
6.4092,232.73,6253.8
6.4094,232.82,6251.5
6.4096,232.96,6247.1
6.4098,233.11,6246.7
6.41,233.26,6249.6
6.4102,233.35,6253.1
6.4104,233.33,6256.8
6.4106,233.19,6257.5
6.4108,232.97,6256.1
6.411,232.71,6254.7
6.4112,232.48,6254.2
6.4114,232.39,6254.6
6.4116,232.44,6256.8
6.4118,232.62,6260.6
6.412,232.83,6262.7
6.4122,232.95,6265.3
6.4124,232.97,6266.5
6.4126,232.95,6264.5
6.4128,232.97,6262.7
6.413,233.08,6263.8
6.4132,233.2,6266.8
6.4134,233.26,6268.2
6.4136,233.18,6269.2
6.4138,232.98,6271.5
6.414,232.79,6272.5
6.4142,232.68,6271.8
6.4144,232.72,6271.3
6.4146,232.88,6270.9
6.4148,233.03,6270.3
6.415,233.14,6268.7
6.4152,233.19,6267.6
6.4154,233.17,6272.7
6.4156,233.2,6277.7
6.4158,233.32,6279.3
6.416,233.41,6276
6.4162,233.38,6272.1
6.4164,233.17,6271.5
6.4166,232.87,6274.5
6.4168,232.69,6278.7
6.417,232.66,6280
6.4172,232.76,6275.3
6.4174,232.92,6269.9
6.4176,233.06,6267.3
6.4178,233.13,6271.4
6.418,233.19,6278.2
6.4182,233.28,6283.9
6.4184,233.39,6283.5
6.4186,233.52,6277.7
6.4188,233.57,6271.5
6.419,233.48,6268.5
6.4192,233.24,6268.9
6.4194,233.03,6272.8
6.4196,232.96,6275.8
6.4198,233,6275.4
6.42,233.08,6272.7
6.4202,233.15,6270.1
6.4204,233.23,6268.2
6.4206,233.36,6267.3
6.4208,233.51,6267.9
6.421,233.67,6269.1
6.4212,233.77,6270.4
6.4214,233.77,6270.9
6.4216,233.68,6269.4
6.4218,233.52,6264.5
6.422,233.33,6259
6.4222,233.11,6257.5
6.4224,232.92,6258.9
6.4226,232.82,6261.1
6.4228,232.82,6262.8
6.423,232.9,6264.8
6.4232,233.02,6263.1
6.4234,233.13,6259.3
6.4236,233.24,6256.3
6.4238,233.35,6255.4
6.424,233.42,6256.9
6.4242,233.46,6259.5
6.4244,233.43,6261.4
6.4246,233.3,6259.4
6.4248,233.12,6255.2
6.425,232.92,6252
6.4252,232.73,6252
6.4254,232.57,6253.2
6.4256,232.53,6252.9
6.4258,232.63,6252.2
6.426,232.83,6249.8
6.4262,233.04,6247.7
6.4264,233.15,6245.6
6.4266,233.19,6244.8
6.4268,233.14,6247.1
6.427,233.07,6251.2
6.4272,233.01,6255.6
6.4274,232.96,6256.8
6.4276,232.84,6256.2
6.4278,232.72,6254.4
6.428,232.65,6251.9
6.4282,232.56,6251.3
6.4284,232.48,6252.3
6.4286,232.49,6251.6
6.4288,232.58,6250.1
6.429,232.71,6249
6.4292,232.83,6251.5
6.4294,232.92,6255.2
6.4296,233,6255.5
6.4298,233.04,6254.5
6.43,233,6252.8
6.4302,232.87,6252.6
6.4304,232.7,6260.2
6.4306,232.63,6271.1
6.4308,232.64,6276.2
6.431,232.66,6272.5
6.4312,232.67,6263.6
6.4314,232.66,6259.6
6.4316,232.63,6263.6
6.4318,232.72,6271.8
6.432,232.92,6278.6
6.4322,233.14,6279
6.4324,233.27,6274.1
6.4326,233.26,6267.6
6.4328,233.14,6263
6.433,232.99,6264.6
6.4332,232.87,6273.4
6.4334,232.83,6285.1
6.4336,232.88,6288.4
6.4338,232.95,6283.2
6.434,233.05,6277.1
6.4342,233.17,6274.1
6.4344,233.26,6277
6.4346,233.37,6281
6.4348,233.46,6282
6.435,233.52,6279.8
6.4352,233.58,6276.2
6.4354,233.52,6273.6
6.4356,233.36,6270.4
6.4358,233.13,6270.6
6.436,232.94,6274.4
6.4362,232.81,6276
6.4364,232.78,6272.2
6.4366,232.82,6267.5
6.4368,232.89,6264.9
6.437,232.96,6265
6.4372,233.03,6265.3
6.4374,233.1,6265.6
6.4376,233.18,6262.8
6.4378,233.22,6258.4
6.438,233.24,6257.1
6.4382,233.25,6259.4
6.4384,233.17,6264
6.4386,233.03,6267.9
6.4388,232.86,6269.3
6.439,232.75,6265.3
6.4392,232.72,6259.3
6.4394,232.78,6254.9
6.4396,232.9,6255.1
6.4398,233,6257.6
6.44,233.09,6259.1
6.4402,233.19,6257.6
6.4404,233.23,6254.3
6.4406,233.25,6251.1
6.4408,233.25,6250.5
6.441,233.21,6252
6.4412,233.14,6252.2
6.4414,232.97,6249.3
6.4416,232.76,6244.9
6.4418,232.63,6241.7
6.442,232.56,6243.2
6.4422,232.57,6249.2
6.4424,232.69,6251.8
6.4426,232.85,6250
6.4428,232.98,6244
6.443,233.08,6237.9
6.4432,233.12,6236.6
6.4434,233.13,6243.9
6.4436,233.14,6252.6
6.4438,233.14,6255.5
6.444,233.09,6253.2
6.4442,232.98,6250.4
6.4444,232.78,6248.2
6.4446,232.64,6248.3
6.4448,232.59,6250.9
6.445,232.64,6255.7
6.4452,232.82,6258.5
6.4454,233.04,6258.2
6.4456,233.22,6255.5
6.4458,233.32,6252.9
6.446,233.32,6252.7
6.4462,233.27,6256.3
6.4464,233.21,6258.9
6.4466,233.18,6259
6.4468,233.18,6258.5
6.447,233.14,6263.3
6.4472,233,6270.2
6.4474,232.95,6270.4
6.4476,232.95,6265.5
6.4478,232.96,6258.3
6.448,232.99,6251.8
6.4482,233.02,6248.8
6.4484,233.09,6252.7
6.4486,233.21,6260.1
6.4488,233.31,6264.7
6.449,233.42,6264.6
6.4492,233.47,6260
6.4494,233.44,6253.7
6.4496,233.25,6249
6.4498,232.96,6249.2
6.45,232.7,6255.6
6.4502,232.57,6260.7
6.4504,232.63,6261.5
6.4506,232.74,6260.9
6.4508,232.84,6262
6.451,232.94,6262.5
6.4512,233.02,6257.9
6.4514,233.09,6253.4
6.4516,233.15,6250.9
6.4518,233.15,6253
6.452,233.11,6258.6
6.4522,233.04,6267.8
6.4524,232.92,6274
6.4526,232.81,6272.1
6.4528,232.77,6264.1
6.453,232.78,6256.4
6.4532,232.76,6255.6
6.4534,232.71,6261.2
6.4536,232.73,6267.8
6.4538,232.81,6270.3
6.454,232.95,6266.3
6.4542,233.08,6260.3
6.4544,233.2,6256.7
6.4546,233.26,6257
6.4548,233.25,6260.1
6.455,233.18,6264.5
6.4552,233.05,6267.1
6.4554,232.89,6265.4
6.4556,232.88,6260.4
6.4558,232.92,6259.4
6.456,232.97,6261.1
6.4562,232.97,6262.2
6.4564,232.95,6260.3
6.4566,232.99,6257.5
6.4568,233.08,6255
6.457,233.18,6255.4
6.4572,233.28,6257.7
6.4574,233.35,6261.1
6.4576,233.39,6261.7
6.4578,233.34,6258.7
6.458,233.18,6254.9
6.4582,233.01,6252.5
6.4584,232.95,6250.5
6.4586,232.91,6250.4
6.4588,232.9,6252.7
6.459,232.93,6255.1
6.4592,233,6254.6
6.4594,233.11,6252.2
6.4596,233.2,6249.2
6.4598,233.29,6246.7
6.46,233.33,6245.1
6.4602,233.32,6245.6
6.4604,233.27,6247.2
6.4606,233.18,6249.3
6.4608,233.08,6251.9
6.461,232.95,6254.9
6.4612,232.79,6255.4
6.4614,232.69,6252.9
6.4616,232.66,6248.7
6.4618,232.71,6245
6.462,232.81,6243.2
6.4622,232.91,6242.3
6.4624,232.99,6245.5
6.4626,233.05,6248.8
6.4628,233.09,6251.3
6.463,233.11,6250.3
6.4632,233.11,6248.2
6.4634,233.06,6245.9
6.4636,232.92,6247.5
6.4638,232.73,6255
6.464,232.62,6261.5
6.4642,232.52,6259.9
6.4644,232.45,6252.8
6.4646,232.48,6247.3
6.4648,232.59,6244.5
6.465,232.72,6244.9
6.4652,232.84,6247.9
6.4654,232.94,6251.2
6.4656,232.99,6252.1
6.4658,233,6249.4
6.466,232.97,6245.8
6.4662,232.87,6244.2
6.4664,232.73,6249.5
6.4666,232.58,6258.4
6.4668,232.52,6261.8
6.467,232.51,6256.5
6.4672,232.51,6249.2
6.4674,232.56,6244.6
6.4676,232.63,6244.8
6.4678,232.72,6250.5
6.468,232.81,6258
6.4682,232.9,6261.8
6.4684,232.96,6261.7
6.4686,232.99,6260
6.4688,232.93,6257.1
6.469,232.81,6256.9
6.4692,232.65,6258.4
6.4694,232.47,6262.2
6.4696,232.41,6264
6.4698,232.43,6263.1
6.47,232.44,6261.7
6.4702,232.49,6258.8
6.4704,232.54,6255
6.4706,232.56,6250.8
6.4708,232.59,6247.9
6.471,232.66,6247.7
6.4712,232.74,6250.9
6.4714,232.77,6254.3
6.4716,232.73,6254.9
6.4718,232.63,6253
6.472,232.47,6248.5
6.4722,232.31,6243.4
6.4724,232.21,6241.9
6.4726,232.16,6244.2
6.4728,232.12,6247.4
6.473,232.13,6247
6.4732,232.23,6243.5
6.4734,232.35,6240.1
6.4736,232.49,6236.5
6.4738,232.6,6233.9
6.474,232.62,6233.2
6.4742,232.59,6232.4
6.4744,232.51,6233.2
6.4746,232.39,6235.2
6.4748,232.24,6235.6
6.475,232.14,6231.6
6.4752,232.06,6228.6
6.4754,232,6228
6.4756,231.97,6228.5
6.4758,232,6228.1
6.476,232.1,6228.4
6.4762,232.28,6229.5
6.4764,232.45,6228.7
6.4766,232.57,6228.8
6.4768,232.63,6230.6
6.477,232.65,6231.7
6.4772,232.6,6231.8
6.4774,232.51,6231.5
6.4776,232.34,6230.7
6.4778,232.2,6228.2
6.478,232.1,6225.3
6.4782,232.02,6224.5
6.4784,232.02,6226.5
6.4786,232.11,6228.2
6.4788,232.24,6228.4
6.479,232.42,6225
6.4792,232.57,6222
6.4794,232.64,6222.1
6.4796,232.58,6228.6
6.4798,232.48,6234.8
6.48,232.36,6238.7
6.4802,232.25,6240
6.4804,232.18,6238.3
6.4806,232.1,6234.8
6.4808,231.97,6235.1
6.481,231.82,6238.9
6.4812,231.75,6241.9
6.4814,231.8,6239.5
6.4816,231.92,6233.7
6.4818,232.08,6228.2
6.482,232.22,6226.8
6.4822,232.3,6230.4
6.4824,232.31,6235.1
6.4826,232.25,6238.8
6.4828,232.18,6238.2
6.483,232.08,6235.8
6.4832,231.95,6234.4
6.4834,231.82,6234.2
6.4836,231.68,6236.5
6.4838,231.58,6238.7
6.484,231.6,6239.2
6.4842,231.78,6238.3
6.4844,232.01,6237.2
6.4846,232.22,6238.3
6.4848,232.37,6241.8
6.485,232.48,6244.8
6.4852,232.58,6244.7
6.4854,232.64,6242.2
6.4856,232.61,6239.2
6.4858,232.45,6240.2
6.486,232.31,6241.9
6.4862,232.21,6240
6.4864,232.14,6236.1
6.4866,232.1,6234.3
6.4868,232.09,6235.8
6.487,232.15,6236.9
6.4872,232.29,6235.7
6.4874,232.43,6233
6.4876,232.53,6229.9
6.4878,232.55,6227.8
6.488,232.51,6229.2
6.4882,232.43,6233.2
6.4884,232.35,6236
6.4886,232.27,6236.9
6.4888,232.13,6234.3
6.489,231.97,6230
6.4892,231.82,6228.2
6.4894,231.72,6230.9
6.4896,231.68,6233.8
6.4898,231.77,6233.1
6.49,231.91,6228.4
6.4902,232.07,6223.7
6.4904,232.18,6222.1
6.4906,232.24,6224.9
6.4908,232.22,6230.5
6.491,232.17,6233.8
6.4912,232.1,6233.5
6.4914,231.95,6228.6
6.4916,231.85,6222
6.4918,231.77,6218.8
6.492,231.7,6221.8
6.4922,231.67,6227.6
6.4924,231.69,6230.8
6.4926,231.79,6229.5
6.4928,231.95,6225.2
6.493,232.17,6223.1
6.4932,232.33,6226.5
6.4934,232.41,6232.7
6.4936,232.44,6238.3
6.4938,232.41,6240.9
6.494,232.36,6237.4
6.4942,232.25,6230.3
6.4944,232.11,6224.4
6.4946,232.02,6224.7
6.4948,231.97,6231.6
6.495,231.93,6238.8
6.4952,231.97,6241.3
6.4954,232.05,6240.9
6.4956,232.17,6237.9
6.4958,232.31,6234.6
6.496,232.42,6233.7
6.4962,232.52,6236
6.4964,232.61,6238.9
6.4966,232.57,6242.2
6.4968,232.41,6245.8
6.497,232.25,6246
6.4972,232.2,6241.9
6.4974,232.17,6237.7
6.4976,232.16,6238.7
6.4978,232.14,6245.3
6.498,232.13,6250.2
6.4982,232.16,6249.9
6.4984,232.28,6247.3
6.4986,232.46,6245.6
6.4988,232.64,6245.1
6.499,232.72,6250
6.4992,232.74,6257.9
6.4994,232.68,6259.5
6.4996,232.51,6254.7
6.4998,232.32,6250.4
6.5,232.2,6248.9
6.5002,232.12,6251.4
6.5004,232.07,6256.4
6.5006,232.09,6260
6.5008,232.18,6261.4
6.501,232.35,6260.2
6.5012,232.52,6259.3
6.5014,232.65,6259.2
6.5016,232.73,6261
6.5018,232.77,6263.6
6.502,232.82,6265.2
6.5022,232.85,6264.5
6.5024,232.77,6263.4
6.5026,232.59,6263.9
6.5028,232.38,6264.6
6.503,232.2,6264.2
6.5032,232.14,6263.1
6.5034,232.18,6260.7
6.5036,232.31,6259.7
6.5038,232.5,6259.2
6.504,232.64,6261.3
6.5042,232.72,6266.5
6.5044,232.76,6271.6
6.5046,232.77,6273.3
6.5048,232.78,6270.6
6.505,232.79,6266.3
6.5052,232.66,6263.1
6.5054,232.46,6262.4
6.5056,232.29,6264.1
6.5058,232.16,6268.9
6.506,232.12,6273.5
6.5062,232.18,6271.6
6.5064,232.32,6265.9
6.5066,232.48,6259.6
6.5068,232.63,6256
6.507,232.71,6256.3
6.5072,232.72,6259.2
6.5074,232.71,6262.3
6.5076,232.68,6263.2
6.5078,232.63,6262.5
6.508,232.55,6261
6.5082,232.41,6259.8
6.5084,232.27,6259.4
6.5086,232.18,6259.5
6.5088,232.12,6260.6
6.509,232.1,6261.3
6.5092,232.18,6261.5
6.5094,232.37,6260.4
6.5096,232.57,6258.4
6.5098,232.74,6255.6
6.51,232.81,6254.3
6.5102,232.78,6255.9
6.5104,232.7,6258.9
6.5106,232.59,6261.4
6.5108,232.47,6262
6.511,232.33,6260.8
6.5112,232.15,6256.7
6.5114,232.01,6254.9
6.5116,231.98,6259.8
6.5118,232.06,6265.7
6.512,232.21,6267.1
6.5122,232.39,6263.6
6.5124,232.58,6260
6.5126,232.7,6259.1
6.5128,232.75,6260.7
6.513,232.73,6266.7
6.5132,232.74,6273.9
6.5134,232.73,6276.2
6.5136,232.66,6274.9
6.5138,232.55,6273.3
6.514,232.53,6272.4
6.5142,232.55,6272.9
6.5144,232.58,6271.4
6.5146,232.63,6268.6
6.5148,232.71,6267.2
6.515,232.77,6272.2
6.5152,232.84,6276
6.5154,232.92,6276.8
6.5156,233,6275.2
6.5158,233.12,6273.8
6.516,233.17,6273
6.5162,233.11,6274.2
6.5164,232.97,6280.1
6.5166,232.75,6286.7
6.5168,232.56,6286.9
6.517,232.44,6284.4
6.5172,232.46,6280.2
6.5174,232.61,6277.8
6.5176,232.84,6276.1
6.5178,233.03,6277.9
6.518,233.13,6286.3
6.5182,233.26,6292.1
6.5184,233.38,6289.5
6.5186,233.37,6284.3
6.5188,233.31,6281.3
6.519,233.2,6279.3
6.5192,233.04,6281.1
6.5194,232.86,6285.9
6.5196,232.71,6288.3
6.5198,232.75,6287
6.52,232.86,6283
6.5202,232.94,6278.3
6.5204,232.96,6273
6.5206,232.96,6270.4
6.5208,232.96,6272.2
6.521,233.01,6275.8
6.5212,233.08,6277.7
6.5214,233.14,6277.8
6.5216,233.14,6276
6.5218,233.04,6272.4
6.522,232.83,6268.7
6.5222,232.6,6266.2
6.5224,232.41,6264.9
6.5226,232.34,6265.5
6.5228,232.37,6268.1
6.523,232.49,6269.1
6.5232,232.66,6267.7
6.5234,232.79,6264.7
6.5236,232.89,6261
6.5238,232.95,6258.8
6.524,232.97,6261.5
6.5242,232.97,6266.1
6.5244,232.94,6267.3
6.5246,232.87,6264.9
6.5248,232.73,6261.6
6.525,232.56,6258
6.5252,232.39,6255.1
6.5254,232.25,6256
6.5256,232.17,6260
6.5258,232.23,6260.4
6.526,232.41,6255.8
6.5262,232.6,6250.1
6.5264,232.74,6246.4
6.5266,232.79,6247.6
6.5268,232.76,6251.3
6.527,232.7,6255.5
6.5272,232.63,6256.5
6.5274,232.55,6253.5
6.5276,232.43,6249.9
6.5278,232.31,6248.2
6.528,232.24,6248.7
6.5282,232.18,6252.7
6.5284,232.13,6255.9
6.5286,232.12,6256.5
6.5288,232.2,6254.1
6.529,232.35,6250.1
6.5292,232.51,6248.7
6.5294,232.68,6251
6.5296,232.75,6256.1
6.5298,232.7,6260.7
6.53,232.58,6260.2
6.5302,232.44,6258.4
6.5304,232.3,6258.2
6.5306,232.29,6258.8
6.5308,232.31,6260.6
6.531,232.28,6263.1
6.5312,232.23,6263.2
6.5314,232.24,6262.7
6.5316,232.3,6262.9
6.5318,232.44,6266.3
6.532,232.6,6270.1
6.5322,232.72,6271.1
6.5324,232.81,6269.9
6.5326,232.8,6269.2
6.5328,232.68,6267.4
6.533,232.49,6269
6.5332,232.38,6274
6.5334,232.33,6280.1
6.5336,232.35,6282
6.5338,232.39,6277.6
6.534,232.38,6272
6.5342,232.4,6267
6.5344,232.47,6264.7
6.5346,232.54,6268.1
6.5348,232.66,6278.7
6.535,232.79,6284.6
6.5352,232.84,6281.4
6.5354,232.83,6276.1
6.5356,232.77,6273.5
6.5358,232.63,6274.8
6.536,232.53,6280.7
6.5362,232.47,6285.5
6.5364,232.46,6284.6
6.5366,232.49,6280
6.5368,232.57,6277.4
6.537,232.68,6277.5
6.5372,232.84,6277.6
6.5374,233,6277.3
6.5376,233.12,6275.8
6.5378,233.19,6273.9
6.538,233.19,6272
6.5382,233.14,6272
6.5384,233.01,6273.8
6.5386,232.83,6274.3
6.5388,232.65,6272.7
6.539,232.51,6267.8
6.5392,232.44,6264.5
6.5394,232.44,6262.2
6.5396,232.52,6261.5
6.5398,232.61,6263.1
6.54,232.72,6263
6.5402,232.79,6260.7
6.5404,232.8,6257
6.5406,232.85,6253.6
6.5408,232.88,6252.8
6.541,232.87,6252.9
6.5412,232.79,6255
6.5414,232.65,6256.2
6.5416,232.49,6253.9
6.5418,232.37,6252.1
6.542,232.36,6251.8
6.5422,232.43,6252.5
6.5424,232.51,6252.2
6.5426,232.58,6250.1
6.5428,232.63,6248.1
6.543,232.67,6246.1
6.5432,232.73,6244.6
6.5434,232.76,6245.9
6.5436,232.78,6246.8
6.5438,232.76,6248.6
6.544,232.68,6249
6.5442,232.58,6246.8
6.5444,232.43,6244.3
6.5446,232.33,6242
6.5448,232.32,6243
6.545,232.37,6245
6.5452,232.47,6244.6
6.5454,232.61,6245.7
6.5456,232.75,6246.9
6.5458,232.85,6248.4
6.546,232.91,6253.1
6.5462,232.97,6255.8
6.5464,233.01,6254.8
6.5466,233,6254.6
6.5468,232.98,6256
6.547,232.87,6257.3
6.5472,232.75,6257
6.5474,232.68,6255
6.5476,232.53,6253
6.5478,232.43,6251.1
6.548,232.43,6249.3
6.5482,232.5,6247.7
6.5484,232.62,6246.8
6.5486,232.75,6250.2
6.5488,232.87,6255.6
6.549,232.92,6257.9
6.5492,232.91,6255.4
6.5494,232.86,6251.1
6.5496,232.77,6249.9
6.5498,232.65,6252.6
6.55,232.44,6260.5
6.5502,232.21,6271.7
6.5504,232.17,6278.3
6.5506,232.27,6276.4
6.5508,232.5,6269.4
6.551,232.77,6263.4
6.5512,233.01,6261.8
6.5514,233.11,6265.2
6.5516,233.12,6268.7
6.5518,233.1,6268.1
6.552,233.07,6265.8
6.5522,233.02,6265.6
6.5524,232.9,6265.6
6.5526,232.75,6264.6
6.5528,232.64,6265.9
6.553,232.57,6267.2
6.5532,232.55,6265.2
6.5534,232.5,6261.9
6.5536,232.51,6259.3
6.5538,232.61,6257.8
6.554,232.74,6256.2
6.5542,232.85,6254.4
6.5544,232.91,6251.3
6.5546,232.91,6249.2
6.5548,232.84,6249.3
6.555,232.75,6250.9
6.5552,232.63,6251.7
6.5554,232.48,6250
6.5556,232.37,6246.4
6.5558,232.28,6242.1
6.556,232.22,6239.9
6.5562,232.2,6241.5
6.5564,232.26,6243.4
6.5566,232.39,6244.6
6.5568,232.57,6243.5
6.557,232.74,6240.8
6.5572,232.85,6237.3
6.5574,232.89,6235.3
6.5576,232.83,6237
6.5578,232.75,6239.9
6.558,232.63,6240.2
6.5582,232.44,6239.8
6.5584,232.21,6237.8
6.5586,232.06,6235.9
6.5588,232.02,6236.5
6.559,232.16,6239.2
6.5592,232.35,6241.2
6.5594,232.52,6240.2
6.5596,232.65,6237.5
6.5598,232.72,6235.3
6.56,232.78,6233.2
6.5602,232.84,6235.8
6.5604,232.86,6240.4
6.5606,232.83,6243.7
6.5608,232.71,6242.1
6.561,232.57,6239.1
6.5612,232.44,6234.9
6.5614,232.34,6233.1
6.5616,232.23,6236.7
6.5618,232.25,6242.8
6.562,232.37,6245.9
6.5622,232.53,6245
6.5624,232.7,6242.9
6.5626,232.87,6238.3
6.5628,232.97,6233.2
6.563,232.94,6232.2
6.5632,232.81,6234.8
6.5634,232.66,6237.3
6.5636,232.51,6238.3
6.5638,232.43,6240
6.564,232.42,6242.5
6.5642,232.43,6243.4
6.5644,232.42,6242.5
6.5646,232.41,6240.8
6.5648,232.43,6239.7
6.565,232.51,6240.6
6.5652,232.63,6243
6.5654,232.77,6244.2
6.5656,232.9,6246.3
6.5658,232.99,6248.8
6.566,232.98,6247.2
6.5662,232.82,6243.2
6.5664,232.58,6240.4
6.5666,232.35,6239.8
6.5668,232.15,6242.3
6.567,231.97,6247.2
6.5672,231.88,6252.9
6.5674,231.91,6254.9
6.5676,232.04,6251.8
6.5678,232.25,6244.7
6.568,232.51,6238.5
6.5682,232.64,6240.3
6.5684,232.63,6249.8
6.5686,232.53,6261
6.5688,232.39,6265.7
6.569,232.28,6264.2
6.5692,232.2,6260.2
6.5694,232.14,6258.1
6.5696,232.1,6259.4
6.5698,232.1,6261.9
6.57,232.08,6261.4
6.5702,232.01,6259.2
6.5704,232,6255
6.5706,232.07,6251.6
6.5708,232.19,6250.4
6.571,232.34,6252.8
6.5712,232.44,6255.9
6.5714,232.42,6256.4
6.5716,232.32,6254
6.5718,232.18,6251
6.572,232.01,6250.3
6.5722,231.9,6249.7
6.5724,231.84,6249
6.5726,231.81,6250.9
6.5728,231.79,6252.5
6.573,231.79,6251.7
6.5732,231.86,6250.9
6.5734,232,6250.1
6.5736,232.17,6245.7
6.5738,232.32,6242.3
6.574,232.41,6242
6.5742,232.38,6245.8
6.5744,232.27,6252
6.5746,232.15,6255
6.5748,232.01,6253.5
6.575,231.89,6249
6.5752,231.77,6244.9
6.5754,231.65,6244.5
6.5756,231.61,6246.1
6.5758,231.65,6247.8
6.576,231.75,6247.8
6.5762,231.86,6245.2
6.5764,231.98,6241.5
6.5766,232.05,6239.6
6.5768,232.07,6241.6
6.577,232.06,6244.3
6.5772,232.05,6245.4
6.5774,231.98,6246
6.5776,231.87,6245.8
6.5778,231.81,6243.3
6.578,231.73,6240.7
6.5782,231.64,6239.7
6.5784,231.59,6240.4
6.5786,231.59,6240.2
6.5788,231.69,6242.1
6.579,231.85,6243.3
6.5792,232.02,6245.2
6.5794,232.14,6250.1
6.5796,232.24,6251.1
6.5798,232.28,6248.8
6.58,232.22,6244.6
6.5802,232.12,6243.5
6.5804,231.96,6248.5
6.5806,231.88,6254.2
6.5808,231.91,6257
6.581,231.95,6256.3
6.5812,231.97,6252.5
6.5814,232.02,6247.5
6.5816,232.07,6244.5
6.5818,232.14,6247.2
6.582,232.22,6251.9
6.5822,232.29,6255.9
6.5824,232.34,6255.8
6.5826,232.32,6252.5
6.5828,232.22,6250.3
6.583,232.05,6252.4
6.5832,231.84,6258.6
6.5834,231.68,6267.5
6.5836,231.7,6270.5
6.5838,231.77,6266.3
6.584,231.89,6259.8
6.5842,232.04,6254.4
6.5844,232.14,6253.9
6.5846,232.22,6260.7
6.5848,232.26,6269.7
6.585,232.28,6273.5
6.5852,232.33,6269.1
6.5854,232.35,6263
6.5856,232.32,6259.3
6.5858,232.22,6257.7
6.586,232,6259.9
6.5862,231.77,6265.7
6.5864,231.63,6268.3
6.5866,231.6,6264.9
6.5868,231.68,6259.7
6.587,231.8,6256
6.5872,231.91,6254.3
6.5874,232.01,6255
6.5876,232.07,6258.1
6.5878,232.11,6259.8
6.588,232.17,6258.7
6.5882,232.23,6256.7
6.5884,232.21,6256.1
6.5886,232.08,6256.8
6.5888,231.91,6258.1
6.589,231.75,6257.8
6.5892,231.68,6256.1
6.5894,231.68,6255.1
6.5896,231.75,6255.6
6.5898,231.88,6256.4
6.59,231.99,6255.1
6.5902,232.08,6251.9
6.5904,232.15,6248.8
6.5906,232.18,6247.8
6.5908,232.23,6250.9
6.591,232.22,6255.5
6.5912,232.15,6257.9
6.5914,232.04,6255.8
6.5916,231.93,6250.8
6.5918,231.85,6245.8
6.592,231.74,6244.9
6.5922,231.65,6249.8
6.5924,231.65,6254.9
6.5926,231.71,6255.2
6.5928,231.85,6249.7
6.593,232.04,6244.6
6.5932,232.22,6241.6
6.5934,232.33,6242.8
6.5936,232.33,6247.6
6.5938,232.25,6255.1
6.594,232.12,6258.1
6.5942,231.94,6252.4
6.5944,231.82,6243.9
6.5946,231.81,6241.7
6.5948,231.86,6245.7
6.595,231.9,6253.1
6.5952,231.92,6256.8
6.5954,231.98,6255.7
6.5956,232.08,6253.4
6.5958,232.22,6252.1
6.596,232.39,6253
6.5962,232.54,6255.4
6.5964,232.62,6258.4
6.5966,232.58,6261.7
6.5968,232.39,6265.6
6.597,232.2,6268.2
6.5972,232.14,6269.3
6.5974,232.16,6268.8
6.5976,232.17,6265.4
6.5978,232.15,6260.5
6.598,232.16,6257.3
6.5982,232.24,6257.3
6.5984,232.37,6260.4
6.5986,232.5,6264.6
6.5988,232.64,6266.9
6.599,232.76,6265.3
6.5992,232.79,6263.7
6.5994,232.7,6262.5
6.5996,232.54,6263.6
6.5998,232.38,6267
6.6,232.3,6271.4
6.6002,232.3,6272.7
6.6004,232.29,6271
6.6006,232.25,6266.6
6.6008,232.21,6262.4
6.601,232.23,6260.4
6.6012,232.28,6262.7
6.6014,232.39,6267.8
6.6016,232.53,6271.4
6.6018,232.66,6271.8
6.602,232.73,6270.1
6.6022,232.64,6268.8
6.6024,232.46,6268.4
6.6026,232.24,6268.6
6.6028,232.12,6269.4
6.603,232.07,6271
6.6032,232.08,6270.4
6.6034,232.13,6268.2
6.6036,232.19,6266.8
6.6038,232.27,6264.5
6.604,232.37,6261.9
6.6042,232.48,6261
6.6044,232.58,6261.8
6.6046,232.66,6262.1
6.6048,232.66,6262.4
6.605,232.59,6264.2
6.6052,232.46,6264
6.6054,232.3,6261.6
6.6056,232.11,6259.1
6.6058,232.02,6259
6.606,232.02,6260.9
6.6062,232.07,6263.2
6.6064,232.16,6263.7
6.6066,232.27,6261
6.6068,232.42,6256.3
6.607,232.58,6252.6
6.6072,232.68,6252.9
6.6074,232.7,6257.5
6.6076,232.65,6260.4
6.6078,232.56,6259.7
6.608,232.46,6257.1
6.6082,232.32,6255.1
6.6084,232.17,6253
6.6086,232.11,6251.8
6.6088,232.14,6250.8
6.609,232.2,6250
6.6092,232.28,6249.6
6.6094,232.36,6248.7
6.6096,232.43,6247.5
6.6098,232.49,6246.6
6.61,232.57,6244.7
6.6102,232.63,6243.3
6.6104,232.65,6245.1
6.6106,232.59,6247.3
6.6108,232.41,6247.9
6.611,232.2,6246.3
6.6112,232.03,6245.2
6.6114,231.93,6247.4
6.6116,231.93,6251.1
6.6118,232.02,6251.8
6.612,232.16,6248.3
6.6122,232.27,6246.4
6.6124,232.35,6250.6
6.6126,232.47,6258.6
6.6128,232.59,6263.4
6.613,232.68,6260.9
6.6132,232.76,6256.2
6.6134,232.72,6254.2
6.6136,232.56,6255.5
6.6138,232.42,6260.9
6.614,232.38,6266.1
6.6142,232.39,6268.5
6.6144,232.39,6267.1
6.6146,232.4,6263
6.6148,232.46,6258.4
6.615,232.59,6255.4
6.6152,232.73,6256.2
6.6154,232.85,6259.9
6.6156,232.86,6263.3
6.6158,232.8,6264.3
6.616,232.7,6264.9
6.6162,232.6,6264.5
6.6164,232.5,6265.1
6.6166,232.38,6270
6.6168,232.36,6276.5
6.617,232.42,6279.3
6.6172,232.45,6275.9
6.6174,232.52,6270.3
6.6176,232.65,6264.5
6.6178,232.76,6259.8
6.618,232.83,6261
6.6182,232.83,6266.6
6.6184,232.85,6273.2
6.6186,232.92,6274.8
6.6188,232.92,6275.7
6.619,232.88,6274.2
6.6192,232.78,6270.9
6.6194,232.61,6270.9
6.6196,232.53,6273.9
6.6198,232.56,6275.5
6.62,232.62,6274.8
6.6202,232.68,6272
6.6204,232.72,6269.3
6.6206,232.73,6266.6
6.6208,232.77,6268
6.621,232.86,6274.3
6.6212,233.01,6279.2
6.6214,233.13,6280.4
6.6216,233.13,6279.7
6.6218,233.02,6277
6.622,232.82,6273.5
6.6222,232.6,6270.3
6.6224,232.46,6270.1
6.6226,232.45,6272.1
6.6228,232.52,6274.4
6.623,232.64,6274.6
6.6232,232.78,6273.3
6.6234,232.89,6270.1
6.6236,232.98,6268.4
6.6238,233.05,6269.3
6.624,233.09,6272.6
6.6242,233.11,6275.9
6.6244,233.09,6277.6
6.6246,233.02,6277.4
6.6248,232.87,6275.1
6.625,232.7,6272.2
6.6252,232.59,6271.4
6.6254,232.51,6272
6.6256,232.49,6274.4
6.6258,232.54,6277.7
6.626,232.68,6278.5
6.6262,232.85,6274.2
6.6264,233,6270
6.6266,233.08,6269.6
6.6268,233.13,6272.8
6.627,233.16,6277.4
6.6272,233.17,6278.5
6.6274,233.07,6277.1
6.6276,232.88,6276
6.6278,232.7,6275.4
6.628,232.54,6274.8
6.6282,232.49,6276.6
6.6284,232.55,6281
6.6286,232.71,6285.6
6.6288,232.93,6289.5
6.629,233.14,6292.3
6.6292,233.29,6291.6
6.6294,233.37,6288.4
6.6296,233.39,6286.3
6.6298,233.37,6286.5
6.63,233.32,6288.9
6.6302,233.22,6294.8
6.6304,233.1,6298.1
6.6306,232.94,6295.3
6.6308,232.81,6289.7
6.631,232.69,6284.7
6.6312,232.64,6281.8
6.6314,232.69,6281.3
6.6316,232.8,6282.7
6.6318,232.93,6287
6.632,233.05,6292.9
6.6322,233.16,6294.6
6.6324,233.25,6292.8
6.6326,233.33,6288
6.6328,233.29,6283.2
6.633,233.11,6283.3
6.6332,232.92,6289.2
6.6334,232.79,6296.4
6.6336,232.74,6298.1
6.6338,232.68,6295.3
6.634,232.63,6291.9
6.6342,232.66,6288.3
6.6344,232.78,6285.8
6.6346,232.96,6284.7
6.6348,233.15,6285.3
6.635,233.28,6287.8
6.6352,233.3,6292
6.6354,233.23,6293.8
6.6356,233.1,6290.9
6.6358,232.95,6287.8
6.636,232.8,6288.1
6.6362,232.67,6289.1
6.6364,232.63,6289.2
6.6366,232.66,6287.6
6.6368,232.73,6283.9
6.637,232.81,6279
6.6372,232.88,6276
6.6374,232.95,6275.6
6.6376,233.01,6274.6
6.6378,233.06,6275
6.638,233.09,6274.6
6.6382,233.1,6272.5
6.6384,233.04,6270.3
6.6386,232.86,6268.4
6.6388,232.61,6267.2
6.639,232.41,6266.5
6.6392,232.26,6264.8
6.6394,232.19,6264.1
6.6396,232.27,6265
6.6398,232.43,6267
6.64,232.62,6265.9
6.6402,232.77,6263.7
6.6404,232.83,6262.4
6.6406,232.84,6260.5
6.6408,232.8,6259.9
6.641,232.74,6262.1
6.6412,232.71,6264.6
6.6414,232.64,6264.8
6.6416,232.51,6262.8
6.6418,232.39,6259.6
6.642,232.25,6256.7
6.6422,232.16,6255.9
6.6424,232.17,6257.1
6.6426,232.27,6257.3
6.6428,232.46,6255.5
6.643,232.62,6253
6.6432,232.69,6252
6.6434,232.68,6253.6
6.6436,232.62,6255.1
6.6438,232.55,6256
6.644,232.5,6256.6
6.6442,232.43,6255.7
6.6444,232.34,6255.2
6.6446,232.25,6256.6
6.6448,232.17,6258.7
6.645,232.12,6258.1
6.6452,232.14,6256.1
6.6454,232.22,6252.4
6.6456,232.34,6249.9
6.6458,232.47,6249.6
6.646,232.57,6251.9
6.6462,232.63,6254.9
6.6464,232.65,6256.7
6.6466,232.62,6255.9
6.6468,232.54,6252.4
6.647,232.38,6250.4
6.6472,232.18,6252.3
6.6474,232.08,6256.8
6.6476,232.06,6261.1
6.6478,232.11,6261.8
6.648,232.2,6258.5
6.6482,232.28,6252.6
6.6484,232.36,6250.2
6.6486,232.45,6256.1
6.6488,232.61,6263.5
6.649,232.8,6266.9
6.6492,232.93,6265.5
6.6494,232.91,6262.5
6.6496,232.77,6260.7
6.6498,232.53,6260.7
6.65,232.41,6265.1
6.6502,232.39,6270.1
6.6504,232.41,6271.3
6.6506,232.49,6268.9
6.6508,232.55,6264.3
6.651,232.61,6259.3
6.6512,232.7,6261.5
6.6514,232.78,6267.8
6.6516,232.84,6270.7
6.6518,232.91,6269
6.652,232.96,6265.9
6.6522,232.92,6261.8
6.6524,232.79,6260.2
6.6526,232.57,6264
6.6528,232.38,6271.7
6.653,232.32,6273.8
6.6532,232.34,6270.1
6.6534,232.37,6264.9
6.6536,232.43,6260.8
6.6538,232.53,6259.6
6.654,232.63,6262.4
6.6542,232.75,6268.4
6.6544,232.9,6270.5
6.6546,233.03,6269.7
6.6548,233.11,6265.7
6.655,233.09,6261.6
6.6552,232.91,6259.2
6.6554,232.67,6259.5
6.6556,232.54,6260.3
6.6558,232.48,6259.1
6.656,232.46,6256.9
6.6562,232.48,6256.2
6.6564,232.55,6254.5
6.6566,232.67,6253.5
6.6568,232.85,6252.7
6.657,233.02,6251.6
6.6572,233.14,6250.4
6.6574,233.19,6249.1
6.6576,233.16,6249
6.6578,233,6248.2
6.658,232.78,6249.1
6.6582,232.59,6249.9
6.6584,232.57,6247.4
6.6586,232.58,6245.3
6.6588,232.57,6245.5
6.659,232.52,6246.3
6.6592,232.47,6245.6
6.6594,232.49,6242.7
6.6596,232.61,6238.7
6.6598,232.77,6234.8
6.66,232.9,6233.7
6.6602,232.92,6235.2
6.6604,232.84,6238.4
6.6606,232.7,6241.1
6.6608,232.55,6241.6
6.661,232.42,6239.7
6.6612,232.37,6236.5
6.6614,232.34,6233.5
6.6616,232.3,6233.5
6.6618,232.26,6235.7
6.662,232.25,6237.5
6.6622,232.32,6236
6.6624,232.48,6235.3
6.6626,232.71,6237.9
6.6628,232.94,6242.3
6.663,233.05,6245.1
6.6632,233,6246.2
6.6634,232.82,6247.6
6.6636,232.58,6249.8
6.6638,232.42,6253.1
6.664,232.44,6253.9
6.6642,232.51,6253.7
6.6644,232.51,6252.8
6.6646,232.5,6253.3
6.6648,232.56,6255.7
6.665,232.64,6257
6.6652,232.77,6255
6.6654,232.92,6253.6
6.6656,233.08,6252
6.6658,233.13,6250.2
6.666,233.01,6250
6.6662,232.82,6252.1
6.6664,232.58,6256.4
6.6666,232.4,6263.3
6.6668,232.32,6268.9
6.667,232.31,6267.6
6.6672,232.31,6260
6.6674,232.32,6251.7
6.6676,232.38,6249.3
6.6678,232.49,6251.8
6.668,232.65,6257.3
6.6682,232.77,6261.8
6.6684,232.84,6263.3
6.6686,232.84,6262.5
6.6688,232.78,6260
6.669,232.64,6257
6.6692,232.47,6256.3
6.6694,232.36,6259.7
6.6696,232.26,6263.7
6.6698,232.18,6265.4
6.67,232.13,6265.1
6.6702,232.14,6263.4
6.6704,232.24,6262.1
6.6706,232.4,6260.7
6.6708,232.59,6259.7
6.671,232.77,6258.4
6.6712,232.88,6258.3
6.6714,232.9,6258.8
6.6716,232.83,6261
6.6718,232.69,6261.9
6.672,232.51,6259.5
6.6722,232.32,6254.7
6.6724,232.16,6250.6
6.6726,232.04,6249.8
6.6728,231.99,6251.9
6.673,232.03,6255.5
6.6732,232.16,6258.1
6.6734,232.31,6258.6
6.6736,232.48,6255
6.6738,232.59,6251.5
6.674,232.64,6249.3
6.6742,232.66,6249.2
6.6744,232.6,6252.1
6.6746,232.48,6254.9
6.6748,232.32,6256.2
6.675,232.18,6254.6
6.6752,232,6250.7
6.6754,231.81,6248.2
6.6756,231.73,6248.1
6.6758,231.77,6249.3
6.676,231.92,6248.9
6.6762,232.13,6247.4
6.6764,232.31,6244.8
6.6766,232.41,6241.4
6.6768,232.41,6241
6.677,232.34,6244.9
6.6772,232.23,6248.5
6.6774,232.12,6249.3
6.6776,232.01,6247.2
6.6778,231.93,6243.9
6.678,231.88,6243.7
6.6782,231.84,6247.2
6.6784,231.81,6249.7
6.6786,231.83,6248.9
6.6788,231.9,6248.2
6.679,232.04,6250.8
6.6792,232.24,6254.2
6.6794,232.41,6254.3
6.6796,232.49,6254.2
6.6798,232.48,6256.7
6.68,232.38,6260.1
6.6802,232.24,6265.1
6.6804,232.11,6270.9
6.6806,231.97,6273.3
6.6808,231.89,6272.9
6.681,231.88,6269.6
6.6812,231.91,6266.1
6.6814,232,6262.2
6.6816,232.14,6259
6.6818,232.27,6260.9
6.682,232.34,6268.2
6.6822,232.34,6274.9
6.6824,232.28,6276.6
6.6826,232.23,6270.9
6.6828,232.17,6264.4
6.683,232.07,6263.9
6.6832,231.98,6269.9
6.6834,231.86,6278
6.6836,231.78,6283.8
6.6838,231.78,6283.7
6.684,231.86,6279.6
6.6842,232.06,6273.6
6.6844,232.3,6271.9
6.6846,232.47,6273.4
6.6848,232.6,6276.9
6.685,232.72,6278.5
6.6852,232.72,6276.7
6.6854,232.64,6272.7
6.6856,232.52,6271.4
6.6858,232.35,6274.7
6.686,232.19,6281
6.6862,232.14,6284.1
6.6864,232.16,6281.1
6.6866,232.19,6274.4
6.6868,232.25,6267
6.687,232.35,6263.1
6.6872,232.48,6263
6.6874,232.58,6264.2
6.6876,232.64,6264.1
6.6878,232.66,6264.2
6.688,232.64,6264.1
6.6882,232.56,6261.8
6.6884,232.48,6259.5
6.6886,232.38,6260
6.6888,232.21,6261
6.689,232.06,6260.7
6.6892,231.92,6260.8
6.6894,231.82,6260.9
6.6896,231.85,6259.2
6.6898,231.98,6256.5
6.69,232.18,6254.2
6.6902,232.39,6252.8
6.6904,232.55,6252.1
6.6906,232.62,6251.7
6.6908,232.59,6252.4
6.691,232.51,6253.2
6.6912,232.36,6252.6
6.6914,232.2,6251.6
6.6916,232.1,6251
6.6918,232.01,6251.6
6.692,231.89,6251.4
6.6922,231.75,6249.5
6.6924,231.66,6248.3
6.6926,231.69,6247
6.6928,231.87,6246.3
6.693,232.1,6244.8
6.6932,232.28,6245.2
6.6934,232.34,6246.9
6.6936,232.28,6246.1
6.6938,232.15,6246.3
6.694,232.01,6249.4
6.6942,231.93,6250.8
6.6944,231.85,6250
6.6946,231.8,6249.2
6.6948,231.75,6250.4
6.695,231.72,6252.2
6.6952,231.74,6252.1
6.6954,231.83,6255.1
6.6956,232.02,6259.5
6.6958,232.26,6260
6.696,232.43,6258.4
6.6962,232.54,6257.6
6.6964,232.59,6256.8
6.6966,232.56,6257.4
6.6968,232.45,6261.4
6.697,232.29,6269
6.6972,232.09,6274.5
6.6974,232.02,6273.8
6.6976,232.05,6269.7
6.6978,232.12,6264.7
6.698,232.23,6263
6.6982,232.35,6266
6.6984,232.51,6272
6.6986,232.65,6277.8
6.6988,232.77,6278.5
6.699,232.87,6275.6
6.6992,232.9,6271.7
6.6994,232.82,6268.9
6.6996,232.64,6272.8
6.6998,232.42,6282.8
6.7,232.22,6291.4
6.7002,232.11,6290.4
6.7004,232.08,6283.1
6.7006,232.11,6275.2
6.7008,232.17,6269.1
6.701,232.27,6268.9
6.7012,232.39,6276.5
6.7014,232.51,6289.2
6.7016,232.58,6299.3
6.7018,232.64,6299.8
6.702,232.66,6294.2
6.7022,232.65,6286.3
6.7024,232.6,6284.2
6.7026,232.47,6292.5
6.7028,232.28,6306.3
6.703,232.22,6312
6.7032,232.31,6306.4
6.7034,232.43,6295.7
6.7036,232.51,6285.5
6.7038,232.61,6280
6.704,232.7,6283.8
6.7042,232.76,6291.1
6.7044,232.82,6296.1
6.7046,232.86,6295.2
6.7048,232.86,6289.9
6.705,232.8,6284.6
6.7052,232.66,6281.6
6.7054,232.44,6281.2
6.7056,232.25,6283.2
6.7058,232.18,6285.6
6.706,232.21,6287.8
6.7062,232.29,6288.4
6.7064,232.41,6286
6.7066,232.57,6281.6
6.7068,232.69,6277.7
6.707,232.74,6274
6.7072,232.73,6273.3
6.7074,232.7,6276.4
6.7076,232.66,6283.4
6.7078,232.61,6288.3
6.708,232.56,6286.7
6.7082,232.47,6280.5
6.7084,232.27,6273.7
6.7086,232.09,6270.6
6.7088,231.99,6272.8
6.709,231.99,6278
6.7092,232.1,6282.1
6.7094,232.28,6280.8
6.7096,232.44,6274.1
6.7098,232.55,6268.2
6.71,232.59,6267.1
6.7102,232.64,6270.8
6.7104,232.66,6276.7
6.7106,232.65,6281.1
6.7108,232.59,6279.1
6.711,232.43,6272.3
6.7112,232.25,6267.6
6.7114,232.15,6267.7
6.7116,232.13,6272.1
6.7118,232.2,6277.7
6.712,232.35,6280.8
6.7122,232.5,6279.4
6.7124,232.64,6275.3
6.7126,232.76,6273.6
6.7128,232.88,6274.4
6.713,233.02,6274.3
6.7132,233.08,6273.1
6.7134,233.04,6269.8
6.7136,232.83,6267.6
6.7138,232.58,6268.9
6.714,232.43,6271.6
6.7142,232.43,6274.5
6.7144,232.49,6276.2
6.7146,232.6,6275.6
6.7148,232.7,6273.4
6.715,232.77,6271.4
6.7152,232.82,6273.4
6.7154,232.93,6277.5
6.7156,233.11,6280.8
6.7158,233.27,6281.2
6.716,233.3,6279.7
6.7162,233.18,6275.8
6.7164,232.95,6273.5
6.7166,232.74,6276.2
6.7168,232.62,6281.5
6.717,232.57,6283
6.7172,232.58,6279.8
6.7174,232.64,6274.7
6.7176,232.8,6271.5
6.7178,233,6270.7
6.718,233.14,6272.2
6.7182,233.2,6273
6.7184,233.2,6271.6
6.7186,233.14,6269.2
6.7188,233.06,6267.4
6.719,232.97,6267.8
6.7192,232.86,6272.4
6.7194,232.68,6280.3
6.7196,232.55,6282.1
6.7198,232.47,6278
6.72,232.47,6273.7
6.7202,232.57,6271.7
6.7204,232.73,6271.9
6.7206,232.92,6275
6.7208,233.14,6278.3
6.721,233.3,6276.9
6.7212,233.35,6272.1
6.7214,233.29,6269.3
6.7216,233.19,6269
6.7218,233.07,6271.4
6.722,232.91,6275.1
6.7222,232.82,6276.8
6.7224,232.8,6274.7
6.7226,232.79,6270.4
6.7228,232.8,6267.9
6.723,232.84,6269.1
6.7232,232.95,6271.2
6.7234,233.12,6273
6.7236,233.31,6271.5
6.7238,233.43,6268.8
6.724,233.48,6268.1
6.7242,233.46,6268.3
6.7244,233.35,6270.6
6.7246,233.24,6273.3
6.7248,233.13,6274
6.725,232.98,6272.5
6.7252,232.84,6270.2
6.7254,232.8,6268.5
6.7256,232.84,6267.4
6.7258,232.95,6267.2
6.726,233.1,6266
6.7262,233.24,6262.7
6.7264,233.31,6258.6
6.7266,233.32,6256.5
6.7268,233.28,6258.2
6.727,233.25,6261.6
6.7272,233.28,6262.1
6.7274,233.21,6261.6
6.7276,233.06,6258.9
6.7278,232.9,6255
6.728,232.72,6255.8
6.7282,232.63,6260.6
6.7284,232.68,6264.1
6.7286,232.82,6263.7
6.7288,233.04,6260.3
6.729,233.26,6255.1
6.7292,233.43,6253.1
6.7294,233.48,6258
6.7296,233.44,6267.2
6.7298,233.37,6274.3
6.73,233.32,6276.8
6.7302,233.26,6276.1
6.7304,233.14,6274.5
6.7306,233.07,6272.9
6.7308,233.12,6272.4
6.731,233.19,6272.8
6.7312,233.27,6272.4
6.7314,233.32,6271.7
6.7316,233.35,6272.2
6.7318,233.42,6274.2
6.732,233.5,6274.4
6.7322,233.56,6274
6.7324,233.59,6274.2
6.7326,233.56,6273.2
6.7328,233.45,6273.2
6.733,233.27,6274.6
6.7332,233.03,6276.6
6.7334,232.84,6280.1
6.7336,232.77,6286
6.7338,232.88,6286.2
6.734,233.08,6278.1
6.7342,233.24,6271.5
6.7344,233.35,6271.9
6.7346,233.42,6278.5
6.7348,233.46,6285.9
6.735,233.47,6288.7
6.7352,233.51,6287.2
6.7354,233.51,6282.7
6.7356,233.48,6278.5
6.7358,233.35,6278.3
6.736,233.18,6283.2
6.7362,233.01,6289.2
6.7364,232.93,6292.1
6.7366,232.95,6288.9
6.7368,233.03,6284.2
6.737,233.13,6280.7
6.7372,233.27,6281.1
6.7374,233.39,6283.5
6.7376,233.45,6286.4
6.7378,233.5,6288.7
6.738,233.55,6288.1
6.7382,233.56,6287
6.7384,233.51,6284.9
6.7386,233.39,6283
6.7388,233.18,6282.5
6.739,233.06,6284.2
6.7392,233.02,6284.4
6.7394,233.03,6282.1
6.7396,233.08,6279.7
6.7398,233.17,6277.9
6.74,233.3,6277.2
6.7402,233.46,6278.9
6.7404,233.58,6281
6.7406,233.66,6284.1
6.7408,233.71,6285.3
6.741,233.69,6283.9
6.7412,233.61,6281.2
6.7414,233.5,6278.6
6.7416,233.36,6277.6
6.7418,233.29,6279.7
6.742,233.27,6282.3
6.7422,233.27,6284.1
6.7424,233.32,6283.9
6.7426,233.43,6281.9
6.7428,233.58,6279.5
6.743,233.75,6278.4
6.7432,233.88,6278.8
6.7434,233.98,6279.5
6.7436,233.98,6280.2
6.7438,233.91,6282
6.744,233.78,6283.1
6.7442,233.6,6282.4
6.7444,233.41,6281.8
6.7446,233.3,6282.5
6.7448,233.26,6282
6.745,233.27,6280.5
6.7452,233.35,6278.4
6.7454,233.47,6276
6.7456,233.62,6275.6
6.7458,233.76,6276.3
6.746,233.88,6277.3
6.7462,233.9,6278.7
6.7464,233.86,6280.2
6.7466,233.82,6280.9
6.7468,233.75,6281.1
6.747,233.65,6284.8
6.7472,233.55,6288.8
6.7474,233.49,6287.4
6.7476,233.5,6283.1
6.7478,233.56,6280.3
6.748,233.62,6280.3
6.7482,233.69,6285
6.7484,233.76,6295.5
6.7486,233.86,6303.3
6.7488,233.98,6303
6.749,234.12,6298
6.7492,234.24,6294.5
6.7494,234.25,6294.2
6.7496,234.13,6299.1
6.7498,233.9,6306.9
6.75,233.73,6309.8
6.7502,233.65,6304.4
6.7504,233.66,6297
6.7506,233.7,6295.3
6.7508,233.75,6297.8
6.751,233.83,6301.3
6.7512,233.93,6301.8
6.7514,234.06,6299.4
6.7516,234.17,6296.4
6.7518,234.22,6297.4
6.752,234.18,6300.3
6.7522,234.09,6301.9
6.7524,233.99,6301
6.7526,233.83,6299.6
6.7528,233.71,6300.2
6.753,233.74,6299.8
6.7532,233.83,6297.6
6.7534,233.83,6294.1
6.7536,233.77,6289.7
6.7538,233.7,6285
6.754,233.69,6282.7
6.7542,233.77,6282.6
6.7544,233.91,6282.8
6.7546,234.01,6285.3
6.7548,234.02,6286.2
6.755,233.9,6283.6
6.7552,233.63,6278.7
6.7554,233.41,6274.3
6.7556,233.25,6274.4
6.7558,233.17,6278.3
6.756,233.18,6283.7
6.7562,233.26,6284.5
6.7564,233.38,6281.6
6.7566,233.5,6277.7
6.7568,233.63,6275.6
6.757,233.75,6275.8
6.7572,233.85,6277.2
6.7574,233.92,6279.3
6.7576,233.93,6279.5
6.7578,233.87,6278
6.758,233.71,6277.1
6.7582,233.51,6276.6
6.7584,233.32,6275.6
6.7586,233.15,6274
6.7588,233.06,6273.4
6.759,233.07,6273.5
6.7592,233.2,6272.9
6.7594,233.39,6271.1
6.7596,233.53,6270.4
6.7598,233.61,6269.9
6.76,233.63,6270
6.7602,233.64,6270.7
6.7604,233.64,6271.8
6.7606,233.62,6273.2
6.7608,233.55,6274.7
6.761,233.42,6274.3
6.7612,233.34,6271.3
6.7614,233.3,6267.8
6.7616,233.29,6266.7
6.7618,233.31,6268.7
6.762,233.37,6270.4
6.7622,233.47,6272.2
6.7624,233.59,6273.4
6.7626,233.75,6273.7
6.7628,233.87,6272.2
6.763,233.9,6270.5
6.7632,233.88,6269.8
6.7634,233.81,6270.1
6.7636,233.66,6271.5
6.7638,233.44,6274.9
6.764,233.32,6276.1
6.7642,233.36,6272.2
6.7644,233.41,6266.4
6.7646,233.46,6263.9
6.7648,233.54,6265.5
6.765,233.59,6266.6
6.7652,233.64,6267
6.7654,233.78,6266.1
6.7656,233.92,6265.3
6.7658,234.01,6265.2
6.766,233.99,6265.7
6.7662,233.86,6266
6.7664,233.66,6265
6.7666,233.46,6262.3
6.7668,233.31,6260.7
6.767,233.24,6259.3
6.7672,233.26,6258.2
6.7674,233.33,6258.1
6.7676,233.42,6259
6.7678,233.52,6259.2
6.768,233.64,6257.3
6.7682,233.72,6256.5
6.7684,233.77,6257.8
6.7686,233.78,6258.7
6.7688,233.76,6259.2
6.769,233.68,6260.2
6.7692,233.52,6261.8
6.7694,233.29,6262.9
6.7696,233.09,6263.1
6.7698,233.03,6261.6
6.77,233.07,6256.1
6.7702,233.15,6249.2
6.7704,233.29,6245.5
6.7706,233.38,6248
6.7708,233.41,6253.6
6.771,233.41,6258
6.7712,233.4,6256.9
6.7714,233.41,6251.4
6.7716,233.42,6243.6
6.7718,233.33,6239.4
6.772,233.15,6241
6.7722,233.01,6246.9
6.7724,232.96,6252.4
6.7726,232.96,6253.9
6.7728,233.03,6250.5
6.773,233.16,6243.8
6.7732,233.29,6239
6.7734,233.38,6239
6.7736,233.44,6242.3
6.7738,233.51,6244.4
6.774,233.55,6244.8
6.7742,233.61,6242.4
6.7744,233.61,6239.6
6.7746,233.52,6239
6.7748,233.31,6239.5
6.775,233.1,6239.1
6.7752,232.99,6237
6.7754,232.96,6235.9
6.7756,232.99,6235.5
6.7758,233.08,6235.9
6.776,233.2,6235.7
6.7762,233.31,6234.5
6.7764,233.39,6232.9
6.7766,233.43,6230.8
6.7768,233.44,6230.3
6.777,233.45,6230.5
6.7772,233.43,6231.4
6.7774,233.37,6231.8
6.7776,233.24,6232.4
6.7778,233.06,6231.8
6.778,232.91,6229.7
6.7782,232.81,6229.1
6.7784,232.79,6229.5
6.7786,232.87,6228.6
6.7788,233.01,6228.2
6.779,233.18,6226
6.7792,233.33,6223.1
6.7794,233.38,6220.9
6.7796,233.36,6223.5
6.7798,233.27,6227.5
6.78,233.13,6229.8
6.7802,232.98,6228.8
6.7804,232.82,6227.8
6.7806,232.71,6225.8
6.7808,232.65,6226.3
6.781,232.61,6228.2
6.7812,232.63,6230.9
6.7814,232.71,6231.9
6.7816,232.82,6232.7
6.7818,232.93,6234
6.782,233.12,6235.5
6.7822,233.31,6237
6.7824,233.44,6238.3
6.7826,233.46,6237.7
6.7828,233.37,6235.9
6.783,233.19,6235.4
6.7832,233,6237.7
6.7834,232.84,6238.5
6.7836,232.71,6237.9
6.7838,232.63,6236.7
6.784,232.66,6234.6
6.7842,232.79,6230.7
6.7844,232.96,6228.4
6.7846,233.1,6230.9
6.7848,233.16,6235
6.785,233.15,6235.1
6.7852,233.13,6234.9
6.7854,233.13,6233.5
6.7856,233.11,6231.3
6.7858,233.02,6231.3
6.786,232.86,6236.5
6.7862,232.73,6244.6
6.7864,232.7,6251.4
6.7866,232.71,6252.1
6.7868,232.72,6246.9
6.787,232.76,6239.3
6.7872,232.84,6233.5
6.7874,232.93,6231.9
6.7876,233,6234.2
6.7878,233.02,6238.8
6.788,233,6242.3
6.7882,232.96,6242.1
6.7884,232.86,6237.4
6.7886,232.73,6232.6
6.7888,232.56,6230.5
6.789,232.36,6230.9
6.7892,232.23,6232.7
6.7894,232.22,6235
6.7896,232.32,6234.7
6.7898,232.46,6232.4
6.79,232.6,6230.1
6.7902,232.7,6228.1
6.7904,232.74,6227.3
6.7906,232.78,6228.6
6.7908,232.82,6230.4
6.791,232.85,6233.3
6.7912,232.81,6234.9
6.7914,232.69,6235.1
6.7916,232.5,6233.6
6.7918,232.35,6231.9
6.792,232.24,6230.1
6.7922,232.21,6228.7
6.7924,232.25,6229.6
6.7926,232.36,6231.2
6.7928,232.49,6229.9
6.793,232.6,6227.1
6.7932,232.67,6225.5
6.7934,232.71,6225.9
6.7936,232.71,6227.1
6.7938,232.71,6228.1
6.794,232.68,6228.2
6.7942,232.57,6225.9
6.7944,232.38,6225.5
6.7946,232.21,6225.8
6.7948,232.09,6228.7
6.795,232.05,6234.5
6.7952,232.11,6236.6
6.7954,232.25,6232.6
6.7956,232.45,6227.1
6.7958,232.64,6225.3
6.796,232.76,6227.6
6.7962,232.76,6230.7
6.7964,232.66,6233.2
6.7966,232.54,6232.8
6.7968,232.45,6230.8
6.797,232.34,6228.8
6.7972,232.24,6228.6
6.7974,232.11,6231.2
6.7976,231.99,6234.4
6.7978,231.92,6236.9
6.798,231.93,6235.9
6.7982,232.09,6233.5
6.7984,232.35,6231.9
6.7986,232.59,6232.4
6.7988,232.72,6236.7
6.799,232.8,6241.1
6.7992,232.85,6244.4
6.7994,232.86,6244.7
6.7996,232.8,6243
6.7998,232.67,6240.8
6.8,232.57,6241.1
6.8002,232.56,6242.4
6.8004,232.54,6242
6.8006,232.5,6240.4
6.8008,232.5,6238
6.801,232.51,6235.6
6.8012,232.59,6237.4
6.8014,232.7,6242.3
6.8016,232.81,6247.5
6.8018,232.92,6249
6.802,232.97,6245.7
6.8022,232.91,6239.7
6.8024,232.77,6235.6
6.8026,232.58,6238.3
6.8028,232.44,6247.5
6.803,232.36,6255.5
6.8032,232.35,6253.9
6.8034,232.35,6246
6.8036,232.39,6238.7
6.8038,232.49,6235.1
6.804,232.62,6236.8
6.8042,232.76,6242.2
6.8044,232.88,6245.3
6.8046,232.94,6242.6
6.8048,232.93,6238.9
6.805,232.84,6237.6
6.8052,232.69,6237.1
6.8054,232.51,6237.8
6.8056,232.32,6238.5
6.8058,232.2,6238.6
6.806,232.18,6238
6.8062,232.25,6237
6.8064,232.37,6236.8
6.8066,232.53,6236.2
6.8068,232.7,6234.6
6.807,232.81,6232
6.8072,232.92,6228.8
6.8074,232.97,6227.2
6.8076,232.9,6228.7
6.8078,232.75,6232.6
6.808,232.55,6234.9
6.8082,232.39,6234.1
6.8084,232.34,6231.2
6.8086,232.33,6228.3
6.8088,232.36,6228.1
6.809,232.41,6229.2
6.8092,232.47,6230.8
6.8094,232.56,6230.8
6.8096,232.67,6229.6
6.8098,232.78,6228
6.81,232.89,6227.6
6.8102,232.99,6228
6.8104,233,6230
6.8106,232.96,6231.8
6.8108,232.84,6231.4
6.811,232.66,6227.9
6.8112,232.5,6225.1
6.8114,232.39,6224.6
6.8116,232.35,6227.1
6.8118,232.42,6230.1
6.812,232.57,6230.7
6.8122,232.75,6227.9
6.8124,232.92,6223.7
6.8126,233.01,6223.5
6.8128,233.06,6225.3
6.813,233.08,6229.5
6.8132,233.03,6232.3
6.8134,232.96,6232.9
6.8136,232.86,6234.6
6.8138,232.71,6236.3
6.814,232.6,6236.5
6.8142,232.53,6235.2
6.8144,232.48,6234
6.8146,232.48,6232
6.8148,232.56,6229.5
6.815,232.72,6228.5
6.8152,232.88,6229.3
6.8154,233.01,6232
6.8156,233.1,6235.9
6.8158,233.08,6240.4
6.816,232.99,6241.5
6.8162,232.9,6239.3
6.8164,232.77,6236.5
6.8166,232.57,6237.5
6.8168,232.42,6242.4
6.817,232.34,6246.2
6.8172,232.31,6246.4
6.8174,232.38,6244.2
6.8176,232.53,6241.2
6.8178,232.68,6239.4
6.818,232.77,6242.8
6.8182,232.86,6248.4
6.8184,232.91,6252.6
6.8186,232.91,6254.1
6.8188,232.93,6253.7
6.819,232.93,6252.9
6.8192,232.81,6253.6
6.8194,232.67,6256
6.8196,232.55,6257.7
6.8198,232.48,6255.5
6.82,232.48,6253.5
6.8202,232.54,6253
6.8204,232.64,6254.5
6.8206,232.75,6254.4
6.8208,232.85,6252.5
6.821,232.92,6249.2
6.8212,232.95,6248.4
6.8214,232.93,6249.5
6.8216,232.88,6249.9
6.8218,232.81,6250.6
6.822,232.72,6252.2
6.8222,232.56,6252.3
6.8224,232.41,6250.9
6.8226,232.32,6249.3
6.8228,232.32,6249.3
6.823,232.4,6250.4
6.8232,232.56,6251.3
6.8234,232.75,6252.5
6.8236,232.9,6251.3
6.8238,232.98,6248.4
6.824,233,6247
6.8242,232.96,6248.5
6.8244,232.89,6249.9
6.8246,232.78,6250.5
6.8248,232.64,6248.4
6.825,232.48,6246.6
6.8252,232.39,6245.7
6.8254,232.36,6245.9
6.8256,232.39,6247.5
6.8258,232.47,6248.4
6.826,232.59,6247.6
6.8262,232.72,6243.8
6.8264,232.82,6240.5
6.8266,232.87,6239.7
6.8268,232.89,6243.1
6.827,232.88,6247.5
6.8272,232.85,6251.2
6.8274,232.76,6252.2
6.8276,232.64,6250.9
6.8278,232.5,6249.1
6.828,232.42,6248.5
6.8282,232.35,6250.2
6.8284,232.32,6251.9
6.8286,232.35,6252.4
6.8288,232.45,6252.2
6.829,232.6,6253.5
6.8292,232.82,6254.1
6.8294,233,6255.1
6.8296,233.03,6257
6.8298,233,6258.6
6.83,232.91,6258
6.8302,232.78,6256.4
6.8304,232.63,6256.7
6.8306,232.54,6260.9
6.8308,232.5,6265.5
6.831,232.48,6267.2
6.8312,232.48,6265
6.8314,232.57,6261.1
6.8316,232.71,6260.1
6.8318,232.85,6267.6
6.832,232.96,6279.3
6.8322,233.07,6288.2
6.8324,233.15,6287.9
6.8326,233.23,6281.8
6.8328,233.3,6273.9
6.833,233.23,6270.3
6.8332,232.99,6274.1
6.8334,232.78,6281.9
6.8336,232.72,6284.7
6.8338,232.8,6282.9
6.834,232.94,6279.4
6.8342,233.05,6277.7
6.8344,233.11,6276.7
6.8346,233.13,6277.4
6.8348,233.21,6283.2
6.835,233.37,6290.8
6.8352,233.53,6293.3
6.8354,233.61,6290.5
6.8356,233.54,6286.9
6.8358,233.36,6285.1
6.836,233.15,6286.5
6.8362,233.08,6289.7
6.8364,233.16,6291.7
6.8366,233.32,6290.7
6.8368,233.46,6286.5
6.837,233.55,6281.9
6.8372,233.61,6279.5
6.8374,233.65,6279.7
6.8376,233.71,6282.6
6.8378,233.77,6285
6.838,233.84,6285.2
6.8382,233.83,6283.4
6.8384,233.73,6280.4
6.8386,233.59,6277.8
6.8388,233.42,6277.3
6.839,233.22,6278.2
6.8392,233.02,6279.8
6.8394,232.88,6279
6.8396,232.87,6276.6
6.8398,232.98,6273.6
6.84,233.16,6270.9
6.8402,233.34,6270
6.8404,233.46,6269.8
6.8406,233.48,6269.1
6.8408,233.43,6269.1
6.841,233.34,6269.9
6.8412,233.23,6270.6
6.8414,233.11,6269.3
6.8416,233.09,6266.5
6.8418,233.08,6264
6.842,233.03,6262.7
6.8422,232.92,6263.2
6.8424,232.82,6264.6
6.8426,232.81,6264.2
6.8428,232.92,6261.9
6.843,233.11,6258.6
6.8432,233.31,6257.5
6.8434,233.44,6260.8
6.8436,233.5,6266
6.8438,233.46,6269.3
6.844,233.34,6268.8
6.8442,233.17,6264.7
6.8444,233.02,6259.1
6.8446,232.91,6254.1
6.8448,232.82,6254.4
6.845,232.77,6258.4
6.8452,232.79,6261.3
6.8454,232.87,6261
6.8456,232.98,6259.5
6.8458,233.13,6261.5
6.846,233.26,6263.2
6.8462,233.31,6263
6.8464,233.28,6263.5
6.8466,233.21,6264.1
6.8468,233.09,6264.6
6.847,232.95,6266.3
6.8472,232.83,6270
6.8474,232.86,6275.9
6.8476,232.88,6279.3
6.8478,232.91,6277.4
6.848,233.01,6272.4
6.8482,233.15,6267.1
6.8484,233.27,6264.7
6.8486,233.35,6265.3
6.8488,233.38,6267.9
6.849,233.42,6270
6.8492,233.43,6269.4
6.8494,233.41,6266.4
6.8496,233.29,6262.9
6.8498,233.08,6264.6
6.85,232.86,6270.1
6.8502,232.79,6274.7
6.8504,232.86,6275.9
6.8506,233.02,6276.2
6.8508,233.15,6273
6.851,233.22,6269.7
6.8512,233.27,6270.5
6.8514,233.37,6274.6
6.8516,233.53,6279.5
6.8518,233.68,6282.9
6.852,233.79,6284.6
6.8522,233.78,6283.5
6.8524,233.69,6279.5
6.8526,233.53,6279.1
6.8528,233.31,6281.5
6.853,233.18,6281.8
6.8532,233.14,6279.2
6.8534,233.14,6278.4
6.8536,233.21,6278.1
6.8538,233.3,6278.1
6.854,233.42,6277.6
6.8542,233.54,6277.5
6.8544,233.65,6275.7
6.8546,233.7,6272.9
6.8548,233.68,6273.4
6.855,233.59,6275.9
6.8552,233.48,6274.8
6.8554,233.33,6272.5
6.8556,233.15,6270
6.8558,233.02,6268.9
6.856,232.97,6267.6
6.8562,233.01,6266.3
6.8564,233.12,6265.2
6.8566,233.24,6263.7
6.8568,233.37,6261.6
6.857,233.5,6260.9
6.8572,233.57,6260.9
6.8574,233.6,6263.3
6.8576,233.57,6264.8
6.8578,233.5,6264.3
6.858,233.38,6260.7
6.8582,233.22,6257.4
6.8584,233.08,6255.8
6.8586,233.01,6257
6.8588,233,6258.2
6.859,233.08,6260.1
6.8592,233.22,6260.5
6.8594,233.42,6258
6.8596,233.57,6252.9
6.8598,233.67,6249.5
6.86,233.71,6250.9
6.8602,233.73,6255.1
6.8604,233.73,6259.3
6.8606,233.71,6261.2
6.8608,233.63,6260.6
6.861,233.45,6257.2
6.8612,233.24,6252.5
6.8614,233.09,6249.6
6.8616,233.02,6250.9
6.8618,233.05,6254
6.862,233.17,6255.6
6.8622,233.31,6254.4
6.8624,233.45,6254
6.8626,233.52,6254.2
6.8628,233.56,6255.9
6.863,233.6,6262.2
6.8632,233.64,6268.9
6.8634,233.69,6272.4
6.8636,233.68,6275.3
6.8638,233.6,6276.3
6.864,233.51,6273.2
6.8642,233.36,6269
6.8644,233.24,6267.6
6.8646,233.24,6267.2
6.8648,233.35,6264.8
6.865,233.53,6265.3
6.8652,233.68,6272.9
6.8654,233.82,6282.5
6.8656,233.97,6287.1
6.8658,234.04,6285.3
6.866,234,6279
6.8662,233.87,6274.7
6.8664,233.64,6274.7
6.8666,233.43,6278.1
6.8668,233.34,6284
6.867,233.33,6291
6.8672,233.4,6293.7
6.8674,233.54,6290.5
6.8676,233.73,6286.3
6.8678,233.9,6287.9
6.868,234.03,6294.7
6.8682,234.14,6301.5
6.8684,234.24,6304.6
6.8686,234.33,6303.7
6.8688,234.38,6299.6
6.869,234.32,6297
6.8692,234.16,6297.4
6.8694,233.96,6297.9
6.8696,233.83,6298.5
6.8698,233.77,6296.3
6.87,233.75,6291.4
6.8702,233.73,6286.6
6.8704,233.76,6285.1
6.8706,233.81,6287.2
6.8708,233.91,6289.7
6.871,234.02,6291.3
6.8712,234.17,6290.3
6.8714,234.23,6287.5
6.8716,234.18,6285.6
6.8718,234.05,6284.8
6.872,233.87,6284.6
6.8722,233.7,6284.2
6.8724,233.6,6283.7
6.8726,233.55,6282.7
6.8728,233.57,6281.4
6.873,233.62,6281.8
6.8732,233.74,6282.4
6.8734,233.91,6281.5
6.8736,234.06,6280.6
6.8738,234.2,6280.8
6.874,234.27,6280.8
6.8742,234.24,6280.3
6.8744,234.12,6280.8
6.8746,233.96,6281.3
6.8748,233.78,6281.1
6.875,233.6,6280.1
6.8752,233.47,6279.6
6.8754,233.43,6278.8
6.8756,233.43,6276.2
6.8758,233.47,6274.3
6.876,233.52,6274.1
6.8762,233.59,6272.4
6.8764,233.69,6270.2
6.8766,233.78,6267.4
6.8768,233.83,6265.8
6.877,233.82,6267.5
6.8772,233.77,6270.6
6.8774,233.66,6271.4
6.8776,233.52,6268.9
6.8778,233.38,6266.3
6.878,233.26,6263.7
6.8782,233.17,6262.2
6.8784,233.12,6263.8
6.8786,233.12,6265.8
6.8788,233.18,6267.8
6.879,233.34,6267.6
6.8792,233.52,6264.4
6.8794,233.61,6263.1
6.8796,233.67,6265.4
6.8798,233.72,6267.6
6.88,233.69,6269.4
6.8802,233.56,6269.8
6.8804,233.39,6271.1
6.8806,233.31,6274
6.8808,233.31,6276.4
6.881,233.3,6278.6
6.8812,233.31,6280.1
6.8814,233.4,6279.2
6.8816,233.55,6276.6
6.8818,233.71,6277.6
6.882,233.87,6281.4
6.8822,233.97,6284.5
6.8824,234,6286.4
6.8826,233.98,6287.4
6.8828,233.93,6285.9
6.883,233.82,6284.2
6.8832,233.71,6284.4
6.8834,233.58,6284.5
6.8836,233.5,6281.6
6.8838,233.47,6277.1
6.884,233.44,6272.7
6.8842,233.39,6268.8
6.8844,233.34,6269.9
6.8846,233.37,6275.5
6.8848,233.47,6281.4
6.885,233.7,6282.5
6.8852,233.86,6278.4
6.8854,233.8,6273
6.8856,233.61,6269.1
6.8858,233.32,6272.7
6.886,233.11,6285.1
6.8862,233.09,6294.9
6.8864,233.24,6293.5
6.8866,233.47,6285.5
6.8868,233.59,6275.1
6.887,233.56,6266.1
6.8872,233.47,6266.2
6.8874,233.42,6275.3
6.8876,233.5,6284.7
6.8878,233.68,6286.3
6.888,233.87,6281.3
6.8882,233.93,6274.6
6.8884,233.81,6269.1
6.8886,233.62,6268.3
6.8888,233.45,6271.8
6.889,233.26,6276.8
6.8892,233.07,6277.5
6.8894,232.96,6274.7
6.8896,232.96,6272.8
6.8898,233.09,6271.3
6.89,233.28,6267.3
6.8902,233.46,6262.7
6.8904,233.58,6260.5
6.8906,233.6,6262.2
6.8908,233.54,6266.7
6.891,233.43,6268.9
6.8912,233.31,6268.1
6.8914,233.21,6263.8
6.8916,233.14,6258.8
6.8918,233.05,6256
6.892,232.9,6255.5
6.8922,232.74,6256.9
6.8924,232.65,6259.7
6.8926,232.7,6259
6.8928,232.86,6256.2
6.893,233.05,6251.2
6.8932,233.19,6249.4
6.8934,233.25,6251.4
6.8936,233.23,6254.5
6.8938,233.15,6257.2
6.894,233.07,6259.8
6.8942,232.99,6260.5
6.8944,232.95,6258.2
6.8946,232.97,6255.1
6.8948,233.01,6254.1
6.895,233.05,6254.7
6.8952,233.1,6255.1
6.8954,233.17,6256.4
6.8956,233.32,6256.9
6.8958,233.44,6256.6
6.896,233.51,6258.1
6.8962,233.6,6261
6.8964,233.65,6262.7
6.8966,233.61,6263.5
6.8968,233.57,6263.7
6.897,233.5,6263.2
6.8972,233.32,6265
6.8974,233.26,6267.4
6.8976,233.32,6267.7
6.8978,233.42,6265
6.898,233.51,6262.4
6.8982,233.55,6262.9
6.8984,233.55,6266.3
6.8986,233.58,6272.3
6.8988,233.71,6276.5
6.899,233.91,6276.8
6.8992,234.07,6273.7
6.8994,234.09,6271.6
6.8996,233.91,6273.3
6.8998,233.66,6277
6.9,233.45,6279.1
6.9002,233.35,6279.1
6.9004,233.34,6278.4
6.9006,233.42,6275.9
6.9008,233.56,6273
6.901,233.68,6271.6
6.9012,233.77,6272.5
6.9014,233.84,6272.4
6.9016,233.9,6270.7
6.9018,233.97,6267.7
6.902,234.05,6264
6.9022,234.02,6262.3
6.9024,233.89,6266.6
6.9026,233.7,6272.7
6.9028,233.58,6273.8
6.903,233.56,6270.3
6.9032,233.59,6265.7
6.9034,233.58,6261.8
6.9036,233.59,6260.9
6.9038,233.69,6262.5
6.904,233.83,6265.1
6.9042,233.98,6266.2
6.9044,234.13,6264.6
6.9046,234.19,6263.4
6.9048,234.15,6261.8
6.905,234.05,6261.1
6.9052,233.91,6260.5
6.9054,233.85,6260
6.9056,233.82,6258.3
6.9058,233.79,6256.7
6.906,233.72,6257.9
6.9062,233.65,6260.2
6.9064,233.69,6259
6.9066,233.81,6255.2
6.9068,234,6249.4
6.907,234.16,6245.7
6.9072,234.24,6245.1
6.9074,234.23,6247.1
6.9076,234.16,6250.9
6.9078,234.08,6252.8
6.908,233.94,6250.5
6.9082,233.76,6247.2
6.9084,233.65,6245.2
6.9086,233.63,6246.2
6.9088,233.61,6248.4
6.909,233.62,6250.6
6.9092,233.68,6249.6
6.9094,233.76,6245.9
6.9096,233.91,6240.5
6.9098,234.03,6238
6.91,234.1,6241
6.9102,234.15,6246.6
6.9104,234.17,6249.6
6.9106,234.11,6249.6
6.9108,234,6247.7
6.911,233.85,6244.7
6.9112,233.77,6242.5
6.9114,233.76,6242
6.9116,233.77,6242.2
6.9118,233.8,6243.3
6.912,233.85,6245.2
6.9122,233.94,6251.1
6.9124,234.09,6254.3
6.9126,234.21,6252.4
6.9128,234.25,6248.1
6.913,234.28,6244.6
6.9132,234.22,6244.6
6.9134,234.12,6248.2
6.9136,234,6255.1
6.9138,233.83,6259.4
6.914,233.7,6257.8
6.9142,233.63,6253.2
6.9144,233.65,6249.3
6.9146,233.76,6246.6
6.9148,233.89,6243
6.915,234,6240.6
6.9152,234.07,6245.1
6.9154,234.11,6253.8
6.9156,234.18,6260.2
6.9158,234.28,6262.1
6.916,234.34,6259.9
6.9162,234.33,6256.1
6.9164,234.21,6256.7
6.9166,233.98,6260.5
6.9168,233.82,6262.3
6.917,233.69,6261.3
6.9172,233.63,6260.6
6.9174,233.71,6260
6.9176,233.81,6257.5
6.9178,233.86,6254.8
6.918,233.92,6256.3
6.9182,233.98,6258.7
6.9184,234.01,6259.3
6.9186,234.01,6259
6.9188,233.96,6257.7
6.919,233.86,6256.4
6.9192,233.72,6257.6
6.9194,233.51,6262.7
6.9196,233.41,6267.7
6.9198,233.47,6269.8
6.92,233.59,6267
6.9202,233.73,6262
6.9204,233.83,6256.8
6.9206,233.87,6253.9
6.9208,233.89,6253.2
6.921,233.91,6256.5
6.9212,233.94,6261
6.9214,233.97,6264.2
6.9216,234.02,6264.2
6.9218,234,6260.7
6.922,233.89,6256.4
6.9222,233.8,6253.3
6.9224,233.69,6253.7
6.9226,233.59,6258.7
6.9228,233.55,6264.4
6.923,233.58,6266.6
6.9232,233.69,6264.8
6.9234,233.89,6258.8
6.9236,234.08,6254.1
6.9238,234.16,6254.7
6.924,234.19,6258.1
6.9242,234.19,6261.5
6.9244,234.15,6262.7
6.9246,234.07,6261.8
6.9248,233.91,6259.7
6.925,233.78,6257.5
6.9252,233.74,6254.9
6.9254,233.78,6252.7
6.9256,233.86,6251.4
6.9258,233.92,6252.8
6.926,233.98,6255.5
6.9262,234.05,6255.3
6.9264,234.1,6251.3
6.9266,234.14,6247.2
6.9268,234.19,6244.8
6.927,234.2,6246.2
6.9272,234.16,6249.8
6.9274,234.06,6252.2
6.9276,233.87,6252
6.9278,233.71,6250.1
6.928,233.62,6245.5
6.9282,233.6,6242.1
6.9284,233.62,6242.8
6.9286,233.7,6246.3
6.9288,233.82,6247
6.929,233.97,6245.7
6.9292,234.09,6245.3
6.9294,234.2,6249.1
6.9296,234.25,6253.6
6.9298,234.22,6255
6.93,234.15,6253.7
6.9302,234.05,6250.9
6.9304,233.86,6250.4
6.9306,233.7,6254.3
6.9308,233.66,6257.5
6.931,233.72,6260.2
6.9312,233.81,6259.1
6.9314,233.89,6256
6.9316,233.99,6251
6.9318,234.12,6250.3
6.932,234.23,6254.6
6.9322,234.31,6259.6
6.9324,234.36,6262.2
6.9326,234.38,6260.9
6.9328,234.34,6257.4
6.933,234.2,6257
6.9332,234.02,6262.1
6.9334,233.94,6267.2
6.9336,233.95,6266.7
6.9338,233.92,6261.7
6.934,233.89,6256.1
6.9342,233.93,6250.7
6.9344,234.02,6248.2
6.9346,234.13,6251.8
6.9348,234.25,6255.9
6.935,234.32,6255.5
6.9352,234.31,6252.6
6.9354,234.26,6247.4
6.9356,234.17,6244.5
6.9358,234.01,6247.3
6.936,233.82,6250.5
6.9362,233.69,6250.7
6.9364,233.66,6248.6
6.9366,233.7,6246.5
6.9368,233.8,6244.3
6.937,233.9,6239.8
6.9372,233.99,6236.5
6.9374,234.08,6236.8
6.9376,234.14,6239.3
6.9378,234.2,6241
6.938,234.24,6242.7
6.9382,234.24,6244.4
6.9384,234.19,6243.1
6.9386,234.07,6240.3
6.9388,233.87,6237.4
6.939,233.64,6236.1
6.9392,233.5,6236.5
6.9394,233.49,6238.4
6.9396,233.58,6238.1
6.9398,233.71,6237.7
6.94,233.82,6234.2
6.9402,233.89,6230.1
6.9404,233.92,6227.4
6.9406,233.95,6227.1
6.9408,233.95,6231.3
6.941,233.93,6234.5
6.9412,233.89,6234
6.9414,233.78,6232.2
6.9416,233.59,6227.3
6.9418,233.42,6223.9
6.942,233.3,6223.9
6.9422,233.3,6226.8
6.9424,233.38,6229.7
6.9426,233.52,6229.9
6.9428,233.67,6225
6.943,233.75,6220.4
6.9432,233.79,6217.6
6.9434,233.79,6219.9
6.9436,233.79,6225.2
6.9438,233.8,6230.2
6.944,233.75,6232.3
6.9442,233.61,6230.5
6.9444,233.39,6224.3
6.9446,233.16,6219.7
6.9448,232.98,6219.3
6.945,232.94,6223.3
6.9452,233.07,6226.7
6.9454,233.3,6228.2
6.9456,233.53,6230.3
6.9458,233.71,6233.4
6.946,233.86,6233.8
6.9462,233.93,6232.3
6.9464,233.92,6231.6
6.9466,233.86,6233.1
6.9468,233.76,6235.4
6.947,233.59,6237.3
6.9472,233.45,6237.7
6.9474,233.36,6234.9
6.9476,233.3,6231.5
6.9478,233.26,6232
6.948,233.29,6234.6
6.9482,233.35,6235.9
6.9484,233.44,6236.2
6.9486,233.56,6236.5
6.9488,233.68,6239.9
6.949,233.77,6244.4
6.9492,233.79,6244.2
6.9494,233.73,6241.9
6.9496,233.62,6240
6.9498,233.43,6240.4
6.95,233.32,6242.1
6.9502,233.29,6245.9
6.9504,233.32,6249.1
6.9506,233.4,6249.6
6.9508,233.46,6249.7
6.951,233.54,6249.6
6.9512,233.65,6251
6.9514,233.82,6254.3
6.9516,234,6259
6.9518,234.09,6261
6.952,234.07,6259.9
6.9522,233.96,6257.8
6.9524,233.76,6257.1
6.9526,233.56,6256.3
6.9528,233.4,6255.2
6.953,233.39,6256.3
6.9532,233.46,6257.1
6.9534,233.51,6256.9
6.9536,233.53,6254
6.9538,233.56,6250.9
6.954,233.61,6249
6.9542,233.7,6248.8
6.9544,233.82,6248.3
6.9546,233.93,6249.3
6.9548,233.99,6250.8
6.955,233.97,6250.2
6.9552,233.83,6248.4
6.9554,233.6,6246.4
6.9556,233.44,6244.7
6.9558,233.32,6243.7
6.956,233.25,6242.8
6.9562,233.24,6243.3
6.9564,233.28,6243.1
6.9566,233.42,6241.3
6.9568,233.6,6239.5
6.957,233.76,6237.8
6.9572,233.87,6237.1
6.9574,233.95,6237.1
6.9576,233.96,6237
6.9578,233.87,6237.7
6.958,233.71,6239.6
6.9582,233.52,6240.4
6.9584,233.44,6238.3
6.9586,233.45,6235.1
6.9588,233.5,6231.6
6.959,233.48,6230.5
6.9592,233.44,6231.8
6.9594,233.43,6233.7
6.9596,233.47,6234
6.9598,233.57,6232
6.96,233.71,6229
6.9602,233.82,6227.8
6.9604,233.83,6229.1
6.9606,233.71,6232
6.9608,233.5,6233.8
6.961,233.31,6233.4
6.9612,233.19,6230.5
6.9614,233.15,6228.6
6.9616,233.16,6229.2
6.9618,233.21,6231.5
6.962,233.35,6232.2
6.9622,233.5,6231.1
6.9624,233.61,6228.7
6.9626,233.66,6228.4
6.9628,233.65,6231.1
6.963,233.67,6235.2
6.9632,233.7,6237.5
6.9634,233.73,6235.9
6.9636,233.67,6231.1
6.9638,233.49,6229.3
6.964,233.24,6233.2
6.9642,233.04,6239.4
6.9644,232.98,6242.4
6.9646,233.04,6239.5
6.9648,233.2,6235.3
6.965,233.39,6232
6.9652,233.52,6233.2
6.9654,233.59,6239.4
6.9656,233.6,6248
6.9658,233.62,6252.7
6.966,233.66,6251.7
6.9662,233.68,6247.6
6.9664,233.61,6245.4
6.9666,233.44,6245
6.9668,233.27,6244.7
6.967,233.19,6247.4
6.9672,233.21,6251.4
6.9674,233.32,6252.4
6.9676,233.46,6248.9
6.9678,233.59,6244.6
6.968,233.7,6246.2
6.9682,233.83,6251.9
6.9684,233.86,6256.3
6.9686,233.86,6256.1
6.9688,233.88,6252.7
6.969,233.85,6250.6
6.9692,233.76,6253.7
6.9694,233.59,6260.6
6.9696,233.48,6264.5
6.9698,233.49,6262.3
6.97,233.51,6255.6
6.9702,233.51,6248.4
6.9704,233.51,6245
6.9706,233.52,6246.1
6.9708,233.54,6249.9
6.971,233.61,6253.1
6.9712,233.7,6251.7
6.9714,233.73,6245.8
6.9716,233.69,6240.3
6.9718,233.55,6240.5
6.972,233.29,6243.8
6.9722,233.02,6244.8
6.9724,232.87,6241.8
6.9726,232.84,6238.8
6.9728,232.92,6236.6
6.973,233.02,6237.1
6.9732,233.13,6238.6
6.9734,233.24,6239
6.9736,233.31,6238.1
6.9738,233.39,6236.9
6.974,233.49,6238
6.9742,233.58,6238.2
6.9744,233.6,6238.6
6.9746,233.49,6238.2
6.9748,233.25,6236.2
6.975,232.99,6234.1
6.9752,232.8,6233
6.9754,232.74,6233.4
6.9756,232.81,6235.1
6.9758,232.95,6234.9
6.976,233.07,6232.1
6.9762,233.14,6228.1
6.9764,233.14,6223.6
6.9766,233.11,6222.6
6.9768,233.1,6226.1
6.977,233.14,6230.1
6.9772,233.19,6233.4
6.9774,233.2,6234.1
6.9776,233.1,6230.9
6.9778,232.92,6228
6.978,232.76,6225.9
6.9782,232.66,6225.3
6.9784,232.61,6227.7
6.9786,232.66,6231.3
6.9788,232.81,6233.7
6.979,233,6235.8
6.9792,233.22,6235.9
6.9794,233.38,6236.3
6.9796,233.47,6237.4
6.9798,233.52,6238.6
6.98,233.46,6238.8
6.9802,233.3,6240.6
6.9804,233.09,6245.8
6.9806,232.96,6249.8
6.9808,232.94,6249.6
6.981,232.96,6247
6.9812,232.99,6244
6.9814,233.02,6241.7
6.9816,233.06,6244.2
6.9818,233.18,6249.9
6.982,233.42,6253.1
6.9822,233.66,6251.6
6.9824,233.77,6248.5
6.9826,233.72,6245.3
6.9828,233.52,6243.4
6.983,233.24,6245.1
6.9832,232.99,6249.7
6.9834,232.85,6252.2
6.9836,232.86,6253.2
6.9838,233,6252.6
6.984,233.2,6250.8
6.9842,233.34,6248.9
6.9844,233.4,6250.9
6.9846,233.42,6256.8
6.9848,233.51,6259.2
6.985,233.64,6257.1
6.9852,233.76,6254.8
6.9854,233.84,6254.1
6.9856,233.81,6253.6
6.9858,233.64,6255.8
6.986,233.44,6258.7
6.9862,233.24,6260.1
6.9864,233.11,6259.9
6.9866,233.11,6258.6
6.9868,233.22,6256.5
6.987,233.4,6254.5
6.9872,233.57,6254.1
6.9874,233.69,6256.8
6.9876,233.76,6259.1
6.9878,233.8,6258.4
6.988,233.78,6255.7
6.9882,233.76,6253.9
6.9884,233.7,6253.1
6.9886,233.6,6253.9
6.9888,233.46,6254.9
6.989,233.36,6254.9
6.9892,233.29,6254.4
6.9894,233.26,6253.5
6.9896,233.32,6252.4
6.9898,233.45,6250.4
6.99,233.61,6248
6.9902,233.73,6246.3
6.9904,233.79,6245.7
6.9906,233.78,6246.7
6.9908,233.78,6248.9
6.991,233.77,6251.1
6.9912,233.75,6251.4
6.9914,233.63,6249.2
6.9916,233.52,6245.5
6.9918,233.44,6241.5
6.992,233.37,6241.6
6.9922,233.38,6245.9
6.9924,233.49,6250.2
6.9926,233.66,6250.6
6.9928,233.87,6248.7
6.993,234.02,6246.7
6.9932,234.11,6243.3
6.9934,234.14,6241.3
6.9936,234.12,6242.9
6.9938,234.1,6245.1
6.994,234,6246.4
6.9942,233.82,6245.8
6.9944,233.61,6245
6.9946,233.45,6243
6.9948,233.37,6241.7
6.995,233.39,6242.5
6.9952,233.49,6245.2
6.9954,233.63,6246.5
6.9956,233.79,6245.7
6.9958,233.9,6246.1
6.996,233.98,6248.6
6.9962,234.03,6251.4
6.9964,234.05,6252.3
6.9966,234.01,6252
6.9968,233.9,6251.3
6.997,233.77,6251.8
6.9972,233.58,6255.5
6.9974,233.44,6258.7
6.9976,233.36,6257.9
6.9978,233.37,6253.4
6.998,233.47,6248.6
6.9982,233.61,6246.6
6.9984,233.73,6244.9
6.9986,233.82,6248
6.9988,233.84,6252.6
6.999,233.8,6252.8
6.9992,233.76,6247.6
6.9994,233.74,6242
6.9996,233.68,6243.5
6.9998,233.57,6253.9
7,233.48,6264.2
7.0002,233.49,6268.5
7.0004,233.54,6268.7
7.0006,233.54,6263.8
7.0008,233.57,6256.8
7.001,233.67,6253.5
7.0012,233.82,6254.8
7.0014,233.99,6258.1
7.0016,234.14,6260.7
7.0018,234.23,6259.7
7.002,234.24,6255.9
7.0022,234.14,6252.9
7.0024,233.97,6251.3
7.0026,233.75,6252
7.0028,233.53,6254
7.003,233.44,6255.5
7.0032,233.5,6254.5
7.0034,233.59,6250.8
7.0036,233.66,6247.8
7.0038,233.7,6245.8
7.004,233.74,6245.1
7.0042,233.77,6245.4
7.0044,233.85,6244
7.0046,233.89,6242
7.0048,233.88,6240.3
7.005,233.78,6241.2
7.0052,233.59,6244.5
7.0054,233.4,6245.6
7.0056,233.21,6241.5
7.0058,233.01,6237
7.006,232.88,6235.4
7.0062,232.89,6235.4
7.0064,232.98,6235.2
7.0066,233.12,6235.7
7.0068,233.28,6234.9
7.007,233.41,6231.2
7.0072,233.45,6230
7.0074,233.49,6233.1
7.0076,233.52,6236.7
7.0078,233.51,6238
7.008,233.42,6237.8
7.0082,233.3,6236
7.0084,233.17,6231.5
7.0086,233.02,6227.4
7.0088,232.91,6227.7
7.009,232.9,6229.7
7.0092,233,6230.8
7.0094,233.19,6230.4
7.0096,233.41,6228.4
7.0098,233.55,6227
7.01,233.6,6226.6
7.0102,233.57,6227
7.0104,233.48,6228.2
7.0106,233.4,6229.9
7.0108,233.31,6230.8
7.011,233.17,6228.4
7.0112,232.98,6225.1
7.0114,232.79,6223.4
7.0116,232.67,6224
7.0118,232.65,6224.7
7.012,232.74,6222.9
7.0122,232.88,6219
7.0124,233.01,6216.6
7.0126,233.07,6219.3
7.0128,233.12,6224.6
7.013,233.18,6228.6
7.0132,233.23,6229.5
7.0134,233.22,6227.7
7.0136,233.09,6227
7.0138,232.9,6227.1
7.014,232.71,6227.7
7.0142,232.59,6229.2
7.0144,232.58,6230.7
7.0146,232.7,6229
7.0148,232.86,6223.9
7.015,233.02,6222.1
7.0152,233.13,6227.1
7.0154,233.17,6236.1
7.0156,233.22,6238.9
7.0158,233.28,6234.4
7.016,233.3,6225.3
7.0162,233.26,6217.7
7.0164,233.12,6219.1
7.0166,232.91,6230.1
7.0168,232.78,6240.8
7.017,232.65,6243.2
7.0172,232.53,6237.6
7.0174,232.52,6229.9
7.0176,232.61,6223.5
7.0178,232.78,6222.4
7.018,232.98,6230.3
7.0182,233.13,6240.1
7.0184,233.21,6241.8
7.0186,233.19,6236.8
7.0188,233.08,6230.9
7.019,232.97,6227
7.0192,232.89,6226.9
7.0194,232.79,6233.3
7.0196,232.69,6241
7.0198,232.54,6242.1
7.02,232.39,6236.2
7.0202,232.35,6228.9
7.0204,232.42,6222.4
7.0206,232.58,6218.5
7.0208,232.76,6219.4
7.021,232.89,6224.2
7.0212,232.92,6225.7
7.0214,232.87,6227
7.0216,232.77,6227.4
7.0218,232.66,6227.3
7.022,232.52,6226
7.0222,232.38,6222.9
7.0224,232.27,6219.7
7.0226,232.2,6217.9
7.0228,232.18,6216.6
7.023,232.21,6218.2
7.0232,232.32,6220.6
7.0234,232.44,6222.6
7.0236,232.53,6222.1
7.0238,232.63,6218.2
7.024,232.71,6216.3
7.0242,232.78,6215.8
7.0244,232.79,6217.5
7.0246,232.73,6220.4
7.0248,232.6,6221.6
7.025,232.41,6221.6
7.0252,232.26,6220.3
7.0254,232.14,6220.1
7.0256,232.15,6219.5
7.0258,232.28,6217.4
7.026,232.49,6214.7
7.0262,232.7,6214.8
7.0264,232.87,6215.1
7.0266,232.91,6216.4
7.0268,232.9,6219.7
7.027,232.85,6222.9
7.0272,232.75,6224
7.0274,232.67,6219.4
7.0276,232.56,6214.7
7.0278,232.43,6212.5
7.028,232.29,6213.1
7.0282,232.15,6216.6
7.0284,232.08,6220.9
7.0286,232.13,6224.2
7.0288,232.29,6222
7.029,232.47,6219.8
7.0292,232.63,6220.8
7.0294,232.77,6223.2
7.0296,232.81,6226.3
7.0298,232.8,6228.2
7.03,232.76,6228.2
7.0302,232.68,6226.3
7.0304,232.57,6224.7
7.0306,232.5,6224.7
7.0308,232.42,6224.3
7.031,232.38,6222.6
7.0312,232.39,6221.1
7.0314,232.45,6222.1
7.0316,232.58,6224.6
7.0318,232.72,6226.1
7.032,232.83,6225.5
7.0322,232.87,6222
7.0324,232.84,6217.9
7.0326,232.8,6218.3
7.0328,232.76,6223.1
7.033,232.71,6233.8
7.0332,232.63,6244.3
7.0334,232.49,6246.9
7.0336,232.51,6240.4
7.0338,232.58,6229.9
7.034,232.62,6223.8
7.0342,232.67,6224.1
7.0344,232.75,6231.9
7.0346,232.82,6242
7.0348,232.92,6250.2
7.035,233.04,6253
7.0352,233.15,6248.4
7.0354,233.11,6240.1
7.0356,233.01,6235.8
7.0358,232.84,6238
7.036,232.62,6242.4
7.0362,232.49,6247.4
7.0364,232.55,6254.2
7.0366,232.68,6257.3
7.0368,232.69,6253.3
7.037,232.68,6245.8
7.0372,232.73,6238.5
7.0374,232.84,6234.4
7.0376,233.02,6235.6
7.0378,233.2,6241.7
7.038,233.29,6247.1
7.0382,233.26,6247.9
7.0384,233.1,6243.8
7.0386,232.86,6238.5
7.0388,232.62,6232.9
7.039,232.47,6230.5
7.0392,232.42,6232.4
7.0394,232.47,6236.1
7.0396,232.58,6238.2
7.0398,232.73,6237.6
7.04,232.86,6234.1
7.0402,232.95,6229.7
7.0404,233.03,6227.8
7.0406,233.09,6228.7
7.0408,233.12,6230.8
7.041,233.14,6233.7
7.0412,233.11,6236.6
7.0414,232.99,6236.3
7.0416,232.83,6232.6
7.0418,232.67,6228.6
7.042,232.47,6227.7
7.0422,232.34,6228.5
7.0424,232.36,6229.4
7.0426,232.47,6228.2
7.0428,232.66,6227
7.043,232.89,6225.2
7.0432,233.06,6224.1
7.0434,233.09,6223.9
7.0436,233.02,6223.3
7.0438,232.9,6223.6
7.044,232.73,6225.3
7.0442,232.55,6225.7
7.0444,232.41,6223.4
7.0446,232.33,6222.5
7.0448,232.29,6222.9
7.045,232.33,6222.4
7.0452,232.41,6220.3
7.0454,232.54,6220.7
7.0456,232.66,6222.8
7.0458,232.78,6224.9
7.046,232.88,6227.3
7.0462,232.94,6232.5
7.0464,232.99,6237
7.0466,233.01,6234.5
7.0468,232.91,6228.6
7.047,232.72,6226.7
7.0472,232.54,6228.9
7.0474,232.41,6232.8
7.0476,232.33,6233.7
7.0478,232.31,6231.9
7.048,232.35,6230.6
7.0482,232.43,6231.7
7.0484,232.55,6236.5
7.0486,232.68,6238.9
7.0488,232.86,6238.3
7.049,233.06,6236.1
7.0492,233.15,6232.8
7.0494,233.02,6229.6
7.0496,232.76,6229.1
7.0498,232.47,6234
7.05,232.23,6239.8
7.0502,232.26,6243.5
7.0504,232.46,6244.1
7.0506,232.64,6240.6
7.0508,232.72,6235.1
7.051,232.68,6229.7
7.0512,232.6,6230.6
7.0514,232.57,6237.2
7.0516,232.7,6245.9
7.0518,232.9,6252.3
7.052,233.11,6251.1
7.0522,233.22,6243.3
7.0524,233.17,6235
7.0526,232.9,6232.7
7.0528,232.63,6236
7.053,232.49,6241.3
7.0532,232.45,6244.7
7.0534,232.56,6243
7.0536,232.73,6238
7.0538,232.84,6233.2
7.054,232.91,6230.6
7.0542,232.96,6231.4
7.0544,232.99,6234.6
7.0546,233.03,6237.2
7.0548,233.07,6238.1
7.055,233.08,6238
7.0552,233.02,6238.2
7.0554,232.87,6236.8
7.0556,232.66,6233.6
7.0558,232.52,6231.4
7.056,232.47,6231
7.0562,232.5,6232.1
7.0564,232.58,6232.4
7.0566,232.69,6230.8
7.0568,232.79,6226.4
7.057,232.87,6222
7.0572,232.88,6220.1
7.0574,232.87,6221.3
7.0576,232.86,6223.8
7.0578,232.83,6224.5
7.058,232.75,6222.5
7.0582,232.62,6220
7.0584,232.5,6219.5
7.0586,232.37,6219.4
7.0588,232.3,6220.2
7.059,232.3,6219.5
7.0592,232.39,6217.1
7.0594,232.53,6213.4
7.0596,232.66,6210.3
7.0598,232.73,6210.3
7.06,232.75,6212.8
7.0602,232.75,6214.9
7.0604,232.76,6214.6
7.0606,232.77,6213.4
7.0608,232.69,6213.2
7.061,232.51,6212
7.0612,232.34,6209.4
7.0614,232.19,6208.7
7.0616,232.12,6208.6
7.0618,232.14,6210.1
7.062,232.25,6211.8
7.0622,232.45,6214.3
7.0624,232.66,6217.3
7.0626,232.85,6218.4
7.0628,232.96,6218
7.063,232.99,6217.4
7.0632,232.98,6219.1
7.0634,232.92,6222.2
7.0636,232.81,6224.5
7.0638,232.66,6227.2
7.064,232.59,6227.6
7.0642,232.55,6223.1
7.0644,232.51,6217.1
7.0646,232.52,6212.9
7.0648,232.58,6212.7
7.065,232.69,6220.6
7.0652,232.83,6230.1
7.0654,232.97,6231
7.0656,233.05,6224.7
7.0658,233.03,6218.4
7.066,232.95,6214.2
7.0662,232.84,6215.9
7.0664,232.72,6224.8
7.0666,232.59,6235.3
7.0668,232.51,6239.6
7.067,232.43,6235.7
7.0672,232.37,6230.4
7.0674,232.41,6225.4
7.0676,232.55,6222.2
7.0678,232.73,6222.1
7.068,232.88,6227.6
7.0682,232.97,6236.5
7.0684,233.03,6244.9
7.0686,233.11,6246.7
7.0688,233.1,6240.7
7.069,233.06,6233.6
7.0692,232.99,6229
7.0694,232.76,6231.3
7.0696,232.58,6240.1
7.0698,232.61,6247.5
7.07,232.71,6248.4
7.0702,232.88,6243.3
7.0704,233.1,6235.7
7.0706,233.26,6230.2
7.0708,233.32,6232.3
7.071,233.33,6241.3
7.0712,233.35,6251.2
7.0714,233.39,6254.6
7.0716,233.47,6249.9
7.0718,233.52,6241.7
7.072,233.43,6235.6
7.0722,233.23,6233.9
7.0724,233.03,6237.2
7.0726,232.89,6241.8
7.0728,232.84,6245.2
7.073,232.87,6243.8
7.0732,232.98,6237.7
7.0734,233.12,6231.2
7.0736,233.24,6226.3
7.0738,233.32,6225
7.074,233.35,6228.1
7.0742,233.29,6232.6
7.0744,233.22,6233.2
7.0746,233.11,6229.3
7.0748,232.96,6225.8
7.075,232.83,6225.6
7.0752,232.73,6226.3
7.0754,232.67,6226.2
7.0756,232.65,6227
7.0758,232.7,6227.8
7.076,232.85,6227.7
7.0762,233.05,6226.2
7.0764,233.22,6223
7.0766,233.28,6220.6
7.0768,233.26,6220.3
7.077,233.19,6223.3
7.0772,233.09,6226.6
7.0774,232.98,6228.9
7.0776,232.85,6229.1
7.0778,232.78,6227.4
7.078,232.74,6225.8
7.0782,232.73,6225
7.0784,232.72,6225.7
7.0786,232.76,6226
7.0788,232.85,6223.8
7.079,232.93,6221.6
7.0792,233.03,6222
7.0794,233.1,6223.4
7.0796,233.13,6225.1
7.0798,233.11,6227.2
7.08,233.05,6228.2
7.0802,232.95,6228.1
7.0804,232.82,6230.3
7.0806,232.72,6233.2
7.0808,232.66,6231
7.081,232.59,6225.8
7.0812,232.54,6222.7
7.0814,232.59,6223.7
7.0816,232.67,6227.3
7.0818,232.77,6231.9
7.082,232.86,6234.1
7.0822,232.93,6232.6
7.0824,232.98,6229.4
7.0826,232.94,6228.7
7.0828,232.81,6230.7
7.083,232.66,6236.6
7.0832,232.51,6244.2
7.0834,232.37,6248
7.0836,232.39,6245
7.0838,232.49,6240.2
7.084,232.58,6236.8
7.0842,232.64,6236.3
7.0844,232.69,6238.9
7.0846,232.7,6243.9
7.0848,232.75,6247.8
7.085,232.84,6247.9
7.0852,232.88,6245
7.0854,232.85,6243.7
7.0856,232.76,6244.4
7.0858,232.62,6246.5
7.086,232.43,6252.1
7.0862,232.21,6256.2
7.0864,232.05,6257.9
7.0866,232.03,6257.6
7.0868,232.16,6255.4
7.087,232.41,6252.3
7.0872,232.68,6253.4
7.0874,232.85,6257.1
7.0876,232.92,6258.3
7.0878,232.95,6257.1
7.088,232.97,6253.5
7.0882,232.99,6250.8
7.0884,232.97,6249.6
7.0886,232.87,6249.8
7.0888,232.73,6253.9
7.089,232.63,6256.4
7.0892,232.57,6253.8
7.0894,232.54,6248.5
7.0896,232.56,6242.3
7.0898,232.64,6241.2
7.09,232.77,6245.2
7.0902,232.93,6248.6
7.0904,233.03,6247.8
7.0906,233.07,6244.2
7.0908,233.08,6240.6
7.091,233.04,6238.7
7.0912,232.94,6238.4
7.0914,232.77,6239
7.0916,232.55,6239.9
7.0918,232.42,6240.2
7.092,232.42,6240.3
7.0922,232.49,6238.5
7.0924,232.58,6235.8
7.0926,232.68,6233.7
7.0928,232.8,6234.4
7.093,232.88,6233.5
7.0932,232.92,6232.2
7.0934,232.95,6231.6
7.0936,232.95,6231.5
7.0938,232.91,6231.5
7.094,232.84,6231.6
7.0942,232.7,6230.1
7.0944,232.48,6227.7
7.0946,232.26,6226.6
7.0948,232.12,6227.7
7.095,232.11,6229
7.0952,232.22,6230
7.0954,232.41,6229.7
7.0956,232.57,6230
7.0958,232.67,6230.1
7.096,232.72,6230.5
7.0962,232.74,6232.5
7.0964,232.74,6237.1
7.0966,232.74,6241.1
7.0968,232.72,6242
7.097,232.64,6242.8
7.0972,232.5,6243.6
7.0974,232.42,6242.1
7.0976,232.35,6238.9
7.0978,232.32,6235.3
7.098,232.38,6231.6
7.0982,232.47,6229.4
7.0984,232.53,6232.2
7.0986,232.57,6237.4
7.0988,232.6,6239.9
7.099,232.66,6239.5
7.0992,232.76,6237.9
7.0994,232.82,6234.2
7.0996,232.73,6232.4
7.0998,232.5,6237.3
7.1,232.27,6245.3
7.1002,232.16,6248.3
7.1004,232.15,6243.7
7.1006,232.2,6235.8
7.1008,232.3,6228.9
7.101,232.38,6228.7
7.1012,232.42,6235.8
7.1014,232.49,6245.7
7.1016,232.56,6247.3
7.1018,232.62,6241.6
7.102,232.69,6236.1
7.1022,232.73,6234.6
7.1024,232.69,6236.5
7.1026,232.53,6242.2
7.1028,232.35,6250.1
7.103,232.3,6251.2
7.1032,232.35,6242.4
7.1034,232.44,6232.9
7.1036,232.47,6230.6
7.1038,232.48,6231.8
7.104,232.45,6234
7.1042,232.46,6235.7
7.1044,232.53,6235.4
7.1046,232.65,6232.6
7.1048,232.73,6230.1
7.105,232.73,6229.2
7.1052,232.61,6229.1
7.1054,232.38,6227.8
7.1056,232.15,6227
7.1058,232.04,6226.6
7.106,232.07,6228.1
7.1062,232.16,6231.2
7.1064,232.32,6233.5
7.1066,232.47,6232.1
7.1068,232.57,6226.3
7.107,232.62,6221
7.1072,232.66,6218.4
7.1074,232.7,6219.6
7.1076,232.73,6224.9
7.1078,232.76,6230
7.108,232.7,6231.1
7.1082,232.52,6226.7
7.1084,232.37,6221.5
7.1086,232.29,6218.2
7.1088,232.23,6218.1
7.109,232.22,6220.4
7.1092,232.29,6222.1
7.1094,232.45,6221
7.1096,232.62,6217.8
7.1098,232.75,6216
7.11,232.8,6217.1
7.1102,232.78,6220.2
7.1104,232.74,6223.9
7.1106,232.67,6224.4
7.1108,232.57,6221.9
7.111,232.44,6219.3
7.1112,232.37,6216.8
7.1114,232.34,6216.4
7.1116,232.33,6218.9
7.1118,232.37,6221.5
7.112,232.45,6221.1
7.1122,232.56,6218.1
7.1124,232.66,6216.6
7.1126,232.73,6217.8
7.1128,232.8,6223
7.113,232.87,6229.4
7.1132,232.91,6229.7
7.1134,232.87,6226.1
7.1136,232.74,6223.5
7.1138,232.54,6223.3
7.114,232.4,6224.8
7.1142,232.31,6227.1
7.1144,232.26,6232
7.1146,232.32,6233.6
7.1148,232.47,6232.6
7.115,232.61,6231.7
7.1152,232.76,6230.5
7.1154,232.84,6229.6
7.1156,232.85,6229.1
7.1158,232.81,6229.1
7.116,232.75,6231.4
7.1162,232.71,6235.2
7.1164,232.65,6240
7.1166,232.49,6241.7
7.1168,232.31,6240
7.117,232.16,6238.7
7.1172,232.09,6238.6
7.1174,232.1,6239.4
7.1176,232.18,6242
7.1178,232.33,6242.8
7.118,232.52,6240.4
7.1182,232.69,6236.8
7.1184,232.82,6234.6
7.1186,232.83,6234.8
7.1188,232.75,6236.4
7.119,232.6,6240.5
7.1192,232.4,6244.8
7.1194,232.2,6247.3
7.1196,232.12,6246.5
7.1198,232.12,6243.1
7.12,232.16,6238.2
7.1202,232.17,6233.1
7.1204,232.17,6232.3
7.1206,232.21,6234.4
7.1208,232.26,6235.4
7.121,232.32,6236
7.1212,232.38,6236.2
7.1214,232.39,6234
7.1216,232.36,6230.9
7.1218,232.31,6229.2
7.122,232.14,6231.2
7.1222,231.94,6235.5
7.1224,231.82,6238.7
7.1226,231.73,6237.5
7.1228,231.73,6233.2
7.123,231.82,6228.7
7.1232,231.96,6226.7
7.1234,232.11,6228.4
7.1236,232.25,6232.1
7.1238,232.37,6234.4
7.124,232.44,6234.4
7.1242,232.46,6233
7.1244,232.4,6231.4
7.1246,232.27,6231.5
7.1248,232.11,6232.5
7.125,231.96,6232.5
7.1252,231.84,6232.4
7.1254,231.78,6232.5
7.1256,231.74,6233.1
7.1258,231.76,6233
7.126,231.87,6230.7
7.1262,232.02,6225.7
7.1264,232.17,6221.5
7.1266,232.29,6219.4
7.1268,232.33,6221.1
7.127,232.26,6226.7
7.1272,232.16,6230.3
7.1274,232.01,6229.8
7.1276,231.85,6225.3
7.1278,231.77,6220.5
7.128,231.72,6218.2
7.1282,231.66,6218.9
7.1284,231.6,6221.7
7.1286,231.58,6225.3
7.1288,231.66,6224.9
7.129,231.8,6220.7
7.1292,231.96,6219.2
7.1294,232.1,6221
7.1296,232.17,6225
7.1298,232.2,6229.2
7.13,232.2,6230.4
7.1302,232.12,6230.4
7.1304,231.99,6230.6
7.1306,231.77,6230.9
7.1308,231.63,6233.2
7.131,231.61,6237.4
7.1312,231.69,6239.6
7.1314,231.87,6239.5
7.1316,232.05,6236.9
7.1318,232.17,6235
7.132,232.25,6233.1
7.1322,232.28,6233.6
7.1324,232.29,6237.3
7.1326,232.28,6240.6
7.1328,232.17,6242.9
7.133,232.02,6243
7.1332,231.87,6246.2
7.1334,231.8,6251.2
7.1336,231.82,6253.2
7.1338,231.78,6253.2
7.134,231.77,6250.3
7.1342,231.87,6245.3
7.1344,232,6243.4
7.1346,232.16,6244.1
7.1348,232.34,6246.8
7.135,232.41,6251.9
7.1352,232.4,6257.5
7.1354,232.32,6260.2
7.1356,232.22,6258.4
7.1358,232.1,6257.9
7.136,231.96,6260.9
7.1362,231.83,6265.2
7.1364,231.82,6267.1
7.1366,231.85,6263.3
7.1368,231.9,6257.2
7.137,232.01,6252
7.1372,232.12,6249.4
7.1374,232.18,6249.7
7.1376,232.26,6251.4
7.1378,232.29,6252.8
7.138,232.3,6255.3
7.1382,232.32,6256.1
7.1384,232.25,6252.8
7.1386,232.11,6248
7.1388,232.05,6245
7.139,231.98,6242.8
7.1392,231.88,6244.1
7.1394,231.82,6248.9
7.1396,231.82,6255.1
7.1398,231.9,6255
7.14,232.07,6247.7
7.1402,232.23,6238.7
7.1404,232.33,6233
7.1406,232.36,6232.9
7.1408,232.33,6239.7
7.141,232.25,6247.6
7.1412,232.15,6251.2
7.1414,232.03,6248.4
7.1416,231.89,6242
7.1418,231.81,6236.2
7.142,231.79,6234.7
7.1422,231.79,6239.5
7.1424,231.77,6246.2
7.1426,231.79,6248.8
7.1428,231.84,6244.7
7.143,231.94,6237.9
7.1432,232.08,6233
7.1434,232.21,6233.1
7.1436,232.32,6238
7.1438,232.34,6242.6
7.144,232.27,6244.7
7.1442,232.07,6243.7
7.1444,231.81,6239.5
7.1446,231.67,6235.3
7.1448,231.68,6234
7.145,231.77,6234.4
7.1452,231.89,6236.5
7.1454,232,6236.9
7.1456,232.08,6236.6
7.1458,232.15,6237.5
7.146,232.23,6239.6
7.1462,232.33,6240.6
7.1464,232.38,6242.4
7.1466,232.37,6242.3
7.1468,232.27,6240.7
7.147,232.07,6241
7.1472,231.84,6245.5
7.1474,231.76,6249.6
7.1476,231.78,6250.2
7.1478,231.85,6247.7
7.148,231.96,6245.2
7.1482,232.04,6242.8
7.1484,232.11,6243.9
7.1486,232.15,6247.4
7.1488,232.21,6251.6
7.149,232.28,6253.7
7.1492,232.34,6254.5
7.1494,232.36,6253.4
7.1496,232.3,6251.5
7.1498,232.15,6250.3
7.15,231.92,6251.6
7.1502,231.76,6255.5
7.1504,231.7,6260.1
7.1506,231.72,6261.1
7.1508,231.82,6255.4
7.151,231.95,6248.4
7.1512,232.09,6247.8
7.1514,232.21,6253.3
7.1516,232.29,6259.4
7.1518,232.3,6261.8
7.152,232.31,6262.2
7.1522,232.34,6258.9
7.1524,232.28,6254.8
7.1526,232.1,6250.6
7.1528,231.93,6250
7.153,231.86,6255.7
7.1532,231.87,6263.9
7.1534,231.9,6267.4
7.1536,231.96,6263.4
7.1538,232.07,6256
7.154,232.23,6249.2
7.1542,232.39,6249.2
7.1544,232.47,6256
7.1546,232.52,6263.1
7.1548,232.51,6264.6
7.155,232.45,6261.1
7.1552,232.35,6255.4
7.1554,232.15,6251.7
7.1556,231.92,6252.8
7.1558,231.79,6256.2
7.156,231.74,6258.1
7.1562,231.78,6257.5
7.1564,231.92,6254.8
7.1566,232.11,6252.6
7.1568,232.28,6249.7
7.157,232.39,6248.2
7.1572,232.44,6247.2
7.1574,232.44,6246.6
7.1576,232.36,6246.9
7.1578,232.24,6248
7.158,232.08,6249.3
7.1582,231.9,6249.2
7.1584,231.78,6245.4
7.1586,231.68,6242.1
7.1588,231.62,6242.3
7.159,231.64,6244.2
7.1592,231.71,6245
7.1594,231.83,6243.9
7.1596,231.98,6242.3
7.1598,232.07,6241.1
7.16,232.11,6242.8
7.1602,232.11,6245.8
7.1604,232.09,6248.2
7.1606,232.08,6247.9
7.1608,232.04,6245.8
7.161,231.91,6243.6
7.1612,231.77,6242.5
7.1614,231.66,6243.1
7.1616,231.61,6245.5
7.1618,231.66,6247.9
7.162,231.78,6248.2
7.1622,231.94,6246.7
7.1624,232.1,6245.6
7.1626,232.2,6245.6
7.1628,232.24,6247.1
7.163,232.24,6251.8
7.1632,232.23,6257.6
7.1634,232.18,6260.4
7.1636,232.08,6258.5
7.1638,231.99,6253.7
7.164,231.91,6249.1
7.1642,231.78,6245.1
7.1644,231.62,6243.2
7.1646,231.51,6244.3
7.1648,231.51,6245.5
7.165,231.6,6246.1
7.1652,231.76,6247
7.1654,231.98,6248.9
7.1656,232.1,6249.8
7.1658,232.13,6249.9
7.166,232.11,6249.5
7.1662,232.03,6252.3
7.1664,231.87,6258.4
7.1666,231.69,6263.5
7.1668,231.64,6263.9
7.167,231.68,6259.5
7.1672,231.74,6254.4
7.1674,231.81,6252.7
7.1676,231.89,6256.7
7.1678,231.99,6264.1
7.168,232.13,6269.7
7.1682,232.33,6268.4
7.1684,232.5,6264.3
7.1686,232.54,6262.7
7.1688,232.51,6264.1
7.169,232.38,6269.6
7.1692,232.21,6274.3
7.1694,232.05,6273
7.1696,232.01,6267.5
7.1698,232.03,6265
7.17,231.99,6267.9
7.1702,231.89,6271.9
7.1704,231.87,6271.9
7.1706,231.93,6268.5
7.1708,232.06,6266.5
7.171,232.23,6266
7.1712,232.41,6265.4
7.1714,232.52,6265
7.1716,232.51,6265.4
7.1718,232.34,6265
7.172,232.1,6263.9
7.1722,231.9,6262.7
7.1724,231.71,6261.1
7.1726,231.6,6259.3
7.1728,231.58,6260
7.173,231.66,6260
7.1732,231.82,6257
7.1734,231.98,6253.1
7.1736,232.1,6250.7
7.1738,232.15,6250.9
7.174,232.16,6252.4
7.1742,232.16,6255.6
7.1744,232.13,6256.7
7.1746,232.09,6255
7.1748,232,6251.8
7.175,231.84,6247.6
7.1752,231.67,6244.3
7.1754,231.56,6244.8
7.1756,231.51,6247
7.1758,231.54,6248.1
7.176,231.65,6246.9
7.1762,231.78,6243.9
7.1764,231.87,6240
7.1766,231.92,6238.4
7.1768,231.94,6241.7
7.177,231.94,6246.9
7.1772,231.91,6250.4
7.1774,231.86,6249.2
7.1776,231.76,6244.3
7.1778,231.59,6238.9
7.178,231.42,6237.4
7.1782,231.29,6241
7.1784,231.26,6247.2
7.1786,231.32,6250.3
7.1788,231.46,6248.9
7.179,231.67,6244.4
7.1792,231.82,6239.7
7.1794,231.89,6239.5
7.1796,231.9,6247.3
7.1798,231.87,6257.4
7.18,231.82,6261.8
7.1802,231.74,6260.6
7.1804,231.63,6258
7.1806,231.46,6256.9
7.1808,231.29,6257.5
7.181,231.14,6259.3
7.1812,231.15,6262.3
7.1814,231.32,6265.6
7.1816,231.58,6266.7
7.1818,231.88,6265.6
7.182,232.09,6262
7.1822,232.15,6260.6
7.1824,232.05,6261.1
7.1826,231.91,6263.3
7.1828,231.76,6265.2
7.183,231.64,6267.6
7.1832,231.5,6268.2
7.1834,231.42,6267.4
7.1836,231.37,6267.9
7.1838,231.35,6269.6
7.184,231.41,6270.8
7.1842,231.55,6268.8
7.1844,231.74,6264.9
7.1846,231.88,6263.4
7.1848,231.95,6263.5
7.185,231.98,6262.8
7.1852,232,6262.1
7.1854,231.96,6260.5
7.1856,231.86,6257.7
7.1858,231.71,6254.9
7.186,231.5,6254.1
7.1862,231.31,6256.6
7.1864,231.16,6261.4
7.1866,231.15,6265.2
7.1868,231.27,6264.2
7.187,231.46,6258.4
7.1872,231.64,6254.5
7.1874,231.76,6255.4
7.1876,231.8,6257.5
7.1878,231.8,6258.5
7.188,231.79,6258.2
7.1882,231.81,6259
7.1884,231.82,6260.9
7.1886,231.78,6260.9
7.1888,231.68,6258.9
7.189,231.53,6256.4
7.1892,231.42,6255.3
7.1894,231.35,6258
7.1896,231.37,6261.9
7.1898,231.51,6262.4
7.19,231.71,6260.7
7.1902,231.89,6257.6
7.1904,232,6255.1
7.1906,232.06,6254.2
7.1908,232.04,6257.2
7.191,232,6260.3
7.1912,231.96,6262.3
7.1914,231.85,6261.6
7.1916,231.7,6260.3
7.1918,231.56,6257.9
7.192,231.5,6255.7
7.1922,231.48,6254.6
7.1924,231.54,6254.3
7.1926,231.64,6253.6
7.1928,231.74,6251.5
7.193,231.83,6249.7
7.1932,231.91,6249.3
7.1934,231.94,6249.9
7.1936,231.94,6251.7
7.1938,231.94,6254.5
7.194,231.92,6256.3
7.1942,231.81,6255.5
7.1944,231.72,6252.9
7.1946,231.63,6250.8
7.1948,231.54,6250.1
7.195,231.5,6251
7.1952,231.5,6250.9
7.1954,231.59,6250.5
7.1956,231.73,6248.8
7.1958,231.87,6245.8
7.196,231.95,6247.9
7.1962,231.96,6253.2
7.1964,231.92,6258.5
7.1966,231.87,6258.3
7.1968,231.82,6257.7
7.197,231.75,6258.7
7.1972,231.63,6259.8
7.1974,231.5,6258.7
7.1976,231.49,6255.5
7.1978,231.55,6251.4
7.198,231.6,6247.7
7.1982,231.61,6246
7.1984,231.6,6252.4
7.1986,231.65,6262.8
7.1988,231.78,6267.3
7.199,232.03,6264.6
7.1992,232.24,6258.6
7.1994,232.26,6252.9
7.1996,232.12,6250.2
7.1998,231.84,6253.5
7.2,231.47,6259.8
7.2002,231.26,6265.2
7.2004,231.26,6266.3
7.2006,231.42,6262.7
7.2008,231.62,6258
7.201,231.72,6255.1
7.2012,231.72,6261.2
7.2014,231.76,6271.4
7.2016,231.88,6272.6
7.2018,232.01,6267
7.202,232.16,6260.3
7.2022,232.24,6257.4
7.2024,232.13,6257.8
7.2026,231.87,6265.8
7.2028,231.52,6276.3
7.203,231.38,6276.8
7.2032,231.47,6269.7
7.2034,231.68,6262.9
7.2036,231.87,6263
7.2038,232,6270.4
7.204,232.07,6278.7
7.2042,232.13,6281.9
7.2044,232.24,6279.6
7.2046,232.39,6276.7
7.2048,232.49,6275.3
7.205,232.53,6274.4
7.2052,232.4,6273.3
7.2054,232.18,6274.2
7.2056,231.99,6274.3
7.2058,231.88,6275.1
7.206,231.86,6277.5
7.2062,231.93,6281
7.2064,232.08,6281.3
7.2066,232.21,6276.7
7.2068,232.34,6269.4
7.207,232.41,6265.3
7.2072,232.47,6267.9
7.2074,232.52,6276.2
7.2076,232.53,6282.8
7.2078,232.52,6282.3
7.208,232.41,6275.6
7.2082,232.27,6269.1
7.2084,232.15,6265.9
7.2086,232.04,6268
7.2088,231.97,6272.6
7.209,231.96,6274.3
7.2092,232.02,6271.1
7.2094,232.13,6265.9
7.2096,232.26,6262.1
7.2098,232.36,6260.1
7.21,232.41,6262.4
7.2102,232.43,6267.2
7.2104,232.43,6269.8
7.2106,232.34,6269.2
7.2108,232.21,6267.2
7.211,232.12,6265.4
7.2112,232.1,6264.1
7.2114,232.1,6263.8
7.2116,232.05,6265.4
7.2118,232.01,6267.3
7.212,232.03,6267.2
7.2122,232.13,6267.3
7.2124,232.31,6268.4
7.2126,232.51,6269
7.2128,232.67,6268.7
7.213,232.7,6268.7
7.2132,232.59,6270.6
7.2134,232.41,6274.9
7.2136,232.23,6278.3
7.2138,232.09,6279.2
7.214,231.99,6277.2
7.2142,231.89,6275
7.2144,231.77,6273.8
7.2146,231.71,6273.6
7.2148,231.76,6274.1
7.215,231.93,6275.5
7.2152,232.12,6277.9
7.2154,232.28,6279.4
7.2156,232.33,6279.4
7.2158,232.34,6276.4
7.216,232.31,6273.8
7.2162,232.24,6274.1
7.2164,232.11,6275.9
7.2166,231.97,6280.4
7.2168,231.98,6283.7
7.217,232.02,6282.9
7.2172,232.03,6279.9
7.2174,232.07,6275.4
7.2176,232.11,6271.5
7.2178,232.15,6272.4
7.218,232.24,6281.7
7.2182,232.42,6289.2
7.2184,232.61,6290.3
7.2186,232.69,6287.9
7.2188,232.69,6282.4
7.219,232.54,6277.4
7.2192,232.25,6275.8
7.2194,231.98,6279.3
7.2196,231.89,6284.1
7.2198,231.99,6286.8
7.22,232.14,6286.5
7.2202,232.26,6281.9
7.2204,232.28,6276.7
7.2206,232.25,6275.2
7.2208,232.25,6275.5
7.221,232.31,6276.2
7.2212,232.43,6279
7.2214,232.59,6281.3
7.2216,232.66,6281.4
7.2218,232.58,6280
7.222,232.38,6279.2
7.2222,232.17,6275.9
7.2224,231.98,6271.7
7.2226,231.87,6271.4
7.2228,231.87,6276
7.223,231.96,6278.3
7.2232,232.09,6278
7.2234,232.26,6274.3
7.2236,232.41,6269.9
7.2238,232.53,6266.9
7.224,232.61,6266.5
7.2242,232.64,6269.4
7.2244,232.61,6271.6
7.2246,232.51,6273
7.2248,232.32,6271.2
7.225,232.16,6266.8
7.2252,232.07,6262.7
7.2254,232.02,6262.1
7.2256,232.03,6263.9
7.2258,232.1,6266.4
7.226,232.22,6267.2
7.2262,232.33,6266.7
7.2264,232.44,6264.1
7.2266,232.53,6262.2
7.2268,232.59,6261.8
7.227,232.61,6264.2
7.2272,232.62,6267.1
7.2274,232.57,6266.4
7.2276,232.4,6264.3
7.2278,232.27,6264.2
7.228,232.22,6264.2
7.2282,232.23,6263.5
7.2284,232.28,6260.9
7.2286,232.34,6258.1
7.2288,232.4,6256.5
7.229,232.48,6256.6
7.2292,232.58,6259.6
7.2294,232.67,6262.7
7.2296,232.7,6264.3
7.2298,232.65,6262
7.23,232.56,6260.3
7.2302,232.44,6261
7.2304,232.3,6268.4
7.2306,232.14,6278.1
7.2308,232.04,6280.8
7.231,232.02,6274.6
7.2312,232.1,6266.3
7.2314,232.25,6261.9
7.2316,232.4,6260.3
7.2318,232.5,6261.9
7.232,232.56,6269.6
7.2322,232.67,6275.3
7.2324,232.75,6274.7
7.2326,232.78,6268.9
7.2328,232.78,6261.4
7.233,232.59,6255.3
7.2332,232.33,6256.1
7.2334,232.17,6265.1
7.2336,232.16,6272.6
7.2338,232.2,6275.1
7.234,232.23,6272.9
7.2342,232.27,6267.8
7.2344,232.27,6262.6
7.2346,232.28,6260.2
7.2348,232.36,6259.7
7.235,232.52,6259.6
7.2352,232.71,6263.7
7.2354,232.79,6269.7
7.2356,232.68,6272.9
7.2358,232.43,6271.5
7.236,232.24,6269.3
7.2362,232.1,6269.9
7.2364,232.08,6272.3
7.2366,232.09,6275.4
7.2368,232.1,6277
7.237,232.17,6275.6
7.2372,232.26,6271
7.2374,232.36,6266.6
7.2376,232.51,6262.7
7.2378,232.61,6261.6
7.238,232.64,6265.8
7.2382,232.61,6271.4
7.2384,232.48,6273
7.2386,232.31,6268.3
7.2388,232.16,6262.6
7.239,232.06,6258.6
7.2392,232.04,6258.8
7.2394,232.06,6262.9
7.2396,232.1,6266.6
7.2398,232.18,6266.8
7.24,232.29,6265.6
7.2402,232.39,6263.3
7.2404,232.49,6261.9
7.2406,232.59,6262.1
7.2408,232.63,6262.9
7.241,232.67,6263.9
7.2412,232.67,6264.4
7.2414,232.59,6263.2
7.2416,232.42,6260.4
7.2418,232.27,6257.7
7.242,232.18,6257.1
7.2422,232.19,6257
7.2424,232.24,6256.7
7.2426,232.32,6256.2
7.2428,232.44,6254.7
7.243,232.57,6251.9
7.2432,232.66,6249.7
7.2434,232.72,6248.7
7.2436,232.73,6249.7
7.2438,232.67,6249.8
7.244,232.55,6250
7.2442,232.37,6249.7
7.2444,232.19,6247.9
7.2446,231.99,6247.1
7.2448,231.88,6247.3
7.245,231.88,6248.9
7.2452,231.96,6250.3
7.2454,232.14,6252.2
7.2456,232.37,6253.5
7.2458,232.54,6252.9
7.246,232.64,6250.6
7.2462,232.67,6249.6
7.2464,232.61,6251.3
7.2466,232.53,6252.5
7.2468,232.44,6254.6
7.247,232.3,6257.6
7.2472,232.22,6261.5
7.2474,232.2,6261.1
7.2476,232.26,6258.7
7.2478,232.33,6257.2
7.248,232.42,6256.1
7.2482,232.49,6258.5
7.2484,232.57,6262.7
7.2486,232.64,6263.2
7.2488,232.75,6257.8
7.249,232.87,6253.2
7.2492,232.92,6254
7.2494,232.91,6257.6
7.2496,232.77,6264.2
7.2498,232.58,6270.8
7.25,232.49,6269.6
7.2502,232.46,6261.2
7.2504,232.39,6255.1
7.2506,232.31,6255.3
7.2508,232.3,6258.1
7.251,232.37,6262.6
7.2512,232.48,6263.9
7.2514,232.62,6260.7
7.2516,232.74,6254.2
7.2518,232.81,6250
7.252,232.79,6251
7.2522,232.67,6255.9
7.2524,232.49,6261.2
7.2526,232.31,6264.2
7.2528,232.28,6262.6
7.253,232.26,6258.9
7.2532,232.2,6258.7
7.2534,232.14,6259.1
7.2536,232.13,6257.2
7.2538,232.19,6258
7.254,232.31,6262.3
7.2542,232.5,6266.4
7.2544,232.75,6269
7.2546,232.89,6268.9
7.2548,232.88,6267.3
7.255,232.78,6263.3
7.2552,232.62,6260.6
7.2554,232.46,6261
7.2556,232.4,6262.7
7.2558,232.39,6264.8
7.256,232.38,6266.5
7.2562,232.39,6264.7
7.2564,232.43,6261.7
7.2566,232.5,6260.2
7.2568,232.62,6259.8
7.257,232.77,6258.8
7.2572,232.89,6256.2
7.2574,232.93,6256.5
7.2576,232.88,6258.5
7.2578,232.79,6258
7.258,232.63,6256.7
7.2582,232.47,6254.8
7.2584,232.39,6255
7.2586,232.35,6255.7
7.2588,232.31,6257.9
7.259,232.27,6260
7.2592,232.26,6259.6
7.2594,232.31,6256.3
7.2596,232.4,6252.2
7.2598,232.56,6250.2
7.26,232.72,6252.6
7.2602,232.8,6257.2
7.2604,232.79,6259.4
7.2606,232.74,6258.2
7.2608,232.62,6254.5
7.261,232.51,6250.8
7.2612,232.42,6249.2
7.2614,232.32,6249.3
7.2616,232.2,6251.8
7.2618,232.14,6253.8
7.262,232.21,6253.8
7.2622,232.35,6250.5
7.2624,232.48,6246.2
7.2626,232.57,6243.5
7.2628,232.59,6244
7.263,232.57,6246.7
7.2632,232.53,6250.6
7.2634,232.52,6255
7.2636,232.48,6259.6
7.2638,232.39,6261.5
7.264,232.31,6258.1
7.2642,232.26,6253.6
7.2644,232.19,6250.2
7.2646,232.19,6248.5
7.2648,232.28,6251
7.265,232.45,6256.6
7.2652,232.62,6262
7.2654,232.72,6263.5
7.2656,232.74,6260.8
7.2658,232.7,6257.4
7.266,232.65,6253.4
7.2662,232.61,6250.8
7.2664,232.53,6252.6
7.2666,232.37,6257.3
7.2668,232.13,6260.3
7.267,231.95,6262.5
7.2672,231.89,6263.5
7.2674,231.96,6261.5
7.2676,232.12,6257
7.2678,232.29,6256.4
7.268,232.41,6261.6
7.2682,232.49,6266.4
7.2684,232.59,6267.5
7.2686,232.7,6266.6
7.2688,232.73,6265.6
7.269,232.62,6266
7.2692,232.44,6267.8
7.2694,232.26,6270.7
7.2696,232.17,6269.7
7.2698,232.21,6264.6
7.27,232.29,6258.2
7.2702,232.37,6254.5
7.2704,232.45,6254.1
7.2706,232.51,6257.1
7.2708,232.53,6259
7.271,232.53,6257.7
7.2712,232.53,6253.4
7.2714,232.51,6252.3
7.2716,232.46,6254.3
7.2718,232.35,6256.3
7.272,232.19,6256.3
7.2722,232.04,6257.5
7.2724,231.94,6258.7
7.2726,231.92,6258.9
7.2728,231.96,6260
7.273,232.07,6260.1
7.2732,232.22,6257.6
7.2734,232.38,6255.1
7.2736,232.5,6251.8
7.2738,232.59,6249.3
7.274,232.63,6249.3
7.2742,232.62,6252.2
7.2744,232.53,6256.8
7.2746,232.39,6258.7
7.2748,232.23,6256.1
7.275,232.07,6251.6
7.2752,231.99,6247.9
7.2754,231.96,6247.2
7.2756,231.97,6250.1
7.2758,232,6253.2
7.276,232.07,6252.2
7.2762,232.17,6249.6
7.2764,232.27,6248.9
7.2766,232.38,6248.7
7.2768,232.47,6250.7
7.277,232.52,6252.9
7.2772,232.5,6253.8
7.2774,232.43,6252
7.2776,232.3,6249.6
7.2778,232.13,6246.8
7.278,232.08,6243.7
7.2782,232.09,6245
7.2784,232.15,6248.4
7.2786,232.23,6248
7.2788,232.25,6245.1
7.279,232.27,6242.5
7.2792,232.32,6241.7
7.2794,232.37,6243.1
7.2796,232.47,6246.7
7.2798,232.56,6250.8
7.28,232.57,6252.9
7.2802,232.49,6253.7
7.2804,232.29,6254
7.2806,232.12,6254.5
7.2808,232.07,6252.2
7.281,232.09,6247.8
7.2812,232.16,6243.5
7.2814,232.25,6241.1
7.2816,232.29,6242
7.2818,232.34,6249.4
7.282,232.42,6257.3
7.2822,232.55,6260.7
7.2824,232.62,6258.8
7.2826,232.58,6254.9
7.2828,232.49,6251.9
7.283,232.37,6253.5
7.2832,232.21,6260.7
7.2834,232.04,6268.9
7.2836,232,6272.2
7.2838,232.01,6270.7
7.284,232.04,6266.9
7.2842,232.1,6261.3
7.2844,232.21,6261.3
7.2846,232.37,6266.9
7.2848,232.55,6269.3
7.285,232.62,6267.4
7.2852,232.66,6262.9
7.2854,232.66,6260.7
7.2856,232.57,6260.9
7.2858,232.36,6262.8
7.286,232.14,6264.8
7.2862,232,6267.4
7.2864,232.01,6267.6
7.2866,232.11,6266.1
7.2868,232.19,6264
7.287,232.27,6263.2
7.2872,232.31,6264
7.2874,232.35,6265
7.2876,232.44,6266.3
7.2878,232.57,6267.2
7.288,232.66,6265.3
7.2882,232.66,6263.6
7.2884,232.57,6264.5
7.2886,232.4,6265.4
7.2888,232.21,6265.3
7.289,232.06,6263.3
7.2892,231.95,6260.2
7.2894,231.87,6258.7
7.2896,231.9,6258.5
7.2898,232.01,6258.8
7.29,232.14,6258.6
7.2902,232.27,6254.7
7.2904,232.37,6249.9
7.2906,232.39,6246.9
7.2908,232.34,6249.1
7.291,232.25,6252.7
7.2912,232.14,6256.1
7.2914,232.02,6256.1
7.2916,231.89,6254.2
7.2918,231.75,6251.6
7.292,231.64,6250.7
7.2922,231.55,6250.3
7.2924,231.51,6250.3
7.2926,231.56,6250.7
7.2928,231.7,6251.7
7.293,231.88,6251.1
7.2932,232.05,6249.1
7.2934,232.15,6248.9
7.2936,232.17,6249.8
7.2938,232.12,6250.9
7.294,232,6248.8
7.2942,231.86,6246.7
7.2944,231.76,6245.5
7.2946,231.69,6246.3
7.2948,231.61,6249
7.295,231.58,6251
7.2952,231.63,6250.5
7.2954,231.73,6246.7
7.2956,231.86,6243.6
7.2958,231.98,6243.6
7.296,232.05,6244.7
7.2962,232.1,6247.1
7.2964,232.11,6250.2
7.2966,232.09,6250.2
7.2968,232.03,6249.2
7.297,231.92,6249.4
7.2972,231.76,6250.7
7.2974,231.56,6249.9
7.2976,231.44,6248.4
7.2978,231.44,6250
7.298,231.55,6251.3
7.2982,231.7,6251
7.2984,231.85,6250.5
7.2986,231.95,6250.2
7.2988,232.01,6252.1
7.299,232.04,6255.9
7.2992,232.09,6258.9
7.2994,232.11,6257.4
7.2996,232.08,6253.3
7.2998,231.97,6255.3
7.3,231.81,6261.6
7.3002,231.72,6263.2
7.3004,231.67,6258.1
7.3006,231.69,6252.6
7.3008,231.74,6250.1
7.301,231.82,6250.9
7.3012,231.93,6258.2
7.3014,232.05,6266.3
7.3016,232.18,6267.9
7.3018,232.24,6264.5
7.302,232.25,6260.5
7.3022,232.21,6256
7.3024,232.09,6253.3
7.3026,231.88,6256.3
7.3028,231.67,6263.8
7.303,231.55,6269.3
7.3032,231.59,6268.4
7.3034,231.71,6262.3
7.3036,231.8,6256.6
7.3038,231.86,6254.7
7.304,231.92,6257.8
7.3042,231.97,6260.8
7.3044,232.01,6259.7
7.3046,232.05,6254.9
7.3048,232.05,6250.6
7.305,232.01,6249.5
7.3052,231.93,6250.4
7.3054,231.75,6251.3
7.3056,231.5,6251.4
7.3058,231.32,6251
7.306,231.23,6249.7
7.3062,231.23,6248.4
7.3064,231.31,6246.5
7.3066,231.47,6244.7
7.3068,231.64,6242.8
7.307,231.76,6241.4
7.3072,231.82,6241.5
7.3074,231.81,6242.8
7.3076,231.75,6244.5
7.3078,231.67,6245.2
7.308,231.6,6244.6
7.3082,231.51,6243
7.3084,231.36,6240.8
7.3086,231.2,6239.6
7.3088,231.06,6239.7
7.309,230.99,6240.6
7.3092,231.02,6238.6
7.3094,231.14,6235.8
7.3096,231.32,6234.1
7.3098,231.52,6233.6
7.31,231.65,6234.9
7.3102,231.7,6236.1
7.3104,231.7,6237.2
7.3106,231.63,6235.9
7.3108,231.49,6234.8
7.311,231.29,6235.3
7.3112,231.15,6235.2
7.3114,231.07,6236.1
7.3116,231.06,6238.4
7.3118,231.1,6239.3
7.312,231.21,6237.3
7.3122,231.35,6235.1
7.3124,231.51,6233.6
7.3126,231.66,6231.8
7.3128,231.74,6231
7.313,231.77,6230.8
7.3132,231.72,6232.3
7.3134,231.6,6233.7
7.3136,231.44,6235.6
7.3138,231.26,6239.1
7.314,231.16,6239.5
7.3142,231.08,6236.8
7.3144,230.96,6234.9
7.3146,230.95,6234.4
7.3148,231.07,6234.6
7.315,231.23,6239.1
7.3152,231.47,6243.2
7.3154,231.72,6243.9
7.3156,231.81,6240.3
7.3158,231.8,6238.2
7.316,231.7,6240.7
7.3162,231.58,6245.2
7.3164,231.46,6249
7.3166,231.36,6251.7
7.3168,231.28,6251.2
7.317,231.17,6248.7
7.3172,231.07,6246.3
7.3174,231.06,6246.8
7.3176,231.14,6250.9
7.3178,231.3,6256.4
7.318,231.56,6257.3
7.3182,231.85,6254.5
7.3184,232.02,6250
7.3186,231.97,6247.9
7.3188,231.77,6249.5
7.319,231.51,6254.8
7.3192,231.31,6258.4
7.3194,231.25,6258.7
7.3196,231.28,6255.3
7.3198,231.34,6251.2
7.32,231.32,6247.8
7.3202,231.27,6246
7.3204,231.25,6246.1
7.3206,231.31,6246.8
7.3208,231.42,6250
7.321,231.56,6249.1
7.3212,231.71,6248.5
7.3214,231.79,6247.2
7.3216,231.79,6245.4
7.3218,231.66,6243
7.322,231.43,6240.5
7.3222,231.18,6238
7.3224,231.01,6234.8
7.3226,230.96,6232.3
7.3228,231,6233.3
7.323,231.13,6234.2
7.3232,231.29,6232.9
7.3234,231.43,6231.3
7.3236,231.53,6231.2
7.3238,231.6,6231.7
7.324,231.63,6232.7
7.3242,231.63,6234.1
7.3244,231.63,6233.8
7.3246,231.59,6231.9
7.3248,231.49,6231.5
7.325,231.39,6231.2
7.3252,231.31,6229.7
7.3254,231.3,6228.7
7.3256,231.31,6228.7
7.3258,231.35,6227.1
7.326,231.41,6225
7.3262,231.49,6223.4
7.3264,231.54,6221
7.3266,231.59,6219.9
7.3268,231.64,6221.7
7.327,231.68,6225.5
7.3272,231.66,6227.6
7.3274,231.58,6227.9
7.3276,231.42,6226
7.3278,231.29,6222.6
7.328,231.22,6221.1
7.3282,231.24,6223.2
7.3284,231.3,6225.1
7.3286,231.35,6224.4
7.3288,231.43,6222.7
7.329,231.52,6221.1
7.3292,231.59,6221.1
7.3294,231.65,6224
7.3296,231.69,6228.3
7.3298,231.71,6230.2
7.33,231.69,6227.6
7.3302,231.63,6225.6
7.3304,231.5,6227
7.3306,231.46,6231.2
7.3308,231.46,6234.9
7.331,231.46,6236.1
7.3312,231.43,6233.3
7.3314,231.47,6228.4
7.3316,231.59,6225.9
7.3318,231.73,6229.6
7.332,231.86,6235.4
7.3322,231.96,6239.6
7.3324,232.05,6240.8
7.3326,232.11,6236.5
7.3328,232.07,6232.9
7.333,231.93,6233.9
7.3332,231.69,6238.8
7.3334,231.47,6240.5
7.3336,231.44,6240.4
7.3338,231.57,6237.4
7.334,231.76,6233.5
7.3342,231.87,6230.9
7.3344,231.84,6230.7
7.3346,231.75,6232.3
7.3348,231.67,6234.4
7.335,231.71,6235.3
7.3352,231.85,6234.2
7.3354,232,6233.1
7.3356,232.07,6234.6
7.3358,231.97,6237.5
7.336,231.79,6241.8
7.3362,231.73,6243.8
7.3364,231.85,6241.4
7.3366,231.98,6235.6
7.3368,231.98,6231.8
7.337,231.97,6232.4
7.3372,231.99,6236.2
7.3374,232.03,6238.2
7.3376,232.11,6236.8
7.3378,232.23,6232
7.338,232.3,6228.2
7.3382,232.28,6228.7
7.3384,232.17,6232.9
7.3386,231.98,6236.5
7.3388,231.78,6236.2
7.339,231.65,6233
7.3392,231.58,6229.8
7.3394,231.56,6228.6
7.3396,231.6,6229.1
7.3398,231.66,6229.3
7.34,231.72,6228.4
7.3402,231.79,6226.9
7.3404,231.87,6226.6
7.3406,231.99,6226.3
7.3408,232.07,6227.6
7.341,232.11,6229.8
7.3412,232.07,6232.2
7.3414,231.88,6232.4
7.3416,231.72,6229.6
7.3418,231.63,6226.4
7.342,231.55,6225.1
7.3422,231.55,6226.4
7.3424,231.61,6229
7.3426,231.71,6229.6
7.3428,231.85,6228.4
7.343,231.98,6224.9
7.3432,232.06,6222.1
7.3434,232.08,6223.6
7.3436,232.09,6227.5
7.3438,232.07,6231.7
7.344,232.01,6232.3
7.3442,231.91,6231.5
7.3444,231.81,6228
7.3446,231.73,6224.3
7.3448,231.63,6223.9
7.345,231.56,6227.2
7.3452,231.57,6231.3
7.3454,231.66,6231
7.3456,231.84,6226.2
7.3458,232.04,6222.4
7.346,232.14,6222.8
7.3462,232.13,6225.5
7.3464,232.05,6228.2
7.3466,231.95,6230
7.3468,231.87,6229.2
7.347,231.79,6227.5
7.3472,231.67,6227.9
7.3474,231.65,6230.4
7.3476,231.64,6232.5
7.3478,231.62,6231.5
7.348,231.61,6227.4
7.3482,231.64,6222.3
7.3484,231.72,6221.5
7.3486,231.84,6224
7.3488,231.98,6229.2
7.349,232.07,6233.9
7.3492,232.11,6235.5
7.3494,232.07,6231.3
7.3496,231.91,6225.2
7.3498,231.71,6222.4
7.35,231.59,6224
7.3502,231.57,6227.6
7.3504,231.6,6232
7.3506,231.65,6236.9
7.3508,231.73,6239.9
7.351,231.77,6239.5
7.3512,231.78,6238.3
7.3514,231.82,6236.6
7.3516,231.89,6236.4
7.3518,231.96,6239
7.352,232.02,6244.1
7.3522,232.01,6246.9
7.3524,231.95,6248.5
7.3526,231.87,6249.6
7.3528,231.74,6249.9
7.353,231.59,6248.3
7.3532,231.54,6247.2
7.3534,231.51,6246.8
7.3536,231.55,6246.6
7.3538,231.68,6245.2
7.354,231.82,6244.5
7.3542,231.93,6244.4
7.3544,231.98,6246.5
7.3546,231.97,6249.1
7.3548,231.94,6250.2
7.355,231.9,6249
7.3552,231.79,6247.1
7.3554,231.67,6244.1
7.3556,231.56,6241.2
7.3558,231.43,6241
7.356,231.36,6242.5
7.3562,231.32,6243.7
7.3564,231.33,6242.1
7.3566,231.42,6237.9
7.3568,231.54,6233.5
7.357,231.66,6230.5
7.3572,231.73,6232.6
7.3574,231.74,6237.8
7.3576,231.69,6241.9
7.3578,231.61,6243.6
7.358,231.52,6239.3
7.3582,231.41,6234.8
7.3584,231.24,6232
7.3586,231.1,6232.5
7.3588,231.04,6235
7.359,231.06,6236.1
7.3592,231.17,6234.5
7.3594,231.35,6232.2
7.3596,231.53,6229.6
7.3598,231.66,6228.1
7.36,231.7,6227.8
7.3602,231.67,6228.8
7.3604,231.59,6230.4
7.3606,231.51,6231.6
7.3608,231.43,6232.5
7.361,231.34,6231.9
7.3612,231.18,6230.5
7.3614,231.02,6229.1
7.3616,230.89,6228.4
7.3618,230.83,6227.5
7.362,230.87,6227.5
7.3622,230.99,6228.6
7.3624,231.17,6228.5
7.3626,231.33,6225.6
7.3628,231.41,6221.8
7.363,231.43,6219.9
7.3632,231.36,6220.9
7.3634,231.23,6224.2
7.3636,231.06,6227.5
7.3638,230.9,6230.3
7.364,230.84,6230.7
7.3642,230.88,6229.6
7.3644,230.92,6226.5
7.3646,230.92,6224.2
7.3648,230.94,6224.5
7.365,230.99,6225.7
7.3652,231.05,6228.8
7.3654,231.24,6231
7.3656,231.43,6230.7
7.3658,231.54,6229.8
7.366,231.57,6231.1
7.3662,231.52,6235.4
7.3664,231.42,6239.8
7.3666,231.28,6246.2
7.3668,231.11,6250.5
7.367,231.03,6249.1
7.3672,231.07,6244.2
7.3674,231.21,6240.1
7.3676,231.4,6241.8
7.3678,231.58,6247.9
7.368,231.66,6254.3
7.3682,231.71,6256.1
7.3684,231.77,6253.3
7.3686,231.77,6248
7.3688,231.76,6244.2
7.369,231.72,6245.7
7.3692,231.61,6254
7.3694,231.46,6260.4
7.3696,231.4,6262.7
7.3698,231.39,6260.8
7.37,231.41,6258.1
7.3702,231.49,6253.4
7.3704,231.55,6249.4
7.3706,231.59,6251.6
7.3708,231.7,6256.3
7.371,231.89,6260.1
7.3712,232.05,6261.5
7.3714,232.15,6260.3
7.3716,232.14,6257.2
7.3718,232.02,6253.1
7.372,231.81,6253
7.3722,231.69,6255.2
7.3724,231.66,6256.7
7.3726,231.66,6257.6
7.3728,231.62,6256.3
7.373,231.61,6252.4
7.3732,231.65,6248.8
7.3734,231.73,6247.1
7.3736,231.85,6248.9
7.3738,231.93,6252.7
7.374,231.96,6255.9
7.3742,231.98,6254.8
7.3744,231.97,6251.1
7.3746,231.91,6248.9
7.3748,231.81,6247.9
7.375,231.67,6248.2
7.3752,231.57,6251.1
7.3754,231.56,6253.4
7.3756,231.59,6254.3
7.3758,231.65,6253
7.376,231.78,6250.9
7.3762,231.92,6247.5
7.3764,232.05,6245.6
7.3766,232.15,6245.7
7.3768,232.2,6247.9
7.377,232.19,6250.2
7.3772,232.11,6250.4
7.3774,232,6249.4
7.3776,231.82,6247.8
7.3778,231.65,6245.8
7.378,231.53,6245
7.3782,231.47,6246.9
7.3784,231.45,6248.9
7.3786,231.5,6249.9
7.3788,231.57,6249
7.379,231.66,6247
7.3792,231.76,6243.7
7.3794,231.85,6242.9
7.3796,231.9,6245.4
7.3798,231.93,6251.1
7.38,231.93,6255.9
7.3802,231.89,6258.6
7.3804,231.78,6258.4
7.3806,231.63,6255.7
7.3808,231.49,6250.4
7.381,231.4,6247.2
7.3812,231.4,6248
7.3814,231.47,6250.2
7.3816,231.63,6254.3
7.3818,231.8,6258.6
7.382,231.93,6260.5
7.3822,232.01,6258.5
7.3824,232.02,6256.3
7.3826,231.95,6258.1
7.3828,231.89,6259.6
7.383,231.82,6262.4
7.3832,231.66,6267.8
7.3834,231.46,6272.9
7.3836,231.31,6272.5
7.3838,231.27,6268.1
7.384,231.38,6263.6
7.3842,231.59,6260.8
7.3844,231.82,6260.7
7.3846,231.97,6263
7.3848,232.04,6265.7
7.385,232.03,6265.8
7.3852,232.02,6263.3
7.3854,232.04,6260.4
7.3856,232.03,6257.6
7.3858,231.95,6257.1
7.386,231.74,6260.3
7.3862,231.55,6263.8
7.3864,231.47,6265.3
7.3866,231.48,6265.2
7.3868,231.57,6264.1
7.387,231.68,6262.2
7.3872,231.78,6261
7.3874,231.85,6261.5
7.3876,231.89,6263.5
7.3878,231.98,6264.3
7.388,232.1,6264.1
7.3882,232.17,6265.2
7.3884,232.15,6267.7
7.3886,231.99,6267.9
7.3888,231.74,6264.7
7.389,231.56,6262.2
7.3892,231.5,6262.3
7.3894,231.54,6262.3
7.3896,231.65,6262.7
7.3898,231.78,6263.4
7.39,231.9,6264
7.3902,231.97,6262.9
7.3904,232,6260.2
7.3906,232.02,6258.5
7.3908,232.09,6259.3
7.391,232.15,6262.1
7.3912,232.17,6265.3
7.3914,232.1,6264.9
7.3916,231.93,6262.7
7.3918,231.79,6260.2
7.392,231.67,6257.9
7.3922,231.6,6258.4
7.3924,231.64,6260.7
7.3926,231.79,6262.5
7.3928,231.99,6263.9
7.393,232.17,6263.9
7.3932,232.3,6262.6
7.3934,232.37,6260.4
7.3936,232.37,6258.3
7.3938,232.32,6259.1
7.394,232.26,6260.4
7.3942,232.19,6262.3
7.3944,232.02,6262.6
7.3946,231.92,6260.2
7.3948,231.89,6257.4
7.395,231.91,6256.9
7.3952,231.95,6257.3
7.3954,232.01,6255.8
7.3956,232.11,6254.9
7.3958,232.24,6257
7.396,232.38,6258
7.3962,232.48,6260.4
7.3964,232.52,6262.7
7.3966,232.5,6261.8
7.3968,232.37,6261.6
7.397,232.16,6265.5
7.3972,231.9,6270.6
7.3974,231.77,6270.9
7.3976,231.76,6267.5
7.3978,231.85,6265.6
7.398,232.01,6263.3
7.3982,232.13,6264.8
7.3984,232.18,6269.6
7.3986,232.21,6273.5
7.3988,232.19,6273.6
7.399,232.21,6269
7.3992,232.28,6264.5
7.3994,232.34,6263.7
7.3996,232.36,6265.9
7.3998,232.21,6271.5
7.4,232.03,6277.9
7.4002,232,6276.8
7.4004,232.05,6270.1
7.4006,232.07,6263.1
7.4008,232.21,6259.7
7.401,232.35,6261.6
7.4012,232.37,6265.7
7.4014,232.36,6269.6
7.4016,232.42,6269.6
7.4018,232.48,6265.7
7.402,232.49,6261.5
7.4022,232.46,6259.3
7.4024,232.34,6261.1
7.4026,232.14,6265.3
7.4028,231.98,6270.1
7.403,231.9,6272.8
7.4032,231.89,6272.9
7.4034,231.93,6269
7.4036,232.03,6263.6
7.4038,232.16,6260.3
7.404,232.26,6259.9
7.4042,232.36,6263.3
7.4044,232.43,6267.2
7.4046,232.48,6267.4
7.4048,232.47,6264.7
7.405,232.38,6261.5
7.4052,232.25,6261.2
7.4054,232.01,6263.9
7.4056,231.89,6266
7.4058,231.88,6264.3
7.406,231.9,6261
7.4062,231.89,6259.5
7.4064,231.88,6260.7
7.4066,231.88,6261.9
7.4068,231.89,6260.7
7.407,231.97,6257.7
7.4072,232.1,6256.3
7.4074,232.23,6257.1
7.4076,232.27,6259.8
7.4078,232.22,6261.8
7.408,232.07,6261.4
7.4082,231.84,6260.8
7.4084,231.69,6259.8
7.4086,231.63,6256.5
7.4088,231.61,6253.9
7.409,231.66,6253.5
7.4092,231.76,6256.7
7.4094,231.9,6259.9
7.4096,232.07,6258.9
7.4098,232.2,6255
7.41,232.25,6251.5
7.4102,232.22,6252.6
7.4104,232.14,6256.8
7.4106,232.03,6261.1
7.4108,231.92,6262.4
7.411,231.79,6259.3
7.4112,231.62,6256.3
7.4114,231.51,6254.6
7.4116,231.47,6253.8
7.4118,231.47,6255.3
7.412,231.52,6256.4
7.4122,231.61,6255.4
7.4124,231.73,6251.7
7.4126,231.86,6247.2
7.4128,231.93,6246.3
7.413,231.93,6249.7
7.4132,231.87,6254.3
7.4134,231.79,6256.6
7.4136,231.67,6257.8
7.4138,231.52,6257.6
7.414,231.41,6256.3
7.4142,231.32,6255.3
7.4144,231.23,6256.2
7.4146,231.19,6255.9
7.4148,231.23,6252.9
7.415,231.34,6251.3
7.4152,231.5,6254.4
7.4154,231.65,6260.8
7.4156,231.73,6263.3
7.4158,231.76,6261.4
7.416,231.71,6258
7.4162,231.61,6255
7.4164,231.5,6257.7
7.4166,231.36,6266.8
7.4168,231.29,6272
7.417,231.26,6268.9
7.4172,231.21,6263.3
7.4174,231.19,6259.5
7.4176,231.2,6258.2
7.4178,231.31,6261.6
7.418,231.52,6271
7.4182,231.76,6276.6
7.4184,231.95,6273.6
7.4186,232.02,6267.8
7.4188,231.96,6265.4
7.419,231.82,6267.3
7.4192,231.62,6270.8
7.4194,231.41,6277.2
7.4196,231.27,6280.5
7.4198,231.22,6275.9
7.42,231.24,6268.3
7.4202,231.3,6265.1
7.4204,231.39,6264
7.4206,231.48,6265.8
7.4208,231.59,6271.4
7.421,231.73,6277.5
7.4212,231.87,6277.8
7.4214,231.91,6272.3
7.4216,231.88,6269
7.4218,231.81,6269.9
7.422,231.63,6274.7
7.4222,231.49,6277.8
7.4224,231.45,6277.1
7.4226,231.45,6275
7.4228,231.46,6272.1
7.423,231.5,6270.8
7.4232,231.56,6271
7.4234,231.65,6271.1
7.4236,231.74,6270.3
7.4238,231.84,6268.8
7.424,231.92,6268.8
7.4242,231.91,6269.5
7.4244,231.86,6268.9
7.4246,231.74,6267.8
7.4248,231.59,6267
7.425,231.51,6266.3
7.4252,231.43,6264
7.4254,231.33,6263.9
7.4256,231.23,6265.9
7.4258,231.19,6266.7
7.426,231.3,6265
7.4262,231.51,6264.5
7.4264,231.75,6262.7
7.4266,231.95,6260.1
7.4268,232.04,6260.1
7.427,231.98,6263
7.4272,231.83,6265.9
7.4274,231.68,6267.4
7.4276,231.58,6266.4
7.4278,231.63,6263.7
7.428,231.73,6260.8
7.4282,231.73,6262.6
7.4284,231.66,6267.4
7.4286,231.59,6270.5
7.4288,231.59,6270.4
7.429,231.75,6269.8
7.4292,232,6266.9
7.4294,232.2,6264.6
7.4296,232.29,6266.6
7.4298,232.25,6269.4
7.43,232.13,6270.6
7.4302,231.96,6270.7
7.4304,231.83,6270.8
7.4306,231.74,6269.2
7.4308,231.7,6267
7.431,231.72,6266.3
7.4312,231.75,6265.9
7.4314,231.8,6262.8
7.4316,231.88,6258.4
7.4318,231.97,6258.7
7.432,232.08,6261.9
7.4322,232.18,6262.2
7.4324,232.23,6260.6
7.4326,232.21,6257.3
7.4328,232.14,6256.1
7.433,231.98,6256
7.4332,231.76,6258.3
7.4334,231.59,6260.6
7.4336,231.52,6259.9
7.4338,231.5,6257.8
7.434,231.56,6253.9
7.4342,231.63,6251.4
7.4344,231.7,6256.1
7.4346,231.79,6264.9
7.4348,231.91,6267.8
7.435,232.05,6263.6
7.4352,232.18,6259
7.4354,232.22,6257.6
7.4356,232.13,6258.9
7.4358,231.96,6261.5
7.436,231.72,6265
7.4362,231.58,6265.9
7.4364,231.54,6265.4
7.4366,231.54,6267.3
7.4368,231.63,6268
7.437,231.75,6265.3
7.4372,231.79,6260.9
7.4374,231.82,6255
7.4376,231.87,6250.6
7.4378,231.92,6251.1
7.438,231.99,6256.4
7.4382,232.01,6261.1
7.4384,231.98,6261
7.4386,231.85,6257.1
7.4388,231.64,6250.6
7.439,231.43,6246
7.4392,231.25,6248.3
7.4394,231.14,6254.1
7.4396,231.19,6257.2
7.4398,231.33,6255.2
7.44,231.52,6250.3
7.4402,231.68,6244.9
7.4404,231.79,6242.9
7.4406,231.86,6245.7
7.4408,231.88,6250.8
7.441,231.86,6254
7.4412,231.81,6254.5
7.4414,231.71,6252.2
7.4416,231.58,6246.9
7.4418,231.47,6242.7
7.442,231.38,6242.5
7.4422,231.33,6245.6
7.4424,231.37,6248.4
7.4426,231.48,6249.1
7.4428,231.62,6247.2
7.443,231.76,6242.2
7.4432,231.85,6237.8
7.4434,231.89,6236.2
7.4436,231.87,6237.8
7.4438,231.81,6241.3
7.444,231.72,6244.2
7.4442,231.57,6243.9
7.4444,231.43,6240.8
7.4446,231.37,6237.5
7.4448,231.35,6235.9
7.445,231.35,6236.7
7.4452,231.34,6239
7.4454,231.38,6241.1
7.4456,231.5,6240.7
7.4458,231.65,6237.1
7.446,231.78,6233.3
7.4462,231.83,6231.8
7.4464,231.8,6233.2
7.4466,231.7,6236.9
7.4468,231.58,6240.9
7.447,231.47,6242.7
7.4472,231.31,6244.4
7.4474,231.17,6243.7
7.4476,231.14,6243.4
7.4478,231.2,6242.8
7.448,231.35,6242.1
7.4482,231.49,6241.1
7.4484,231.57,6244.3
7.4486,231.66,6248.3
7.4488,231.8,6251.6
7.449,231.91,6251.4
7.4492,231.99,6248.4
7.4494,232.03,6244.1
7.4496,231.98,6242.9
7.4498,231.78,6247.6
7.45,231.59,6258.6
7.4502,231.53,6266.7
7.4504,231.6,6265.5
7.4506,231.75,6257.4
7.4508,231.89,6250.7
7.451,231.96,6251.3
7.4512,231.98,6257.5
7.4514,232.03,6263.5
7.4516,232.15,6265.4
7.4518,232.3,6263.6
7.452,232.4,6262.7
7.4522,232.38,6264.2
7.4524,232.25,6268.1
7.4526,232.06,6269.2
7.4528,231.9,6269.4
7.453,231.83,6269.1
7.4532,231.83,6268.7
7.4534,231.89,6268.6
7.4536,231.99,6267.6
7.4538,232.08,6264.5
7.454,232.15,6260.2
7.4542,232.24,6256.8
7.4544,232.35,6256.1
7.4546,232.4,6259.5
7.4548,232.41,6265.6
7.455,232.34,6269
7.4552,232.17,6267.1
7.4554,232.01,6259.8
7.4556,231.97,6252.2
7.4558,231.92,6251.7
7.456,231.9,6257.9
7.4562,231.92,6263.9
7.4564,231.96,6265.6
7.4566,232.05,6261.7
7.4568,232.17,6255.1
7.457,232.29,6251.6
7.4572,232.4,6253.1
7.4574,232.48,6258.6
7.4576,232.46,6262.9
7.4578,232.4,6264.1
7.458,232.29,6263
7.4582,232.12,6261.3
7.4584,232.01,6261.1
7.4586,231.99,6260.8
7.4588,232.03,6260.8
7.459,232.07,6262
7.4592,232.12,6261.4
7.4594,232.18,6258.3
7.4596,232.23,6255.1
7.4598,232.29,6254.4
7.46,232.36,6256.1
7.4602,232.43,6259.5
7.4604,232.47,6261.9
7.4606,232.46,6260.4
7.4608,232.34,6255.8
7.461,232.16,6254.7
7.4612,232,6257.2
7.4614,231.88,6258.5
7.4616,231.79,6259.7
7.4618,231.75,6258
7.462,231.81,6255.6
7.4622,231.94,6253.4
7.4624,232.13,6253.1
7.4626,232.31,6253.9
7.4628,232.37,6256.9
7.463,232.36,6258.3
7.4632,232.31,6258.1
7.4634,232.23,6257.6
7.4636,232.17,6255.6
7.4638,232.08,6256.7
7.464,231.96,6260.6
7.4642,231.96,6262.6
7.4644,231.98,6261.2
7.4646,232.02,6260.8
7.4648,232.11,6263
7.465,232.22,6263.6
7.4652,232.36,6261.4
7.4654,232.51,6259.5
7.4656,232.61,6258.9
7.4658,232.62,6260.5
7.466,232.55,6262.5
7.4662,232.45,6264.1
7.4664,232.33,6266.8
7.4666,232.17,6269
7.4668,232.07,6269
7.467,231.98,6265.6
7.4672,231.9,6261.4
7.4674,231.87,6260.8
7.4676,231.89,6263.7
7.4678,231.97,6269.1
7.468,232.09,6272
7.4682,232.25,6272.5
7.4684,232.43,6271.9
7.4686,232.53,6273.2
7.4688,232.5,6275
7.469,232.38,6276.8
7.4692,232.26,6277.7
7.4694,232.21,6279.6
7.4696,232.24,6278
7.4698,232.3,6274.3
7.47,232.33,6271.7
7.4702,232.31,6271.7
7.4704,232.28,6272.4
7.4706,232.32,6271.9
7.4708,232.43,6273.4
7.471,232.57,6275.7
7.4712,232.7,6276.7
7.4714,232.76,6279.3
7.4716,232.69,6279.8
7.4718,232.56,6278.6
7.472,232.38,6275.3
7.4722,232.22,6272.8
7.4724,232.12,6274.9
7.4726,232.07,6279.4
7.4728,232.05,6280.9
7.473,232.08,6279.4
7.4732,232.19,6275.9
7.4734,232.34,6271.3
7.4736,232.47,6269
7.4738,232.52,6270.5
7.474,232.54,6272.1
7.4742,232.5,6272.1
7.4744,232.41,6272.1
7.4746,232.31,6272.3
7.4748,232.18,6271.4
7.475,232,6270.3
7.4752,231.9,6271.2
7.4754,231.85,6273.5
7.4756,231.86,6274.1
7.4758,231.94,6272.6
7.476,232.04,6269.3
7.4762,232.16,6265.9
7.4764,232.28,6263.9
7.4766,232.39,6265.6
7.4768,232.45,6269.4
7.477,232.47,6272.7
7.4772,232.44,6271.8
7.4774,232.33,6268.6
7.4776,232.13,6268.3
7.4778,231.95,6271
7.478,231.89,6273.6
7.4782,231.93,6273
7.4784,232.06,6270.2
7.4786,232.19,6266.6
7.4788,232.27,6265.7
7.479,232.32,6266.9
7.4792,232.34,6270.4
7.4794,232.37,6273.7
7.4796,232.45,6273.5
7.4798,232.52,6272.4
7.48,232.54,6269.7
7.4802,232.47,6268.3
7.4804,232.31,6271.1
7.4806,232.08,6275.3
7.4808,231.87,6278.6
7.481,231.77,6279.7
7.4812,231.78,6277.5
7.4814,231.87,6274.1
7.4816,232.04,6271
7.4818,232.18,6270.6
7.482,232.3,6277
7.4822,232.44,6283.9
7.4824,232.58,6286.5
7.4826,232.57,6282.3
7.4828,232.5,6277
7.483,232.38,6271.9
7.4832,232.16,6269.5
7.4834,231.94,6270.3
7.4836,231.77,6274.4
7.4838,231.64,6279.9
7.484,231.64,6280.6
7.4842,231.72,6275.7
7.4844,231.84,6270.9
7.4846,231.99,6272.3
7.4848,232.13,6280.8
7.485,232.27,6286.9
7.4852,232.39,6285.9
7.4854,232.43,6280.6
7.4856,232.36,6275.7
7.4858,232.16,6276.3
7.486,231.97,6283.1
7.4862,231.82,6288.9
7.4864,231.73,6288.3
7.4866,231.72,6282.6
7.4868,231.77,6277.4
7.487,231.84,6275.9
7.4872,231.91,6279.6
7.4874,232,6284.7
7.4876,232.13,6286.1
7.4878,232.25,6282.7
7.488,232.33,6277.5
7.4882,232.34,6276.2
7.4884,232.25,6278.8
7.4886,232.1,6283.9
7.4888,231.92,6285.5
7.489,231.76,6280.5
7.4892,231.69,6274.6
7.4894,231.68,6273.1
7.4896,231.73,6276.1
7.4898,231.83,6280.3
7.49,231.98,6281.8
7.4902,232.15,6278.8
7.4904,232.29,6273.2
7.4906,232.33,6269
7.4908,232.28,6269.4
7.491,232.2,6273.8
7.4912,232.08,6278.1
7.4914,231.93,6278.9
7.4916,231.83,6275.3
7.4918,231.78,6270
7.492,231.7,6266.4
7.4922,231.62,6266
7.4924,231.59,6269.3
7.4926,231.68,6273.8
7.4928,231.85,6275.8
7.493,232.05,6272.6
7.4932,232.26,6269.2
7.4934,232.39,6268.1
7.4936,232.39,6267.8
7.4938,232.31,6270
7.494,232.19,6273.2
7.4942,232.04,6274.1
7.4944,231.9,6270.2
7.4946,231.8,6265.8
7.4948,231.74,6263.7
7.495,231.71,6262.7
7.4952,231.69,6263.5
7.4954,231.71,6265.5
7.4956,231.77,6264.8
7.4958,231.91,6261.4
7.496,232.09,6259.1
7.4962,232.22,6259.2
7.4964,232.26,6261.1
7.4966,232.18,6263.2
7.4968,232.03,6263.9
7.497,231.86,6260.9
7.4972,231.7,6257
7.4974,231.59,6258.6
7.4976,231.59,6266.3
7.4978,231.61,6271.6
7.498,231.65,6269
7.4982,231.72,6263.6
7.4984,231.77,6261.7
7.4986,231.83,6263.5
7.4988,231.89,6268.1
7.499,231.96,6271.5
7.4992,232,6270.7
7.4994,232.04,6266.3
7.4996,232.01,6262.5
7.4998,231.89,6264.9
7.5,231.74,6272.5
7.5002,231.71,6278.3
7.5004,231.75,6275.8
7.5006,231.78,6266.8
7.5008,231.8,6259.1
7.501,231.79,6258.2
7.5012,231.77,6263.4
7.5014,231.83,6270.2
7.5016,231.96,6271.2
7.5018,232.12,6266.7
7.502,232.26,6260.1
7.5022,232.24,6257.5
7.5024,232.03,6260.1
7.5026,231.72,6266
7.5028,231.44,6274.9
7.503,231.34,6278.8
7.5032,231.36,6274.3
7.5034,231.47,6266.8
7.5036,231.6,6261.1
7.5038,231.7,6260.3
7.504,231.73,6264.9
7.5042,231.75,6268.9
7.5044,231.83,6270.1
7.5046,231.95,6268.7
7.5048,232.04,6267.2
7.505,232.03,6265.9
7.5052,231.9,6264.9
7.5054,231.71,6263
7.5056,231.56,6260.1
7.5058,231.46,6260.3
7.506,231.42,6261.9
7.5062,231.39,6263.1
7.5064,231.42,6262.5
7.5066,231.51,6262
7.5068,231.66,6261.4
7.507,231.86,6261.7
7.5072,232.02,6264.5
7.5074,232.13,6268.3
7.5076,232.18,6270.9
7.5078,232.14,6271.6
7.508,232.02,6270.6
7.5082,231.89,6267.9
7.5084,231.86,6265
7.5086,231.87,6264.5
7.5088,231.89,6265.3
7.509,231.91,6265.6
7.5092,231.95,6265.2
7.5094,232.05,6265.1
7.5096,232.19,6263.7
7.5098,232.35,6260.9
7.51,232.5,6258.8
7.5102,232.57,6259.8
7.5104,232.57,6261.2
7.5106,232.46,6261.6
7.5108,232.28,6261.6
7.511,232.13,6261
7.5112,232.01,6259.9
7.5114,231.97,6259
7.5116,231.98,6258.7
7.5118,232.05,6257.2
7.512,232.15,6256.2
7.5122,232.23,6253.8
7.5124,232.27,6251.7
7.5126,232.28,6251.4
7.5128,232.3,6253.9
7.513,232.34,6257.6
7.5132,232.39,6260.8
7.5134,232.41,6262
7.5136,232.35,6262.7
7.5138,232.22,6263.1
7.514,232.05,6261.8
7.5142,231.86,6261.4
7.5144,231.74,6261.5
7.5146,231.73,6261.2
7.5148,231.84,6260.3
7.515,232.07,6259.1
7.5152,232.26,6259.9
7.5154,232.36,6263.4
7.5156,232.46,6266.4
7.5158,232.45,6264.5
7.516,232.31,6260
7.5162,232.24,6258.2
7.5164,232.16,6261.8
7.5166,232.03,6269
7.5168,231.92,6275.3
7.517,231.88,6274.1
7.5172,231.89,6267.1
7.5174,231.93,6260.6
7.5176,231.98,6258.7
7.5178,232.08,6263.8
7.518,232.24,6273
7.5182,232.43,6276.6
7.5184,232.59,6273.5
7.5186,232.69,6268.5
7.5188,232.68,6265.8
7.519,232.56,6267
7.5192,232.39,6269.1
7.5194,232.21,6271.1
7.5196,232.12,6271.6
7.5198,232.08,6270.9
7.52,232.07,6268.6
7.5202,232.03,6264.5
7.5204,232.06,6261.8
7.5206,232.17,6260.4
7.5208,232.29,6258.8
7.521,232.38,6260.9
7.5212,232.5,6265.5
7.5214,232.54,6269.1
7.5216,232.48,6272.1
7.5218,232.4,6271.4
7.522,232.28,6268.7
7.5222,232.13,6265.3
7.5224,232.02,6263.5
7.5226,231.94,6264.9
7.5228,231.9,6267
7.523,231.92,6267.6
7.5232,232.01,6266
7.5234,232.13,6262.8
7.5236,232.28,6260.8
7.5238,232.39,6261.1
7.524,232.42,6263
7.5242,232.42,6264.6
7.5244,232.39,6264.6
7.5246,232.31,6264.5
7.5248,232.15,6262.7
7.525,232.04,6260.8
7.5252,231.94,6261
7.5254,231.85,6263.6
7.5256,231.8,6265.5
7.5258,231.82,6266.5
7.526,231.96,6266.6
7.5262,232.17,6266.2
7.5264,232.4,6264.5
7.5266,232.56,6263
7.5268,232.63,6264.4
7.527,232.65,6265.8
7.5272,232.59,6266.6
7.5274,232.51,6265.5
7.5276,232.36,6261.8
7.5278,232.2,6257.7
7.528,232.06,6256.4
7.5282,231.97,6259.1
7.5284,231.97,6262.9
7.5286,232.08,6263.5
7.5288,232.28,6260.7
7.529,232.48,6256.7
7.5292,232.63,6253.2
7.5294,232.65,6251.5
7.5296,232.59,6251.1
7.5298,232.49,6250.5
7.53,232.41,6250.5
7.5302,232.35,6253.4
7.5304,232.32,6259.4
7.5306,232.19,6263.9
7.5308,232.04,6262.8
7.531,232.01,6256.6
7.5312,232.02,6249.8
7.5314,232.03,6244.5
7.5316,232.04,6243.2
7.5318,232.08,6246.9
7.532,232.15,6254.7
7.5322,232.24,6261.2
7.5324,232.42,6260.6
7.5326,232.54,6254.3
7.5328,232.51,6248.8
7.533,232.32,6246.9
7.5332,232.03,6253.6
7.5334,231.74,6265
7.5336,231.65,6270.4
7.5338,231.74,6266.1
7.534,231.92,6257.9
7.5342,232.08,6253.6
7.5344,232.17,6256.9
7.5346,232.23,6262.6
7.5348,232.29,6266.2
7.535,232.38,6266.2
7.5352,232.47,6263.5
7.5354,232.48,6259.7
7.5356,232.41,6255.4
7.5358,232.27,6252.8
7.536,232.08,6252.7
7.5362,231.9,6255.6
7.5364,231.74,6259.7
7.5366,231.64,6261.9
7.5368,231.64,6262
7.537,231.76,6258.3
7.5372,231.93,6254.5
7.5374,232.07,6256
7.5376,232.19,6260.9
7.5378,232.3,6265.8
7.538,232.39,6266.6
7.5382,232.44,6265.4
7.5384,232.36,6263
7.5386,232.19,6259.6
7.5388,231.96,6258.3
7.539,231.76,6257.8
7.5392,231.69,6257.7
7.5394,231.7,6259.2
7.5396,231.74,6262.3
7.5398,231.82,6262.4
7.54,231.91,6257.7
7.5402,232,6252
7.5404,232.11,6248.3
7.5406,232.17,6250.2
7.5408,232.2,6256.2
7.541,232.19,6262.8
7.5412,232.12,6265.8
7.5414,232.04,6264
7.5416,231.89,6257.6
7.5418,231.71,6251.6
7.542,231.58,6251.1
7.5422,231.51,6255.6
7.5424,231.53,6261
7.5426,231.67,6263
7.5428,231.84,6260.2
7.543,232.01,6256.8
7.5432,232.15,6252.2
7.5434,232.18,6249.7
7.5436,232.16,6250.9
7.5438,232.11,6255.9
7.544,231.99,6260.3
7.5442,231.84,6261.3
7.5444,231.7,6258.9
7.5446,231.59,6255.1
7.5448,231.48,6253.4
7.545,231.42,6254.1
7.5452,231.41,6255.8
7.5454,231.5,6256.7
7.5456,231.67,6256.3
7.5458,231.85,6254.8
7.546,231.97,6252.9
7.5462,232.04,6253
7.5464,232.05,6255.1
7.5466,232.02,6257
7.5468,231.96,6257
7.547,231.84,6257.4
7.5472,231.69,6259.7
7.5474,231.59,6260.1
7.5476,231.48,6258.9
7.5478,231.38,6260
7.548,231.39,6263.1
7.5482,231.47,6263
7.5484,231.65,6258.9
7.5486,231.87,6253.7
7.5488,232.04,6251.6
7.549,232.11,6254.6
7.5492,232.06,6260.6
7.5494,231.94,6264.7
7.5496,231.8,6263.5
7.5498,231.67,6261.1
7.55,231.5,6259.2
7.5502,231.4,6257.9
7.5504,231.38,6257.2
7.5506,231.41,6256.7
7.5508,231.45,6256.8
7.551,231.53,6255.5
7.5512,231.63,6257.4
7.5514,231.75,6260.8
7.5516,231.88,6265.2
7.5518,231.99,6267.3
7.552,232.05,6267.2
7.5522,232.03,6264.9
7.5524,231.93,6265
7.5526,231.78,6268.6
7.5528,231.61,6271.3
7.553,231.47,6270.5
7.5532,231.37,6269.8
7.5534,231.33,6269.7
7.5536,231.37,6268.6
7.5538,231.47,6268.2
7.554,231.6,6271.2
7.5542,231.77,6274.1
7.5544,231.96,6274.3
7.5546,232.09,6272.9
7.5548,232.13,6271.7
7.555,232.07,6273.6
7.5552,231.96,6276.5
7.5554,231.8,6280.1
7.5556,231.6,6281.2
7.5558,231.45,6277.5
7.556,231.35,6272.5
7.5562,231.32,6270.5
7.5564,231.43,6270.9
7.5566,231.63,6272.8
7.5568,231.85,6274.4
7.557,232.02,6272.9
7.5572,232.11,6271.2
7.5574,232.1,6270.5
7.5576,232.05,6270.3
7.5578,231.94,6271.5
7.558,231.83,6274.3
7.5582,231.68,6276.1
7.5584,231.5,6275.6
7.5586,231.37,6272.6
7.5588,231.36,6268.6
7.559,231.45,6264.8
7.5592,231.61,6265.3
7.5594,231.77,6268.6
7.5596,231.88,6268.8
7.5598,231.94,6264.9
7.56,231.99,6260.3
7.5602,232.04,6258.6
7.5604,232.05,6258.7
7.5606,232.03,6260.3
7.5608,231.97,6260.4
7.561,231.83,6259.3
7.5612,231.64,6257.7
7.5614,231.55,6257.4
7.5616,231.55,6257.4
7.5618,231.64,6256.7
7.562,231.78,6254.7
7.5622,231.9,6253.2
7.5624,232,6251.3
7.5626,232.06,6251.5
7.5628,232.13,6255.9
7.563,232.23,6258.2
7.5632,232.3,6257.5
7.5634,232.29,6254.7
7.5636,232.14,6253.7
7.5638,231.94,6256.8
7.564,231.81,6259.9
7.5642,231.75,6259.7
7.5644,231.79,6253.9
7.5646,231.88,6246.3
7.5648,231.96,6242.6
7.565,231.98,6246.3
7.5652,231.96,6254.5
7.5654,232.02,6258.8
7.5656,232.17,6258.1
7.5658,232.28,6253.1
7.566,232.3,6245.9
7.5662,232.22,6243.8
7.5664,232.07,6250.1
7.5666,231.95,6262.7
7.5668,231.93,6275.4
7.567,232.04,6276.7
7.5672,232.16,6267.9
7.5674,232.26,6257.7
7.5676,232.36,6251.4
7.5678,232.41,6252.8
7.568,232.5,6263
7.5682,232.66,6272.1
7.5684,232.8,6272.7
7.5686,232.87,6269.1
7.5688,232.84,6266.5
7.569,232.69,6265.4
7.5692,232.47,6264.7
7.5694,232.37,6264.6
7.5696,232.35,6265.9
7.5698,232.4,6268.3
7.57,232.41,6271.6
7.5702,232.37,6274.4
7.5704,232.33,6273.3
7.5706,232.35,6268.7
7.5708,232.45,6264.7
7.571,232.62,6262.5
7.5712,232.75,6264.9
7.5714,232.8,6269.8
7.5716,232.77,6273.1
7.5718,232.63,6272.8
7.572,232.44,6269.3
7.5722,232.21,6265.9
7.5724,232.03,6264.6
7.5726,231.95,6265.9
7.5728,232,6269
7.573,232.14,6269.6
7.5732,232.3,6267.1
7.5734,232.46,6264.1
7.5736,232.55,6263.6
7.5738,232.6,6262.4
7.574,232.64,6263.6
7.5742,232.69,6264.2
7.5744,232.72,6265.2
7.5746,232.68,6265.3
7.5748,232.6,6265.2
7.575,232.43,6266.5
7.5752,232.29,6265
7.5754,232.24,6262
7.5756,232.26,6260.1
7.5758,232.33,6257.5
7.576,232.47,6256
7.5762,232.61,6257.5
7.5764,232.74,6258
7.5766,232.83,6257.9
7.5768,232.86,6258.1
7.577,232.84,6256.9
7.5772,232.8,6256.2
7.5774,232.74,6254.9
7.5776,232.65,6254.3
7.5778,232.51,6254.5
7.578,232.43,6254.7
7.5782,232.41,6253.4
7.5784,232.45,6251
7.5786,232.51,6247.9
7.5788,232.59,6244.7
7.579,232.66,6243.1
7.5792,232.72,6243.7
7.5794,232.77,6245.5
7.5796,232.79,6246.4
7.5798,232.79,6246
7.58,232.75,6245.2
7.5802,232.66,6245.3
7.5804,232.51,6248
7.5806,232.33,6250.6
7.5808,232.22,6249
7.581,232.16,6245
7.5812,232.17,6238.4
7.5814,232.29,6234.2
7.5816,232.43,6233.9
7.5818,232.56,6241.7
7.582,232.64,6251.4
7.5822,232.69,6257
7.5824,232.74,6257.5
7.5826,232.79,6252.2
7.5828,232.76,6247.2
7.583,232.67,6247.6
7.5832,232.54,6255
7.5834,232.38,6262.3
7.5836,232.26,6263.3
7.5838,232.18,6256.9
7.584,232.17,6250.4
7.5842,232.25,6252.6
7.5844,232.46,6258.2
7.5846,232.71,6261.2
7.5848,232.86,6262.2
7.585,232.92,6262.2
7.5852,232.93,6260.1
7.5854,232.9,6259.1
7.5856,232.84,6259.9
7.5858,232.74,6259.8
7.586,232.58,6257.4
7.5862,232.44,6255.1
7.5864,232.35,6253.5
7.5866,232.3,6256.4
7.5868,232.31,6261.5
7.587,232.38,6263.6
7.5872,232.52,6260.1
7.5874,232.62,6253.8
7.5876,232.67,6246.2
7.5878,232.72,6244.4
7.588,232.76,6248.9
7.5882,232.76,6256.6
7.5884,232.7,6262.4
7.5886,232.53,6262.5
7.5888,232.32,6258
7.589,232.16,6252.9
7.5892,232.07,6248.5
7.5894,232.07,6249.4
7.5896,232.15,6253.6
7.5898,232.26,6257.5
7.59,232.38,6258.4
7.5902,232.51,6257.6
7.5904,232.62,6255.2
7.5906,232.68,6252.3
7.5908,232.71,6252.7
7.591,232.69,6255.4
7.5912,232.64,6258.7
7.5914,232.57,6259.3
7.5916,232.43,6256.9
7.5918,232.27,6253
7.592,232.19,6250.4
7.5922,232.19,6250.3
7.5924,232.25,6251.8
7.5926,232.35,6250.1
7.5928,232.45,6247.8
7.593,232.57,6245.4
7.5932,232.66,6245.4
7.5934,232.73,6247.5
7.5936,232.78,6249
7.5938,232.79,6249.5
7.594,232.76,6247.9
7.5942,232.64,6245.8
7.5944,232.41,6243.8
7.5946,232.25,6242.8
7.5948,232.21,6244.5
7.595,232.26,6245.9
7.5952,232.36,6243.9
7.5954,232.5,6242.3
7.5956,232.66,6240.9
7.5958,232.78,6240.9
7.596,232.86,6241.7
7.5962,232.91,6242.7
7.5964,232.88,6243.6
7.5966,232.83,6241.8
7.5968,232.72,6239.1
7.597,232.55,6240.4
7.5972,232.36,6246.4
7.5974,232.34,6250.8
7.5976,232.41,6250.7
7.5978,232.41,6247.8
7.598,232.42,6242.7
7.5982,232.47,6237.7
7.5984,232.5,6236.5
7.5986,232.56,6239
7.5988,232.63,6240.7
7.599,232.71,6240.8
7.5992,232.76,6238.6
7.5994,232.72,6234.4
7.5996,232.6,6231
7.5998,232.42,6232.1
7.6,232.19,6239.3
7.6002,232.02,6248.4
7.6004,232.01,6252.7
7.6006,232.12,6250.9
7.6008,232.31,6246.6
7.601,232.48,6243
7.6012,232.54,6244.1
7.6014,232.54,6250.6
7.6016,232.56,6260.3
7.6018,232.66,6264.1
7.602,232.82,6261
7.6022,232.92,6255
7.6024,232.86,6251.1
7.6026,232.62,6255.5
7.6028,232.39,6265.7
7.603,232.34,6275.5
7.6032,232.42,6276.3
7.6034,232.57,6270
7.6036,232.67,6262.4
7.6038,232.73,6259.7
7.604,232.75,6261.9
7.6042,232.8,6265.1
7.6044,232.89,6266.6
7.6046,233.01,6264.3
7.6048,233.07,6259.1
7.605,233.01,6257.2
7.6052,232.87,6257.8
7.6054,232.65,6257.7
7.6056,232.5,6258
7.6058,232.4,6257.9
7.606,232.36,6254.3
7.6062,232.36,6251.6
7.6064,232.41,6252.6
7.6066,232.51,6254.3
7.6068,232.65,6253.4
7.607,232.78,6252.4
7.6072,232.92,6251.2
7.6074,233.01,6250.5
7.6076,233.01,6250.1
7.6078,232.92,6253.2
7.608,232.76,6257.6
7.6082,232.68,6257.3
7.6084,232.59,6252.5
7.6086,232.49,6246.8
7.6088,232.37,6243.1
7.609,232.25,6243.4
7.6092,232.25,6248.3
7.6094,232.37,6252.8
7.6096,232.57,6252.2
7.6098,232.77,6245.8
7.61,232.91,6240.2
7.6102,232.93,6237.7
7.6104,232.85,6240.2
7.6106,232.73,6247.2
7.6108,232.63,6251
7.611,232.52,6248.8
7.6112,232.45,6244.6
7.6114,232.38,6240.2
7.6116,232.3,6239.1
7.6118,232.23,6241.1
7.612,232.21,6243.3
7.6122,232.31,6242.2
7.6124,232.51,6239.8
7.6126,232.68,6239.4
7.6128,232.8,6241.7
7.613,232.78,6245.7
7.6132,232.67,6248.7
7.6134,232.55,6248
7.6136,232.44,6245
7.6138,232.3,6243.3
7.614,232.15,6247
7.6142,232.08,6254.5
7.6144,232.13,6258.7
7.6146,232.25,6256.6
7.6148,232.39,6248.8
7.615,232.52,6242
7.6152,232.61,6239.7
7.6154,232.67,6242.7
7.6156,232.69,6247.6
7.6158,232.74,6252.1
7.616,232.75,6251.1
7.6162,232.72,6247.3
7.6164,232.64,6242.2
7.6166,232.58,6241.5
7.6168,232.48,6244.4
7.617,232.38,6247.2
7.6172,232.26,6247.7
7.6174,232.23,6246
7.6176,232.3,6243.3
7.6178,232.46,6242
7.618,232.63,6244.7
7.6182,232.75,6247.9
7.6184,232.81,6248.4
7.6186,232.8,6248.2
7.6188,232.77,6248.2
7.619,232.72,6249.1
7.6192,232.63,6250.7
7.6194,232.46,6252.5
7.6196,232.41,6255
7.6198,232.47,6253.9
7.62,232.5,6249.8
7.6202,232.5,6245.3
7.6204,232.5,6242.4
7.6206,232.49,6240.8
7.6208,232.51,6242.7
7.621,232.58,6246.5
7.6212,232.68,6249.7
7.6214,232.77,6248.3
7.6216,232.77,6245.6
7.6218,232.64,6241.6
7.622,232.42,6239
7.6222,232.24,6241.2
7.6224,232.18,6244.7
7.6226,232.2,6246.2
7.6228,232.26,6247.1
7.623,232.38,6246.5
7.6232,232.49,6246.1
7.6234,232.62,6247.1
7.6236,232.74,6249.8
7.6238,232.87,6251.7
7.624,232.99,6251.1
7.6242,233.04,6249.9
7.6244,232.99,6248.9
7.6246,232.85,6248.8
7.6248,232.63,6248.4
7.625,232.38,6247.9
7.6252,232.15,6247
7.6254,232.02,6247.6
7.6256,232.01,6247.9
7.6258,232.09,6245.8
7.626,232.24,6241.7
7.6262,232.39,6239.1
7.6264,232.5,6238
7.6266,232.57,6238.1
7.6268,232.57,6240.1
7.627,232.53,6244.1
7.6272,232.49,6247.9
7.6274,232.41,6245.8
7.6276,232.31,6240.7
7.6278,232.22,6236.3
7.628,232.12,6233.1
7.6282,232,6235.7
7.6284,231.97,6244.3
7.6286,232.06,6250.7
7.6288,232.24,6251.7
7.629,232.49,6245.1
7.6292,232.65,6236.9
7.6294,232.68,6232.9
7.6296,232.61,6235.7
7.6298,232.54,6243.6
7.63,232.5,6250.8
7.6302,232.51,6252.8
7.6304,232.47,6249.1
7.6306,232.34,6244.5
7.6308,232.28,6243
7.631,232.33,6247.6
7.6312,232.42,6253.3
7.6314,232.59,6255.6
7.6316,232.78,6254.9
7.6318,232.96,6251.2
7.632,233.05,6244.8
7.6322,233.08,6241.2
7.6324,233.06,6244.5
7.6326,233.04,6250.9
7.6328,233.02,6253.7
7.633,232.99,6254.1
7.6332,232.86,6253.5
7.6334,232.68,6254.1
7.6336,232.63,6254.2
7.6338,232.67,6253.9
7.634,232.74,6252.2
7.6342,232.81,6248.2
7.6344,232.85,6244.1
7.6346,232.86,6243.4
7.6348,232.87,6247.3
7.635,232.93,6252.4
7.6352,233.06,6257.6
7.6354,233.15,6257.3
7.6356,233.13,6252.5
7.6358,232.99,6247.5
7.636,232.74,6246.8
7.6362,232.59,6249.1
7.6364,232.56,6252.9
7.6366,232.63,6254.4
7.6368,232.78,6252.2
7.637,232.92,6249.1
7.6372,233,6248.5
7.6374,233.04,6253.6
7.6376,233.11,6260.1
7.6378,233.17,6261.5
7.638,233.25,6258.4
7.6382,233.28,6255.2
7.6384,233.22,6255.3
7.6386,233.08,6258.8
7.6388,232.94,6264.9
7.639,232.95,6268.5
7.6392,232.97,6264.3
7.6394,232.97,6257.9
7.6396,232.96,6255.8
7.6398,232.93,6258.6
7.64,232.95,6261.9
7.6402,233.05,6264
7.6404,233.2,6259.7
7.6406,233.32,6254
7.6408,233.36,6252.9
7.641,233.31,6256.5
7.6412,233.19,6262.2
7.6414,232.98,6265.7
7.6416,232.81,6264.9
7.6418,232.78,6259.4
7.642,232.85,6253.1
7.6422,232.93,6252
7.6424,232.96,6255.9
7.6426,232.95,6259.6
7.6428,232.97,6262.1
7.643,233.03,6259.8
7.6432,233.12,6253.3
7.6434,233.21,6247.2
7.6436,233.27,6246.8
7.6438,233.22,6250
7.644,233.06,6254.3
7.6442,232.84,6255.5
7.6444,232.62,6252.9
7.6446,232.48,6248.6
7.6448,232.43,6246.1
7.645,232.44,6247.6
7.6452,232.5,6249.2
7.6454,232.57,6248.7
7.6456,232.65,6247.3
7.6458,232.78,6246.1
7.646,232.91,6246.9
7.6462,233,6248.7
7.6464,233.05,6251.8
7.6466,233.05,6254.2
7.6468,232.97,6254.2
7.647,232.82,6252.9
7.6472,232.67,6252.7
7.6474,232.63,6253.4
7.6476,232.6,6252.6
7.6478,232.52,6250.6
7.648,232.46,6246.7
7.6482,232.48,6243.4
7.6484,232.52,6246.6
7.6486,232.64,6256.6
7.6488,232.83,6263.5
7.649,232.98,6260.4
7.6492,232.97,6254.3
7.6494,232.86,6250.9
7.6496,232.75,6248.4
7.6498,232.59,6251.5
7.65,232.5,6259.3
7.6502,232.44,6260.6
7.6504,232.39,6253.8
7.6506,232.36,6249.7
7.6508,232.34,6252.6
7.651,232.38,6258.7
7.6512,232.49,6262.7
7.6514,232.63,6262.5
7.6516,232.77,6259.4
7.6518,232.86,6256.4
7.652,232.88,6257.6
7.6522,232.82,6262.2
7.6524,232.69,6266.8
7.6526,232.55,6270.9
7.6528,232.38,6272.3
7.653,232.31,6270.4
7.6532,232.32,6266.2
7.6534,232.36,6263.7
7.6536,232.39,6265
7.6538,232.42,6265.4
7.654,232.47,6264.8
7.6542,232.55,6263.2
7.6544,232.65,6262.9
7.6546,232.69,6264.5
7.6548,232.69,6266.6
7.655,232.64,6266.8
7.6552,232.51,6263.6
7.6554,232.32,6258.8
7.6556,232.11,6254.7
7.6558,231.93,6253.7
7.656,231.8,6257.4
7.6562,231.71,6261.9
7.6564,231.76,6261.9
7.6566,231.93,6258.6
7.6568,232.12,6252.3
7.657,232.3,6245.7
7.6572,232.41,6243.9
7.6574,232.44,6248
7.6576,232.4,6253.7
7.6578,232.29,6255.7
7.658,232.11,6254.7
7.6582,231.94,6253.5
7.6584,231.81,6251
7.6586,231.72,6249.6
7.6588,231.7,6251.4
7.659,231.72,6253.9
7.6592,231.82,6253.2
7.6594,231.97,6250.1
7.6596,232.13,6247.2
7.6598,232.25,6247.4
7.66,232.33,6250.2
7.6602,232.38,6253.7
7.6604,232.38,6254.2
7.6606,232.32,6251.7
7.6608,232.2,6247.4
7.661,232,6245.6
7.6612,231.77,6246.5
7.6614,231.6,6248.3
7.6616,231.53,6250.6
7.6618,231.53,6249.7
7.662,231.61,6248
7.6622,231.75,6244
7.6624,231.89,6240.5
7.6626,232.03,6238.4
7.6628,232.1,6239.4
7.663,232.11,6242.3
7.6632,232.09,6244.4
7.6634,232.04,6244.5
7.6636,231.91,6243.8
7.6638,231.74,6244.9
7.664,231.62,6247.8
7.6642,231.52,6249.7
7.6644,231.46,6250
7.6646,231.5,6249.2
7.6648,231.59,6248.4
7.665,231.72,6249.2
7.6652,231.91,6252.6
7.6654,232.13,6252
7.6656,232.25,6247.8
7.6658,232.29,6241.6
7.666,232.26,6238.9
7.6662,232.15,6239.7
7.6664,231.99,6243
7.6666,231.84,6246.5
7.6668,231.74,6244.6
7.667,231.69,6237.5
7.6672,231.68,6230
7.6674,231.69,6230
7.6676,231.74,6237.5
7.6678,231.97,6245.1
7.668,232.18,6250
7.6682,232.3,6250.5
7.6684,232.39,6248.7
7.6686,232.42,6245.4
7.6688,232.36,6245.4
7.669,232.26,6250.1
7.6692,232.07,6253.8
7.6694,231.81,6257.6
7.6696,231.63,6259
7.6698,231.61,6255.3
7.67,231.69,6250.7
7.6702,231.8,6248.2
7.6704,231.88,6249.9
7.6706,231.91,6250.3
7.6708,231.92,6249.3
7.671,231.94,6251.3
7.6712,232.04,6253.6
7.6714,232.18,6252.1
7.6716,232.24,6249.4
7.6718,232.22,6248.9
7.672,232.08,6249.1
7.6722,231.84,6249.7
7.6724,231.63,6250
7.6726,231.48,6248.7
7.6728,231.44,6246.3
7.673,231.54,6245
7.6732,231.71,6245.8
7.6734,231.88,6246.3
7.6736,232.01,6245
7.6738,232.08,6241.8
7.674,232.1,6239
7.6742,232.09,6238.2
7.6744,232.03,6240.1
7.6746,231.94,6242.1
7.6748,231.79,6243.3
7.675,231.62,6242.3
7.6752,231.52,6240
7.6754,231.5,6239.6
7.6756,231.52,6243.4
7.6758,231.58,6247.3
7.676,231.69,6249.4
7.6762,231.9,6248.1
7.6764,232.12,6246.1
7.6766,232.3,6243.4
7.6768,232.37,6243.8
7.677,232.35,6247.6
7.6772,232.29,6250.8
7.6774,232.2,6250.5
7.6776,232.08,6248
7.6778,231.9,6245.3
7.678,231.8,6242.8
7.6782,231.85,6242.1
7.6784,231.97,6240.5
7.6786,232.05,6239.4
7.6788,232.11,6237.8
7.679,232.13,6236.9
7.6792,232.16,6235.2
7.6794,232.26,6232.3
7.6796,232.36,6231.6
7.6798,232.45,6233.1
7.68,232.46,6236.6
7.6802,232.34,6238.9
7.6804,232.1,6242.2
7.6806,231.88,6243.8
7.6808,231.77,6243.1
7.681,231.82,6241.7
7.6812,231.97,6240.6
7.6814,232.14,6240.2
7.6816,232.28,6239.5
7.6818,232.36,6239
7.682,232.4,6239.2
7.6822,232.45,6239.5
7.6824,232.5,6240
7.6826,232.52,6241.3
7.6828,232.47,6244.5
7.683,232.31,6247.6
7.6832,232.13,6247.5
7.6834,232.09,6245.3
7.6836,232.13,6241.5
7.6838,232.17,6240.7
7.684,232.16,6242.7
7.6842,232.12,6246.2
7.6844,232.07,6245.1
7.6846,232.09,6239
7.6848,232.17,6232.4
7.685,232.26,6229
7.6852,232.32,6229.3
7.6854,232.3,6234.2
7.6856,232.2,6240.1
7.6858,232.02,6243.4
7.686,231.83,6244.8
7.6862,231.77,6245.4
7.6864,231.88,6242.6
7.6866,232.04,6237
7.6868,232.14,6231.2
7.687,232.15,6229.2
7.6872,232.12,6233.8
7.6874,232.11,6244.7
7.6876,232.16,6252.3
7.6878,232.31,6252.4
7.688,232.46,6245.9
7.6882,232.5,6237.4
7.6884,232.41,6233.1
7.6886,232.23,6236.3
7.6888,232,6246.6
7.689,231.88,6255.5
7.6892,231.89,6256
7.6894,231.96,6249.9
7.6896,232.05,6242.4
7.6898,232.13,6237.7
7.69,232.15,6237.4
7.6902,232.16,6241.4
7.6904,232.19,6246.3
7.6906,232.25,6246.7
7.6908,232.3,6246.4
7.691,232.32,6245.3
7.6912,232.29,6243.6
7.6914,232.18,6243.1
7.6916,232.01,6243.6
7.6918,231.84,6242.7
7.692,231.72,6241.2
7.6922,231.67,6242.3
7.6924,231.69,6244.6
7.6926,231.76,6247.4
7.6928,231.9,6247.8
7.693,232.06,6245.4
7.6932,232.2,6240.9
7.6934,232.32,6239
7.6936,232.35,6242.2
7.6938,232.29,6249
7.694,232.17,6250.8
7.6942,232.01,6249.9
7.6944,231.9,6245.9
7.6946,231.89,6241.8
7.6948,231.88,6242.5
7.695,231.87,6248.2
7.6952,231.93,6253.6
7.6954,232.03,6254.1
7.6956,232.11,6248.8
7.6958,232.19,6242.7
7.696,232.3,6239.4
7.6962,232.35,6241.4
7.6964,232.33,6245.6
7.6966,232.26,6248.3
7.6968,232.15,6247.4
7.697,231.99,6244.5
7.6972,231.8,6242.2
7.6974,231.67,6242.1
7.6976,231.64,6242.8
7.6978,231.69,6241.6
7.698,231.78,6239
7.6982,231.93,6238.2
7.6984,232.04,6241.8
7.6986,232.09,6245.7
7.6988,232.14,6251.5
7.699,232.23,6254.1
7.6992,232.3,6251.1
7.6994,232.32,6247.6
7.6996,232.28,6247
7.6998,232.15,6248.2
7.7,231.97,6249.9
7.7002,231.82,6251.3
7.7004,231.71,6250
7.7006,231.7,6245.9
7.7008,231.79,6241.9
7.701,231.94,6241.6
7.7012,232.09,6245.6
7.7014,232.21,6251.1
7.7016,232.27,6255.3
7.7018,232.27,6253.9
7.702,232.28,6250.4
7.7022,232.22,6248.9
7.7024,232.1,6256.7
7.7026,231.99,6268.3
7.7028,231.94,6275.3
7.703,231.93,6276.3
7.7032,231.95,6273.5
7.7034,231.99,6268.6
7.7036,232.08,6264.3
7.7038,232.22,6263.9
7.704,232.36,6268.2
7.7042,232.49,6273.7
7.7044,232.61,6275.2
7.7046,232.67,6273.3
7.7048,232.69,6268.9
7.705,232.66,6266.1
7.7052,232.54,6265.6
7.7054,232.35,6266.7
7.7056,232.16,6267.6
7.7058,232.1,6267.2
7.706,232.13,6264.3
7.7062,232.18,6260.9
7.7064,232.23,6258.1
7.7066,232.28,6255.7
7.7068,232.35,6253.8
7.707,232.43,6253.6
7.7072,232.51,6253.3
7.7074,232.56,6252.4
7.7076,232.57,6252.4
7.7078,232.49,6254.3
7.708,232.33,6255.5
7.7082,232.14,6254.1
7.7084,231.95,6249.4
7.7086,231.77,6244.5
7.7088,231.65,6242.8
7.709,231.66,6244.8
7.7092,231.77,6248.3
7.7094,231.93,6248
7.7096,232.08,6243.3
7.7098,232.16,6237.9
7.71,232.18,6236.5
7.7102,232.15,6239.2
7.7104,232.15,6244.3
7.7106,232.17,6248.5
7.7108,232.18,6249.6
7.711,232.11,6246.4
7.7112,232.04,6241.7
7.7114,232.06,6239.1
7.7116,232.09,6238
7.7118,232.08,6238.9
7.712,232.1,6241.2
7.7122,232.15,6243.7
7.7124,232.25,6243.4
7.7126,232.41,6239.9
7.7128,232.57,6236.5
7.713,232.66,6236.6
7.7132,232.64,6238.8
7.7134,232.51,6241.2
7.7136,232.3,6241.7
7.7138,232.07,6242.6
7.714,231.91,6242.8
7.7142,231.91,6242.8
7.7144,231.96,6242.4
7.7146,232.03,6240.4
7.7148,232.08,6237.7
7.715,232.09,6235.9
7.7152,232.13,6237.1
7.7154,232.17,6240.5
7.7156,232.28,6244.5
7.7158,232.35,6245.5
7.716,232.34,6243.2
7.7162,232.28,6237.9
7.7164,232.1,6237.1
7.7166,231.89,6241.9
7.7168,231.81,6249.4
7.717,231.78,6253.2
7.7172,231.81,6254.8
7.7174,231.88,6251.9
7.7176,231.94,6247.1
7.7178,232.01,6247.8
7.718,232.19,6258.2
7.7182,232.41,6269.4
7.7184,232.58,6270.8
7.7186,232.7,6265.6
7.7188,232.73,6260.3
7.719,232.6,6260.3
7.7192,232.36,6265.6
7.7194,232.18,6273.3
7.7196,232.19,6276.8
7.7198,232.28,6272.3
7.72,232.38,6264.2
7.7202,232.47,6261.1
7.7204,232.54,6263.3
7.7206,232.65,6264.3
7.7208,232.74,6263.3
7.721,232.8,6261.3
7.7212,232.83,6262.5
7.7214,232.78,6265.4
7.7216,232.68,6270.2
7.7218,232.51,6274.7
7.722,232.33,6274.9
7.7222,232.19,6270.4
7.7224,232.07,6265.3
7.7226,231.97,6263.3
7.7228,231.92,6266.3
7.723,231.95,6270.7
7.7232,232.04,6271.3
7.7234,232.19,6266.8
7.7236,232.32,6259.5
7.7238,232.38,6254.1
7.724,232.39,6253.7
7.7242,232.35,6257.7
7.7244,232.29,6264.2
7.7246,232.24,6268.9
7.7248,232.14,6267.7
7.725,231.98,6262.5
7.7252,231.81,6257.7
7.7254,231.67,6253.5
7.7256,231.58,6252.2
7.7258,231.6,6253.8
7.726,231.71,6255.1
7.7262,231.86,6253.7
7.7264,232.04,6251.7
7.7266,232.18,6250
7.7268,232.2,6248.7
7.727,232.16,6249
7.7272,232.05,6251.1
7.7274,231.94,6250.7
7.7276,231.76,6248.1
7.7278,231.58,6244.6
7.728,231.44,6242.8
7.7282,231.37,6244.2
7.7284,231.36,6248.7
7.7286,231.43,6251.1
7.7288,231.54,6246.7
7.729,231.64,6237.9
7.7292,231.73,6231.9
7.7294,231.81,6230.7
7.7296,231.87,6235.9
7.7298,231.89,6244.2
7.73,231.85,6249.2
7.7302,231.74,6248.9
7.7304,231.55,6245.9
7.7306,231.39,6242.1
7.7308,231.25,6239.8
7.731,231.16,6241.9
7.7312,231.14,6247
7.7314,231.19,6249.4
7.7316,231.29,6243.8
7.7318,231.42,6236.4
7.732,231.54,6233.1
7.7322,231.61,6234.9
7.7324,231.58,6238.2
7.7326,231.52,6241.2
7.7328,231.44,6242.8
7.733,231.37,6242.5
7.7332,231.28,6246
7.7334,231.21,6250.5
7.7336,231.19,6250.7
7.7338,231.19,6248.1
7.734,231.18,6249.7
7.7342,231.19,6253.4
7.7344,231.22,6256.1
7.7346,231.35,6257
7.7348,231.54,6257.3
7.735,231.73,6255.6
7.7352,231.84,6255.2
7.7354,231.82,6256.5
7.7356,231.68,6257.6
7.7358,231.45,6258
7.736,231.28,6259.3
7.7362,231.15,6260.1
7.7364,231.06,6260.7
7.7366,231.02,6262.5
7.7368,231.09,6263.4
7.737,231.25,6261.5
7.7372,231.44,6260.1
7.7374,231.59,6262
7.7376,231.69,6265
7.7378,231.68,6268.3
7.738,231.65,6273.3
7.7382,231.65,6276.3
7.7384,231.64,6274.1
7.7386,231.6,6268.7
7.7388,231.59,6264.9
7.739,231.51,6263.5
7.7392,231.35,6265.3
7.7394,231.18,6268.6
7.7396,231.1,6270
7.7398,231.17,6268.5
7.74,231.36,6264.3
7.7402,231.63,6263.6
7.7404,231.84,6264.5
7.7406,231.92,6266.8
7.7408,231.86,6270.8
7.741,231.76,6273.6
7.7412,231.67,6274.7
7.7414,231.6,6272.6
7.7416,231.51,6268.7
7.7418,231.37,6266.4
7.742,231.31,6265.8
7.7422,231.31,6265.8
7.7424,231.38,6266.9
7.7426,231.52,6267.3
7.7428,231.62,6265.2
7.743,231.69,6260.6
7.7432,231.76,6257.9
7.7434,231.8,6258.2
7.7436,231.82,6260.4
7.7438,231.8,6264.5
7.744,231.78,6265.8
7.7442,231.68,6262.8
7.7444,231.53,6258
7.7446,231.47,6252.9
7.7448,231.38,6252.2
7.745,231.32,6255.4
7.7452,231.3,6260.6
7.7454,231.37,6262.4
7.7456,231.52,6258.8
7.7458,231.7,6252.4
7.746,231.85,6248.8
7.7462,231.93,6251.2
7.7464,231.95,6256.7
7.7466,231.87,6261.6
7.7468,231.74,6263.7
7.747,231.62,6261.9
7.7472,231.46,6259.3
7.7474,231.28,6259.2
7.7476,231.24,6260.4
7.7478,231.3,6262.1
7.748,231.43,6264.1
7.7482,231.6,6266.7
7.7484,231.75,6269.5
7.7486,231.83,6273.8
7.7488,231.89,6275.7
7.749,231.95,6272.8
7.7492,232.03,6269.2
7.7494,232.11,6267.1
7.7496,232.14,6269.7
7.7498,232.03,6274.8
7.75,231.79,6280.3
7.7502,231.6,6281.3
7.7504,231.52,6276.3
7.7506,231.5,6270.8
7.7508,231.57,6267.8
7.751,231.73,6269.3
7.7512,231.89,6272.8
7.7514,232.02,6279.8
7.7516,232.21,6284.1
7.7518,232.36,6280.9
7.752,232.29,6276.2
7.7522,232.11,6273.3
7.7524,231.9,6273.6
7.7526,231.66,6276.4
7.7528,231.46,6280.5
7.753,231.36,6281.5
7.7532,231.32,6275.4
7.7534,231.33,6269.1
7.7536,231.37,6265.4
7.7538,231.43,6263.9
7.754,231.48,6269.4
7.7542,231.59,6281.2
7.7544,231.77,6286
7.7546,231.88,6281.6
7.7548,231.87,6277
7.755,231.79,6275.4
7.7552,231.68,6272.8
7.7554,231.56,6272.3
7.7556,231.47,6274.5
7.7558,231.36,6276
7.756,231.26,6276.3
7.7562,231.18,6275.2
7.7564,231.17,6274.2
7.7566,231.22,6272.4
7.7568,231.36,6271.5
7.757,231.53,6272.5
7.7572,231.69,6273.3
7.7574,231.78,6274.9
7.7576,231.77,6274.9
7.7578,231.69,6274.1
7.758,231.54,6273
7.7582,231.36,6271.3
7.7584,231.19,6270.2
7.7586,231.04,6270
7.7588,230.95,6271.6
7.759,230.93,6272.7
7.7592,231,6272.6
7.7594,231.13,6272.5
7.7596,231.31,6271.5
7.7598,231.48,6269.3
7.76,231.6,6266.8
7.7602,231.62,6266.5
7.7604,231.55,6268.3
7.7606,231.43,6270.5
7.7608,231.33,6270.3
7.761,231.18,6267.4
7.7612,231.07,6263.8
7.7614,231.03,6261.4
7.7616,230.99,6261.9
7.7618,230.95,6263.1
7.762,230.96,6264.1
7.7622,231.06,6263.5
7.7624,231.24,6261
7.7626,231.42,6258.8
7.7628,231.57,6257.1
7.763,231.62,6258.5
7.7632,231.55,6262.7
7.7634,231.42,6266.4
7.7636,231.3,6269
7.7638,231.19,6271.7
7.764,231.08,6271.8
7.7642,231,6266.8
7.7644,230.94,6263.5
7.7646,230.9,6265.5
7.7648,230.92,6268.9
7.765,231.01,6270.9
7.7652,231.17,6273.2
7.7654,231.37,6273.6
7.7656,231.53,6269.5
7.7658,231.6,6265.5
7.766,231.57,6265.9
7.7662,231.45,6269.8
7.7664,231.27,6276
7.7666,231.09,6281
7.7668,231.03,6283.1
7.767,231.09,6279.6
7.7672,231.21,6273.3
7.7674,231.34,6264.7
7.7676,231.37,6258.9
7.7678,231.35,6258
7.768,231.33,6263.9
7.7682,231.39,6272
7.7684,231.53,6277.1
7.7686,231.67,6277
7.7688,231.68,6270.2
7.769,231.57,6266.6
7.7692,231.33,6270.7
7.7694,231.1,6276.8
7.7696,230.93,6278.9
7.7698,230.82,6277.9
7.77,230.79,6274.7
7.7702,230.83,6269.4
7.7704,230.99,6264.5
7.7706,231.15,6265.4
7.7708,231.26,6269.3
7.771,231.32,6271.4
7.7712,231.31,6270.1
7.7714,231.3,6268.4
7.7716,231.28,6266.7
7.7718,231.23,6264.5
7.772,231.14,6264.3
7.7722,231.07,6268.2
7.7724,230.98,6270.9
7.7726,230.87,6268.9
7.7728,230.78,6266.4
7.773,230.75,6264.7
7.7732,230.82,6263.6
7.7734,231.05,6262.7
7.7736,231.31,6261.6
7.7738,231.5,6259
7.774,231.55,6255.2
7.7742,231.47,6253.2
7.7744,231.3,6254.2
7.7746,231.12,6257.5
7.7748,230.96,6259.7
7.775,230.82,6258.7
7.7752,230.78,6253.4
7.7754,230.8,6250.7
7.7756,230.8,6252.8
7.7758,230.8,6256.4
7.776,230.83,6255.7
7.7762,230.91,6251.9
7.7764,231.05,6246.3
7.7766,231.2,6243.7
7.7768,231.3,6245.4
7.777,231.34,6248.6
7.7772,231.3,6250
7.7774,231.17,6250
7.7776,231.01,6247.9
7.7778,230.88,6243.3
7.778,230.73,6238.9
7.7782,230.61,6241.1
7.7784,230.54,6246.3
7.7786,230.56,6247.8
7.7788,230.71,6244.8
7.779,230.93,6239.6
7.7792,231.13,6235.2
7.7794,231.24,6233
7.7796,231.23,6235.4
7.7798,231.17,6240.6
7.78,231.1,6243.9
7.7802,230.98,6244.3
7.7804,230.85,6244.6
7.7806,230.79,6246
7.7808,230.74,6246
7.781,230.73,6244.4
7.7812,230.77,6245.2
7.7814,230.83,6247.1
7.7816,230.91,6249
7.7818,231.05,6251.6
7.782,231.2,6256.6
7.7822,231.37,6258.1
7.7824,231.5,6256
7.7826,231.52,6252.9
7.7828,231.42,6251.4
7.783,231.24,6251.1
7.7832,231.04,6255.6
7.7834,230.98,6263.1
7.7836,231.05,6267.3
7.7838,231.11,6267
7.784,231.16,6266.5
7.7842,231.2,6265.1
7.7844,231.24,6261
7.7846,231.32,6258.5
7.7848,231.43,6261.9
7.785,231.5,6269.2
7.7852,231.62,6275.7
7.7854,231.7,6278.7
7.7856,231.69,6278.6
7.7858,231.59,6279.2
7.786,231.46,6278.9
7.7862,231.34,6278.5
7.7864,231.31,6278.8
7.7866,231.33,6276.4
7.7868,231.38,6274.9
7.787,231.44,6276.6
7.7872,231.49,6279.8
7.7874,231.51,6282.1
7.7876,231.54,6284.4
7.7878,231.6,6285.7
7.788,231.7,6284.6
7.7882,231.77,6281.2
7.7884,231.81,6282.2
7.7886,231.77,6283.9
7.7888,231.61,6283.3
7.789,231.42,6282
7.7892,231.29,6281.8
7.7894,231.25,6282.2
7.7896,231.32,6281.5
7.7898,231.45,6279.8
7.79,231.58,6277.8
7.7902,231.68,6275
7.7904,231.73,6274.9
7.7906,231.78,6276
7.7908,231.85,6277.8
7.791,231.87,6277.6
7.7912,231.85,6277.8
7.7914,231.73,6277.9
7.7916,231.62,6275.5
7.7918,231.5,6272
7.792,231.4,6270.6
7.7922,231.34,6271.1
7.7924,231.37,6271.4
7.7926,231.48,6271.2
7.7928,231.64,6269.7
7.793,231.84,6267.6
7.7932,231.98,6267.8
7.7934,232.03,6269
7.7936,232,6270.1
7.7938,231.92,6271.6
7.794,231.83,6271.1
7.7942,231.75,6268.3
7.7944,231.64,6266.6
7.7946,231.47,6267.9
7.7948,231.31,6270.5
7.795,231.22,6272.4
7.7952,231.22,6272.2
7.7954,231.31,6270.2
7.7956,231.5,6267.2
7.7958,231.7,6264.4
7.796,231.82,6262.7
7.7962,231.9,6262.5
7.7964,231.88,6264.2
7.7966,231.78,6268.4
7.7968,231.68,6271
7.797,231.59,6272.4
7.7972,231.46,6275.5
7.7974,231.34,6277.5
7.7976,231.27,6277.1
7.7978,231.23,6274.5
7.798,231.26,6269.3
7.7982,231.36,6265.6
7.7984,231.46,6268.2
7.7986,231.52,6275
7.7988,231.56,6279.4
7.799,231.63,6277.4
7.7992,231.68,6273.8
7.7994,231.68,6269.6
7.7996,231.63,6266.9
7.7998,231.48,6270.6
7.8,231.32,6277.6
7.8002,231.22,6279.2
7.8004,231.16,6274.5
7.8006,231.12,6272
7.8008,231.16,6273.2
7.801,231.28,6275.8
7.8012,231.43,6278.6
7.8014,231.58,6277.1
7.8016,231.69,6272
7.8018,231.74,6270
7.802,231.73,6275.2
7.8022,231.66,6281.9
7.8024,231.55,6285.3
7.8026,231.43,6284.9
7.8028,231.36,6280.2
7.803,231.36,6274.6
7.8032,231.29,6274.7
7.8034,231.18,6279.5
7.8036,231.16,6283.4
7.8038,231.25,6285.5
7.804,231.44,6287.1
7.8042,231.65,6287.1
7.8044,231.82,6286.4
7.8046,231.9,6288.5
7.8048,231.95,6293.9
7.805,231.92,6296.2
7.8052,231.82,6295
7.8054,231.71,6294.1
7.8056,231.65,6292.3
7.8058,231.63,6292.6
7.806,231.65,6295.2
7.8062,231.69,6298.4
7.8064,231.75,6299.1
7.8066,231.88,6296.9
7.8068,232.01,6292.6
7.807,232.15,6291
7.8072,232.26,6294.3
7.8074,232.36,6300.1
7.8076,232.37,6305.2
7.8078,232.31,6306.5
7.808,232.23,6303.6
7.8082,232.12,6297.9
7.8084,231.99,6293.9
7.8086,231.87,6293.7
7.8088,231.78,6297.6
7.809,231.78,6302.8
7.8092,231.91,6304.4
7.8094,232.12,6299.7
7.8096,232.31,6293.6
7.8098,232.48,6290.5
7.81,232.58,6293.2
7.8102,232.6,6299.3
7.8104,232.55,6302.7
7.8106,232.46,6299.5
7.8108,232.31,6294.1
7.811,232.09,6291.6
7.8112,231.86,6291.5
7.8114,231.73,6292.8
7.8116,231.73,6296
7.8118,231.8,6297
7.812,231.95,6292.9
7.8122,232.14,6287.2
7.8124,232.27,6283.6
7.8126,232.32,6282.1
7.8128,232.32,6283.9
7.813,232.31,6286.3
7.8132,232.27,6286.8
7.8134,232.2,6285.7
7.8136,232.11,6285.1
7.8138,231.99,6284.3
7.814,231.85,6283.8
7.8142,231.73,6284.5
7.8144,231.69,6286.3
7.8146,231.76,6286.6
7.8148,231.86,6286.9
7.815,232.03,6289.3
7.8152,232.22,6293.9
7.8154,232.4,6295
7.8156,232.53,6294.8
7.8158,232.56,6291.5
7.816,232.48,6288.9
7.8162,232.33,6289.1
7.8164,232.17,6292.3
7.8166,232.03,6298.2
7.8168,232.06,6303.9
7.817,232.19,6305.4
7.8172,232.26,6299.4
7.8174,232.24,6290
7.8176,232.23,6283.2
7.8178,232.23,6282.6
7.818,232.3,6289.2
7.8182,232.45,6298.4
7.8184,232.63,6302.7
7.8186,232.75,6296
7.8188,232.73,6287.6
7.819,232.61,6283.1
7.8192,232.44,6282.6
7.8194,232.22,6283.7
7.8196,232.01,6284.3
7.8198,231.9,6284.4
7.82,231.93,6284
7.8202,232.02,6284.4
7.8204,232.14,6289.8
7.8206,232.32,6294.2
7.8208,232.47,6292.8
7.821,232.5,6289.9
7.8212,232.53,6287.4
7.8214,232.54,6285.7
7.8216,232.51,6286.9
7.8218,232.43,6291.2
7.822,232.3,6292.7
7.8222,232.09,6288.9
7.8224,231.9,6284.2
7.8226,231.77,6280.8
7.8228,231.71,6280.6
7.823,231.78,6283.7
7.8232,231.93,6287.1
7.8234,232.1,6285.8
7.8236,232.26,6282.2
7.8238,232.34,6280.9
7.824,232.36,6281.5
7.8242,232.34,6282.3
7.8244,232.32,6283.8
7.8246,232.26,6284.6
7.8248,232.14,6283.2
7.825,232.03,6281
7.8252,231.98,6277.6
7.8254,231.94,6274.3
7.8256,231.87,6273.6
7.8258,231.86,6275.2
7.826,231.93,6276.1
7.8262,232.07,6274.3
7.8264,232.24,6271.2
7.8266,232.39,6268.6
7.8268,232.46,6266.7
7.827,232.42,6268.2
7.8272,232.3,6272.5
7.8274,232.13,6275.4
7.8276,231.96,6274.3
7.8278,231.82,6271.1
7.828,231.67,6267.9
7.8282,231.58,6267.2
7.8284,231.58,6269.8
7.8286,231.67,6271.7
7.8288,231.84,6271.3
7.829,232.01,6268.3
7.8292,232.14,6265.1
7.8294,232.24,6262.8
7.8296,232.27,6263.2
7.8298,232.25,6266.8
7.83,232.19,6270.1
7.8302,232.09,6270.4
7.8304,231.95,6268.4
7.8306,231.82,6266.3
7.8308,231.72,6267.9
7.831,231.69,6272.3
7.8312,231.69,6275
7.8314,231.75,6273.7
7.8316,231.88,6271.2
7.8318,232.03,6268.3
7.832,232.17,6266.2
7.8322,232.24,6265.1
7.8324,232.26,6268.5
7.8326,232.22,6275.6
7.8328,232.15,6281.5
7.833,232.07,6281.4
7.8332,231.93,6279.4
7.8334,231.81,6275.7
7.8336,231.7,6271.7
7.8338,231.62,6271.5
7.834,231.61,6272.9
7.8342,231.68,6273.6
7.8344,231.84,6273.4
7.8346,232.02,6274.4
7.8348,232.17,6274.2
7.835,232.27,6272.6
7.8352,232.31,6269.5
7.8354,232.28,6266.3
7.8356,232.16,6264.5
7.8358,232.02,6265.9
7.836,231.85,6268.5
7.8362,231.74,6269.8
7.8364,231.65,6268.7
7.8366,231.57,6265.8
7.8368,231.54,6264.3
7.837,231.62,6264.2
7.8372,231.79,6263
7.8374,231.99,6260.7
7.8376,232.15,6260.8
7.8378,232.23,6265.6
7.838,232.24,6270.5
7.8382,232.18,6272.6
7.8384,232.09,6270.9
7.8386,231.97,6267
7.8388,231.83,6263.5
7.839,231.66,6263.2
7.8392,231.51,6266.3
7.8394,231.43,6269.2
7.8396,231.44,6269.5
7.8398,231.55,6265.8
7.84,231.73,6259.9
7.8402,231.89,6254.7
7.8404,232.01,6252.8
7.8406,232.04,6254.7
7.8408,232,6258.7
7.841,231.98,6262.6
7.8412,231.94,6263.7
7.8414,231.89,6261.8
7.8416,231.78,6258.3
7.8418,231.67,6254.5
7.842,231.61,6252.4
7.8422,231.6,6252.9
7.8424,231.63,6255.2
7.8426,231.72,6255.7
7.8428,231.84,6254.5
7.843,231.96,6251.6
7.8432,232.09,6248.1
7.8434,232.16,6245
7.8436,232.17,6244.9
7.8438,232.12,6245
7.844,232.04,6245.1
7.8442,231.9,6243.5
7.8444,231.71,6242.3
7.8446,231.55,6242.5
7.8448,231.45,6244
7.845,231.43,6246.1
7.8452,231.52,6245.4
7.8454,231.68,6242.2
7.8456,231.84,6239.2
7.8458,231.97,6239
7.846,232.02,6239.5
7.8462,232.02,6240.8
7.8464,232.02,6241.4
7.8466,232.03,6242
7.8468,232.02,6240.8
7.847,231.96,6240.1
7.8472,231.81,6238.7
7.8474,231.62,6236.4
7.8476,231.46,6235
7.8478,231.36,6237.2
7.848,231.33,6239.8
7.8482,231.39,6241.4
7.8484,231.55,6241.3
7.8486,231.78,6239.9
7.8488,232.03,6238.5
7.849,232.22,6239.7
7.8492,232.26,6244.7
7.8494,232.18,6248.7
7.8496,232.01,6249.8
7.8498,231.82,6248.4
7.85,231.66,6246.9
7.8502,231.63,6248.3
7.8504,231.64,6251.6
7.8506,231.66,6252.9
7.8508,231.69,6250.5
7.851,231.75,6247.9
7.8512,231.81,6247.5
7.8514,231.88,6248.6
7.8516,231.99,6250.5
7.8518,232.1,6252
7.852,232.13,6252.8
7.8522,232.06,6251.1
7.8524,231.94,6249.8
7.8526,231.77,6253.3
7.8528,231.68,6260.9
7.853,231.65,6266.4
7.8532,231.74,6266.5
7.8534,231.84,6261.4
7.8536,231.87,6255.3
7.8538,231.89,6251.6
7.854,231.99,6254.7
7.8542,232.16,6260.3
7.8544,232.37,6263
7.8546,232.56,6261
7.8548,232.61,6257.2
7.855,232.47,6254.2
7.8552,232.18,6253.2
7.8554,231.95,6253.5
7.8556,231.85,6253
7.8558,231.82,6252.2
7.856,231.81,6253.2
7.8562,231.8,6254
7.8564,231.78,6253.1
7.8566,231.83,6252.6
7.8568,231.95,6249.8
7.857,232.13,6248.2
7.8572,232.3,6247.6
7.8574,232.42,6250
7.8576,232.45,6251.3
7.8578,232.37,6252
7.858,232.2,6251.3
7.8582,232.02,6247.8
7.8584,231.84,6242.5
7.8586,231.7,6239.1
7.8588,231.59,6240.3
7.859,231.54,6242.3
7.8592,231.61,6240.4
7.8594,231.72,6237.8
7.8596,231.86,6233.5
7.8598,231.99,6228.8
7.86,232.07,6227.2
7.8602,232.08,6229.5
7.8604,232.02,6234.7
7.8606,231.94,6237.3
7.8608,231.81,6235.6
7.861,231.74,6231.5
7.8612,231.73,6226.1
7.8614,231.72,6223.4
7.8616,231.68,6223.9
7.8618,231.63,6225.5
7.862,231.61,6226.7
7.8622,231.68,6226.8
7.8624,231.84,6224.1
7.8626,232.02,6220.7
7.8628,232.14,6218.4
7.863,232.14,6219.6
7.8632,232.04,6221.8
7.8634,231.89,6223.4
7.8636,231.76,6225.8
7.8638,231.66,6229.3
7.864,231.54,6229.9
7.8642,231.37,6228.5
7.8644,231.26,6228.4
7.8646,231.23,6229.2
7.8648,231.31,6229
7.865,231.49,6229.7
7.8652,231.71,6233.4
7.8654,231.87,6236.4
7.8656,231.94,6234.2
7.8658,231.95,6229.9
7.866,231.92,6226.4
7.8662,231.88,6225.3
7.8664,231.82,6226.7
7.8666,231.69,6231.9
7.8668,231.48,6234.6
7.867,231.29,6234
7.8672,231.16,6230.6
7.8674,231.15,6228.3
7.8676,231.27,6227.3
7.8678,231.47,6226
7.868,231.63,6226.5
7.8682,231.76,6229.4
7.8684,231.82,6232.8
7.8686,231.79,6234.7
7.8688,231.71,6235
7.869,231.59,6235.7
7.8692,231.45,6237.3
7.8694,231.38,6236.3
7.8696,231.38,6234.2
7.8698,231.39,6232.9
7.87,231.37,6233.7
7.8702,231.35,6237.7
7.8704,231.38,6240.8
7.8706,231.52,6244.4
7.8708,231.69,6247.8
7.871,231.82,6245.8
7.8712,231.86,6242.6
7.8714,231.79,6242.1
7.8716,231.67,6243.4
7.8718,231.55,6245.6
7.872,231.44,6249.3
7.8722,231.36,6251
7.8724,231.29,6250.4
7.8726,231.22,6248.6
7.8728,231.15,6248.2
7.873,231.13,6250.5
7.8732,231.24,6252.8
7.8734,231.44,6252.3
7.8736,231.69,6249.5
7.8738,231.87,6246.2
7.874,231.93,6245.6
7.8742,231.84,6247.1
7.8744,231.68,6248.7
7.8746,231.54,6249.5
7.8748,231.44,6248.8
7.875,231.34,6247.7
7.8752,231.23,6246.8
7.8754,231.16,6248.6
7.8756,231.15,6250.9
7.8758,231.18,6250.2
7.876,231.26,6248.1
7.8762,231.42,6244.9
7.8764,231.61,6242.2
7.8766,231.75,6242.2
7.8768,231.83,6244
7.877,231.81,6245.6
7.8772,231.71,6245.9
7.8774,231.61,6244.3
7.8776,231.47,6241.5
7.8778,231.34,6239.6
7.878,231.28,6240.9
7.8782,231.25,6245
7.8784,231.31,6248.1
7.8786,231.42,6248
7.8788,231.57,6244.7
7.879,231.73,6241.7
7.8792,231.87,6239.3
7.8794,231.95,6240
7.8796,231.97,6243.2
7.8798,231.97,6246.4
7.88,231.98,6247.4
7.8802,231.97,6247.8
7.8804,231.88,6248.2
7.8806,231.72,6247.5
7.8808,231.63,6247
7.881,231.62,6246.3
7.8812,231.64,6244.7
7.8814,231.67,6244.2
7.8816,231.73,6245
7.8818,231.83,6246.5
7.882,231.96,6249.9
7.8822,232.1,6253.1
7.8824,232.21,6254
7.8826,232.22,6253
7.8828,232.14,6254.3
7.883,232.02,6256.1
7.8832,231.87,6259.3
7.8834,231.69,6260.7
7.8836,231.53,6258.4
7.8838,231.42,6254
7.884,231.42,6252.2
7.8842,231.56,6253.7
7.8844,231.76,6255.4
7.8846,231.91,6257.7
7.8848,232.04,6261.8
7.885,232.15,6265.1
7.8852,232.13,6263.3
7.8854,232.08,6258.3
7.8856,232.01,6255.6
7.8858,231.89,6258.6
7.886,231.77,6263.6
7.8862,231.7,6270.7
7.8864,231.73,6276.7
7.8866,231.81,6276.1
7.8868,231.81,6269.2
7.887,231.79,6263.3
7.8872,231.89,6263.6
7.8874,232.01,6269.2
7.8876,232.14,6279.5
7.8878,232.29,6286.4
7.888,232.39,6284.8
7.8882,232.4,6279.6
7.8884,232.33,6275.2
7.8886,232.13,6274.4
7.8888,231.87,6278.4
7.889,231.71,6282.1
7.8892,231.66,6283
7.8894,231.68,6281.5
7.8896,231.75,6281
7.8898,231.83,6280.1
7.89,231.89,6278.8
7.8902,231.97,6276.5
7.8904,232.07,6274.3
7.8906,232.18,6273.5
7.8908,232.25,6276
7.891,232.26,6279.9
7.8912,232.19,6282.9
7.8914,232.07,6281.9
7.8916,231.9,6278.1
7.8918,231.74,6275.1
7.892,231.63,6272.7
7.8922,231.59,6272.8
7.8924,231.63,6274.1
7.8926,231.71,6275.1
7.8928,231.84,6274.4
7.893,231.98,6270.3
7.8932,232.05,6265.8
7.8934,232.08,6262.4
7.8936,232.08,6263.3
7.8938,232.04,6267.1
7.894,231.98,6270.5
7.8942,231.89,6270.8
7.8944,231.78,6268.6
7.8946,231.68,6266.5
7.8948,231.61,6265
7.895,231.59,6265.1
7.8952,231.64,6266.5
7.8954,231.77,6267.2
7.8956,231.95,6267.1
7.8958,232.12,6266.2
7.896,232.25,6266
7.8962,232.31,6266.6
7.8964,232.3,6268.7
7.8966,232.25,6270.5
7.8968,232.17,6270.7
7.897,232.06,6269.3
7.8972,231.9,6269.1
7.8974,231.75,6270
7.8976,231.71,6270.5
7.8978,231.77,6272.6
7.898,231.92,6273
7.8982,232.04,6273.1
7.8984,232.07,6274.4
7.8986,232.06,6276.5
7.8988,232.07,6278.1
7.899,232.16,6278.2
7.8992,232.32,6281.1
7.8994,232.43,6286
7.8996,232.42,6288.8
7.8998,232.26,6288.2
7.9,232.08,6286.1
7.9002,231.95,6283.6
7.9004,231.88,6281
7.9006,231.9,6279.9
7.9008,231.97,6278.9
7.901,232.07,6279.3
7.9012,232.17,6284.4
7.9014,232.25,6288.8
7.9016,232.32,6287.5
7.9018,232.4,6283.2
7.902,232.47,6280
7.9022,232.45,6277.3
7.9024,232.35,6279.1
7.9026,232.2,6286.4
7.9028,232.08,6295.6
7.903,232.06,6298.1
7.9032,232.15,6293.3
7.9034,232.3,6285.3
7.9036,232.44,6278.4
7.9038,232.49,6279
7.904,232.54,6287.5
7.9042,232.71,6295.1
7.9044,232.84,6296.4
7.9046,232.92,6293.2
7.9048,232.97,6289.6
7.905,232.89,6287.1
7.9052,232.72,6287.6
7.9054,232.52,6289.5
7.9056,232.38,6291
7.9058,232.29,6290.7
7.906,232.24,6290.9
7.9062,232.25,6290
7.9064,232.34,6288.8
7.9066,232.48,6288.7
7.9068,232.67,6287.8
7.907,232.8,6285.9
7.9072,232.88,6284.8
7.9074,232.86,6286.4
7.9076,232.79,6289
7.9078,232.71,6291.5
7.908,232.59,6292.4
7.9082,232.47,6289.2
7.9084,232.37,6283.4
7.9086,232.27,6279.4
7.9088,232.19,6280.8
7.909,232.17,6285.9
7.9092,232.21,6287.4
7.9094,232.32,6284.8
7.9096,232.48,6280.4
7.9098,232.63,6277.9
7.91,232.73,6277.4
7.9102,232.75,6281
7.9104,232.68,6285.6
7.9106,232.59,6287.3
7.9108,232.49,6285.2
7.911,232.38,6281.4
7.9112,232.35,6278.8
7.9114,232.33,6277.9
7.9116,232.32,6280.4
7.9118,232.34,6283
7.912,232.45,6284.9
7.9122,232.66,6282.3
7.9124,232.88,6277.4
7.9126,233.01,6273.5
7.9128,233.07,6271.6
7.913,233.04,6273.8
7.9132,232.97,6278.2
7.9134,232.87,6279.5
7.9136,232.72,6276.5
7.9138,232.59,6272.2
7.914,232.47,6270.4
7.9142,232.35,6270.9
7.9144,232.27,6274.3
7.9146,232.28,6277.3
7.9148,232.37,6277
7.915,232.52,6272.7
7.9152,232.67,6270.9
7.9154,232.79,6273.1
7.9156,232.85,6276.8
7.9158,232.86,6280.6
7.916,232.85,6281.2
7.9162,232.79,6279.9
7.9164,232.73,6277.9
7.9166,232.58,6276.6
7.9168,232.44,6276.8
7.917,232.4,6278.7
7.9172,232.4,6278.5
7.9174,232.42,6274.2
7.9176,232.46,6268.9
7.9178,232.51,6266.8
7.918,232.56,6269.8
7.9182,232.64,6275.5
7.9184,232.73,6279.6
7.9186,232.78,6281.5
7.9188,232.75,6280.6
7.919,232.68,6278.2
7.9192,232.55,6277.2
7.9194,232.4,6281.4
7.9196,232.37,6288.4
7.9198,232.46,6293.2
7.92,232.59,6293.7
7.9202,232.69,6290.6
7.9204,232.77,6285.6
7.9206,232.82,6282.9
7.9208,232.87,6283.1
7.921,232.97,6287.9
7.9212,233.12,6291.6
7.9214,233.25,6293.5
7.9216,233.27,6290.7
7.9218,233.17,6286.7
7.922,232.95,6283.1
7.9222,232.78,6282.9
7.9224,232.7,6285.5
7.9226,232.67,6286.6
7.9228,232.69,6285.2
7.923,232.72,6282.8
7.9232,232.79,6278.6
7.9234,232.86,6276.1
7.9236,232.93,6275.4
7.9238,233.04,6276.9
7.924,233.13,6279.3
7.9242,233.19,6282.1
7.9244,233.18,6283.2
7.9246,233.08,6281.7
7.9248,232.94,6277.8
7.925,232.88,6275.6
7.9252,232.87,6274.7
7.9254,232.86,6275.5
7.9256,232.82,6275.5
7.9258,232.77,6273.4
7.926,232.73,6269.1
7.9262,232.79,6265.2
7.9264,232.92,6262.1
7.9266,233.05,6261.9
7.9268,233.16,6262.4
7.927,233.23,6262.3
7.9272,233.21,6260.3
7.9274,233.07,6258.5
7.9276,232.81,6255.7
7.9278,232.6,6252.8
7.928,232.49,6254.2
7.9282,232.48,6257.9
7.9284,232.57,6261.1
7.9286,232.74,6261.2
7.9288,232.92,6258.6
7.929,233.06,6253.7
7.9292,233.15,6250
7.9294,233.2,6249.1
7.9296,233.2,6249.3
7.9298,233.15,6250.6
7.93,233.06,6252.3
7.9302,232.95,6251.6
7.9304,232.82,6249.7
7.9306,232.7,6248.8
7.9308,232.67,6248.4
7.931,232.66,6249.5
7.9312,232.69,6250.2
7.9314,232.75,6248.2
7.9316,232.85,6245.6
7.9318,232.98,6245.9
7.932,233.17,6250.5
7.9322,233.35,6254.9
7.9324,233.43,6254.5
7.9326,233.44,6251.6
7.9328,233.33,6248.5
7.933,233.12,6244.5
7.9332,232.89,6244
7.9334,232.71,6247.2
7.9336,232.63,6248.9
7.9338,232.63,6249.2
7.934,232.68,6249
7.9342,232.77,6246.6
7.9344,232.87,6243.9
7.9346,232.98,6244.1
7.9348,233.1,6251.1
7.935,233.19,6255.9
7.9352,233.22,6254.5
7.9354,233.21,6252.4
7.9356,233.15,6252.7
7.9358,233.04,6253.9
7.936,232.87,6257.4
7.9362,232.71,6261.3
7.9364,232.66,6260.1
7.9366,232.64,6254.4
7.9368,232.63,6250.6
7.937,232.66,6247.8
7.9372,232.73,6247.4
7.9374,232.83,6250.8
7.9376,232.99,6259.5
7.9378,233.19,6266.7
7.938,233.27,6269.9
7.9382,233.28,6268.1
7.9384,233.26,6264.4
7.9386,233.14,6262.3
7.9388,232.98,6264
7.939,232.87,6268.3
7.9392,232.84,6269.8
7.9394,232.83,6268.3
7.9396,232.86,6265.1
7.9398,232.96,6259.8
7.94,233.06,6256.3
7.9402,233.13,6257.6
7.9404,233.21,6259
7.9406,233.23,6260
7.9408,233.24,6261.9
7.941,233.25,6263.5
7.9412,233.21,6261.6
7.9414,233.1,6256.6
7.9416,232.9,6252.2
7.9418,232.74,6251.2
7.942,232.64,6254.9
7.9422,232.66,6261.3
7.9424,232.81,6264
7.9426,233.03,6258.5
7.9428,233.24,6249.8
7.943,233.36,6243
7.9432,233.36,6240.4
7.9434,233.28,6243.1
7.9436,233.23,6247.7
7.9438,233.22,6252.1
7.944,233.21,6251.8
7.9442,233.14,6248.4
7.9444,233,6245
7.9446,232.91,6241.9
7.9448,232.84,6240
7.945,232.76,6240.5
7.9452,232.75,6245.7
7.9454,232.88,6249.4
7.9456,233.08,6247.2
7.9458,233.25,6241.5
7.946,233.39,6236.9
7.9462,233.47,6235.3
7.9464,233.45,6237.1
7.9466,233.33,6240.6
7.9468,233.2,6245.8
7.947,233.08,6246.8
7.9472,232.92,6244.7
7.9474,232.76,6242.3
7.9476,232.68,6239.6
7.9478,232.69,6237
7.948,232.76,6236.9
7.9482,232.89,6239.7
7.9484,233.02,6244.6
7.9486,233.14,6249
7.9488,233.26,6249.4
7.949,233.41,6247.3
7.9492,233.53,6246.3
7.9494,233.56,6247.9
7.9496,233.49,6249.4
7.9498,233.34,6252.5
7.95,233.13,6255.3
7.9502,233.05,6253.6
7.9504,233.07,6247.6
7.9506,233.1,6243.4
7.9508,233.14,6243.5
7.951,233.2,6249.5
7.9512,233.3,6254.3
7.9514,233.43,6254.1
7.9516,233.55,6250.7
7.9518,233.69,6246.4
7.952,233.7,6243.6
7.9522,233.58,6243.2
7.9524,233.36,6248.1
7.9526,233.12,6253.8
7.9528,232.89,6258.6
7.953,232.79,6261
7.9532,232.84,6258.1
7.9534,232.96,6252.5
7.9536,233.09,6248.9
7.9538,233.23,6248.9
7.954,233.33,6251.7
7.9542,233.41,6253.8
7.9544,233.49,6254.2
7.9546,233.53,6254.9
7.9548,233.54,6255.7
7.955,233.5,6256.8
7.9552,233.38,6257.3
7.9554,233.21,6257.1
7.9556,233,6257.4
7.9558,232.82,6256.2
7.956,232.62,6253.9
7.9562,232.48,6251.4
7.9564,232.5,6249.6
7.9566,232.65,6248.4
7.9568,232.86,6246.9
7.957,233.03,6244.6
7.9572,233.09,6241.8
7.9574,233.04,6240.9
7.9576,232.93,6239.6
7.9578,232.8,6239.6
7.958,232.68,6240.2
7.9582,232.58,6238.5
7.9584,232.53,6235.9
7.9586,232.46,6234.9
7.9588,232.39,6235.3
7.959,232.36,6235.2
7.9592,232.39,6234.2
7.9594,232.51,6232.9
7.9596,232.7,6232.1
7.9598,232.88,6230.6
7.96,232.97,6229.8
7.9602,232.97,6230.8
7.9604,232.93,6232.9
7.9606,232.86,6233.9
7.9608,232.77,6233.5
7.961,232.64,6232.6
7.9612,232.47,6231.5
7.9614,232.3,6231.7
7.9616,232.22,6232.8
7.9618,232.24,6234
7.962,232.32,6234.2
7.9622,232.48,6233.5
7.9624,232.65,6230.5
7.9626,232.76,6227.4
7.9628,232.81,6226.8
7.963,232.79,6229.6
7.9632,232.73,6234
7.9634,232.65,6237.3
7.9636,232.56,6237.1
7.9638,232.42,6234.4
7.964,232.25,6231.2
7.9642,232.04,6230.3
7.9644,231.87,6231.2
7.9646,231.8,6233
7.9648,231.84,6232.5
7.965,231.97,6230.3
7.9652,232.14,6229.5
7.9654,232.26,6229.4
7.9656,232.3,6230
7.9658,232.27,6232.1
7.966,232.23,6235.8
7.9662,232.21,6239.1
7.9664,232.19,6240.1
7.9666,232.17,6240.8
7.9668,232.21,6242.7
7.967,232.21,6243.2
7.9672,232.19,6241.1
7.9674,232.17,6239.5
7.9676,232.22,6237.4
7.9678,232.31,6237
7.968,232.45,6240
7.9682,232.59,6246
7.9684,232.73,6249.2
7.9686,232.83,6247.1
7.9688,232.82,6243.2
7.969,232.64,6240.5
7.9692,232.37,6239.4
7.9694,232.23,6240
7.9696,232.17,6242
7.9698,232.13,6244.5
7.97,232.12,6245.7
7.9702,232.1,6245.5
7.9704,232.12,6243.8
7.9706,232.2,6241.3
7.9708,232.35,6238.8
7.971,232.5,6239.2
7.9712,232.61,6241.5
7.9714,232.64,6245.9
7.9716,232.57,6249.6
7.9718,232.47,6250.4
7.972,232.35,6247.9
7.9722,232.25,6243.8
7.9724,232.17,6240.1
7.9726,232.12,6241.4
7.9728,232.11,6245.3
7.973,232.14,6251
7.9732,232.19,6252.9
7.9734,232.26,6248.5
7.9736,232.33,6240.1
7.9738,232.41,6234.6
7.974,232.49,6235.1
7.9742,232.53,6239.8
7.9744,232.5,6245.2
7.9746,232.39,6244.6
7.9748,232.22,6241.6
7.975,232.04,6238.4
7.9752,231.91,6238.6
7.9754,231.87,6239.7
7.9756,231.94,6240.7
7.9758,232.05,6240.6
7.976,232.18,6240.1
7.9762,232.26,6237.8
7.9764,232.27,6235.6
7.9766,232.31,6235.4
7.9768,232.36,6237.4
7.977,232.42,6240.4
7.9772,232.45,6242.9
7.9774,232.4,6241.7
7.9776,232.28,6238.4
7.9778,232.17,6234.9
7.978,232.09,6233.4
7.9782,231.98,6234.5
7.9784,231.9,6236.3
7.9786,231.92,6237.3
7.9788,232.04,6235.6
7.979,232.22,6234.2
7.9792,232.38,6233.7
7.9794,232.46,6233.8
7.9796,232.45,6233.5
7.9798,232.39,6234.2
7.98,232.31,6236.3
7.9802,232.25,6237.3
7.9804,232.19,6236.6
7.9806,232.09,6235.4
7.9808,231.99,6232.6
7.981,231.89,6228.7
7.9812,231.84,6227.9
7.9814,231.86,6230.3
7.9816,231.95,6234.3
7.9818,232.1,6239.5
7.982,232.31,6242.7
7.9822,232.5,6241.7
7.9824,232.6,6238.3
7.9826,232.61,6236.2
7.9828,232.51,6237.5
7.983,232.34,6239.2
7.9832,232.15,6239.5
7.9834,232.01,6239.3
7.9836,231.95,6241.6
7.9838,231.99,6244.5
7.984,232.1,6245.4
7.9842,232.21,6243.4
7.9844,232.31,6241
7.9846,232.38,6241.7
7.9848,232.39,6244.3
7.985,232.49,6247.1
7.9852,232.64,6246.7
7.9854,232.75,6244.5
7.9856,232.75,6242.2
7.9858,232.59,6242.1
7.986,232.29,6243.9
7.9862,232.09,6246.4
7.9864,232.06,6247.6
7.9866,232.14,6247
7.9868,232.24,6247.1
7.987,232.31,6249.8
7.9872,232.34,6255.6
7.9874,232.44,6262
7.9876,232.58,6266
7.9878,232.79,6264.8
7.988,233.02,6261.8
7.9882,233.17,6262.8
7.9884,233.11,6268.6
7.9886,232.87,6275.1
7.9888,232.68,6277.2
7.989,232.63,6276.2
7.9892,232.67,6271.4
7.9894,232.75,6265.4
7.9896,232.82,6261.9
7.9898,232.88,6262.9
7.99,232.93,6264.6
7.9902,232.99,6265.3
7.9904,233.07,6263.1
7.9906,233.14,6259.7
7.9908,233.15,6257.6
7.991,233.09,6259.5
7.9912,232.94,6262.8
7.9914,232.77,6264.8
7.9916,232.6,6263.8
7.9918,232.43,6261
7.992,232.24,6259
7.9922,232.09,6258.7
7.9924,232.01,6259.7
7.9926,232.02,6259.6
7.9928,232.13,6257.4
7.993,232.29,6254.5
7.9932,232.43,6251.6
7.9934,232.52,6250.3
7.9936,232.56,6250.2
7.9938,232.5,6250.4
7.994,232.35,6250.4
7.9942,232.18,6249.4
7.9944,232.09,6247.6
7.9946,232.03,6245.4
7.9948,231.99,6244.2
7.995,231.97,6244.8
7.9952,231.97,6245.6
7.9954,231.99,6245.1
7.9956,232.04,6243
7.9958,232.14,6239.8
7.996,232.25,6237.6
7.9962,232.35,6238.6
7.9964,232.39,6242.6
7.9966,232.38,6248.4
7.9968,232.3,6251.3
7.997,232.16,6250.3
7.9972,231.98,6246.1
7.9974,231.83,6241.7
7.9976,231.73,6241.3
7.9978,231.72,6245.9
7.998,231.8,6251.7
7.9982,231.97,6252.7
7.9984,232.16,6254
7.9986,232.32,6255
7.9988,232.43,6252.6
7.999,232.44,6248.7
7.9992,232.38,6249.3
7.9994,232.35,6254.6
7.9996,232.33,6259.8
7.9998,232.31,6261.6
8,232.19,6261.6
8.0002,232.06,6258.1
8.0004,231.98,6253.7
8.0006,231.95,6253
8.0008,231.95,6255.7
8.001,232.01,6258.7
8.0012,232.1,6262.8
8.0014,232.25,6265.6
8.0016,232.42,6263.4
8.0018,232.55,6257
8.002,232.58,6250.7
8.0022,232.49,6249.4
8.0024,232.3,6252.3
8.0026,232.07,6258.5
8.0028,231.86,6264.8
8.003,231.8,6265.1
8.0032,231.83,6260.3
8.0034,231.94,6255.6
8.0036,232.07,6251.8
8.0038,232.16,6252.7
8.004,232.2,6260.2
8.0042,232.26,6269.2
8.0044,232.36,6271.4
8.0046,232.49,6267.5
8.0048,232.59,6261.8
8.005,232.61,6258.8
8.0052,232.52,6260.6
8.0054,232.32,6266.2
8.0056,232.15,6270.3
8.0058,232.04,6271.6
8.006,231.98,6271.1
8.0062,231.95,6269.9
8.0064,232.04,6269.5
8.0066,232.22,6268.9
8.0068,232.42,6268.2
8.007,232.6,6267.5
8.0072,232.71,6267.6
8.0074,232.74,6270.2
8.0076,232.78,6275.3
8.0078,232.81,6278.1
8.008,232.77,6277.7
8.0082,232.66,6275.5
8.0084,232.63,6271.8
8.0086,232.63,6269.4
8.0088,232.63,6270
8.009,232.61,6271
8.0092,232.64,6272.4
8.0094,232.7,6272.3
8.0096,232.81,6269.7
8.0098,232.97,6266
8.01,233.1,6264.7
8.0102,233.15,6266.6
8.0104,233.09,6269.6
8.0106,232.97,6271.2
8.0108,232.82,6269.2
8.011,232.64,6268
8.0112,232.5,6269.1
8.0114,232.47,6270.5
8.0116,232.53,6270.9
8.0118,232.65,6269.2
8.012,232.78,6268.1
8.0122,232.92,6267.5
8.0124,233.06,6268.6
8.0126,233.18,6271.9
8.0128,233.27,6273.8
8.013,233.33,6271.4
8.0132,233.32,6266.7
8.0134,233.23,6265
8.0136,233.08,6267.4
8.0138,232.86,6271
8.014,232.69,6272.2
8.0142,232.62,6270.9
8.0144,232.62,6268.7
8.0146,232.7,6269.6
8.0148,232.85,6272.2
8.015,233,6271.9
8.0152,233.11,6268
8.0154,233.16,6264.3
8.0156,233.19,6261.5
8.0158,233.15,6261.1
8.016,233.13,6261.8
8.0162,233.09,6264.1
8.0164,233.01,6265.5
8.0166,232.83,6269.8
8.0168,232.73,6274.5
8.017,232.73,6272.2
8.0172,232.73,6264.8
8.0174,232.74,6258.5
8.0176,232.8,6256.5
8.0178,232.9,6258
8.018,233.01,6262.6
8.0182,233.1,6267.4
8.0184,233.18,6269.1
8.0186,233.21,6268.9
8.0188,233.18,6266.2
8.019,233.11,6264.2
8.0192,232.96,6263.3
8.0194,232.83,6267.5
8.0196,232.78,6273.3
8.0198,232.78,6274.6
8.02,232.79,6270.9
8.0202,232.81,6266.2
8.0204,232.85,6262.5
8.0206,232.9,6260.7
8.0208,232.97,6264.4
8.021,233.08,6272.5
8.0212,233.22,6279.2
8.0214,233.31,6281
8.0216,233.28,6279.2
8.0218,233.15,6276.5
8.022,232.96,6276.5
8.0222,232.75,6279.5
8.0224,232.67,6281.8
8.0226,232.64,6281.8
8.0228,232.63,6281.5
8.023,232.64,6280.7
8.0232,232.7,6279.5
8.0234,232.82,6277.5
8.0236,233,6274.8
8.0238,233.14,6271.7
8.024,233.18,6270.6
8.0242,233.16,6272.5
8.0244,233.06,6275.5
8.0246,232.92,6277.1
8.0248,232.75,6277.3
8.025,232.61,6274.8
8.0252,232.5,6270.4
8.0254,232.46,6267.6
8.0256,232.46,6269
8.0258,232.5,6272.3
8.026,232.6,6274.4
8.0262,232.75,6271.7
8.0264,232.9,6267.3
8.0266,233.01,6265.5
8.0268,233.05,6266.5
8.027,233.04,6268.9
8.0272,233,6271.5
8.0274,232.93,6271.8
8.0276,232.81,6270.9
8.0278,232.67,6268.5
8.028,232.56,6266.2
8.0282,232.54,6265.9
8.0284,232.59,6267.8
8.0286,232.72,6271.1
8.0288,232.86,6274.1
8.029,232.99,6271.8
8.0292,233.11,6265.5
8.0294,233.19,6260.2
8.0296,233.2,6258.5
8.0298,233.16,6261
8.03,233.08,6266.5
8.0302,232.97,6271.1
8.0304,232.83,6270.7
8.0306,232.66,6265.1
8.0308,232.45,6259.7
8.031,232.32,6260.1
8.0312,232.32,6264
8.0314,232.44,6268.2
8.0316,232.67,6271.7
8.0318,232.95,6270.3
8.032,233.16,6264.1
8.0322,233.17,6259.7
8.0324,233.09,6261.1
8.0326,232.99,6264.9
8.0328,232.92,6267.8
8.033,232.87,6269.5
8.0332,232.8,6271.1
8.0334,232.76,6270.5
8.0336,232.79,6269.9
8.0338,232.79,6268.4
8.034,232.75,6266.1
8.0342,232.72,6264
8.0344,232.73,6264.7
8.0346,232.83,6266.1
8.0348,232.98,6267.5
8.035,233.18,6268.3
8.0352,233.29,6267.9
8.0354,233.26,6267
8.0356,233.17,6266.2
8.0358,233.04,6264.1
8.036,232.85,6265.1
8.0362,232.66,6270.5
8.0364,232.6,6276
8.0366,232.67,6277.3
8.0368,232.82,6274.3
8.037,232.99,6268.9
8.0372,233.16,6264.2
8.0374,233.29,6263.6
8.0376,233.37,6267.8
8.0378,233.38,6270.2
8.038,233.35,6271.2
8.0382,233.32,6271.9
8.0384,233.31,6271.6
8.0386,233.26,6269.1
8.0388,233.15,6269.1
8.039,232.94,6268.8
8.0392,232.74,6268.8
8.0394,232.63,6269.7
8.0396,232.63,6270.6
8.0398,232.75,6269.7
8.04,232.98,6267.4
8.0402,233.16,6263.3
8.0404,233.22,6259.8
8.0406,233.17,6258
8.0408,233.05,6259.6
8.041,232.97,6263.1
8.0412,232.97,6267.1
8.0414,232.97,6268.8
8.0416,232.91,6266
8.0418,232.75,6260.5
8.042,232.61,6259.3
8.0422,232.57,6261.4
8.0424,232.6,6263.3
8.0426,232.67,6263.5
8.0428,232.8,6260.7
8.043,232.92,6257.3
8.0432,233.02,6254.7
8.0434,233.1,6255.1
8.0436,233.12,6258.7
8.0438,233.1,6263.1
8.044,233.02,6265.9
8.0442,232.89,6265
8.0444,232.77,6261.2
8.0446,232.68,6257
8.0448,232.6,6254.9
8.045,232.58,6257
8.0452,232.62,6260.1
8.0454,232.76,6260.1
8.0456,232.92,6257.7
8.0458,233.06,6254.6
8.046,233.19,6251.4
8.0462,233.21,6249.3
8.0464,233.18,6250.1
8.0466,233.14,6254
8.0468,233.08,6257.4
8.047,232.98,6258.6
8.0472,232.83,6259.9
8.0474,232.68,6259.6
8.0476,232.55,6257.1
8.0478,232.51,6255.8
8.048,232.56,6254.5
8.0482,232.7,6252.7
8.0484,232.9,6253.3
8.0486,233.08,6257.9
8.0488,233.2,6261.7
8.049,233.29,6263.1
8.0492,233.31,6262.9
8.0494,233.3,6261.6
8.0496,233.22,6260.1
8.0498,233.11,6259.4
8.05,232.95,6259.4
8.0502,232.8,6260.2
8.0504,232.66,6262.6
8.0506,232.59,6266
8.0508,232.59,6268.3
8.051,232.73,6266.6
8.0512,232.95,6262.1
8.0514,233.16,6258.2
8.0516,233.33,6256.5
8.0518,233.37,6257
8.052,233.27,6262.4
8.0522,233.17,6269.5
8.0524,233.07,6272.8
8.0526,232.97,6269.5
8.0528,232.99,6262.8
8.053,233.02,6257
8.0532,232.99,6255.1
8.0534,232.92,6256.5
8.0536,232.85,6261.8
8.0538,232.89,6266.7
8.054,233,6264.6
8.0542,233.15,6256.9
8.0544,233.31,6251.5
8.0546,233.39,6249.6
8.0548,233.39,6249.9
8.055,233.27,6253.1
8.0552,233.11,6259.4
8.0554,232.93,6263.8
8.0556,232.77,6261.2
8.0558,232.62,6255.9
8.056,232.54,6252.3
8.0562,232.54,6250.9
8.0564,232.66,6252
8.0566,232.82,6255.7
8.0568,232.99,6258
8.057,233.13,6255.4
8.0572,233.21,6250.3
8.0574,233.25,6247.9
8.0576,233.23,6248
8.0578,233.15,6250
8.058,233,6252.3
8.0582,232.86,6252.2
8.0584,232.72,6248.1
8.0586,232.56,6246
8.0588,232.44,6247.4
8.059,232.41,6249.7
8.0592,232.47,6249.1
8.0594,232.62,6245.9
8.0596,232.78,6242.2
8.0598,232.91,6238
8.06,232.97,6235.6
8.0602,233.01,6235.3
8.0604,232.97,6237.6
8.0606,232.87,6240.2
8.0608,232.71,6239
8.061,232.54,6234.9
8.0612,232.45,6231.3
8.0614,232.39,6229.9
8.0616,232.36,6231.9
8.0618,232.38,6235.5
8.062,232.45,6236.8
8.0622,232.58,6232.1
8.0624,232.74,6225.3
8.0626,232.87,6221.7
8.0628,232.92,6222.2
8.063,232.9,6225.1
8.0632,232.84,6230
8.0634,232.77,6233.3
8.0636,232.68,6232.4
8.0638,232.55,6227.6
8.064,232.39,6224.4
8.0642,232.3,6224.3
8.0644,232.28,6224.3
8.0646,232.3,6224.3
8.0648,232.34,6224.2
8.065,232.42,6224.6
8.0652,232.52,6225.4
8.0654,232.65,6225.6
8.0656,232.77,6225.1
8.0658,232.84,6225.6
8.066,232.82,6226.6
8.0662,232.71,6231
8.0664,232.56,6233.6
8.0666,232.39,6232.4
8.0668,232.23,6231.9
8.067,232.13,6232.8
8.0672,232.08,6233.8
8.0674,232.07,6235.2
8.0676,232.15,6235.8
8.0678,232.32,6235.2
8.068,232.51,6233.9
8.0682,232.69,6232.9
8.0684,232.8,6233.3
8.0686,232.81,6232.4
8.0688,232.71,6229.9
8.069,232.53,6231.8
8.0692,232.35,6239.3
8.0694,232.27,6249.4
8.0696,232.27,6252.7
8.0698,232.33,6246.9
8.07,232.33,6238.8
8.0702,232.31,6233.6
8.0704,232.32,6235.3
8.0706,232.42,6241.7
8.0708,232.6,6248.7
8.071,232.81,6250.1
8.0712,232.99,6245.8
8.0714,233.08,6241
8.0716,233.03,6240.7
8.0718,232.85,6244.2
8.072,232.6,6248.7
8.0722,232.4,6252.7
8.0724,232.37,6251.8
8.0726,232.4,6245.2
8.0728,232.38,6238.7
8.073,232.36,6234.9
8.0732,232.3,6234.7
8.0734,232.27,6235.8
8.0736,232.34,6236.5
8.0738,232.48,6235.3
8.074,232.62,6231.7
8.0742,232.7,6226.9
8.0744,232.63,6225.4
8.0746,232.46,6228
8.0748,232.24,6232.2
8.075,232.08,6233.5
8.0752,232.02,6229.8
8.0754,232.01,6223
8.0756,232.02,6219.2
8.0758,232.06,6219.2
8.076,232.14,6221.7
8.0762,232.25,6225
8.0764,232.39,6225.7
8.0766,232.53,6223.4
8.0768,232.63,6220.3
8.077,232.64,6218.6
8.0772,232.57,6218.9
8.0774,232.42,6220
8.0776,232.23,6221.2
8.0778,232.07,6220.4
8.078,231.95,6218.3
8.0782,231.85,6219
8.0784,231.8,6224
8.0786,231.84,6228.8
8.0788,231.97,6228.6
8.079,232.14,6225
8.0792,232.3,6220.7
8.0794,232.46,6219
8.0796,232.56,6222.4
8.0798,232.64,6227.2
8.08,232.62,6229.4
8.0802,232.46,6230.1
8.0804,232.3,6228.4
8.0806,232.12,6224.6
8.0808,231.92,6222.4
8.081,231.78,6223.8
8.0812,231.74,6228
8.0814,231.83,6230.7
8.0816,232.03,6231.1
8.0818,232.26,6233
8.082,232.42,6236
8.0822,232.49,6236.8
8.0824,232.5,6236
8.0826,232.49,6234.9
8.0828,232.45,6236.4
8.083,232.45,6241.7
8.0832,232.41,6248.7
8.0834,232.32,6250.1
8.0836,232.24,6246.6
8.0838,232.2,6240.8
8.084,232.19,6235.3
8.0842,232.21,6235.4
8.0844,232.31,6238.6
8.0846,232.45,6241.4
8.0848,232.61,6242.9
8.085,232.76,6243.9
8.0852,232.8,6243
8.0854,232.74,6241.7
8.0856,232.63,6241.3
8.0858,232.49,6242.6
8.086,232.32,6245.8
8.0862,232.16,6248.3
8.0864,232.06,6251.5
8.0866,232.04,6254.7
8.0868,232.09,6255.8
8.087,232.17,6254.6
8.0872,232.24,6252.5
8.0874,232.34,6252.7
8.0876,232.51,6253.8
8.0878,232.68,6254.9
8.088,232.77,6256.8
8.0882,232.77,6260.1
8.0884,232.73,6261.7
8.0886,232.59,6261.5
8.0888,232.52,6259
8.089,232.47,6256.1
8.0892,232.41,6254.9
8.0894,232.36,6256.7
8.0896,232.35,6260.3
8.0898,232.38,6262.4
8.09,232.49,6260.1
8.0902,232.65,6254.4
8.0904,232.8,6249.8
8.0906,232.94,6249.4
8.0908,233,6253.4
8.091,232.99,6259.1
8.0912,232.92,6263.3
8.0914,232.78,6261.7
8.0916,232.67,6256.8
8.0918,232.6,6253.4
8.092,232.56,6252.5
8.0922,232.55,6254.9
8.0924,232.58,6258.3
8.0926,232.68,6260.7
8.0928,232.84,6260.3
8.093,233.02,6257.3
8.0932,233.17,6254.9
8.0934,233.26,6253.6
8.0936,233.29,6256.2
8.0938,233.26,6259.7
8.094,233.22,6259.9
8.0942,233.11,6258.2
8.0944,232.95,6256.7
8.0946,232.83,6256.8
8.0948,232.77,6257.7
8.095,232.82,6258.6
8.0952,232.97,6258.8
8.0954,233.12,6258.3
8.0956,233.26,6257.9
8.0958,233.34,6256.9
8.096,233.37,6257.5
8.0962,233.37,6260
8.0964,233.39,6263.4
8.0966,233.43,6265.9
8.0968,233.44,6266.7
8.097,233.39,6266.1
8.0972,233.21,6263.5
8.0974,233.04,6262.8
8.0976,232.97,6264.2
8.0978,232.98,6268.6
8.098,233.08,6271.6
8.0982,233.23,6272.5
8.0984,233.38,6270.4
8.0986,233.53,6266.8
8.0988,233.65,6264.8
8.099,233.73,6265.8
8.0992,233.75,6270.6
8.0994,233.7,6276.3
8.0996,233.56,6279.5
8.0998,233.41,6280.9
8.1,233.22,6279.9
8.1002,233.09,6276.2
8.1004,233.1,6271.9
8.1006,233.15,6269.2
8.1008,233.2,6267.7
8.101,233.22,6268
8.1012,233.23,6271.4
8.1014,233.26,6274.7
8.1016,233.42,6275.7
8.1018,233.64,6273.3
8.102,233.74,6269.4
8.1022,233.64,6265.3
8.1024,233.39,6261.4
8.1026,233.12,6262.5
8.1028,232.96,6268.1
8.103,232.91,6274.2
8.1032,232.93,6275.7
8.1034,233,6270
8.1036,233.03,6260.8
8.1038,232.99,6255.4
8.104,233,6260.5
8.1042,233.15,6273.3
8.1044,233.31,6279.8
8.1046,233.44,6276.3
8.1048,233.56,6269.1
8.105,233.54,6265.6
8.1052,233.34,6264.9
8.1054,233.16,6268.9
8.1056,233.1,6275.7
8.1058,233.11,6277.2
8.106,233.06,6273.4
8.1062,232.95,6268.4
8.1064,232.9,6264.4
8.1066,232.97,6262.6
8.1068,233.13,6263.2
8.107,233.35,6264.3
8.1072,233.51,6262.8
8.1074,233.54,6260.1
8.1076,233.46,6257.6
8.1078,233.3,6257.2
8.108,233.13,6258.7
8.1082,232.97,6260.2
8.1084,232.89,6260.4
8.1086,232.8,6257.5
8.1088,232.69,6255.1
8.109,232.58,6254.6
8.1092,232.56,6254.8
8.1094,232.68,6253.5
8.1096,232.91,6250.7
8.1098,233.13,6248.4
8.11,233.25,6247.5
8.1102,233.29,6248.6
8.1104,233.2,6250.5
8.1106,233.08,6251.6
8.1108,232.91,6251.1
8.111,232.78,6249.3
8.1112,232.7,6246.2
8.1114,232.64,6243.2
8.1116,232.62,6244
8.1118,232.61,6249
8.112,232.65,6253.6
8.1122,232.81,6253.4
8.1124,233.02,6247.8
8.1126,233.21,6242.1
8.1128,233.32,6239.1
8.113,233.27,6241.1
8.1132,233.12,6247
8.1134,232.95,6250
8.1136,232.78,6248.3
8.1138,232.61,6245
8.114,232.47,6242.5
8.1142,232.31,6243.6
8.1144,232.18,6248.4
8.1146,232.18,6251.7
8.1148,232.28,6250.8
8.115,232.41,6246.4
8.1152,232.54,6245
8.1154,232.62,6248.4
8.1156,232.68,6253.6
8.1158,232.73,6257.5
8.116,232.76,6258.6
8.1162,232.76,6259.6
8.1164,232.74,6262.1
8.1166,232.63,6263
8.1168,232.43,6261.1
8.117,232.28,6257.8
8.1172,232.23,6254.5
8.1174,232.28,6251.5
8.1176,232.39,6249.8
8.1178,232.49,6252.2
8.118,232.6,6258.1
8.1182,232.74,6265.1
8.1184,232.89,6267.5
8.1186,232.96,6265.2
8.1188,232.93,6260.3
8.119,232.82,6257.7
8.1192,232.64,6257.7
8.1194,232.41,6259.5
8.1196,232.24,6260.7
8.1198,232.15,6259.4
8.12,232.17,6256.2
8.1202,232.27,6255.6
8.1204,232.41,6260.1
8.1206,232.57,6265
8.1208,232.73,6265.4
8.121,232.83,6259.5
8.1212,232.91,6254.4
8.1214,232.93,6252.1
8.1216,232.87,6254.2
8.1218,232.72,6260.1
8.122,232.52,6268.3
8.1222,232.27,6274.7
8.1224,232.14,6274
8.1226,232.2,6268.6
8.1228,232.28,6262.7
8.123,232.33,6257.3
8.1232,232.38,6254
8.1234,232.4,6252.9
8.1236,232.44,6252.8
8.1238,232.53,6252.5
8.124,232.61,6253.5
8.1242,232.63,6254.7
8.1244,232.55,6255.1
8.1246,232.39,6252.5
8.1248,232.2,6249.5
8.125,232.04,6245.9
8.1252,231.86,6242.2
8.1254,231.7,6242.5
8.1256,231.61,6248.4
8.1258,231.63,6253.4
8.126,231.77,6252.4
8.1262,231.96,6245.6
8.1264,232.18,6236.6
8.1266,232.31,6231.1
8.1268,232.35,6233.3
8.127,232.31,6241
8.1272,232.23,6247.3
8.1274,232.13,6247.5
8.1276,232.01,6240.8
8.1278,231.89,6231.8
8.128,231.78,6226.9
8.1282,231.7,6230
8.1284,231.68,6238.5
8.1286,231.75,6241.8
8.1288,231.87,6237.4
8.129,232.01,6228.6
8.1292,232.13,6221.1
8.1294,232.18,6219.3
8.1296,232.18,6223.4
8.1298,232.15,6230.1
8.13,232.1,6235.1
8.1302,232.04,6235.5
8.1304,231.93,6232
8.1306,231.76,6227.7
8.1308,231.61,6225.5
8.131,231.53,6225.9
8.1312,231.52,6229.2
8.1314,231.6,6233.4
8.1316,231.74,6233.9
8.1318,231.87,6232
8.132,231.99,6229.6
8.1322,232.08,6230.1
8.1324,232.12,6232.8
8.1326,232.1,6235.4
8.1328,232.05,6237.4
8.133,232,6239.4
8.1332,231.92,6242.6
8.1334,231.78,6245.9
8.1336,231.78,6247.4
8.1338,231.85,6248.1
8.134,231.91,6248.5
8.1342,231.96,6247.5
8.1344,232.06,6245
8.1346,232.18,6246.4
8.1348,232.35,6252
8.135,232.59,6254.3
8.1352,232.77,6249.4
8.1354,232.82,6242.9
8.1356,232.74,6240.3
8.1358,232.51,6242.7
8.136,232.17,6248.5
8.1362,231.91,6254.8
8.1364,231.82,6256.5
8.1366,231.91,6253.4
8.1368,232.09,6247.5
8.137,232.27,6243.7
8.1372,232.39,6242.6
8.1374,232.42,6244.2
8.1376,232.42,6248.8
8.1378,232.5,6253.8
8.138,232.63,6253.5
8.1382,232.73,6252.9
8.1384,232.72,6253
8.1386,232.6,6254.9
8.1388,232.35,6256.8
8.139,232.17,6258.8
8.1392,232.08,6257.4
8.1394,232.05,6252.1
8.1396,232.05,6247.8
8.1398,232.12,6245.1
8.14,232.21,6243.4
8.1402,232.3,6241.9
8.1404,232.37,6240.3
8.1406,232.42,6237.5
8.1408,232.4,6234.6
8.141,232.32,6236.7
8.1412,232.24,6242.8
8.1414,232.13,6248.1
8.1416,232.01,6248.4
8.1418,231.95,6244.8
8.142,231.94,6239.5
8.1422,231.94,6234.8
8.1424,231.95,6235.7
8.1426,232.01,6240.6
8.1428,232.17,6244
8.143,232.32,6242
8.1432,232.5,6236.2
8.1434,232.62,6231.3
8.1436,232.67,6229.1
8.1438,232.63,6230.5
8.144,232.51,6234.9
8.1442,232.31,6239
8.1444,232.08,6240.7
8.1446,231.96,6236.8
8.1448,231.91,6230.8
8.145,231.94,6227.4
8.1452,232.02,6228
8.1454,232.1,6231.1
8.1456,232.2,6234.8
8.1458,232.31,6236.6
8.146,232.44,6234.7
8.1462,232.56,6231.5
8.1464,232.59,6230.1
8.1466,232.54,6230.1
8.1468,232.44,6232.2
8.147,232.29,6232.5
8.1472,232.1,6231.4
8.1474,231.95,6230.1
8.1476,231.87,6231.4
8.1478,231.85,6234.2
8.148,231.93,6236.6
8.1482,232.06,6237.4
8.1484,232.18,6235.5
8.1486,232.26,6231.1
8.1488,232.28,6229.1
8.149,232.29,6231.8
8.1492,232.3,6237.6
8.1494,232.29,6242.8
8.1496,232.23,6244.1
8.1498,232.09,6242.9
8.15,231.96,6243.3
8.1502,231.93,6246
8.1504,231.91,6247.3
8.1506,231.9,6246.9
8.1508,231.98,6244.9
8.151,232.1,6243.4
8.1512,232.22,6242.5
8.1514,232.35,6244.9
8.1516,232.46,6250.3
8.1518,232.53,6252.9
8.152,232.54,6253.1
8.1522,232.42,6251.9
8.1524,232.25,6249
8.1526,232.12,6246.1
8.1528,231.99,6248.4
8.153,231.95,6254.2
8.1532,231.96,6257.4
8.1534,231.99,6255.9
8.1536,232.05,6251
8.1538,232.17,6246.9
8.154,232.32,6246.8
8.1542,232.42,6250.2
8.1544,232.49,6253
8.1546,232.55,6252.9
8.1548,232.61,6251.3
8.155,232.65,6250.3
8.1552,232.59,6249.7
8.1554,232.44,6250.8
8.1556,232.23,6251.6
8.1558,232.07,6248.6
8.156,232.02,6245
8.1562,232.05,6242.9
8.1564,232.11,6241.6
8.1566,232.18,6240.1
8.1568,232.27,6238.6
8.157,232.34,6237.1
8.1572,232.37,6236
8.1574,232.42,6236.1
8.1576,232.44,6236.8
8.1578,232.42,6237.8
8.158,232.36,6237.3
8.1582,232.21,6236
8.1584,232,6235.3
8.1586,231.86,6235.6
8.1588,231.8,6236.9
8.159,231.85,6237.6
8.1592,231.98,6236
8.1594,232.16,6231.8
8.1596,232.33,6228.4
8.1598,232.42,6227.9
8.16,232.45,6229
8.1602,232.47,6230.9
8.1604,232.48,6233.2
8.1606,232.45,6234.2
8.1608,232.36,6232.1
8.161,232.18,6229.5
8.1612,232.02,6229.2
8.1614,231.93,6231.5
8.1616,231.93,6234.3
8.1618,232.03,6235.6
8.162,232.18,6233.7
8.1622,232.32,6231.1
8.1624,232.41,6231.6
8.1626,232.48,6234
8.1628,232.55,6236
8.163,232.63,6236.4
8.1632,232.7,6234.6
8.1634,232.73,6231.9
8.1636,232.65,6230.5
8.1638,232.47,6231.1
8.164,232.26,6231.5
8.1642,232.13,6232.9
8.1644,232.11,6235
8.1646,232.18,6236.8
8.1648,232.31,6234.5
8.165,232.45,6234.3
8.1652,232.57,6235.3
8.1654,232.64,6236.9
8.1656,232.68,6237
8.1658,232.72,6237
8.166,232.73,6238.2
8.1662,232.68,6240.1
8.1664,232.55,6243.3
8.1666,232.38,6245.9
8.1668,232.21,6245.2
8.167,232.05,6241.3
8.1672,231.96,6239.2
8.1674,231.95,6240.3
8.1676,232.06,6242.1
8.1678,232.24,6242.7
8.168,232.41,6243.5
8.1682,232.57,6245.8
8.1684,232.73,6246.4
8.1686,232.77,6244.3
8.1688,232.69,6242.4
8.169,232.62,6242.5
8.1692,232.52,6244.2
8.1694,232.43,6248.4
8.1696,232.35,6252.8
8.1698,232.28,6255.1
8.17,232.17,6252.5
8.1702,232.14,6247.7
8.1704,232.23,6244.1
8.1706,232.45,6246.1
8.1708,232.68,6250.3
8.171,232.86,6255
8.1712,232.94,6254.9
8.1714,232.92,6251.6
8.1716,232.84,6248.1
8.1718,232.73,6247.1
8.172,232.62,6250.9
8.1722,232.47,6253.5
8.1724,232.37,6254.1
8.1726,232.32,6250.6
8.1728,232.28,6245.3
8.173,232.24,6241
8.1732,232.22,6239.9
8.1734,232.27,6241.1
8.1736,232.41,6240.7
8.1738,232.57,6237.7
8.174,232.69,6233.7
8.1742,232.69,6231.7
8.1744,232.53,6233.6
8.1746,232.31,6236.5
8.1748,232.11,6238
8.175,231.94,6236.6
8.1752,231.85,6232.8
8.1754,231.79,6229.5
8.1756,231.76,6229.7
8.1758,231.77,6234.1
8.176,231.82,6238.2
8.1762,231.93,6239.1
8.1764,232.08,6236.2
8.1766,232.25,6232.1
8.1768,232.37,6229.8
8.177,232.43,6230.9
8.1772,232.41,6234.5
8.1774,232.29,6238.2
8.1776,232.11,6239.4
8.1778,231.93,6237.8
8.178,231.8,6235.4
8.1782,231.71,6232.7
8.1784,231.69,6230.2
8.1786,231.75,6229.5
8.1788,231.85,6230.1
8.179,231.96,6231.6
8.1792,232.04,6231.5
8.1794,232.12,6229.9
8.1796,232.17,6228.6
8.1798,232.19,6228.6
8.18,232.14,6229
8.1802,232.04,6230.8
8.1804,231.88,6232
8.1806,231.7,6233.1
8.1808,231.52,6234.2
8.181,231.43,6234.7
8.1812,231.46,6234.4
8.1814,231.58,6232.5
8.1816,231.72,6229.1
8.1818,231.86,6228.3
8.182,232.01,6233
8.1822,232.14,6240.4
8.1824,232.14,6246.4
8.1826,232.1,6247.7
8.1828,232.09,6245
8.183,232.07,6243.4
8.1832,231.96,6247.2
8.1834,231.88,6254.3
8.1836,231.9,6258.8
8.1838,231.88,6259.2
8.184,231.84,6257.5
8.1842,231.85,6254.6
8.1844,231.96,6252.8
8.1846,232.14,6256.1
8.1848,232.39,6264.2
8.185,232.65,6268.2
8.1852,232.78,6267.4
8.1854,232.77,6264.4
8.1856,232.64,6260.1
8.1858,232.43,6258.2
8.186,232.27,6262.4
8.1862,232.19,6267.2
8.1864,232.16,6269.7
8.1866,232.12,6269.1
8.1868,232.1,6268.9
8.187,232.12,6267.4
8.1872,232.22,6265.9
8.1874,232.4,6267.8
8.1876,232.63,6269.3
8.1878,232.78,6270.2
8.188,232.83,6269.3
8.1882,232.78,6267
8.1884,232.64,6263.3
8.1886,232.44,6262.3
8.1888,232.23,6267.6
8.189,232.05,6273.5
8.1892,231.99,6272.8
8.1894,232.04,6266.6
8.1896,232.11,6259.4
8.1898,232.17,6253.4
8.19,232.25,6252.4
8.1902,232.34,6257.7
8.1904,232.45,6263.4
8.1906,232.55,6264.4
8.1908,232.61,6263.7
8.191,232.61,6263.5
8.1912,232.53,6263.3
8.1914,232.4,6262.4
8.1916,232.32,6262.6
8.1918,232.22,6264.4
8.192,232.09,6265.9
8.1922,231.95,6268.3
8.1924,231.88,6269
8.1926,231.97,6266.6
8.1928,232.18,6261.2
8.193,232.42,6256.6
8.1932,232.59,6256.3
8.1934,232.63,6260.1
8.1936,232.59,6265.9
8.1938,232.51,6270.1
8.194,232.42,6269.1
8.1942,232.35,6263.7
8.1944,232.24,6258
8.1946,232.13,6256.3
8.1948,232.04,6258.9
8.195,231.96,6262.7
8.1952,231.96,6265.5
8.1954,232.06,6264.5
8.1956,232.21,6259.8
8.1958,232.38,6254.9
8.196,232.52,6254.7
8.1962,232.58,6256.6
8.1964,232.54,6260.5
8.1966,232.46,6263.1
8.1968,232.36,6262.9
8.197,232.24,6259.8
8.1972,232.07,6256.5
8.1974,231.96,6256.2
8.1976,231.92,6257.9
8.1978,231.96,6261.1
8.198,232.05,6262.2
8.1982,232.16,6258.9
8.1984,232.23,6254.3
8.1986,232.31,6252.6
8.1988,232.37,6255.9
8.199,232.41,6261.2
8.1992,232.43,6264.3
8.1994,232.42,6262.7
8.1996,232.37,6258.7
8.1998,232.26,6256.4
8.2,232.08,6258.2
8.2002,231.92,6261.8
8.2004,231.78,6264.5
8.2006,231.69,6264.6
8.2008,231.67,6261.4
8.201,231.72,6257.2
8.2012,231.88,6253
8.2014,232.09,6251.2
8.2016,232.21,6252.8
8.2018,232.25,6255.6
8.202,232.23,6256.1
8.2022,232.14,6254.9
8.2024,231.99,6254
8.2026,231.86,6256.8
8.2028,231.73,6265.7
8.203,231.72,6271
8.2032,231.73,6267.6
8.2034,231.7,6259.9
8.2036,231.71,6254.2
8.2038,231.8,6252.7
8.204,231.91,6255.1
8.2042,232.04,6261.9
8.2044,232.19,6268.8
8.2046,232.26,6269.2
8.2048,232.26,6268.1
8.205,232.23,6266.1
8.2052,232.14,6263.2
8.2054,231.98,6262.2
8.2056,231.84,6265.1
8.2058,231.73,6270.2
8.206,231.67,6273.1
8.2062,231.63,6272.9
8.2064,231.7,6272.9
8.2066,231.87,6271.9
8.2068,232.05,6271.7
8.207,232.23,6270.6
8.2072,232.34,6269.7
8.2074,232.37,6269.7
8.2076,232.33,6272
8.2078,232.26,6275.2
8.208,232.14,6277
8.2082,232,6277
8.2084,231.85,6273.7
8.2086,231.67,6270.3
8.2088,231.52,6269.4
8.209,231.47,6271.7
8.2092,231.58,6273.5
8.2094,231.8,6273.6
8.2096,232.05,6272
8.2098,232.23,6269.9
8.21,232.29,6268.1
8.2102,232.25,6266.9
8.2104,232.2,6266.1
8.2106,232.17,6266.1
8.2108,232.12,6265.9
8.211,232.03,6266.6
8.2112,231.96,6266.6
8.2114,231.89,6266.2
8.2116,231.81,6264.4
8.2118,231.78,6262.7
8.212,231.84,6262.3
8.2122,231.98,6263.5
8.2124,232.19,6265.1
8.2126,232.37,6265
8.2128,232.48,6263.8
8.213,232.49,6265.3
8.2132,232.45,6269.2
8.2134,232.41,6272.5
8.2136,232.32,6271.7
8.2138,232.16,6270.7
8.214,232.03,6269.6
8.2142,231.97,6269.4
8.2144,231.95,6269
8.2146,231.97,6268.2
8.2148,232.03,6266.9
8.215,232.14,6269.5
8.2152,232.3,6273.1
8.2154,232.47,6274
8.2156,232.54,6271.1
8.2158,232.52,6267.5
8.216,232.48,6265.4
8.2162,232.37,6267.7
8.2164,232.22,6272.9
8.2166,232.07,6276
8.2168,231.92,6274.2
8.217,231.77,6270.1
8.2172,231.67,6268.3
8.2174,231.67,6270.6
8.2176,231.78,6273
8.2178,231.97,6272.7
8.218,232.16,6273.5
8.2182,232.32,6271.6
8.2184,232.38,6269
8.2186,232.41,6266.6
8.2188,232.42,6266.1
8.219,232.35,6267.7
8.2192,232.22,6269.9
8.2194,232.15,6273.4
8.2196,232.14,6275.2
8.2198,232.1,6276.4
8.22,232.05,6277.3
8.2202,232.11,6276.2
8.2204,232.25,6271.6
8.2206,232.45,6269
8.2208,232.65,6270.6
8.221,232.77,6274.9
8.2212,232.79,6277.4
8.2214,232.73,6275.2
8.2216,232.66,6270.5
8.2218,232.59,6266.2
8.222,232.47,6267.5
8.2222,232.31,6273
8.2224,232.24,6275.2
8.2226,232.18,6271.8
8.2228,232.11,6266.6
8.223,232.04,6263.1
8.2232,232.04,6260.8
8.2234,232.13,6259.7
8.2236,232.29,6258.5
8.2238,232.45,6257.9
8.224,232.56,6258.8
8.2242,232.57,6259.7
8.2244,232.49,6258.5
8.2246,232.35,6256.7
8.2248,232.2,6256.4
8.225,232.05,6256
8.2252,231.89,6254.2
8.2254,231.78,6253.3
8.2256,231.73,6253.3
8.2258,231.77,6252.7
8.226,231.9,6249.4
8.2262,232.07,6247
8.2264,232.23,6246.1
8.2266,232.34,6243.5
8.2268,232.37,6241.7
8.227,232.34,6242.2
8.2272,232.28,6244.4
8.2274,232.17,6244.7
8.2276,232.03,6242.3
8.2278,231.91,6240.3
8.228,231.82,6238.8
8.2282,231.74,6238.7
8.2284,231.71,6241.1
8.2286,231.75,6243
8.2288,231.88,6243.2
8.229,232.06,6241.9
8.2292,232.23,6239.5
8.2294,232.31,6235.5
8.2296,232.31,6232.5
8.2298,232.28,6234.5
8.23,232.23,6238.7
8.2302,232.13,6242.2
8.2304,231.97,6244.2
8.2306,231.84,6242.4
8.2308,231.73,6237.8
8.231,231.66,6235.6
8.2312,231.64,6236.9
8.2314,231.69,6241.5
8.2316,231.83,6244.5
8.2318,232.01,6244
8.232,232.15,6243.7
8.2322,232.29,6245.3
8.2324,232.41,6246.5
8.2326,232.44,6247.7
8.2328,232.42,6249.3
8.233,232.4,6250.1
8.2332,232.33,6252.2
8.2334,232.18,6255.1
8.2336,232.18,6255.6
8.2338,232.23,6251
8.234,232.28,6246.1
8.2342,232.3,6242.9
8.2344,232.31,6241.7
8.2346,232.34,6247.2
8.2348,232.39,6258.1
8.235,232.47,6264.2
8.2352,232.58,6260.8
8.2354,232.66,6254.6
8.2356,232.68,6251.4
8.2358,232.59,6251.5
8.236,232.4,6258.3
8.2362,232.22,6269.9
8.2364,232.16,6276.4
8.2366,232.21,6273.6
8.2368,232.36,6267.2
8.237,232.49,6259.7
8.2372,232.58,6256.4
8.2374,232.63,6260.4
8.2376,232.7,6268.8
8.2378,232.81,6275.2
8.238,232.91,6274.5
8.2382,232.95,6269.6
8.2384,232.9,6265
8.2386,232.75,6261.2
8.2388,232.55,6263.2
8.239,232.36,6269.7
8.2392,232.2,6275.8
8.2394,232.16,6277.1
8.2396,232.22,6272.5
8.2398,232.37,6266
8.24,232.54,6263.1
8.2402,232.7,6263.8
8.2404,232.79,6266.3
8.2406,232.8,6269.1
8.2408,232.8,6268.8
8.241,232.79,6267
8.2412,232.74,6263.8
8.2414,232.66,6261.8
8.2416,232.53,6260.8
8.2418,232.39,6259.9
8.242,232.24,6259.9
8.2422,232.14,6260.7
8.2424,232.11,6260.6
8.2426,232.17,6258.2
8.2428,232.32,6253.9
8.243,232.5,6249.5
8.2432,232.61,6247.1
8.2434,232.68,6246.5
8.2436,232.65,6249.4
8.2438,232.6,6252.9
8.244,232.5,6255.1
8.2442,232.37,6255.1
8.2444,232.29,6251.2
8.2446,232.23,6246.2
8.2448,232.18,6244.2
8.245,232.18,6245.9
8.2452,232.2,6249.3
8.2454,232.28,6251.1
8.2456,232.42,6249.9
8.2458,232.53,6248
8.246,232.64,6246.7
8.2462,232.7,6246.7
8.2464,232.74,6248.1
8.2466,232.74,6250.5
8.2468,232.7,6252.4
8.247,232.62,6251.9
8.2472,232.43,6250.2
8.2474,232.24,6248.8
8.2476,232.11,6248.3
8.2478,232.04,6248.1
8.248,232.09,6247.9
8.2482,232.19,6247.8
8.2484,232.32,6246
8.2486,232.46,6242.4
8.2488,232.56,6240.9
8.249,232.57,6244.8
8.2492,232.55,6248.8
8.2494,232.5,6250.6
8.2496,232.45,6253
8.2498,232.4,6255.3
8.25,232.31,6254.5
8.2502,232.24,6254.1
8.2504,232.22,6254.6
8.2506,232.26,6254.1
8.2508,232.36,6252.2
8.251,232.45,6250
8.2512,232.54,6250.9
8.2514,232.61,6255.2
8.2516,232.7,6259.8
8.2518,232.76,6262.8
8.252,232.76,6263.3
8.2522,232.71,6260.8
8.2524,232.64,6258.7
8.2526,232.52,6257.8
8.2528,232.4,6257.5
8.253,232.27,6260.1
8.2532,232.22,6264.8
8.2534,232.26,6267
8.2536,232.36,6266.3
8.2538,232.48,6265
8.254,232.6,6262.1
8.2542,232.71,6258.7
8.2544,232.81,6257
8.2546,232.84,6259.3
8.2548,232.85,6263.8
8.255,232.8,6269.8
8.2552,232.71,6275
8.2554,232.57,6274.4
8.2556,232.45,6269.3
8.2558,232.4,6264.4
8.256,232.37,6260.8
8.2562,232.33,6259.3
8.2564,232.35,6260.2
8.2566,232.41,6261.5
8.2568,232.5,6258.8
8.257,232.59,6254.9
8.2572,232.66,6252.2
8.2574,232.66,6252.1
8.2576,232.61,6252.2
8.2578,232.56,6255.8
8.258,232.48,6259.2
8.2582,232.37,6257.8
8.2584,232.28,6253.6
8.2586,232.24,6251.3
8.2588,232.23,6250.1
8.259,232.18,6250
8.2592,232.19,6250.4
8.2594,232.27,6249.9
8.2596,232.41,6247.7
8.2598,232.56,6247
8.26,232.69,6248.2
8.2602,232.73,6250.1
8.2604,232.7,6252.3
8.2606,232.64,6253.4
8.2608,232.54,6253.6
8.261,232.4,6253.1
8.2612,232.33,6252
8.2614,232.32,6253.9
8.2616,232.37,6256.4
8.2618,232.42,6258.1
8.262,232.45,6257.1
8.2622,232.49,6255.7
8.2624,232.54,6253.6
8.2626,232.65,6252.1
8.2628,232.79,6253.2
8.263,232.93,6254.4
8.2632,232.98,6255.9
8.2634,232.88,6256.1
8.2636,232.67,6254.6
8.2638,232.4,6253.4
8.264,232.25,6253.6
8.2642,232.19,6254.2
8.2644,232.23,6255.5
8.2646,232.36,6257.5
8.2648,232.49,6256.6
8.265,232.6,6256.6
8.2652,232.71,6258.9
8.2654,232.85,6260.7
8.2656,232.98,6259.8
8.2658,233.11,6258.1
8.266,233.17,6258.5
8.2662,233.15,6260.4
8.2664,233.05,6264.4
8.2666,232.84,6270.4
8.2668,232.73,6272.8
8.267,232.75,6269.8
8.2672,232.82,6264.8
8.2674,232.89,6261.5
8.2676,232.97,6262.8
8.2678,233.04,6270.7
8.268,233.14,6280.6
8.2682,233.25,6283.3
8.2684,233.37,6278.5
8.2686,233.46,6273.7
8.2688,233.49,6271.8
8.269,233.43,6275.2
8.2692,233.28,6284.1
8.2694,233.11,6293.4
8.2696,233.03,6295.7
8.2698,233.06,6290.4
8.27,233.16,6284
8.2702,233.24,6278.6
8.2704,233.31,6278.3
8.2706,233.39,6283.7
8.2708,233.46,6290.5
8.271,233.56,6293.6
8.2712,233.65,6291.3
8.2714,233.69,6285
8.2716,233.7,6281.3
8.2718,233.65,6280
8.272,233.48,6285.2
8.2722,233.27,6295.1
8.2724,233.2,6300.2
8.2726,233.26,6297.5
8.2728,233.38,6290.5
8.273,233.5,6284.4
8.2732,233.59,6283.2
8.2734,233.66,6285.3
8.2736,233.72,6289.4
8.2738,233.8,6291.1
8.274,233.89,6289.2
8.2742,233.95,6286.9
8.2744,233.94,6284.1
8.2746,233.85,6284.6
8.2748,233.67,6286.6
8.275,233.46,6286.8
8.2752,233.32,6284.5
8.2754,233.27,6282.2
8.2756,233.31,6280.2
8.2758,233.42,6279.9
8.276,233.54,6281
8.2762,233.66,6282.2
8.2764,233.78,6280.9
8.2766,233.85,6276.8
8.2768,233.88,6275.6
8.277,233.86,6278.9
8.2772,233.83,6281.4
8.2774,233.77,6282
8.2776,233.65,6280.9
8.2778,233.51,6279.5
8.278,233.49,6278.8
8.2782,233.52,6279.4
8.2784,233.58,6280
8.2786,233.66,6278.7
8.2788,233.74,6276.9
8.279,233.84,6276
8.2792,233.94,6275.1
8.2794,233.99,6275.5
8.2796,234.02,6276.5
8.2798,234.02,6278.4
8.28,233.99,6280.2
8.2802,233.91,6281.5
8.2804,233.79,6280.1
8.2806,233.61,6276.6
8.2808,233.46,6273.9
8.281,233.38,6275.6
8.2812,233.4,6281.9
8.2814,233.52,6286.8
8.2816,233.71,6287.1
8.2818,233.87,6283.6
8.282,234.02,6279.3
8.2822,234.14,6276.3
8.2824,234.18,6276
8.2826,234.18,6280.7
8.2828,234.19,6285
8.283,234.14,6286.1
8.2832,233.99,6284.7
8.2834,233.84,6282
8.2836,233.76,6278.9
8.2838,233.71,6279
8.284,233.74,6280.1
8.2842,233.82,6281.4
8.2844,233.91,6281.7
8.2846,234,6282.9
8.2848,234.07,6285.5
8.285,234.18,6288.7
8.2852,234.3,6288.8
8.2854,234.38,6285.6
8.2856,234.4,6283.3
8.2858,234.28,6283.6
8.286,234.03,6288.1
8.2862,233.87,6293.8
8.2864,233.83,6296.3
8.2866,233.8,6292.4
8.2868,233.86,6285.3
8.287,233.95,6278.5
8.2872,234.01,6274.5
8.2874,234.02,6277.5
8.2876,234.07,6285.4
8.2878,234.11,6292
8.288,234.19,6290.3
8.2882,234.32,6285.7
8.2884,234.41,6281.2
8.2886,234.34,6279.8
8.2888,234.07,6282.4
8.289,233.88,6290.3
8.2892,233.9,6297.5
8.2894,234.08,6297.6
8.2896,234.25,6293.8
8.2898,234.39,6289.5
8.29,234.46,6284.6
8.2902,234.44,6281.8
8.2904,234.4,6283.9
8.2906,234.41,6288.8
8.2908,234.46,6290.4
8.291,234.51,6289.4
8.2912,234.49,6288.7
8.2914,234.4,6285.2
8.2916,234.2,6282.2
8.2918,233.95,6284.1
8.292,233.84,6288.1
8.2922,233.88,6290.2
8.2924,234.01,6287.2
8.2926,234.17,6280.7
8.2928,234.27,6274.8
8.293,234.28,6271.7
8.2932,234.25,6273.5
8.2934,234.23,6278.6
8.2936,234.25,6282.3
8.2938,234.29,6282.6
8.294,234.31,6279.8
8.2942,234.23,6275.5
8.2944,234.06,6273.9
8.2946,233.9,6274.9
8.2948,233.78,6276.5
8.295,233.74,6277.8
8.2952,233.76,6277.8
8.2954,233.88,6275.7
8.2956,234.05,6272
8.2958,234.18,6267.6
8.296,234.25,6265.5
8.2962,234.27,6265.1
8.2964,234.27,6265.9
8.2966,234.2,6265.4
8.2968,234.05,6265.2
8.297,233.83,6264.4
8.2972,233.67,6262.3
8.2974,233.61,6260.6
8.2976,233.65,6259.8
8.2978,233.67,6262.2
8.298,233.67,6266.7
8.2982,233.71,6270
8.2984,233.78,6270.2
8.2986,233.89,6267.3
8.2988,234.03,6262.4
8.299,234.11,6259.9
8.2992,234.12,6261.1
8.2994,234.06,6264.8
8.2996,233.96,6270.1
8.2998,233.8,6275.3
8.3,233.65,6275
8.3002,233.6,6268.2
8.3004,233.56,6261.8
8.3006,233.53,6263.4
8.3008,233.52,6268.7
8.301,233.55,6271.6
8.3012,233.63,6270.8
8.3014,233.73,6267.5
8.3016,233.85,6263.5
8.3018,233.97,6262.6
8.302,234.04,6264.6
8.3022,234.02,6265.5
8.3024,233.91,6265.9
8.3026,233.73,6265.7
8.3028,233.52,6263.7
8.303,233.34,6261.9
8.3032,233.22,6260.6
8.3034,233.17,6260.7
8.3036,233.21,6259.7
8.3038,233.32,6257.3
8.304,233.48,6257.9
8.3042,233.61,6258.9
8.3044,233.67,6258.3
8.3046,233.69,6256.8
8.3048,233.65,6254.7
8.305,233.55,6253.4
8.3052,233.45,6250.1
8.3054,233.3,6250.5
8.3056,233.14,6258.2
8.3058,233.15,6268.5
8.306,233.32,6273.2
8.3062,233.48,6271.1
8.3064,233.54,6264.7
8.3066,233.53,6258.3
8.3068,233.48,6255
8.307,233.47,6257.1
8.3072,233.54,6260.8
8.3074,233.67,6263.1
8.3076,233.81,6262.8
8.3078,233.89,6263.7
8.308,233.81,6263.6
8.3082,233.58,6261.2
8.3084,233.31,6258.2
8.3086,233.09,6255.1
8.3088,232.99,6254.4
8.309,233.02,6255.9
8.3092,233.14,6259.1
8.3094,233.3,6260
8.3096,233.45,6256.1
8.3098,233.56,6250.4
8.31,233.61,6245.6
8.3102,233.6,6245.5
8.3104,233.57,6249.9
8.3106,233.53,6254.9
8.3108,233.47,6257.3
8.311,233.34,6255.2
8.3112,233.18,6249.4
8.3114,233.03,6243.4
8.3116,232.88,6242.3
8.3118,232.82,6246.1
8.312,232.89,6250.1
8.3122,233.08,6250.9
8.3124,233.3,6250.7
8.3126,233.46,6247.8
8.3128,233.55,6243
8.313,233.5,6239.7
8.3132,233.41,6238.9
8.3134,233.32,6241.2
8.3136,233.22,6245.1
8.3138,233.06,6247.5
8.314,232.91,6247.5
8.3142,232.82,6244.6
8.3144,232.79,6241.8
8.3146,232.83,6240.2
8.3148,232.92,6241.1
8.315,233.08,6242.5
8.3152,233.26,6244.9
8.3154,233.45,6247.6
8.3156,233.56,6247.5
8.3158,233.58,6247.5
8.316,233.51,6248.7
8.3162,233.41,6250.3
8.3164,233.27,6253.2
8.3166,233.11,6256.4
8.3168,233.04,6255.2
8.317,233.06,6252.7
8.3172,233.09,6249.4
8.3174,233.12,6247.8
8.3176,233.1,6249.2
8.3178,233.07,6252.3
8.318,233.06,6256.4
8.3182,233.1,6256.4
8.3184,233.19,6256.3
8.3186,233.39,6257.1
8.3188,233.55,6257.7
8.319,233.49,6261.1
8.3192,233.31,6263.2
8.3194,233.18,6264.2
8.3196,233.14,6264.1
8.3198,233.12,6263.7
8.32,233.07,6265.8
8.3202,233.06,6272.4
8.3204,233.11,6278.4
8.3206,233.24,6279.2
8.3208,233.46,6273.5
8.321,233.69,6267.8
8.3212,233.84,6268.8
8.3214,233.9,6275.7
8.3216,233.83,6283.2
8.3218,233.68,6287.3
8.322,233.49,6284.2
8.3222,233.38,6276
8.3224,233.41,6266.4
8.3226,233.45,6263.3
8.3228,233.42,6268.2
8.323,233.39,6273.8
8.3232,233.35,6272.7
8.3234,233.35,6265.9
8.3236,233.46,6259.3
8.3238,233.62,6257
8.324,233.77,6260.2
8.3242,233.81,6267.1
8.3244,233.77,6271.4
8.3246,233.61,6269.8
8.3248,233.4,6264.3
8.325,233.21,6259.4
8.3252,233.04,6258.2
8.3254,232.87,6260.3
8.3256,232.74,6263.9
8.3258,232.7,6263.3
8.326,232.75,6257
8.3262,232.91,6248.7
8.3264,233.07,6245.2
8.3266,233.18,6247.4
8.3268,233.21,6254.2
8.327,233.17,6260.5
8.3272,233.07,6263.2
8.3274,232.95,6259.8
8.3276,232.83,6253
8.3278,232.84,6247.7
8.328,232.88,6247.6
8.3282,232.88,6251.8
8.3284,232.84,6255.2
8.3286,232.82,6254.6
8.3288,232.84,6250.9
8.329,232.95,6245.9
8.3292,233.1,6243.5
8.3294,233.24,6244
8.3296,233.31,6248.3
8.3298,233.29,6253.7
8.33,233.19,6255.6
8.3302,233.09,6253.3
8.3304,233,6250.5
8.3306,232.87,6247.5
8.3308,232.77,6246.3
8.331,232.73,6248.7
8.3312,232.76,6252.1
8.3314,232.86,6252.4
8.3316,233,6249.3
8.3318,233.11,6244.5
8.332,233.18,6241.1
8.3322,233.22,6242.8
8.3324,233.26,6248.1
8.3326,233.24,6251.6
8.3328,233.15,6250.9
8.333,232.98,6248.2
8.3332,232.77,6248.1
8.3334,232.61,6250.3
8.3336,232.52,6252.3
8.3338,232.52,6252.4
8.334,232.56,6249.7
8.3342,232.6,6244.2
8.3344,232.67,6240.5
8.3346,232.77,6241.8
8.3348,232.9,6246.1
8.335,233.07,6250.5
8.3352,233.18,6252.8
8.3354,233.17,6251.6
8.3356,233.07,6246.7
8.3358,232.91,6244.1
8.336,232.78,6246.7
8.3362,232.78,6253.7
8.3364,232.81,6255.5
8.3366,232.77,6251.6
8.3368,232.68,6245
8.337,232.63,6239
8.3372,232.62,6238.7
8.3374,232.74,6244.4
8.3376,232.96,6250.7
8.3378,233.18,6250.5
8.338,233.24,6247.8
8.3382,233.18,6246.7
8.3384,233.01,6244.4
8.3386,232.84,6241.1
8.3388,232.73,6239.1
8.339,232.56,6238.4
8.3392,232.45,6240.6
8.3394,232.48,6244
8.3396,232.54,6245.1
8.3398,232.6,6241
8.34,232.69,6233.5
8.3402,232.79,6226.8
8.3404,232.88,6225.9
8.3406,232.97,6230.6
8.3408,232.95,6235
8.341,232.85,6237.3
8.3412,232.71,6236.9
8.3414,232.55,6232.9
8.3416,232.39,6227.2
8.3418,232.22,6223.8
8.342,232.02,6224.7
8.3422,231.88,6228.4
8.3424,231.85,6230.1
8.3426,231.93,6227.3
8.3428,232.09,6221
8.343,232.24,6215.6
8.3432,232.35,6213.9
8.3434,232.38,6215.4
8.3436,232.36,6220.8
8.3438,232.33,6225.2
8.344,232.31,6227.1
8.3442,232.27,6223.7
8.3444,232.2,6218
8.3446,232.07,6215
8.3448,231.91,6216.6
8.345,231.83,6220.5
8.3452,231.84,6222.6
8.3454,231.98,6221.6
8.3456,232.17,6218.8
8.3458,232.36,6215
8.346,232.44,6212.4
8.3462,232.44,6212.2
8.3464,232.41,6212.8
8.3466,232.34,6216.6
8.3468,232.25,6218.9
8.347,232.17,6219.6
8.3472,232.06,6217.7
8.3474,231.89,6215.6
8.3476,231.78,6215.8
8.3478,231.72,6218
8.348,231.76,6220.9
8.3482,231.94,6221.4
8.3484,232.16,6219.2
8.3486,232.35,6217.1
8.3488,232.45,6216.2
8.349,232.47,6216.8
8.3492,232.47,6219
8.3494,232.45,6221.9
8.3496,232.39,6223.3
8.3498,232.28,6222.5
8.35,232.1,6223.4
8.3502,231.98,6223.2
8.3504,231.92,6220.9
8.3506,231.87,6220.2
8.3508,231.84,6219.7
8.351,231.88,6216.8
8.3512,231.98,6214.6
8.3514,232.08,6215
8.3516,232.15,6215.9
8.3518,232.2,6216.7
8.352,232.24,6218.3
8.3522,232.23,6219.5
8.3524,232.16,6222.4
8.3526,231.98,6224.7
8.3528,231.82,6228
8.353,231.78,6230.5
8.3532,231.82,6230.1
8.3534,231.84,6228.5
8.3536,231.85,6226.8
8.3538,231.86,6226.8
8.354,231.91,6228.3
8.3542,232.01,6230.7
8.3544,232.18,6230.3
8.3546,232.38,6231.2
8.3548,232.56,6234.6
8.355,232.63,6239.1
8.3552,232.55,6241.9
8.3554,232.35,6240.6
8.3556,232.14,6237.3
8.3558,232.08,6233.5
8.356,232.06,6231.3
8.3562,232.01,6232.6
8.3564,232.01,6234.9
8.3566,232.05,6234.3
8.3568,232.12,6231.2
8.357,232.27,6226.6
8.3572,232.39,6222.2
8.3574,232.41,6222.7
8.3576,232.37,6227.7
8.3578,232.27,6233.1
8.358,232.15,6234.9
8.3582,232.02,6231.9
8.3584,231.97,6226
8.3586,231.9,6221
8.3588,231.81,6220.3
8.359,231.74,6224.4
8.3592,231.75,6228
8.3594,231.88,6229.2
8.3596,232.11,6228
8.3598,232.34,6224.9
8.36,232.5,6221.6
8.3602,232.59,6220.1
8.3604,232.57,6221.8
8.3606,232.47,6224.2
8.3608,232.32,6225.2
8.361,232.13,6224.9
8.3612,231.99,6223.1
8.3614,231.97,6221.2
8.3616,231.97,6220.8
8.3618,232,6219.4
8.362,232.02,6218.2
8.3622,232.06,6217.3
8.3624,232.15,6218.8
8.3626,232.3,6219
8.3628,232.49,6216.8
8.363,232.63,6214
8.3632,232.7,6211.2
8.3634,232.6,6209.5
8.3636,232.34,6212.1
8.3638,232.08,6217.6
8.364,231.93,6218.3
8.3642,231.85,6216.1
8.3644,231.85,6214.7
8.3646,231.94,6214.8
8.3648,232.07,6213.7
8.365,232.21,6214.1
8.3652,232.31,6216.1
8.3654,232.4,6217.7
8.3656,232.46,6217.2
8.3658,232.53,6216.1
8.366,232.58,6218.2
8.3662,232.61,6222
8.3664,232.57,6225.3
8.3666,232.45,6227.6
8.3668,232.38,6226.1
8.367,232.3,6224.5
8.3672,232.27,6224.1
8.3674,232.26,6223.7
8.3676,232.29,6222.5
8.3678,232.42,6221.3
8.368,232.57,6221.3
8.3682,232.74,6221.1
8.3684,232.86,6222.1
8.3686,232.89,6220.5
8.3688,232.8,6218.6
8.369,232.64,6219.6
8.3692,232.43,6223.7
8.3694,232.29,6229.2
8.3696,232.28,6231.4
8.3698,232.33,6230.8
8.37,232.4,6226.4
8.3702,232.41,6220.9
8.3704,232.41,6220.2
8.3706,232.43,6224.1
8.3708,232.51,6232.2
8.371,232.67,6239.2
8.3712,232.85,6241
8.3714,232.93,6238.9
8.3716,232.89,6235.6
8.3718,232.76,6233.7
8.372,232.6,6235.2
8.3722,232.46,6240.5
8.3724,232.39,6243.6
8.3726,232.32,6241.9
8.3728,232.23,6239.5
8.373,232.18,6238.2
8.3732,232.22,6237.5
8.3734,232.35,6237.4
8.3736,232.5,6237.2
8.3738,232.64,6236.1
8.374,232.69,6234.9
8.3742,232.68,6235.8
8.3744,232.61,6239.3
8.3746,232.5,6241.6
8.3748,232.38,6239.8
8.375,232.23,6235.9
8.3752,232.09,6231.7
8.3754,231.97,6229.4
8.3756,231.88,6231.1
8.3758,231.85,6237
8.376,231.92,6241.3
8.3762,232.06,6240.2
8.3764,232.26,6234.9
8.3766,232.43,6229.4
8.3768,232.52,6228.4
8.377,232.52,6233.7
8.3772,232.43,6240.3
8.3774,232.3,6242.4
8.3776,232.13,6239.4
8.3778,232.01,6232.7
8.378,231.93,6228.3
8.3782,231.84,6229.2
8.3784,231.81,6232.5
8.3786,231.82,6236
8.3788,231.96,6236.3
8.379,232.17,6233.8
8.3792,232.34,6229.8
8.3794,232.42,6228.1
8.3796,232.43,6230.5
8.3798,232.37,6232.8
8.38,232.3,6234.9
8.3802,232.24,6235
8.3804,232.18,6234.2
8.3806,232.07,6232.8
8.3808,231.87,6230.8
8.381,231.7,6233.1
8.3812,231.63,6237.4
8.3814,231.71,6239.5
8.3816,231.92,6237.8
8.3818,232.18,6234.5
8.382,232.38,6234.9
8.3822,232.49,6235.9
8.3824,232.51,6237.6
8.3826,232.48,6239.2
8.3828,232.44,6239.4
8.383,232.33,6239.7
8.3832,232.11,6242.5
8.3834,231.95,6245.4
8.3836,231.92,6245
8.3838,231.93,6241.9
8.384,231.98,6238
8.3842,232.09,6236.4
8.3844,232.2,6240.9
8.3846,232.27,6248.6
8.3848,232.35,6251.8
8.385,232.44,6248.7
8.3852,232.56,6242.7
8.3854,232.64,6240.5
8.3856,232.6,6242.7
8.3858,232.43,6249.2
8.386,232.2,6256.4
8.3862,232.03,6257.3
8.3864,231.96,6252.2
8.3866,232,6246.8
8.3868,232.1,6247.2
8.387,232.23,6255.3
8.3872,232.43,6263.4
8.3874,232.6,6265.3
8.3876,232.68,6263.1
8.3878,232.73,6257.8
8.388,232.77,6254
8.3882,232.77,6255.9
8.3884,232.75,6261.2
8.3886,232.68,6265.1
8.3888,232.52,6265.1
8.389,232.32,6264.5
8.3892,232.23,6263.9
8.3894,232.22,6261.5
8.3896,232.28,6258.6
8.3898,232.37,6256.5
8.39,232.5,6255.9
8.3902,232.62,6256
8.3904,232.71,6257
8.3906,232.77,6259.2
8.3908,232.81,6261.6
8.391,232.79,6261.7
8.3912,232.72,6259.9
8.3914,232.57,6258.6
8.3916,232.37,6257.9
8.3918,232.19,6257.2
8.392,232.09,6257.6
8.3922,232.09,6259.3
8.3924,232.18,6260.1
8.3926,232.3,6257.3
8.3928,232.41,6251.6
8.393,232.47,6246.5
8.3932,232.52,6245.2
8.3934,232.57,6247.7
8.3936,232.64,6251.7
8.3938,232.67,6256.4
8.394,232.6,6259.2
8.3942,232.48,6260.6
8.3944,232.4,6256.9
8.3946,232.28,6250.2
8.3948,232.15,6246.7
8.395,232.06,6248.7
8.3952,232.06,6252.7
8.3954,232.15,6255.6
8.3956,232.33,6253.8
8.3958,232.52,6249.4
8.396,232.65,6246.5
8.3962,232.68,6246
8.3964,232.67,6247.2
8.3966,232.63,6250.6
8.3968,232.57,6254.9
8.397,232.47,6255.4
8.3972,232.32,6252.2
8.3974,232.18,6248.2
8.3976,232.07,6246.4
8.3978,232,6248.8
8.398,232.02,6252.9
8.3982,232.13,6254.4
8.3984,232.29,6251.3
8.3986,232.44,6245.2
8.3988,232.54,6243.4
8.399,232.55,6247.9
8.3992,232.5,6254.8
8.3994,232.45,6258.6
8.3996,232.41,6257.2
8.3998,232.31,6254.7
8.4,232.18,6253.5
8.4002,232.09,6253.1
8.4004,232.02,6253.3
8.4006,231.97,6252.2
8.4008,232.02,6251
8.401,232.17,6249.5
8.4012,232.33,6253.9
8.4014,232.39,6261.7
8.4016,232.41,6266.6
8.4018,232.44,6265.4
8.402,232.47,6260.2
8.4022,232.47,6255.1
8.4024,232.45,6254.6
8.4026,232.34,6261.9
8.4028,232.16,6270.2
8.403,232.1,6272.2
8.4032,232.12,6270.4
8.4034,232.11,6266.8
8.4036,232.1,6265.1
8.4038,232.16,6264.5
8.404,232.28,6262.6
8.4042,232.44,6259.7
8.4044,232.61,6259.4
8.4046,232.7,6260.1
8.4048,232.69,6260.7
8.405,232.59,6260.6
8.4052,232.44,6261.1
8.4054,232.27,6263
8.4056,232.1,6265.1
8.4058,232.06,6267.2
8.406,232.18,6268.7
8.4062,232.36,6268.4
8.4064,232.5,6266.5
8.4066,232.54,6263.9
8.4068,232.53,6262.9
8.407,232.55,6263.5
8.4072,232.64,6264.7
8.4074,232.77,6267.4
8.4076,232.88,6270.4
8.4078,232.9,6271
8.408,232.78,6268.6
8.4082,232.57,6264.6
8.4084,232.31,6263.4
8.4086,232.16,6264.9
8.4088,232.12,6266
8.409,232.15,6265.4
8.4092,232.27,6262.8
8.4094,232.39,6258.4
8.4096,232.48,6256.3
8.4098,232.55,6256.4
8.41,232.62,6258.3
8.4102,232.69,6259.6
8.4104,232.74,6258.3
8.4106,232.72,6258.8
8.4108,232.61,6257.4
8.411,232.44,6254.1
8.4112,232.28,6251
8.4114,232.19,6250.8
8.4116,232.19,6253
8.4118,232.25,6256.2
8.412,232.38,6258.2
8.4122,232.54,6256.4
8.4124,232.68,6252.2
8.4126,232.77,6249.6
8.4128,232.8,6249.6
8.413,232.8,6252.5
8.4132,232.82,6256.2
8.4134,232.84,6258.6
8.4136,232.79,6257
8.4138,232.67,6253.5
8.414,232.64,6251.4
8.4142,232.63,6253.2
8.4144,232.62,6257.1
8.4146,232.63,6259.4
8.4148,232.63,6257.1
8.415,232.7,6252.8
8.4152,232.81,6249.6
8.4154,232.96,6250.9
8.4156,233.09,6256.1
8.4158,233.16,6262.3
8.416,233.14,6264.6
8.4162,233.04,6263.4
8.4164,232.93,6260.5
8.4166,232.8,6258
8.4168,232.71,6257.4
8.417,232.63,6260.9
8.4172,232.57,6267.1
8.4174,232.57,6270.8
8.4176,232.65,6270
8.4178,232.77,6266.3
8.418,232.92,6264.9
8.4182,233.03,6265.9
8.4184,233.11,6267.1
8.4186,233.13,6269
8.4188,233.12,6269.8
8.419,233.04,6270.1
8.4192,232.91,6268.7
8.4194,232.8,6266.6
8.4196,232.72,6265.8
8.4198,232.63,6265.2
8.42,232.53,6265.7
8.4202,232.51,6267.5
8.4204,232.6,6268.6
8.4206,232.76,6269.6
8.4208,232.98,6269.8
8.421,233.14,6267.8
8.4212,233.18,6267.2
8.4214,233.15,6268.3
8.4216,233.03,6271.6
8.4218,232.92,6277.7
8.422,232.81,6280.4
8.4222,232.7,6277.8
8.4224,232.64,6274.1
8.4226,232.61,6274
8.4228,232.61,6275.9
8.423,232.62,6277.9
8.4232,232.68,6278.1
8.4234,232.84,6277.5
8.4236,233.01,6275.5
8.4238,233.14,6274.7
8.424,233.22,6275.3
8.4242,233.21,6276.4
8.4244,233.15,6276.2
8.4246,233.05,6274.6
8.4248,232.9,6272.6
8.425,232.75,6270.4
8.4252,232.63,6269.7
8.4254,232.6,6269.8
8.4256,232.58,6270.6
8.4258,232.56,6272.1
8.426,232.59,6272
8.4262,232.69,6269.7
8.4264,232.83,6266.9
8.4266,232.96,6264.8
8.4268,233.08,6265.6
8.427,233.14,6268.7
8.4272,233.11,6272.9
8.4274,233.01,6274.2
8.4276,232.91,6269.2
8.4278,232.81,6262.3
8.428,232.74,6259.7
8.4282,232.73,6259.9
8.4284,232.74,6262.2
8.4286,232.76,6264.8
8.4288,232.85,6264.9
8.429,232.98,6261.3
8.4292,233.1,6256.4
8.4294,233.18,6255.4
8.4296,233.24,6260.2
8.4298,233.27,6266.2
8.43,233.25,6267.8
8.4302,233.21,6267.3
8.4304,233.13,6265.2
8.4306,232.95,6262.6
8.4308,232.85,6263.1
8.431,232.83,6265.7
8.4312,232.86,6267.2
8.4314,232.93,6265.4
8.4316,233.03,6263
8.4318,233.16,6261.1
8.432,233.29,6263.5
8.4322,233.43,6270.5
8.4324,233.55,6275.2
8.4326,233.6,6277.4
8.4328,233.6,6275.4
8.433,233.56,6271.9
8.4332,233.4,6269.2
8.4334,233.21,6271.3
8.4336,233.1,6277.4
8.4338,233.09,6280.5
8.434,233.14,6278.4
8.4342,233.21,6274
8.4344,233.28,6272.2
8.4346,233.36,6272.3
8.4348,233.46,6275.3
8.435,233.58,6279.8
8.4352,233.68,6281.7
8.4354,233.71,6278.7
8.4356,233.65,6274.3
8.4358,233.44,6272.2
8.436,233.17,6276.7
8.4362,233.03,6281.4
8.4364,233,6285.9
8.4366,233.07,6285.7
8.4368,233.18,6282.1
8.437,233.22,6277.2
8.4372,233.25,6274.7
8.4374,233.27,6280
8.4376,233.36,6287.9
8.4378,233.56,6289.2
8.438,233.74,6285.7
8.4382,233.83,6281.4
8.4384,233.77,6280
8.4386,233.55,6280.6
8.4388,233.29,6281.2
8.439,233.12,6283.7
8.4392,233.05,6285.6
8.4394,233.03,6285.9
8.4396,233,6285
8.4398,233.02,6283
8.44,233.09,6278.6
8.4402,233.18,6273.1
8.4404,233.28,6268.4
8.4406,233.36,6265.3
8.4408,233.37,6265.1
8.441,233.32,6269.3
8.4412,233.21,6275.7
8.4414,233.07,6278.3
8.4416,232.91,6274.5
8.4418,232.73,6267.2
8.442,232.54,6259.8
8.4422,232.38,6257.5
8.4424,232.3,6261.8
8.4426,232.36,6266.5
8.4428,232.53,6267.5
8.443,232.74,6262.8
8.4432,232.92,6256.8
8.4434,232.98,6252.6
8.4436,232.94,6253.8
8.4438,232.86,6258
8.444,232.75,6262.8
8.4442,232.62,6261.9
8.4444,232.51,6256.6
8.4446,232.42,6250.3
8.4448,232.33,6250.1
8.445,232.24,6256
8.4452,232.22,6260.8
8.4454,232.32,6258.9
8.4456,232.5,6251.6
8.4458,232.66,6243
8.446,232.74,6238.6
8.4462,232.72,6241.8
8.4464,232.63,6250.2
8.4466,232.57,6257.1
8.4468,232.5,6258.8
8.447,232.41,6256
8.4472,232.28,6250.4
8.4474,232.1,6245.2
8.4476,231.98,6244.3
8.4478,231.97,6247.8
8.448,232.04,6254.4
8.4482,232.16,6255.4
8.4484,232.33,6251.9
8.4486,232.49,6249.6
8.4488,232.61,6251.8
8.449,232.65,6255
8.4492,232.65,6255.1
8.4494,232.64,6255.2
8.4496,232.6,6255.8
8.4498,232.51,6257.8
8.45,232.32,6263.1
8.4502,232.12,6268.4
8.4504,232.03,6269.2
8.4506,232.06,6267.5
8.4508,232.17,6267.4
8.451,232.32,6269.4
8.4512,232.49,6272.4
8.4514,232.68,6275.1
8.4516,232.84,6274.1
8.4518,232.91,6271.5
8.452,232.95,6272.4
8.4522,232.97,6276.2
8.4524,232.9,6279.2
8.4526,232.74,6278.9
8.4528,232.62,6275.3
8.453,232.54,6270.9
8.4532,232.49,6269.9
8.4534,232.47,6273
8.4536,232.45,6273.2
8.4538,232.47,6272
8.454,232.57,6269.9
8.4542,232.66,6269.6
8.4544,232.79,6271.3
8.4546,232.95,6272.8
8.4548,233,6275.8
8.455,232.94,6277.8
8.4552,232.83,6276.6
8.4554,232.68,6273.6
8.4556,232.56,6272.1
8.4558,232.53,6271.5
8.456,232.52,6273.9
8.4562,232.48,6278.1
8.4564,232.51,6279.4
8.4566,232.63,6275
8.4568,232.79,6270.4
8.457,232.97,6268.7
8.4572,233.1,6268.1
8.4574,233.15,6268.5
8.4576,233.11,6269.7
8.4578,233.01,6270.7
8.458,232.9,6270.3
8.4582,232.79,6268.8
8.4584,232.68,6267.2
8.4586,232.6,6265.4
8.4588,232.52,6263.8
8.459,232.45,6262.2
8.4592,232.45,6260.5
8.4594,232.53,6258.8
8.4596,232.64,6256.8
8.4598,232.79,6253.2
8.46,232.9,6252.2
8.4602,232.96,6253.6
8.4604,232.95,6255.2
8.4606,232.85,6254.4
8.4608,232.68,6251.9
8.461,232.51,6249.2
8.4612,232.38,6248.9
8.4614,232.32,6252.1
8.4616,232.33,6257.2
8.4618,232.41,6259.6
8.462,232.58,6257.7
8.4622,232.76,6256
8.4624,232.9,6252.4
8.4626,232.95,6250.1
8.4628,232.98,6250.8
8.463,233,6254.6
8.4632,232.99,6259
8.4634,232.98,6262
8.4636,232.91,6258.7
8.4638,232.78,6254.8
8.464,232.68,6252.8
8.4642,232.62,6251.6
8.4644,232.6,6252
8.4646,232.64,6255.3
8.4648,232.75,6258.1
8.465,232.91,6256.7
8.4652,233.07,6252.5
8.4654,233.19,6250
8.4656,233.27,6252
8.4658,233.28,6256
8.466,233.26,6260
8.4662,233.18,6262.1
8.4664,233.05,6262.6
8.4666,232.92,6262.3
8.4668,232.83,6262.6
8.467,232.81,6263.6
8.4672,232.8,6262.9
8.4674,232.82,6261.1
8.4676,232.87,6259.7
8.4678,232.92,6257.8
8.468,232.97,6258.5
8.4682,233.08,6266
8.4684,233.19,6273.5
8.4686,233.27,6274.8
8.4688,233.29,6270.9
8.469,233.2,6266.5
8.4692,233.02,6262.4
8.4694,232.78,6261.4
8.4696,232.53,6264
8.4698,232.43,6267
8.47,232.5,6267.6
8.4702,232.67,6266.2
8.4704,232.85,6265.3
8.4706,232.96,6266.5
8.4708,233,6271.7
8.471,233,6276.2
8.4712,233.04,6279
8.4714,233.16,6278.1
8.4716,233.25,6274.8
8.4718,233.22,6272.3
8.472,233.08,6273.1
8.4722,232.92,6275.9
8.4724,232.83,6281.1
8.4726,232.89,6284.5
8.4728,232.95,6283.4
8.473,233.01,6278.1
8.4732,233.11,6272.7
8.4734,233.21,6269.6
8.4736,233.27,6270.4
8.4738,233.35,6272.8
8.474,233.43,6272.8
8.4742,233.48,6270.3
8.4744,233.45,6269.6
8.4746,233.33,6268.6
8.4748,233.14,6267.3
8.475,232.91,6265.3
8.4752,232.7,6264.4
8.4754,232.59,6264.1
8.4756,232.59,6265.6
8.4758,232.66,6267.8
8.476,232.81,6266.7
8.4762,232.96,6261.6
8.4764,233.07,6257.2
8.4766,233.13,6256.4
8.4768,233.15,6256.9
8.477,233.13,6260.1
8.4772,233.1,6263.3
8.4774,233.07,6262.7
8.4776,233.01,6256.6
8.4778,232.9,6251.6
8.478,232.78,6250.3
8.4782,232.71,6251.5
8.4784,232.71,6253.4
8.4786,232.79,6254
8.4788,232.91,6253.1
8.479,233.04,6251.6
8.4792,233.17,6252.8
8.4794,233.3,6253.9
8.4796,233.36,6255
8.4798,233.38,6255.3
8.48,233.31,6253.9
8.4802,233.17,6253.2
8.4804,233.01,6253.9
8.4806,232.82,6255.7
8.4808,232.68,6257.5
8.481,232.67,6258.5
8.4812,232.74,6257.4
8.4814,232.82,6254.5
8.4816,232.94,6250.6
8.4818,233.08,6248.5
8.482,233.17,6250
8.4822,233.22,6255.9
8.4824,233.24,6260
8.4826,233.2,6262.5
8.4828,233.14,6261.1
8.483,233.06,6258.5
8.4832,232.94,6258
8.4834,232.77,6259.4
8.4836,232.6,6262.5
8.4838,232.53,6264.9
8.484,232.58,6265
8.4842,232.72,6262.5
8.4844,232.9,6262
8.4846,233.07,6263.5
8.4848,233.23,6266.3
8.485,233.37,6269.1
8.4852,233.46,6273.9
8.4854,233.49,6276.9
8.4856,233.44,6275.3
8.4858,233.32,6272.7
8.486,233.13,6272.7
8.4862,232.99,6272
8.4864,232.92,6270.4
8.4866,232.87,6270.4
8.4868,232.88,6270.2
8.487,232.98,6267.5
8.4872,233.1,6264.7
8.4874,233.27,6264.2
8.4876,233.4,6267.5
8.4878,233.5,6270.2
8.488,233.53,6269.5
8.4882,233.51,6267.1
8.4884,233.4,6266.5
8.4886,233.23,6269.1
8.4888,233.04,6275.5
8.489,232.89,6278.7
8.4892,232.82,6274.6
8.4894,232.8,6267.5
8.4896,232.85,6265.2
8.4898,233,6267.7
8.49,233.19,6271.1
8.4902,233.34,6272.3
8.4904,233.4,6270.4
8.4906,233.37,6268.4
8.4908,233.32,6268.7
8.491,233.3,6269
8.4912,233.3,6269.2
8.4914,233.29,6268.7
8.4916,233.16,6267.3
8.4918,232.97,6265.6
8.492,232.86,6266.8
8.4922,232.83,6268.8
8.4924,232.86,6268.9
8.4926,232.96,6266.9
8.4928,233.07,6266.2
8.493,233.21,6263.1
8.4932,233.37,6260.2
8.4934,233.48,6258.6
8.4936,233.52,6261.5
8.4938,233.5,6266
8.494,233.45,6268.6
8.4942,233.29,6265.3
8.4944,233.11,6260.9
8.4946,233.07,6256.5
8.4948,233.12,6254.9
8.495,233.22,6257.1
8.4952,233.3,6261.6
8.4954,233.35,6265
8.4956,233.4,6264.4
8.4958,233.5,6259.3
8.496,233.62,6255.6
8.4962,233.76,6255.8
8.4964,233.85,6258.8
8.4966,233.84,6261.3
8.4968,233.75,6262
8.497,233.55,6260.8
8.4972,233.35,6260.3
8.4974,233.22,6258.9
8.4976,233.19,6256.7
8.4978,233.23,6256.6
8.498,233.3,6256.3
8.4982,233.36,6257.9
8.4984,233.45,6262.2
8.4986,233.61,6264
8.4988,233.78,6259.6
8.499,233.88,6253.7
8.4992,233.86,6250.5
8.4994,233.7,6250.4
8.4996,233.45,6252.4
8.4998,233.2,6256.2
8.5,233.02,6263.4
8.5002,232.96,6266.7
8.5004,233,6265.1
8.5006,233.1,6261.9
8.5008,233.24,6259.3
8.501,233.4,6257.1
8.5012,233.54,6257.4
8.5014,233.63,6262.4
8.5016,233.71,6270.4
8.5018,233.82,6272.2
8.502,233.89,6267.8
8.5022,233.88,6262.5
8.5024,233.82,6259
8.5026,233.65,6258.4
8.5028,233.56,6262.1
8.503,233.57,6265.2
8.5032,233.53,6265.4
8.5034,233.49,6263.1
8.5036,233.48,6260.5
8.5038,233.53,6261.4
8.504,233.63,6264.7
8.5042,233.74,6267.7
8.5044,233.89,6268.1
8.5046,233.99,6266.2
8.5048,234.06,6262.5
8.505,233.98,6261.6
8.5052,233.79,6264.5
8.5054,233.57,6269.6
8.5056,233.39,6274.1
8.5058,233.36,6274
8.506,233.44,6269.3
8.5062,233.49,6263.5
8.5064,233.56,6261
8.5066,233.64,6260.5
8.5068,233.68,6261.6
8.507,233.75,6263.4
8.5072,233.85,6264
8.5074,233.94,6262.9
8.5076,233.96,6261
8.5078,233.95,6259.5
8.508,233.82,6258.9
8.5082,233.59,6256.9
8.5084,233.44,6255
8.5086,233.35,6254.2
8.5088,233.32,6253.5
8.509,233.29,6252.4
8.5092,233.29,6252
8.5094,233.39,6252.3
8.5096,233.53,6252.4
8.5098,233.68,6252.1
8.51,233.78,6251.1
8.5102,233.83,6250.4
8.5104,233.79,6249.9
8.5106,233.72,6248.7
8.5108,233.59,6247.4
8.511,233.43,6247.4
8.5112,233.29,6249.2
8.5114,233.18,6250.6
8.5116,233.08,6250.7
8.5118,233.03,6249.9
8.512,233.13,6248
8.5122,233.31,6245.2
8.5124,233.51,6245
8.5126,233.69,6246.6
8.5128,233.8,6246.7
8.513,233.82,6247.8
8.5132,233.78,6249
8.5134,233.68,6249
8.5136,233.52,6245.9
8.5138,233.32,6245.4
8.514,233.16,6246.6
8.5142,233.07,6247.3
8.5144,233.06,6246.6
8.5146,233.16,6247.5
8.5148,233.31,6248.4
8.515,233.46,6248.2
8.5152,233.59,6248.1
8.5154,233.67,6251.9
8.5156,233.73,6254.2
8.5158,233.79,6253.2
8.516,233.78,6251
8.5162,233.75,6250.8
8.5164,233.67,6252.4
8.5166,233.47,6255.5
8.5168,233.27,6257.1
8.517,233.09,6255.7
8.5172,232.97,6254.6
8.5174,232.98,6252.9
8.5176,233.11,6249.7
8.5178,233.28,6248.3
8.518,233.43,6250.7
8.5182,233.53,6256
8.5184,233.61,6262.7
8.5186,233.69,6265.8
8.5188,233.69,6264.1
8.519,233.63,6263.2
8.5192,233.51,6265.9
8.5194,233.37,6269.1
8.5196,233.35,6269.2
8.5198,233.34,6268.8
8.52,233.35,6266.3
8.5202,233.4,6263.9
8.5204,233.47,6263.5
8.5206,233.57,6264.3
8.5208,233.66,6266.7
8.521,233.74,6269.6
8.5212,233.82,6269.6
8.5214,233.88,6266.7
8.5216,233.87,6265.1
8.5218,233.81,6265.7
8.522,233.69,6268.9
8.5222,233.51,6272.1
8.5224,233.33,6272.7
8.5226,233.26,6270.7
8.5228,233.3,6267.6
8.523,233.38,6263.2
8.5232,233.44,6260.2
8.5234,233.49,6261.8
8.5236,233.52,6265.4
8.5238,233.57,6266.8
8.524,233.69,6266
8.5242,233.79,6264.1
8.5244,233.85,6262.1
8.5246,233.78,6260.8
8.5248,233.55,6260.3
8.525,233.31,6260.9
8.5252,233.12,6261.9
8.5254,233.03,6264
8.5256,233.07,6263
8.5258,233.2,6259.5
8.526,233.38,6257
8.5262,233.54,6256.8
8.5264,233.63,6256.4
8.5266,233.65,6254.8
8.5268,233.68,6253.9
8.527,233.69,6253.4
8.5272,233.68,6256.3
8.5274,233.65,6259.2
8.5276,233.53,6258.2
8.5278,233.4,6253.6
8.528,233.3,6249.8
8.5282,233.2,6247.6
8.5284,233.15,6247.4
8.5286,233.18,6249.6
8.5288,233.28,6252.9
8.529,233.49,6254
8.5292,233.72,6252.3
8.5294,233.89,6251.3
8.5296,233.99,6249.4
8.5298,233.98,6247.2
8.53,233.94,6246.9
8.5302,233.85,6250.2
8.5304,233.67,6253.4
8.5306,233.5,6253.3
8.5308,233.39,6252.6
8.531,233.37,6252.5
8.5312,233.39,6250.6
8.5314,233.47,6247.9
8.5316,233.57,6245.3
8.5318,233.7,6245.2
8.532,233.79,6246.9
8.5322,233.83,6251
8.5324,233.86,6253.7
8.5326,233.89,6253.8
8.5328,233.87,6251.5
8.533,233.78,6251.5
8.5332,233.6,6252.8
8.5334,233.46,6254.8
8.5336,233.41,6256.4
8.5338,233.42,6255.2
8.534,233.45,6251.5
8.5342,233.48,6247.3
8.5344,233.52,6246.8
8.5346,233.57,6255.3
8.5348,233.76,6266.1
8.535,233.99,6268.8
8.5352,234.12,6265.6
8.5354,234.2,6258.5
8.5356,234.13,6254.4
8.5358,233.93,6258.5
8.536,233.75,6269.4
8.5362,233.65,6276.4
8.5364,233.61,6274.2
8.5366,233.6,6266.2
8.5368,233.6,6259.1
8.537,233.65,6258.9
8.5372,233.74,6265.1
8.5374,233.92,6274
8.5376,234.07,6276.6
8.5378,234.21,6271.7
8.538,234.33,6265.1
8.5382,234.42,6259.4
8.5384,234.41,6257.6
8.5386,234.24,6261
8.5388,233.98,6266.5
8.539,233.78,6268
8.5392,233.69,6265.9
8.5394,233.66,6260.7
8.5396,233.72,6256.6
8.5398,233.87,6255.1
8.54,234,6256.7
8.5402,234.11,6260
8.5404,234.18,6262.4
8.5406,234.22,6262.5
8.5408,234.24,6261
8.541,234.24,6258.1
8.5412,234.23,6257.2
8.5414,234.14,6258.2
8.5416,233.97,6258.1
8.5418,233.81,6256.5
8.542,233.75,6257.5
8.5422,233.75,6258.6
8.5424,233.77,6258.2
8.5426,233.82,6256.7
8.5428,233.89,6253.6
8.543,233.94,6250.4
8.5432,234.02,6246.9
8.5434,234.06,6247.3
8.5436,234.11,6249.3
8.5438,234.12,6252.3
8.544,234.02,6252.2
8.5442,233.85,6251.6
8.5444,233.65,6251.1
8.5446,233.52,6250.7
8.5448,233.49,6252.6
8.545,233.57,6254.7
8.5452,233.7,6255
8.5454,233.8,6253.9
8.5456,233.85,6253
8.5458,233.88,6251.7
8.546,233.94,6249.2
8.5462,234.02,6248.6
8.5464,234.08,6250.1
8.5466,234.06,6253.4
8.5468,233.97,6256.1
8.547,233.81,6257.7
8.5472,233.63,6257.1
8.5474,233.47,6255.6
8.5476,233.37,6255.5
8.5478,233.35,6257.3
8.548,233.42,6257.6
8.5482,233.55,6256.4
8.5484,233.71,6256
8.5486,233.84,6257.4
8.5488,233.94,6258.2
8.549,234,6260.1
8.5492,234.01,6263.2
8.5494,233.96,6265.3
8.5496,233.85,6264.6
8.5498,233.74,6265
8.55,233.61,6265.1
8.5502,233.53,6264.4
8.5504,233.52,6263.2
8.5506,233.53,6262.3
8.5508,233.53,6262.6
8.551,233.53,6265.4
8.5512,233.57,6268.8
8.5514,233.68,6272
8.5516,233.84,6274.2
8.5518,234.04,6274
8.552,234.16,6270.9
8.5522,234.17,6266.5
8.5524,234.04,6265.2
8.5526,233.77,6267.5
8.5528,233.52,6270.9
8.553,233.38,6276
8.5532,233.37,6282.3
8.5534,233.45,6285.6
8.5536,233.59,6284.2
8.5538,233.78,6282.5
8.554,233.93,6282.1
8.5542,234.06,6282.9
8.5544,234.17,6287.6
8.5546,234.22,6293.3
8.5548,234.2,6293.8
8.555,234.16,6290
8.5552,234.09,6286.9
8.5554,233.96,6290
8.5556,233.81,6296.9
8.5558,233.77,6299.4
8.556,233.84,6294.3
8.5562,233.93,6286.2
8.5564,233.99,6284
8.5566,234.01,6287.2
8.5568,234.02,6295
8.557,234.07,6301.8
8.5572,234.21,6302.1
8.5574,234.35,6298.2
8.5576,234.39,6294.5
8.5578,234.36,6291.7
8.558,234.21,6292.1
8.5582,234.03,6294.9
8.5584,233.85,6297.4
8.5586,233.69,6296.5
8.5588,233.65,6293.1
8.559,233.72,6289.3
8.5592,233.86,6287
8.5594,234,6284
8.5596,234.1,6281.1
8.5598,234.13,6280
8.56,234.13,6281
8.5602,234.14,6282.4
8.5604,234.18,6283.9
8.5606,234.22,6285.7
8.5608,234.18,6284.2
8.561,234.03,6279.8
8.5612,233.85,6276
8.5614,233.73,6276.9
8.5616,233.68,6282.1
8.5618,233.76,6287.9
8.562,233.92,6290.4
8.5622,234.13,6286.8
8.5624,234.33,6279.4
8.5626,234.45,6274.3
8.5628,234.48,6274.9
8.563,234.47,6280.3
8.5632,234.42,6285.1
8.5634,234.33,6287.7
8.5636,234.21,6284.6
8.5638,234.07,6276.2
8.564,233.85,6270.7
8.5642,233.67,6271.5
8.5644,233.58,6276.3
8.5646,233.62,6280.3
8.5648,233.78,6281
8.565,233.99,6277.7
8.5652,234.18,6273
8.5654,234.27,6274
8.5656,234.3,6280.1
8.5658,234.28,6288.1
8.566,234.22,6291.9
8.5662,234.19,6289.6
8.5664,234.13,6282.9
8.5666,234.02,6281.6
8.5668,233.97,6285.4
8.567,234,6289.9
8.5672,234.01,6290.4
8.5674,234.04,6287.8
8.5676,234.09,6282.2
8.5678,234.14,6278.7
8.568,234.21,6279.8
8.5682,234.25,6285.8
8.5684,234.27,6291.5
8.5686,234.38,6293
8.5688,234.5,6289.2
8.569,234.5,6287
8.5692,234.36,6284.8
8.5694,234.11,6286.7
8.5696,234,6290.9
8.5698,233.99,6292.7
8.57,234.04,6292.4
8.5702,234.21,6290.1
8.5704,234.4,6286
8.5706,234.49,6283
8.5708,234.53,6284
8.571,234.56,6288.2
8.5712,234.58,6289.6
8.5714,234.61,6287.3
8.5716,234.61,6283.5
8.5718,234.55,6281.7
8.572,234.39,6284.3
8.5722,234.21,6291.2
8.5724,234.06,6293.7
8.5726,233.96,6287.7
8.5728,233.92,6279.4
8.573,233.92,6274.8
8.5732,234,6273
8.5734,234.13,6274.2
8.5736,234.25,6279.1
8.5738,234.31,6282
8.574,234.32,6278.5
8.5742,234.28,6273.2
8.5744,234.22,6271.6
8.5746,234.14,6272.4
8.5748,234.01,6273.3
8.575,233.89,6274.3
8.5752,233.77,6273
8.5754,233.7,6269.5
8.5756,233.67,6267
8.5758,233.71,6268.6
8.576,233.85,6270.3
8.5762,234.03,6270
8.5764,234.18,6268.3
8.5766,234.29,6266.2
8.5768,234.35,6264.7
8.577,234.33,6265.7
8.5772,234.25,6267.4
8.5774,234.13,6267.8
8.5776,233.95,6265.2
8.5778,233.77,6261.2
8.578,233.6,6258.9
8.5782,233.46,6259.1
8.5784,233.39,6260.1
8.5786,233.42,6259
8.5788,233.55,6255.6
8.579,233.7,6252.7
8.5792,233.84,6250.3
8.5794,233.93,6250.3
8.5796,233.95,6253
8.5798,233.91,6256.5
8.58,233.83,6257.8
8.5802,233.75,6257.1
8.5804,233.66,6254.1
8.5806,233.53,6251.3
8.5808,233.34,6249.6
8.581,233.15,6251.2
8.5812,233.04,6255.9
8.5814,233.08,6258.1
8.5816,233.26,6256.1
8.5818,233.46,6251.9
8.582,233.65,6250.9
8.5822,233.74,6252.7
8.5824,233.72,6254
8.5826,233.64,6254.3
8.5828,233.54,6252.3
8.583,233.44,6250.7
8.5832,233.3,6254.5
8.5834,233.16,6265.7
8.5836,233.16,6274.9
8.5838,233.26,6272.6
8.584,233.41,6264.5
8.5842,233.53,6258.2
8.5844,233.56,6255.9
8.5846,233.52,6259.8
8.5848,233.52,6269.1
8.585,233.62,6275.5
8.5852,233.75,6274
8.5854,233.87,6268.2
8.5856,233.9,6264.6
8.5858,233.76,6265.5
8.586,233.52,6269.3
8.5862,233.29,6274.6
8.5864,233.16,6278.5
8.5866,233.18,6278.7
8.5868,233.24,6276.9
8.587,233.34,6278
8.5872,233.53,6281.1
8.5874,233.73,6282.5
8.5876,233.87,6281.9
8.5878,233.96,6280.8
8.588,233.99,6281.2
8.5882,233.96,6281.9
8.5884,233.92,6280.9
8.5886,233.86,6278.6
8.5888,233.74,6278.5
8.589,233.62,6278
8.5892,233.55,6275.3
8.5894,233.48,6274.7
8.5896,233.44,6276.7
8.5898,233.46,6275
8.59,233.54,6270.8
8.5902,233.67,6271
8.5904,233.85,6272.1
8.5906,233.97,6272.2
8.5908,234.02,6272
8.591,234.01,6273.2
8.5912,233.91,6271.7
8.5914,233.79,6266.4
8.5916,233.6,6262.4
8.5918,233.46,6260.5
8.592,233.43,6260.1
8.5922,233.47,6259.4
8.5924,233.55,6258.8
8.5926,233.63,6259.3
8.5928,233.72,6258.7
8.593,233.81,6257.2
8.5932,233.91,6255.8
8.5934,234,6255.3
8.5936,234.07,6256
8.5938,234.08,6255.7
8.594,234.02,6255.8
8.5942,233.88,6255.9
8.5944,233.68,6254.2
8.5946,233.51,6253.8
8.5948,233.42,6254
8.595,233.39,6254.6
8.5952,233.42,6253.6
8.5954,233.55,6250.7
8.5956,233.71,6247.3
8.5958,233.84,6245.5
8.596,233.9,6246.7
8.5962,233.93,6249.6
8.5964,233.93,6250.6
8.5966,233.91,6250.6
8.5968,233.89,6249.3
8.597,233.81,6245.9
8.5972,233.62,6242.6
8.5974,233.43,6240.4
8.5976,233.28,6242.7
8.5978,233.16,6246.5
8.598,233.17,6248.4
8.5982,233.34,6246.4
8.5984,233.55,6240
8.5986,233.7,6233.8
8.5988,233.76,6233.2
8.599,233.76,6237.8
8.5992,233.75,6244.1
8.5994,233.76,6248.3
8.5996,233.74,6247.5
8.5998,233.65,6247.2
8.6,233.54,6250.3
8.6002,233.52,6251.8
8.6004,233.52,6250.4
8.6006,233.52,6247.9
8.6008,233.55,6246
8.601,233.63,6243.6
8.6012,233.75,6244.7
8.6014,233.9,6250.3
8.6016,234.04,6255.1
8.6018,234.14,6257.6
8.602,234.21,6257.2
8.6022,234.24,6256.8
8.6024,234.21,6257
8.6026,234.07,6258.4
8.6028,233.87,6259.2
8.603,233.73,6256
8.6032,233.66,6252.3
8.6034,233.66,6250.1
8.6036,233.74,6248.7
8.6038,233.85,6249.1
8.604,233.95,6250.6
8.6042,234,6250.8
8.6044,234.05,6248.7
8.6046,234.15,6245.4
8.6048,234.23,6244.1
8.605,234.23,6244.8
8.6052,234.07,6247.2
8.6054,233.81,6251.7
8.6056,233.6,6255.4
8.6058,233.52,6255.1
8.606,233.58,6253.4
8.6062,233.73,6249.7
8.6064,233.84,6244.9
8.6066,233.89,6241.7
8.6068,233.9,6241.4
8.607,233.92,6242.5
8.6072,233.96,6244.2
8.6074,234.03,6244.9
8.6076,234.07,6244
8.6078,234.04,6240.6
8.608,233.91,6238.2
8.6082,233.72,6238.9
8.6084,233.49,6239.3
8.6086,233.3,6239.6
8.6088,233.22,6240.6
8.609,233.25,6242.4
8.6092,233.38,6242.3
8.6094,233.54,6237.9
8.6096,233.66,6235.2
8.6098,233.74,6233.1
8.61,233.78,6232.8
8.6102,233.81,6234.3
8.6104,233.82,6239
8.6106,233.79,6244.6
8.6108,233.7,6244.5
8.611,233.52,6240.2
8.6112,233.27,6233.5
8.6114,233.07,6227.7
8.6116,232.95,6229
8.6118,232.99,6234.1
8.612,233.16,6238.2
8.6122,233.38,6237.7
8.6124,233.56,6232.4
8.6126,233.64,6225.7
8.6128,233.63,6222.8
8.613,233.56,6225.5
8.6132,233.48,6229.4
8.6134,233.42,6232
8.6136,233.37,6233.5
8.6138,233.28,6232.5
8.614,233.11,6229.1
8.6142,232.95,6229.3
8.6144,232.88,6231.1
8.6146,232.91,6230.9
8.6148,233.03,6229.3
8.615,233.2,6229.8
8.6152,233.38,6230.6
8.6154,233.51,6232.1
8.6156,233.58,6233.8
8.6158,233.6,6236
8.616,233.59,6237.5
8.6162,233.55,6237
8.6164,233.49,6236.9
8.6166,233.38,6236.3
8.6168,233.26,6236
8.617,233.1,6237.3
8.6172,232.95,6238.2
8.6174,232.87,6236.1
8.6176,232.9,6232.7
8.6178,233.02,6228.6
8.618,233.21,6226.1
8.6182,233.38,6227.9
8.6184,233.48,6234
8.6186,233.51,6237.6
8.6188,233.44,6236.3
8.619,233.31,6234.4
8.6192,233.17,6233.8
8.6194,233.01,6237.2
8.6196,232.94,6242.7
8.6198,232.93,6246
8.62,232.93,6244
8.6202,233.02,6238.6
8.6204,233.15,6233.8
8.6206,233.25,6233.3
8.6208,233.31,6236.9
8.621,233.35,6241
8.6212,233.38,6243.3
8.6214,233.36,6243.8
8.6216,233.31,6243.8
8.6218,233.26,6244.9
8.622,233.2,6247.1
8.6222,233.14,6249.4
8.6224,232.99,6251.3
8.6226,232.92,6251.7
8.6228,232.93,6249.8
8.623,233.01,6246.8
8.6232,233.14,6243.6
8.6234,233.26,6240.9
8.6236,233.33,6240.4
8.6238,233.37,6243
8.624,233.41,6245.2
8.6242,233.43,6244.6
8.6244,233.45,6243.6
8.6246,233.44,6242
8.6248,233.36,6240.4
8.625,233.17,6238.4
8.6252,232.92,6237.7
8.6254,232.79,6237.7
8.6256,232.77,6237.7
8.6258,232.86,6235.8
8.626,233.02,6232.8
8.6262,233.16,6228.5
8.6264,233.26,6226.9
8.6266,233.32,6228.2
8.6268,233.32,6229.3
8.627,233.29,6229
8.6272,233.3,6228.2
8.6274,233.26,6227.4
8.6276,233.11,6226.5
8.6278,232.94,6227.3
8.628,232.79,6227.8
8.6282,232.7,6226.9
8.6284,232.66,6225.8
8.6286,232.73,6228
8.6288,232.89,6231.6
8.629,233.08,6231.7
8.6292,233.26,6230.2
8.6294,233.38,6228.1
8.6296,233.41,6225.6
8.6298,233.38,6223.7
8.63,233.31,6224.5
8.6302,233.21,6227.4
8.6304,233.11,6227.9
8.6306,232.98,6227.7
8.6308,232.77,6227.3
8.631,232.61,6226
8.6312,232.57,6224.6
8.6314,232.66,6222.5
8.6316,232.84,6221.9
8.6318,233.01,6222.7
8.632,233.15,6221.8
8.6322,233.2,6222.1
8.6324,233.18,6223
8.6326,233.15,6226.8
8.6328,233.12,6230.8
8.633,233.09,6231.3
8.6332,232.98,6232.4
8.6334,232.88,6233.8
8.6336,232.82,6231.2
8.6338,232.77,6226.3
8.634,232.74,6222.4
8.6342,232.76,6221.3
8.6344,232.81,6224
8.6346,232.91,6228.6
8.6348,233.02,6232.6
8.635,233.16,6233.6
8.6352,233.31,6230.3
8.6354,233.34,6224.7
8.6356,233.23,6220.8
8.6358,233.03,6223.2
8.636,232.79,6235.5
8.6362,232.64,6248.2
8.6364,232.67,6247.6
8.6366,232.81,6235.3
8.6368,232.95,6225.9
8.637,233.05,6225.3
8.6372,233.08,6237
8.6374,233.13,6252.7
8.6376,233.22,6261.7
8.6378,233.3,6259.7
8.638,233.43,6253.9
8.6382,233.54,6248.9
8.6384,233.54,6245
8.6386,233.4,6245.3
8.6388,233.16,6249
8.639,232.98,6251.6
8.6392,232.89,6252.9
8.6394,232.86,6253.6
8.6396,232.91,6253.1
8.6398,233.03,6251.3
8.64,233.18,6248.2
8.6402,233.3,6245.8
8.6404,233.37,6245.3
8.6406,233.4,6247.4
8.6408,233.39,6251.3
8.641,233.4,6253.9
8.6412,233.41,6255.2
8.6414,233.37,6255.2
8.6416,233.22,6252.9
8.6418,233.02,6250.7
8.642,232.95,6248.9
8.6422,232.96,6249.5
8.6424,233.02,6251
8.6426,233.14,6250.9
8.6428,233.27,6248.1
8.643,233.39,6245.2
8.6432,233.46,6244.1
8.6434,233.49,6244.8
8.6436,233.51,6246.1
8.6438,233.51,6247.8
8.644,233.52,6246.9
8.6442,233.46,6243.4
8.6444,233.21,6243.2
8.6446,232.97,6246.9
8.6448,232.9,6249.7
8.645,232.98,6249.5
8.6452,233.19,6246.8
8.6454,233.41,6244.4
8.6456,233.54,6242.7
8.6458,233.59,6242.8
8.646,233.59,6243.1
8.6462,233.61,6243.7
8.6464,233.65,6244
8.6466,233.72,6245.1
8.6468,233.75,6246.1
8.647,233.65,6245.7
8.6472,233.45,6244.6
8.6474,233.35,6242.6
8.6476,233.33,6239.4
8.6478,233.32,6240.4
8.648,233.35,6244.1
8.6482,233.44,6246.6
8.6484,233.55,6246.5
8.6486,233.67,6246.8
8.6488,233.79,6249.3
8.649,233.92,6252.1
8.6492,233.99,6253.8
8.6494,233.98,6254.4
8.6496,233.91,6254.6
8.6498,233.78,6255.7
8.65,233.62,6259
8.6502,233.52,6262.6
8.6504,233.49,6262.9
8.6506,233.53,6258.7
8.6508,233.63,6254.8
8.651,233.76,6252.6
8.6512,233.85,6253.6
8.6514,233.94,6258.7
8.6516,234.02,6265
8.6518,234.08,6265.8
8.652,234.13,6259.5
8.6522,234.16,6252.8
8.6524,234.06,6251.6
8.6526,233.86,6253.5
8.6528,233.7,6257.5
8.653,233.64,6262.9
8.6532,233.59,6266.2
8.6534,233.59,6267.1
8.6536,233.65,6267.4
8.6538,233.72,6266.2
8.654,233.84,6263.6
8.6542,233.99,6262.7
8.6544,234.12,6267.2
8.6546,234.22,6270.4
8.6548,234.25,6269.7
8.655,234.16,6268
8.6552,234.02,6265.6
8.6554,233.86,6264.8
8.6556,233.67,6264
8.6558,233.64,6263.8
8.656,233.7,6260.9
8.6562,233.76,6257.7
8.6564,233.78,6256.5
8.6566,233.83,6256.3
8.6568,233.88,6256
8.657,233.95,6254.6
8.6572,234.03,6253.2
8.6574,234.09,6253.1
8.6576,234.08,6253.2
8.6578,234.01,6250.2
8.658,233.88,6247.1
8.6582,233.67,6245.8
8.6584,233.48,6246.1
8.6586,233.37,6247.8
8.6588,233.32,6248.8
8.659,233.34,6248.9
8.6592,233.46,6246.7
8.6594,233.59,6240.7
8.6596,233.67,6234.7
8.6598,233.71,6232.9
8.66,233.73,6233.9
8.6602,233.73,6236.7
8.6604,233.72,6239.7
8.6606,233.69,6239.6
8.6608,233.58,6236.3
8.661,233.43,6233.5
8.6612,233.29,6232.6
8.6614,233.2,6232.2
8.6616,233.11,6233.9
8.6618,233.06,6234
8.662,233.08,6232.2
8.6622,233.14,6230.1
8.6624,233.26,6229.1
8.6626,233.41,6229.7
8.6628,233.52,6231.6
8.663,233.62,6232.8
8.6632,233.62,6232.2
8.6634,233.47,6230.9
8.6636,233.28,6229.2
8.6638,233.09,6228
8.664,232.89,6226.8
8.6642,232.77,6224.8
8.6644,232.75,6224
8.6646,232.81,6226.2
8.6648,232.95,6229.5
8.665,233.12,6230.7
8.6652,233.27,6227.4
8.6654,233.4,6223.3
8.6656,233.49,6222.1
8.6658,233.53,6224.1
8.666,233.55,6228.3
8.6662,233.51,6232.7
8.6664,233.4,6237.4
8.6666,233.22,6239.3
8.6668,233.05,6236.8
8.667,232.98,6232.3
8.6672,232.98,6227.8
8.6674,233.02,6226.8
8.6676,233.09,6228.3
8.6678,233.19,6231.5
8.668,233.28,6234
8.6682,233.35,6235.2
8.6684,233.42,6234.9
8.6686,233.51,6231.6
8.6688,233.58,6231.5
8.669,233.58,6233.3
8.6692,233.45,6235.6
8.6694,233.34,6238.7
8.6696,233.31,6240
8.6698,233.27,6236.2
8.67,233.19,6231.1
8.6702,233.17,6226.6
8.6704,233.24,6224.4
8.6706,233.35,6226.7
8.6708,233.46,6235.2
8.671,233.58,6240.9
8.6712,233.69,6237.3
8.6714,233.67,6231.2
8.6716,233.56,6228.6
8.6718,233.42,6228.1
8.672,233.26,6233
8.6722,233.1,6246
8.6724,233,6253.4
8.6726,232.93,6247.1
8.6728,232.88,6237.3
8.673,232.83,6231.2
8.6732,232.85,6227
8.6734,232.97,6225.3
8.6736,233.13,6227.8
8.6738,233.24,6232.1
8.674,233.28,6232.1
8.6742,233.22,6229.9
8.6744,233.11,6227.7
8.6746,232.99,6225.5
8.6748,232.87,6223.1
8.675,232.73,6221.8
8.6752,232.6,6222.2
8.6754,232.49,6222.8
8.6756,232.4,6224
8.6758,232.38,6225.2
8.676,232.45,6223.6
8.6762,232.58,6219.6
8.6764,232.74,6215
8.6766,232.85,6212.6
8.6768,232.92,6215.7
8.677,232.92,6222.3
8.6772,232.89,6227
8.6774,232.81,6225.4
8.6776,232.65,6218.2
8.6778,232.47,6209.9
8.678,232.3,6205.4
8.6782,232.17,6207.5
8.6784,232.14,6214.5
8.6786,232.24,6220.4
8.6788,232.44,6220.3
8.679,232.64,6215
8.6792,232.77,6208.2
8.6794,232.81,6203.2
8.6796,232.81,6203.5
8.6798,232.75,6207.7
8.68,232.66,6211.2
8.6802,232.56,6210.8
8.6804,232.46,6208.8
8.6806,232.32,6206.4
8.6808,232.12,6203.8
8.681,231.93,6203.3
8.6812,231.85,6205.1
8.6814,231.91,6207.3
8.6816,232.09,6207.7
8.6818,232.32,6207.4
8.682,232.48,6206.9
8.6822,232.56,6204.6
8.6824,232.54,6202.2
8.6826,232.44,6202.5
8.6828,232.33,6204.4
8.683,232.26,6207.4
8.6832,232.19,6212.4
8.6834,232.08,6216.8
8.6836,232.05,6216.5
8.6838,232.01,6213.5
8.684,231.96,6212
8.6842,231.98,6212
8.6844,232.08,6212.5
8.6846,232.2,6213.8
8.6848,232.31,6219.9
8.685,232.47,6226
8.6852,232.61,6225.1
8.6854,232.57,6221.3
8.6856,232.45,6217
8.6858,232.25,6216.7
8.686,231.98,6220.1
8.6862,231.76,6222.3
8.6864,231.67,6220.7
8.6866,231.64,6219.3
8.6868,231.68,6219.1
8.687,231.77,6219.1
8.6872,231.9,6219.9
8.6874,232.04,6220.1
8.6876,232.16,6220.6
8.6878,232.23,6219.3
8.688,232.25,6219.4
8.6882,232.24,6221.3
8.6884,232.19,6223.8
8.6886,232.08,6224.5
8.6888,231.92,6227.1
8.689,231.79,6228.5
8.6892,231.7,6226.4
8.6894,231.61,6222.6
8.6896,231.62,6219
8.6898,231.73,6216.5
8.69,231.87,6214.7
8.6902,232.01,6214.8
8.6904,232.11,6217
8.6906,232.15,6216.8
8.6908,232.08,6214
8.691,231.96,6212.6
8.6912,231.87,6213.4
8.6914,231.79,6214.7
8.6916,231.68,6215.2
8.6918,231.53,6213.6
8.692,231.38,6210.2
8.6922,231.28,6207.5
8.6924,231.25,6206
8.6926,231.32,6206.6
8.6928,231.46,6207.4
8.693,231.62,6206.9
8.6932,231.78,6205.4
8.6934,231.88,6204.2
8.6936,231.96,6203.3
8.6938,232,6204.2
8.694,231.95,6206.3
8.6942,231.83,6207.7
8.6944,231.68,6207.9
8.6946,231.59,6207.2
8.6948,231.59,6206
8.695,231.65,6205.7
8.6952,231.72,6204.2
8.6954,231.77,6201.9
8.6956,231.8,6199.2
8.6958,231.83,6196.2
8.696,231.87,6192.5
8.6962,231.89,6191.2
8.6964,231.91,6193.2
8.6966,231.94,6196.6
8.6968,231.92,6199.9
8.697,231.81,6201.7
8.6972,231.63,6201.5
8.6974,231.49,6199.6
8.6976,231.41,6198.1
8.6978,231.4,6198.2
8.698,231.48,6199.3
8.6982,231.62,6198.8
8.6984,231.75,6199.1
8.6986,231.87,6198.8
8.6988,231.93,6199.4
8.699,231.95,6200.4
8.6992,231.97,6201.2
8.6994,231.97,6202.5
8.6996,231.92,6203
8.6998,231.85,6200.2
8.7,231.7,6198.1
8.7002,231.53,6201.9
8.7004,231.39,6210.9
8.7006,231.34,6218.9
8.7008,231.38,6221.9
8.701,231.5,6219.1
8.7012,231.69,6212.7
8.7014,231.87,6211.7
8.7016,232.02,6218.7
8.7018,232.12,6226.9
8.702,232.16,6231.4
8.7022,232.19,6232.9
8.7024,232.14,6233.6
8.7026,232,6233.4
8.7028,231.9,6232.9
8.703,231.84,6233.6
8.7032,231.75,6231.3
8.7034,231.71,6227.4
8.7036,231.72,6224.8
8.7038,231.75,6224.7
8.704,231.8,6225.5
8.7042,231.86,6226.7
8.7044,231.97,6228.1
8.7046,232.14,6227.7
8.7048,232.25,6228
8.705,232.2,6228.7
8.7052,232.01,6231
8.7054,231.76,6236
8.7056,231.6,6241.9
8.7058,231.61,6243.2
8.706,231.68,6239.8
8.7062,231.71,6235.7
8.7064,231.7,6234
8.7066,231.7,6233.4
8.7068,231.76,6236.1
8.707,231.92,6238.8
8.7072,232.14,6241
8.7074,232.3,6238.8
8.7076,232.36,6236.1
8.7078,232.32,6233.4
8.708,232.15,6231.9
8.7082,231.89,6232.3
8.7084,231.73,6233.9
8.7086,231.63,6234.2
8.7088,231.6,6234.2
8.709,231.65,6234.5
8.7092,231.74,6231.5
8.7094,231.81,6227.9
8.7096,231.86,6225.1
8.7098,231.9,6225.3
8.71,231.97,6227.3
8.7102,232.08,6230
8.7104,232.16,6232.7
8.7106,232.2,6233.6
8.7108,232.12,6232.6
8.711,231.95,6229.9
8.7112,231.87,6227.5
8.7114,231.83,6227.2
8.7116,231.82,6228.2
8.7118,231.85,6229.2
8.712,231.89,6228
8.7122,231.94,6224.8
8.7124,231.98,6222.4
8.7126,232.04,6221.3
8.7128,232.14,6221.4
8.713,232.23,6222.5
8.7132,232.29,6223.1
8.7134,232.28,6223.6
8.7136,232.2,6222.8
8.7138,232.05,6221.4
8.714,231.87,6221.6
8.7142,231.8,6223.4
8.7144,231.79,6224
8.7146,231.84,6223.9
8.7148,231.92,6223.1
8.715,232,6221.5
8.7152,232.07,6220.1
8.7154,232.16,6219.9
8.7156,232.23,6219.6
8.7158,232.3,6223.3
8.716,232.34,6227
8.7162,232.33,6228.2
8.7164,232.24,6228.5
8.7166,232.07,6230.4
8.7168,231.97,6232.7
8.717,231.99,6232.8
8.7172,232.01,6230.6
8.7174,232.04,6226.1
8.7176,232.09,6222.8
8.7178,232.11,6224.1
8.718,232.16,6230.5
8.7182,232.28,6236.6
8.7184,232.45,6239.6
8.7186,232.59,6240.9
8.7188,232.64,6240.8
8.719,232.57,6239
8.7192,232.4,6237.3
8.7194,232.2,6239.3
8.7196,232.16,6242.6
8.7198,232.14,6244.1
8.72,232.11,6245.6
8.7202,232.09,6244.3
8.7204,232.09,6239.3
8.7206,232.11,6235.5
8.7208,232.2,6236.5
8.721,232.3,6239.4
8.7212,232.44,6241.5
8.7214,232.56,6243.2
8.7216,232.6,6243.9
8.7218,232.54,6243.8
8.722,232.34,6245.1
8.7222,232.18,6246
8.7224,232.23,6249.9
8.7226,232.44,6251.9
8.7228,232.54,6250.5
8.723,232.54,6247.3
8.7232,232.55,6242.8
8.7234,232.54,6241.1
8.7236,232.62,6245.3
8.7238,232.83,6250.2
8.724,233.04,6251.5
8.7242,233.11,6249.7
8.7244,233,6246.2
8.7246,232.73,6243.9
8.7248,232.41,6242.7
8.725,232.25,6243.7
8.7252,232.21,6245
8.7254,232.22,6247.6
8.7256,232.22,6248.4
8.7258,232.21,6245.2
8.726,232.23,6240.1
8.7262,232.33,6235.5
8.7264,232.48,6234.2
8.7266,232.62,6235
8.7268,232.73,6236.8
8.727,232.74,6240.9
8.7272,232.67,6245.3
8.7274,232.54,6245
8.7276,232.37,6240.8
8.7278,232.24,6235.3
8.728,232.13,6231.5
8.7282,232.01,6232.5
8.7284,231.9,6238.7
8.7286,231.87,6242.7
8.7288,231.93,6240.3
8.729,232.07,6232.4
8.7292,232.25,6225
8.7294,232.37,6223.2
8.7296,232.43,6226.2
8.7298,232.41,6231.2
8.73,232.35,6236.2
8.7302,232.29,6236.5
8.7304,232.19,6233.9
8.7306,232.08,6230.9
8.7308,231.95,6229.1
8.731,231.82,6229.3
8.7312,231.77,6229.5
8.7314,231.84,6229.9
8.7316,232.01,6230.6
8.7318,232.24,6229.8
8.732,232.45,6228.9
8.7322,232.59,6229
8.7324,232.61,6229
8.7326,232.54,6228
8.7328,232.49,6226.9
8.733,232.36,6228.5
8.7332,232.16,6232.2
8.7334,232.01,6236.9
8.7336,231.99,6237.9
8.7338,232,6233.5
8.734,232.02,6228.3
8.7342,232.09,6227.5
8.7344,232.2,6232.6
8.7346,232.32,6238.5
8.7348,232.44,6240.8
8.735,232.51,6239.8
8.7352,232.54,6237.9
8.7354,232.52,6237.3
8.7356,232.45,6240.6
8.7358,232.32,6245.4
8.736,232.16,6248.8
8.7362,232.02,6248.6
8.7364,231.94,6246.7
8.7366,231.89,6245.1
8.7368,231.84,6244.1
8.737,231.82,6243.7
8.7372,231.88,6242.1
8.7374,232,6238.6
8.7376,232.13,6235.6
8.7378,232.26,6236.4
8.738,232.32,6240.6
8.7382,232.27,6245.8
8.7384,232.15,6248.9
8.7386,232.02,6249.2
8.7388,231.85,6249.2
8.739,231.68,6248.6
8.7392,231.55,6251.1
8.7394,231.47,6252.2
8.7396,231.49,6252.5
8.7398,231.6,6251.6
8.74,231.77,6248.6
8.7402,231.91,6245.8
8.7404,232.02,6250.5
8.7406,232.1,6256.1
8.7408,232.17,6258.1
8.741,232.19,6255.1
8.7412,232.14,6251.9
8.7414,232.01,6248.2
8.7416,231.89,6247.6
8.7418,231.8,6251.1
8.742,231.74,6255.9
8.7422,231.72,6256.5
8.7424,231.78,6253.1
8.7426,231.93,6249.9
8.7428,232.14,6249
8.743,232.31,6248.9
8.7432,232.44,6249.5
8.7434,232.48,6251.6
8.7436,232.48,6253.5
8.7438,232.47,6254.3
8.744,232.4,6253.2
8.7442,232.32,6250.7
8.7444,232.15,6247.1
8.7446,232,6244.6
8.7448,231.86,6245.1
8.745,231.76,6247.5
8.7452,231.73,6248.5
8.7454,231.79,6247.2
8.7456,231.94,6243.1
8.7458,232.11,6238.4
8.746,232.22,6235.9
8.7462,232.29,6237
8.7464,232.29,6241
8.7466,232.24,6244.1
8.7468,232.17,6244
8.747,232.08,6241
8.7472,231.96,6237.4
8.7474,231.89,6236.8
8.7476,231.85,6238.1
8.7478,231.86,6240.6
8.748,231.9,6240.8
8.7482,231.97,6237.6
8.7484,232.05,6233.8
8.7486,232.12,6231.6
8.7488,232.18,6231.7
8.749,232.21,6233.9
8.7492,232.21,6238.8
8.7494,232.17,6243
8.7496,232.08,6243.9
8.7498,231.93,6243
8.75,231.74,6244
8.7502,231.59,6243.3
8.7504,231.54,6243.8
8.7506,231.58,6246.8
8.7508,231.69,6248.8
8.751,231.85,6248.6
8.7512,232.01,6247
8.7514,232.11,6246.6
8.7516,232.16,6247.3
8.7518,232.16,6248.5
8.752,232.13,6250.6
8.7522,232.11,6253.4
8.7524,232.1,6258.6
8.7526,232.03,6261.9
8.7528,231.89,6260.3
8.753,231.77,6253.9
8.7532,231.71,6247.1
8.7534,231.64,6245.7
8.7536,231.61,6250.6
8.7538,231.64,6255.9
8.754,231.73,6258.5
8.7542,231.92,6258.8
8.7544,232.18,6255.7
8.7546,232.27,6252.3
8.7548,232.26,6252.6
8.755,232.21,6255.9
8.7552,232.09,6261
8.7554,231.9,6267.5
8.7556,231.69,6271.5
8.7558,231.57,6269
8.756,231.5,6262.7
8.7562,231.5,6258.3
8.7564,231.55,6261.2
8.7566,231.65,6267.7
8.7568,231.81,6273.2
8.757,232.03,6272.1
8.7572,232.24,6265.9
8.7574,232.32,6259.8
8.7576,232.32,6256.9
8.7578,232.21,6259.3
8.758,232.02,6264.4
8.7582,231.82,6268
8.7584,231.73,6267.5
8.7586,231.72,6262.7
8.7588,231.72,6258.9
8.759,231.71,6259
8.7592,231.71,6262.2
8.7594,231.76,6265.5
8.7596,231.9,6265.2
8.7598,232.08,6260.8
8.76,232.25,6257.9
8.7602,232.36,6260.4
8.7604,232.34,6263.9
8.7606,232.23,6266.1
8.7608,232.08,6264.4
8.761,231.92,6260.7
8.7612,231.77,6256.2
8.7614,231.63,6254.4
8.7616,231.55,6256.6
8.7618,231.54,6257.5
8.762,231.62,6256.2
8.7622,231.73,6253.1
8.7624,231.84,6249.6
8.7626,231.93,6248.5
8.7628,232.02,6250.2
8.763,232.08,6252
8.7632,232.09,6252.5
8.7634,232.04,6251.1
8.7636,231.95,6247.8
8.7638,231.88,6245.3
8.764,231.82,6248.6
8.7642,231.74,6256
8.7644,231.7,6261.5
8.7646,231.69,6259.4
8.7648,231.75,6252.6
8.765,231.92,6245.6
8.7652,232.1,6243.1
8.7654,232.22,6245.6
8.7656,232.3,6251.2
8.7658,232.32,6257.1
8.766,232.3,6259.6
8.7662,232.29,6259.3
8.7664,232.26,6259.5
8.7666,232.19,6259.8
8.7668,232.06,6256.5
8.767,231.93,6250
8.7672,231.83,6247.3
8.7674,231.77,6247.8
8.7676,231.78,6248.2
8.7678,231.88,6250.8
8.768,232.05,6255.3
8.7682,232.28,6255.2
8.7684,232.43,6249.7
8.7686,232.42,6245.2
8.7688,232.33,6245.7
8.769,232.19,6251.1
8.7692,232.01,6257
8.7694,231.84,6260.4
8.7696,231.75,6258.6
8.7698,231.79,6254
8.77,231.86,6252.2
8.7702,231.92,6253.7
8.7704,231.97,6255.7
8.7706,232,6255.1
8.7708,232.07,6252.6
8.771,232.15,6251.4
8.7712,232.26,6253.5
8.7714,232.37,6258.9
8.7716,232.42,6262.2
8.7718,232.37,6261.9
8.772,232.2,6263.2
8.7722,231.98,6266.6
8.7724,231.81,6268.9
8.7726,231.71,6269.3
8.7728,231.71,6269.3
8.773,231.84,6268.2
8.7732,232.03,6266
8.7734,232.2,6268
8.7736,232.34,6270.6
8.7738,232.45,6276
8.774,232.51,6280.6
8.7742,232.54,6280.3
8.7744,232.48,6277.2
8.7746,232.37,6274.5
8.7748,232.27,6273.9
8.775,232.15,6272.9
8.7752,232.04,6272.7
8.7754,231.99,6273.5
8.7756,232.01,6275.3
8.7758,232.06,6277.1
8.776,232.15,6275.7
8.7762,232.25,6272.5
8.7764,232.33,6267.6
8.7766,232.37,6264.4
8.7768,232.41,6264.8
8.777,232.46,6267
8.7772,232.47,6271.3
8.7774,232.41,6274.8
8.7776,232.29,6273.9
8.7778,232.12,6268.1
8.778,232,6261.4
8.7782,231.95,6259.1
8.7784,231.97,6262.2
8.7786,232.06,6266.9
8.7788,232.23,6269.3
8.779,232.43,6268.2
8.7792,232.62,6263.5
8.7794,232.72,6259.4
8.7796,232.76,6259.2
8.7798,232.76,6262.1
8.78,232.74,6266.5
8.7802,232.68,6269.3
8.7804,232.53,6267.4
8.7806,232.34,6261.8
8.7808,232.2,6257.7
8.781,232.12,6257.9
8.7812,232.13,6261.6
8.7814,232.2,6264.2
8.7816,232.34,6264.2
8.7818,232.46,6260.5
8.782,232.53,6256.9
8.7822,232.57,6255.6
8.7824,232.59,6257.9
8.7826,232.6,6260.7
8.7828,232.62,6262.9
8.783,232.58,6265.7
8.7832,232.47,6267.5
8.7834,232.41,6266.2
8.7836,232.35,6261.3
8.7838,232.3,6254.7
8.784,232.27,6249.3
8.7842,232.24,6248.7
8.7844,232.24,6253.8
8.7846,232.28,6262.2
8.7848,232.37,6267.4
8.785,232.48,6264.7
8.7852,232.61,6257.2
8.7854,232.69,6252.6
8.7856,232.66,6254.4
8.7858,232.54,6260.5
8.786,232.33,6269.7
8.7862,232.23,6277
8.7864,232.25,6276.4
8.7866,232.26,6272.4
8.7868,232.3,6269.2
8.787,232.39,6268.3
8.7872,232.49,6268.2
8.7874,232.61,6272.1
8.7876,232.79,6277.4
8.7878,232.97,6279.4
8.788,233.02,6277.5
8.7882,232.99,6276.2
8.7884,232.91,6275.5
8.7886,232.76,6275.8
8.7888,232.57,6278.1
8.789,232.45,6277.9
8.7892,232.39,6275.7
8.7894,232.33,6273.2
8.7896,232.32,6273.2
8.7898,232.34,6274.5
8.79,232.39,6275.7
8.7902,232.51,6277
8.7904,232.66,6275
8.7906,232.77,6270.3
8.7908,232.8,6267
8.791,232.76,6268.9
8.7912,232.66,6272.7
8.7914,232.53,6272.7
8.7916,232.41,6269.2
8.7918,232.29,6263.7
8.792,232.16,6260.3
8.7922,232.08,6260.2
8.7924,232.1,6263.8
8.7926,232.23,6266.4
8.7928,232.42,6265.2
8.793,232.59,6259.8
8.7932,232.68,6254.2
8.7934,232.66,6249.3
8.7936,232.57,6249.4
8.7938,232.49,6253.3
8.794,232.44,6258.4
8.7942,232.39,6260.4
8.7944,232.32,6258.7
8.7946,232.19,6254.4
8.7948,232.09,6249.2
8.795,232.03,6246.4
8.7952,232.02,6246.7
8.7954,232.07,6248.1
8.7956,232.16,6248.6
8.7958,232.28,6246.1
8.796,232.39,6243.1
8.7962,232.48,6241.2
8.7964,232.56,6241
8.7966,232.59,6242.3
8.7968,232.55,6245.9
8.797,232.45,6248.1
8.7972,232.26,6246.9
8.7974,232.16,6244.8
8.7976,232.16,6243.6
8.7978,232.2,6243.8
8.798,232.22,6244.2
8.7982,232.23,6242.6
8.7984,232.26,6240.6
8.7986,232.3,6238.5
8.7988,232.36,6239
8.799,232.43,6240.6
8.7992,232.48,6242.9
8.7994,232.47,6244
8.7996,232.39,6243.5
8.7998,232.22,6247.9
8.8,232.01,6257.4
8.8002,231.96,6264.7
8.8004,232.09,6263.6
8.8006,232.32,6257.6
8.8008,232.53,6253
8.801,232.69,6252.8
8.8012,232.76,6259
8.8014,232.77,6272.4
8.8016,232.9,6280
8.8018,233.01,6278.3
8.802,233.09,6272.1
8.8022,233.19,6268
8.8024,233.2,6268.6
8.8026,233.07,6275.2
8.8028,232.89,6284.8
8.803,232.85,6288.5
8.8032,232.86,6283.3
8.8034,232.9,6277.9
8.8036,232.97,6276.9
8.8038,233.04,6277.5
8.804,233.13,6276.9
8.8042,233.19,6277.1
8.8044,233.25,6277.7
8.8046,233.32,6279.5
8.8048,233.37,6282.5
8.805,233.39,6285.5
8.8052,233.29,6285.7
8.8054,233.09,6284.9
8.8056,232.93,6283.2
8.8058,232.94,6281
8.806,233.03,6281.5
8.8062,233.13,6283.6
8.8064,233.18,6284.4
8.8066,233.18,6281.5
8.8068,233.17,6276.8
8.807,233.2,6274.3
8.8072,233.29,6275.9
8.8074,233.41,6278.9
8.8076,233.49,6279.9
8.8078,233.46,6277.9
8.808,233.31,6273.8
8.8082,233.04,6271.8
8.8084,232.77,6272.9
8.8086,232.58,6276.1
8.8088,232.55,6278.8
8.809,232.64,6279.9
8.8092,232.79,6278.3
8.8094,232.9,6274.6
8.8096,232.98,6270.8
8.8098,233,6267.5
8.81,233.01,6266.9
8.8102,233.04,6269.8
8.8104,233.06,6274.5
8.8106,233.09,6275.5
8.8108,233.08,6272.6
8.811,232.95,6268.8
8.8112,232.8,6268.1
8.8114,232.73,6270.6
8.8116,232.7,6273.8
8.8118,232.71,6274
8.812,232.76,6270.8
8.8122,232.84,6265.8
8.8124,232.97,6261.5
8.8126,233.1,6260.8
8.8128,233.2,6263.8
8.813,233.24,6267.2
8.8132,233.22,6269.4
8.8134,233.13,6269.9
8.8136,232.99,6268
8.8138,232.82,6264.5
8.814,232.63,6263
8.8142,232.54,6264.4
8.8144,232.55,6266.3
8.8146,232.65,6267.9
8.8148,232.8,6268.4
8.815,232.93,6267.4
8.8152,233,6266.1
8.8154,233.04,6267
8.8156,233.06,6270.5
8.8158,233.09,6271.8
8.816,233.16,6270.3
8.8162,233.19,6268.3
8.8164,233.13,6269
8.8166,232.93,6272.9
8.8168,232.71,6276.9
8.817,232.58,6277.7
8.8172,232.56,6276.3
8.8174,232.61,6275.2
8.8176,232.72,6273.9
8.8178,232.83,6277.5
8.818,232.96,6284.5
8.8182,233.12,6290
8.8184,233.21,6290.4
8.8186,233.26,6287.3
8.8188,233.3,6284.4
8.819,233.25,6284.1
8.8192,233.12,6286.1
8.8194,232.98,6287.9
8.8196,232.9,6287.5
8.8198,232.85,6284.4
8.82,232.79,6279.7
8.8202,232.76,6277.3
8.8204,232.8,6278.9
8.8206,232.9,6282
8.8208,233.05,6281.1
8.821,233.2,6278.1
8.8212,233.27,6275.8
8.8214,233.24,6277
8.8216,233.1,6281.1
8.8218,232.92,6286.8
8.822,232.75,6291.1
8.8222,232.62,6291.4
8.8224,232.49,6287.9
8.8226,232.3,6282.9
8.8228,232.14,6280.6
8.823,232.12,6280.3
8.8232,232.23,6279.5
8.8234,232.36,6277
8.8236,232.46,6274.9
8.8238,232.51,6275.2
8.824,232.48,6275.7
8.8242,232.45,6276.8
8.8244,232.42,6276.3
8.8246,232.38,6275.2
8.8248,232.33,6275
8.825,232.33,6275.1
8.8252,232.26,6273.2
8.8254,232.16,6271.7
8.8256,232.05,6272.2
8.8258,231.99,6274.2
8.826,232.05,6275.1
8.8262,232.22,6273.9
8.8264,232.44,6270.5
8.8266,232.62,6267.4
8.8268,232.67,6268.2
8.827,232.61,6271.9
8.8272,232.49,6275.6
8.8274,232.37,6273.9
8.8276,232.27,6269.8
8.8278,232.17,6265.2
8.828,232.11,6264.6
8.8282,232.07,6268.1
8.8284,232.08,6271.9
8.8286,232.13,6273.1
8.8288,232.21,6269.8
8.829,232.33,6262.9
8.8292,232.45,6256.6
8.8294,232.56,6254.4
8.8296,232.62,6258.9
8.8298,232.65,6265
8.83,232.64,6266.3
8.8302,232.57,6263.2
8.8304,232.44,6257.6
8.8306,232.23,6253.4
8.8308,232.02,6253.1
8.831,231.87,6255.9
8.8312,231.84,6259.4
8.8314,231.91,6258.5
8.8316,232.03,6254.8
8.8318,232.15,6252.1
8.832,232.23,6251.4
8.8322,232.28,6252.6
8.8324,232.32,6255.2
8.8326,232.37,6258
8.8328,232.38,6258.5
8.833,232.32,6259.2
8.8332,232.15,6264.1
8.8334,232.05,6271.8
8.8336,232.09,6275.4
8.8338,232.13,6274.1
8.834,232.18,6271.2
8.8342,232.28,6266.6
8.8344,232.41,6263.3
8.8346,232.54,6264.1
8.8348,232.7,6270.2
8.835,232.83,6278.8
8.8352,232.93,6282.5
8.8354,232.93,6281.1
8.8356,232.87,6277.9
8.8358,232.78,6275
8.836,232.61,6274.3
8.8362,232.43,6275.7
8.8364,232.26,6278.6
8.8366,232.15,6279.1
8.8368,232.16,6278.8
8.837,232.25,6278.1
8.8372,232.4,6279.1
8.8374,232.57,6282.7
8.8376,232.7,6286.6
8.8378,232.77,6287.1
8.838,232.8,6285
8.8382,232.79,6282.6
8.8384,232.76,6283.1
8.8386,232.69,6285.2
8.8388,232.57,6287.2
8.839,232.39,6287.7
8.8392,232.17,6286.3
8.8394,232,6284.8
8.8396,231.94,6284.1
8.8398,232.04,6282.8
8.84,232.24,6283.1
8.8402,232.5,6284.8
8.8404,232.74,6284.3
8.8406,232.78,6278.9
8.8408,232.69,6270.7
8.841,232.55,6265
8.8412,232.41,6263.9
8.8414,232.3,6265.5
8.8416,232.18,6264.8
8.8418,232,6262.8
8.842,231.81,6261.1
8.8422,231.65,6257.2
8.8424,231.57,6252.9
8.8426,231.62,6250.3
8.8428,231.77,6249.3
8.843,231.98,6248.4
8.8432,232.17,6247.7
8.8434,232.25,6247.4
8.8436,232.23,6247.8
8.8438,232.17,6248.7
8.844,232.1,6250.2
8.8442,232.04,6251.1
8.8444,231.96,6248.8
8.8446,231.83,6245.3
8.8448,231.71,6244
8.845,231.62,6246.1
8.8452,231.6,6248.7
8.8454,231.68,6247.8
8.8456,231.87,6243.1
8.8458,232.05,6237.7
8.846,232.16,6234.3
8.8462,232.22,6234.5
8.8464,232.21,6237.8
8.8466,232.17,6242.9
8.8468,232.13,6246.1
8.847,232.03,6244.4
8.8472,231.99,6240.1
8.8474,232,6234.5
8.8476,231.99,6231.5
8.8478,231.91,6232.5
8.848,231.81,6235.6
8.8482,231.8,6237.7
8.8484,231.87,6236.7
8.8486,232.04,6232.9
8.8488,232.26,6229.2
8.849,232.39,6227.2
8.8492,232.38,6228.5
8.8494,232.27,6232.5
8.8496,232.13,6236.9
8.8498,232.02,6241.1
8.85,231.9,6243.8
8.8502,231.94,6242.4
8.8504,232.09,6239.4
8.8506,232.22,6237.9
8.8508,232.28,6237.9
8.851,232.26,6239.7
8.8512,232.25,6243.3
8.8514,232.31,6247.9
8.8516,232.45,6251.9
8.8518,232.63,6255.6
8.852,232.74,6257.8
8.8522,232.76,6259.2
8.8524,232.67,6259.8
8.8526,232.51,6259.8
8.8528,232.3,6261
8.853,232.23,6262.3
8.8532,232.25,6261.9
8.8534,232.32,6260.1
8.8536,232.46,6257.8
8.8538,232.53,6256.5
8.854,232.53,6258
8.8542,232.58,6261.4
8.8544,232.58,6263.1
8.8546,232.6,6261.4
8.8548,232.69,6257.7
8.855,232.75,6256.2
8.8552,232.69,6260.1
8.8554,232.5,6268.7
8.8556,232.29,6276.9
8.8558,232.2,6278.8
8.856,232.23,6278.5
8.8562,232.29,6274.9
8.8564,232.41,6268.9
8.8566,232.54,6267.2
8.8568,232.63,6270.5
8.857,232.67,6274.2
8.8572,232.69,6275.3
8.8574,232.8,6273.9
8.8576,232.94,6269.9
8.8578,232.99,6266.5
8.858,232.89,6266.8
8.8582,232.63,6270.5
8.8584,232.37,6270.6
8.8586,232.24,6266.4
8.8588,232.25,6264.8
8.859,232.36,6268
8.8592,232.51,6269.4
8.8594,232.61,6269.1
8.8596,232.65,6267
8.8598,232.67,6263.5
8.86,232.67,6259.8
8.8602,232.71,6261
8.8604,232.8,6265.6
8.8606,232.88,6268.9
8.8608,232.87,6269.8
8.861,232.73,6268.5
8.8612,232.46,6264.3
8.8614,232.3,6260.4
8.8616,232.31,6259.7
8.8618,232.45,6260.6
8.862,232.62,6260.7
8.8622,232.75,6259.3
8.8624,232.8,6256.8
8.8626,232.8,6254.5
8.8628,232.82,6253.6
8.863,232.86,6254.1
8.8632,232.87,6254.7
8.8634,232.86,6255
8.8636,232.74,6253.4
8.8638,232.51,6250.4
8.864,232.31,6249.6
8.8642,232.28,6251.5
8.8644,232.35,6254.4
8.8646,232.44,6255.1
8.8648,232.5,6253.1
8.865,232.54,6249.1
8.8652,232.58,6245.2
8.8654,232.66,6244.4
8.8656,232.79,6247
8.8658,232.9,6252.4
8.866,232.95,6254.8
8.8662,232.89,6254
8.8664,232.71,6250.8
8.8666,232.48,6246.6
8.8668,232.26,6245.3
8.867,232.15,6248.7
8.8672,232.14,6253.4
8.8674,232.21,6257
8.8676,232.33,6256.9
8.8678,232.44,6253.9
8.868,232.53,6253.6
8.8682,232.65,6257.2
8.8684,232.74,6261.9
8.8686,232.79,6264.3
8.8688,232.82,6263.7
8.869,232.79,6263.1
8.8692,232.61,6264
8.8694,232.33,6264.7
8.8696,232.14,6265.8
8.8698,232.03,6266.2
8.87,232,6265.8
8.8702,232.05,6263.9
8.8704,232.18,6260.4
8.8706,232.31,6257.4
8.8708,232.41,6258.4
8.871,232.45,6265.6
8.8712,232.51,6271.3
8.8714,232.54,6272.6
8.8716,232.52,6271.9
8.8718,232.47,6269
8.872,232.35,6268
8.8722,232.18,6270.5
8.8724,232.02,6275
8.8726,232,6280.8
8.8728,232.13,6282.6
8.873,232.32,6279.7
8.8732,232.45,6274.7
8.8734,232.49,6270.9
8.8736,232.48,6271.5
8.8738,232.52,6274.9
8.874,232.61,6278.7
8.8742,232.74,6282.7
8.8744,232.83,6284.1
8.8746,232.78,6282
8.8748,232.61,6278.6
8.875,232.34,6274.5
8.8752,232.08,6273.3
8.8754,231.94,6274.6
8.8756,231.96,6277.2
8.8758,232.07,6277.9
8.876,232.19,6275.7
8.8762,232.28,6271.1
8.8764,232.34,6267.1
8.8766,232.37,6266.1
8.8768,232.43,6267.2
8.877,232.5,6269.8
8.8772,232.58,6271.6
8.8774,232.54,6272.3
8.8776,232.4,6269.8
8.8778,232.15,6266.4
8.878,231.97,6264.9
8.8782,231.91,6265.3
8.8784,231.93,6265.9
8.8786,232.06,6263.8
8.8788,232.24,6259.9
8.879,232.39,6256.7
8.8792,232.48,6255.1
8.8794,232.52,6255.2
8.8796,232.52,6257.3
8.8798,232.51,6259.1
8.88,232.48,6260.4
8.8802,232.42,6259.8
8.8804,232.32,6257.5
8.8806,232.15,6255.3
8.8808,231.97,6254.7
8.881,231.81,6255.7
8.8812,231.72,6257.3
8.8814,231.73,6257.1
8.8816,231.85,6253.9
8.8818,231.99,6250
8.882,232.12,6247.6
8.8822,232.21,6249.1
8.8824,232.25,6253.9
8.8826,232.24,6257.3
8.8828,232.19,6258.9
8.883,232.12,6260.5
8.8832,232.02,6262.7
8.8834,231.91,6263.6
8.8836,231.88,6263.5
8.8838,231.93,6261.7
8.884,231.96,6257.7
8.8842,231.97,6255.1
8.8844,231.99,6257.5
8.8846,232.03,6267.4
8.8848,232.11,6277.2
8.885,232.27,6280.3
8.8852,232.43,6277.9
8.8854,232.53,6272.3
8.8856,232.49,6267.7
8.8858,232.34,6266.4
8.886,232.16,6269.9
8.8862,232.06,6276.1
8.8864,232.02,6279.7
8.8866,232.02,6278.2
8.8868,232.08,6274.1
8.887,232.14,6270.6
8.8872,232.21,6270.7
8.8874,232.27,6274.5
8.8876,232.35,6279.9
8.8878,232.46,6286.1
8.888,232.56,6292
8.8882,232.64,6293.1
8.8884,232.66,6291.5
8.8886,232.6,6289.6
8.8888,232.46,6289.6
8.889,232.26,6291.4
8.8892,232.12,6295.4
8.8894,232.09,6299.1
8.8896,232.17,6299.3
8.8898,232.33,6296.5
8.89,232.51,6294.9
8.8902,232.66,6295.5
8.8904,232.77,6296.2
8.8906,232.84,6295.7
8.8908,232.87,6296.9
8.891,232.87,6295.9
8.8912,232.84,6295.4
8.8914,232.75,6296.1
8.8916,232.6,6294.7
8.8918,232.46,6291.6
8.892,232.37,6289.1
8.8922,232.36,6287.2
8.8924,232.37,6288.5
8.8926,232.45,6289.9
8.8928,232.59,6289.3
8.893,232.73,6287.1
8.8932,232.85,6285.6
8.8934,232.92,6286.2
8.8936,232.96,6287.5
8.8938,232.94,6289.2
8.894,232.88,6287.6
8.8942,232.79,6283.6
8.8944,232.63,6282.6
8.8946,232.54,6283.4
8.8948,232.49,6285
8.895,232.49,6287.1
8.8952,232.56,6287.3
8.8954,232.66,6284.2
8.8956,232.77,6279.2
8.8958,232.87,6276.8
8.896,232.92,6278.4
8.8962,232.94,6282.2
8.8964,232.99,6281.8
8.8966,233.01,6279.8
8.8968,233,6278.4
8.897,232.91,6276.9
8.8972,232.74,6278
8.8974,232.64,6280.2
8.8976,232.6,6282.6
8.8978,232.6,6280.5
8.898,232.67,6277.7
8.8982,232.8,6274.6
8.8984,232.96,6273.5
8.8986,233.09,6274.5
8.8988,233.15,6277
8.899,233.17,6278.8
8.8992,233.15,6279.1
8.8994,233.15,6277.4
8.8996,233.13,6277.5
8.8998,233.06,6281.1
8.9,232.94,6287.5
8.9002,232.93,6289.3
8.9004,232.93,6288.3
8.9006,232.93,6286.3
8.9008,233.03,6283.4
8.901,233.16,6281.1
8.9012,233.29,6281.6
8.9014,233.41,6286.5
8.9016,233.51,6291.9
8.9018,233.54,6294.6
8.902,233.54,6292.1
8.9022,233.54,6287.8
8.9024,233.51,6284.7
8.9026,233.39,6283
8.9028,233.22,6286.8
8.903,233.14,6291.1
8.9032,233.13,6290.2
8.9034,233.1,6285.4
8.9036,233.09,6278.5
8.9038,233.12,6274
8.904,233.15,6275.8
8.9042,233.23,6282.3
8.9044,233.35,6287.2
8.9046,233.45,6287.2
8.9048,233.51,6285.9
8.905,233.5,6283.8
8.9052,233.38,6283.5
8.9054,233.23,6285.5
8.9056,233.16,6289.9
8.9058,233.18,6292.3
8.906,233.18,6291.5
8.9062,233.12,6290
8.9064,233.07,6288
8.9066,233.1,6285.1
8.9068,233.19,6283.3
8.907,233.36,6282.1
8.9072,233.53,6282.4
8.9074,233.63,6284.5
8.9076,233.63,6287.7
8.9078,233.52,6290.4
8.908,233.31,6287.6
8.9082,233.14,6282.8
8.9084,233.02,6280.6
8.9086,232.93,6279.8
8.9088,232.86,6281.3
8.909,232.88,6284.8
8.9092,232.99,6288.6
8.9094,233.13,6288.5
8.9096,233.28,6284.7
8.9098,233.4,6279.2
8.91,233.49,6276.6
8.9102,233.57,6276.9
8.9104,233.57,6279.8
8.9106,233.47,6283.3
8.9108,233.32,6284
8.911,233.14,6282
8.9112,233.04,6276.7
8.9114,233.01,6272.2
8.9116,232.99,6270.9
8.9118,232.99,6270.3
8.912,233.01,6268.6
8.9122,233.06,6268.7
8.9124,233.15,6271.9
8.9126,233.29,6274.2
8.9128,233.45,6274.7
8.913,233.55,6271.3
8.9132,233.57,6265.5
8.9134,233.5,6261.1
8.9136,233.34,6260.4
8.9138,233.12,6263
8.914,233.01,6266.7
8.9142,233.03,6269.3
8.9144,233.08,6268.3
8.9146,233.14,6262.9
8.9148,233.17,6257.8
8.915,233.19,6254.5
8.9152,233.26,6254.3
8.9154,233.38,6258.8
8.9156,233.54,6265
8.9158,233.65,6268.9
8.916,233.71,6266.1
8.9162,233.68,6261.3
8.9164,233.49,6258.3
8.9166,233.29,6259.8
8.9168,233.17,6261.8
8.917,233.13,6263.5
8.9172,233.18,6261.3
8.9174,233.25,6254.5
8.9176,233.25,6248.6
8.9178,233.2,6249.8
8.918,233.2,6255
8.9182,233.28,6259.2
8.9184,233.43,6256.1
8.9186,233.58,6250.6
8.9188,233.68,6245.2
8.919,233.63,6248
8.9192,233.41,6257.7
8.9194,233.2,6266.8
8.9196,233.05,6264
8.9198,232.93,6252.8
8.92,232.84,6243
8.9202,232.79,6241.1
8.9204,232.84,6245.9
8.9206,232.97,6255.6
8.9208,233.17,6267.5
8.921,233.44,6272.3
8.9212,233.6,6268.1
8.9214,233.58,6262.1
8.9216,233.47,6258.8
8.9218,233.37,6257.7
8.922,233.24,6259.1
8.9222,233.13,6266.3
8.9224,233.07,6272
8.9226,233,6270.2
8.9228,232.96,6264.6
8.923,232.98,6259.2
8.9232,233.07,6256.5
8.9234,233.24,6259
8.9236,233.46,6263.5
8.9238,233.63,6263.7
8.924,233.69,6261.4
8.9242,233.66,6261.8
8.9244,233.57,6264.5
8.9246,233.43,6265.1
8.9248,233.29,6262.8
8.925,233.16,6259.6
8.9252,233.06,6257.3
8.9254,232.98,6255.9
8.9256,232.96,6258.7
8.9258,232.99,6264
8.926,233.07,6264.7
8.9262,233.18,6260.3
8.9264,233.28,6254.9
8.9266,233.38,6251.5
8.9268,233.47,6250.9
8.927,233.46,6254
8.9272,233.41,6260
8.9274,233.33,6264.1
8.9276,233.21,6262.5
8.9278,233.02,6256.5
8.928,232.85,6249.8
8.9282,232.72,6248.3
8.9284,232.66,6253.1
8.9286,232.68,6260.2
8.9288,232.8,6261.8
8.929,232.96,6254.9
8.9292,233.1,6245
8.9294,233.19,6238.2
8.9296,233.24,6237
8.9298,233.21,6240.6
8.93,233.12,6246.4
8.9302,232.99,6249.1
8.9304,232.85,6247.2
8.9306,232.73,6242.8
8.9308,232.63,6239.3
8.931,232.56,6237.1
8.9312,232.52,6238.5
8.9314,232.55,6241.3
8.9316,232.7,6243.5
8.9318,232.92,6243.2
8.932,233.12,6242
8.9322,233.25,6241.2
8.9324,233.28,6243.2
8.9326,233.22,6246.3
8.9328,233.13,6248.1
8.933,233.03,6247.9
8.9332,232.94,6251
8.9334,232.89,6254
8.9336,232.87,6254.7
8.9338,232.8,6252.3
8.934,232.73,6248.9
8.9342,232.73,6246
8.9344,232.78,6249.3
8.9346,232.89,6255.4
8.9348,233.04,6256.3
8.935,233.23,6253
8.9352,233.38,6249.4
8.9354,233.41,6247.8
8.9356,233.35,6247.6
8.9358,233.21,6251.4
8.936,233.05,6257
8.9362,232.99,6259.2
8.9364,232.95,6258.5
8.9366,232.87,6258.8
8.9368,232.85,6258.2
8.937,232.9,6255.5
8.9372,232.98,6253.7
8.9374,233.16,6255.2
8.9376,233.38,6256.8
8.9378,233.52,6259.2
8.938,233.57,6262
8.9382,233.5,6262.4
8.9384,233.35,6261.8
8.9386,233.19,6263.8
8.9388,233.07,6266.4
8.939,233.05,6268
8.9392,233.07,6266.6
8.9394,233.07,6264.2
8.9396,233.05,6261.9
8.9398,233.04,6260.4
8.94,233.04,6261
8.9402,233.1,6265.1
8.9404,233.23,6266.7
8.9406,233.4,6263.1
8.9408,233.51,6259.9
8.941,233.52,6260.5
8.9412,233.41,6262.4
8.9414,233.21,6265.1
8.9416,232.96,6267.4
8.9418,232.75,6266.6
8.942,232.66,6261.1
8.9422,232.69,6256.4
8.9424,232.78,6254.4
8.9426,232.9,6255
8.9428,232.99,6257.3
8.943,233.07,6261
8.9432,233.16,6263.2
8.9434,233.28,6263.2
8.9436,233.39,6262.6
8.9438,233.44,6259.2
8.944,233.4,6255.2
8.9442,233.26,6251.1
8.9444,233.06,6251.3
8.9446,232.92,6253.5
8.9448,232.84,6256.8
8.945,232.83,6260.3
8.9452,232.9,6259.4
8.9454,232.98,6255.1
8.9456,233.07,6250.7
8.9458,233.17,6247.9
8.946,233.27,6248.4
8.9462,233.38,6250.9
8.9464,233.47,6253.9
8.9466,233.51,6255.1
8.9468,233.47,6253.8
8.947,233.32,6250.7
8.9472,233.12,6247.8
8.9474,233,6246.9
8.9476,232.91,6247.9
8.9478,232.88,6248.3
8.948,232.91,6247.8
8.9482,232.98,6246.6
8.9484,233.07,6245.2
8.9486,233.2,6244.8
8.9488,233.34,6245.5
8.949,233.45,6248.2
8.9492,233.54,6250.3
8.9494,233.56,6252.2
8.9496,233.48,6252.2
8.9498,233.3,6253.3
8.95,233.13,6256.1
8.9502,233.06,6255.9
8.9504,233.02,6254.4
8.9506,233.08,6254.2
8.9508,233.19,6255.9
8.951,233.29,6259.2
8.9512,233.4,6262.1
8.9514,233.52,6262.1
8.9516,233.6,6258.1
8.9518,233.68,6253
8.952,233.72,6250.2
8.9522,233.68,6251.8
8.9524,233.57,6257.4
8.9526,233.36,6262.4
8.9528,233.14,6263.5
8.953,232.95,6261.6
8.9532,232.81,6259.5
8.9534,232.72,6257.3
8.9536,232.77,6256.3
8.9538,232.92,6257.6
8.954,233.11,6261
8.9542,233.31,6264.2
8.9544,233.51,6265.2
8.9546,233.6,6264.3
8.9548,233.57,6261.8
8.955,233.46,6259.4
8.9552,233.32,6260
8.9554,233.13,6264.3
8.9556,233.01,6271.9
8.9558,233.05,6274.7
8.956,233.15,6270.6
8.9562,233.22,6263.6
8.9564,233.27,6259.1
8.9566,233.32,6256.6
8.9568,233.36,6256.7
8.957,233.44,6258.9
8.9572,233.56,6260.4
8.9574,233.67,6260.4
8.9576,233.72,6259.6
8.9578,233.65,6258.6
8.958,233.48,6255.1
8.9582,233.23,6251.8
8.9584,233.03,6250.6
8.9586,232.92,6249.7
8.9588,232.93,6250.2
8.959,233,6251.9
8.9592,233.08,6252.5
8.9594,233.14,6249.9
8.9596,233.21,6244.4
8.9598,233.28,6239.4
8.96,233.36,6236.6
8.9602,233.44,6237.4
8.9604,233.49,6242.4
8.9606,233.44,6248
8.9608,233.3,6247.7
8.961,233.07,6242.2
8.9612,232.87,6236.6
8.9614,232.78,6235.2
8.9616,232.84,6236.8
8.9618,232.99,6238.4
8.962,233.13,6239
8.9622,233.23,6237.7
8.9624,233.28,6233.7
8.9626,233.29,6229.6
8.9628,233.3,6226.6
8.963,233.32,6227.7
8.9632,233.32,6231.6
8.9634,233.32,6234
8.9636,233.26,6232.8
8.9638,233.13,6230.4
8.964,232.94,6227.4
8.9642,232.82,6225.4
8.9644,232.81,6225
8.9646,232.89,6226.9
8.9648,233.02,6228.2
8.965,233.13,6227.4
8.9652,233.22,6225.4
8.9654,233.29,6224.6
8.9656,233.34,6223.3
8.9658,233.35,6221.7
8.966,233.32,6223.1
8.9662,233.23,6226.4
8.9664,233.1,6227.9
8.9666,232.96,6227.6
8.9668,232.79,6226.2
8.967,232.6,6224.5
8.9672,232.47,6226
8.9674,232.43,6229.7
8.9676,232.48,6229.9
8.9678,232.57,6225.5
8.968,232.69,6220.5
8.9682,232.82,6219.9
8.9684,232.91,6225.2
8.9686,232.99,6231.2
8.9688,233.01,6235.1
8.969,232.92,6234.2
8.9692,232.75,6230.9
8.9694,232.57,6228.1
8.9696,232.43,6226.7
8.9698,232.3,6228.2
8.97,232.2,6231.7
8.9702,232.17,6235.3
8.9704,232.25,6238.1
8.9706,232.42,6238.2
8.9708,232.61,6235.1
8.971,232.8,6229.3
8.9712,232.91,6227.7
8.9714,232.92,6232.3
8.9716,232.83,6238.9
8.9718,232.69,6242
8.972,232.54,6241.7
8.9722,232.4,6239.3
8.9724,232.3,6234.7
8.9726,232.25,6231.1
8.9728,232.25,6230.3
8.973,232.25,6231.6
8.9732,232.25,6233.3
8.9734,232.25,6233.8
8.9736,232.28,6231.1
8.9738,232.38,6226.4
8.974,232.48,6222.3
8.9742,232.57,6221.9
8.9744,232.57,6224.6
8.9746,232.47,6226.3
8.9748,232.29,6226.8
8.975,232.07,6225.4
8.9752,231.9,6222.6
8.9754,231.83,6220.3
8.9756,231.83,6219.8
8.9758,231.85,6221.8
8.976,231.92,6221.5
8.9762,232.01,6217.7
8.9764,232.07,6212.3
8.9766,232.1,6207.5
8.9768,232.13,6205.5
8.977,232.15,6207.5
8.9772,232.15,6210.4
8.9774,232.11,6211.3
8.9776,232,6209.1
8.9778,231.83,6205
8.978,231.68,6201.8
8.9782,231.59,6202
8.9784,231.54,6205
8.9786,231.54,6207.5
8.9788,231.64,6206.2
8.979,231.81,6203.6
8.9792,231.96,6200.4
8.9794,232.08,6198.3
8.9796,232.15,6199.3
8.9798,232.16,6201.6
8.98,232.13,6204.3
8.9802,232.04,6204.8
8.9804,231.92,6202.3
8.9806,231.77,6199.2
8.9808,231.65,6196.7
8.981,231.56,6197
8.9812,231.5,6199.2
8.9814,231.52,6199.7
8.9816,231.59,6197.2
8.9818,231.71,6191.4
8.982,231.84,6187.6
8.9822,231.92,6186.7
8.9824,231.96,6189
8.9826,231.95,6192.7
8.9828,231.91,6196.5
8.983,231.81,6196.5
8.9832,231.67,6200.8
8.9834,231.55,6206.8
8.9836,231.49,6208.2
8.9838,231.44,6203.7
8.984,231.41,6196.7
8.9842,231.42,6193.4
8.9844,231.45,6194.1
8.9846,231.55,6194.5
8.9848,231.7,6197.4
8.985,231.91,6202.6
8.9852,232.05,6204.4
8.9854,232,6201.1
8.9856,231.83,6195
8.9858,231.59,6190.8
8.986,231.37,6194
8.9862,231.34,6203.2
8.9864,231.39,6211.6
8.9866,231.39,6213.6
8.9868,231.36,6209.8
8.987,231.37,6204.8
8.9872,231.45,6205.2
8.9874,231.67,6209.5
8.9876,231.95,6211.4
8.9878,232.11,6213
8.988,232.15,6217.1
8.9882,232.1,6219.6
8.9884,231.96,6219.6
8.9886,231.8,6219.2
8.9888,231.69,6222.6
8.989,231.64,6224.9
8.9892,231.56,6223.5
8.9894,231.47,6220.1
8.9896,231.43,6217.7
8.9898,231.5,6217.7
8.99,231.65,6222.8
8.9902,231.84,6229.3
8.9904,232,6233.7
8.9906,232.15,6231.5
8.9908,232.2,6226
8.991,232.1,6222.6
8.9912,231.95,6221.4
8.9914,231.78,6222.8
8.9916,231.62,6225.3
8.9918,231.49,6227.7
8.992,231.41,6227.1
8.9922,231.36,6225.9
8.9924,231.35,6226.3
8.9926,231.38,6226.2
8.9928,231.44,6223.8
8.993,231.55,6222.7
8.9932,231.73,6221
8.9934,231.88,6221.3
8.9936,231.95,6224.6
8.9938,231.94,6227.6
8.994,231.86,6229.3
8.9942,231.78,6228.3
8.9944,231.68,6225.4
8.9946,231.57,6223.2
8.9948,231.45,6221.7
8.995,231.36,6221.7
8.9952,231.32,6220.8
8.9954,231.35,6219.4
8.9956,231.45,6217.6
8.9958,231.64,6215.9
8.996,231.82,6215.1
8.9962,231.96,6216.3
8.9964,232.02,6217.7
8.9966,232.01,6219.1
8.9968,231.9,6220.1
8.997,231.75,6220
8.9972,231.56,6216.6
8.9974,231.43,6212.9
8.9976,231.37,6213.3
8.9978,231.33,6216.7
8.998,231.31,6218.6
8.9982,231.35,6216.6
8.9984,231.42,6212.1
8.9986,231.52,6208.7
8.9988,231.63,6208.1
8.999,231.73,6210.6
8.9992,231.76,6214.8
8.9994,231.72,6218.9
8.9996,231.63,6221.7
8.9998,231.49,6222
9,231.33,6220.4
9.0002,231.19,6216.8
9.0004,231.08,6214.7
9.0006,231.04,6218.2
9.0008,231.11,6224.4
9.001,231.26,6225.6
9.0012,231.47,6222.2
9.0014,231.66,6219
9.0016,231.74,6217.2
9.0018,231.73,6219.2
9.002,231.66,6222.3
9.0022,231.59,6225.5
9.0024,231.53,6229.2
9.0026,231.48,6232.3
9.0028,231.38,6233.8
9.003,231.26,6231.7
9.0032,231.17,6228.2
9.0034,231.11,6227.1
9.0036,231.13,6229.6
9.0038,231.23,6233.7
9.004,231.39,6234.7
9.0042,231.56,6231.1
9.0044,231.65,6227.6
9.0046,231.65,6227.6
9.0048,231.59,6232.6
9.005,231.49,6237.5
9.0052,231.37,6237.6
9.0054,231.26,6235.7
9.0056,231.14,6234.3
9.0058,231.05,6237.3
9.006,230.98,6242.2
9.0062,230.98,6243.8
9.0064,231.01,6242.3
9.0066,231.1,6238.6
9.0068,231.22,6236.2
9.007,231.34,6238.1
9.0072,231.45,6242.8
9.0074,231.61,6247.4
9.0076,231.75,6250.3
9.0078,231.8,6250.4
9.008,231.73,6247.7
9.0082,231.5,6243.7
9.0084,231.27,6240.4
9.0086,231.12,6240.5
9.0088,231.05,6244.5
9.009,231.11,6248.1
9.0092,231.26,6248.2
9.0094,231.4,6243.7
9.0096,231.51,6240.5
9.0098,231.6,6238.2
9.01,231.66,6238.4
9.0102,231.71,6240.8
9.0104,231.74,6244.9
9.0106,231.73,6247.5
9.0108,231.67,6247
9.011,231.59,6244
9.0112,231.47,6240.2
9.0114,231.37,6237.6
9.0116,231.3,6238.8
9.0118,231.3,6242.3
9.012,231.4,6246.7
9.0122,231.57,6248.8
9.0124,231.74,6246.6
9.0126,231.88,6240.7
9.0128,231.95,6236.6
9.013,231.94,6236.8
9.0132,231.91,6241.5
9.0134,231.89,6246.5
9.0136,231.84,6248
9.0138,231.75,6246.2
9.014,231.58,6244.3
9.0142,231.44,6243
9.0144,231.4,6244.8
9.0146,231.45,6248.5
9.0148,231.61,6249.7
9.015,231.83,6247.7
9.0152,231.99,6246.1
9.0154,232.1,6244.5
9.0156,232.12,6245.5
9.0158,232.1,6249.5
9.016,232.08,6252.8
9.0162,232.04,6252.4
9.0164,231.97,6251.5
9.0166,231.84,6252.9
9.0168,231.68,6255.7
9.017,231.62,6257.9
9.0172,231.66,6259.2
9.0174,231.73,6256.5
9.0176,231.82,6250.8
9.0178,231.92,6246.7
9.018,232.02,6245.7
9.0182,232.11,6251.2
9.0184,232.18,6259.8
9.0186,232.24,6265.5
9.0188,232.28,6264.8
9.019,232.27,6260.6
9.0192,232.14,6258.5
9.0194,231.93,6260.4
9.0196,231.78,6264.1
9.0198,231.73,6266.1
9.02,231.75,6265.1
9.0202,231.83,6261.8
9.0204,231.93,6259.2
9.0206,232.04,6257.1
9.0208,232.15,6255.5
9.021,232.27,6260
9.0212,232.39,6267.5
9.0214,232.46,6270.6
9.0216,232.4,6270.2
9.0218,232.33,6268.5
9.022,232.22,6267.5
9.0222,232.04,6267.5
9.0224,231.94,6270.6
9.0226,231.98,6273.9
9.0228,232.07,6274.4
9.023,232.12,6272.4
9.0232,232.17,6268.8
9.0234,232.2,6266
9.0236,232.21,6264.7
9.0238,232.23,6268
9.024,232.3,6271.5
9.0242,232.38,6272.5
9.0244,232.44,6272.3
9.0246,232.45,6272.8
9.0248,232.33,6271.6
9.025,232.07,6268.8
9.0252,231.84,6267
9.0254,231.71,6268
9.0256,231.75,6270.8
9.0258,231.9,6272
9.026,232.13,6271.7
9.0262,232.34,6269.4
9.0264,232.43,6267.5
9.0266,232.42,6266.7
9.0268,232.39,6266
9.027,232.36,6267.1
9.0272,232.36,6271
9.0274,232.36,6275.3
9.0276,232.32,6276.4
9.0278,232.18,6275.1
9.028,232.06,6272.1
9.0282,231.96,6268.8
9.0284,231.89,6266.6
9.0286,231.89,6267.3
9.0288,231.99,6270.4
9.029,232.17,6271.6
9.0292,232.35,6270
9.0294,232.49,6265.6
9.0296,232.58,6262.2
9.0298,232.58,6261.3
9.03,232.52,6263.7
9.0302,232.41,6266.3
9.0304,232.27,6266.2
9.0306,232.14,6263
9.0308,232.1,6259.9
9.031,232.08,6257.2
9.0312,232.08,6257.3
9.0314,232.11,6260
9.0316,232.18,6262.3
9.0318,232.3,6262.9
9.032,232.45,6260.5
9.0322,232.6,6257.3
9.0324,232.7,6255.7
9.0326,232.73,6259.3
9.0328,232.64,6264.7
9.033,232.47,6267.8
9.0332,232.27,6267.7
9.0334,232.11,6269
9.0336,232.15,6268.2
9.0338,232.21,6267.2
9.034,232.22,6268
9.0342,232.27,6268.7
9.0344,232.34,6268
9.0346,232.44,6267.6
9.0348,232.59,6265.8
9.035,232.69,6263.5
9.0352,232.72,6261.7
9.0354,232.7,6261.8
9.0356,232.63,6263.1
9.0358,232.55,6264
9.036,232.45,6266.3
9.0362,232.29,6268.4
9.0364,232.18,6265.7
9.0366,232.12,6260.4
9.0368,232.07,6258.3
9.037,232.04,6261.6
9.0372,232.06,6263.3
9.0374,232.15,6262.1
9.0376,232.29,6261.4
9.0378,232.45,6261
9.038,232.61,6259.6
9.0382,232.71,6259.4
9.0384,232.72,6258.7
9.0386,232.56,6259.4
9.0388,232.28,6261.5
9.039,232.06,6262.4
9.0392,231.97,6264
9.0394,232,6264
9.0396,232.11,6261.4
9.0398,232.2,6258.5
9.04,232.27,6257.2
9.0402,232.35,6259
9.0404,232.47,6262.4
9.0406,232.56,6264.8
9.0408,232.69,6264.9
9.041,232.82,6262.4
9.0412,232.84,6260.6
9.0414,232.72,6260.8
9.0416,232.49,6262.7
9.0418,232.32,6263.6
9.042,232.27,6262
9.0422,232.28,6262.5
9.0424,232.31,6263.9
9.0426,232.41,6262.8
9.0428,232.54,6259.3
9.043,232.7,6254.7
9.0432,232.82,6252.1
9.0434,232.87,6253.8
9.0436,232.89,6258.3
9.0438,232.83,6261.1
9.044,232.71,6259.5
9.0442,232.6,6256.8
9.0444,232.48,6253
9.0446,232.32,6250.3
9.0448,232.14,6251.9
9.045,232.03,6255.3
9.0452,232,6256.4
9.0454,232.03,6254.2
9.0456,232.16,6249.6
9.0458,232.32,6245.8
9.046,232.44,6244.8
9.0462,232.51,6245.9
9.0464,232.54,6250.4
9.0466,232.51,6255.4
9.0468,232.42,6256.2
9.047,232.29,6252.8
9.0472,232.19,6247.1
9.0474,232.11,6245.7
9.0476,232.11,6248.1
9.0478,232.17,6251.5
9.048,232.27,6254.4
9.0482,232.43,6253.9
9.0484,232.53,6250.3
9.0486,232.58,6244.9
9.0488,232.61,6242.7
9.049,232.61,6245.2
9.0492,232.61,6248.9
9.0494,232.59,6250.7
9.0496,232.55,6251.1
9.0498,232.44,6253.2
9.05,232.27,6255.8
9.0502,232.07,6257.1
9.0504,231.88,6257.8
9.0506,231.77,6256.6
9.0508,231.79,6254.6
9.051,231.95,6253.4
9.0512,232.16,6252.1
9.0514,232.34,6250.5
9.0516,232.48,6250.2
9.0518,232.55,6251.8
9.052,232.53,6253.5
9.0522,232.48,6254.9
9.0524,232.38,6256.7
9.0526,232.19,6257.1
9.0528,232.03,6253.6
9.053,231.9,6250.5
9.0532,231.82,6250.5
9.0534,231.78,6252.4
9.0536,231.77,6253.5
9.0538,231.88,6254.7
9.054,232.03,6257.5
9.0542,232.16,6259.5
9.0544,232.28,6256.5
9.0546,232.32,6253.3
9.0548,232.28,6251.8
9.055,232.25,6253.7
9.0552,232.22,6256.8
9.0554,232.13,6259.6
9.0556,232.01,6262.5
9.0558,231.97,6263.2
9.056,232.01,6261.8
9.0562,232.08,6260.3
9.0564,232.2,6259.1
9.0566,232.32,6260.3
9.0568,232.4,6266.3
9.057,232.46,6271.7
9.0572,232.57,6269.7
9.0574,232.69,6261.6
9.0576,232.77,6253.9
9.0578,232.81,6251.3
9.058,232.75,6255
9.0582,232.56,6260
9.0584,232.34,6262.5
9.0586,232.21,6262.7
9.0588,232.2,6262.2
9.059,232.27,6261.2
9.0592,232.4,6259.6
9.0594,232.53,6258.1
9.0596,232.64,6258.2
9.0598,232.71,6259.3
9.06,232.77,6260.9
9.0602,232.84,6263
9.0604,232.94,6265.2
9.0606,232.96,6264.4
9.0608,232.84,6260.2
9.061,232.67,6257.5
9.0612,232.6,6255.3
9.0614,232.54,6254.2
9.0616,232.45,6255.8
9.0618,232.41,6259.3
9.062,232.45,6262.8
9.0622,232.58,6262.9
9.0624,232.73,6259.1
9.0626,232.88,6255
9.0628,232.96,6251.9
9.063,232.98,6250.5
9.0632,232.97,6252.7
9.0634,232.93,6259
9.0636,232.82,6264.4
9.0638,232.66,6262.3
9.064,232.58,6258.1
9.0642,232.54,6254.4
9.0644,232.49,6250.4
9.0646,232.46,6249.7
9.0648,232.48,6253.4
9.065,232.58,6257.9
9.0652,232.74,6258.4
9.0654,232.94,6255.6
9.0656,233.1,6251.4
9.0658,233.19,6248.6
9.066,233.19,6249.6
9.0662,233.09,6253.5
9.0664,232.9,6258
9.0666,232.76,6260.6
9.0668,232.67,6262.2
9.067,232.54,6261.8
9.0672,232.44,6259.7
9.0674,232.41,6259.2
9.0676,232.48,6260.2
9.0678,232.67,6262.5
9.068,232.9,6264.1
9.0682,233.09,6263.9
9.0684,233.18,6262
9.0686,233.18,6263.3
9.0688,233.12,6264.7
9.069,233.03,6265.6
9.0692,232.9,6265.1
9.0694,232.74,6264.4
9.0696,232.62,6264.9
9.0698,232.6,6267.5
9.07,232.62,6269.9
9.0702,232.68,6269.8
9.0704,232.73,6268.3
9.0706,232.81,6266.4
9.0708,232.89,6265.5
9.071,232.97,6266.1
9.0712,233.05,6269.5
9.0714,233.13,6273.9
9.0716,233.18,6275.6
9.0718,233.14,6277.7
9.072,233.01,6277.1
9.0722,232.82,6276.7
9.0724,232.71,6277.4
9.0726,232.73,6277
9.0728,232.82,6276.5
9.073,232.94,6275.1
9.0732,233.09,6279.4
9.0734,233.18,6286.5
9.0736,233.21,6287.1
9.0738,233.22,6280.2
9.074,233.25,6272
9.0742,233.29,6266.9
9.0744,233.33,6266.1
9.0746,233.31,6269.6
9.0748,233.22,6276
9.075,233.03,6279.1
9.0752,232.86,6276.4
9.0754,232.84,6270.2
9.0756,232.91,6266
9.0758,233.05,6264.2
9.076,233.16,6264.6
9.0762,233.24,6266
9.0764,233.28,6265.7
9.0766,233.29,6263.6
9.0768,233.3,6262.4
9.077,233.36,6262.5
9.0772,233.38,6265.1
9.0774,233.37,6269.1
9.0776,233.33,6271.5
9.0778,233.17,6269.9
9.078,233.03,6264.7
9.0782,232.94,6259.5
9.0784,232.89,6257.6
9.0786,232.94,6258.6
9.0788,233.05,6260.5
9.079,233.16,6261.5
9.0792,233.26,6261.2
9.0794,233.35,6258
9.0796,233.42,6255.6
9.0798,233.46,6254.3
9.08,233.46,6256.2
9.0802,233.41,6258.6
9.0804,233.27,6258.6
9.0806,233.03,6258.3
9.0808,232.82,6258.3
9.081,232.75,6257.5
9.0812,232.85,6257.6
9.0814,233.07,6257.2
9.0816,233.31,6256.8
9.0818,233.5,6255.5
9.082,233.61,6253.4
9.0822,233.63,6253.7
9.0824,233.63,6253.9
9.0826,233.6,6256.5
9.0828,233.6,6259.2
9.083,233.59,6260.1
9.0832,233.51,6260.5
9.0834,233.31,6260.7
9.0836,233.13,6258.6
9.0838,233.04,6254.2
9.084,233.07,6249.4
9.0842,233.17,6248
9.0844,233.27,6249.5
9.0846,233.36,6251.4
9.0848,233.42,6253.5
9.085,233.46,6254.4
9.0852,233.52,6253.1
9.0854,233.57,6250.8
9.0856,233.59,6251.5
9.0858,233.52,6255.3
9.086,233.35,6261
9.0862,233.16,6263.7
9.0864,232.98,6260.1
9.0866,232.91,6254.2
9.0868,232.94,6253.7
9.087,233.05,6260.3
9.0872,233.22,6266.2
9.0874,233.38,6267.5
9.0876,233.51,6264.9
9.0878,233.57,6258.2
9.088,233.55,6253.5
9.0882,233.5,6255.1
9.0884,233.46,6260.3
9.0886,233.39,6266.4
9.0888,233.26,6270.5
9.089,233.24,6271.2
9.0892,233.3,6266.8
9.0894,233.34,6260.9
9.0896,233.39,6258.6
9.0898,233.46,6261.9
9.09,233.52,6269.3
9.0902,233.58,6272.2
9.0904,233.67,6270.5
9.0906,233.77,6267.1
9.0908,233.87,6264.8
9.091,233.93,6266.1
9.0912,233.89,6270.7
9.0914,233.74,6275.5
9.0916,233.49,6277.2
9.0918,233.21,6273.5
9.092,233.02,6268.6
9.0922,232.95,6266.4
9.0924,233.02,6268.9
9.0926,233.21,6273.3
9.0928,233.42,6276
9.093,233.55,6275.7
9.0932,233.58,6272.8
9.0934,233.57,6269.6
9.0936,233.52,6269.8
9.0938,233.54,6271.4
9.094,233.57,6273.2
9.0942,233.49,6275.9
9.0944,233.35,6277
9.0946,233.22,6274.7
9.0948,233.08,6269.7
9.095,232.98,6268.5
9.0952,232.97,6269.9
9.0954,233.05,6269.9
9.0956,233.18,6268
9.0958,233.33,6265.4
9.096,233.43,6263.4
9.0962,233.47,6262.5
9.0964,233.46,6262.6
9.0966,233.41,6263.8
9.0968,233.34,6265.4
9.097,233.25,6264.9
9.0972,233.13,6264.3
9.0974,232.95,6262.1
9.0976,232.82,6258.7
9.0978,232.75,6258
9.098,232.77,6259.1
9.0982,232.88,6261.5
9.0984,233.04,6263.1
9.0986,233.21,6263
9.0988,233.33,6261.8
9.099,233.39,6258.3
9.0992,233.41,6256.4
9.0994,233.4,6256.9
9.0996,233.34,6260.2
9.0998,233.25,6264.4
9.1,233.13,6267.1
9.1002,233.01,6263.5
9.1004,232.88,6256.6
9.1006,232.78,6252.8
9.1008,232.79,6253.4
9.101,232.91,6257.7
9.1012,233.1,6263
9.1014,233.33,6265
9.1016,233.47,6262.9
9.1018,233.46,6260.2
9.102,233.4,6259.6
9.1022,233.29,6260
9.1024,233.16,6262
9.1026,233.06,6263.8
9.1028,232.94,6262.3
9.103,232.76,6258.9
9.1032,232.57,6258.3
9.1034,232.51,6261.5
9.1036,232.59,6264.2
9.1038,232.75,6266.5
9.104,232.93,6266.7
9.1042,233.1,6262.8
9.1044,233.18,6256.8
9.1046,233.15,6256.6
9.1048,233.07,6264.3
9.105,233.01,6270.4
9.1052,232.96,6271.6
9.1054,232.91,6268.9
9.1056,232.82,6264.1
9.1058,232.72,6259
9.106,232.6,6258.6
9.1062,232.49,6262.8
9.1064,232.5,6269.3
9.1066,232.6,6273.6
9.1068,232.76,6272
9.107,232.95,6268.8
9.1072,233.11,6267
9.1074,233.23,6269.4
9.1076,233.27,6273.5
9.1078,233.24,6276.7
9.108,233.13,6275.6
9.1082,232.97,6271.8
9.1084,232.81,6266.8
9.1086,232.67,6263.9
9.1088,232.57,6264.9
9.109,232.54,6266.4
9.1092,232.61,6266.6
9.1094,232.71,6265.1
9.1096,232.82,6263.8
9.1098,232.92,6262.3
9.11,233,6260.4
9.1102,233.05,6258.7
9.1104,233.04,6260.5
9.1106,233.01,6262.9
9.1108,232.92,6264.3
9.111,232.78,6263.1
9.1112,232.64,6259.7
9.1114,232.54,6257.2
9.1116,232.52,6257.4
9.1118,232.57,6258.9
9.112,232.66,6260.5
9.1122,232.81,6259.9
9.1124,232.96,6257.5
9.1126,233.07,6254.3
9.1128,233.12,6251.8
9.113,233.12,6252.5
9.1132,233.1,6254.3
9.1134,233.07,6254.9
9.1136,233,6252.9
9.1138,232.86,6250.2
9.114,232.75,6250.5
9.1142,232.68,6252.3
9.1144,232.62,6256
9.1146,232.61,6259.1
9.1148,232.67,6256.2
9.115,232.81,6250.4
9.1152,233,6246.3
9.1154,233.18,6246.6
9.1156,233.29,6250.5
9.1158,233.32,6255.5
9.116,233.27,6259
9.1162,233.16,6258.6
9.1164,233.02,6256.3
9.1166,232.88,6256.3
9.1168,232.87,6258.2
9.117,232.86,6259.5
9.1172,232.83,6258.5
9.1174,232.84,6255
9.1176,232.85,6250.3
9.1178,232.82,6247.8
9.118,232.87,6252.5
9.1182,233.02,6258.6
9.1184,233.16,6259.1
9.1186,233.24,6255.9
9.1188,233.28,6252.2
9.119,233.26,6252.6
9.1192,233.12,6256.7
9.1194,232.93,6262.6
9.1196,232.87,6264.3
9.1198,232.93,6260.7
9.12,233.07,6255.4
9.1202,233.19,6252.3
9.1204,233.21,6252.7
9.1206,233.22,6255.2
9.1208,233.24,6258.2
9.121,233.29,6259.8
9.1212,233.4,6258.7
9.1214,233.55,6257.7
9.1216,233.69,6257
9.1218,233.68,6256.4
9.122,233.54,6259.1
9.1222,233.31,6263.2
9.1224,233.09,6266.4
9.1226,233.05,6265.7
9.1228,233.15,6263
9.123,233.31,6260.2
9.1232,233.45,6259
9.1234,233.5,6261.1
9.1236,233.48,6263.5
9.1238,233.48,6268.6
9.124,233.5,6272.8
9.1242,233.61,6274.8
9.1244,233.73,6272.9
9.1246,233.8,6268.5
9.1248,233.75,6265.7
9.125,233.56,6266.9
9.1252,233.41,6269.1
9.1254,233.34,6269.6
9.1256,233.31,6268.1
9.1258,233.32,6265.2
9.126,233.39,6262.8
9.1262,233.48,6260.2
9.1264,233.6,6258.3
9.1266,233.68,6258.2
9.1268,233.73,6259.1
9.127,233.73,6260.2
9.1272,233.68,6260.8
9.1274,233.57,6261.5
9.1276,233.42,6258.7
9.1278,233.28,6254.4
9.128,233.23,6253.3
9.1282,233.22,6255.3
9.1284,233.28,6256.1
9.1286,233.38,6255.1
9.1288,233.46,6251.6
9.129,233.52,6248.7
9.1292,233.55,6246.9
9.1294,233.62,6246.5
9.1296,233.7,6247.4
9.1298,233.76,6248.4
9.13,233.77,6249.5
9.1302,233.69,6249.8
9.1304,233.53,6249.5
9.1306,233.34,6249.1
9.1308,233.22,6247.9
9.131,233.21,6248
9.1312,233.27,6248.6
9.1314,233.39,6248.8
9.1316,233.55,6248.1
9.1318,233.69,6247.2
9.132,233.77,6245.7
9.1322,233.81,6244
9.1324,233.82,6242.4
9.1326,233.8,6243.3
9.1328,233.76,6246.3
9.133,233.66,6249.8
9.1332,233.53,6251.6
9.1334,233.37,6250.8
9.1336,233.26,6248.1
9.1338,233.2,6244.9
9.134,233.17,6242.9
9.1342,233.18,6243
9.1344,233.25,6244.3
9.1346,233.37,6242.9
9.1348,233.5,6240.6
9.135,233.61,6240.1
9.1352,233.69,6241
9.1354,233.66,6242
9.1356,233.54,6241.6
9.1358,233.35,6241.3
9.136,233.12,6241.3
9.1362,233.01,6242.6
9.1364,233.02,6245.3
9.1366,233.06,6248
9.1368,233.12,6249.4
9.137,233.19,6251.5
9.1372,233.32,6250
9.1374,233.48,6248.1
9.1376,233.61,6250.5
9.1378,233.71,6254.7
9.138,233.76,6259.2
9.1382,233.8,6262.6
9.1384,233.8,6263.3
9.1386,233.74,6259.6
9.1388,233.56,6255.8
9.139,233.35,6255.4
9.1392,233.24,6256.8
9.1394,233.25,6258.7
9.1396,233.34,6262.1
9.1398,233.46,6264.8
9.14,233.55,6263.2
9.1402,233.6,6260.7
9.1404,233.62,6258.7
9.1406,233.68,6257.2
9.1408,233.77,6257.2
9.141,233.84,6258.7
9.1412,233.82,6261.4
9.1414,233.69,6263.2
9.1416,233.44,6263.3
9.1418,233.24,6261.4
9.142,233.23,6256.7
9.1422,233.32,6254.4
9.1424,233.44,6254.5
9.1426,233.5,6255.9
9.1428,233.53,6255.9
9.143,233.54,6254.3
9.1432,233.61,6251.2
9.1434,233.7,6247.2
9.1436,233.8,6245
9.1438,233.85,6245.4
9.144,233.81,6247.5
9.1442,233.61,6249.9
9.1444,233.42,6251.5
9.1446,233.31,6251.9
9.1448,233.27,6250.4
9.145,233.33,6249.2
9.1452,233.41,6249.9
9.1454,233.5,6250.8
9.1456,233.59,6249.5
9.1458,233.65,6248.2
9.146,233.73,6247.7
9.1462,233.82,6248.3
9.1464,233.91,6249.7
9.1466,233.97,6251.6
9.1468,233.96,6252.4
9.147,233.83,6250.5
9.1472,233.61,6247
9.1474,233.44,6244.5
9.1476,233.38,6244.9
9.1478,233.38,6248
9.148,233.4,6250.7
9.1482,233.49,6248.9
9.1484,233.57,6245.5
9.1486,233.64,6241.4
9.1488,233.73,6238.7
9.149,233.79,6238.7
9.1492,233.8,6244.2
9.1494,233.77,6250.9
9.1496,233.7,6252.9
9.1498,233.59,6251.1
9.15,233.43,6249.1
9.1502,233.34,6246.8
9.1504,233.37,6245.8
9.1506,233.43,6247.8
9.1508,233.5,6249.8
9.151,233.6,6250.5
9.1512,233.68,6252.5
9.1514,233.73,6257.9
9.1516,233.82,6262.1
9.1518,233.89,6265.5
9.152,233.94,6268.1
9.1522,234.01,6271.8
9.1524,234.05,6270.4
9.1526,233.92,6270.5
9.1528,233.72,6272.3
9.153,233.56,6273
9.1532,233.38,6272.2
9.1534,233.3,6273.6
9.1536,233.38,6274.1
9.1538,233.53,6271.2
9.154,233.69,6265.9
9.1542,233.83,6262.2
9.1544,233.9,6263.2
9.1546,233.88,6267
9.1548,233.83,6271.9
9.155,233.75,6271.9
9.1552,233.68,6267.7
9.1554,233.57,6265.9
9.1556,233.45,6267.5
9.1558,233.39,6268.7
9.156,233.4,6266.9
9.1562,233.47,6262.2
9.1564,233.54,6258.1
9.1566,233.58,6255.3
9.1568,233.61,6259.5
9.157,233.65,6268.4
9.1572,233.69,6273.7
9.1574,233.76,6273
9.1576,233.86,6270.8
9.1578,233.93,6268.7
9.158,233.88,6267.9
9.1582,233.71,6268.5
9.1584,233.56,6268.9
9.1586,233.48,6267.3
9.1588,233.45,6266.1
9.159,233.44,6267.1
9.1592,233.44,6270.3
9.1594,233.5,6270.8
9.1596,233.63,6268.2
9.1598,233.76,6264.7
9.16,233.88,6260.3
9.1602,233.94,6258.9
9.1604,233.91,6262.9
9.1606,233.82,6268.7
9.1608,233.65,6270.5
9.161,233.44,6268.1
9.1612,233.28,6263.7
9.1614,233.16,6258.7
9.1616,233.09,6257.8
9.1618,233.1,6261
9.162,233.2,6264.3
9.1622,233.32,6262.8
9.1624,233.44,6257.4
9.1626,233.54,6251.2
9.1628,233.6,6248.3
9.163,233.63,6249.9
9.1632,233.64,6252.8
9.1634,233.59,6252.1
9.1636,233.47,6248.5
9.1638,233.3,6243.6
9.164,233.2,6240.8
9.1642,233.13,6242.4
9.1644,233.07,6247.5
9.1646,233.05,6250.8
9.1648,233.07,6249.5
9.165,233.13,6243.9
9.1652,233.21,6237.6
9.1654,233.31,6232.8
9.1656,233.38,6231.7
9.1658,233.43,6234.9
9.166,233.43,6239.9
9.1662,233.35,6243.4
9.1664,233.22,6245.2
9.1666,233.04,6246.4
9.1668,232.9,6246
9.167,232.84,6243.2
9.1672,232.79,6241.2
9.1674,232.79,6239.6
9.1676,232.85,6238.1
9.1678,232.95,6237.5
9.168,233.1,6240
9.1682,233.27,6241.8
9.1684,233.44,6241.3
9.1686,233.47,6237.5
9.1688,233.39,6234.7
9.169,233.25,6234.2
9.1692,233.04,6239.4
9.1694,232.87,6247.8
9.1696,232.77,6252.2
9.1698,232.72,6250.5
9.17,232.72,6248.4
9.1702,232.75,6246.6
9.1704,232.83,6245.6
9.1706,232.94,6245.2
9.1708,233.05,6248.2
9.171,233.17,6254.1
9.1712,233.3,6259.9
9.1714,233.41,6260.7
9.1716,233.46,6258
9.1718,233.41,6255.2
9.172,233.26,6254.8
9.1722,233.07,6256.6
9.1724,232.98,6259.9
9.1726,232.94,6261.7
9.1728,232.92,6261.3
9.173,232.95,6259.2
9.1732,232.98,6255.8
9.1734,233,6253.9
9.1736,233.03,6251.7
9.1738,233.08,6251.4
9.174,233.18,6255.3
9.1742,233.3,6260.1
9.1744,233.33,6263.2
9.1746,233.25,6261.9
9.1748,233.07,6258.4
9.175,232.94,6256.5
9.1752,232.95,6255.3
9.1754,233.01,6254.7
9.1756,233.04,6255.6
9.1758,233.08,6257
9.176,233.08,6257.4
9.1762,233.11,6257.5
9.1764,233.19,6256.2
9.1766,233.3,6253.9
9.1768,233.41,6252.6
9.177,233.49,6253.1
9.1772,233.51,6254.4
9.1774,233.42,6256.1
9.1776,233.27,6256.8
9.1778,233.09,6256.2
9.178,232.99,6254.4
9.1782,232.98,6252.4
9.1784,233.01,6250.7
9.1786,233.07,6249.3
9.1788,233.13,6248.8
9.179,233.22,6247.5
9.1792,233.31,6245.7
9.1794,233.4,6244.6
9.1796,233.47,6244.5
9.1798,233.48,6246.3
9.18,233.45,6248.1
9.1802,233.34,6249.2
9.1804,233.16,6247.5
9.1806,233.03,6246.2
9.1808,232.98,6243.6
9.181,232.99,6243
9.1812,232.98,6245.1
9.1814,232.99,6248.6
9.1816,233.02,6248.2
9.1818,233.07,6243.7
9.182,233.18,6239.2
9.1822,233.3,6237.6
9.1824,233.4,6240.2
9.1826,233.44,6243.9
9.1828,233.37,6246.8
9.183,233.23,6247.1
9.1832,233.02,6243.6
9.1834,232.89,6242.2
9.1836,232.85,6245.1
9.1838,232.89,6248.5
9.184,232.94,6249
9.1842,233.03,6247.7
9.1844,233.16,6246.4
9.1846,233.26,6249.6
9.1848,233.34,6255.6
9.185,233.4,6258.3
9.1852,233.45,6256.8
9.1854,233.47,6253.4
9.1856,233.45,6249.9
9.1858,233.36,6250.9
9.186,233.21,6257.7
9.1862,233.1,6262
9.1864,233.07,6261
9.1866,233.06,6258
9.1868,233.08,6256.7
9.187,233.14,6259.1
9.1872,233.25,6264.3
9.1874,233.39,6271
9.1876,233.56,6274.7
9.1878,233.74,6272.5
9.188,233.87,6269.1
9.1882,233.87,6267.6
9.1884,233.8,6270.4
9.1886,233.64,6276.2
9.1888,233.42,6281.5
9.189,233.31,6281.2
9.1892,233.29,6277.3
9.1894,233.32,6272.2
9.1896,233.36,6266.6
9.1898,233.39,6263.3
9.19,233.45,6266.4
9.1902,233.54,6273.6
9.1904,233.67,6278.4
9.1906,233.78,6277.4
9.1908,233.83,6272.4
9.191,233.81,6265.5
9.1912,233.7,6259.8
9.1914,233.55,6260.5
9.1916,233.33,6266.8
9.1918,233.09,6273.3
9.192,233,6274.9
9.1922,233.08,6270.5
9.1924,233.23,6264
9.1926,233.37,6257.6
9.1928,233.49,6254.4
9.193,233.55,6255.4
9.1932,233.61,6257.2
9.1934,233.64,6258.7
9.1936,233.63,6258.6
9.1938,233.6,6259
9.194,233.53,6258.5
9.1942,233.42,6256.9
9.1944,233.24,6253.7
9.1946,232.99,6252.7
9.1948,232.82,6253.4
9.195,232.77,6254.9
9.1952,232.82,6257.4
9.1954,232.98,6259.6
9.1956,233.2,6259.3
9.1958,233.39,6257.4
9.196,233.53,6255.7
9.1962,233.61,6254.4
9.1964,233.61,6255
9.1966,233.57,6257.2
9.1968,233.51,6259.4
9.197,233.42,6259.3
9.1972,233.32,6258.4
9.1974,233.24,6254.8
9.1976,233.15,6252
9.1978,233.09,6251.7
9.198,233.08,6252.5
9.1982,233.15,6252.7
9.1984,233.29,6250.9
9.1986,233.43,6246.8
9.1988,233.52,6243.3
9.199,233.53,6244.3
9.1992,233.47,6249.2
9.1994,233.41,6254.7
9.1996,233.35,6259
9.1998,233.28,6261.7
9.2,233.15,6261.6
9.2002,233.11,6259.7
9.2004,233.16,6258.7
9.2006,233.24,6258
9.2008,233.35,6256.7
9.201,233.41,6254.8
9.2012,233.42,6253.8
9.2014,233.45,6255.5
9.2016,233.53,6261.4
9.2018,233.7,6269.1
9.202,233.82,6271.2
9.2022,233.83,6267
9.2024,233.77,6261.2
9.2026,233.6,6256.1
9.2028,233.35,6254.4
9.203,233.15,6258.4
9.2032,233.05,6265
9.2034,233.05,6269.7
9.2036,233.15,6269.6
9.2038,233.32,6265.5
9.204,233.48,6262.5
9.2042,233.59,6263.8
9.2044,233.72,6266.7
9.2046,233.85,6268.2
9.2048,233.91,6271
9.205,233.88,6273.7
9.2052,233.79,6276.8
9.2054,233.6,6279.3
9.2056,233.41,6279.9
9.2058,233.34,6275.8
9.206,233.3,6267.9
9.2062,233.29,6262.8
9.2064,233.37,6262.7
9.2066,233.45,6266.6
9.2068,233.5,6275.3
9.207,233.55,6283.7
9.2072,233.63,6283.7
9.2074,233.77,6276.5
9.2076,233.91,6266.5
9.2078,234,6259.2
9.208,233.93,6257.3
9.2082,233.75,6261.9
9.2084,233.6,6270.2
9.2086,233.44,6274.2
9.2088,233.32,6271
9.209,233.26,6263.6
9.2092,233.31,6256.2
9.2094,233.47,6251.8
9.2096,233.69,6252.4
9.2098,233.87,6255.5
9.21,234,6257.4
9.2102,233.99,6255.8
9.2104,233.89,6253.9
9.2106,233.76,6250.4
9.2108,233.62,6246.7
9.211,233.49,6244.7
9.2112,233.35,6245.8
9.2114,233.25,6247.8
9.2116,233.19,6248.6
9.2118,233.18,6248.3
9.212,233.24,6245.9
9.2122,233.36,6242.2
9.2124,233.5,6240.2
9.2126,233.62,6239.9
9.2128,233.72,6241.2
9.213,233.76,6243.5
9.2132,233.75,6244.7
9.2134,233.7,6245
9.2136,233.59,6244.5
9.2138,233.46,6244.7
9.214,233.3,6244.8
9.2142,233.18,6243.4
9.2144,233.12,6241.5
9.2146,233.1,6240.7
9.2148,233.18,6240.2
9.215,233.29,6239.8
9.2152,233.4,6238.6
9.2154,233.48,6235.8
9.2156,233.51,6233.3
9.2158,233.52,6233.8
9.216,233.51,6235.7
9.2162,233.46,6238.1
9.2164,233.34,6240.8
9.2166,233.19,6241.2
9.2168,233.07,6239.6
9.217,233.02,6237.3
9.2172,233.01,6235.9
9.2174,233.04,6236.5
9.2176,233.08,6237.6
9.2178,233.16,6241.5
9.218,233.3,6249.5
9.2182,233.46,6253.1
9.2184,233.6,6249.5
9.2186,233.7,6243.5
9.2188,233.74,6240.3
9.219,233.65,6241.8
9.2192,233.46,6249.3
9.2194,233.26,6262.3
9.2196,233.21,6268.7
9.2198,233.2,6262.2
9.22,233.16,6250.7
9.2202,233.12,6242.2
9.2204,233.13,6240.5
9.2206,233.17,6246.7
9.2208,233.27,6259.2
9.221,233.42,6271.1
9.2212,233.64,6271.7
9.2214,233.77,6262.1
9.2216,233.7,6255
9.2218,233.52,6253.6
9.222,233.25,6256.5
9.2222,233.09,6265.3
9.2224,233.08,6273.3
9.2226,233.12,6272.1
9.2228,233.12,6266.4
9.223,233.11,6261.8
9.2232,233.1,6260.3
9.2234,233.12,6259.2
9.2236,233.19,6261.7
9.2238,233.4,6266.7
9.224,233.65,6268.8
9.2242,233.73,6270.4
9.2244,233.62,6272.1
9.2246,233.39,6269.3
9.2248,233.12,6264.9
9.225,232.93,6261.6
9.2252,232.82,6260.8
9.2254,232.77,6260.9
9.2256,232.74,6262.6
9.2258,232.74,6265.2
9.226,232.82,6266.5
9.2262,232.96,6264.9
9.2264,233.15,6260.2
9.2266,233.31,6254.3
9.2268,233.38,6251.1
9.227,233.37,6253.2
9.2272,233.29,6257.4
9.2274,233.17,6259.9
9.2276,233.05,6258.9
9.2278,232.9,6253.8
9.228,232.73,6246.8
9.2282,232.54,6242.8
9.2284,232.37,6244.6
9.2286,232.31,6250
9.2288,232.4,6253.1
9.229,232.61,6251.8
9.2292,232.83,6245.3
9.2294,233,6237
9.2296,233.03,6234.3
9.2298,232.98,6237.3
9.23,232.85,6243
9.2302,232.68,6246.8
9.2304,232.56,6245.9
9.2306,232.46,6241.1
9.2308,232.35,6235.5
9.231,232.22,6234.6
9.2312,232.13,6238
9.2314,232.18,6240.6
9.2316,232.31,6239.8
9.2318,232.49,6237.1
9.232,232.64,6233.5
9.2322,232.73,6230
9.2324,232.75,6230.2
9.2326,232.73,6233.5
9.2328,232.68,6237.1
9.233,232.6,6240.2
9.2332,232.46,6242.1
9.2334,232.28,6239.4
9.2336,232.12,6235.1
9.2338,232.01,6235.3
9.234,231.98,6239.8
9.2342,232.02,6242.9
9.2344,232.12,6243.8
9.2346,232.25,6244
9.2348,232.38,6249.1
9.235,232.57,6253.1
9.2352,232.75,6254.6
9.2354,232.82,6253.1
9.2356,232.8,6250.2
9.2358,232.7,6249.8
9.236,232.53,6252.5
9.2362,232.41,6256.4
9.2364,232.33,6257.9
9.2366,232.22,6257.6
9.2368,232.14,6254.3
9.237,232.14,6251.9
9.2372,232.18,6250.9
9.2374,232.31,6252.5
9.2376,232.46,6257.1
9.2378,232.6,6263.2
9.238,232.73,6267
9.2382,232.82,6264
9.2384,232.78,6259.5
9.2386,232.67,6259.7
9.2388,232.48,6266
9.239,232.36,6271.9
9.2392,232.33,6271.6
9.2394,232.33,6268
9.2396,232.4,6264.5
9.2398,232.52,6264.2
9.24,232.67,6266.6
9.2402,232.79,6274.5
9.2404,232.9,6283.1
9.2406,232.98,6283.5
9.2408,233.04,6278.7
9.241,233.07,6272.1
9.2412,233.03,6267.8
9.2414,232.93,6268
9.2416,232.76,6276
9.2418,232.63,6286.7
9.242,232.55,6289.2
9.2422,232.52,6282.8
9.2424,232.51,6273.6
9.2426,232.56,6268.3
9.2428,232.67,6268.8
9.243,232.81,6273.3
9.2432,232.95,6278
9.2434,233.04,6277.7
9.2436,233.06,6273.2
9.2438,233,6268.7
9.244,232.87,6268.2
9.2442,232.7,6271.2
9.2444,232.58,6273.1
9.2446,232.55,6274.1
9.2448,232.51,6272.1
9.245,232.44,6266.9
9.2452,232.37,6262.7
9.2454,232.34,6260.3
9.2456,232.42,6259.8
9.2458,232.6,6259.5
9.246,232.77,6260.3
9.2462,232.87,6259.4
9.2464,232.88,6257.4
9.2466,232.79,6256.1
9.2468,232.68,6256.6
9.247,232.54,6256.9
9.2472,232.44,6256.7
9.2474,232.39,6257.6
9.2476,232.38,6257.6
9.2478,232.38,6255.5
9.248,232.42,6253.1
9.2482,232.46,6253.2
9.2484,232.49,6252.7
9.2486,232.58,6251.2
9.2488,232.68,6250.8
9.249,232.79,6250.3
9.2492,232.85,6250.9
9.2494,232.83,6253.2
9.2496,232.76,6257.3
9.2498,232.6,6261
9.25,232.4,6261.1
9.2502,232.22,6258.7
9.2504,232.08,6256
9.2506,232.08,6255
9.2508,232.17,6255.7
9.251,232.33,6257.3
9.2512,232.55,6259.1
9.2514,232.69,6260.8
9.2516,232.75,6260
9.2518,232.77,6256.8
9.252,232.73,6254.5
9.2522,232.68,6253.2
9.2524,232.61,6253.3
9.2526,232.51,6257.4
9.2528,232.42,6262.2
9.253,232.29,6263.9
9.2532,232.12,6263.4
9.2534,231.98,6263.6
9.2536,231.95,6263.9
9.2538,232.05,6262.3
9.254,232.25,6261.7
9.2542,232.46,6261.2
9.2544,232.63,6263.1
9.2546,232.72,6263.4
9.2548,232.7,6264.8
9.255,232.63,6267.7
9.2552,232.51,6271.1
9.2554,232.41,6275.1
9.2556,232.42,6278.9
9.2558,232.49,6277.2
9.256,232.52,6272.1
9.2562,232.51,6270.4
9.2564,232.48,6272.1
9.2566,232.51,6276.7
9.2568,232.63,6279.6
9.257,232.79,6278.8
9.2572,232.93,6276.2
9.2574,233.02,6273.4
9.2576,233.05,6272
9.2578,233.06,6272.5
9.258,232.97,6274.8
9.2582,232.78,6276.1
9.2584,232.55,6274.1
9.2586,232.36,6270.1
9.2588,232.26,6265.7
9.259,232.29,6262.1
9.2592,232.39,6260.4
9.2594,232.54,6260.8
9.2596,232.69,6261
9.2598,232.76,6259.7
9.26,232.78,6258.6
9.2602,232.78,6259
9.2604,232.76,6260.3
9.2606,232.75,6260.2
9.2608,232.71,6259.4
9.261,232.58,6257.7
9.2612,232.41,6255.3
9.2614,232.25,6254.1
9.2616,232.15,6254.4
9.2618,232.12,6254.3
9.262,232.18,6252.2
9.2622,232.32,6247.6
9.2624,232.47,6241.4
9.2626,232.57,6238.4
9.2628,232.63,6239
9.263,232.64,6241.4
9.2632,232.59,6242.4
9.2634,232.52,6243.5
9.2636,232.41,6242.6
9.2638,232.29,6238.4
9.264,232.15,6233.1
9.2642,232.01,6231.9
9.2644,231.89,6234
9.2646,231.82,6236.7
9.2648,231.85,6237.5
9.265,231.98,6233.9
9.2652,232.17,6226.8
9.2654,232.32,6222.4
9.2656,232.39,6224.1
9.2658,232.38,6231.2
9.266,232.33,6238.1
9.2662,232.26,6240.1
9.2664,232.2,6236.8
9.2666,232.11,6232.1
9.2668,231.98,6230.6
9.267,231.91,6233
9.2672,231.88,6235.5
9.2674,231.88,6236.9
9.2676,231.93,6236.2
9.2678,232.04,6234.5
9.268,232.14,6236.8
9.2682,232.24,6239.8
9.2684,232.37,6241.1
9.2686,232.52,6241.2
9.2688,232.61,6241.4
9.269,232.6,6243.8
9.2692,232.49,6246.6
9.2694,232.33,6249.2
9.2696,232.21,6250.7
9.2698,232.09,6250.3
9.27,231.98,6249.8
9.2702,231.94,6250.2
9.2704,231.97,6250.3
9.2706,232.1,6247.3
9.2708,232.27,6245.3
9.271,232.43,6246.7
9.2712,232.5,6249.7
9.2714,232.48,6251.1
9.2716,232.4,6252.1
9.2718,232.28,6252.4
9.272,232.12,6251.1
9.2722,232.07,6249.7
9.2724,232.09,6250.6
9.2726,232.08,6250.7
9.2728,232.05,6247.8
9.273,232.04,6246.3
9.2732,232.1,6246.4
9.2734,232.19,6247.1
9.2736,232.26,6248.3
9.2738,232.3,6249
9.274,232.33,6247.5
9.2742,232.34,6245.8
9.2744,232.33,6245.1
9.2746,232.3,6247.2
9.2748,232.24,6250.4
9.275,232.14,6251.8
9.2752,231.97,6251.9
9.2754,231.83,6250.4
9.2756,231.75,6249.6
9.2758,231.78,6250.4
9.276,231.94,6249.5
9.2762,232.15,6246.9
9.2764,232.33,6243.3
9.2766,232.42,6241.6
9.2768,232.41,6241.7
9.277,232.35,6243.3
9.2772,232.28,6245.3
9.2774,232.22,6246
9.2776,232.15,6244.5
9.2778,232.03,6241.4
9.278,231.83,6238.6
9.2782,231.67,6238.3
9.2784,231.6,6239.5
9.2786,231.65,6240.5
9.2788,231.8,6238.9
9.279,232.01,6237.1
9.2792,232.19,6235.2
9.2794,232.3,6235.2
9.2796,232.33,6236.5
9.2798,232.34,6238.8
9.28,232.31,6239
9.2802,232.23,6237.9
9.2804,232.12,6234.8
9.2806,232.03,6233.7
9.2808,231.97,6235.4
9.281,231.95,6237.4
9.2812,231.93,6237.8
9.2814,231.97,6235.1
9.2816,232.07,6232.5
9.2818,232.18,6229.3
9.282,232.28,6227.8
9.2822,232.37,6231
9.2824,232.48,6236
9.2826,232.58,6237.7
9.2828,232.55,6236.3
9.283,232.45,6234.8
9.2832,232.31,6233.4
9.2834,232.13,6233.9
9.2836,231.98,6236.2
9.2838,231.88,6240.6
9.284,231.85,6242.1
9.2842,231.94,6241.2
9.2844,232.09,6239.5
9.2846,232.3,6240.5
9.2848,232.54,6241.8
9.285,232.72,6243
9.2852,232.8,6242.6
9.2854,232.79,6239.9
9.2856,232.65,6238.8
9.2858,232.44,6240.8
9.286,232.29,6244.8
9.2862,232.23,6249.4
9.2864,232.19,6254.4
9.2866,232.15,6258.7
9.2868,232.16,6257.9
9.287,232.24,6253.8
9.2872,232.36,6252.2
9.2874,232.52,6253.3
9.2876,232.67,6254.8
9.2878,232.77,6258.5
9.288,232.86,6261.9
9.2882,232.87,6263.8
9.2884,232.78,6262.7
9.2886,232.67,6262.4
9.2888,232.53,6262.1
9.289,232.47,6261.8
9.2892,232.46,6263.1
9.2894,232.47,6264
9.2896,232.48,6265.9
9.2898,232.49,6266.8
9.29,232.57,6268.5
9.2902,232.7,6267.9
9.2904,232.87,6265.4
9.2906,232.99,6263.1
9.2908,233.03,6262.4
9.291,232.97,6263.3
9.2912,232.84,6265.2
9.2914,232.68,6264.7
9.2916,232.52,6263.8
9.2918,232.33,6263.8
9.292,232.19,6262.9
9.2922,232.21,6261.8
9.2924,232.3,6262.2
9.2926,232.45,6260.6
9.2928,232.62,6256.7
9.293,232.74,6253.7
9.2932,232.82,6254.1
9.2934,232.85,6256.4
9.2936,232.86,6260.2
9.2938,232.87,6263.5
9.294,232.87,6263
9.2942,232.81,6259.2
9.2944,232.71,6254.5
9.2946,232.54,6253.2
9.2948,232.41,6254.5
9.295,232.37,6255.9
9.2952,232.39,6255.8
9.2954,232.49,6253.9
9.2956,232.62,6249.4
9.2958,232.74,6245.5
9.296,232.82,6244.3
9.2962,232.85,6244.7
9.2964,232.87,6247.4
9.2966,232.85,6249.8
9.2968,232.8,6249.8
9.297,232.68,6247.7
9.2972,232.5,6245.6
9.2974,232.36,6245.9
9.2976,232.32,6247.3
9.2978,232.36,6248.4
9.298,232.46,6249.2
9.2982,232.59,6247.7
9.2984,232.7,6244.9
9.2986,232.77,6241.3
9.2988,232.84,6240.8
9.299,232.91,6243.7
9.2992,232.97,6247.7
9.2994,232.97,6251.6
9.2996,232.93,6252.4
9.2998,232.82,6250.9
9.3,232.66,6248.5
9.3002,232.55,6248.1
9.3004,232.55,6250.1
9.3006,232.61,6252.7
9.3008,232.68,6252.8
9.301,232.76,6249.3
9.3012,232.82,6246.6
9.3014,232.89,6252
9.3016,233.03,6263
9.3018,233.23,6268.8
9.302,233.36,6266.9
9.3022,233.37,6263.3
9.3024,233.3,6261.2
9.3026,233.12,6263.5
9.3028,233.02,6270.4
9.303,232.99,6276.7
9.3032,232.93,6278.1
9.3034,232.88,6275.2
9.3036,232.89,6270.3
9.3038,232.95,6268.5
9.304,233.1,6270.6
9.3042,233.33,6274.4
9.3044,233.47,6274.9
9.3046,233.51,6273.3
9.3048,233.47,6270.9
9.305,233.36,6271.5
9.3052,233.23,6278.3
9.3054,233.12,6284.8
9.3056,233.01,6286
9.3058,232.88,6282.7
9.306,232.78,6278.1
9.3062,232.71,6273.7
9.3064,232.74,6272.9
9.3066,232.89,6277
9.3068,233.13,6281.8
9.307,233.26,6281.3
9.3072,233.29,6275.4
9.3074,233.26,6271.5
9.3076,233.19,6270.2
9.3078,233.12,6271.5
9.308,233.03,6274
9.3082,232.9,6275.2
9.3084,232.73,6275
9.3086,232.64,6273.1
9.3088,232.65,6272.2
9.309,232.75,6270.3
9.3092,232.87,6268.9
9.3094,233.01,6268.4
9.3096,233.13,6266.7
9.3098,233.19,6264.1
9.31,233.21,6261.3
9.3102,233.22,6260.2
9.3104,233.21,6262.1
9.3106,233.18,6264.9
9.3108,233.11,6265.5
9.311,232.98,6262.7
9.3112,232.78,6256.9
9.3114,232.56,6252
9.3116,232.42,6251.8
9.3118,232.39,6256.2
9.312,232.48,6260
9.3122,232.64,6259.2
9.3124,232.8,6254.4
9.3126,232.92,6247.7
9.3128,232.95,6244.4
9.313,232.96,6244.6
9.3132,232.94,6248
9.3134,232.9,6251.9
9.3136,232.84,6252.6
9.3138,232.73,6249.5
9.314,232.56,6244.3
9.3142,232.36,6241.4
9.3144,232.18,6241.5
9.3146,232.09,6243.8
9.3148,232.09,6245.1
9.315,232.19,6242.7
9.3152,232.35,6238.5
9.3154,232.52,6234.5
9.3156,232.63,6233.3
9.3158,232.65,6235.4
9.316,232.61,6238.9
9.3162,232.5,6240.7
9.3164,232.37,6239.4
9.3166,232.2,6236.3
9.3168,232.12,6235.7
9.317,232.1,6236.8
9.3172,232.13,6237.6
9.3174,232.19,6237.3
9.3176,232.27,6235
9.3178,232.34,6234.7
9.318,232.41,6238.6
9.3182,232.55,6244.7
9.3184,232.72,6250.9
9.3186,232.93,6251.5
9.3188,233.08,6249.3
9.319,233.09,6246.4
9.3192,232.95,6246.5
9.3194,232.76,6249.2
9.3196,232.64,6253.7
9.3198,232.52,6254.6
9.32,232.45,6250.6
9.3202,232.43,6244.4
9.3204,232.48,6242.8
9.3206,232.57,6250.7
9.3208,232.66,6260.9
9.321,232.77,6263.6
9.3212,232.89,6257.2
9.3214,232.96,6246.6
9.3216,232.89,6241
9.3218,232.78,6245
9.322,232.61,6254.7
9.3222,232.42,6264.7
9.3224,232.37,6269.1
9.3226,232.37,6262.9
9.3228,232.34,6252.4
9.323,232.32,6243
9.3232,232.33,6242.6
9.3234,232.35,6251.6
9.3236,232.47,6260.4
9.3238,232.65,6261.8
9.324,232.83,6256.2
9.3242,232.94,6248.3
9.3244,232.89,6242.7
9.3246,232.72,6243.1
9.3248,232.5,6248.8
9.325,232.3,6255.6
9.3252,232.16,6260.5
9.3254,232.1,6259.2
9.3256,232.1,6255.7
9.3258,232.18,6251.8
9.326,232.26,6248.2
9.3262,232.34,6245.9
9.3264,232.42,6246.8
9.3266,232.53,6248.9
9.3268,232.64,6250.3
9.327,232.74,6251.5
9.3272,232.78,6250.9
9.3274,232.73,6249.9
9.3276,232.62,6249.1
9.3278,232.52,6248.1
9.328,232.44,6246.5
9.3282,232.4,6247.8
9.3284,232.4,6250
9.3286,232.46,6249.7
9.3288,232.61,6246.3
9.329,232.8,6243.2
9.3292,232.97,6240.6
9.3294,233.09,6241
9.3296,233.15,6245
9.3298,233.13,6249.8
9.33,233.05,6252.8
9.3302,232.93,6251.2
9.3304,232.78,6247.9
9.3306,232.67,6243.3
9.3308,232.59,6240.1
9.331,232.48,6240.7
9.3312,232.44,6243.4
9.3314,232.45,6245.1
9.3316,232.51,6243.6
9.3318,232.63,6240.2
9.332,232.78,6237.4
9.3322,232.89,6236
9.3324,232.94,6237.2
9.3326,232.95,6241.6
9.3328,232.89,6245.9
9.333,232.79,6247.1
9.3332,232.61,6245.7
9.3334,232.48,6242.6
9.3336,232.41,6240.6
9.3338,232.39,6241.1
9.334,232.42,6244.8
9.3342,232.48,6249.6
9.3344,232.6,6252.2
9.3346,232.77,6249.3
9.3348,232.89,6247.9
9.335,232.98,6248.7
9.3352,233.06,6251.4
9.3354,233.1,6254.5
9.3356,233.09,6255.5
9.3358,233.03,6256.5
9.336,232.86,6260.9
9.3362,232.69,6264.3
9.3364,232.62,6264.4
9.3366,232.63,6260.9
9.3368,232.71,6258.3
9.337,232.76,6258.3
9.3372,232.77,6262.5
9.3374,232.82,6267.7
9.3376,232.97,6270.8
9.3378,233.2,6274.4
9.338,233.41,6277.6
9.3382,233.51,6276.5
9.3384,233.43,6272.3
9.3386,233.21,6270.1
9.3388,232.97,6273.8
9.339,232.89,6280.7
9.3392,232.94,6288
9.3394,232.98,6290.8
9.3396,233,6286.4
9.3398,233.01,6278.3
9.34,233.02,6272.7
9.3402,233.06,6271.2
9.3404,233.17,6274.9
9.3406,233.3,6285.9
9.3408,233.47,6296
9.341,233.59,6297
9.3412,233.59,6292.4
9.3414,233.46,6287.2
9.3416,233.29,6283
9.3418,233.2,6283.9
9.342,233.19,6290.1
9.3422,233.22,6295.8
9.3424,233.25,6294.6
9.3426,233.29,6289
9.3428,233.34,6283.5
9.343,233.42,6281.3
9.3432,233.52,6284.1
9.3434,233.58,6289.7
9.3436,233.65,6292.9
9.3438,233.69,6291.9
9.344,233.67,6289.2
9.3442,233.58,6286.4
9.3444,233.42,6283.5
9.3446,233.2,6280.6
9.3448,233.07,6279.4
9.345,233.05,6279.8
9.3452,233.09,6279.9
9.3454,233.17,6276.9
9.3456,233.25,6272.4
9.3458,233.3,6269.2
9.346,233.35,6267
9.3462,233.41,6267.7
9.3464,233.47,6270.8
9.3466,233.5,6272.8
9.3468,233.46,6271.9
9.347,233.33,6268.8
9.3472,233.1,6264.8
9.3474,232.88,6260.6
9.3476,232.75,6258.8
9.3478,232.72,6260.1
9.348,232.75,6260.5
9.3482,232.82,6257.9
9.3484,232.91,6253.1
9.3486,232.99,6250.3
9.3488,233.09,6249.7
9.349,233.19,6251
9.3492,233.23,6252.6
9.3494,233.22,6253.2
9.3496,233.12,6253.2
9.3498,232.92,6253.8
9.35,232.73,6254.1
9.3502,232.59,6252.7
9.3504,232.5,6251.3
9.3506,232.44,6251.1
9.3508,232.45,6251.3
9.351,232.5,6248.9
9.3512,232.61,6246.4
9.3514,232.74,6245.4
9.3516,232.84,6244.9
9.3518,232.88,6246.2
9.352,232.86,6249.5
9.3522,232.81,6253
9.3524,232.74,6256.9
9.3526,232.65,6262.7
9.3528,232.56,6264.5
9.353,232.43,6259.7
9.3532,232.24,6253
9.3534,232.09,6251.3
9.3536,232.04,6253.1
9.3538,232.1,6257.3
9.354,232.29,6261.6
9.3542,232.55,6262.5
9.3544,232.75,6259.1
9.3546,232.88,6255.9
9.3548,232.86,6257.1
9.355,232.73,6261.6
9.3552,232.58,6266.4
9.3554,232.4,6270
9.3556,232.31,6270.9
9.3558,232.27,6266.9
9.356,232.21,6262.6
9.3562,232.14,6260
9.3564,232.14,6259.2
9.3566,232.22,6261.3
9.3568,232.41,6263.8
9.357,232.63,6261.7
9.3572,232.85,6257.4
9.3574,232.96,6253.6
9.3576,232.88,6252.4
9.3578,232.69,6253.6
9.358,232.45,6255.4
9.3582,232.24,6256.4
9.3584,232.11,6256.9
9.3586,232.16,6256.9
9.3588,232.26,6256.1
9.359,232.28,6254.5
9.3592,232.29,6249.9
9.3594,232.31,6246
9.3596,232.38,6244.8
9.3598,232.49,6244.7
9.36,232.59,6244.6
9.3602,232.66,6245.4
9.3604,232.65,6246.2
9.3606,232.56,6247.3
9.3608,232.4,6248.4
9.361,232.21,6247.3
9.3612,232.06,6245.6
9.3614,232.01,6244.7
9.3616,232.03,6244.6
9.3618,232.05,6243.9
9.362,232.13,6241.7
9.3622,232.27,6237.3
9.3624,232.4,6233.5
9.3626,232.5,6232.5
9.3628,232.54,6231.9
9.363,232.52,6231.2
9.3632,232.47,6231.7
9.3634,232.41,6232.9
9.3636,232.35,6232.5
9.3638,232.26,6228.7
9.364,232.09,6224.9
9.3642,231.9,6222.9
9.3644,231.73,6221.9
9.3646,231.67,6222.1
9.3648,231.75,6221.6
9.365,231.89,6219.8
9.3652,232.05,6216.4
9.3654,232.19,6213.8
9.3656,232.26,6213
9.3658,232.26,6213
9.366,232.22,6214.7
9.3662,232.15,6216.2
9.3664,232.05,6216.1
9.3666,231.91,6214.6
9.3668,231.77,6212.4
9.367,231.63,6209.7
9.3672,231.56,6208
9.3674,231.58,6210.1
9.3676,231.71,6215.3
9.3678,231.92,6222.4
9.368,232.17,6227
9.3682,232.39,6225.3
9.3684,232.48,6221.4
9.3686,232.47,6220.5
9.3688,232.41,6223
9.369,232.3,6226.6
9.3692,232.16,6228.9
9.3694,231.97,6229.8
9.3696,231.88,6228.3
9.3698,231.84,6227.2
9.37,231.76,6229.3
9.3702,231.73,6232
9.3704,231.78,6235.2
9.3706,231.94,6236.2
9.3708,232.17,6233.4
9.371,232.35,6230.6
9.3712,232.5,6229.7
9.3714,232.52,6231.3
9.3716,232.39,6235.8
9.3718,232.23,6240.6
9.372,232.11,6243.9
9.3722,231.97,6247.2
9.3724,231.83,6244
9.3726,231.73,6235.2
9.3728,231.67,6229.1
9.373,231.67,6230.1
9.3732,231.72,6234
9.3734,231.83,6239.8
9.3736,231.96,6244.1
9.3738,232.05,6243.8
9.374,232.08,6239.1
9.3742,232.1,6234.5
9.3744,232.08,6234.6
9.3746,231.99,6236.7
9.3748,231.85,6240.7
9.375,231.69,6250.1
9.3752,231.61,6256.6
9.3754,231.67,6254
9.3756,231.77,6246.4
9.3758,231.9,6238.6
9.376,232.01,6234.9
9.3762,232.06,6234.4
9.3764,232.06,6238.3
9.3766,232.09,6242.3
9.3768,232.1,6242.4
9.377,232.11,6238.5
9.3772,232.12,6233
9.3774,232.04,6229.2
9.3776,231.88,6228.9
9.3778,231.7,6231
9.378,231.54,6233
9.3782,231.41,6233.8
9.3784,231.35,6233.2
9.3786,231.38,6230.4
9.3788,231.48,6226.3
9.379,231.63,6222.7
9.3792,231.82,6221
9.3794,231.94,6221.4
9.3796,232,6223
9.3798,232.01,6225.2
9.38,231.98,6225.9
9.3802,231.94,6225.8
9.3804,231.86,6225.1
9.3806,231.72,6222.6
9.3808,231.56,6218.5
9.381,231.39,6216.3
9.3812,231.27,6217.6
9.3814,231.24,6218.5
9.3816,231.33,6216
9.3818,231.49,6211.6
9.382,231.64,6206
9.3822,231.74,6203.8
9.3824,231.75,6207.2
9.3826,231.72,6212.3
9.3828,231.67,6216.5
9.383,231.58,6218.4
9.3832,231.44,6217.1
9.3834,231.33,6212.8
9.3836,231.24,6207.7
9.3838,231.19,6206.5
9.384,231.16,6210.5
9.3842,231.2,6215.2
9.3844,231.31,6216.8
9.3846,231.46,6219.1
9.3848,231.62,6220.7
9.385,231.82,6221.4
9.3852,231.98,6220.2
9.3854,232.02,6221.7
9.3856,232,6224.9
9.3858,231.88,6228.6
9.386,231.67,6233.5
9.3862,231.53,6237.8
9.3864,231.56,6237.1
9.3866,231.62,6230.9
9.3868,231.66,6226.6
9.387,231.66,6227.7
9.3872,231.64,6231
9.3874,231.67,6232.4
9.3876,231.81,6229.6
9.3878,232,6225.9
9.388,232.16,6225.3
9.3882,232.17,6226.7
9.3884,232.03,6229.3
9.3886,231.8,6233.8
9.3888,231.61,6236.8
9.389,231.48,6234.9
9.3892,231.34,6232
9.3894,231.23,6230.1
9.3896,231.17,6230.1
9.3898,231.15,6230.7
9.39,231.24,6231.4
9.3902,231.4,6232.9
9.3904,231.58,6232.8
9.3906,231.74,6230.2
9.3908,231.82,6229.7
9.391,231.77,6232.4
9.3912,231.67,6235.3
9.3914,231.54,6236.4
9.3916,231.46,6238.4
9.3918,231.45,6241.3
9.392,231.49,6241.5
9.3922,231.49,6240.7
9.3924,231.49,6241.9
9.3926,231.57,6242.6
9.3928,231.73,6242.9
9.393,231.92,6243.7
9.3932,232.1,6244.6
9.3934,232.26,6244.2
9.3936,232.32,6244.2
9.3938,232.26,6246.6
9.394,232.15,6249.2
9.3942,232.01,6250.2
9.3944,231.88,6248.3
9.3946,231.8,6244.5
9.3948,231.74,6242.7
9.395,231.73,6244.9
9.3952,231.79,6249.1
9.3954,231.91,6252.1
9.3956,232.08,6254.2
9.3958,232.26,6254.7
9.396,232.41,6253.6
9.3962,232.5,6252.6
9.3964,232.55,6253.6
9.3966,232.54,6254.1
9.3968,232.52,6254.1
9.397,232.41,6254.9
9.3972,232.26,6254
9.3974,232.12,6251.2
9.3976,231.96,6248.2
9.3978,231.87,6246.4
9.398,231.87,6247.6
9.3982,231.99,6249.2
9.3984,232.19,6248.9
9.3986,232.39,6246.3
9.3988,232.52,6244.1
9.399,232.58,6243.9
9.3992,232.56,6246
9.3994,232.49,6248.6
9.3996,232.42,6250
9.3998,232.31,6250.3
9.4,232.14,6248.9
9.4002,231.95,6248.4
9.4004,231.86,6250.4
9.4006,231.85,6251.8
9.4008,231.97,6250.1
9.401,232.15,6247
9.4012,232.32,6244.3
9.4014,232.43,6244.9
9.4016,232.48,6250.5
9.4018,232.54,6257.7
9.402,232.56,6259.9
9.4022,232.54,6254.8
9.4024,232.52,6247.5
9.4026,232.37,6243.3
9.4028,232.12,6248.1
9.403,231.95,6256.2
9.4032,231.86,6258.1
9.4034,231.83,6256.7
9.4036,231.92,6256.5
9.4038,232.11,6259.7
9.404,232.28,6264.1
9.4042,232.41,6268.8
9.4044,232.5,6270.5
9.4046,232.58,6267.3
9.4048,232.62,6264.3
9.405,232.65,6267
9.4052,232.7,6271.5
9.4054,232.59,6270.7
9.4056,232.36,6267.8
9.4058,232.24,6269.1
9.406,232.21,6271.7
9.4062,232.25,6274.3
9.4064,232.35,6275.9
9.4066,232.48,6275.7
9.4068,232.62,6275.4
9.407,232.74,6274.7
9.4072,232.85,6271.9
9.4074,232.95,6270.4
9.4076,233.02,6270.2
9.4078,233.01,6272.8
9.408,232.9,6274.8
9.4082,232.71,6276.4
9.4084,232.54,6278.7
9.4086,232.59,6278.5
9.4088,232.71,6274
9.409,232.75,6269.4
9.4092,232.74,6267.1
9.4094,232.7,6267.4
9.4096,232.69,6270.7
9.4098,232.77,6275
9.41,232.92,6276
9.4102,233.1,6274.8
9.4104,233.21,6273
9.4106,233.2,6270.8
9.4108,233.09,6268.1
9.411,232.87,6268.4
9.4112,232.67,6272.2
9.4114,232.62,6277.9
9.4116,232.71,6279.2
9.4118,232.86,6275.2
9.412,232.97,6270.3
9.4122,233.06,6266.7
9.4124,233.12,6267.4
9.4126,233.23,6271.5
9.4128,233.33,6274.5
9.413,233.41,6273.9
9.4132,233.45,6272.1
9.4134,233.45,6270.5
9.4136,233.36,6268.8
9.4138,233.13,6268.6
9.414,232.93,6270.6
9.4142,232.77,6271.5
9.4144,232.67,6269.9
9.4146,232.69,6268.4
9.4148,232.81,6267.8
9.415,232.98,6267.7
9.4152,233.16,6266.4
9.4154,233.29,6265
9.4156,233.35,6264.3
9.4158,233.4,6265.8
9.416,233.44,6268.4
9.4162,233.4,6271.1
9.4164,233.26,6271
9.4166,233.07,6269.3
9.4168,232.87,6268.5
9.417,232.73,6269.1
9.4172,232.67,6269.8
9.4174,232.67,6270.8
9.4176,232.75,6270.2
9.4178,232.92,6269.5
9.418,233.11,6269.3
9.4182,233.27,6270.8
9.4184,233.37,6271.2
9.4186,233.41,6270
9.4188,233.38,6269
9.419,233.33,6268.1
9.4192,233.2,6270.2
9.4194,232.95,6274
9.4196,232.77,6276
9.4198,232.65,6274.6
9.42,232.55,6272.4
9.4202,232.52,6271.2
9.4204,232.59,6269.9
9.4206,232.72,6269.3
9.4208,232.89,6271.5
9.421,233.07,6273.3
9.4212,233.17,6276
9.4214,233.18,6277.5
9.4216,233.15,6282
9.4218,233.09,6287.2
9.422,233.03,6289.3
9.4222,232.95,6287.5
9.4224,232.86,6284
9.4226,232.84,6283.2
9.4228,232.86,6288.1
9.423,232.93,6294.1
9.4232,233.01,6295.2
9.4234,233.13,6290.7
9.4236,233.26,6292.8
9.4238,233.45,6299.7
9.424,233.62,6302.9
9.4242,233.63,6301.7
9.4244,233.58,6295.9
9.4246,233.46,6291.3
9.4248,233.3,6291.3
9.425,233.12,6295.7
9.4252,232.99,6301.5
9.4254,232.97,6302.8
9.4256,232.96,6300.4
9.4258,232.98,6294.6
9.426,233.08,6290.1
9.4262,233.19,6290.4
9.4264,233.3,6292.2
9.4266,233.4,6295.9
9.4268,233.45,6297.1
9.427,233.48,6296.2
9.4272,233.44,6294.4
9.4274,233.35,6291.5
9.4276,233.23,6288.7
9.4278,233.08,6286.8
9.428,232.94,6286.6
9.4282,232.85,6289.3
9.4284,232.82,6291.9
9.4286,232.88,6292.4
9.4288,233.03,6289.7
9.429,233.25,6287.2
9.4292,233.46,6285.3
9.4294,233.57,6285
9.4296,233.62,6285.4
9.4298,233.59,6287.4
9.43,233.52,6289.8
9.4302,233.47,6289.6
9.4304,233.42,6287.1
9.4306,233.29,6282.5
9.4308,233.14,6278.5
9.431,233.04,6276.9
9.4312,233,6277.4
9.4314,233.04,6278.4
9.4316,233.15,6277.8
9.4318,233.28,6277.6
9.432,233.4,6277.2
9.4322,233.47,6276.2
9.4324,233.5,6275.6
9.4326,233.51,6275.8
9.4328,233.46,6276.1
9.433,233.36,6276.4
9.4332,233.22,6276.5
9.4334,233.08,6275.2
9.4336,232.99,6273.4
9.4338,232.97,6271.2
9.434,232.98,6269.7
9.4342,233.01,6269
9.4344,233.1,6271.8
9.4346,233.21,6277.3
9.4348,233.35,6285.5
9.435,233.54,6291
9.4352,233.71,6289.6
9.4354,233.77,6282.3
9.4356,233.74,6276.9
9.4358,233.62,6277.4
9.436,233.41,6285.4
9.4362,233.18,6291.6
9.4364,232.98,6293
9.4366,232.89,6289.2
9.4368,232.95,6280.9
9.437,233.07,6273.9
9.4372,233.19,6273.6
9.4374,233.29,6279.9
9.4376,233.34,6288.8
9.4378,233.45,6296.4
9.438,233.62,6298.1
9.4382,233.71,6292.3
9.4384,233.68,6284.6
9.4386,233.54,6282.8
9.4388,233.29,6287.6
9.439,233.1,6292.8
9.4392,233.05,6293.3
9.4394,233.11,6288.7
9.4396,233.16,6282.9
9.4398,233.17,6281.9
9.44,233.2,6289.1
9.4402,233.27,6299
9.4404,233.41,6300.1
9.4406,233.56,6294
9.4408,233.7,6288.8
9.441,233.71,6287.2
9.4412,233.57,6291.6
9.4414,233.42,6298.6
9.4416,233.29,6303.7
9.4418,233.27,6307
9.442,233.33,6304.9
9.4422,233.38,6298.3
9.4424,233.4,6292.1
9.4426,233.43,6290.3
9.4428,233.53,6292
9.443,233.65,6296.1
9.4432,233.77,6298.8
9.4434,233.84,6296.5
9.4436,233.84,6289.8
9.4438,233.78,6284.1
9.444,233.66,6282
9.4442,233.49,6284.5
9.4444,233.27,6287
9.4446,233.1,6287.9
9.4448,233.06,6288.3
9.445,233.15,6286
9.4452,233.3,6281.8
9.4454,233.44,6278.2
9.4456,233.53,6275.1
9.4458,233.58,6275.5
9.446,233.63,6280.1
9.4462,233.7,6283.7
9.4464,233.78,6284.4
9.4466,233.83,6283
9.4468,233.8,6280.4
9.447,233.67,6277.9
9.4472,233.53,6276.4
9.4474,233.43,6274.5
9.4476,233.38,6272.2
9.4478,233.36,6270.6
9.448,233.41,6270.4
9.4482,233.46,6272.1
9.4484,233.53,6272.7
9.4486,233.63,6270.8
9.4488,233.73,6268.4
9.449,233.82,6266.4
9.4492,233.88,6264.4
9.4494,233.85,6264.6
9.4496,233.73,6267
9.4498,233.56,6269.4
9.45,233.4,6269.5
9.4502,233.31,6268.5
9.4504,233.27,6266.9
9.4506,233.29,6263.7
9.4508,233.35,6261.9
9.451,233.46,6262.3
9.4512,233.58,6265.3
9.4514,233.7,6270
9.4516,233.79,6274.4
9.4518,233.87,6275.4
9.452,233.91,6274.9
9.4522,233.91,6275
9.4524,233.91,6275.4
9.4526,233.86,6276.9
9.4528,233.67,6278.1
9.453,233.54,6275.7
9.4532,233.51,6272.3
9.4534,233.59,6269.9
9.4536,233.65,6267.2
9.4538,233.68,6266.8
9.454,233.69,6270.9
9.4542,233.69,6273.9
9.4544,233.71,6271.2
9.4546,233.74,6268.6
9.4548,233.81,6269
9.455,233.82,6271.9
9.4552,233.72,6274.5
9.4554,233.52,6275.6
9.4556,233.32,6276.3
9.4558,233.24,6275.4
9.456,233.3,6272
9.4562,233.4,6269.4
9.4564,233.51,6270.9
9.4566,233.54,6275
9.4568,233.52,6279.2
9.457,233.54,6282.2
9.4572,233.65,6280.1
9.4574,233.83,6279.2
9.4576,233.93,6278.4
9.4578,233.94,6277.9
9.458,233.85,6278.1
9.4582,233.7,6280.7
9.4584,233.53,6282.3
9.4586,233.42,6282.3
9.4588,233.35,6281.4
9.459,233.33,6278
9.4592,233.4,6272.2
9.4594,233.53,6266.3
9.4596,233.66,6262.9
9.4598,233.74,6263.7
9.46,233.73,6266.5
9.4602,233.65,6268.5
9.4604,233.57,6268.2
9.4606,233.49,6265.2
9.4608,233.44,6260
9.461,233.38,6255.4
9.4612,233.21,6255.2
9.4614,233.05,6257.4
9.4616,233,6259.1
9.4618,233.01,6261.2
9.462,233.09,6260.4
9.4622,233.2,6258.6
9.4624,233.33,6256
9.4626,233.48,6256.2
9.4628,233.6,6256.3
9.463,233.69,6256
9.4632,233.7,6256.7
9.4634,233.61,6255.5
9.4636,233.47,6252.4
9.4638,233.29,6250.4
9.464,233.09,6249.4
9.4642,233.01,6248.2
9.4644,233.01,6248.2
9.4646,233.1,6249.6
9.4648,233.22,6250.3
9.465,233.31,6247
9.4652,233.38,6243.3
9.4654,233.44,6242.3
9.4656,233.46,6242
9.4658,233.46,6244
9.466,233.45,6246.5
9.4662,233.44,6246.1
9.4664,233.4,6243.8
9.4666,233.26,6240.7
9.4668,233.04,6239.7
9.467,232.88,6240.6
9.4672,232.82,6240.7
9.4674,232.85,6239.7
9.4676,232.97,6238.4
9.4678,233.11,6239.9
9.468,233.27,6245.4
9.4682,233.45,6248.9
9.4684,233.62,6249.5
9.4686,233.68,6245.3
9.4688,233.63,6240.9
9.469,233.51,6239
9.4692,233.33,6241
9.4694,233.19,6245.6
9.4696,233.22,6250.4
9.4698,233.28,6252.1
9.47,233.28,6252.6
9.4702,233.24,6250.8
9.4704,233.21,6249.9
9.4706,233.26,6252.3
9.4708,233.37,6256.9
9.471,233.52,6258.5
9.4712,233.68,6258.1
9.4714,233.79,6257.8
9.4716,233.83,6257.8
9.4718,233.76,6257.1
9.472,233.61,6257.3
9.4722,233.41,6261.1
9.4724,233.34,6263.4
9.4726,233.37,6261.9
9.4728,233.44,6259.9
9.473,233.53,6258.5
9.4732,233.57,6255.2
9.4734,233.56,6253.6
9.4736,233.57,6254.4
9.4738,233.63,6255.3
9.474,233.67,6254.5
9.4742,233.71,6256.3
9.4744,233.74,6257.7
9.4746,233.69,6255.7
9.4748,233.56,6252.9
9.475,233.36,6253.9
9.4752,233.15,6257.1
9.4754,233.03,6258.6
9.4756,233.04,6258.5
9.4758,233.16,6256.5
9.476,233.32,6252.4
9.4762,233.44,6248.2
9.4764,233.49,6244.7
9.4766,233.52,6241.9
9.4768,233.51,6241.9
9.477,233.51,6242
9.4772,233.49,6243.9
9.4774,233.43,6245.3
9.4776,233.33,6243.8
9.4778,233.21,6240.1
9.478,233.11,6236.5
9.4782,233.05,6234.6
9.4784,233.01,6235.2
9.4786,233.03,6235.8
9.4788,233.15,6235.5
9.479,233.27,6234
9.4792,233.36,6230.9
9.4794,233.45,6227.5
9.4796,233.53,6226.5
9.4798,233.55,6226.9
9.48,233.51,6226.8
9.4802,233.39,6226.3
9.4804,233.21,6225.7
9.4806,233.02,6223.5
9.4808,232.92,6220.4
9.481,232.9,6218.2
9.4812,232.91,6218.3
9.4814,232.95,6219.7
9.4816,233,6220.1
9.4818,233.07,6217.9
9.482,233.19,6213.4
9.4822,233.32,6211.7
9.4824,233.4,6215.9
9.4826,233.41,6221.6
9.4828,233.36,6224.3
9.483,233.3,6222.7
9.4832,233.25,6218.9
9.4834,233.11,6214.5
9.4836,232.95,6213.3
9.4838,232.86,6215.2
9.484,232.88,6220.3
9.4842,232.97,6223.5
9.4844,233.11,6223.7
9.4846,233.23,6222.9
9.4848,233.38,6223.1
9.485,233.43,6223.6
9.4852,233.46,6223.7
9.4854,233.51,6225
9.4856,233.52,6229.5
9.4858,233.47,6234.3
9.486,233.27,6232.3
9.4862,233.01,6230.1
9.4864,232.86,6231.3
9.4866,232.9,6232.5
9.4868,233.04,6232.8
9.487,233.2,6234.2
9.4872,233.36,6236
9.4874,233.46,6238.7
9.4876,233.56,6241.3
9.4878,233.67,6240.9
9.488,233.69,6237.5
9.4882,233.71,6235.5
9.4884,233.75,6236.7
9.4886,233.72,6241.2
9.4888,233.55,6247
9.489,233.38,6250.6
9.4892,233.26,6249.4
9.4894,233.23,6243.3
9.4896,233.26,6239.8
9.4898,233.34,6242.2
9.49,233.45,6247.1
9.4902,233.57,6250.9
9.4904,233.7,6250.2
9.4906,233.82,6247.2
9.4908,233.87,6242.9
9.491,233.85,6242.2
9.4912,233.77,6244
9.4914,233.61,6248
9.4916,233.39,6252
9.4918,233.24,6254.2
9.492,233.21,6254.2
9.4922,233.26,6252
9.4924,233.3,6248.7
9.4926,233.31,6244.8
9.4928,233.34,6241.2
9.493,233.35,6238.9
9.4932,233.4,6237.2
9.4934,233.47,6237.3
9.4936,233.55,6238.5
9.4938,233.57,6238.3
9.494,233.48,6236.4
9.4942,233.29,6233.1
9.4944,233.06,6229
9.4946,232.88,6225.9
9.4948,232.76,6226.7
9.495,232.73,6229.9
9.4952,232.77,6231
9.4954,232.86,6227
9.4956,232.99,6220.5
9.4958,233.11,6214.9
9.496,233.2,6214
9.4962,233.26,6216.2
9.4964,233.28,6220.8
9.4966,233.25,6224.7
9.4968,233.2,6224.4
9.497,233.11,6218.4
9.4972,232.95,6211.8
9.4974,232.83,6210.4
9.4976,232.74,6212.8
9.4978,232.67,6216
9.498,232.67,6216.9
9.4982,232.75,6214.8
9.4984,232.86,6210.5
9.4986,232.99,6206.7
9.4988,233.14,6205
9.499,233.25,6205.6
9.4992,233.28,6208
9.4994,233.24,6210.6
9.4996,233.13,6211.8
9.4998,232.96,6210.4
9.5,232.81,6206.9
9.5002,232.7,6203.8
9.5004,232.58,6202.9
9.5006,232.46,6204.5
9.5008,232.38,6206.9
9.501,232.4,6208.6
9.5012,232.5,6207
9.5014,232.67,6204.9
9.5016,232.83,6205.6
9.5018,232.96,6207.6
9.502,232.99,6210.4
9.5022,232.98,6213.1
9.5024,232.97,6217.9
9.5026,232.84,6224.1
9.5028,232.64,6229.7
9.503,232.56,6228
9.5032,232.51,6220.2
9.5034,232.46,6214.1
9.5036,232.48,6212.9
9.5038,232.56,6215.8
9.504,232.69,6221.7
9.5042,232.86,6229.8
9.5044,233,6232.5
9.5046,233.05,6227.6
9.5048,232.99,6222.9
9.505,232.91,6220.7
9.5052,232.8,6220.4
9.5054,232.69,6229.1
9.5056,232.58,6245.1
9.5058,232.54,6253.3
9.506,232.56,6249.1
9.5062,232.6,6240.9
9.5064,232.66,6233.4
9.5066,232.69,6228.2
9.5068,232.74,6227.3
9.507,232.83,6234.2
9.5072,232.93,6243
9.5074,233.06,6246.5
9.5076,233.15,6243.8
9.5078,233.17,6237.5
9.508,233.06,6231
9.5082,232.83,6229.1
9.5084,232.55,6236.1
9.5086,232.4,6245.4
9.5088,232.4,6247.7
9.509,232.48,6242.8
9.5092,232.63,6235.6
9.5094,232.78,6229
9.5096,232.86,6227.7
9.5098,232.88,6230.4
9.51,232.86,6233.6
9.5102,232.88,6233.1
9.5104,232.93,6230.1
9.5106,232.95,6225.7
9.5108,232.88,6225.3
9.511,232.67,6226
9.5112,232.41,6226.9
9.5114,232.18,6227.7
9.5116,232.07,6225
9.5118,232.1,6223.7
9.512,232.27,6224.2
9.5122,232.48,6225.2
9.5124,232.65,6225.4
9.5126,232.77,6225
9.5128,232.81,6222
9.513,232.81,6217.5
9.5132,232.82,6215.9
9.5134,232.85,6217.4
9.5136,232.82,6220
9.5138,232.68,6219.8
9.514,232.5,6216.8
9.5142,232.37,6212
9.5144,232.32,6210.5
9.5146,232.34,6214.3
9.5148,232.47,6218.6
9.515,232.64,6219.5
9.5152,232.78,6216.8
9.5154,232.88,6213.4
9.5156,232.93,6212.5
9.5158,232.93,6213.9
9.516,232.93,6216.2
9.5162,232.91,6219
9.5164,232.83,6219.5
9.5166,232.62,6218.9
9.5168,232.45,6216
9.517,232.39,6214.2
9.5172,232.37,6215.1
9.5174,232.38,6219.5
9.5176,232.42,6221.6
9.5178,232.51,6220.8
9.518,232.61,6218.4
9.5182,232.76,6215.9
9.5184,232.92,6216.8
9.5186,233.02,6221.2
9.5188,233.02,6228
9.519,232.93,6234.5
9.5192,232.79,6236.7
9.5194,232.59,6232.9
9.5196,232.43,6227.1
9.5198,232.36,6223.9
9.52,232.33,6226.1
9.5202,232.34,6230.5
9.5204,232.43,6233.4
9.5206,232.54,6232.8
9.5208,232.68,6230.4
9.521,232.81,6227.3
9.5212,232.89,6228.3
9.5214,232.9,6232.6
9.5216,232.89,6237.7
9.5218,232.8,6241.6
9.522,232.64,6243.1
9.5222,232.51,6242.9
9.5224,232.4,6242.6
9.5226,232.28,6242.5
9.5228,232.2,6243.3
9.523,232.2,6243.8
9.5232,232.27,6244.1
9.5234,232.42,6246.4
9.5236,232.58,6247.4
9.5238,232.72,6248.9
9.524,232.84,6250.3
9.5242,232.88,6249.6
9.5244,232.8,6246.9
9.5246,232.67,6244
9.5248,232.49,6245
9.525,232.34,6247.6
9.5252,232.32,6248.5
9.5254,232.27,6247.4
9.5256,232.19,6245
9.5258,232.18,6242.3
9.526,232.25,6242.4
9.5262,232.41,6243.3
9.5264,232.59,6244.8
9.5266,232.71,6246.5
9.5268,232.76,6248
9.527,232.75,6247.4
9.5272,232.7,6243.7
9.5274,232.62,6241
9.5276,232.51,6241
9.5278,232.37,6241.4
9.528,232.17,6242.1
9.5282,232.01,6243.9
9.5284,231.96,6247.1
9.5286,232.03,6247.7
9.5288,232.21,6243.9
9.529,232.41,6237.5
9.5292,232.59,6234.7
9.5294,232.71,6235.5
9.5296,232.74,6239.2
9.5298,232.69,6243.9
9.53,232.61,6244.9
9.5302,232.52,6241.1
9.5304,232.43,6237.2
9.5306,232.28,6236
9.5308,232.07,6235.6
9.531,231.85,6237
9.5312,231.73,6240.7
9.5314,231.8,6242.8
9.5316,231.99,6242.3
9.5318,232.22,6239.2
9.532,232.41,6237
9.5322,232.56,6234.7
9.5324,232.62,6234.7
9.5326,232.59,6237.7
9.5328,232.55,6240.9
9.533,232.48,6242.4
9.5332,232.36,6242.1
9.5334,232.28,6239.2
9.5336,232.17,6235.8
9.5338,232.08,6233.5
9.534,232.05,6235.8
9.5342,232.09,6240.5
9.5344,232.25,6242.6
9.5346,232.47,6243.7
9.5348,232.66,6244
9.535,232.79,6241.2
9.5352,232.81,6240.3
9.5354,232.77,6242.4
9.5356,232.71,6245.1
9.5358,232.63,6245.8
9.536,232.53,6247.4
9.5362,232.34,6249.8
9.5364,232.22,6251.2
9.5366,232.19,6252.8
9.5368,232.21,6252.9
9.537,232.28,6252.1
9.5372,232.4,6250.4
9.5374,232.53,6248.8
9.5376,232.59,6247.9
9.5378,232.6,6248.1
9.538,232.56,6251
9.5382,232.54,6255.3
9.5384,232.52,6258.1
9.5386,232.51,6258.4
9.5388,232.44,6254.2
9.539,232.27,6248.9
9.5392,232.05,6246.3
9.5394,231.96,6248.5
9.5396,231.97,6253.2
9.5398,232.04,6255.5
9.54,232.14,6252.2
9.5402,232.26,6250.1
9.5404,232.37,6252.9
9.5406,232.54,6254.9
9.5408,232.69,6254.4
9.541,232.74,6254.2
9.5412,232.73,6254.1
9.5414,232.54,6252.7
9.5416,232.23,6255.6
9.5418,232.05,6264.5
9.542,232.02,6269.3
9.5422,232.09,6265.1
9.5424,232.23,6258.3
9.5426,232.37,6253.4
9.5428,232.4,6251.5
9.543,232.34,6251.8
9.5432,232.31,6255.4
9.5434,232.34,6259.3
9.5436,232.41,6261.4
9.5438,232.48,6260.7
9.544,232.51,6258.6
9.5442,232.43,6256.4
9.5444,232.28,6253.4
9.5446,232.11,6252.8
9.5448,231.94,6255.5
9.545,231.79,6259.5
9.5452,231.76,6260.1
9.5454,231.89,6256.5
9.5456,232.11,6251.7
9.5458,232.34,6248
9.546,232.49,6245.6
9.5462,232.53,6248.2
9.5464,232.52,6252.8
9.5466,232.52,6256.1
9.5468,232.44,6257.6
9.547,232.37,6257.1
9.5472,232.28,6253.8
9.5474,232.19,6249.6
9.5476,232.15,6247.3
9.5478,232.13,6247.7
9.548,232.11,6249
9.5482,232.17,6250.4
9.5484,232.29,6248.2
9.5486,232.43,6244.5
9.5488,232.55,6239.8
9.549,232.62,6239.7
9.5492,232.63,6243.2
9.5494,232.59,6247.7
9.5496,232.53,6249.6
9.5498,232.47,6248
9.55,232.33,6245.2
9.5502,232.23,6243.1
9.5504,232.15,6242.5
9.5506,232.1,6243.7
9.5508,232.09,6244.8
9.551,232.12,6244.1
9.5512,232.2,6240
9.5514,232.3,6238.7
9.5516,232.43,6241.9
9.5518,232.53,6247.4
9.552,232.57,6250.9
9.5522,232.58,6251.4
9.5524,232.53,6249.2
9.5526,232.43,6247.2
9.5528,232.25,6248
9.553,232.16,6249.4
9.5532,232.12,6250
9.5534,232.11,6250.7
9.5536,232.14,6250.1
9.5538,232.22,6247.4
9.554,232.33,6245.9
9.5542,232.43,6247.3
9.5544,232.52,6250.4
9.5546,232.58,6252.9
9.5548,232.58,6253.5
9.555,232.54,6254.5
9.5552,232.42,6256.4
9.5554,232.29,6259.1
9.5556,232.1,6262.7
9.5558,231.96,6264.1
9.556,231.88,6261.8
9.5562,231.85,6258.2
9.5564,231.89,6253.8
9.5566,232,6253.1
9.5568,232.12,6257.7
9.557,232.22,6265.1
9.5572,232.33,6267.8
9.5574,232.42,6266.3
9.5576,232.42,6264.3
9.5578,232.37,6260.5
9.558,232.27,6257.4
9.5582,232.11,6258.9
9.5584,231.98,6264
9.5586,231.91,6267.3
9.5588,231.88,6265.7
9.559,231.89,6261.4
9.5592,231.94,6256.6
9.5594,232.01,6252.5
9.5596,232.07,6251.9
9.5598,232.17,6254.5
9.56,232.3,6256.1
9.5602,232.4,6256.4
9.5604,232.43,6256.4
9.5606,232.37,6255.7
9.5608,232.23,6252.5
9.561,232.03,6250.3
9.5612,231.83,6249.6
9.5614,231.71,6249.1
9.5616,231.66,6249.9
9.5618,231.74,6251.5
9.562,231.85,6250.9
9.5622,231.96,6247.6
9.5624,232.07,6244.8
9.5626,232.16,6243.1
9.5628,232.2,6244.1
9.563,232.28,6247.5
9.5632,232.34,6250.1
9.5634,232.33,6251.3
9.5636,232.24,6250.5
9.5638,232.08,6249.2
9.564,231.93,6249.8
9.5642,231.82,6249.8
9.5644,231.76,6248.2
9.5646,231.76,6247
9.5648,231.86,6245.8
9.565,232.05,6244
9.5652,232.23,6240.1
9.5654,232.34,6237.3
9.5656,232.38,6237.7
9.5658,232.37,6239.3
9.566,232.33,6239.7
9.5662,232.27,6240.5
9.5664,232.16,6238.7
9.5666,232.03,6235.4
9.5668,231.92,6234.2
9.567,231.87,6235.2
9.5672,231.86,6236
9.5674,231.87,6235.2
9.5676,231.92,6235.9
9.5678,231.99,6237.7
9.568,232.07,6238.4
9.5682,232.19,6236.7
9.5684,232.31,6235.4
9.5686,232.36,6237
9.5688,232.37,6240.5
9.569,232.32,6245.8
9.5692,232.26,6250.2
9.5694,232.12,6249.9
9.5696,231.93,6245.8
9.5698,231.77,6242.1
9.57,231.65,6241.6
9.5702,231.6,6245.8
9.5704,231.68,6248.4
9.5706,231.85,6246
9.5708,232.01,6244.3
9.571,232.13,6247.1
9.5712,232.21,6249.7
9.5714,232.21,6251.1
9.5716,232.15,6252.2
9.5718,232.09,6251.7
9.572,231.99,6248.1
9.5722,231.79,6248.8
9.5724,231.63,6255
9.5726,231.53,6260.9
9.5728,231.53,6262.7
9.573,231.63,6259
9.5732,231.75,6253.7
9.5734,231.87,6254.8
9.5736,232.02,6261.3
9.5738,232.17,6266.1
9.574,232.22,6264.6
9.5742,232.18,6257.8
9.5744,232.09,6252.7
9.5746,231.91,6252
9.5748,231.72,6256.5
9.575,231.61,6263.4
9.5752,231.59,6265.8
9.5754,231.66,6264.3
9.5756,231.78,6261.2
9.5758,231.86,6258.2
9.576,231.87,6258.4
9.5762,231.92,6259.8
9.5764,232.04,6263.2
9.5766,232.19,6265.2
9.5768,232.32,6262.7
9.577,232.37,6257.3
9.5772,232.32,6254.2
9.5774,232.18,6254.6
9.5776,231.99,6256.7
9.5778,231.82,6259.8
9.578,231.69,6261.7
9.5782,231.66,6261.5
9.5784,231.71,6259.8
9.5786,231.81,6257.6
9.5788,231.94,6255.4
9.579,232.08,6254.8
9.5792,232.22,6254.7
9.5794,232.35,6254.8
9.5796,232.43,6255.7
9.5798,232.45,6255.3
9.58,232.4,6254.2
9.5802,232.27,6252.5
9.5804,232.08,6251.4
9.5806,231.83,6250.5
9.5808,231.61,6248.2
9.581,231.5,6247.7
9.5812,231.53,6250.1
9.5814,231.65,6252.4
9.5816,231.83,6251.5
9.5818,232.03,6249.5
9.582,232.2,6248.9
9.5822,232.33,6249.5
9.5824,232.39,6250.4
9.5826,232.34,6251.4
9.5828,232.3,6250.6
9.583,232.27,6249.4
9.5832,232.14,6249.7
9.5834,231.99,6250.9
9.5836,231.9,6252.1
9.5838,231.86,6253.2
9.584,231.84,6254.6
9.5842,231.9,6256.6
9.5844,232.02,6257.7
9.5846,232.16,6259.9
9.5848,232.33,6264.3
9.585,232.52,6267.5
9.5852,232.63,6267.8
9.5854,232.68,6267.1
9.5856,232.69,6268.6
9.5858,232.62,6270.8
9.586,232.49,6271.8
9.5862,232.42,6272.4
9.5864,232.43,6271.9
9.5866,232.46,6270.6
9.5868,232.46,6269.1
9.587,232.48,6269
9.5872,232.54,6269.5
9.5874,232.68,6273.8
9.5876,232.87,6282.6
9.5878,233.09,6289.3
9.588,233.22,6288.1
9.5882,233.25,6282.8
9.5884,233.17,6278.6
9.5886,232.98,6277.7
9.5888,232.71,6283.4
9.589,232.53,6290.2
9.5892,232.51,6293.5
9.5894,232.59,6291.9
9.5896,232.73,6288
9.5898,232.85,6284.4
9.59,232.9,6284.9
9.5902,232.95,6288.9
9.5904,233.01,6292.3
9.5906,233.09,6291.6
9.5908,233.14,6287.1
9.591,233.14,6283.9
9.5912,233.1,6283.3
9.5914,233.01,6287.5
9.5916,232.86,6296
9.5918,232.75,6301.6
9.592,232.67,6301.8
9.5922,232.62,6297.6
9.5924,232.67,6290.7
9.5926,232.79,6287.7
9.5928,232.94,6288.6
9.593,233.1,6291.7
9.5932,233.2,6293.2
9.5934,233.22,6292.9
9.5936,233.19,6290.2
9.5938,233.12,6287
9.594,233.04,6283.1
9.5942,232.93,6280
9.5944,232.77,6279.1
9.5946,232.59,6282.4
9.5948,232.5,6285.7
9.595,232.5,6287.4
9.5952,232.6,6287.3
9.5954,232.7,6284.2
9.5956,232.77,6279.7
9.5958,232.85,6279
9.596,232.95,6280.2
9.5962,233.04,6280.6
9.5964,233.13,6281.6
9.5966,233.18,6282.6
9.5968,233.16,6282.1
9.597,233.01,6279.3
9.5972,232.74,6275.7
9.5974,232.58,6273.2
9.5976,232.52,6273.4
9.5978,232.57,6274.7
9.598,232.66,6275.3
9.5982,232.73,6275.2
9.5984,232.78,6272.2
9.5986,232.81,6266.7
9.5988,232.83,6264.6
9.599,232.86,6266.1
9.5992,232.88,6270
9.5994,232.88,6273.5
9.5996,232.87,6275.9
9.5998,232.79,6274.4
9.6,232.66,6270.7
9.6002,232.55,6268.4
9.6004,232.52,6267.8
9.6006,232.55,6268.5
9.6008,232.63,6271.3
9.601,232.73,6272.9
9.6012,232.81,6274
9.6014,232.89,6273.8
9.6016,232.97,6275.1
9.6018,233.09,6277.5
9.602,233.23,6275.1
9.6022,233.25,6270.2
9.6024,233.1,6269.8
9.6026,232.83,6272.3
9.6028,232.52,6277.4
9.603,232.35,6283.2
9.6032,232.35,6286
9.6034,232.49,6283.5
9.6036,232.72,6278.1
9.6038,232.87,6274.8
9.604,232.93,6276.9
9.6042,232.99,6280.6
9.6044,233.03,6282.4
9.6046,233.1,6283.2
9.6048,233.19,6282.3
9.605,233.22,6280.1
9.6052,233.13,6279
9.6054,232.98,6278
9.6056,232.88,6278.4
9.6058,232.77,6279.8
9.606,232.67,6281.7
9.6062,232.59,6283.1
9.6064,232.61,6284.3
9.6066,232.7,6284.8
9.6068,232.86,6284
9.607,233.04,6279.2
9.6072,233.15,6271.2
9.6074,233.19,6266.9
9.6076,233.14,6268.9
9.6078,233.03,6276.9
9.608,232.89,6286.2
9.6082,232.75,6290
9.6084,232.59,6288.6
9.6086,232.56,6282.7
9.6088,232.59,6274.5
9.609,232.56,6270.2
9.6092,232.54,6270.8
9.6094,232.54,6272.8
9.6096,232.61,6273.6
9.6098,232.73,6273.9
9.61,232.82,6272
9.6102,232.88,6268.3
9.6104,232.84,6265.6
9.6106,232.74,6264.4
9.6108,232.59,6263.9
9.611,232.44,6263.8
9.6112,232.31,6263.8
9.6114,232.25,6264.1
9.6116,232.26,6262.4
9.6118,232.33,6260.9
9.612,232.42,6261.5
9.6122,232.53,6261.8
9.6124,232.65,6260.2
9.6126,232.74,6257.7
9.6128,232.85,6254
9.613,232.92,6251.4
9.6132,232.91,6253.5
9.6134,232.86,6257.6
9.6136,232.73,6259.3
9.6138,232.56,6256.1
9.614,232.37,6251.2
9.6142,232.21,6248.1
9.6144,232.11,6248.8
9.6146,232.07,6252.7
9.6148,232.14,6254.7
9.615,232.27,6254.7
9.6152,232.43,6252.8
9.6154,232.55,6250
9.6156,232.61,6250.9
9.6158,232.65,6253.5
9.616,232.67,6255.3
9.6162,232.66,6256.4
9.6164,232.63,6253.7
9.6166,232.56,6249.1
9.6168,232.44,6247.4
9.617,232.27,6250.6
9.6172,232.1,6254.9
9.6174,232.05,6257.8
9.6176,232.16,6257.5
9.6178,232.36,6253.7
9.618,232.58,6248.9
9.6182,232.73,6247.4
9.6184,232.76,6252
9.6186,232.7,6258.4
9.6188,232.63,6263.6
9.619,232.62,6268.4
9.6192,232.6,6270
9.6194,232.54,6267.1
9.6196,232.57,6261.8
9.6198,232.56,6258.3
9.62,232.48,6256.6
9.6202,232.39,6257.5
9.6204,232.32,6262.4
9.6206,232.34,6268
9.6208,232.45,6270.1
9.621,232.6,6266.7
9.6212,232.69,6260.6
9.6214,232.75,6255.6
9.6216,232.75,6255.9
9.6218,232.75,6260
9.622,232.65,6265.7
9.6222,232.47,6270.3
9.6224,232.36,6270.8
9.6226,232.34,6266.8
9.6228,232.39,6261.1
9.623,232.49,6256.3
9.6232,232.63,6257.4
9.6234,232.72,6262.3
9.6236,232.8,6263.6
9.6238,232.87,6260.6
9.624,232.9,6258
9.6242,232.9,6256.4
9.6244,232.86,6255.9
9.6246,232.77,6258.4
9.6248,232.64,6258.7
9.625,232.48,6258.3
9.6252,232.28,6257.9
9.6254,232.22,6257.2
9.6256,232.28,6256.1
9.6258,232.43,6253.9
9.626,232.53,6251.7
9.6262,232.58,6249.6
9.6264,232.58,6248.4
9.6266,232.6,6248.5
9.6268,232.63,6250.6
9.627,232.71,6253.3
9.6272,232.78,6254.5
9.6274,232.75,6254.1
9.6276,232.62,6250.4
9.6278,232.43,6245.1
9.628,232.25,6243.3
9.6282,232.14,6245.6
9.6284,232.14,6248.1
9.6286,232.23,6246.9
9.6288,232.35,6241.3
9.629,232.46,6234.3
9.6292,232.55,6229.6
9.6294,232.58,6230.1
9.6296,232.58,6235.4
9.6298,232.58,6239.2
9.63,232.55,6240.4
9.6302,232.51,6238.7
9.6304,232.42,6233.6
9.6306,232.24,6228.6
9.6308,232.1,6227.9
9.631,232.04,6230.8
9.6312,232.05,6234.4
9.6314,232.1,6235.6
9.6316,232.21,6235
9.6318,232.34,6230.9
9.632,232.46,6224.4
9.6322,232.53,6220.4
9.6324,232.56,6220.5
9.6326,232.55,6225.2
9.6328,232.55,6230.6
9.633,232.54,6232.7
9.6332,232.41,6230.8
9.6334,232.22,6225.7
9.6336,232.03,6220.9
9.6338,231.89,6219.2
9.634,231.84,6221
9.6342,231.87,6224.6
9.6344,232.01,6229.2
9.6346,232.21,6231.2
9.6348,232.4,6229.4
9.635,232.51,6226.3
9.6352,232.51,6225.7
9.6354,232.45,6227.7
9.6356,232.4,6230.4
9.6358,232.34,6236
9.636,232.22,6241.8
9.6362,232.17,6243
9.6364,232.16,6242.1
9.6366,232.13,6239
9.6368,232.1,6235.2
9.637,232.04,6234
9.6372,232.04,6233.9
9.6374,232.17,6234.7
9.6376,232.45,6237.6
9.6378,232.76,6240.6
9.638,232.91,6242.8
9.6382,232.83,6243.8
9.6384,232.59,6242.1
9.6386,232.3,6239.5
9.6388,232.09,6237.5
9.639,231.95,6238.1
9.6392,231.81,6241.7
9.6394,231.72,6245.7
9.6396,231.73,6245.3
9.6398,231.81,6241.7
9.64,231.97,6238.3
9.6402,232.18,6237.4
9.6404,232.32,6240.8
9.6406,232.38,6245.5
9.6408,232.41,6246.7
9.641,232.34,6246.1
9.6412,232.25,6244.4
9.6414,232.17,6243
9.6416,232.05,6243.2
9.6418,231.89,6245.7
9.642,231.76,6246
9.6422,231.63,6242.2
9.6424,231.57,6236.9
9.6426,231.62,6232.6
9.6428,231.77,6230.8
9.643,231.95,6231.7
9.6432,232.13,6233.6
9.6434,232.24,6233.3
9.6436,232.23,6230.5
9.6438,232.14,6228.4
9.644,232,6229.5
9.6442,231.83,6230.9
9.6444,231.67,6230.7
9.6446,231.62,6229.2
9.6448,231.63,6227.2
9.645,231.62,6225.5
9.6452,231.61,6225.7
9.6454,231.65,6227.3
9.6456,231.77,6227.5
9.6458,231.91,6224.7
9.646,232.06,6221.4
9.6462,232.21,6218.5
9.6464,232.26,6219
9.6466,232.22,6222.3
9.6468,232.13,6225.8
9.647,231.94,6227
9.6472,231.77,6224.8
9.6474,231.68,6219.9
9.6476,231.59,6217.3
9.6478,231.54,6218.9
9.648,231.54,6224.9
9.6482,231.58,6231.7
9.6484,231.7,6233
9.6486,231.89,6228.4
9.6488,232.09,6223.1
9.649,232.24,6220.8
9.6492,232.28,6222.7
9.6494,232.23,6228.7
9.6496,232.14,6233.8
9.6498,231.99,6235.5
9.65,231.84,6234.8
9.6502,231.83,6230.7
9.6504,231.9,6227
9.6506,231.97,6226.9
9.6508,232.03,6230.2
9.651,232.05,6237.7
9.6512,232.13,6242.6
9.6514,232.27,6243.9
9.6516,232.45,6241.9
9.6518,232.66,6239.2
9.652,232.78,6237.1
9.6522,232.73,6239.1
9.6524,232.56,6246.7
9.6526,232.29,6254.7
9.6528,232.12,6258.9
9.653,232.09,6256.4
9.6532,232.15,6250.4
9.6534,232.22,6244.1
9.6536,232.32,6242.2
9.6538,232.4,6246
9.654,232.45,6254.4
9.6542,232.5,6260.7
9.6544,232.61,6262.9
9.6546,232.72,6260.4
9.6548,232.84,6256.5
9.655,232.87,6256.2
9.6552,232.79,6261.7
9.6554,232.64,6269.2
9.6556,232.46,6270.8
9.6558,232.37,6266.6
9.656,232.33,6260.8
9.6562,232.32,6256.5
9.6564,232.3,6255.9
9.6566,232.3,6258.9
9.6568,232.36,6262.6
9.657,232.44,6266.7
9.6572,232.55,6269.9
9.6574,232.65,6269.8
9.6576,232.68,6267
9.6578,232.67,6265.1
9.658,232.62,6266.1
9.6582,232.48,6266.6
9.6584,232.33,6270.2
9.6586,232.21,6274.9
9.6588,232.13,6275.8
9.659,232.1,6272.4
9.6592,232.17,6267.5
9.6594,232.33,6262.6
9.6596,232.51,6259
9.6598,232.63,6258.6
9.66,232.68,6260.9
9.6602,232.66,6263.5
9.6604,232.58,6264.3
9.6606,232.49,6264
9.6608,232.4,6262.9
9.661,232.31,6260.4
9.6612,232.24,6258.8
9.6614,232.15,6259.3
9.6616,232.07,6259.5
9.6618,231.99,6259.4
9.662,232,6259.5
9.6622,232.08,6257.7
9.6624,232.22,6255.5
9.6626,232.4,6252.8
9.6628,232.53,6249.5
9.663,232.59,6247.8
9.6632,232.55,6249.7
9.6634,232.44,6250.5
9.6636,232.32,6250.1
9.6638,232.2,6250.5
9.664,232.07,6250.2
9.6642,231.94,6248.3
9.6644,231.85,6246.1
9.6646,231.82,6244.7
9.6648,231.87,6243
9.665,231.97,6242
9.6652,232.1,6242.8
9.6654,232.23,6243
9.6656,232.3,6242.1
9.6658,232.34,6240
9.666,232.33,6239.3
9.6662,232.28,6240.6
9.6664,232.17,6243.6
9.6666,232.01,6245.9
9.6668,231.83,6244.6
9.667,231.7,6240.3
9.6672,231.64,6239.9
9.6674,231.62,6242.2
9.6676,231.66,6244.4
9.6678,231.76,6245.9
9.668,231.89,6248.1
9.6682,232.08,6248.9
9.6684,232.21,6249.3
9.6686,232.23,6249.9
9.6688,232.22,6251.6
9.669,232.18,6256.4
9.6692,232.1,6262.1
9.6694,231.97,6266.5
9.6696,231.79,6265.9
9.6698,231.66,6262
9.67,231.62,6256.5
9.6702,231.61,6253.7
9.6704,231.68,6256.5
9.6706,231.86,6260.9
9.6708,232.01,6262.1
9.671,232.13,6260.3
9.6712,232.19,6256.7
9.6714,232.18,6255.3
9.6716,232.11,6255.9
9.6718,232.02,6259
9.672,231.88,6264.8
9.6722,231.71,6270
9.6724,231.57,6271.6
9.6726,231.49,6268.7
9.6728,231.45,6264.9
9.673,231.48,6265
9.6732,231.58,6268.8
9.6734,231.72,6273.1
9.6736,231.86,6272.9
9.6738,231.97,6271
9.674,232.04,6270.5
9.6742,232.06,6271.9
9.6744,232.07,6274
9.6746,232.07,6276.4
9.6748,232.02,6276.6
9.675,231.89,6273.3
9.6752,231.71,6270.6
9.6754,231.57,6270.3
9.6756,231.51,6271.4
9.6758,231.55,6273.8
9.676,231.62,6275
9.6762,231.71,6272.1
9.6764,231.84,6266
9.6766,231.96,6260.9
9.6768,232.02,6261.2
9.677,232.05,6264.8
9.6772,232.01,6268.5
9.6774,231.92,6268.3
9.6776,231.81,6263.1
9.6778,231.62,6258.2
9.678,231.47,6255.3
9.6782,231.39,6256.1
9.6784,231.37,6259.6
9.6786,231.43,6262.1
9.6788,231.51,6261.1
9.679,231.6,6257
9.6792,231.71,6252.9
9.6794,231.8,6251.5
9.6796,231.91,6252.9
9.6798,231.98,6257.3
9.68,231.98,6261.9
9.6802,231.89,6261.9
9.6804,231.73,6257.9
9.6806,231.57,6253.5
9.6808,231.48,6251.1
9.681,231.44,6252.8
9.6812,231.43,6256.7
9.6814,231.46,6258.7
9.6816,231.58,6256.1
9.6818,231.72,6250.9
9.682,231.85,6247.2
9.6822,231.93,6248.1
9.6824,231.98,6250.6
9.6826,231.98,6254
9.6828,231.95,6255.1
9.683,231.91,6253.1
9.6832,231.81,6250.5
9.6834,231.64,6248.7
9.6836,231.44,6248.3
9.6838,231.31,6251.2
9.684,231.26,6254.9
9.6842,231.31,6254.5
9.6844,231.43,6249.9
9.6846,231.57,6245.8
9.6848,231.69,6248
9.685,231.82,6258.6
9.6852,231.97,6267.1
9.6854,232.02,6268.1
9.6856,232,6263
9.6858,231.98,6257.8
9.686,231.88,6262.1
9.6862,231.81,6276.4
9.6864,231.93,6284.5
9.6866,232.1,6281.9
9.6868,232.23,6276.4
9.687,232.29,6271.6
9.6872,232.29,6270.1
9.6874,232.25,6273.9
9.6876,232.29,6276.8
9.6878,232.4,6278
9.688,232.52,6277.3
9.6882,232.57,6278.9
9.6884,232.49,6280
9.6886,232.3,6280.4
9.6888,232.07,6280.5
9.689,231.98,6278.5
9.6892,231.98,6273.8
9.6894,232.02,6270.2
9.6896,232.09,6269.9
9.6898,232.16,6271.1
9.69,232.19,6276
9.6902,232.2,6280.9
9.6904,232.23,6282.7
9.6906,232.35,6278.7
9.6908,232.52,6275.2
9.691,232.67,6276.8
9.6912,232.75,6279.3
9.6914,232.66,6282
9.6916,232.43,6286
9.6918,232.33,6286
9.692,232.34,6281.6
9.6922,232.38,6277.5
9.6924,232.41,6275.6
9.6926,232.46,6274.7
9.6928,232.52,6274.6
9.693,232.6,6276.6
9.6932,232.69,6278.1
9.6934,232.77,6277.6
9.6936,232.83,6276.9
9.6938,232.83,6276.4
9.694,232.81,6276.6
9.6942,232.74,6276.1
9.6944,232.58,6274.5
9.6946,232.48,6275.4
9.6948,232.53,6277.8
9.695,232.63,6278.4
9.6952,232.73,6276.3
9.6954,232.81,6272.4
9.6956,232.84,6267.6
9.6958,232.86,6264.5
9.696,232.93,6265
9.6962,233,6270.2
9.6964,233.08,6275.6
9.6966,233.16,6275.7
9.6968,233.15,6270.6
9.697,233,6264.1
9.6972,232.75,6259.4
9.6974,232.57,6258.8
9.6976,232.53,6261.6
9.6978,232.61,6265.2
9.698,232.76,6266.4
9.6982,232.92,6265.2
9.6984,233.02,6264.7
9.6986,233.09,6264.2
9.6988,233.15,6264.9
9.699,233.21,6266.3
9.6992,233.26,6265.8
9.6994,233.28,6266.4
9.6996,233.23,6268.2
9.6998,233.09,6270.2
9.7,232.9,6271.2
9.7002,232.75,6272.7
9.7004,232.7,6273.7
9.7006,232.74,6272.3
9.7008,232.84,6268.5
9.701,232.93,6266.6
9.7012,233.02,6266.8
9.7014,233.11,6268.5
9.7016,233.19,6272
9.7018,233.3,6275.3
9.702,233.35,6275.8
9.7022,233.34,6274.3
9.7024,233.27,6271.6
9.7026,233.12,6270.3
9.7028,232.96,6273
9.703,232.79,6277
9.7032,232.65,6278.6
9.7034,232.58,6278.3
9.7036,232.6,6274
9.7038,232.7,6269.2
9.704,232.85,6267.5
9.7042,233.02,6270
9.7044,233.12,6272.5
9.7046,233.14,6273.3
9.7048,233.12,6272.8
9.705,233.03,6271.3
9.7052,232.9,6272.6
9.7054,232.77,6276.6
9.7056,232.65,6279.8
9.7058,232.62,6278.1
9.706,232.61,6275.3
9.7062,232.6,6274.8
9.7064,232.63,6276.3
9.7066,232.72,6278
9.7068,232.87,6281.6
9.707,233.02,6285.2
9.7072,233.17,6284.5
9.7074,233.26,6281.4
9.7076,233.26,6279
9.7078,233.2,6278.8
9.708,233.07,6278.8
9.7082,232.89,6279.1
9.7084,232.68,6279.4
9.7086,232.54,6278.4
9.7088,232.47,6276.7
9.709,232.43,6276.1
9.7092,232.45,6276.8
9.7094,232.55,6276.7
9.7096,232.69,6273.7
9.7098,232.84,6271.5
9.71,232.98,6270.5
9.7102,233.05,6272.5
9.7104,233.05,6275.4
9.7106,232.99,6277.2
9.7108,232.89,6274.2
9.711,232.74,6268.5
9.7112,232.55,6264.7
9.7114,232.4,6265.7
9.7116,232.35,6270.3
9.7118,232.36,6274.6
9.712,232.45,6274.3
9.7122,232.57,6268.8
9.7124,232.7,6261.9
9.7126,232.81,6257.1
9.7128,232.88,6257.1
9.713,232.92,6261.7
9.7132,232.9,6267.4
9.7134,232.86,6270.3
9.7136,232.79,6268.8
9.7138,232.66,6264.3
9.714,232.61,6259.2
9.7142,232.55,6256.4
9.7144,232.48,6258.8
9.7146,232.48,6262.5
9.7148,232.58,6263.3
9.715,232.74,6262.1
9.7152,232.9,6261.5
9.7154,233.01,6260.6
9.7156,233.08,6260.8
9.7158,233.15,6262.8
9.716,233.19,6263.9
9.7162,233.14,6264.4
9.7164,233.05,6263.7
9.7166,232.88,6262
9.7168,232.67,6261.8
9.717,232.53,6261.8
9.7172,232.45,6261.6
9.7174,232.45,6262.4
9.7176,232.54,6264.6
9.7178,232.68,6265.2
9.718,232.83,6266.4
9.7182,232.98,6267.6
9.7184,233.12,6268.6
9.7186,233.19,6268.3
9.7188,233.16,6269.6
9.719,233.1,6272.3
9.7192,233,6272.3
9.7194,232.84,6273
9.7196,232.75,6274.1
9.7198,232.76,6273.9
9.72,232.79,6273
9.7202,232.84,6272.8
9.7204,232.9,6272.4
9.7206,232.95,6273.7
9.7208,233.02,6275.2
9.721,233.12,6276.5
9.7212,233.26,6278.1
9.7214,233.4,6280.5
9.7216,233.45,6282.7
9.7218,233.4,6282.6
9.722,233.25,6280.1
9.7222,233.08,6278.4
9.7224,232.95,6277.8
9.7226,232.88,6279.1
9.7228,232.88,6281
9.723,232.92,6281.3
9.7232,232.98,6280.2
9.7234,233.06,6279.2
9.7236,233.13,6279
9.7238,233.23,6279.3
9.724,233.32,6279.1
9.7242,233.37,6280.5
9.7244,233.38,6282.4
9.7246,233.32,6284.3
9.7248,233.2,6284.1
9.725,233.04,6284.7
9.7252,232.9,6286.9
9.7254,232.84,6287.8
9.7256,232.86,6288
9.7258,232.94,6286.1
9.726,233.04,6281.6
9.7262,233.18,6278.2
9.7264,233.33,6276.2
9.7266,233.41,6277.4
9.7268,233.42,6282.6
9.727,233.4,6285.3
9.7272,233.36,6285.1
9.7274,233.3,6283.7
9.7276,233.2,6279.2
9.7278,233.05,6276.4
9.728,232.87,6278.4
9.7282,232.73,6281.1
9.7284,232.65,6280
9.7286,232.68,6277.6
9.7288,232.79,6275.1
9.729,232.96,6273.2
9.7292,233.14,6271.9
9.7294,233.28,6272.4
9.7296,233.33,6273.3
9.7298,233.29,6272.3
9.73,233.19,6271.2
9.7302,233.05,6272.1
9.7304,232.91,6272.3
9.7306,232.75,6271.1
9.7308,232.65,6270.8
9.731,232.63,6271.1
9.7312,232.66,6268.9
9.7314,232.72,6267.8
9.7316,232.77,6267.1
9.7318,232.82,6266.7
9.732,232.91,6265.4
9.7322,233.03,6265
9.7324,233.14,6264.1
9.7326,233.21,6264.4
9.7328,233.2,6266.1
9.733,233.1,6267.9
9.7332,232.94,6268.5
9.7334,232.74,6269.3
9.7336,232.56,6270
9.7338,232.44,6269.9
9.734,232.42,6271.5
9.7342,232.51,6272.7
9.7344,232.71,6270.9
9.7346,232.89,6267.1
9.7348,233.03,6265.1
9.735,233.07,6267.9
9.7352,233.07,6271.7
9.7354,233.05,6275.2
9.7356,233.01,6274.7
9.7358,232.95,6272.1
9.736,232.83,6270.6
9.7362,232.66,6270.5
9.7364,232.51,6271.7
9.7366,232.41,6273.2
9.7368,232.41,6275.2
9.737,232.45,6274.7
9.7372,232.51,6274.6
9.7374,232.63,6276
9.7376,232.78,6279
9.7378,232.9,6282.2
9.738,232.99,6284.1
9.7382,233.02,6284.5
9.7384,232.99,6281.2
9.7386,232.91,6277.2
9.7388,232.76,6277
9.739,232.66,6281.2
9.7392,232.6,6285.8
9.7394,232.61,6288.7
9.7396,232.66,6288.7
9.7398,232.7,6284.8
9.74,232.77,6278.8
9.7402,232.87,6276.2
9.7404,232.97,6276.7
9.7406,233.06,6280.1
9.7408,233.1,6283.4
9.741,233.09,6286.3
9.7412,233.05,6287.7
9.7414,232.97,6286.4
9.7416,232.85,6286.4
9.7418,232.68,6287.9
9.742,232.55,6287.5
9.7422,232.48,6284.9
9.7424,232.53,6281.8
9.7426,232.66,6279.5
9.7428,232.78,6277.7
9.743,232.89,6277.7
9.7432,232.94,6276.8
9.7434,232.98,6273.9
9.7436,232.99,6271
9.7438,232.98,6270.6
9.744,232.95,6271.2
9.7442,232.87,6272
9.7444,232.72,6273.7
9.7446,232.5,6273.8
9.7448,232.28,6271
9.745,232.16,6267.7
9.7452,232.17,6265.6
9.7454,232.29,6264.2
9.7456,232.48,6263.3
9.7458,232.66,6264.1
9.746,232.78,6263.6
9.7462,232.84,6262.1
9.7464,232.88,6260.4
9.7466,232.87,6259.8
9.7468,232.81,6258.9
9.747,232.7,6257.6
9.7472,232.55,6256.6
9.7474,232.44,6256.6
9.7476,232.36,6256.9
9.7478,232.3,6257.5
9.748,232.31,6255.5
9.7482,232.41,6253.1
9.7484,232.56,6251
9.7486,232.69,6249.9
9.7488,232.79,6250
9.749,232.85,6251.8
9.7492,232.85,6252.8
9.7494,232.82,6254.5
9.7496,232.76,6257.3
9.7498,232.67,6259.7
9.75,232.55,6257.9
9.7502,232.38,6253.3
9.7504,232.22,6250.6
9.7506,232.13,6251.7
9.7508,232.13,6256.4
9.751,232.23,6262.3
9.7512,232.39,6264.5
9.7514,232.55,6261
9.7516,232.67,6255.2
9.7518,232.74,6250.5
9.752,232.77,6249.8
9.7522,232.74,6252.6
9.7524,232.7,6256.2
9.7526,232.61,6262.9
9.7528,232.49,6270.6
9.753,232.46,6272.4
9.7532,232.43,6266.3
9.7534,232.33,6259.5
9.7536,232.24,6254.7
9.7538,232.2,6254.8
9.754,232.23,6261.7
9.7542,232.35,6270.8
9.7544,232.55,6274.2
9.7546,232.74,6272.7
9.7548,232.82,6268.1
9.755,232.78,6264.8
9.7552,232.66,6264.4
9.7554,232.47,6270.2
9.7556,232.29,6278.1
9.7558,232.3,6282
9.756,232.43,6279.9
9.7562,232.55,6275.2
9.7564,232.58,6271.3
9.7566,232.58,6270.1
9.7568,232.6,6273.1
9.757,232.7,6277.4
9.7572,232.86,6278.3
9.7574,233.01,6276.5
9.7576,233.09,6273.8
9.7578,233.08,6273.3
9.758,233.01,6272.3
9.7582,232.81,6273.1
9.7584,232.58,6276.1
9.7586,232.42,6278.8
9.7588,232.31,6277.9
9.759,232.27,6273.8
9.7592,232.33,6269.3
9.7594,232.48,6267.2
9.7596,232.65,6267.8
9.7598,232.76,6269.6
9.76,232.83,6270.8
9.7602,232.9,6269.8
9.7604,232.94,6268.4
9.7606,232.91,6267.4
9.7608,232.84,6266.2
9.761,232.73,6266
9.7612,232.53,6266.2
9.7614,232.36,6264.5
9.7616,232.25,6262.1
9.7618,232.24,6260.8
9.762,232.36,6260.7
9.7622,232.55,6259.3
9.7624,232.72,6256.9
9.7626,232.82,6254.9
9.7628,232.89,6252.7
9.763,232.87,6251.4
9.7632,232.81,6250.6
9.7634,232.74,6251.6
9.7636,232.64,6253.5
9.7638,232.52,6255.6
9.764,232.46,6256.8
9.7642,232.51,6255.1
9.7644,232.57,6252.6
9.7646,232.59,6251.8
9.7648,232.61,6251.9
9.765,232.69,6252.3
9.7652,232.83,6252.2
9.7654,232.99,6252
9.7656,233.12,6251.9
9.7658,233.16,6251.7
9.766,233.13,6252.7
9.7662,233.06,6252.5
9.7664,232.98,6252.4
9.7666,232.82,6251.3
9.7668,232.68,6251
9.767,232.63,6251.7
9.7672,232.67,6253.2
9.7674,232.73,6256.4
9.7676,232.78,6257.7
9.7678,232.86,6254.8
9.768,232.94,6253.5
9.7682,233.08,6258.4
9.7684,233.24,6266
9.7686,233.38,6267.9
9.7688,233.46,6266.7
9.769,233.43,6265.2
9.7692,233.26,6263.4
9.7694,233.01,6267.2
9.7696,232.93,6273.2
9.7698,232.95,6276.5
9.77,233.02,6275.1
9.7702,233.09,6272.8
9.7704,233.13,6271.5
9.7706,233.16,6271.3
9.7708,233.2,6270.5
9.771,233.29,6270.7
9.7712,233.42,6272.3
9.7714,233.53,6273.1
9.7716,233.53,6274.3
9.7718,233.43,6275.5
9.772,233.23,6277
9.7722,233.07,6277
9.7724,233.06,6277.1
9.7726,233.08,6278.3
9.7728,233.12,6278.1
9.773,233.12,6276.9
9.7732,233.12,6275.8
9.7734,233.16,6277.4
9.7736,233.29,6280.9
9.7738,233.51,6283.2
9.774,233.7,6280.7
9.7742,233.77,6277.4
9.7744,233.72,6274.4
9.7746,233.58,6274.1
9.7748,233.38,6278.1
9.775,233.14,6285.3
9.7752,233.03,6289.3
9.7754,233.13,6286.9
9.7756,233.34,6280.5
9.7758,233.51,6276
9.776,233.55,6274.6
9.7762,233.49,6276.9
9.7764,233.43,6279.4
9.7766,233.46,6280
9.7768,233.6,6278.1
9.777,233.79,6275.6
9.7772,233.88,6273.4
9.7774,233.83,6272.5
9.7776,233.6,6272.6
9.7778,233.32,6273
9.778,233.17,6271.9
9.7782,233.15,6270.5
9.7784,233.24,6268.8
9.7786,233.33,6265.5
9.7788,233.4,6263.2
9.779,233.44,6262
9.7792,233.47,6260.6
9.7794,233.52,6259.4
9.7796,233.58,6259.8
9.7798,233.62,6261.9
9.78,233.64,6264.2
9.7802,233.57,6264.9
9.7804,233.41,6264.3
9.7806,233.24,6261
9.7808,233.14,6257.5
9.781,233.11,6257.8
9.7812,233.17,6261.8
9.7814,233.3,6264.6
9.7816,233.45,6263.9
9.7818,233.59,6259.7
9.782,233.68,6254.5
9.7822,233.74,6252.2
9.7824,233.76,6255.2
9.7826,233.74,6262.6
9.7828,233.71,6267.2
9.783,233.67,6267.2
9.7832,233.58,6262.4
9.7834,233.45,6257.4
9.7836,233.34,6257.3
9.7838,233.26,6262.7
9.784,233.22,6269.1
9.7842,233.27,6271.5
9.7844,233.44,6269.5
9.7846,233.62,6265.5
9.7848,233.75,6263.8
9.785,233.86,6265.8
9.7852,233.95,6271.4
9.7854,234,6276.4
9.7856,233.95,6279.8
9.7858,233.8,6277.7
9.786,233.59,6271.8
9.7862,233.41,6265.4
9.7864,233.29,6263
9.7866,233.21,6264.2
9.7868,233.21,6267.3
9.787,233.29,6270.6
9.7872,233.39,6268.7
9.7874,233.47,6262.9
9.7876,233.5,6260.8
9.7878,233.5,6263.4
9.788,233.53,6266
9.7882,233.6,6267.4
9.7884,233.61,6268.1
9.7886,233.54,6268.9
9.7888,233.43,6270.4
9.789,233.36,6271.1
9.7892,233.3,6270.3
9.7894,233.27,6268.5
9.7896,233.32,6267.6
9.7898,233.38,6268.6
9.79,233.45,6274.1
9.7902,233.55,6278.8
9.7904,233.7,6278.1
9.7906,233.82,6275.6
9.7908,233.89,6275.1
9.791,233.92,6274.5
9.7912,233.9,6275.1
9.7914,233.76,6276.1
9.7916,233.59,6277.3
9.7918,233.45,6275.1
9.792,233.39,6271.1
9.7922,233.36,6269.3
9.7924,233.32,6268.6
9.7926,233.3,6269.4
9.7928,233.31,6270.3
9.793,233.39,6268.9
9.7932,233.49,6264.2
9.7934,233.58,6260.3
9.7936,233.66,6258.4
9.7938,233.64,6258.1
9.794,233.52,6258.5
9.7942,233.33,6258.9
9.7944,233.15,6258.5
9.7946,233.12,6256.4
9.7948,233.17,6253.2
9.795,233.21,6250
9.7952,233.22,6247
9.7954,233.23,6245
9.7956,233.25,6243.9
9.7958,233.3,6242.4
9.796,233.38,6239.7
9.7962,233.46,6236.9
9.7964,233.5,6236.4
9.7966,233.47,6237.5
9.7968,233.37,6240.3
9.797,233.24,6241.5
9.7972,233.07,6240.3
9.7974,232.88,6238.2
9.7976,232.74,6234.6
9.7978,232.69,6232
9.798,232.73,6232.8
9.7982,232.87,6233
9.7984,233.04,6230.7
9.7986,233.17,6227.6
9.7988,233.26,6226.1
9.799,233.28,6224.6
9.7992,233.26,6223.8
9.7994,233.21,6225.3
9.7996,233.14,6228.1
9.7998,233.03,6229
9.8,232.91,6224.9
9.8002,232.78,6219.8
9.8004,232.59,6217
9.8006,232.42,6216.9
9.8008,232.31,6220.2
9.801,232.36,6223.4
9.8012,232.54,6224.3
9.8014,232.76,6225.4
9.8016,232.98,6226.6
9.8018,233.14,6230.4
9.802,233.13,6234.1
9.8022,233,6235.9
9.8024,232.86,6237
9.8026,232.74,6236.9
9.8028,232.68,6238.1
9.803,232.68,6242.6
9.8032,232.74,6247.1
9.8034,232.79,6248.7
9.8036,232.83,6243.7
9.8038,232.86,6237.5
9.804,232.88,6235.7
9.8042,232.91,6243.1
9.8044,233.05,6254.8
9.8046,233.27,6261.6
9.8048,233.41,6261.1
9.805,233.45,6258.2
9.8052,233.35,6256.6
9.8054,233.15,6257.1
9.8056,233.02,6260.4
9.8058,232.96,6265.1
9.806,232.94,6266.4
9.8062,232.94,6266.5
9.8064,232.99,6266.8
9.8066,233.08,6264.8
9.8068,233.21,6261.2
9.807,233.34,6260.2
9.8072,233.44,6261.8
9.8074,233.45,6262.7
9.8076,233.42,6261.5
9.8078,233.36,6258.9
9.808,233.26,6255.9
9.8082,233.1,6253.6
9.8084,232.96,6255.1
9.8086,232.89,6262.2
9.8088,232.91,6267.4
9.809,232.98,6266.2
9.8092,233.03,6260.7
9.8094,233.07,6255.1
9.8096,233.11,6250.4
9.8098,233.16,6248.7
9.81,233.26,6249.2
9.8102,233.38,6251.1
9.8104,233.45,6253
9.8106,233.46,6254.6
9.8108,233.35,6252.9
9.811,233.14,6250
9.8112,232.99,6248.5
9.8114,232.93,6249.1
9.8116,232.96,6248.6
9.8118,233.06,6245.9
9.812,233.18,6243.5
9.8122,233.26,6242.3
9.8124,233.32,6243.1
9.8126,233.35,6244
9.8128,233.45,6243.4
9.813,233.55,6241.1
9.8132,233.64,6238.5
9.8134,233.63,6238.7
9.8136,233.53,6240.4
9.8138,233.33,6240.4
9.814,233.18,6239.4
9.8142,233.09,6238.6
9.8144,233.07,6238.9
9.8146,233.08,6237.1
9.8148,233.1,6233.2
9.815,233.15,6229.5
9.8152,233.2,6227.8
9.8154,233.25,6226.9
9.8156,233.3,6227.8
9.8158,233.36,6229.1
9.816,233.39,6231.3
9.8162,233.35,6232.7
9.8164,233.25,6233.2
9.8166,233.09,6231.8
9.8168,233,6229.2
9.817,232.96,6227.8
9.8172,232.95,6230
9.8174,233.02,6232.6
9.8176,233.13,6232.7
9.8178,233.28,6232.3
9.818,233.37,6233.8
9.8182,233.39,6236
9.8184,233.39,6238.5
9.8186,233.37,6238.4
9.8188,233.33,6237.2
9.819,233.29,6237.4
9.8192,233.21,6242.1
9.8194,233.08,6250.5
9.8196,233,6255.6
9.8198,232.97,6256.4
9.82,233,6251.1
9.8202,233.09,6243.5
9.8204,233.18,6238
9.8206,233.23,6237.4
9.8208,233.26,6248.7
9.821,233.37,6262.3
9.8212,233.52,6269.2
9.8214,233.7,6265.2
9.8216,233.87,6259.9
9.8218,233.87,6256.5
9.822,233.7,6258.9
9.8222,233.58,6265.5
9.8224,233.52,6270.6
9.8226,233.44,6269.9
9.8228,233.36,6264.7
9.823,233.36,6260.8
9.8232,233.42,6263.9
9.8234,233.54,6269.3
9.8236,233.74,6272.2
9.8238,233.91,6269.5
9.824,234,6264
9.8242,234,6259.3
9.8244,233.91,6258.5
9.8246,233.78,6262.5
9.8248,233.62,6267.5
9.825,233.5,6273.2
9.8252,233.49,6275.9
9.8254,233.53,6273.3
9.8256,233.55,6267
9.8258,233.55,6260.5
9.826,233.58,6258
9.8262,233.65,6258.3
9.8264,233.77,6260.9
9.8266,233.85,6263.2
9.8268,233.91,6261.6
9.827,233.94,6258.3
9.8272,233.91,6255.1
9.8274,233.83,6252.7
9.8276,233.66,6253
9.8278,233.44,6253.8
9.828,233.29,6254.3
9.8282,233.23,6253.3
9.8284,233.24,6250.7
9.8286,233.3,6248.6
9.8288,233.4,6248.5
9.829,233.5,6249
9.8292,233.57,6248.4
9.8294,233.61,6245.8
9.8296,233.66,6242.5
9.8298,233.68,6242
9.83,233.67,6243.3
9.8302,233.6,6244
9.8304,233.41,6243.3
9.8306,233.19,6240.8
9.8308,233.08,6238.3
9.831,233.05,6238.3
9.8312,233.09,6239.5
9.8314,233.18,6240.6
9.8316,233.29,6239.7
9.8318,233.4,6236.2
9.832,233.48,6232
9.8322,233.55,6228.9
9.8324,233.59,6228.6
9.8326,233.58,6231.8
9.8328,233.54,6237.3
9.833,233.45,6240.7
9.8332,233.34,6238.3
9.8334,233.17,6234
9.8336,233.01,6230.2
9.8338,232.9,6230.7
9.834,232.84,6234.1
9.8342,232.89,6238.1
9.8344,233.06,6238.8
9.8346,233.23,6238.5
9.8348,233.36,6238.4
9.835,233.45,6237.1
9.8352,233.51,6235.4
9.8354,233.51,6235.1
9.8356,233.5,6237.5
9.8358,233.45,6241.9
9.836,233.32,6248.3
9.8362,233.19,6250.6
9.8364,233.11,6248.7
9.8366,233.07,6246.5
9.8368,233.08,6244.3
9.837,233.16,6244.9
9.8372,233.31,6248.3
9.8374,233.46,6251.1
9.8376,233.61,6250.9
9.8378,233.71,6249
9.838,233.74,6248.1
9.8382,233.77,6250.1
9.8384,233.79,6255.8
9.8386,233.74,6261.2
9.8388,233.6,6264.4
9.839,233.4,6262.3
9.8392,233.28,6257.9
9.8394,233.25,6253.9
9.8396,233.27,6250.6
9.8398,233.31,6248.9
9.84,233.41,6251.7
9.8402,233.5,6256.3
9.8404,233.58,6261.4
9.8406,233.72,6264.6
9.8408,233.89,6262.9
9.841,233.92,6256.7
9.8412,233.79,6253
9.8414,233.59,6250.8
9.8416,233.3,6250.8
9.8418,233,6257.6
9.842,232.87,6267.4
9.8422,232.94,6273.2
9.8424,233.13,6267.4
9.8426,233.34,6256.2
9.8428,233.46,6248.4
9.843,233.5,6247.6
9.8432,233.55,6252.3
9.8434,233.59,6258.9
9.8436,233.65,6260.6
9.8438,233.7,6257.7
9.844,233.66,6254.1
9.8442,233.52,6250.7
9.8444,233.31,6248.8
9.8446,233.14,6249.5
9.8448,233.06,6250.5
9.845,233.04,6249.6
9.8452,233.09,6248.9
9.8454,233.22,6248.7
9.8456,233.36,6247.6
9.8458,233.51,6244.5
9.846,233.65,6242.8
9.8462,233.69,6241.8
9.8464,233.69,6241.4
9.8466,233.64,6242.2
9.8468,233.56,6243.5
9.847,233.45,6243
9.8472,233.32,6239.7
9.8474,233.23,6236.7
9.8476,233.15,6236.1
9.8478,233.07,6236.9
9.848,233.03,6238.6
9.8482,233.06,6238.8
9.8484,233.17,6236.6
9.8486,233.34,6232.5
9.8488,233.45,6230.7
9.849,233.53,6232
9.8492,233.55,6235.2
9.8494,233.51,6238.4
9.8496,233.45,6239
9.8498,233.37,6236.2
9.85,233.2,6233.6
9.8502,233.02,6235.3
9.8504,233.01,6240
9.8506,233.09,6242.1
9.8508,233.21,6239.4
9.851,233.35,6236
9.8512,233.45,6234.1
9.8514,233.47,6234.4
9.8516,233.45,6236
9.8518,233.46,6238.1
9.852,233.48,6240.1
9.8522,233.5,6240.2
9.8524,233.46,6241
9.8526,233.33,6245.3
9.8528,233.11,6250.4
9.853,232.97,6252.3
9.8532,232.97,6253.4
9.8534,233.09,6253.6
9.8536,233.25,6251.3
9.8538,233.34,6248
9.854,233.39,6249.2
9.8542,233.45,6251.3
9.8544,233.5,6253.2
9.8546,233.55,6254.3
9.8548,233.59,6254.3
9.855,233.57,6255.5
9.8552,233.45,6257.6
9.8554,233.28,6261.6
9.8556,233.12,6267.4
9.8558,233.07,6269.1
9.856,233.02,6264.4
9.8562,232.96,6258.9
9.8564,232.94,6255.4
9.8566,232.99,6254.6
9.8568,233.04,6259.9
9.857,233.12,6269.7
9.8572,233.3,6273.1
9.8574,233.43,6268
9.8576,233.46,6261.7
9.8578,233.43,6257.7
9.858,233.33,6257.9
9.8582,233.17,6263.4
9.8584,233.02,6273.6
9.8586,232.87,6281.1
9.8588,232.76,6277.3
9.859,232.74,6270.8
9.8592,232.78,6267.6
9.8594,232.91,6265.4
9.8596,233.09,6264.6
9.8598,233.26,6266.7
9.86,233.41,6268.4
9.8602,233.5,6267.5
9.8604,233.49,6267.2
9.8606,233.41,6267.2
9.8608,233.3,6265.3
9.861,233.14,6262.8
9.8612,233,6262.4
9.8614,232.9,6261.8
9.8616,232.87,6260.4
9.8618,232.87,6261.1
9.862,232.92,6260.8
9.8622,232.99,6258.9
9.8624,233.07,6255.1
9.8626,233.19,6251.4
9.8628,233.28,6248.4
9.863,233.37,6249
9.8632,233.41,6251.3
9.8634,233.39,6254.1
9.8636,233.26,6253.2
9.8638,233.11,6250.1
9.864,232.96,6246.6
9.8642,232.83,6245.2
9.8644,232.72,6245
9.8646,232.72,6245
9.8648,232.8,6245.1
9.865,232.95,6244.6
9.8652,233.13,6243.4
9.8654,233.24,6241.3
9.8656,233.27,6239.8
9.8658,233.24,6239.5
9.866,233.18,6240.2
9.8662,233.15,6243
9.8664,233.14,6248.2
9.8666,233.07,6250.1
9.8668,232.94,6246.9
9.867,232.82,6242.9
9.8672,232.71,6241.6
9.8674,232.65,6244
9.8676,232.67,6246.5
9.8678,232.81,6245.2
9.868,233.04,6241.7
9.8682,233.27,6239.2
9.8684,233.43,6238
9.8686,233.48,6240.1
9.8688,233.42,6245.1
9.869,233.28,6252.8
9.8692,233.12,6257.7
9.8694,232.98,6258.6
9.8696,232.97,6256.7
9.8698,232.99,6252.9
9.87,232.98,6250.1
9.8702,232.98,6252.9
9.8704,232.98,6257.9
9.8706,233.02,6261.5
9.8708,233.11,6261.7
9.871,233.28,6261.6
9.8712,233.51,6259.3
9.8714,233.64,6255.4
9.8716,233.61,6253.5
9.8718,233.49,6253.5
9.872,233.28,6256.6
9.8722,233.06,6263
9.8724,233.03,6264.3
9.8726,233.07,6259.9
9.8728,233.1,6256.1
9.873,233.1,6253.7
9.8732,233.01,6249.8
9.8734,232.93,6245.9
9.8736,232.92,6246.2
9.8738,233.01,6249.8
9.874,233.14,6253.2
9.8742,233.21,6254.4
9.8744,233.2,6255.1
9.8746,233.1,6253
9.8748,232.92,6250.8
9.875,232.7,6251.2
9.8752,232.52,6252.5
9.8754,232.48,6255.6
9.8756,232.57,6256.8
9.8758,232.74,6255.3
9.876,232.89,6252.4
9.8762,233.01,6248.9
9.8764,233.09,6247.5
9.8766,233.12,6246.8
9.8768,233.12,6246.2
9.877,233.14,6245.7
9.8772,233.14,6246.1
9.8774,233.09,6246.7
9.8776,232.99,6245.7
9.8778,232.8,6244.7
9.878,232.54,6244.6
9.8782,232.3,6244
9.8784,232.13,6243.8
9.8786,232.1,6244.5
9.8788,232.23,6245
9.879,232.47,6242.2
9.8792,232.68,6237.6
9.8794,232.79,6234.4
9.8796,232.8,6233
9.8798,232.71,6235.4
9.88,232.58,6239.5
9.8802,232.5,6241.2
9.8804,232.42,6239.1
9.8806,232.31,6234.7
9.8808,232.21,6233.3
9.881,232.16,6235.2
9.8812,232.1,6237.5
9.8814,232.05,6236.8
9.8816,232.13,6234.1
9.8818,232.3,6231.4
9.882,232.43,6229.2
9.8822,232.52,6227.8
9.8824,232.56,6227.5
9.8826,232.57,6227.9
9.8828,232.56,6229
9.883,232.51,6231.2
9.8832,232.4,6235.2
9.8834,232.22,6236.7
9.8836,232.08,6234.3
9.8838,232.02,6232.5
9.884,232.04,6231
9.8842,232.13,6233.1
9.8844,232.26,6235.5
9.8846,232.39,6237
9.8848,232.5,6236.4
9.885,232.62,6234.9
9.8852,232.72,6234
9.8854,232.74,6233.2
9.8856,232.69,6235.5
9.8858,232.57,6241.9
9.886,232.38,6246.7
9.8862,232.15,6245.9
9.8864,231.95,6242
9.8866,231.81,6240.1
9.8868,231.76,6240.8
9.887,231.85,6240.9
9.8872,232,6239
9.8874,232.15,6235.8
9.8876,232.25,6233.1
9.8878,232.25,6233.3
9.888,232.21,6235.7
9.8882,232.19,6240.9
9.8884,232.15,6245.7
9.8886,232.05,6247.6
9.8888,231.9,6246.4
9.889,231.84,6245.4
9.8892,231.9,6244.3
9.8894,231.89,6245.8
9.8896,231.87,6247.6
9.8898,231.91,6249.7
9.89,232,6253.3
9.8902,232.17,6256.4
9.8904,232.38,6258.1
9.8906,232.56,6257.3
9.8908,232.7,6255.2
9.891,232.71,6253
9.8912,232.64,6250.5
9.8914,232.45,6251.3
9.8916,232.28,6256.7
9.8918,232.14,6262.9
9.892,232.12,6262.4
9.8922,232.14,6256.4
9.8924,232.17,6248.7
9.8926,232.26,6243.1
9.8928,232.33,6241.9
9.893,232.39,6246.5
9.8932,232.48,6252.6
9.8934,232.56,6253.4
9.8936,232.59,6248.7
9.8938,232.59,6242.9
9.894,232.53,6238.7
9.8942,232.39,6238
9.8944,232.2,6241.7
9.8946,232.07,6245.7
9.8948,232.02,6247.3
9.895,231.98,6245.5
9.8952,231.99,6242.4
9.8954,232.01,6237.7
9.8956,232.1,6233.4
9.8958,232.24,6231.4
9.896,232.39,6232
9.8962,232.48,6234.5
9.8964,232.51,6236.5
9.8966,232.44,6237.4
9.8968,232.33,6238.8
9.897,232.22,6239.1
9.8972,232.09,6236.7
9.8974,231.99,6234.9
9.8976,231.98,6233.7
9.8978,231.99,6233.8
9.898,232,6235.9
9.8982,232.03,6237.2
9.8984,232.13,6234.7
9.8986,232.26,6229.2
9.8988,232.38,6226.6
9.899,232.46,6226
9.8992,232.48,6228.5
9.8994,232.45,6231.5
9.8996,232.39,6233.4
9.8998,232.29,6232.3
9.9,232.16,6229.9
9.9002,232.01,6228.5
9.9004,231.93,6228.4
9.9006,231.92,6229.5
9.9008,231.97,6229.1
9.901,232.09,6229.6
9.9012,232.23,6230.6
9.9014,232.36,6232.6
9.9016,232.45,6234.3
9.9018,232.52,6235.8
9.902,232.57,6237.2
9.9022,232.56,6238.8
9.9024,232.52,6240.6
9.9026,232.42,6243
9.9028,232.27,6243.6
9.903,232.11,6241.7
9.9032,231.99,6237.9
9.9034,231.93,6235.1
9.9036,231.97,6235.1
9.9038,232.08,6236.5
9.904,232.23,6239.3
9.9042,232.36,6241.6
9.9044,232.45,6245.2
9.9046,232.55,6244.9
9.9048,232.57,6242.4
9.905,232.53,6241.8
9.9052,232.5,6243.3
9.9054,232.41,6247
9.9056,232.28,6252.7
9.9058,232.22,6257.3
9.906,232.18,6259.3
9.9062,232.18,6258.3
9.9064,232.27,6254
9.9066,232.38,6249.4
9.9068,232.5,6248
9.907,232.62,6251.6
9.9072,232.72,6259
9.9074,232.77,6262.9
9.9076,232.82,6262.2
9.9078,232.8,6260
9.908,232.7,6258.5
9.9082,232.52,6258.6
9.9084,232.36,6262.2
9.9086,232.35,6265.5
9.9088,232.39,6264.9
9.909,232.41,6262.1
9.9092,232.44,6260.6
9.9094,232.47,6258.2
9.9096,232.51,6255.2
9.9098,232.6,6253.8
9.91,232.72,6255.3
9.9102,232.82,6256.2
9.9104,232.89,6255.8
9.9106,232.88,6257
9.9108,232.76,6257.6
9.911,232.54,6255.7
9.9112,232.29,6255.8
9.9114,232.15,6257.6
9.9116,232.13,6257.1
9.9118,232.2,6255.1
9.912,232.31,6254
9.9122,232.41,6254.8
9.9124,232.49,6255.3
9.9126,232.55,6255.1
9.9128,232.64,6254.8
9.913,232.72,6255.3
9.9132,232.79,6257.2
9.9134,232.79,6259.4
9.9136,232.7,6260.4
9.9138,232.55,6256.9
9.914,232.39,6252.4
9.9142,232.25,6252.1
9.9144,232.14,6254.4
9.9146,232.13,6256
9.9148,232.21,6256.2
9.915,232.37,6254.1
9.9152,232.59,6249.7
9.9154,232.73,6246.7
9.9156,232.81,6246.8
9.9158,232.81,6250.5
9.916,232.76,6254.5
9.9162,232.69,6255.9
9.9164,232.58,6254.2
9.9166,232.43,6250.4
9.9168,232.25,6247.8
9.917,232.13,6247.6
9.9172,232.06,6248.6
9.9174,232.06,6249.7
9.9176,232.12,6248.6
9.9178,232.22,6246.1
9.918,232.32,6244.5
9.9182,232.44,6248.6
9.9184,232.64,6256.3
9.9186,232.79,6261.2
9.9188,232.82,6260.5
9.919,232.78,6256.1
9.9192,232.63,6254.3
9.9194,232.42,6256.6
9.9196,232.24,6259.1
9.9198,232.1,6259.7
9.92,232.05,6260
9.9202,232.12,6259
9.9204,232.22,6258.8
9.9206,232.37,6261.4
9.9208,232.52,6265.5
9.921,232.65,6268.3
9.9212,232.72,6268.6
9.9214,232.77,6267
9.9216,232.77,6265
9.9218,232.71,6266.5
9.922,232.57,6273.1
9.9222,232.42,6280.6
9.9224,232.32,6283.9
9.9226,232.28,6281.6
9.9228,232.25,6275.8
9.923,232.3,6270.5
9.9232,232.38,6267.9
9.9234,232.49,6270.1
9.9236,232.59,6275.2
9.9238,232.64,6279.1
9.924,232.67,6280.4
9.9242,232.7,6279.2
9.9244,232.72,6277.5
9.9246,232.73,6274.9
9.9248,232.65,6275
9.925,232.56,6276.5
9.9252,232.5,6277.9
9.9254,232.44,6279.5
9.9256,232.44,6279.6
9.9258,232.51,6279.6
9.926,232.61,6279.1
9.9262,232.78,6276.6
9.9264,232.95,6274.8
9.9266,233.07,6276.9
9.9268,233.15,6279.7
9.927,233.21,6280.1
9.9272,233.21,6279.3
9.9274,233.18,6278.5
9.9276,233.07,6276.7
9.9278,232.87,6274.5
9.928,232.66,6272.3
9.9282,232.54,6271.1
9.9284,232.52,6271.5
9.9286,232.63,6272.9
9.9288,232.81,6271.8
9.929,232.97,6269.4
9.9292,233.1,6267.8
9.9294,233.15,6266.8
9.9296,233.14,6265.4
9.9298,233.11,6265.3
9.93,233.06,6265.8
9.9302,233.02,6266.3
9.9304,232.93,6267.7
9.9306,232.78,6266.5
9.9308,232.61,6264
9.931,232.46,6263
9.9312,232.4,6264.7
9.9314,232.43,6265.6
9.9316,232.57,6264.6
9.9318,232.75,6262
9.932,232.94,6259.2
9.9322,233.05,6258.1
9.9324,233.12,6259.4
9.9326,233.15,6261.2
9.9328,233.11,6262.6
9.933,233.02,6262.4
9.9332,232.88,6261
9.9334,232.8,6259.7
9.9336,232.71,6259.9
9.9338,232.63,6261.6
9.934,232.59,6261.3
9.9342,232.62,6258.7
9.9344,232.71,6256
9.9346,232.87,6257.5
9.9348,232.98,6261.1
9.935,233.1,6264.7
9.9352,233.17,6265
9.9354,233.18,6264.3
9.9356,233.11,6263.2
9.9358,233.01,6262.8
9.936,232.89,6263.3
9.9362,232.72,6264.3
9.9364,232.65,6262.6
9.9366,232.63,6259.1
9.9368,232.54,6255.7
9.937,232.44,6254
9.9372,232.4,6257
9.9374,232.42,6266
9.9376,232.58,6274.2
9.9378,232.84,6274.9
9.938,233.01,6269.3
9.9382,233.05,6266.1
9.9384,232.99,6268.2
9.9386,232.78,6274.8
9.9388,232.52,6287.2
9.939,232.46,6295.8
9.9392,232.57,6290.9
9.9394,232.63,6277.6
9.9396,232.61,6268
9.9398,232.52,6266.3
9.94,232.41,6270.7
9.9402,232.47,6280.8
9.9404,232.66,6289.2
9.9406,232.87,6289.1
9.9408,233.01,6282.8
9.941,232.95,6276.2
9.9412,232.71,6271.5
9.9414,232.48,6272.4
9.9416,232.4,6279.8
9.9418,232.38,6289.9
9.942,232.36,6293.1
9.9422,232.32,6288.3
9.9424,232.27,6282.9
9.9426,232.31,6278.9
9.9428,232.43,6276.2
9.943,232.62,6276.6
9.9432,232.81,6278.1
9.9434,232.93,6277.2
9.9436,232.98,6274.4
9.9438,232.97,6272.3
9.944,232.86,6271.9
9.9442,232.71,6272.8
9.9444,232.54,6274
9.9446,232.34,6270.8
9.9448,232.16,6265.4
9.945,232.06,6264.5
9.9452,232.07,6267.5
9.9454,232.22,6268.7
9.9456,232.43,6265.9
9.9458,232.65,6261.8
9.946,232.79,6258.5
9.9462,232.82,6256.6
9.9464,232.76,6257.7
9.9466,232.68,6259.5
9.9468,232.61,6260.3
9.947,232.52,6259.7
9.9472,232.43,6258.5
9.9474,232.27,6257.3
9.9476,232.14,6255.7
9.9478,232.07,6252.9
9.948,232.05,6253.5
9.9482,232.12,6258
9.9484,232.31,6261.1
9.9486,232.55,6258.8
9.9488,232.76,6252.1
9.949,232.83,6245.7
9.9492,232.82,6241.7
9.9494,232.71,6244.4
9.9496,232.56,6250.6
9.9498,232.43,6254.4
9.95,232.25,6251.2
9.9502,232.09,6245
9.9504,231.95,6238.9
9.9506,231.87,6236.4
9.9508,231.9,6237.9
9.951,232.01,6242.7
9.9512,232.14,6246.4
9.9514,232.26,6246.9
9.9516,232.34,6245.7
9.9518,232.37,6246.3
9.952,232.4,6250.7
9.9522,232.42,6257
9.9524,232.44,6262.5
9.9526,232.4,6265.1
9.9528,232.27,6265.5
9.953,232.17,6264.4
9.9532,232.09,6263
9.9534,232.05,6261.5
9.9536,232.1,6260.4
9.9538,232.24,6260.7
9.954,232.41,6262.1
9.9542,232.57,6264
9.9544,232.7,6263.5
9.9546,232.72,6260.3
9.9548,232.66,6256.1
9.955,232.53,6254
9.9552,232.38,6255.4
9.9554,232.26,6257.8
9.9556,232.09,6262.5
9.9558,231.94,6265.9
9.956,231.81,6263.6
9.9562,231.74,6256.3
9.9564,231.76,6248.5
9.9566,231.84,6249.7
9.9568,232.01,6259.2
9.957,232.25,6268.1
9.9572,232.36,6269.5
9.9574,232.37,6264.4
9.9576,232.35,6256.6
9.9578,232.28,6251.9
9.958,232.19,6253.7
9.9582,232.06,6260.8
9.9584,231.89,6266.5
9.9586,231.77,6265.9
9.9588,231.7,6262.2
9.959,231.64,6260
9.9592,231.66,6261.8
9.9594,231.78,6264.8
9.9596,231.97,6266.9
9.9598,232.17,6266.2
9.96,232.31,6263.6
9.9602,232.37,6261.8
9.9604,232.38,6262.2
9.9606,232.32,6263.3
9.9608,232.21,6263.2
9.961,232.05,6260.4
9.9612,231.9,6258.6
9.9614,231.78,6259
9.9616,231.69,6260.8
9.9618,231.66,6263.4
9.962,231.7,6263.7
9.9622,231.79,6260.8
9.9624,231.96,6256.7
9.9626,232.14,6253.8
9.9628,232.27,6252.1
9.963,232.3,6253.9
9.9632,232.26,6258.1
9.9634,232.18,6260.3
9.9636,232.08,6260.1
9.9638,231.99,6256.5
9.964,231.86,6251.6
9.9642,231.71,6247.3
9.9644,231.57,6247.5
9.9646,231.5,6251.7
9.9648,231.54,6253.9
9.965,231.67,6252.8
9.9652,231.86,6248.4
9.9654,232.07,6244.8
9.9656,232.19,6242.9
9.9658,232.29,6244
9.966,232.31,6246
9.9662,232.27,6248.6
9.9664,232.15,6249.8
9.9666,232.01,6249
9.9668,231.93,6246.6
9.967,231.91,6244
9.9672,231.89,6242
9.9674,231.9,6241.8
9.9676,231.97,6243.9
9.9678,232.08,6246.6
9.968,232.24,6249.3
9.9682,232.39,6247.9
9.9684,232.46,6244.7
9.9686,232.47,6243
9.9688,232.42,6243.5
9.969,232.34,6245.8
9.9692,232.24,6251.7
9.9694,232.12,6257.5
9.9696,232.01,6256.4
9.9698,231.9,6251
9.97,231.82,6248.1
9.9702,231.84,6248.3
9.9704,231.92,6250.4
9.9706,232.09,6252.6
9.9708,232.26,6253.1
9.971,232.37,6251.8
9.9712,232.43,6251.6
9.9714,232.43,6252.5
9.9716,232.4,6252.6
9.9718,232.33,6252.9
9.972,232.22,6255.1
9.9722,232.07,6259.9
9.9724,231.94,6262.3
9.9726,231.89,6260.6
9.9728,231.92,6256
9.973,231.96,6252
9.9732,232.02,6251.6
9.9734,232.09,6253.8
9.9736,232.17,6255.3
9.9738,232.25,6254.9
9.974,232.31,6253.8
9.9742,232.37,6255.4
9.9744,232.38,6258.3
9.9746,232.36,6259.7
9.9748,232.28,6258.6
9.975,232.13,6256.7
9.9752,231.99,6257.3
9.9754,232,6259.1
9.9756,232.04,6258.6
9.9758,232.09,6255.6
9.976,232.15,6251.2
9.9762,232.18,6247
9.9764,232.2,6247.9
9.9766,232.28,6255.8
9.9768,232.48,6261.9
9.977,232.64,6260.8
9.9772,232.68,6254.9
9.9774,232.6,6247.4
9.9776,232.35,6241.9
9.9778,232.07,6239.2
9.978,231.91,6242.7
9.9782,231.86,6247.2
9.9784,231.89,6248.7
9.9786,231.97,6245.6
9.9788,232.11,6240.2
9.979,232.23,6233.8
9.9792,232.32,6229.6
9.9794,232.39,6229.1
9.9796,232.42,6233.8
9.9798,232.42,6239.6
9.98,232.39,6242.4
9.9802,232.36,6240.5
9.9804,232.3,6235.9
9.9806,232.16,6231.5
9.9808,231.97,6228.6
9.981,231.82,6228.9
9.9812,231.73,6231.1
9.9814,231.75,6232.3
9.9816,231.84,6231.7
9.9818,232.01,6228.6
9.982,232.17,6227.3
9.9822,232.32,6228.1
9.9824,232.42,6230.5
9.9826,232.45,6233.1
9.9828,232.42,6233.6
9.983,232.35,6232.6
9.9832,232.21,6230.1
9.9834,232.05,6228.5
9.9836,231.94,6230.2
9.9838,231.87,6232.6
9.984,231.83,6234.2
9.9842,231.86,6232.8
9.9844,231.95,6230.1
9.9846,232.05,6228.6
9.9848,232.18,6227
9.985,232.32,6225.7
9.9852,232.39,6226.5
9.9854,232.44,6227.8
9.9856,232.39,6230.3
9.9858,232.27,6233.7
9.986,232.11,6237.2
9.9862,231.95,6237.6
9.9864,231.84,6238.2
9.9866,231.74,6241
9.9868,231.68,6243
9.987,231.79,6242.3
9.9872,232,6241.6
9.9874,232.21,6240.7
9.9876,232.4,6242.4
9.9878,232.53,6246.4
9.988,232.5,6247.9
9.9882,232.4,6246.9
9.9884,232.3,6247
9.9886,232.22,6249.7
9.9888,232.13,6253
9.989,232.03,6250.7
9.9892,231.95,6244.1
9.9894,231.84,6237.5
9.9896,231.77,6234
9.9898,231.74,6235.6
9.99,231.8,6240.6
9.9902,231.93,6245.6
9.9904,232.06,6245.9
9.9906,232.17,6241.1
9.9908,232.24,6234.9
9.991,232.25,6232.1
9.9912,232.17,6234.1
9.9914,231.96,6239.8
9.9916,231.79,6246.6
9.9918,231.66,6253.6
9.992,231.62,6258.1
9.9922,231.71,6255.3
9.9924,231.82,6245.9
9.9926,231.9,6238.4
9.9928,231.98,6238.9
9.993,232.02,6245.6
9.9932,232.06,6250.5
9.9934,232.07,6252.2
9.9936,232.07,6247.6
9.9938,232.09,6241.7
9.994,232.07,6238.1
9.9942,231.98,6236.1
9.9944,231.88,6236.7
9.9946,231.79,6241.1
9.9948,231.66,6244.5
9.995,231.52,6243.9
9.9952,231.46,6241.5
9.9954,231.52,6237.8
9.9956,231.71,6235.9
9.9958,231.94,6234.9
9.996,232.1,6236.1
9.9962,232.15,6236.9
9.9964,232.1,6238
9.9966,231.98,6239.4
9.9968,231.9,6237.8
9.997,231.85,6234.8
9.9972,231.82,6232
9.9974,231.72,6230.4
9.9976,231.57,6229.7
9.9978,231.44,6230.5
9.998,231.35,6233.5
9.9982,231.37,6233.6
9.9984,231.51,6229.4
9.9986,231.71,6222
9.9988,231.9,6217
9.999,231.99,6217.3
9.9992,231.98,6222.9
9.9994,231.9,6229.3
9.9996,231.77,6232.3
9.9998,231.62,6230.2
10,231.45,6224.8
