TIME,B32Irms,I_pu39,I_pu31,I_pu38,I_pu37,I_pu36,I_pu35,I_pu30,I_pu34,I_pu33,I_pu
2.9,1.70701,0.628745,0.647817,0.622694,0.616369,0.623686,0.638824,0.704703,0.660676,0.668825,0.670924
2.9002,1.70655,0.627944,0.646407,0.623098,0.615548,0.62264,0.638753,0.702591,0.660859,0.667916,0.670865
2.9004,1.70489,0.627175,0.645084,0.623485,0.615261,0.621688,0.638705,0.701181,0.660693,0.668034,0.669749
2.9006,1.70329,0.626837,0.6446,0.623737,0.615294,0.621228,0.638763,0.701377,0.660783,0.668673,0.668411
2.9008,1.70263,0.627064,0.644715,0.623589,0.615723,0.621451,0.638868,0.703188,0.661329,0.669846,0.667746
2.901,1.70281,0.627604,0.64455,0.622998,0.616578,0.621755,0.638499,0.704772,0.661979,0.671019,0.667791
2.9012,1.70316,0.627936,0.644197,0.62235,0.617421,0.622141,0.637708,0.704648,0.662514,0.67145,0.668175
2.9014,1.7026,0.628273,0.643941,0.622146,0.617705,0.62213,0.636476,0.703191,0.662954,0.670933,0.667978
2.9016,1.70118,0.628531,0.643894,0.622533,0.617527,0.621095,0.635531,0.701587,0.663505,0.669936,0.667079
2.9018,1.69949,0.628488,0.644111,0.623255,0.617221,0.619073,0.635514,0.70073,0.663947,0.669245,0.665733
2.902,1.69891,0.628305,0.644559,0.623855,0.617268,0.617334,0.636059,0.701476,0.664591,0.669463,0.665119
2.9022,1.69903,0.628007,0.645483,0.624086,0.618007,0.61674,0.636238,0.701776,0.665343,0.670493,0.665167
2.9024,1.69964,0.627991,0.646416,0.623796,0.619218,0.617562,0.63577,0.700472,0.666343,0.671697,0.66568
2.9026,1.6995,0.628024,0.647037,0.623645,0.620053,0.618601,0.634794,0.698511,0.667214,0.672498,0.665873
2.9028,1.69782,0.62844,0.647835,0.624133,0.620534,0.618634,0.633809,0.698551,0.668187,0.672621,0.664924
2.903,1.69509,0.629722,0.648461,0.625102,0.620564,0.617358,0.632928,0.699889,0.668783,0.672065,0.662974
2.9032,1.69267,0.63148,0.648638,0.625858,0.620503,0.615291,0.632728,0.702061,0.668996,0.671075,0.660996
2.9034,1.69168,0.632649,0.648446,0.625786,0.620626,0.613719,0.632991,0.701886,0.6696,0.670159,0.66003
2.9036,1.6919,0.632267,0.648305,0.625151,0.621241,0.613331,0.633171,0.698846,0.670333,0.669478,0.660126
2.9038,1.69273,0.63094,0.648485,0.624263,0.621865,0.614116,0.632927,0.696766,0.670711,0.669542,0.660818
2.904,1.69333,0.630006,0.649296,0.624117,0.622369,0.61519,0.632397,0.696795,0.670457,0.670318,0.661496
2.9042,1.69325,0.629963,0.650284,0.625077,0.622413,0.615717,0.63191,0.699668,0.669444,0.67104,0.661658
2.9044,1.69276,0.631172,0.651241,0.626328,0.622787,0.615457,0.631746,0.701883,0.668581,0.670759,0.66143
2.9046,1.6922,0.632761,0.651477,0.627219,0.623344,0.61475,0.632038,0.701398,0.66896,0.669414,0.661064
2.9048,1.69205,0.633356,0.651104,0.62742,0.623704,0.614121,0.632663,0.699083,0.670365,0.667584,0.660939
2.905,1.69249,0.632488,0.650449,0.626949,0.623839,0.614171,0.633346,0.697493,0.671507,0.666052,0.661273
2.9052,1.69325,0.631395,0.650212,0.626485,0.62401,0.615336,0.633879,0.697231,0.671376,0.665002,0.661932
2.9054,1.69382,0.631115,0.650515,0.626567,0.62422,0.616911,0.63419,0.698079,0.670283,0.664516,0.662539
2.9056,1.69388,0.631618,0.651519,0.627179,0.624564,0.617651,0.634369,0.699212,0.668768,0.664453,0.662788
2.9058,1.69356,0.632986,0.65244,0.627751,0.624717,0.617402,0.634449,0.699422,0.66799,0.664541,0.662618
2.906,1.69375,0.634015,0.652785,0.627708,0.62418,0.616871,0.634763,0.698645,0.667865,0.664061,0.662683
2.9062,1.69534,0.633986,0.651988,0.62692,0.623403,0.616527,0.635769,0.697418,0.667789,0.662819,0.663714
2.9064,1.69755,0.634351,0.650358,0.625847,0.62316,0.616468,0.636963,0.69798,0.667734,0.661828,0.665487
2.9066,1.69956,0.635025,0.649622,0.625638,0.623729,0.617184,0.637648,0.698692,0.6678,0.661128,0.667198
2.9068,1.70041,0.634967,0.650829,0.626584,0.62501,0.618356,0.637509,0.698619,0.667735,0.661617,0.668166
2.907,1.70044,0.634252,0.652553,0.628222,0.626216,0.619102,0.636806,0.698855,0.667946,0.663293,0.668252
2.9072,1.70087,0.633444,0.652582,0.629127,0.626787,0.619191,0.636228,0.698607,0.668367,0.664906,0.668495
2.9074,1.70179,0.632942,0.6503,0.628926,0.626535,0.618731,0.636292,0.697039,0.669585,0.6653,0.669129
2.9076,1.70345,0.633323,0.646821,0.627938,0.625693,0.618247,0.637073,0.695127,0.671337,0.664688,0.670314
2.9078,1.70494,0.634508,0.644393,0.627102,0.62495,0.618219,0.638196,0.694339,0.672328,0.664055,0.671592
2.908,1.70599,0.636016,0.645393,0.626628,0.624624,0.619129,0.639141,0.694768,0.672036,0.664321,0.672473
2.9082,1.70683,0.636665,0.6497,0.626437,0.62432,0.620309,0.639533,0.695256,0.671154,0.665482,0.673111
2.9084,1.70763,0.63597,0.65359,0.626303,0.623647,0.620605,0.639337,0.695034,0.669944,0.666143,0.673752
2.9086,1.7076,0.634547,0.653807,0.626152,0.623428,0.619938,0.638824,0.694471,0.669014,0.666071,0.673875
2.9088,1.70706,0.632926,0.650482,0.62645,0.624717,0.618813,0.638474,0.694033,0.668792,0.665552,0.673485
2.909,1.70644,0.632545,0.646115,0.627353,0.626796,0.617815,0.638744,0.693759,0.66892,0.664825,0.672962
2.9092,1.7061,0.633569,0.643338,0.62861,0.627682,0.617649,0.63928,0.69432,0.669015,0.664481,0.672578
2.9094,1.70637,0.634838,0.644108,0.62961,0.626574,0.618422,0.639681,0.694077,0.669041,0.664815,0.672663
2.9096,1.70751,0.635134,0.647755,0.62939,0.624684,0.619624,0.639555,0.692985,0.669646,0.66551,0.673332
2.9098,1.7094,0.633997,0.651496,0.628183,0.623014,0.620865,0.638929,0.692131,0.670643,0.666404,0.674687
2.91,1.71075,0.632107,0.652821,0.626633,0.622648,0.621229,0.638167,0.691427,0.671705,0.666935,0.675923
2.9102,1.7112,0.630606,0.652267,0.625847,0.623213,0.620985,0.637452,0.690859,0.672143,0.667073,0.676336
2.9104,1.71142,0.630408,0.651288,0.626308,0.623502,0.620508,0.637034,0.69077,0.67152,0.666877,0.676511
2.9106,1.71119,0.630915,0.650712,0.627582,0.622935,0.620583,0.636954,0.690748,0.670223,0.66633,0.676317
2.9108,1.71162,0.631557,0.650893,0.628483,0.621582,0.621481,0.636846,0.691117,0.670043,0.665964,0.676377
2.911,1.71314,0.632564,0.651984,0.628125,0.619722,0.622705,0.63629,0.691856,0.671681,0.665692,0.677335
2.9112,1.71468,0.633149,0.652953,0.627194,0.617688,0.623274,0.63534,0.692368,0.674265,0.665073,0.678583
2.9114,1.71564,0.632861,0.653422,0.626228,0.61659,0.623078,0.634124,0.692494,0.674873,0.665117,0.679372
2.9116,1.71592,0.631647,0.653418,0.625939,0.616342,0.623074,0.633131,0.691965,0.673073,0.666265,0.67968
2.9118,1.7152,0.630654,0.653723,0.625934,0.617136,0.62374,0.63249,0.690974,0.670707,0.667809,0.679238
2.912,1.71358,0.630579,0.653673,0.626076,0.61845,0.624489,0.632386,0.691756,0.669428,0.668679,0.677977
2.9122,1.71254,0.630604,0.652942,0.626884,0.61917,0.624698,0.632656,0.693401,0.669934,0.668329,0.67688
2.9124,1.71279,0.630895,0.652112,0.628339,0.619519,0.624053,0.632834,0.694549,0.671162,0.667255,0.676767
2.9126,1.71417,0.631956,0.651088,0.62877,0.619399,0.62289,0.632747,0.693911,0.671729,0.666267,0.677615
2.9128,1.71611,0.633215,0.650084,0.627481,0.619286,0.621987,0.63246,0.692061,0.671715,0.666325,0.679012
2.913,1.71768,0.633293,0.649417,0.624588,0.619752,0.621922,0.632139,0.689614,0.671527,0.667494,0.680332
2.9132,1.71793,0.632382,0.649183,0.621864,0.620414,0.622558,0.631938,0.688205,0.671237,0.668896,0.680723
2.9134,1.71698,0.630738,0.648741,0.620419,0.621038,0.623293,0.632034,0.688605,0.671481,0.6698,0.680092
2.9136,1.71544,0.629803,0.647739,0.620651,0.621256,0.623498,0.632506,0.689448,0.672432,0.669663,0.678814
2.9138,1.71492,0.630288,0.646149,0.621913,0.620791,0.622868,0.633249,0.689595,0.673281,0.668485,0.678063
2.914,1.71592,0.631601,0.644404,0.622614,0.619774,0.621578,0.633829,0.689675,0.672959,0.6671,0.678503
2.9142,1.71773,0.632569,0.643331,0.622169,0.619144,0.620307,0.634238,0.688621,0.672307,0.666366,0.679778
2.9144,1.71942,0.632189,0.64325,0.620513,0.619339,0.619719,0.634909,0.687792,0.672093,0.666466,0.681132
2.9146,1.71992,0.631095,0.644087,0.618904,0.620407,0.619878,0.635864,0.687479,0.672253,0.666796,0.6817
2.9148,1.71911,0.630202,0.644686,0.618731,0.621183,0.620243,0.636548,0.687714,0.672981,0.666848,0.681217
2.915,1.71757,0.630036,0.644077,0.619973,0.620638,0.620273,0.636667,0.689928,0.673751,0.666013,0.679993
2.9152,1.71624,0.630317,0.642434,0.622029,0.618589,0.619356,0.636359,0.692839,0.674215,0.664334,0.67878
2.9154,1.71576,0.630467,0.640769,0.62349,0.616307,0.617784,0.636178,0.693537,0.674173,0.662717,0.678131
2.9156,1.71608,0.630059,0.639994,0.623871,0.615097,0.616315,0.63658,0.691879,0.673987,0.6618,0.67825
2.9158,1.71667,0.629319,0.640371,0.623474,0.615014,0.615427,0.637589,0.689038,0.674183,0.661245,0.678588
2.916,1.71766,0.628769,0.641504,0.623096,0.615669,0.614934,0.638798,0.687737,0.674784,0.661028,0.679247
2.9162,1.71816,0.62868,0.642595,0.622963,0.61577,0.614756,0.639851,0.689415,0.675471,0.660588,0.679761
2.9164,1.71751,0.628978,0.643083,0.623057,0.614511,0.614503,0.640617,0.692129,0.676082,0.66011,0.679372
2.9166,1.71652,0.629363,0.642961,0.623214,0.612489,0.61412,0.641063,0.69385,0.67659,0.659877,0.678555
2.9168,1.71554,0.629488,0.6426,0.623397,0.610857,0.61315,0.641219,0.692498,0.676767,0.659726,0.677713
2.917,1.71461,0.629104,0.642453,0.623773,0.610246,0.61158,0.64129,0.691006,0.67656,0.659311,0.676911
2.9172,1.71442,0.628271,0.642767,0.624165,0.610307,0.610313,0.641564,0.69091,0.677194,0.658116,0.67654
2.9174,1.71488,0.627597,0.643586,0.624449,0.61032,0.609986,0.642246,0.691469,0.678564,0.656126,0.676775
2.9176,1.71535,0.62772,0.644924,0.624439,0.609838,0.61047,0.643244,0.692864,0.679647,0.654372,0.677142
2.9178,1.71572,0.628119,0.646049,0.623973,0.609227,0.611201,0.643783,0.69481,0.679299,0.653862,0.677418
2.918,1.7157,0.628393,0.646755,0.623438,0.608648,0.611585,0.643726,0.697476,0.677503,0.654462,0.677431
2.9182,1.71537,0.627895,0.646783,0.623102,0.608108,0.611426,0.642978,0.698703,0.675192,0.65555,0.677205
2.9184,1.71472,0.62708,0.646563,0.623014,0.60781,0.610908,0.641891,0.697219,0.673729,0.656104,0.676686
2.9186,1.71422,0.626116,0.646561,0.623829,0.608013,0.610549,0.641117,0.694926,0.673719,0.655656,0.676203
2.9188,1.71416,0.625293,0.647107,0.62544,0.608837,0.610689,0.640988,0.694399,0.674722,0.654707,0.67603
2.919,1.71447,0.624799,0.648091,0.62656,0.609951,0.611265,0.641432,0.696574,0.67568,0.654023,0.676197
2.9192,1.71483,0.624288,0.649109,0.626697,0.610751,0.611935,0.641346,0.699879,0.675697,0.654133,0.676474
2.9194,1.71511,0.624134,0.649769,0.625828,0.610833,0.612408,0.640673,0.701563,0.67475,0.655004,0.676627
2.9196,1.71567,0.624155,0.649796,0.624675,0.61052,0.612714,0.639642,0.701162,0.674042,0.655875,0.677014
2.9198,1.71608,0.623735,0.64924,0.62412,0.610191,0.613224,0.639379,0.700228,0.673957,0.656149,0.677361
2.92,1.7163,0.622403,0.648644,0.624369,0.610543,0.614036,0.640076,0.700024,0.674292,0.656198,0.677499
2.9202,1.71645,0.620778,0.648778,0.625232,0.612042,0.614765,0.641375,0.70134,0.674865,0.656359,0.677609
2.9204,1.71627,0.619569,0.649336,0.626033,0.614116,0.615299,0.64249,0.703288,0.675468,0.656525,0.67752
2.9206,1.71584,0.619198,0.649804,0.62635,0.615449,0.615615,0.64276,0.703614,0.67575,0.656491,0.677106
2.9208,1.71618,0.619381,0.649761,0.625979,0.615405,0.615568,0.642408,0.701677,0.675952,0.656102,0.677181
2.921,1.7168,0.619538,0.649432,0.625198,0.61439,0.615467,0.642323,0.69936,0.676421,0.655439,0.67761
2.9212,1.71751,0.619325,0.648797,0.625056,0.61346,0.615547,0.64303,0.69823,0.67681,0.655002,0.678144
2.9214,1.71797,0.618986,0.648165,0.62584,0.613645,0.615854,0.644044,0.697708,0.676663,0.65523,0.67846
2.9216,1.71897,0.618913,0.647348,0.627064,0.615298,0.616373,0.644788,0.69682,0.676073,0.656038,0.67904
2.9218,1.72036,0.619303,0.646185,0.62782,0.618093,0.617278,0.645045,0.695262,0.675908,0.657379,0.680082
2.922,1.72128,0.619999,0.645422,0.627899,0.620211,0.618215,0.644773,0.693995,0.676812,0.658586,0.680867
2.9222,1.72141,0.620814,0.645504,0.627761,0.620728,0.61885,0.644408,0.692178,0.677837,0.658722,0.681062
2.9224,1.72062,0.622133,0.646138,0.627658,0.619345,0.618614,0.64464,0.690038,0.67805,0.658245,0.680551
2.9226,1.71977,0.623133,0.647289,0.627719,0.617644,0.617584,0.645391,0.687975,0.677596,0.658036,0.679731
2.9228,1.72005,0.623414,0.648601,0.627974,0.617323,0.616219,0.646451,0.685712,0.676338,0.658078,0.679632
2.923,1.72149,0.622985,0.648859,0.627989,0.618571,0.615471,0.647057,0.68273,0.6752,0.658558,0.680529
2.9232,1.72295,0.622663,0.648113,0.627621,0.620579,0.615697,0.646869,0.679637,0.674729,0.659646,0.681698
2.9234,1.72347,0.622632,0.647189,0.627223,0.621917,0.616829,0.646266,0.676749,0.675043,0.660653,0.682266
2.9236,1.72289,0.622905,0.647103,0.627534,0.62191,0.617801,0.645592,0.674852,0.675668,0.661333,0.681907
2.9238,1.7218,0.62352,0.647728,0.627969,0.620573,0.617856,0.64543,0.67337,0.676196,0.66121,0.681024
2.924,1.72102,0.624431,0.648341,0.628379,0.619936,0.616489,0.645308,0.671428,0.676091,0.660702,0.680231
2.9242,1.72114,0.625311,0.648371,0.628463,0.620668,0.61508,0.644803,0.669496,0.675408,0.660648,0.680071
2.9244,1.72211,0.625547,0.647792,0.628553,0.622033,0.614236,0.643524,0.668119,0.674602,0.661416,0.680639
2.9246,1.7233,0.625372,0.647158,0.62898,0.623021,0.61462,0.641814,0.667223,0.673836,0.663055,0.681543
2.9248,1.72395,0.62487,0.646957,0.629341,0.622899,0.616831,0.640599,0.666629,0.673726,0.664739,0.682117
2.925,1.72403,0.624296,0.647208,0.629219,0.621824,0.61962,0.63982,0.666163,0.673723,0.665421,0.682182
2.9252,1.72388,0.62393,0.647496,0.628539,0.620517,0.621343,0.639345,0.666042,0.673656,0.665182,0.682012
2.9254,1.72429,0.62398,0.647321,0.627881,0.620246,0.621235,0.638907,0.666588,0.673663,0.664721,0.682077
2.9256,1.72532,0.624382,0.64655,0.62753,0.621443,0.619503,0.638489,0.667015,0.673473,0.664398,0.682767
2.9258,1.72619,0.625193,0.646629,0.627681,0.623128,0.617583,0.637766,0.666678,0.673583,0.664678,0.683451
2.926,1.72636,0.626461,0.647974,0.62822,0.623954,0.617066,0.636832,0.66669,0.673752,0.665646,0.683643
2.9262,1.72595,0.627424,0.648735,0.629077,0.623666,0.618396,0.635763,0.667644,0.673707,0.666868,0.683334
2.9264,1.72535,0.627558,0.647683,0.629519,0.623149,0.621009,0.634705,0.668267,0.673771,0.668073,0.682792
2.9266,1.72503,0.626968,0.645106,0.629329,0.623382,0.623521,0.633882,0.667622,0.673553,0.668701,0.682359
2.9268,1.72573,0.626927,0.642341,0.62847,0.624313,0.624291,0.633529,0.666465,0.672997,0.66884,0.682622
2.927,1.72684,0.627503,0.640286,0.627447,0.625377,0.623286,0.633714,0.665601,0.672632,0.668253,0.683402
2.9272,1.72771,0.628305,0.640126,0.626845,0.625851,0.621035,0.634242,0.666358,0.672702,0.667735,0.684125
2.9274,1.72748,0.629436,0.641637,0.626824,0.625484,0.619082,0.634776,0.668033,0.672665,0.667689,0.684123
2.9276,1.72637,0.630684,0.643421,0.627224,0.625156,0.618591,0.634986,0.669175,0.673095,0.667362,0.683219
2.9278,1.72583,0.63105,0.643382,0.627878,0.625464,0.619318,0.634938,0.668981,0.674392,0.667377,0.682568
2.928,1.72598,0.630219,0.641778,0.628555,0.625914,0.620453,0.634694,0.66838,0.675519,0.667663,0.682526
2.9282,1.72669,0.628708,0.639513,0.62839,0.626218,0.621743,0.634821,0.668732,0.6754,0.667993,0.682878
2.9284,1.72787,0.6276,0.637378,0.627444,0.626512,0.622169,0.635751,0.670178,0.674632,0.668319,0.683699
2.9286,1.72914,0.6276,0.636133,0.626336,0.626765,0.621673,0.637083,0.671619,0.673598,0.668101,0.684602
2.9288,1.72985,0.628356,0.636076,0.626036,0.626855,0.620897,0.637907,0.672046,0.672632,0.667418,0.68528
2.929,1.72952,0.629022,0.636644,0.626454,0.626787,0.620167,0.637722,0.67156,0.672173,0.666509,0.685092
2.9292,1.72861,0.628732,0.63691,0.627052,0.626598,0.620167,0.636818,0.669932,0.672603,0.66624,0.684369
2.9294,1.72851,0.627476,0.636297,0.627249,0.626564,0.62039,0.635969,0.668972,0.673987,0.667344,0.683921
2.9296,1.73014,0.626413,0.63508,0.626728,0.626546,0.620787,0.635932,0.668946,0.675317,0.669043,0.684802
2.9298,1.73235,0.62622,0.63412,0.626127,0.62703,0.621069,0.636821,0.668708,0.675689,0.669872,0.686512
2.93,1.73285,0.626343,0.634203,0.625888,0.627717,0.620772,0.638136,0.667807,0.675204,0.669313,0.687257
2.9302,1.73138,0.62614,0.63539,0.625615,0.628476,0.620575,0.639263,0.665938,0.674538,0.667649,0.686296
2.9304,1.72921,0.625571,0.63696,0.625078,0.628784,0.620884,0.63976,0.664644,0.674199,0.665812,0.68454
2.9306,1.72779,0.624926,0.638006,0.62442,0.628508,0.621206,0.639566,0.663453,0.674356,0.665685,0.683109
2.9308,1.72834,0.62385,0.638075,0.624266,0.627787,0.620952,0.63913,0.662876,0.674777,0.666972,0.683073
2.931,1.73025,0.622503,0.637269,0.624737,0.627178,0.620374,0.639081,0.662611,0.675,0.668716,0.684345
2.9312,1.73178,0.621828,0.636634,0.625518,0.627235,0.620045,0.639425,0.661198,0.67463,0.669478,0.68567
2.9314,1.73178,0.621977,0.637346,0.625913,0.6277,0.619913,0.639997,0.659071,0.673619,0.668661,0.685925
2.9316,1.73053,0.622731,0.639055,0.625697,0.627964,0.619985,0.640334,0.656819,0.672419,0.666966,0.685009
2.9318,1.72904,0.623005,0.640556,0.625259,0.628048,0.620144,0.640012,0.655444,0.671126,0.665585,0.683764
2.932,1.72837,0.62246,0.640917,0.624809,0.627912,0.620367,0.639291,0.655226,0.67013,0.66598,0.68295
2.9322,1.7286,0.621284,0.640195,0.624771,0.627535,0.620461,0.638514,0.655041,0.669953,0.66794,0.682957
2.9324,1.72947,0.620368,0.63935,0.625151,0.627349,0.620285,0.637991,0.6537,0.670224,0.669622,0.683454
2.9326,1.73036,0.619938,0.639388,0.625492,0.627688,0.619921,0.637841,0.65177,0.670369,0.670329,0.684188
2.9328,1.73052,0.620225,0.640554,0.625576,0.628162,0.619625,0.637692,0.650707,0.669571,0.670169,0.684384
2.933,1.72997,0.621193,0.642296,0.625458,0.628244,0.619531,0.637579,0.650909,0.668175,0.669467,0.684027
2.9332,1.72943,0.621836,0.643734,0.625065,0.627713,0.619712,0.637395,0.651772,0.666596,0.668787,0.683451
2.9334,1.72935,0.621976,0.644201,0.624472,0.626568,0.620711,0.637614,0.652325,0.664768,0.669177,0.683282
2.9336,1.72903,0.621521,0.643667,0.623939,0.625547,0.621735,0.638402,0.652427,0.663099,0.670452,0.683081
2.9338,1.72851,0.620592,0.642756,0.623683,0.625317,0.621652,0.639823,0.652755,0.662465,0.671358,0.682619
2.934,1.72821,0.619766,0.642364,0.624009,0.62631,0.620522,0.641463,0.653959,0.662533,0.671291,0.682284
2.9342,1.72784,0.619409,0.642933,0.624557,0.627536,0.619167,0.642344,0.655058,0.662484,0.670264,0.681996
2.9344,1.7273,0.619464,0.643678,0.624992,0.627717,0.618132,0.642112,0.656329,0.661595,0.669233,0.681555
2.9346,1.72725,0.619759,0.643796,0.625596,0.626589,0.61779,0.6415,0.658173,0.65987,0.668751,0.681346
2.9348,1.72769,0.620044,0.642983,0.626018,0.62455,0.618196,0.641564,0.659544,0.658007,0.668779,0.681576
2.935,1.72843,0.619941,0.641966,0.626049,0.622978,0.61849,0.642365,0.659728,0.656835,0.669419,0.682092
2.9352,1.72903,0.619509,0.641356,0.625981,0.622785,0.618879,0.643352,0.658871,0.65663,0.670194,0.682617
2.9354,1.72873,0.619198,0.641569,0.625653,0.623941,0.619282,0.644001,0.657875,0.656977,0.670498,0.682503
2.9356,1.72823,0.619346,0.642094,0.625356,0.625101,0.619506,0.644159,0.658156,0.657329,0.670257,0.682082
2.9358,1.72764,0.619874,0.642129,0.625334,0.625354,0.619788,0.644026,0.659631,0.657377,0.670145,0.681565
2.936,1.72773,0.620421,0.641269,0.625907,0.624518,0.619946,0.643803,0.661292,0.65705,0.66989,0.681438
2.9362,1.7285,0.620658,0.639701,0.626733,0.623271,0.619608,0.643997,0.662423,0.65668,0.669377,0.681882
2.9364,1.72967,0.62043,0.638276,0.626935,0.622499,0.619021,0.644915,0.662994,0.656688,0.668703,0.682773
2.9366,1.7305,0.619769,0.637704,0.626378,0.622263,0.618545,0.645913,0.663463,0.656949,0.667886,0.683453
2.9368,1.73063,0.619089,0.637823,0.625537,0.622482,0.618499,0.646672,0.664378,0.657397,0.66732,0.683697
2.937,1.72965,0.618843,0.637929,0.625023,0.623181,0.61889,0.646704,0.665606,0.657786,0.66748,0.683073
2.9372,1.72853,0.619331,0.637532,0.625152,0.623783,0.61954,0.645981,0.666387,0.657884,0.668182,0.682089
2.9374,1.72807,0.620381,0.636629,0.625995,0.62401,0.620047,0.645338,0.666248,0.657723,0.668818,0.681555
2.9376,1.72853,0.621114,0.635647,0.627262,0.62458,0.620112,0.645535,0.665384,0.657471,0.668901,0.681662
2.9378,1.72985,0.622723,0.63514,0.627861,0.626059,0.619983,0.645998,0.664523,0.657326,0.668257,0.682601
2.938,1.73101,0.62509,0.635377,0.627821,0.627289,0.620129,0.646499,0.664115,0.657515,0.667331,0.683522
2.9382,1.73193,0.6263,0.636179,0.627305,0.627645,0.621094,0.646958,0.664348,0.658108,0.666738,0.684254
2.9384,1.73236,0.625816,0.636923,0.626693,0.627489,0.623062,0.646942,0.663515,0.658906,0.666833,0.684659
2.9386,1.73184,0.624114,0.637371,0.626366,0.627182,0.624462,0.646946,0.661798,0.659622,0.667469,0.684369
2.9388,1.7316,0.622955,0.637505,0.626268,0.62707,0.623979,0.64687,0.659598,0.660129,0.668044,0.683941
2.939,1.73258,0.62312,0.63748,0.62628,0.627674,0.622758,0.646564,0.657649,0.660405,0.667913,0.68444
2.9392,1.73407,0.624243,0.637384,0.626433,0.628479,0.622316,0.646418,0.657088,0.660394,0.666998,0.685531
2.9394,1.73509,0.62516,0.637311,0.626708,0.628739,0.623056,0.64635,0.656909,0.660438,0.665981,0.686449
2.9396,1.73468,0.62511,0.638017,0.626545,0.629022,0.624391,0.646532,0.65695,0.660816,0.665461,0.686356
2.9398,1.733,0.623938,0.639482,0.626055,0.629048,0.625628,0.646809,0.656226,0.6614,0.665187,0.685161
2.94,1.7313,0.622708,0.641241,0.626436,0.628826,0.625927,0.647167,0.654977,0.662039,0.664984,0.683642
2.9402,1.73172,0.622429,0.641998,0.627785,0.628734,0.625544,0.647643,0.653173,0.662354,0.664602,0.683371
2.9404,1.73452,0.623524,0.641726,0.628957,0.629981,0.625331,0.648337,0.651357,0.662359,0.663633,0.685218
2.9406,1.73716,0.626183,0.641161,0.62957,0.631617,0.625613,0.6491,0.651456,0.661755,0.662528,0.687395
2.9408,1.73777,0.628547,0.640975,0.629533,0.632384,0.626247,0.649402,0.652765,0.661222,0.661886,0.688313
2.941,1.73625,0.628584,0.641408,0.628653,0.63102,0.62691,0.649057,0.653067,0.661245,0.662093,0.687323
2.9412,1.73482,0.626468,0.642764,0.627848,0.628056,0.627106,0.648464,0.651731,0.661389,0.662448,0.685973
2.9414,1.73463,0.62329,0.644438,0.627552,0.62583,0.626857,0.648465,0.650021,0.661006,0.66219,0.685438
2.9416,1.73659,0.621132,0.645401,0.627649,0.626578,0.626575,0.648715,0.64942,0.660007,0.661065,0.686545
2.9418,1.7392,0.621394,0.645483,0.627892,0.628911,0.626686,0.649438,0.650296,0.658796,0.659246,0.688509
2.942,1.74116,0.622848,0.644915,0.62781,0.63015,0.627368,0.650082,0.652096,0.658221,0.657943,0.690176
2.9422,1.74147,0.623963,0.644376,0.627466,0.6291,0.628146,0.650279,0.654105,0.658526,0.657478,0.690692
2.9424,1.74033,0.623637,0.644348,0.627231,0.6266,0.628462,0.650992,0.65557,0.659611,0.657421,0.689883
2.9426,1.73895,0.622087,0.644974,0.627066,0.624645,0.628165,0.652054,0.656409,0.660312,0.657237,0.688668
2.9428,1.7389,0.620116,0.645997,0.626863,0.625174,0.627839,0.652983,0.656769,0.65988,0.656623,0.688165
2.943,1.74045,0.619144,0.647421,0.626978,0.627459,0.62833,0.653225,0.656523,0.659116,0.655623,0.689072
2.9432,1.7426,0.61961,0.648806,0.627282,0.6293,0.62909,0.652613,0.656463,0.658829,0.654602,0.690636
2.9434,1.74414,0.620567,0.649287,0.627787,0.629316,0.629463,0.651802,0.657673,0.659273,0.653863,0.691947
2.9436,1.74428,0.620993,0.648606,0.627826,0.628465,0.628917,0.651499,0.660353,0.660357,0.653599,0.692243
2.9438,1.74326,0.620502,0.647455,0.627119,0.627827,0.628009,0.652053,0.662419,0.661622,0.653726,0.691483
2.944,1.74235,0.619609,0.646797,0.626085,0.62721,0.627644,0.653086,0.662435,0.663103,0.653959,0.690539
2.9442,1.74253,0.619059,0.647074,0.625354,0.626949,0.628346,0.653821,0.66117,0.663801,0.654029,0.690359
2.9444,1.74398,0.619159,0.648424,0.625041,0.627567,0.629427,0.653549,0.660589,0.663722,0.653853,0.691134
2.9446,1.74602,0.619594,0.650515,0.625228,0.628067,0.630158,0.652784,0.662351,0.663939,0.653434,0.692646
2.9448,1.74688,0.619887,0.652847,0.625547,0.627873,0.630111,0.652402,0.666076,0.664185,0.653017,0.693563
2.945,1.74532,0.619751,0.653814,0.625554,0.628005,0.629194,0.65259,0.669016,0.664187,0.653129,0.692723
2.9452,1.74172,0.619306,0.652216,0.624925,0.628997,0.627696,0.652849,0.669204,0.664136,0.653856,0.690091
2.9454,1.73763,0.619352,0.649334,0.623832,0.630205,0.626505,0.652378,0.669316,0.66388,0.654467,0.686783
2.9456,1.73466,0.620333,0.646613,0.622823,0.630392,0.626307,0.651141,0.669687,0.663522,0.654445,0.684068
2.9458,1.73434,0.621567,0.645244,0.622044,0.629336,0.627007,0.64953,0.669792,0.663364,0.653738,0.683224
2.946,1.73612,0.622254,0.646132,0.621681,0.627597,0.627809,0.648108,0.669413,0.664112,0.652834,0.684332
2.9462,1.73803,0.622506,0.648488,0.62151,0.626486,0.627829,0.647521,0.668636,0.6654,0.652416,0.685931
2.9464,1.73779,0.622249,0.650002,0.621847,0.626999,0.6272,0.647762,0.667466,0.666304,0.652889,0.686248
2.9466,1.73538,0.622111,0.649288,0.622212,0.628613,0.626232,0.647978,0.668392,0.666331,0.654026,0.684609
2.9468,1.73227,0.622798,0.646395,0.621739,0.629933,0.625425,0.647664,0.669932,0.665799,0.6552,0.682214
2.947,1.72967,0.624021,0.643218,0.620736,0.630231,0.62533,0.646833,0.669562,0.665365,0.655849,0.679971
2.9472,1.72864,0.624952,0.641419,0.619642,0.629665,0.62612,0.645509,0.667939,0.665647,0.655775,0.678852
2.9474,1.72902,0.625262,0.641946,0.618602,0.628621,0.627182,0.643871,0.665865,0.666287,0.655246,0.678966
2.9476,1.72941,0.624995,0.64382,0.617824,0.627557,0.628,0.64277,0.664882,0.666907,0.654767,0.679427
2.9478,1.72875,0.624309,0.645365,0.617488,0.627334,0.627991,0.642679,0.664419,0.667405,0.655005,0.679162
2.948,1.72684,0.624146,0.645348,0.617412,0.627947,0.627239,0.643519,0.664265,0.667713,0.655922,0.677927
2.9482,1.72422,0.6252,0.64363,0.617647,0.628749,0.62632,0.644161,0.663991,0.667667,0.656569,0.67599
2.9484,1.72181,0.627073,0.641428,0.618316,0.628849,0.62615,0.643783,0.663133,0.667596,0.656681,0.674046
2.9486,1.72045,0.62816,0.640039,0.618859,0.627742,0.626595,0.64266,0.661509,0.668866,0.657059,0.672817
2.9488,1.72026,0.627888,0.640198,0.619106,0.625684,0.627365,0.641583,0.660133,0.670893,0.65705,0.67255
2.949,1.72071,0.626767,0.641606,0.618998,0.623971,0.628013,0.641032,0.660254,0.672357,0.656452,0.672921
2.9492,1.72104,0.625271,0.64327,0.618983,0.622923,0.627907,0.641165,0.66137,0.672506,0.655551,0.67334
2.9494,1.72088,0.62471,0.64433,0.619368,0.622878,0.627232,0.641869,0.662344,0.671691,0.654347,0.673393
2.9496,1.72028,0.625255,0.644526,0.619882,0.623169,0.626122,0.642737,0.662574,0.670935,0.654252,0.673075
2.9498,1.71943,0.62629,0.644093,0.620585,0.623096,0.625155,0.643442,0.662313,0.671015,0.654884,0.67252
2.95,1.71885,0.626796,0.643639,0.621327,0.622382,0.624768,0.64376,0.662431,0.671839,0.654843,0.672055
2.9502,1.71859,0.626326,0.643768,0.621558,0.621041,0.624687,0.643622,0.663566,0.672802,0.654113,0.671898
2.9504,1.71873,0.625206,0.644327,0.621096,0.619154,0.624649,0.643591,0.665455,0.673881,0.652891,0.672004
2.9506,1.7194,0.623499,0.645041,0.620003,0.617305,0.624642,0.644115,0.667518,0.674348,0.652197,0.672505
2.9508,1.72035,0.621975,0.646023,0.618939,0.616062,0.62433,0.645102,0.668587,0.674132,0.652319,0.673339
2.951,1.72093,0.621723,0.64716,0.61845,0.615451,0.623553,0.645872,0.669282,0.673503,0.652508,0.673977
2.9512,1.7208,0.622521,0.647903,0.618395,0.615192,0.622432,0.646039,0.670531,0.673455,0.652416,0.674071
2.9514,1.72013,0.623419,0.648136,0.61878,0.615256,0.621929,0.646354,0.671944,0.674298,0.651717,0.673698
2.9516,1.71924,0.623366,0.648383,0.619296,0.615212,0.621969,0.646674,0.672342,0.675335,0.650757,0.673083
2.9518,1.71875,0.622234,0.648909,0.619517,0.614952,0.622679,0.647337,0.672057,0.676119,0.650219,0.672642
2.952,1.71929,0.620788,0.649599,0.619236,0.614481,0.62382,0.648572,0.672358,0.676194,0.650283,0.672918
2.9522,1.72077,0.619974,0.650659,0.61832,0.614014,0.624256,0.649769,0.673622,0.676392,0.650746,0.674017
2.9524,1.72222,0.620234,0.65213,0.617249,0.613796,0.623616,0.650284,0.674915,0.676634,0.651243,0.675302
2.9526,1.72265,0.621298,0.653225,0.616578,0.613896,0.62273,0.650239,0.675603,0.67632,0.651427,0.675929
2.9528,1.72181,0.622387,0.653185,0.616695,0.614151,0.62205,0.649694,0.675864,0.675469,0.651237,0.675563
2.953,1.72002,0.622761,0.652141,0.617472,0.614176,0.621594,0.64943,0.676444,0.674866,0.65092,0.674329
2.9532,1.71833,0.622348,0.650648,0.61794,0.613818,0.621504,0.649649,0.677903,0.674934,0.650875,0.672951
2.9534,1.71792,0.621528,0.649756,0.617637,0.613687,0.621811,0.650129,0.679778,0.67538,0.65133,0.672406
2.9536,1.71866,0.621095,0.649972,0.616755,0.614144,0.622326,0.65089,0.680872,0.67552,0.651937,0.672906
2.9538,1.7197,0.621628,0.650911,0.615821,0.614851,0.622449,0.651556,0.680593,0.675313,0.652201,0.673772
2.954,1.72021,0.622962,0.651526,0.615324,0.615347,0.622303,0.651937,0.679582,0.67505,0.651943,0.67443
2.9542,1.71893,0.624082,0.650816,0.615462,0.61544,0.621894,0.651835,0.678868,0.674712,0.651299,0.673874
2.9544,1.71653,0.624212,0.64928,0.616078,0.615187,0.621789,0.651518,0.678777,0.675184,0.650693,0.672125
2.9546,1.71472,0.623466,0.647637,0.616914,0.614959,0.622486,0.651574,0.679033,0.676541,0.650656,0.670563
2.9548,1.71464,0.622741,0.646622,0.617653,0.615192,0.623389,0.652779,0.679027,0.678207,0.651363,0.670235
2.955,1.71581,0.622894,0.646592,0.61804,0.61626,0.624213,0.654583,0.678891,0.679489,0.652495,0.67106
2.9552,1.71725,0.624021,0.647669,0.618062,0.618212,0.624701,0.655349,0.677858,0.679908,0.653867,0.672333
2.9554,1.71705,0.625498,0.649159,0.617858,0.619979,0.624764,0.655006,0.676626,0.679681,0.654662,0.67268
2.9556,1.71506,0.626452,0.649364,0.617677,0.620796,0.624626,0.654736,0.6757,0.679445,0.654389,0.671423
2.9558,1.71272,0.626486,0.647762,0.61787,0.620374,0.624129,0.655518,0.674517,0.679399,0.653432,0.669676
2.956,1.71076,0.625809,0.645644,0.618553,0.619549,0.623213,0.656794,0.672357,0.67979,0.652251,0.668086
2.9562,1.71034,0.625151,0.645558,0.619413,0.619046,0.622111,0.658155,0.670157,0.680507,0.652133,0.667489
2.9564,1.71145,0.625302,0.648162,0.620133,0.619359,0.621263,0.6587,0.669236,0.681053,0.65296,0.668282
2.9566,1.71268,0.626191,0.651228,0.620787,0.620848,0.62154,0.65876,0.672083,0.681328,0.653738,0.669378
2.9568,1.71358,0.627303,0.652059,0.621682,0.622554,0.623526,0.658346,0.675476,0.681566,0.654112,0.670235
2.957,1.71403,0.628135,0.650023,0.6225,0.623771,0.625827,0.657947,0.675093,0.68236,0.655028,0.670815
2.9572,1.71374,0.628306,0.647425,0.623061,0.624625,0.627073,0.65756,0.672171,0.683029,0.655889,0.670738
2.9574,1.71351,0.627398,0.646099,0.623023,0.625156,0.627151,0.657904,0.670009,0.683074,0.655478,0.670632
2.9576,1.71338,0.626591,0.646489,0.622996,0.624929,0.626168,0.659298,0.671126,0.682911,0.654179,0.670531
2.9578,1.71415,0.62618,0.648436,0.623606,0.624248,0.624787,0.660806,0.676474,0.682279,0.65266,0.670985
2.958,1.71612,0.625738,0.651079,0.624748,0.6234,0.624637,0.660876,0.679958,0.68222,0.651697,0.672381
2.9582,1.71837,0.625066,0.652788,0.625679,0.623111,0.626069,0.65999,0.678719,0.683426,0.651414,0.674254
2.9584,1.7198,0.624093,0.652741,0.625489,0.623665,0.627745,0.659033,0.676678,0.684756,0.651143,0.675609
2.9586,1.72019,0.622696,0.652912,0.624245,0.624439,0.628451,0.658295,0.676836,0.685508,0.651433,0.676143
2.9588,1.71965,0.622132,0.653542,0.622662,0.625168,0.627764,0.658266,0.678532,0.685441,0.651788,0.675883
2.959,1.71862,0.622276,0.653922,0.621743,0.625061,0.626216,0.658957,0.679626,0.684179,0.651411,0.675141
2.9592,1.71834,0.622901,0.653534,0.622214,0.624192,0.625021,0.659468,0.679654,0.682879,0.650382,0.674713
2.9594,1.71903,0.623573,0.652873,0.623822,0.623591,0.624687,0.659599,0.680141,0.683531,0.649481,0.675128
2.9596,1.72053,0.623578,0.652152,0.6255,0.623747,0.625207,0.659442,0.681048,0.686012,0.650147,0.676203
2.9598,1.72197,0.623172,0.651826,0.625752,0.624453,0.626287,0.659078,0.682393,0.687675,0.652149,0.677436
2.96,1.72269,0.622652,0.652357,0.6249,0.625342,0.627123,0.65874,0.68304,0.687548,0.654003,0.678146
2.9602,1.72273,0.623562,0.65364,0.623664,0.626261,0.627288,0.658511,0.683387,0.685683,0.654426,0.678294
2.9604,1.72232,0.625284,0.654492,0.622881,0.626429,0.626668,0.658358,0.683338,0.68353,0.65375,0.678034
2.9606,1.72182,0.626353,0.654721,0.622452,0.625729,0.625792,0.658103,0.684143,0.682317,0.653313,0.677626
2.9608,1.72172,0.626204,0.654035,0.622163,0.624926,0.625046,0.65756,0.68539,0.682114,0.653407,0.677441
2.961,1.72217,0.625623,0.653238,0.622145,0.624443,0.624854,0.657366,0.6854,0.683105,0.653902,0.677712
2.9612,1.72263,0.625296,0.653138,0.622109,0.624034,0.625354,0.657529,0.683831,0.68452,0.654644,0.67812
2.9614,1.72272,0.625926,0.654225,0.622328,0.623426,0.625572,0.65777,0.683466,0.685155,0.654924,0.678245
2.9616,1.72266,0.62734,0.655667,0.622487,0.622456,0.624847,0.657531,0.685738,0.684329,0.654624,0.678209
2.9618,1.72239,0.628269,0.65596,0.622936,0.621421,0.623197,0.656779,0.688584,0.682515,0.654962,0.678047
2.962,1.72181,0.627895,0.654335,0.624302,0.620553,0.621927,0.656029,0.687253,0.680751,0.656389,0.677674
2.9622,1.72043,0.626898,0.651986,0.625365,0.620123,0.62172,0.655442,0.682082,0.679955,0.65812,0.676776
2.9624,1.71864,0.626372,0.649907,0.625071,0.620772,0.621828,0.654998,0.678833,0.680137,0.658752,0.675384
2.9626,1.71705,0.626576,0.649057,0.623307,0.622124,0.621101,0.6548,0.678316,0.680798,0.657859,0.6741
2.9628,1.71649,0.626786,0.649925,0.621533,0.622363,0.619399,0.655221,0.681021,0.681578,0.656102,0.673435
2.963,1.7168,0.627176,0.651339,0.620707,0.621262,0.617427,0.65601,0.68422,0.68188,0.654796,0.67361
2.9632,1.71792,0.627552,0.652051,0.621391,0.620354,0.616238,0.656783,0.685124,0.68153,0.655129,0.674335
2.9634,1.7193,0.627802,0.651001,0.622664,0.620396,0.61618,0.657495,0.68508,0.680505,0.657033,0.675539
2.9636,1.71889,0.628001,0.648522,0.623373,0.620892,0.616451,0.657803,0.684886,0.680032,0.659211,0.675708
2.9638,1.71626,0.628819,0.646093,0.623168,0.621543,0.616353,0.657787,0.685587,0.680211,0.660255,0.674023
2.964,1.71271,0.630185,0.645218,0.622136,0.622021,0.615463,0.658207,0.687238,0.681177,0.659573,0.671339
2.9642,1.70998,0.631514,0.646025,0.621251,0.621563,0.614034,0.659515,0.688858,0.681923,0.657593,0.668983
2.9644,1.7092,0.631677,0.647742,0.620907,0.621043,0.612458,0.66078,0.689271,0.681559,0.655752,0.668048
2.9646,1.71005,0.630497,0.648757,0.620975,0.621666,0.611595,0.660696,0.689649,0.680957,0.655465,0.668587
2.9648,1.71086,0.629731,0.647919,0.621351,0.623091,0.611484,0.65946,0.689881,0.680738,0.656922,0.669445
2.965,1.71036,0.630734,0.645565,0.621882,0.624101,0.611968,0.658324,0.690315,0.681337,0.658169,0.669429
2.9652,1.70831,0.632614,0.642964,0.622533,0.624164,0.612497,0.658092,0.6912,0.682635,0.657901,0.668176
2.9654,1.70553,0.634607,0.641519,0.623525,0.623213,0.612415,0.658578,0.691581,0.683378,0.656381,0.666136
2.9656,1.70339,0.635438,0.641871,0.624168,0.621714,0.611622,0.65914,0.691714,0.683287,0.65415,0.664353
2.9658,1.70276,0.634463,0.643427,0.624312,0.621029,0.610586,0.659392,0.691168,0.682357,0.652276,0.663668
2.966,1.70348,0.632589,0.644924,0.623766,0.621721,0.609925,0.659311,0.691695,0.681576,0.651664,0.664151
2.9662,1.70466,0.631521,0.645415,0.622911,0.622927,0.609956,0.658998,0.694762,0.680765,0.652038,0.665185
2.9664,1.70531,0.631935,0.644796,0.622146,0.62341,0.610512,0.65856,0.697458,0.67999,0.653725,0.665968
2.9666,1.70492,0.633314,0.643639,0.622234,0.622862,0.611147,0.658069,0.698194,0.680216,0.655498,0.665975
2.9668,1.70367,0.63469,0.642817,0.622817,0.621548,0.611499,0.657914,0.696653,0.682049,0.655945,0.665221
2.967,1.7023,0.634616,0.642813,0.623129,0.619993,0.611286,0.658202,0.693753,0.683821,0.654703,0.664212
2.9672,1.70183,0.633608,0.643394,0.622935,0.61904,0.61052,0.65839,0.692392,0.684008,0.653254,0.663749
2.9674,1.70246,0.633104,0.644416,0.622328,0.619096,0.609622,0.658594,0.694839,0.682912,0.652941,0.664154
2.9676,1.70369,0.633574,0.645698,0.622052,0.619364,0.60908,0.658876,0.698374,0.681381,0.653749,0.665195
2.9678,1.70455,0.634599,0.647043,0.622326,0.618916,0.609124,0.658634,0.698947,0.680251,0.655209,0.666098
2.968,1.70448,0.635315,0.647859,0.623218,0.617832,0.609694,0.657748,0.696287,0.680129,0.655979,0.666317
2.9682,1.70383,0.634776,0.647772,0.623689,0.616129,0.610456,0.657412,0.693619,0.681348,0.655909,0.665985
2.9684,1.703,0.633325,0.647353,0.623481,0.614666,0.610971,0.657596,0.694563,0.682602,0.655306,0.665401
2.9686,1.703,0.632274,0.647396,0.622856,0.613999,0.611045,0.658025,0.698311,0.683294,0.654506,0.665308
2.9688,1.70366,0.632439,0.648044,0.622543,0.613804,0.610735,0.65867,0.701594,0.682826,0.654767,0.665822
2.969,1.7046,0.633747,0.649266,0.622674,0.613433,0.610454,0.659347,0.701139,0.682136,0.655723,0.666647
2.9692,1.70516,0.634899,0.650857,0.623161,0.612876,0.610586,0.659512,0.698682,0.681735,0.656642,0.667272
2.9694,1.70515,0.634957,0.652021,0.623914,0.611724,0.610965,0.6589,0.698019,0.682115,0.657471,0.667457
2.9696,1.70473,0.634412,0.652024,0.624688,0.610505,0.611268,0.657902,0.698802,0.683311,0.657791,0.667217
2.9698,1.70491,0.633591,0.650804,0.625005,0.60971,0.611443,0.65701,0.700045,0.684068,0.657968,0.667294
2.97,1.70561,0.633121,0.64915,0.624771,0.609618,0.611481,0.657078,0.700711,0.683473,0.658766,0.66782
2.9702,1.70679,0.633152,0.648077,0.624138,0.610056,0.611453,0.658417,0.701498,0.681741,0.659759,0.668716
2.9704,1.70818,0.633458,0.648036,0.623603,0.610544,0.611054,0.660195,0.703295,0.680372,0.660693,0.669897
2.9706,1.70915,0.633283,0.648812,0.623802,0.610496,0.610704,0.661243,0.70391,0.679886,0.661022,0.670761
2.9708,1.70968,0.632397,0.649628,0.624416,0.609707,0.610272,0.661235,0.70278,0.679622,0.661157,0.671344
2.971,1.70949,0.631541,0.649552,0.625213,0.609031,0.609623,0.660074,0.700922,0.680061,0.661054,0.67137
2.9712,1.70878,0.631452,0.648317,0.625786,0.608879,0.609038,0.65869,0.699701,0.681192,0.661291,0.670902
2.9714,1.70831,0.632758,0.647014,0.626005,0.609394,0.608496,0.658096,0.700542,0.682141,0.662054,0.67044
2.9716,1.70873,0.634831,0.646089,0.62601,0.610338,0.608445,0.659395,0.702635,0.682958,0.662631,0.670669
2.9718,1.70985,0.63601,0.645917,0.625845,0.61126,0.609377,0.661653,0.704369,0.683899,0.662466,0.671426
2.972,1.71178,0.63524,0.646199,0.625859,0.612137,0.610106,0.662719,0.705879,0.683935,0.661817,0.672829
2.9722,1.71363,0.633921,0.646368,0.626113,0.612467,0.609492,0.662095,0.706528,0.681981,0.661033,0.674405
2.9724,1.71448,0.633203,0.645545,0.626399,0.612268,0.608156,0.660981,0.704947,0.678918,0.660662,0.675276
2.9726,1.71447,0.633382,0.64371,0.626576,0.61176,0.606713,0.660136,0.702746,0.676403,0.661362,0.675398
2.9728,1.71397,0.634065,0.641654,0.626678,0.611766,0.606393,0.659871,0.70187,0.675463,0.663006,0.675057
2.973,1.71348,0.634782,0.640132,0.627033,0.612365,0.60728,0.659944,0.703082,0.675604,0.664642,0.674635
2.9732,1.71329,0.635202,0.639437,0.627232,0.612778,0.608454,0.659885,0.704049,0.675693,0.665404,0.674408
2.9734,1.71346,0.634924,0.639521,0.627067,0.612775,0.609144,0.659882,0.703729,0.675194,0.664761,0.674472
2.9736,1.71408,0.634356,0.639911,0.627125,0.612201,0.60985,0.659989,0.703163,0.674377,0.663213,0.674828
2.9738,1.71514,0.634034,0.639972,0.627416,0.610964,0.610381,0.659675,0.703102,0.673398,0.661892,0.675608
2.974,1.71669,0.634086,0.639623,0.627617,0.610471,0.610805,0.658658,0.703369,0.672415,0.661801,0.676665
2.9742,1.71839,0.63448,0.639164,0.627428,0.611409,0.611142,0.657402,0.703824,0.671664,0.663059,0.678048
2.9744,1.71963,0.634666,0.63882,0.627422,0.613171,0.611333,0.656598,0.703571,0.671278,0.664731,0.679061
2.9746,1.72034,0.634377,0.639075,0.627476,0.61438,0.611746,0.656607,0.702552,0.671288,0.665782,0.679753
2.9748,1.72003,0.634639,0.639981,0.627374,0.61491,0.612618,0.657207,0.701896,0.67212,0.665877,0.679548
2.975,1.72022,0.635699,0.640794,0.627065,0.614832,0.613245,0.657738,0.70223,0.672967,0.665132,0.679503
2.9752,1.72119,0.637083,0.640921,0.626497,0.614502,0.613366,0.657672,0.70335,0.672983,0.664624,0.680054
2.9754,1.7225,0.638054,0.640452,0.625791,0.614628,0.613145,0.65743,0.704177,0.672148,0.6643,0.681035
2.9756,1.7231,0.637707,0.640255,0.625338,0.615334,0.61262,0.657379,0.703217,0.670951,0.664363,0.68165
2.9758,1.72245,0.6364,0.640833,0.625447,0.616156,0.612089,0.657409,0.702506,0.670231,0.664227,0.681317
2.976,1.72079,0.634982,0.642017,0.62577,0.616548,0.612361,0.657108,0.702489,0.670732,0.663455,0.680089
2.9762,1.71936,0.634215,0.642713,0.626269,0.616247,0.613628,0.656346,0.702381,0.671876,0.662381,0.678747
2.9764,1.71968,0.634553,0.642271,0.626626,0.615923,0.614921,0.655472,0.70217,0.672936,0.661494,0.678561
2.9766,1.72171,0.635592,0.640954,0.626568,0.616757,0.615865,0.654868,0.701464,0.673587,0.662205,0.679884
2.9768,1.72411,0.636321,0.639815,0.626219,0.618362,0.615775,0.654744,0.699663,0.673128,0.663737,0.681693
2.977,1.72585,0.636175,0.639731,0.625723,0.619751,0.615078,0.655094,0.699116,0.672191,0.665009,0.683286
2.9772,1.7255,0.635323,0.6407,0.625261,0.619951,0.614147,0.655491,0.699948,0.671438,0.665096,0.683335
2.9774,1.72342,0.634451,0.642051,0.624974,0.618989,0.613614,0.655614,0.701697,0.671711,0.664015,0.681886
2.9776,1.7211,0.634163,0.643041,0.625045,0.61782,0.613597,0.655407,0.704187,0.672593,0.662601,0.679906
2.9778,1.72049,0.634564,0.643074,0.625408,0.617557,0.614265,0.654943,0.705932,0.672827,0.661993,0.678928
2.978,1.7225,0.63511,0.642096,0.625725,0.618727,0.615259,0.654346,0.704547,0.672253,0.662978,0.679965
2.9782,1.72614,0.635241,0.640743,0.625462,0.620748,0.616336,0.653879,0.702367,0.670755,0.664831,0.682583
2.9784,1.72951,0.634699,0.639889,0.624429,0.622044,0.616848,0.653633,0.700919,0.669026,0.666279,0.685396
2.9786,1.73042,0.633909,0.639778,0.623056,0.621859,0.617258,0.65343,0.700116,0.667616,0.66654,0.686524
2.9788,1.72937,0.633576,0.639839,0.621921,0.620577,0.61827,0.652761,0.699989,0.666559,0.665555,0.685908
2.979,1.72732,0.633722,0.639809,0.621923,0.619389,0.619314,0.651547,0.700211,0.665698,0.664279,0.684276
2.9792,1.72618,0.633851,0.639797,0.623388,0.619827,0.620306,0.649913,0.700998,0.664932,0.663675,0.683014
2.9794,1.72684,0.634159,0.639844,0.624701,0.621329,0.621155,0.648361,0.701411,0.664471,0.664427,0.683098
2.9796,1.72891,0.634,0.640137,0.624494,0.623009,0.621203,0.647066,0.701531,0.664475,0.665827,0.684449
2.9798,1.73107,0.632934,0.640664,0.622347,0.624071,0.620785,0.646512,0.701728,0.664836,0.667331,0.686151
2.98,1.73204,0.631527,0.641193,0.61931,0.623967,0.620285,0.646523,0.702184,0.665136,0.668584,0.687103
2.9802,1.73153,0.630719,0.641581,0.617204,0.623086,0.620599,0.646851,0.702865,0.66505,0.669429,0.686867
2.9804,1.73007,0.630826,0.642153,0.616961,0.622195,0.621664,0.646512,0.702587,0.664729,0.669672,0.685738
2.9806,1.7287,0.630897,0.642636,0.618054,0.621655,0.622381,0.644876,0.702663,0.664587,0.669866,0.684461
2.9808,1.72855,0.630439,0.643182,0.619041,0.621755,0.622186,0.642567,0.704519,0.664663,0.670076,0.683986
2.981,1.72941,0.629349,0.643669,0.619016,0.622521,0.621473,0.640814,0.706494,0.665006,0.670181,0.684453
2.9812,1.7303,0.627892,0.644143,0.618037,0.623863,0.620981,0.639914,0.708818,0.666038,0.670196,0.685142
2.9814,1.73085,0.626638,0.645023,0.616725,0.625087,0.620917,0.639628,0.709994,0.66755,0.66977,0.685536
2.9816,1.73075,0.625895,0.645798,0.615757,0.625702,0.620888,0.639431,0.710984,0.668558,0.669285,0.685548
2.9818,1.7303,0.625581,0.646245,0.615419,0.625416,0.62051,0.639107,0.712293,0.668412,0.669081,0.685089
2.982,1.72976,0.62543,0.645954,0.615586,0.624109,0.619685,0.638682,0.714127,0.667342,0.669429,0.684654
2.9822,1.72919,0.62494,0.64544,0.615902,0.62288,0.618682,0.638214,0.71555,0.666393,0.670011,0.684075
2.9824,1.72931,0.624042,0.645594,0.616085,0.622828,0.617881,0.637751,0.714812,0.666577,0.670641,0.683967
2.9826,1.7297,0.623129,0.646822,0.616086,0.624221,0.617576,0.637395,0.712928,0.668338,0.671039,0.684206
2.9828,1.72978,0.622678,0.648072,0.6159,0.625721,0.617732,0.637272,0.711703,0.670511,0.670655,0.684271
2.983,1.72951,0.622825,0.64882,0.615557,0.625989,0.618007,0.637425,0.712892,0.671837,0.669451,0.684088
2.9832,1.72853,0.62327,0.648745,0.615112,0.624489,0.617963,0.637712,0.716152,0.671866,0.668205,0.683355
2.9834,1.72778,0.623526,0.647764,0.614598,0.622201,0.61732,0.637855,0.71742,0.670902,0.667503,0.682611
2.9836,1.72745,0.623267,0.646912,0.614238,0.620792,0.616396,0.637885,0.716293,0.669753,0.667501,0.682252
2.9838,1.72708,0.622482,0.647126,0.61424,0.620729,0.615937,0.638101,0.715294,0.669165,0.668269,0.681928
2.984,1.72687,0.621554,0.648461,0.614626,0.621518,0.616164,0.638427,0.715024,0.669579,0.668783,0.681683
2.9842,1.72649,0.62127,0.649931,0.61521,0.622172,0.616729,0.638747,0.714689,0.670948,0.668425,0.681428
2.9844,1.72547,0.621812,0.650521,0.615837,0.62216,0.617398,0.639016,0.715523,0.672052,0.66731,0.68072
2.9846,1.72406,0.622476,0.649539,0.616052,0.621099,0.61785,0.639399,0.716673,0.672122,0.666368,0.679604
2.9848,1.72345,0.6225,0.647726,0.615999,0.619866,0.617558,0.639636,0.716074,0.670621,0.666116,0.678878
2.985,1.72365,0.621823,0.647174,0.61584,0.619206,0.61663,0.639709,0.713698,0.668096,0.666561,0.6789
2.9852,1.72459,0.62098,0.648468,0.615931,0.619603,0.615741,0.640093,0.712466,0.666846,0.667267,0.679479
2.9854,1.726,0.620763,0.6507,0.616437,0.620137,0.615496,0.640599,0.713539,0.66716,0.667555,0.680538
2.9856,1.72689,0.621503,0.65232,0.61716,0.620195,0.615975,0.640977,0.71554,0.667851,0.667891,0.681381
2.9858,1.7264,0.622792,0.6523,0.617666,0.61957,0.616637,0.641646,0.717498,0.667223,0.668331,0.681229
2.986,1.72547,0.623885,0.650838,0.617641,0.618571,0.617115,0.642384,0.717997,0.66509,0.668436,0.680432
2.9862,1.72515,0.624205,0.649596,0.617143,0.617503,0.617221,0.643004,0.716681,0.662313,0.667944,0.680019
2.9864,1.72513,0.623715,0.650252,0.616684,0.616993,0.616852,0.643329,0.715426,0.66039,0.666718,0.679992
2.9866,1.72503,0.622855,0.652156,0.616706,0.617652,0.616956,0.643761,0.715559,0.659702,0.665795,0.679903
2.9868,1.72461,0.622297,0.653868,0.6171,0.619168,0.617788,0.644328,0.71651,0.660115,0.665926,0.679664
2.987,1.72333,0.622454,0.654299,0.61738,0.62022,0.618486,0.644821,0.717506,0.660459,0.666906,0.678829
2.9872,1.72144,0.623097,0.653316,0.617319,0.620085,0.61863,0.64508,0.717201,0.660743,0.668177,0.677391
2.9874,1.72007,0.623627,0.65216,0.616859,0.61949,0.618625,0.645604,0.714801,0.660814,0.668732,0.676162
2.9876,1.72054,0.623829,0.652304,0.61634,0.619592,0.618445,0.646448,0.71197,0.660468,0.668193,0.676037
2.9878,1.72344,0.624735,0.65361,0.616447,0.620511,0.61875,0.647374,0.710348,0.659893,0.667079,0.677967
2.988,1.72664,0.626839,0.655185,0.617166,0.621571,0.619901,0.648566,0.709671,0.659346,0.666387,0.680575
2.9882,1.72844,0.628132,0.656686,0.61863,0.622268,0.621842,0.649128,0.709453,0.658964,0.666432,0.682325
2.9884,1.72779,0.627508,0.657701,0.619612,0.623015,0.623739,0.648827,0.709164,0.659081,0.667065,0.682259
2.9886,1.72599,0.625387,0.657728,0.619456,0.624157,0.624507,0.648309,0.708207,0.660733,0.668152,0.680859
2.9888,1.7252,0.623308,0.657427,0.61819,0.624879,0.624073,0.648869,0.705445,0.66271,0.668776,0.679885
2.989,1.72631,0.622435,0.656839,0.616771,0.624833,0.622737,0.65022,0.701401,0.663773,0.668444,0.6804
2.9892,1.72858,0.623111,0.656409,0.616026,0.624184,0.621649,0.651105,0.697419,0.663721,0.66728,0.682019
2.9894,1.73032,0.624319,0.656337,0.616112,0.623851,0.621601,0.651293,0.696008,0.663144,0.665776,0.68359
2.9896,1.73008,0.625337,0.656649,0.616661,0.624125,0.622501,0.650956,0.696422,0.662513,0.665155,0.683782
2.9898,1.72839,0.625473,0.657099,0.617029,0.624666,0.623615,0.650591,0.695514,0.662234,0.665855,0.682521
2.99,1.72716,0.624414,0.657649,0.616715,0.625033,0.624372,0.651222,0.691785,0.662892,0.667232,0.681378
2.9902,1.72677,0.622771,0.658244,0.616096,0.624897,0.624347,0.652473,0.687089,0.663986,0.668065,0.68085
2.9904,1.72719,0.621278,0.658458,0.615741,0.624919,0.623937,0.653375,0.683939,0.665323,0.667873,0.681034
2.9906,1.72801,0.620785,0.657996,0.615885,0.625013,0.623679,0.653436,0.682854,0.666277,0.666906,0.681609
2.9908,1.72829,0.621357,0.656918,0.616423,0.625513,0.623783,0.652879,0.682612,0.666915,0.665815,0.681956
2.991,1.72815,0.622326,0.656151,0.617062,0.626398,0.624013,0.652313,0.681488,0.667492,0.66525,0.681824
2.9912,1.72837,0.622932,0.656077,0.617563,0.627058,0.624311,0.652428,0.67923,0.667876,0.665465,0.681849
2.9914,1.72916,0.622937,0.65669,0.617628,0.627512,0.624635,0.653359,0.676986,0.668005,0.666492,0.682383
2.9916,1.72998,0.622624,0.65737,0.617357,0.626813,0.625325,0.654366,0.675767,0.668098,0.667417,0.68299
2.9918,1.73062,0.623087,0.657832,0.617439,0.62498,0.626019,0.654655,0.675998,0.668115,0.667602,0.683514
2.992,1.73049,0.624126,0.657437,0.618078,0.622758,0.625979,0.654134,0.67724,0.668533,0.666932,0.683548
2.9922,1.72954,0.624833,0.656034,0.61891,0.621057,0.625248,0.653609,0.67869,0.668707,0.665752,0.682879
2.9924,1.72891,0.624552,0.654324,0.619319,0.620242,0.624339,0.653491,0.679126,0.668392,0.664762,0.682177
2.9926,1.72916,0.624293,0.652863,0.619255,0.619994,0.623228,0.653971,0.678453,0.668185,0.664455,0.682196
2.9928,1.7298,0.624565,0.652843,0.619085,0.619669,0.62246,0.654356,0.677947,0.668217,0.664772,0.682635
2.993,1.73043,0.625049,0.654478,0.618917,0.618835,0.622371,0.654632,0.678477,0.66821,0.665097,0.683073
2.9932,1.73092,0.625287,0.65612,0.619263,0.618056,0.623324,0.654719,0.679476,0.66843,0.66532,0.683502
2.9934,1.73121,0.625893,0.655698,0.620026,0.617932,0.625159,0.654279,0.679725,0.668941,0.66541,0.683675
2.9936,1.73148,0.62707,0.652527,0.62063,0.618226,0.626473,0.653971,0.678603,0.669436,0.665403,0.683869
2.9938,1.7313,0.627772,0.647935,0.620615,0.618723,0.626273,0.653909,0.67758,0.669689,0.665216,0.683801
2.994,1.73112,0.628057,0.644141,0.619988,0.618895,0.624743,0.654309,0.677989,0.669739,0.664891,0.683513
2.9942,1.73159,0.62806,0.643218,0.619001,0.618522,0.623184,0.654784,0.679124,0.669724,0.664241,0.683733
2.9944,1.7324,0.6282,0.645972,0.61809,0.617868,0.622724,0.654555,0.680156,0.669728,0.663705,0.684251
2.9946,1.7335,0.629022,0.650326,0.618697,0.617942,0.623738,0.653966,0.680649,0.670876,0.663584,0.685069
2.9948,1.73422,0.630379,0.652341,0.62124,0.619579,0.625783,0.653022,0.680944,0.672954,0.664101,0.685666
2.995,1.73405,0.631524,0.650245,0.623598,0.621428,0.627612,0.652092,0.681437,0.674162,0.664763,0.685685
2.9952,1.73311,0.632018,0.645498,0.623468,0.622155,0.627554,0.651674,0.682003,0.673401,0.664777,0.685002
2.9954,1.73198,0.631951,0.641136,0.620814,0.621705,0.625471,0.651699,0.681989,0.671585,0.664044,0.684004
2.9956,1.73212,0.631639,0.639264,0.617216,0.620598,0.62327,0.651724,0.681206,0.67027,0.663104,0.683773
2.9958,1.73336,0.631198,0.640458,0.614349,0.619541,0.622963,0.651421,0.680973,0.670306,0.662653,0.684523
2.996,1.73517,0.630752,0.642965,0.613799,0.619838,0.624481,0.650751,0.680496,0.671739,0.662739,0.685873
2.9962,1.73622,0.630493,0.644416,0.616057,0.621434,0.626354,0.650002,0.679423,0.673684,0.663066,0.686842
2.9964,1.73613,0.630466,0.644081,0.619758,0.623434,0.627197,0.649547,0.678635,0.674819,0.663226,0.686956
2.9966,1.73466,0.630613,0.642864,0.622954,0.625014,0.626961,0.649594,0.678144,0.674556,0.663039,0.68594
2.9968,1.73315,0.630916,0.641635,0.623703,0.625465,0.626392,0.649928,0.678575,0.673413,0.662701,0.684636
2.997,1.73229,0.63128,0.641118,0.622089,0.624474,0.625864,0.649744,0.677724,0.672482,0.66232,0.683707
2.9972,1.73295,0.631493,0.641993,0.619702,0.6231,0.625395,0.649502,0.676679,0.672525,0.662223,0.683919
2.9974,1.73428,0.63146,0.643474,0.618212,0.622869,0.625082,0.649712,0.6756,0.673878,0.662546,0.684875
2.9976,1.73505,0.631193,0.644194,0.618236,0.623643,0.624757,0.650118,0.674163,0.6755,0.662804,0.685622
2.9978,1.73456,0.63055,0.644446,0.619403,0.624408,0.624434,0.650406,0.672384,0.676147,0.662919,0.685449
2.998,1.73291,0.629615,0.645233,0.621117,0.624581,0.624574,0.650179,0.671706,0.675938,0.662677,0.684276
2.9982,1.73109,0.629252,0.64625,0.622101,0.623467,0.625494,0.649416,0.671011,0.675111,0.662025,0.682789
2.9984,1.72998,0.629931,0.64678,0.621873,0.621299,0.626372,0.648444,0.670365,0.67452,0.66153,0.681671
2.9986,1.73041,0.630748,0.646798,0.620581,0.619257,0.626713,0.648037,0.669555,0.674447,0.661525,0.681688
2.9988,1.73169,0.630834,0.646638,0.619453,0.618252,0.626097,0.647951,0.66783,0.674947,0.662073,0.682591
2.999,1.73316,0.629957,0.646626,0.619651,0.618103,0.624838,0.647964,0.666036,0.675791,0.662447,0.683734
2.9992,1.73362,0.628513,0.647413,0.621089,0.617931,0.623758,0.647945,0.66547,0.676296,0.662736,0.684346
2.9994,1.73277,0.626911,0.649424,0.622499,0.617325,0.623511,0.648222,0.666346,0.675717,0.662503,0.683854
2.9996,1.73128,0.626124,0.651541,0.623054,0.615904,0.623956,0.648776,0.667562,0.674779,0.662216,0.682721
2.9998,1.72988,0.626377,0.652465,0.622828,0.615072,0.624355,0.648928,0.667989,0.674532,0.662096,0.681525
3,1.72942,0.627039,0.651999,0.622263,0.615065,0.624213,0.648509,0.667254,0.674635,0.662445,0.680822
3.0002,1.7333,0.627188,0.650972,0.622029,0.615226,0.623478,0.648421,0.666325,0.674475,0.662544,0.682854
3.0004,1.74027,0.627076,0.650762,0.622214,0.61433,0.622542,0.648683,0.666536,0.674524,0.662248,0.687948
3.0006,1.74877,0.626113,0.65224,0.622647,0.61284,0.621636,0.648898,0.668603,0.674933,0.662074,0.694167
3.0008,1.75862,0.624276,0.656405,0.622917,0.611709,0.621231,0.649235,0.671094,0.674923,0.66208,0.701623
3.001,1.7691,0.622567,0.661984,0.622957,0.611295,0.621048,0.649748,0.672931,0.675022,0.662439,0.709368
3.0012,1.7815,0.621972,0.668121,0.62291,0.611538,0.620985,0.650003,0.675266,0.675479,0.663133,0.718426
3.0014,1.79674,0.622793,0.673973,0.623336,0.612418,0.620822,0.650745,0.678362,0.676356,0.664686,0.729264
3.0016,1.81604,0.62441,0.680338,0.623919,0.613629,0.620592,0.65228,0.68206,0.677243,0.666556,0.743186
3.0018,1.83876,0.626013,0.688335,0.624325,0.614836,0.620652,0.654876,0.686528,0.677915,0.66834,0.75969
3.002,1.86421,0.627285,0.699161,0.624809,0.616082,0.621391,0.658039,0.692437,0.67868,0.670159,0.778509
3.0022,1.8906,0.628865,0.712455,0.625205,0.617931,0.622715,0.661776,0.700146,0.680116,0.67234,0.798083
3.0024,1.91776,0.631321,0.727514,0.62574,0.620754,0.624292,0.665498,0.709555,0.682578,0.675194,0.81812
3.0026,1.94543,0.635072,0.742916,0.626537,0.624614,0.626447,0.669211,0.720168,0.685938,0.678634,0.838346
3.0028,1.97466,0.640115,0.757553,0.628028,0.629301,0.62895,0.673087,0.731801,0.689498,0.683009,0.859358
3.003,2.00585,0.646041,0.771692,0.629747,0.63447,0.631495,0.677496,0.744771,0.692712,0.687887,0.881733
3.0032,2.03873,0.65194,0.786449,0.631088,0.639385,0.633908,0.682673,0.759193,0.696208,0.692649,0.905311
3.0034,2.07257,0.657253,0.802655,0.631889,0.643844,0.636342,0.688415,0.774667,0.70029,0.696913,0.92958
3.0036,2.10691,0.662576,0.820621,0.632645,0.648557,0.639262,0.694639,0.790174,0.704619,0.700604,0.954065
3.0038,2.14191,0.668533,0.839646,0.634427,0.653966,0.642717,0.700817,0.805289,0.709059,0.704383,0.978791
3.004,2.17812,0.674846,0.858567,0.63703,0.659797,0.646366,0.706299,0.820201,0.713307,0.708861,1.00406
3.0042,2.21611,0.681254,0.876724,0.639989,0.665612,0.650025,0.711411,0.835309,0.717647,0.714305,1.03056
3.0044,2.25512,0.687451,0.894154,0.642694,0.671217,0.65366,0.717144,0.851126,0.722268,0.720131,1.05774
3.0046,2.29432,0.693605,0.911583,0.644692,0.676702,0.657297,0.723762,0.868983,0.727222,0.726141,1.08506
3.0048,2.3327,0.70003,0.92983,0.646109,0.682191,0.661118,0.730687,0.889065,0.732221,0.731773,1.11166
3.005,2.3698,0.707331,0.949376,0.647134,0.687889,0.665466,0.737133,0.908262,0.737125,0.736733,1.13705
3.0052,2.40614,0.715537,0.969988,0.648226,0.694126,0.670315,0.742659,0.924013,0.742588,0.741084,1.16149
3.0054,2.44199,0.724126,0.991013,0.649963,0.701004,0.675385,0.747989,0.93882,0.748388,0.745043,1.18535
3.0056,2.47846,0.732411,1.0116,0.652378,0.707598,0.680264,0.753679,0.95599,0.75353,0.749461,1.20916
3.0058,2.51685,0.739851,1.03094,0.655027,0.713707,0.684557,0.759719,0.975932,0.757349,0.755022,1.2341
3.006,2.55705,0.746372,1.049,0.657261,0.719239,0.688335,0.765927,0.994704,0.760509,0.760933,1.26044
3.0062,2.59708,0.752597,1.06619,0.658284,0.724412,0.692027,0.771629,1.0109,0.763829,0.766081,1.28689
3.0064,2.6349,0.758893,1.08308,0.658154,0.729707,0.695887,0.776483,1.02635,0.768039,0.770721,1.31176
3.0066,2.66933,0.765449,1.10004,0.657692,0.735138,0.699949,0.780924,1.04177,0.772345,0.775119,1.33388
3.0068,2.70115,0.771907,1.11731,0.658186,0.740589,0.70385,0.785464,1.05739,0.775836,0.779647,1.35351
3.007,2.73234,0.778038,1.13451,0.659422,0.746542,0.707115,0.790245,1.072,0.778593,0.783424,1.37209
3.0072,2.76469,0.784337,1.1509,0.660778,0.751953,0.709559,0.79516,1.08412,0.781488,0.786066,1.39119
3.0074,2.79866,0.790443,1.16596,0.661486,0.755812,0.711615,0.799848,1.09512,0.785418,0.788034,1.41145
3.0076,2.83332,0.795337,1.17985,0.66138,0.75819,0.713955,0.804108,1.1072,0.789789,0.790794,1.43237
3.0078,2.86693,0.798978,1.19267,0.660784,0.760077,0.716973,0.808037,1.12068,0.792904,0.795074,1.45268
3.008,2.89826,0.801704,1.20439,0.660213,0.762494,0.720675,0.811613,1.13373,0.794717,0.799495,1.47122
3.0082,2.92711,0.804291,1.21538,0.659911,0.765352,0.72452,0.814501,1.14506,0.795928,0.802181,1.48767
3.0084,2.95399,0.807333,1.22569,0.659696,0.768028,0.727482,0.8171,1.15548,0.797661,0.803031,1.50236
3.0086,2.97959,0.811171,1.23586,0.659223,0.770053,0.729167,0.819234,1.16617,0.800604,0.802947,1.51584
3.0088,3.00449,0.815301,1.24657,0.658308,0.77132,0.729901,0.820825,1.17701,0.803695,0.802756,1.52861
3.009,3.02848,0.819012,1.25793,0.656835,0.771756,0.730412,0.822036,1.18746,0.804591,0.803705,1.54073
3.0092,3.05103,0.821133,1.26924,0.654773,0.771434,0.73134,0.822691,1.19595,0.803223,0.805759,1.55174
3.0094,3.07173,0.821726,1.27925,0.652451,0.770787,0.732424,0.822816,1.20185,0.80128,0.807691,1.56137
3.0096,3.0899,0.821773,1.28698,0.650353,0.770216,0.733023,0.822987,1.20741,0.800329,0.807886,1.56912
3.0098,3.1054,0.822105,1.29228,0.648218,0.771205,0.732403,0.823392,1.21279,0.800524,0.806343,1.57474
3.01,3.11877,0.822783,1.29585,0.645672,0.77393,0.730757,0.823697,1.21637,0.800242,0.80398,1.57855
3.0102,3.13084,0.823131,1.29853,0.642556,0.776076,0.728884,0.823424,1.21974,0.797982,0.801986,1.58124
3.0104,3.1421,0.822751,1.30076,0.639037,0.77569,0.72762,0.822203,1.22556,0.79392,0.800789,1.58326
3.0106,3.15258,0.823351,1.30277,0.635452,0.77306,0.727009,0.820385,1.232,0.789579,0.799363,1.58477
3.0108,3.16167,0.824241,1.30456,0.631951,0.769935,0.726114,0.81827,1.23631,0.786968,0.797433,1.58538
3.011,3.16851,0.823289,1.30562,0.629663,0.768055,0.724173,0.815843,1.23788,0.786772,0.794228,1.58447
3.0112,3.1726,0.82018,1.30505,0.627907,0.767714,0.720995,0.813767,1.23697,0.788049,0.789985,1.58154
3.0114,3.17373,0.816458,1.30244,0.625018,0.767908,0.716847,0.811479,1.23402,0.788308,0.785367,1.5764
3.0116,3.1722,0.814343,1.29805,0.619967,0.767024,0.712889,0.807902,1.23093,0.78563,0.780391,1.5692
3.0118,3.16865,0.8131,1.29211,0.613353,0.76406,0.709209,0.803787,1.22959,0.7812,0.774879,1.56042
3.012,3.16365,0.810764,1.28507,0.606732,0.759841,0.705672,0.799993,1.22899,0.777381,0.770207,1.55055
3.0122,3.15765,0.806968,1.27738,0.601517,0.755745,0.702655,0.796438,1.2272,0.774226,0.767147,1.53999
3.0124,3.15077,0.801729,1.26929,0.598035,0.752048,0.699462,0.792536,1.22255,0.770377,0.764443,1.52891
3.0126,3.14284,0.795832,1.26073,0.59545,0.74842,0.694902,0.788183,1.21491,0.765612,0.760713,1.51722
3.0128,3.13343,0.791271,1.25139,0.592538,0.74461,0.68908,0.782912,1.20678,0.761324,0.75486,1.50464
3.013,3.12218,0.78849,1.2409,0.58867,0.740193,0.682766,0.776548,1.19898,0.757662,0.747044,1.49084
3.0132,3.10912,0.786154,1.22912,0.584129,0.735415,0.676471,0.769714,1.19175,0.754366,0.739003,1.47578
3.0134,3.09477,0.782469,1.21629,0.579681,0.731398,0.670691,0.76375,1.18527,0.751355,0.732559,1.45977
3.0136,3.07993,0.776796,1.20299,0.576129,0.728376,0.6659,0.758989,1.17847,0.747531,0.728365,1.44343
3.0138,3.06514,0.770203,1.18979,0.573522,0.724901,0.661814,0.754404,1.16988,0.74199,0.725378,1.42726
3.014,3.05053,0.764156,1.17708,0.571015,0.720232,0.65715,0.749147,1.16075,0.735743,0.721872,1.41144
3.0142,3.03586,0.759035,1.16494,0.568261,0.714166,0.651323,0.743012,1.15186,0.73002,0.717019,1.39584
3.0144,3.02072,0.754075,1.15311,0.565486,0.707734,0.644601,0.735961,1.14295,0.725109,0.711239,1.38017
3.0146,3.00432,0.748375,1.14084,0.56285,0.701771,0.638006,0.729067,1.13238,0.721612,0.705439,1.36388
3.0148,2.98605,0.741784,1.1274,0.560404,0.696709,0.633044,0.723063,1.11811,0.719387,0.699773,1.3464
3.015,2.96584,0.7352,1.11286,0.558216,0.693305,0.629404,0.717705,1.10086,0.717039,0.694433,1.32756
3.0152,2.94443,0.72933,1.09785,0.556209,0.690636,0.625733,0.712629,1.08363,0.713845,0.689716,1.30781
3.0154,2.92308,0.723754,1.08307,0.554352,0.687295,0.62108,0.707606,1.06949,0.710009,0.685425,1.28809
3.0156,2.90265,0.718114,1.0688,0.552703,0.683032,0.615889,0.702833,1.05764,0.705948,0.681649,1.2692
3.0158,2.88325,0.712125,1.05497,0.551465,0.678739,0.611148,0.698529,1.04556,0.702298,0.678828,1.25134
3.016,2.86462,0.706104,1.0415,0.550763,0.675321,0.607559,0.6947,1.0321,0.699629,0.676722,1.23435
3.0162,2.84655,0.700887,1.02854,0.550467,0.673139,0.605434,0.691278,1.0183,0.698128,0.674674,1.21801
3.0164,2.82913,0.696556,1.01642,0.550198,0.671947,0.604475,0.687947,1.00599,0.697116,0.672554,1.20232
3.0166,2.81281,0.692971,1.00567,0.549626,0.670666,0.603708,0.684666,0.995257,0.695702,0.670717,1.18756
3.0168,2.7982,0.689479,0.996727,0.548649,0.668917,0.602295,0.681852,0.985811,0.693939,0.669073,1.17418
3.017,2.78575,0.685518,0.989689,0.547721,0.667501,0.600628,0.679619,0.977337,0.691609,0.667833,1.16257
3.0172,2.7755,0.681564,0.984145,0.547732,0.666689,0.599394,0.678512,0.96904,0.689315,0.667609,1.15285
3.0174,2.76702,0.678107,0.979275,0.548429,0.666264,0.598789,0.678158,0.960264,0.687895,0.668118,1.14473
3.0176,2.75945,0.675716,0.974193,0.548999,0.66596,0.598937,0.677646,0.951859,0.687345,0.668367,1.13761
3.0178,2.75192,0.674559,0.968572,0.549101,0.665603,0.599471,0.676537,0.945437,0.687381,0.667465,1.13075
3.018,2.74406,0.674388,0.962924,0.549108,0.665101,0.600416,0.675624,0.940215,0.688127,0.66572,1.12372
3.0182,2.73614,0.674637,0.95797,0.549263,0.665241,0.601452,0.675179,0.935215,0.688997,0.664146,1.11667
3.0184,2.72877,0.674616,0.95416,0.54991,0.66719,0.602683,0.675809,0.929376,0.68947,0.663643,1.10994
3.0186,2.72266,0.674337,0.951922,0.550992,0.670248,0.604283,0.677378,0.922543,0.689642,0.665067,1.10421
3.0188,2.71769,0.674372,0.950831,0.551905,0.672832,0.606487,0.679355,0.916138,0.690699,0.667807,1.09947
3.019,2.71365,0.675306,0.950393,0.552476,0.674594,0.609139,0.681655,0.912872,0.692518,0.670408,1.09556
3.0192,2.71032,0.677406,0.949873,0.552638,0.675992,0.611828,0.68385,0.9126,0.694955,0.671428,1.09228
3.0194,2.70763,0.680497,0.949075,0.553007,0.677378,0.614349,0.685175,0.912851,0.697136,0.671222,1.08957
3.0196,2.70548,0.684115,0.948275,0.553976,0.678705,0.616687,0.686091,0.91174,0.699084,0.671049,1.0873
3.0198,2.70402,0.687831,0.948408,0.555968,0.68043,0.619239,0.687946,0.909473,0.700525,0.672344,1.08558
3.02,2.70322,0.691251,0.949754,0.558724,0.683549,0.622047,0.690605,0.907995,0.701691,0.675125,1.0844
3.0202,2.70315,0.694228,0.951948,0.561385,0.687889,0.625121,0.694004,0.908835,0.703519,0.678272,1.0838
3.0204,2.70379,0.69752,0.954612,0.563218,0.692247,0.6281,0.698173,0.911617,0.706144,0.680773,1.08377
3.0206,2.70512,0.701741,0.957221,0.564309,0.695889,0.630625,0.702189,0.915025,0.708944,0.682199,1.0843
3.0208,2.70696,0.706782,0.959725,0.565574,0.698473,0.632726,0.705268,0.917115,0.711737,0.682944,1.08526
3.021,2.70911,0.711629,0.96248,0.567385,0.700177,0.634617,0.707567,0.91704,0.714474,0.683938,1.0865
3.0212,2.71143,0.716095,0.965795,0.569555,0.701726,0.637106,0.709997,0.915371,0.717306,0.685929,1.08789
3.0214,2.71401,0.720981,0.969868,0.571979,0.70399,0.640405,0.713326,0.914062,0.719967,0.689064,1.08943
3.0216,2.71705,0.72668,0.975016,0.574772,0.707382,0.643901,0.71781,0.915106,0.72292,0.692971,1.09127
3.0218,2.72095,0.732949,0.98103,0.577147,0.711694,0.646839,0.723044,0.917874,0.726687,0.697055,1.09368
3.022,2.72611,0.739293,0.987418,0.578782,0.716714,0.649805,0.728088,0.920602,0.731603,0.700826,1.097
3.0222,2.73286,0.745278,0.993804,0.579801,0.721583,0.65324,0.732643,0.922318,0.736348,0.704312,1.10147
3.0224,2.74121,0.750552,1.00012,0.580745,0.725961,0.656183,0.736059,0.922136,0.739552,0.707514,1.10718
3.0226,2.75082,0.75505,1.00643,0.58184,0.729419,0.657866,0.738477,0.920709,0.741185,0.711176,1.11393
3.0228,2.76099,0.759298,1.01233,0.583086,0.732047,0.65855,0.740919,0.918747,0.742191,0.715298,1.12122
3.023,2.77057,0.763829,1.018,0.584926,0.734503,0.659153,0.744016,0.918008,0.744232,0.719704,1.12822
3.0232,2.77882,0.768274,1.02386,0.58687,0.737327,0.660171,0.747697,0.919101,0.747092,0.723835,1.13415
3.0234,2.78609,0.772237,1.02976,0.588256,0.74049,0.662122,0.751477,0.921899,0.749693,0.726561,1.13922
3.0236,2.79283,0.775856,1.03583,0.588693,0.743259,0.664744,0.75473,0.923979,0.752203,0.728333,1.1437
3.0238,2.79958,0.779665,1.04228,0.588604,0.744861,0.667251,0.757171,0.922881,0.755114,0.730426,1.14806
3.024,2.80671,0.783387,1.0486,0.588795,0.746255,0.669049,0.759558,0.91967,0.757822,0.732948,1.15263
3.0242,2.8142,0.787149,1.05414,0.590235,0.749105,0.669974,0.76252,0.916911,0.760054,0.736012,1.15748
3.0244,2.82175,0.790842,1.05876,0.59244,0.753603,0.670307,0.76581,0.916101,0.762129,0.738935,1.1624
3.0246,2.82908,0.793912,1.06231,0.59395,0.758088,0.671124,0.768416,0.916508,0.763726,0.740217,1.16717
3.0248,2.83591,0.796952,1.06579,0.594393,0.760787,0.673224,0.770328,0.916749,0.764988,0.740739,1.17154
3.025,2.84212,0.800656,1.07006,0.593691,0.761549,0.675933,0.772052,0.916438,0.766019,0.741665,1.17544
3.0252,2.84741,0.804669,1.07539,0.592057,0.761117,0.677964,0.773599,0.916355,0.766141,0.743347,1.17864
3.0254,2.85219,0.807292,1.08045,0.590822,0.760778,0.678994,0.774704,0.917536,0.766344,0.745158,1.18126
3.0256,2.85697,0.80727,1.08415,0.59097,0.762016,0.679764,0.775293,0.920309,0.767272,0.746502,1.18382
3.0258,2.86186,0.805545,1.08652,0.591856,0.764586,0.680099,0.775915,0.923861,0.767862,0.747147,1.18642
3.026,2.86654,0.80389,1.08777,0.592657,0.766779,0.680013,0.776309,0.926482,0.768263,0.747353,1.18897
3.0262,2.87083,0.803591,1.08861,0.592828,0.767548,0.680069,0.776392,0.927708,0.767996,0.748164,1.1912
3.0264,2.87478,0.804633,1.08979,0.592283,0.766799,0.680531,0.776571,0.92894,0.767025,0.749395,1.19313
3.0266,2.87834,0.805743,1.09159,0.591478,0.765,0.680966,0.776963,0.930129,0.766089,0.750095,1.19481
3.0268,2.88051,0.805798,1.09387,0.590561,0.763309,0.680967,0.777431,0.929865,0.766139,0.750124,1.19562
3.027,2.88079,0.804374,1.09594,0.589589,0.762822,0.680842,0.777343,0.928057,0.766954,0.749683,1.19497
3.0272,2.87959,0.80208,1.09705,0.588743,0.763741,0.681208,0.776601,0.925922,0.767795,0.748462,1.19308
3.0274,2.87725,0.800408,1.09662,0.588143,0.765406,0.68142,0.775017,0.924853,0.767111,0.747106,1.19025
3.0276,2.87456,0.800029,1.09426,0.587905,0.766766,0.680619,0.772875,0.92558,0.764333,0.746695,1.187
3.0278,2.87247,0.800767,1.09061,0.58794,0.767325,0.67908,0.771507,0.927172,0.760248,0.746966,1.18413
3.028,2.87056,0.801903,1.08638,0.587512,0.767017,0.67687,0.770472,0.927846,0.756379,0.747582,1.18161
3.0282,2.86805,0.802466,1.08205,0.586306,0.76609,0.674557,0.768585,0.927212,0.753729,0.747423,1.17878
3.0284,2.86486,0.801498,1.07803,0.584843,0.765219,0.673217,0.766178,0.926974,0.752439,0.745569,1.17541
3.0286,2.86097,0.799156,1.07408,0.583637,0.764743,0.673104,0.763421,0.928507,0.751897,0.743589,1.1716
3.0288,2.85568,0.796457,1.06963,0.582953,0.764365,0.673164,0.760698,0.931196,0.751459,0.741947,1.16685
3.029,2.84933,0.794127,1.06449,0.582822,0.763478,0.672489,0.758824,0.933456,0.750488,0.740966,1.16121
3.0292,2.84244,0.792337,1.05858,0.582788,0.7625,0.670638,0.757221,0.934006,0.748038,0.741038,1.15511
3.0294,2.83554,0.791038,1.0519,0.58236,0.761478,0.667862,0.754911,0.932617,0.744132,0.74108,1.14897
3.0296,2.8289,0.789459,1.04445,0.581648,0.759744,0.665091,0.751737,0.929679,0.739884,0.740188,1.14308
3.0298,2.82231,0.786839,1.03635,0.580843,0.757304,0.663369,0.748215,0.925274,0.736715,0.738305,1.13736
3.03,2.81545,0.783801,1.02796,0.579942,0.754345,0.662929,0.745014,0.92139,0.735214,0.735934,1.13154
3.0302,2.80818,0.781276,1.0198,0.57896,0.751926,0.662729,0.74211,0.91905,0.734881,0.733905,1.12549
3.0304,2.80028,0.778491,1.01231,0.578112,0.750629,0.662069,0.739315,0.917049,0.734761,0.73295,1.11906
3.0306,2.79159,0.775172,1.00561,0.577699,0.74949,0.660967,0.73653,0.913973,0.734159,0.732992,1.11208
3.0308,2.78225,0.771667,0.999492,0.577388,0.747567,0.659123,0.733577,0.909043,0.732739,0.732751,1.10464
3.031,2.77216,0.768106,0.993789,0.577325,0.744688,0.65666,0.730739,0.902287,0.730751,0.731355,1.09673
3.0312,2.7613,0.764975,0.988268,0.577892,0.740888,0.654248,0.728023,0.894812,0.729059,0.72911,1.08826
3.0314,2.75,0.761642,0.982574,0.578473,0.737087,0.652317,0.725079,0.888387,0.727847,0.726382,1.07947
3.0316,2.73839,0.758124,0.976381,0.578654,0.734007,0.651064,0.721956,0.883015,0.726617,0.723983,1.07051
3.0318,2.72668,0.755412,0.969346,0.578092,0.732107,0.650743,0.718706,0.87746,0.725523,0.722597,1.0615
3.032,2.7153,0.753268,0.961461,0.577449,0.730872,0.65116,0.715361,0.870645,0.72483,0.721822,1.05274
3.0322,2.70448,0.750925,0.953172,0.577202,0.729292,0.651307,0.712616,0.863057,0.724658,0.721254,1.0445
3.0324,2.6941,0.747951,0.945159,0.577596,0.726981,0.650592,0.711298,0.855557,0.724732,0.720263,1.03671
3.0326,2.68397,0.744597,0.937989,0.578522,0.724398,0.649034,0.710744,0.848514,0.724455,0.719078,1.02922
3.0328,2.67407,0.741819,0.931811,0.579558,0.722307,0.647023,0.709686,0.841949,0.723899,0.718515,1.02197
3.033,2.66467,0.740006,0.926411,0.580237,0.721282,0.645488,0.707514,0.835696,0.723167,0.718392,1.01511
3.0332,2.65617,0.738913,0.921536,0.580591,0.72143,0.645326,0.704586,0.829796,0.723281,0.718257,1.00893
3.0334,2.64884,0.738138,0.917223,0.580699,0.722238,0.645865,0.701652,0.824635,0.724382,0.717745,1.00369
3.0336,2.6427,0.737481,0.91373,0.580668,0.722651,0.646487,0.699376,0.820641,0.725658,0.716504,0.99944
3.0338,2.63752,0.736577,0.911184,0.580648,0.722368,0.64732,0.698731,0.818102,0.726367,0.715752,0.996037
3.034,2.63287,0.735217,0.909262,0.58087,0.722111,0.647579,0.699276,0.816886,0.726291,0.716218,0.993172
3.0342,2.6282,0.733906,0.907297,0.58124,0.722253,0.647114,0.699815,0.815823,0.72577,0.717039,0.990421
3.0344,2.62307,0.733146,0.904768,0.581985,0.722659,0.646787,0.700115,0.813494,0.725418,0.717517,0.987391
3.0346,2.61723,0.733188,0.901593,0.58274,0.723491,0.647063,0.699714,0.810284,0.72542,0.717674,0.983856
3.0348,2.61088,0.733895,0.898218,0.583677,0.724475,0.647898,0.698513,0.807411,0.725715,0.717961,0.979882
3.035,2.60448,0.735283,0.895308,0.584497,0.725075,0.649016,0.697557,0.805266,0.725995,0.718877,0.975792
3.0352,2.59827,0.736888,0.893109,0.584941,0.725302,0.650464,0.698076,0.803913,0.726081,0.720308,0.971875
3.0354,2.59244,0.738164,0.891533,0.585121,0.725793,0.65218,0.700212,0.803234,0.726495,0.721983,0.96824
3.0356,2.58704,0.739758,0.890285,0.585652,0.727066,0.654496,0.702748,0.802443,0.727449,0.72372,0.964976
3.0358,2.58207,0.742367,0.889402,0.586498,0.729206,0.656873,0.704538,0.801543,0.72904,0.725347,0.962045
3.036,2.57758,0.745448,0.888536,0.587536,0.731986,0.658945,0.705323,0.801514,0.72991,0.726775,0.959532
3.0362,2.57326,0.747086,0.887908,0.588241,0.734913,0.661263,0.705594,0.802942,0.729685,0.728376,0.95724
3.0364,2.56883,0.747888,0.887444,0.588393,0.737169,0.663524,0.706066,0.805592,0.729048,0.730337,0.954907
3.0366,2.56426,0.749602,0.887147,0.588193,0.739057,0.665729,0.707418,0.80887,0.728561,0.732357,0.952481
3.0368,2.55956,0.75259,0.886762,0.588303,0.741021,0.667946,0.709688,0.812017,0.729105,0.734275,0.949944
3.037,2.555,0.756023,0.886174,0.588984,0.743515,0.670122,0.712416,0.814522,0.730608,0.73606,0.947466
3.0372,2.55083,0.759242,0.885544,0.590276,0.745979,0.672659,0.715049,0.816665,0.73218,0.737789,0.94527
3.0374,2.54715,0.76204,0.885021,0.591921,0.747907,0.675497,0.717693,0.819108,0.733109,0.739879,0.943463
3.0376,2.54393,0.76449,0.884708,0.593452,0.74917,0.678414,0.720453,0.821846,0.73319,0.742355,0.942035
3.0378,2.54106,0.767031,0.884698,0.59462,0.7499,0.681047,0.72299,0.824342,0.732951,0.744972,0.940902
3.038,2.53854,0.769964,0.885101,0.595779,0.751229,0.683851,0.725056,0.825795,0.733276,0.747428,0.940032
3.0382,2.53645,0.773277,0.886016,0.597202,0.753779,0.687203,0.726902,0.826515,0.734665,0.749627,0.939469
3.0384,2.53503,0.776806,0.887572,0.598986,0.756696,0.690987,0.728679,0.827528,0.736971,0.751816,0.939381
3.0386,2.53458,0.780391,0.889849,0.601004,0.758968,0.694602,0.731046,0.828868,0.739716,0.754489,0.939974
3.0388,2.53534,0.784056,0.892843,0.602624,0.760245,0.697717,0.733376,0.831054,0.742748,0.757458,0.941463
3.039,2.53745,0.787861,0.896298,0.603791,0.760764,0.700356,0.735423,0.835496,0.745501,0.760035,0.943961
3.0392,2.54086,0.791405,0.89988,0.604916,0.76124,0.702674,0.737574,0.839715,0.747453,0.762335,0.94747
3.0394,2.54532,0.794868,0.903694,0.606092,0.761889,0.70482,0.739736,0.840115,0.74895,0.764422,0.951821
3.0396,2.55035,0.798688,0.907737,0.60716,0.762845,0.706821,0.741818,0.837253,0.750778,0.765944,0.956681
3.0398,2.55509,0.802301,0.911698,0.60805,0.764044,0.708678,0.74447,0.83379,0.75305,0.767171,0.961436
3.04,2.55891,0.805441,0.915688,0.608647,0.765173,0.710245,0.747468,0.83389,0.755669,0.768508,0.965496
3.0402,2.56183,0.808087,0.919939,0.609001,0.765845,0.71249,0.750047,0.837335,0.75879,0.769973,0.968749
3.0404,2.56444,0.81076,0.924442,0.60951,0.765779,0.715577,0.751528,0.840245,0.761534,0.771648,0.971573
3.0406,2.56755,0.813714,0.929278,0.610584,0.765431,0.717935,0.752038,0.840552,0.763433,0.773078,0.9746
3.0408,2.57166,0.816855,0.934573,0.612132,0.765584,0.718652,0.752553,0.839109,0.764405,0.773634,0.978317
3.041,2.57673,0.819705,0.939783,0.613843,0.766552,0.71794,0.754087,0.837959,0.765454,0.773457,0.982792
3.0412,2.58224,0.822357,0.944297,0.615462,0.769093,0.717083,0.75689,0.839102,0.767144,0.774106,0.987676
3.0414,2.58761,0.824935,0.947925,0.616724,0.772604,0.716795,0.75982,0.842168,0.768668,0.776718,0.992503
3.0416,2.59262,0.827304,0.950761,0.617463,0.775141,0.717512,0.761769,0.845169,0.77019,0.779872,0.996996
3.0418,2.59756,0.829573,0.952971,0.617929,0.776147,0.718852,0.762539,0.846646,0.772475,0.78129,1.00129
3.042,2.60286,0.831381,0.955172,0.618457,0.776474,0.720128,0.762709,0.847759,0.7746,0.78095,1.00577
3.0422,2.60863,0.832496,0.957859,0.619047,0.776684,0.71992,0.763519,0.849153,0.775414,0.7801,1.01057
3.0424,2.61459,0.832953,0.961257,0.61946,0.777057,0.717877,0.765442,0.851575,0.776236,0.780262,1.01553
3.0426,2.62034,0.832748,0.965073,0.620032,0.777743,0.715644,0.767481,0.853455,0.777757,0.782125,1.02037
3.0428,2.62532,0.832828,0.969229,0.620667,0.778424,0.714648,0.768377,0.85432,0.778944,0.784579,1.02467
3.043,2.62913,0.833752,0.973456,0.620872,0.778974,0.715199,0.768018,0.855616,0.779198,0.785864,1.02805
3.0432,2.63166,0.835001,0.976692,0.620457,0.779263,0.716361,0.767646,0.857228,0.778787,0.785407,1.03042
3.0434,2.63289,0.835718,0.978146,0.619634,0.779431,0.716749,0.768229,0.858428,0.778206,0.78415,1.03174
3.0436,2.63304,0.836334,0.978158,0.618913,0.77978,0.715824,0.769496,0.85914,0.778213,0.783243,1.03211
3.0438,2.63257,0.836775,0.977918,0.618607,0.780365,0.714469,0.770974,0.85937,0.77938,0.783692,1.03195
3.044,2.6315,0.836701,0.97797,0.619008,0.781181,0.714166,0.771599,0.859588,0.781347,0.784539,1.0313
3.0442,2.62998,0.836371,0.978264,0.619853,0.782384,0.714975,0.771365,0.860513,0.783376,0.784456,1.03027
3.0444,2.6284,0.83617,0.978605,0.621135,0.783916,0.716653,0.770997,0.862236,0.785219,0.783871,1.02913
3.0446,2.62662,0.83623,0.978977,0.622257,0.784896,0.717928,0.770871,0.864555,0.786748,0.783149,1.02792
3.0448,2.62421,0.836985,0.979681,0.622481,0.785577,0.717709,0.77097,0.867645,0.787623,0.783115,1.02631
3.045,2.6209,0.837418,0.980102,0.622255,0.78632,0.716207,0.770376,0.871509,0.788208,0.783661,1.02403
3.0452,2.61661,0.836834,0.979675,0.621916,0.78697,0.714522,0.769334,0.875426,0.789079,0.784338,1.02102
3.0454,2.6116,0.836404,0.978782,0.621178,0.787364,0.713338,0.767732,0.878471,0.79014,0.784933,1.01738
3.0456,2.60634,0.83698,0.977611,0.620248,0.787556,0.712998,0.766251,0.880293,0.790906,0.785421,1.01351
3.0458,2.60095,0.838468,0.976045,0.619855,0.787687,0.713392,0.765882,0.881017,0.791164,0.786227,1.00958
3.046,2.59531,0.838844,0.973858,0.62043,0.788171,0.713566,0.766303,0.881277,0.790688,0.787265,1.00551
3.0462,2.58929,0.837004,0.971052,0.621822,0.788672,0.71278,0.766687,0.881431,0.789676,0.787716,1.0012
3.0464,2.58301,0.834463,0.967954,0.623536,0.788885,0.711561,0.766364,0.881254,0.788791,0.786825,0.996673
3.0466,2.57686,0.83297,0.965118,0.625093,0.78854,0.710115,0.765226,0.8809,0.78839,0.784919,0.992205
3.0468,2.57129,0.833002,0.962986,0.626267,0.787905,0.708562,0.763554,0.880533,0.788968,0.78382,0.98815
3.047,2.56663,0.833612,0.961682,0.626896,0.786876,0.706741,0.762214,0.880012,0.789708,0.784418,0.984794
3.0472,2.56289,0.833565,0.960948,0.627079,0.785598,0.70502,0.761584,0.87904,0.789863,0.78665,0.9822
3.0474,2.55994,0.832333,0.96019,0.62737,0.78461,0.703694,0.761047,0.877455,0.788423,0.78931,0.980284
3.0476,2.55765,0.830679,0.958536,0.628063,0.784037,0.703173,0.760658,0.875157,0.786133,0.79093,0.978916
3.0478,2.55561,0.829169,0.955834,0.629018,0.783511,0.703491,0.759557,0.87247,0.783983,0.79069,0.977877
3.048,2.553,0.82812,0.952376,0.629971,0.782914,0.703611,0.757583,0.870232,0.783536,0.789223,0.976556
3.0482,2.54934,0.826738,0.948392,0.630679,0.782137,0.702979,0.75542,0.868396,0.784602,0.787353,0.974476
3.0484,2.54467,0.825088,0.944188,0.631055,0.781469,0.701518,0.754399,0.866063,0.785352,0.786793,0.971563
3.0486,2.53956,0.824326,0.940083,0.631314,0.780775,0.699604,0.754491,0.862785,0.784278,0.788243,0.968193
3.0488,2.53477,0.82504,0.936433,0.631823,0.779875,0.697921,0.754556,0.859885,0.781738,0.790129,0.964956
3.049,2.53083,0.825826,0.933227,0.632791,0.778753,0.697276,0.753754,0.858025,0.779291,0.79099,0.962346
3.0492,2.52779,0.825735,0.930387,0.634208,0.777753,0.697926,0.752211,0.857185,0.778301,0.791001,0.960482
3.0494,2.52527,0.82452,0.927494,0.635865,0.777215,0.699415,0.750337,0.856261,0.779048,0.791123,0.959127
3.0496,2.52281,0.82308,0.924303,0.637491,0.777297,0.701007,0.748774,0.85391,0.780664,0.791581,0.957904
3.0498,2.52029,0.8218,0.921081,0.638801,0.778022,0.70213,0.747731,0.850544,0.78214,0.791424,0.956629
3.05,2.51812,0.820772,0.918445,0.639669,0.779228,0.702241,0.747086,0.847993,0.783193,0.790751,0.95552
3.0502,2.5169,0.820078,0.917228,0.640278,0.780362,0.701868,0.746432,0.847836,0.783839,0.790159,0.955051
3.0504,2.5168,0.820032,0.917324,0.640913,0.780743,0.702237,0.745221,0.850057,0.783868,0.790155,0.955475
3.0506,2.5174,0.820357,0.917977,0.641739,0.780788,0.703594,0.744268,0.852966,0.783884,0.79072,0.956549
3.0508,2.51793,0.820986,0.91886,0.642477,0.781288,0.705062,0.744116,0.853924,0.784652,0.791454,0.957717
3.051,2.51776,0.821312,0.919211,0.643304,0.782138,0.705874,0.74429,0.852376,0.785897,0.791724,0.958413
3.0512,2.51652,0.821001,0.918567,0.643903,0.782692,0.705887,0.744746,0.849957,0.786878,0.791125,0.958309
3.0514,2.51422,0.820367,0.917177,0.644686,0.78271,0.705689,0.745264,0.848133,0.78712,0.7901,0.957332
3.0516,2.51098,0.819931,0.915547,0.645582,0.782501,0.706075,0.745179,0.848382,0.787013,0.789459,0.955598
3.0518,2.50767,0.819993,0.91417,0.646497,0.782531,0.707476,0.744546,0.850795,0.787261,0.78976,0.953584
3.052,2.50488,0.820833,0.913269,0.647274,0.783252,0.709738,0.743933,0.853795,0.788262,0.791063,0.951963
3.0522,2.50252,0.822469,0.91329,0.648013,0.784755,0.712361,0.744247,0.855031,0.789985,0.792912,0.950725
3.0524,2.50054,0.824613,0.914151,0.648314,0.786749,0.714841,0.745421,0.854339,0.792105,0.794545,0.949785
3.0526,2.49848,0.826485,0.915469,0.648234,0.78883,0.716942,0.746764,0.853491,0.794323,0.795172,0.948906
3.0528,2.49649,0.827802,0.916357,0.648147,0.790767,0.718697,0.747842,0.854466,0.796512,0.795433,0.947978
3.053,2.49475,0.828048,0.916289,0.648291,0.792304,0.720331,0.74828,0.857959,0.79845,0.795718,0.947258
3.0532,2.49347,0.828327,0.915611,0.648694,0.793304,0.722088,0.748357,0.862791,0.799974,0.796182,0.946837
3.0534,2.49251,0.829533,0.914795,0.649457,0.794219,0.72393,0.748765,0.867145,0.801183,0.79681,0.946741
3.0536,2.49144,0.831549,0.914442,0.65041,0.795595,0.725713,0.749641,0.869877,0.802224,0.797497,0.94664
3.0538,2.48991,0.834191,0.914922,0.651136,0.797127,0.727152,0.750829,0.871278,0.803229,0.79816,0.946213
3.054,2.48792,0.836857,0.91602,0.651516,0.798501,0.728294,0.752639,0.872044,0.804076,0.798949,0.945399
3.0542,2.48594,0.83871,0.917559,0.651818,0.799225,0.729226,0.754892,0.872761,0.804809,0.800118,0.944473
3.0544,2.48449,0.840147,0.919267,0.652389,0.799424,0.730049,0.757293,0.874095,0.805361,0.801482,0.943878
3.0546,2.48387,0.842148,0.920944,0.653504,0.799956,0.730955,0.759466,0.875827,0.806075,0.80306,0.943897
3.0548,2.48397,0.844935,0.922572,0.655861,0.801144,0.732063,0.760905,0.877666,0.807021,0.804168,0.944523
3.055,2.48467,0.848181,0.924379,0.658692,0.80269,0.733082,0.76157,0.879071,0.808166,0.805211,0.945612
3.0552,2.48587,0.851337,0.926536,0.660698,0.80438,0.733835,0.7623,0.879984,0.809369,0.806366,0.94709
3.0554,2.48815,0.853951,0.929245,0.661958,0.805591,0.734265,0.764195,0.880611,0.810177,0.806984,0.949211
3.0556,2.49192,0.855776,0.932248,0.663072,0.806417,0.734365,0.766954,0.880418,0.809756,0.807789,0.952491
3.0558,2.49659,0.857223,0.935228,0.664288,0.806537,0.73514,0.769539,0.879496,0.808642,0.808641,0.956584
3.056,2.50142,0.858951,0.937616,0.666,0.805616,0.736595,0.771335,0.878339,0.808013,0.808819,0.960892
3.0562,2.50562,0.861109,0.939326,0.667852,0.804541,0.737772,0.772211,0.877121,0.808459,0.808007,0.964826
3.0564,2.50849,0.864112,0.940849,0.669356,0.804129,0.737732,0.773007,0.876589,0.809847,0.806856,0.96778
3.0566,2.51,0.867059,0.942574,0.670237,0.804892,0.736936,0.774805,0.876736,0.811138,0.806397,0.969575
3.0568,2.5109,0.868933,0.94466,0.670888,0.806454,0.736453,0.777481,0.876078,0.811107,0.807462,0.970685
3.057,2.51231,0.869977,0.947156,0.671828,0.809228,0.736967,0.779914,0.874311,0.810316,0.809627,0.971956
3.0572,2.51499,0.870777,0.950168,0.672902,0.811941,0.738712,0.781673,0.871643,0.810097,0.81179,0.974118
3.0574,2.51894,0.872052,0.953264,0.674215,0.813017,0.740931,0.782966,0.868929,0.811152,0.81348,0.977299
3.0576,2.52349,0.873972,0.95613,0.675477,0.81239,0.742839,0.783889,0.86743,0.813179,0.814318,0.981084
3.0578,2.52787,0.876175,0.958852,0.676268,0.811422,0.74395,0.784905,0.867322,0.815586,0.814512,0.984817
3.058,2.53176,0.877864,0.961778,0.676568,0.811811,0.743842,0.785889,0.867534,0.817702,0.815106,0.988155
3.0582,2.53547,0.879192,0.964656,0.676351,0.813985,0.743745,0.787041,0.867091,0.818976,0.81597,0.991204
3.0584,2.53963,0.880309,0.966924,0.676141,0.816673,0.744561,0.787659,0.86628,0.819399,0.816653,0.994465
3.0586,2.54457,0.8817,0.968656,0.676575,0.818041,0.745898,0.787613,0.866414,0.819452,0.817613,0.998274
3.0588,2.55013,0.882547,0.969952,0.67785,0.817434,0.746939,0.787121,0.86876,0.819811,0.819058,1.00259
3.059,2.55583,0.882396,0.970709,0.679392,0.8165,0.746947,0.78677,0.872891,0.820578,0.820401,1.00708
3.0592,2.56106,0.882215,0.971808,0.680447,0.816915,0.746508,0.787488,0.876076,0.821806,0.820683,1.01128
3.0594,2.56525,0.882501,0.973532,0.681206,0.818871,0.746652,0.788888,0.876733,0.823168,0.819638,1.01473
3.0596,2.5681,0.883113,0.975871,0.68128,0.821483,0.747382,0.789716,0.876007,0.823789,0.818348,1.01711
3.0598,2.56983,0.884465,0.978551,0.680929,0.823608,0.7483,0.78921,0.875451,0.823302,0.817561,1.01854
3.06,2.57072,0.886086,0.980862,0.680796,0.824148,0.749367,0.787674,0.875616,0.82226,0.817513,1.01923
3.0602,2.57103,0.886786,0.982342,0.680992,0.822721,0.749893,0.786181,0.876502,0.821635,0.817896,1.01946
3.0604,2.57083,0.885873,0.983113,0.681593,0.820189,0.750176,0.785787,0.877134,0.822091,0.81823,1.01918
3.0606,2.5708,0.883935,0.983417,0.682792,0.817812,0.750499,0.786676,0.876968,0.823606,0.818336,1.019
3.0608,2.57076,0.882345,0.983725,0.684476,0.816764,0.751169,0.787753,0.877195,0.825639,0.818408,1.0188
3.061,2.57082,0.882321,0.984216,0.685832,0.817204,0.751871,0.788048,0.879109,0.827515,0.818874,1.01875
3.0612,2.5705,0.88362,0.984822,0.686722,0.818161,0.752471,0.78724,0.882367,0.828811,0.819736,1.0184
3.0614,2.57001,0.884893,0.985256,0.686962,0.818403,0.75282,0.785686,0.886019,0.829399,0.820354,1.01795
3.0616,2.56898,0.885028,0.985337,0.686948,0.817298,0.752709,0.784072,0.889396,0.829562,0.820216,1.01715
3.0618,2.56695,0.88342,0.984672,0.686697,0.814798,0.752483,0.782752,0.891881,0.829598,0.819251,1.01568
3.062,2.56362,0.880973,0.983644,0.686366,0.81195,0.752531,0.781758,0.893338,0.829654,0.818358,1.01322
3.0622,2.55923,0.879199,0.983369,0.686401,0.809681,0.753825,0.780989,0.894907,0.829844,0.817808,1.00987
3.0624,2.55449,0.878107,0.983679,0.687674,0.808743,0.755848,0.780275,0.897092,0.830554,0.818123,1.00612
3.0626,2.55021,0.877655,0.98419,0.690158,0.80881,0.756446,0.779223,0.898545,0.831272,0.819297,1.00263
3.0628,2.54682,0.877882,0.984656,0.691937,0.808994,0.755053,0.778211,0.898659,0.831001,0.819702,0.999823
3.063,2.54424,0.87807,0.98443,0.692266,0.808714,0.752533,0.777532,0.897592,0.830101,0.818347,0.997725
3.0632,2.54205,0.877155,0.983216,0.691324,0.807906,0.750213,0.77687,0.896234,0.828807,0.815504,0.99604
3.0634,2.53999,0.875107,0.981734,0.689963,0.80691,0.749865,0.776516,0.895198,0.82745,0.812123,0.994501
3.0636,2.5382,0.872962,0.980634,0.689336,0.806151,0.751176,0.776476,0.895327,0.826784,0.809818,0.993125
3.0638,2.53706,0.871443,0.979702,0.690178,0.806257,0.752514,0.776473,0.895313,0.826545,0.809623,0.992196
3.064,2.53673,0.869669,0.978834,0.691959,0.807215,0.752646,0.775658,0.893871,0.826466,0.810253,0.991931
3.0642,2.53672,0.867403,0.978064,0.693649,0.808127,0.752017,0.77413,0.890902,0.82609,0.810451,0.992034
3.0644,2.53655,0.865388,0.977087,0.694188,0.808629,0.75119,0.772903,0.886936,0.825441,0.809266,0.992081
3.0646,2.53594,0.864106,0.975953,0.693533,0.808681,0.750676,0.772061,0.882859,0.824143,0.806592,0.991831
3.0648,2.53478,0.862834,0.974661,0.692412,0.808273,0.750717,0.770921,0.879735,0.82213,0.803419,0.991156
3.065,2.53307,0.86086,0.973004,0.691986,0.807564,0.751522,0.769298,0.87774,0.820236,0.800964,0.990046
3.0652,2.5311,0.85868,0.97115,0.692544,0.806814,0.752455,0.767505,0.876347,0.819383,0.799666,0.988662
3.0654,2.52926,0.856724,0.969642,0.693543,0.806228,0.752893,0.765976,0.87526,0.819795,0.799248,0.987323
3.0656,2.52789,0.854877,0.968922,0.694289,0.805882,0.752755,0.765777,0.873046,0.820998,0.798958,0.9863
3.0658,2.52711,0.852929,0.968771,0.694578,0.805887,0.752238,0.766453,0.869085,0.821642,0.798089,0.985749
3.066,2.52682,0.851078,0.968878,0.694523,0.806364,0.75142,0.766482,0.864323,0.821517,0.796719,0.985618
3.0662,2.52687,0.849617,0.968753,0.694628,0.80717,0.751179,0.765464,0.860431,0.821293,0.795457,0.985779
3.0664,2.52709,0.848723,0.968119,0.695071,0.808058,0.751567,0.763466,0.858545,0.821329,0.794942,0.986093
3.0666,2.52761,0.848346,0.966709,0.695337,0.808967,0.752286,0.76061,0.858481,0.822295,0.795438,0.986591
3.0668,2.52873,0.847954,0.9649,0.694984,0.809848,0.75268,0.758457,0.858961,0.823285,0.796217,0.987489
3.067,2.5307,0.846997,0.963018,0.694578,0.81033,0.752345,0.757752,0.858901,0.823036,0.796432,0.989015
3.0672,2.53335,0.84569,0.961633,0.694828,0.810346,0.752042,0.75782,0.858348,0.822534,0.796215,0.991121
3.0674,2.53622,0.844254,0.961582,0.69563,0.810223,0.751967,0.75785,0.857592,0.822453,0.795631,0.993482
3.0676,2.53856,0.843293,0.963026,0.696376,0.810517,0.751853,0.757324,0.856788,0.822596,0.794884,0.995556
3.0678,2.53976,0.842876,0.965219,0.696654,0.8111,0.751407,0.756158,0.856868,0.822643,0.794521,0.996814
3.068,2.53955,0.842401,0.967075,0.696326,0.811267,0.75053,0.754985,0.857973,0.822752,0.794683,0.996988
3.0682,2.53795,0.841595,0.967726,0.695705,0.810661,0.749783,0.754632,0.858725,0.822927,0.79508,0.996039
3.0684,2.53527,0.840734,0.96724,0.695386,0.809348,0.749102,0.755218,0.858027,0.823167,0.795355,0.994172
3.0686,2.53232,0.839957,0.965838,0.695856,0.807815,0.748489,0.756145,0.856033,0.823664,0.795438,0.991931
3.0688,2.52966,0.839539,0.963832,0.696998,0.807065,0.747983,0.756647,0.854045,0.824345,0.795629,0.989861
3.069,2.5276,0.839341,0.962318,0.698243,0.807321,0.747356,0.756729,0.853411,0.824814,0.796254,0.988239
3.0692,2.52616,0.839531,0.961694,0.699396,0.807948,0.74645,0.756632,0.854486,0.824514,0.797484,0.987134
3.0694,2.52497,0.839737,0.961626,0.700064,0.807612,0.745507,0.756507,0.856587,0.823915,0.799047,0.986342
3.0696,2.52345,0.840185,0.961878,0.700145,0.806088,0.744454,0.756887,0.858882,0.823545,0.800199,0.9854
3.0698,2.52122,0.841033,0.962231,0.70021,0.803983,0.743265,0.757245,0.860956,0.823879,0.800544,0.983966
3.07,2.51812,0.841196,0.96249,0.700317,0.802022,0.742098,0.757366,0.862962,0.824701,0.800497,0.98188
3.0702,2.51424,0.840748,0.962799,0.700746,0.800951,0.741227,0.757675,0.864897,0.825435,0.800574,0.979161
3.0704,2.50997,0.840317,0.963099,0.701359,0.800655,0.74053,0.75803,0.866405,0.82569,0.800887,0.976066
3.0706,2.50587,0.839764,0.963245,0.70204,0.80043,0.739803,0.758294,0.867693,0.825665,0.801412,0.973028
3.0708,2.50231,0.8397,0.963339,0.702874,0.799735,0.739012,0.758967,0.869401,0.825403,0.801818,0.970381
3.071,2.49938,0.84076,0.963522,0.703756,0.798415,0.738249,0.760124,0.871799,0.825598,0.801679,0.968269
3.0712,2.49695,0.842551,0.96383,0.704574,0.796882,0.737677,0.761483,0.87328,0.826742,0.801055,0.966591
3.0714,2.49482,0.84388,0.964303,0.705495,0.795803,0.737485,0.762676,0.873131,0.828558,0.800119,0.965203
3.0716,2.49297,0.843924,0.965017,0.706069,0.795643,0.737814,0.76345,0.871531,0.83013,0.799263,0.964021
3.0718,2.4916,0.842948,0.966137,0.706479,0.796349,0.738718,0.763979,0.871069,0.831358,0.799003,0.963176
3.072,2.49111,0.842154,0.967908,0.70691,0.797139,0.740015,0.76417,0.871467,0.832874,0.798986,0.962936
3.0722,2.49187,0.842765,0.970003,0.707226,0.7978,0.741148,0.764422,0.871804,0.834836,0.799443,0.963614
3.0724,2.49404,0.844937,0.971987,0.707315,0.798323,0.741671,0.764503,0.871204,0.836549,0.800063,0.965378
3.0726,2.49742,0.8473,0.973261,0.707335,0.798706,0.742032,0.764224,0.868966,0.837271,0.799834,0.968146
3.0728,2.50124,0.849408,0.973556,0.707246,0.799206,0.742478,0.764494,0.865183,0.837161,0.798373,0.971415
3.073,2.5046,0.85093,0.973569,0.70724,0.799703,0.742788,0.765462,0.861332,0.836973,0.796089,0.974429
3.0732,2.5071,0.851934,0.973887,0.70761,0.799924,0.743395,0.766568,0.858691,0.837246,0.793905,0.976784
3.0734,2.50886,0.852194,0.97454,0.708327,0.799852,0.744619,0.767292,0.857275,0.838191,0.792582,0.978465
3.0736,2.51049,0.852074,0.975105,0.709029,0.799619,0.746231,0.767424,0.856737,0.839714,0.792244,0.979886
3.0738,2.5127,0.852136,0.975387,0.709454,0.799418,0.747583,0.76707,0.855952,0.841241,0.792316,0.981626
3.074,2.51584,0.852477,0.975939,0.709643,0.799416,0.748441,0.76667,0.854294,0.84186,0.792219,0.984044
3.0742,2.51974,0.852959,0.977094,0.709901,0.799707,0.749088,0.7668,0.851821,0.841287,0.791771,0.987094
3.0744,2.52387,0.853509,0.979087,0.710597,0.800504,0.749938,0.767737,0.849314,0.839882,0.791143,0.990412
3.0746,2.52777,0.854074,0.981404,0.711832,0.802046,0.751207,0.768849,0.847667,0.838556,0.790574,0.993587
3.0748,2.53133,0.854629,0.983626,0.71323,0.803321,0.752691,0.769598,0.847252,0.838012,0.790801,0.996444
3.075,2.53492,0.855435,0.985568,0.714216,0.803393,0.753916,0.770166,0.847881,0.838143,0.792043,0.999208
3.0752,2.53886,0.856803,0.986843,0.714557,0.802713,0.754607,0.770335,0.849194,0.838322,0.793465,1.00219
3.0754,2.54316,0.858507,0.987325,0.714394,0.80183,0.755,0.769963,0.850875,0.838077,0.794582,1.00541
3.0756,2.5478,0.859861,0.987894,0.713955,0.801029,0.755362,0.769231,0.852512,0.836983,0.795367,1.00891
3.0758,2.55239,0.860702,0.989121,0.713535,0.800896,0.755772,0.76872,0.853302,0.835546,0.795779,1.01242
3.076,2.55633,0.861171,0.991041,0.713274,0.80195,0.756041,0.768595,0.853121,0.83511,0.796127,1.01552
3.0762,2.55906,0.861089,0.993065,0.713645,0.803477,0.75589,0.769138,0.852687,0.835591,0.796762,1.01774
3.0764,2.56025,0.860458,0.994391,0.714603,0.804228,0.755289,0.76997,0.85238,0.835826,0.797729,1.01875
3.0766,2.56014,0.859641,0.994578,0.715538,0.803771,0.75458,0.770681,0.852647,0.834926,0.798767,1.01869
3.0768,2.55895,0.858572,0.994152,0.715651,0.80331,0.754183,0.770857,0.853569,0.833037,0.799635,1.01772
3.077,2.55718,0.857735,0.993909,0.714473,0.803609,0.753997,0.770237,0.854408,0.830988,0.800526,1.0162
3.0772,2.55539,0.857451,0.994193,0.712906,0.804538,0.753908,0.770007,0.854787,0.829717,0.801749,1.01459
3.0774,2.55374,0.857391,0.994792,0.711729,0.805371,0.753355,0.770871,0.855034,0.829685,0.803179,1.01309
3.0776,2.55237,0.856952,0.995518,0.711796,0.805998,0.752482,0.77243,0.855892,0.830915,0.804032,1.0118
3.0778,2.55122,0.855441,0.996001,0.713131,0.806542,0.750997,0.772965,0.857984,0.832857,0.803766,1.01073
3.078,2.55014,0.853142,0.996329,0.715664,0.806672,0.749078,0.772183,0.861087,0.834203,0.802966,1.00977
3.0782,2.54875,0.850751,0.996779,0.717895,0.806823,0.747601,0.771372,0.864617,0.835207,0.802328,1.00864
3.0784,2.54676,0.848938,0.996951,0.718116,0.807205,0.747081,0.770814,0.867961,0.835888,0.802258,1.00712
3.0786,2.54393,0.847823,0.996738,0.715738,0.80803,0.747492,0.770146,0.87048,0.835492,0.802853,1.00498
3.0788,2.54043,0.847594,0.996436,0.712212,0.809048,0.747943,0.769215,0.872256,0.83388,0.803686,1.00229
3.079,2.53658,0.847271,0.996071,0.709763,0.809507,0.747351,0.768241,0.873504,0.832192,0.804361,0.999263
3.0792,2.53292,0.84558,0.99564,0.709764,0.809253,0.745369,0.767508,0.874254,0.831608,0.804154,0.996319
3.0794,2.52976,0.842313,0.995183,0.711967,0.808676,0.742707,0.767442,0.874571,0.832624,0.803074,0.993749
3.0796,2.52725,0.838416,0.994748,0.714746,0.809009,0.740575,0.767978,0.874638,0.834256,0.801354,0.991704
3.0798,2.52519,0.835348,0.994548,0.716463,0.810572,0.739882,0.768596,0.874789,0.835061,0.799709,0.990081
3.08,2.52344,0.833987,0.994653,0.716703,0.812539,0.740752,0.76852,0.874853,0.83482,0.798659,0.988733
3.0802,2.52203,0.834066,0.995115,0.716135,0.813847,0.742517,0.767489,0.875069,0.834085,0.798671,0.987639
3.0804,2.52135,0.83455,0.995688,0.715427,0.814647,0.743951,0.76611,0.875024,0.833712,0.798739,0.987029
3.0806,2.52179,0.834474,0.995838,0.715055,0.814998,0.743978,0.764817,0.874519,0.833837,0.797947,0.987252
3.0808,2.52317,0.833604,0.995532,0.7153,0.815062,0.742839,0.764308,0.873975,0.834306,0.796027,0.988292
3.081,2.52486,0.832245,0.994619,0.715738,0.814714,0.741532,0.764538,0.872054,0.83512,0.793458,0.989697
3.0812,2.52624,0.83068,0.993367,0.716006,0.814415,0.740582,0.764424,0.868867,0.835722,0.790925,0.990957
3.0814,2.52673,0.829359,0.99284,0.716165,0.814457,0.740405,0.763844,0.865952,0.835773,0.789094,0.991617
3.0816,2.52613,0.828588,0.993173,0.716286,0.814659,0.741153,0.762857,0.864382,0.835333,0.788112,0.991398
3.0818,2.52487,0.828021,0.99367,0.716328,0.815275,0.742161,0.76141,0.863632,0.834512,0.787654,0.990546
3.082,2.52381,0.82737,0.993428,0.716183,0.815702,0.742518,0.759943,0.861815,0.833552,0.787109,0.989671
3.0822,2.52369,0.826757,0.992047,0.715901,0.815669,0.742081,0.758811,0.858341,0.832902,0.78607,0.989436
3.0824,2.52469,0.826369,0.990119,0.715738,0.81508,0.741445,0.758879,0.854189,0.832897,0.784581,0.990087
3.0826,2.52643,0.825805,0.988714,0.715988,0.814905,0.741139,0.759892,0.850771,0.833471,0.783041,0.991419
3.0828,2.52827,0.82525,0.98832,0.716787,0.815749,0.741534,0.759957,0.848655,0.83424,0.782052,0.992939
3.083,2.52987,0.825101,0.988889,0.717904,0.81654,0.742826,0.758801,0.847502,0.834843,0.782053,0.994282
3.0832,2.5314,0.825176,0.989691,0.718776,0.816457,0.744356,0.757224,0.846799,0.835247,0.782904,0.995483
3.0834,2.53332,0.825231,0.990067,0.719433,0.815637,0.745063,0.755389,0.846395,0.835627,0.78377,0.996902
3.0836,2.53572,0.825053,0.990122,0.719699,0.815387,0.744881,0.754099,0.846501,0.83599,0.784065,0.998694
3.0838,2.5385,0.824351,0.989688,0.719656,0.81603,0.744521,0.753931,0.847094,0.836151,0.78397,1.00079
3.084,2.54137,0.823496,0.988623,0.719169,0.817052,0.744215,0.754077,0.848034,0.836086,0.783657,1.00302
3.0842,2.54385,0.822996,0.987513,0.718207,0.817251,0.743855,0.753774,0.848399,0.835681,0.783227,1.00501
3.0844,2.54537,0.822898,0.987131,0.717183,0.816173,0.743202,0.752953,0.848539,0.835251,0.783026,1.00634
3.0846,2.54555,0.822477,0.987322,0.716335,0.81443,0.742252,0.751764,0.849827,0.834788,0.782935,1.00666
3.0848,2.5446,0.821658,0.987297,0.716167,0.812822,0.741086,0.75029,0.852365,0.833716,0.782591,1.00601
3.085,2.54286,0.820205,0.986588,0.716613,0.811866,0.740103,0.748727,0.854149,0.832049,0.782086,1.0047
3.0852,2.54078,0.818444,0.985528,0.717253,0.811633,0.739654,0.747493,0.854386,0.830231,0.781854,1.00301
3.0854,2.53932,0.817079,0.984143,0.717521,0.811867,0.739687,0.747009,0.853458,0.828736,0.782195,1.0016
3.0856,2.53951,0.816211,0.982527,0.716749,0.812294,0.73934,0.747367,0.853698,0.827986,0.783091,1.00135
3.0858,2.54115,0.815352,0.980842,0.715234,0.812692,0.73837,0.748142,0.855656,0.827966,0.784352,1.00244
3.086,2.54212,0.814405,0.979455,0.71349,0.813032,0.737008,0.748444,0.858754,0.828056,0.785714,1.00344
3.0862,2.54077,0.813682,0.978266,0.712345,0.813367,0.735825,0.748592,0.861296,0.826822,0.786673,1.00285
3.0864,2.53638,0.813041,0.977218,0.712248,0.813484,0.734984,0.748599,0.863472,0.824234,0.787038,0.999962
3.0866,2.52901,0.811815,0.975622,0.713082,0.813229,0.734617,0.748192,0.8654,0.821255,0.787174,0.994675
3.0868,2.51978,0.810072,0.973071,0.714206,0.812717,0.734382,0.747618,0.8668,0.818683,0.787751,0.987785
3.087,2.51038,0.808214,0.96969,0.714535,0.811985,0.733391,0.747125,0.867349,0.817101,0.788252,0.980349
3.0872,2.50325,0.806928,0.965446,0.713535,0.811066,0.731233,0.746506,0.867155,0.816244,0.78796,0.974369
3.0874,2.49925,0.806151,0.960164,0.711715,0.809839,0.728341,0.745792,0.866376,0.815227,0.786884,0.970863
3.0876,2.49753,0.805563,0.953819,0.710171,0.807943,0.725588,0.744972,0.864731,0.813427,0.785046,0.969461
3.0878,2.49593,0.804352,0.946659,0.709712,0.8053,0.723689,0.743916,0.86231,0.810796,0.782898,0.968631
3.088,2.49205,0.802225,0.939099,0.71097,0.802176,0.722763,0.742985,0.859136,0.807944,0.781162,0.966483
3.0882,2.48395,0.799319,0.93146,0.713213,0.79932,0.722329,0.742152,0.8552,0.805659,0.779868,0.961356
3.0884,2.47074,0.796771,0.923867,0.714403,0.796671,0.721628,0.740804,0.850107,0.804399,0.77837,0.95235
3.0886,2.45379,0.795005,0.916325,0.714179,0.794453,0.720158,0.739265,0.844113,0.804017,0.776245,0.939966
3.0888,2.4367,0.794268,0.90878,0.713573,0.793462,0.718118,0.737769,0.83832,0.804005,0.773032,0.926943
3.089,2.42147,0.793716,0.901223,0.713434,0.792271,0.716012,0.736867,0.833005,0.804216,0.76915,0.915224
3.0892,2.40883,0.792418,0.893465,0.713749,0.78874,0.714256,0.736127,0.828043,0.804454,0.765663,0.905687
3.0894,2.39721,0.789893,0.885799,0.713924,0.782897,0.712919,0.735581,0.821902,0.803592,0.76322,0.897336
3.0896,2.38604,0.786561,0.878688,0.713338,0.776858,0.711921,0.734499,0.81466,0.801635,0.761387,0.889475
3.0898,2.37419,0.78409,0.872185,0.711991,0.772397,0.711372,0.73297,0.807846,0.799312,0.75951,0.881448
3.09,2.36059,0.782966,0.865846,0.710494,0.769827,0.711156,0.731335,0.803264,0.79743,0.757583,0.872228
3.0902,2.34575,0.782534,0.859672,0.710045,0.768287,0.710735,0.729719,0.800611,0.796739,0.755623,0.861843
3.0904,2.33279,0.78187,0.853935,0.711234,0.766605,0.709923,0.72896,0.797533,0.797279,0.754169,0.852307
3.0906,2.32383,0.780426,0.848658,0.713066,0.764362,0.709055,0.728781,0.793067,0.798035,0.753737,0.845816
3.0908,2.31836,0.778375,0.843273,0.714657,0.762067,0.708697,0.728794,0.788193,0.798094,0.753865,0.842299
3.091,2.31445,0.776715,0.837737,0.715466,0.760412,0.709078,0.728208,0.78408,0.797178,0.754391,0.840549
3.0912,2.30972,0.776222,0.832401,0.71546,0.759399,0.710227,0.727748,0.781666,0.796303,0.755603,0.838527
3.0914,2.30288,0.776791,0.828206,0.715402,0.759055,0.711709,0.727716,0.781062,0.796517,0.756712,0.835034
3.0916,2.29404,0.77777,0.825417,0.715913,0.759358,0.712905,0.727999,0.781515,0.79725,0.756976,0.829861
3.0918,2.28394,0.778593,0.824105,0.71695,0.759888,0.71376,0.72872,0.782205,0.79856,0.757176,0.823632
3.092,2.27297,0.778839,0.82345,0.718615,0.760204,0.714665,0.729551,0.782528,0.800108,0.757823,0.81668
3.0922,2.26274,0.778738,0.822463,0.720905,0.760728,0.715715,0.729997,0.78249,0.801042,0.758882,0.809953
3.0924,2.25405,0.77925,0.821149,0.722987,0.762074,0.716747,0.730633,0.782884,0.801954,0.760636,0.804453
3.0926,2.24756,0.780648,0.819629,0.724289,0.764004,0.717652,0.732119,0.784042,0.802917,0.762581,0.800539
3.0928,2.24333,0.782212,0.81796,0.725415,0.76569,0.718306,0.734396,0.786605,0.804676,0.764023,0.798483
3.093,2.24068,0.782934,0.816534,0.727297,0.766919,0.718918,0.736687,0.790971,0.806864,0.765233,0.797875
3.0932,2.23855,0.782621,0.81537,0.730317,0.76767,0.720439,0.738402,0.795129,0.80892,0.766807,0.797832
3.0934,2.2362,0.782301,0.814971,0.733462,0.768742,0.722563,0.739374,0.798332,0.810082,0.76865,0.797761
3.0936,2.23248,0.783079,0.815282,0.735536,0.770527,0.724375,0.740157,0.800333,0.81134,0.771014,0.796812
3.0938,2.22732,0.784934,0.816309,0.736086,0.773584,0.725258,0.741554,0.803137,0.813829,0.773343,0.794635
3.094,2.22108,0.786787,0.817866,0.736672,0.777333,0.725486,0.743809,0.806987,0.817355,0.775438,0.791592
3.0942,2.21412,0.787945,0.8191,0.738753,0.780262,0.725674,0.746845,0.811831,0.820247,0.777035,0.787837
3.0944,2.20806,0.788136,0.819677,0.742376,0.781492,0.726752,0.750133,0.81727,0.821511,0.778976,0.784511
3.0946,2.20297,0.787753,0.819401,0.746017,0.781429,0.730219,0.752586,0.821453,0.822478,0.781189,0.782051
3.0948,2.19858,0.788237,0.819179,0.74845,0.781701,0.734445,0.753608,0.824642,0.823926,0.783078,0.780162
3.095,2.19497,0.791486,0.819405,0.749091,0.784362,0.736955,0.753553,0.826909,0.825714,0.78415,0.778909
3.0952,2.19165,0.795714,0.820516,0.748883,0.788579,0.737354,0.754083,0.828626,0.827734,0.784535,0.777957
3.0954,2.18858,0.798428,0.822118,0.749299,0.791847,0.736745,0.755933,0.830367,0.830366,0.784932,0.777186
3.0956,2.18582,0.798421,0.823782,0.751097,0.792741,0.736765,0.759137,0.832849,0.832915,0.785919,0.776634
3.0958,2.18326,0.796216,0.824795,0.754532,0.79163,0.738736,0.762432,0.835805,0.835373,0.787461,0.776262
3.096,2.1809,0.793826,0.824824,0.758258,0.79033,0.7424,0.764836,0.838494,0.837412,0.789132,0.776026
3.0962,2.17858,0.793322,0.82403,0.760504,0.790794,0.746593,0.766131,0.839772,0.839337,0.790561,0.775856
3.0964,2.17611,0.795293,0.823332,0.761376,0.793486,0.749847,0.766256,0.83984,0.840681,0.791722,0.775563
3.0966,2.17374,0.79866,0.823337,0.762217,0.796631,0.751623,0.766408,0.84019,0.842147,0.792937,0.775277
3.0968,2.17136,0.801616,0.824874,0.763366,0.798671,0.752382,0.766916,0.841988,0.843198,0.794604,0.775051
3.097,2.16883,0.802976,0.827196,0.765068,0.798935,0.7531,0.768026,0.844489,0.843647,0.796915,0.774623
3.0972,2.16657,0.802895,0.828888,0.767101,0.797953,0.754739,0.770313,0.846306,0.844791,0.799594,0.774398
3.0974,2.16412,0.802489,0.829706,0.768392,0.796979,0.756914,0.773385,0.846962,0.846594,0.801854,0.774095
3.0976,2.16162,0.803105,0.829919,0.769052,0.797079,0.758732,0.775797,0.847076,0.84827,0.803401,0.773631
3.0978,2.15944,0.804926,0.829497,0.769982,0.798027,0.759998,0.776802,0.847106,0.849546,0.804686,0.773419
3.098,2.15728,0.807327,0.828591,0.771815,0.799425,0.761313,0.77729,0.847011,0.850113,0.806215,0.773246
3.0982,2.15508,0.809658,0.827744,0.774068,0.800821,0.762664,0.777474,0.847689,0.85005,0.807919,0.77305
3.0984,2.15257,0.811469,0.827263,0.775792,0.802007,0.764229,0.777682,0.848843,0.85063,0.809432,0.772653
3.0986,2.14955,0.812254,0.827078,0.77652,0.803052,0.765906,0.778166,0.84936,0.851879,0.810402,0.771874
3.0988,2.14637,0.812071,0.827086,0.776348,0.803913,0.76716,0.779257,0.848291,0.853332,0.810889,0.770849
3.099,2.14344,0.811377,0.827045,0.776376,0.80448,0.768181,0.78071,0.846111,0.854395,0.811375,0.76994
3.0992,2.14148,0.810831,0.82676,0.777135,0.805188,0.768872,0.781966,0.844362,0.854767,0.812384,0.769608
3.0994,2.14047,0.810914,0.826191,0.778104,0.806462,0.769489,0.78251,0.84439,0.854722,0.814032,0.770173
3.0996,2.1397,0.81173,0.825389,0.778827,0.807859,0.770139,0.782199,0.84603,0.85484,0.81601,0.770963
3.0998,2.13908,0.813008,0.824405,0.779054,0.80885,0.770659,0.781685,0.847829,0.855082,0.817821,0.771882
3.1,2.13824,0.814237,0.823139,0.778613,0.809989,0.771015,0.781443,0.848363,0.855485,0.818915,0.772681
3.1002,2.13693,0.814981,0.821887,0.778099,0.811072,0.77174,0.782118,0.847333,0.856214,0.819275,0.773112
3.1004,2.13522,0.815091,0.820916,0.778464,0.811334,0.772459,0.783333,0.845943,0.856533,0.819625,0.773173
3.1006,2.1332,0.814625,0.820087,0.779892,0.810712,0.77264,0.784091,0.84582,0.856166,0.82032,0.773003
3.1008,2.13067,0.813781,0.819201,0.781364,0.810297,0.772433,0.783814,0.847264,0.855357,0.821543,0.772442
3.101,2.12766,0.813016,0.817765,0.781784,0.810553,0.772439,0.782732,0.849047,0.85447,0.822374,0.77149
3.1012,2.1239,0.81271,0.815783,0.781008,0.811472,0.773177,0.781268,0.849673,0.853898,0.822565,0.770042
3.1014,2.11968,0.812602,0.813591,0.779734,0.812393,0.774509,0.780378,0.848371,0.854122,0.82161,0.768051
3.1016,2.11578,0.812618,0.811496,0.778857,0.813086,0.775296,0.780173,0.845869,0.854511,0.820259,0.766256
3.1018,2.11184,0.811954,0.809597,0.778946,0.813026,0.775318,0.780782,0.843898,0.854681,0.819001,0.764492
3.102,2.10849,0.810298,0.808077,0.779874,0.812177,0.774859,0.781282,0.843546,0.854517,0.818063,0.763052
3.1022,2.10543,0.808216,0.807382,0.780763,0.810696,0.774091,0.781555,0.844519,0.853889,0.817508,0.762009
3.1024,2.10178,0.806053,0.806646,0.781216,0.809674,0.773417,0.781413,0.845586,0.85363,0.816896,0.760564
3.1026,2.09854,0.804491,0.804918,0.781289,0.809436,0.77343,0.780287,0.845694,0.853948,0.81562,0.759194
3.1028,2.0958,0.803529,0.802578,0.781125,0.809725,0.774556,0.778955,0.844805,0.853776,0.814065,0.758366
3.103,2.09281,0.803319,0.799874,0.781385,0.810011,0.775932,0.778223,0.84374,0.85286,0.812918,0.757389
3.1032,2.08997,0.802847,0.797068,0.781754,0.809833,0.776164,0.778075,0.843555,0.852385,0.812753,0.75642
3.1034,2.08697,0.801081,0.794932,0.781774,0.809084,0.775372,0.778326,0.844373,0.852035,0.813099,0.755492
3.1036,2.08368,0.798151,0.793368,0.781458,0.807867,0.774446,0.778606,0.845095,0.8517,0.812617,0.754223
3.1038,2.08042,0.794938,0.791884,0.781098,0.806685,0.773855,0.778052,0.844869,0.851818,0.810803,0.753002
3.104,2.07668,0.792419,0.790303,0.780916,0.805555,0.774212,0.776857,0.843701,0.852067,0.808148,0.751503
3.1042,2.07271,0.790999,0.788201,0.781075,0.804991,0.775244,0.775797,0.842071,0.851976,0.805757,0.749688
3.1044,2.06891,0.790235,0.785614,0.782003,0.804933,0.776364,0.774969,0.839961,0.851369,0.804503,0.74803
3.1046,2.06468,0.789469,0.782902,0.783496,0.804625,0.776804,0.774426,0.837312,0.85061,0.804495,0.746135
3.1048,2.06045,0.788229,0.78062,0.784312,0.803475,0.776548,0.774205,0.835063,0.850105,0.805077,0.744072
3.105,2.05688,0.786608,0.779192,0.783888,0.801934,0.775844,0.774198,0.833397,0.849849,0.805429,0.742477
3.1052,2.05389,0.785124,0.778772,0.782323,0.800086,0.775165,0.774157,0.833507,0.850034,0.805156,0.741358
3.1054,2.05148,0.784222,0.778654,0.780442,0.79805,0.775258,0.773644,0.833212,0.850316,0.804498,0.740697
3.1056,2.04965,0.784015,0.777665,0.779066,0.795997,0.776054,0.773327,0.83105,0.850184,0.804092,0.740485
3.1058,2.04792,0.784266,0.77563,0.779204,0.794527,0.77669,0.773266,0.827444,0.849673,0.803996,0.740468
3.106,2.04592,0.784428,0.77331,0.780538,0.793702,0.776461,0.773686,0.82316,0.848577,0.804198,0.740284
3.1062,2.04338,0.783819,0.771496,0.781625,0.793141,0.775575,0.774021,0.819856,0.847697,0.8048,0.73969
3.1064,2.04041,0.782848,0.770633,0.781317,0.792461,0.774802,0.774261,0.817968,0.848055,0.805595,0.738733
3.1066,2.03702,0.782568,0.770449,0.780047,0.791575,0.774703,0.774006,0.81714,0.849561,0.806023,0.73742
3.1068,2.03372,0.7834,0.770598,0.77992,0.790562,0.775619,0.773384,0.816588,0.850575,0.806178,0.736072
3.107,2.03087,0.78449,0.770371,0.781192,0.78963,0.776578,0.772959,0.815352,0.850328,0.806315,0.734969
3.1072,2.02915,0.785196,0.769613,0.782778,0.789038,0.777333,0.773673,0.813361,0.849503,0.806637,0.734697
3.1074,2.02827,0.785001,0.768426,0.783753,0.788826,0.777714,0.77519,0.811379,0.848828,0.807302,0.735095
3.1076,2.02845,0.783983,0.767753,0.783958,0.788881,0.777917,0.777247,0.809916,0.849012,0.808345,0.736299
3.1078,2.02918,0.783145,0.767913,0.784012,0.789028,0.7778,0.778967,0.809325,0.849754,0.809615,0.738075
3.108,2.02965,0.783512,0.768271,0.784307,0.789237,0.777172,0.77954,0.809568,0.85041,0.81082,0.739675
3.1082,2.03001,0.78506,0.768588,0.784722,0.790274,0.77736,0.779303,0.810249,0.850335,0.811965,0.741219
3.1084,2.02921,0.786991,0.768744,0.785252,0.791823,0.778911,0.779039,0.810708,0.850595,0.81296,0.741979
3.1086,2.02786,0.788581,0.768674,0.786034,0.793511,0.780397,0.779122,0.810598,0.851286,0.813691,0.742067
3.1088,2.02676,0.789301,0.768714,0.786792,0.794638,0.780294,0.78011,0.810117,0.852189,0.813821,0.742291
3.109,2.02552,0.789291,0.769202,0.787312,0.795102,0.778649,0.781728,0.809823,0.852915,0.813546,0.742395
3.1092,2.0252,0.788667,0.770151,0.787597,0.795874,0.776546,0.783341,0.81029,0.852926,0.812998,0.743042
3.1094,2.0252,0.787711,0.771294,0.787742,0.796897,0.775194,0.785201,0.811437,0.852979,0.813066,0.744092
3.1096,2.02595,0.78754,0.772401,0.787859,0.797659,0.775198,0.786616,0.812913,0.853673,0.813846,0.745513
3.1098,2.02735,0.788228,0.773619,0.788104,0.79775,0.776277,0.787288,0.813917,0.854898,0.815086,0.747588
3.11,2.02878,0.789101,0.774972,0.788641,0.797353,0.777664,0.787295,0.814192,0.856432,0.816168,0.749713
3.1102,2.02981,0.789778,0.776447,0.789503,0.797321,0.778782,0.787689,0.814218,0.85785,0.816605,0.751568
3.1104,2.03099,0.790241,0.778089,0.790621,0.798481,0.779462,0.788518,0.814614,0.858895,0.81591,0.753343
3.1106,2.03301,0.790997,0.779891,0.791855,0.800678,0.77995,0.790467,0.815609,0.859755,0.814458,0.755647
3.1108,2.03562,0.791838,0.781732,0.792915,0.802998,0.780578,0.793372,0.817231,0.860614,0.813025,0.758516
3.111,2.03783,0.792262,0.783443,0.793557,0.804721,0.781859,0.796467,0.819516,0.861661,0.812665,0.761216
3.1112,2.03932,0.791912,0.785532,0.793917,0.805604,0.783085,0.798985,0.822058,0.863764,0.815064,0.763363
3.1114,2.03952,0.792222,0.788093,0.793975,0.806053,0.783529,0.800371,0.824192,0.866552,0.819843,0.764551
3.1116,2.03886,0.794558,0.790885,0.794386,0.807658,0.783101,0.800515,0.82554,0.868707,0.823756,0.764886
3.1118,2.03848,0.797981,0.79376,0.795518,0.810237,0.782661,0.79996,0.826192,0.869188,0.824379,0.765222
3.112,2.03881,0.801312,0.796263,0.797153,0.812545,0.78318,0.799869,0.826732,0.86831,0.821875,0.76604
3.1122,2.04032,0.803443,0.798599,0.798973,0.813366,0.784328,0.800966,0.827942,0.868069,0.818184,0.7677
3.1124,2.04283,0.80375,0.801131,0.800249,0.812746,0.785734,0.803242,0.829784,0.869507,0.815802,0.770224
3.1126,2.04559,0.803239,0.803356,0.800048,0.81156,0.786816,0.805965,0.831288,0.872215,0.816084,0.773027
3.1128,2.04828,0.803269,0.80497,0.798487,0.810785,0.787848,0.8081,0.831475,0.874874,0.818565,0.775823
3.113,2.05012,0.804324,0.806824,0.796803,0.811204,0.789286,0.808856,0.830246,0.876537,0.821569,0.778077
3.1132,2.05105,0.806711,0.809606,0.796416,0.812452,0.791299,0.808965,0.828288,0.877002,0.823488,0.779495
3.1134,2.05172,0.809681,0.812234,0.797664,0.81384,0.793249,0.809191,0.82757,0.877267,0.82383,0.780611
3.1136,2.05235,0.812392,0.81408,0.79929,0.814655,0.794988,0.809623,0.828937,0.878077,0.823162,0.781585
3.1138,2.05371,0.814169,0.814951,0.799913,0.814164,0.79621,0.810211,0.830721,0.879204,0.822502,0.782994
3.114,2.05575,0.814855,0.815271,0.798889,0.812742,0.79653,0.811081,0.831805,0.88053,0.822645,0.785
3.1142,2.05825,0.814743,0.815745,0.796917,0.811216,0.796465,0.81248,0.830892,0.882338,0.823643,0.787293
3.1144,2.06118,0.814619,0.817492,0.795315,0.810299,0.796904,0.814015,0.828738,0.883776,0.825299,0.79006
3.1146,2.0635,0.815298,0.82037,0.795252,0.810532,0.798333,0.815081,0.826643,0.883939,0.82694,0.792379
3.1148,2.06573,0.816813,0.823253,0.796789,0.811414,0.800298,0.815174,0.825464,0.883262,0.828111,0.794534
3.115,2.06752,0.818387,0.825594,0.798717,0.812057,0.802468,0.814626,0.826386,0.883288,0.828747,0.796415
3.1152,2.06854,0.819481,0.826972,0.799652,0.811994,0.804044,0.814116,0.828477,0.884373,0.828791,0.797707
3.1154,2.06923,0.819835,0.827424,0.799113,0.811174,0.804893,0.814436,0.829766,0.885675,0.828335,0.798601
3.1156,2.06978,0.819574,0.827493,0.79774,0.81,0.804942,0.816047,0.828514,0.886839,0.827814,0.799388
3.1158,2.07016,0.819833,0.82741,0.796619,0.809066,0.804284,0.818007,0.825226,0.887533,0.827669,0.79997
3.116,2.07097,0.820909,0.828108,0.796597,0.808813,0.803787,0.818731,0.822248,0.888298,0.828048,0.800837
3.1162,2.07151,0.821969,0.829461,0.797821,0.809264,0.804057,0.817863,0.821375,0.889052,0.828923,0.801596
3.1164,2.07248,0.822695,0.830869,0.799339,0.810057,0.805611,0.816328,0.822714,0.888847,0.830156,0.802499
3.1166,2.07361,0.822728,0.831568,0.800008,0.810695,0.807356,0.814851,0.824704,0.887575,0.831295,0.803681
3.1168,2.07433,0.821898,0.831225,0.799902,0.8109,0.808025,0.813651,0.825435,0.886609,0.831674,0.804558
3.117,2.07499,0.820889,0.829986,0.799581,0.810494,0.8075,0.813241,0.824317,0.886313,0.831154,0.805318
3.1172,2.07512,0.819855,0.828527,0.799176,0.80981,0.806872,0.813727,0.822309,0.886708,0.830053,0.805807
3.1174,2.0744,0.819022,0.827413,0.798672,0.809501,0.806514,0.814531,0.821209,0.887826,0.828823,0.805584
3.1176,2.07328,0.818978,0.827071,0.798069,0.809846,0.80614,0.81477,0.821332,0.888339,0.827952,0.804999
3.1178,2.07217,0.819531,0.827474,0.797374,0.810237,0.805408,0.814175,0.822464,0.887409,0.827528,0.804272
3.118,2.07169,0.820127,0.82834,0.796714,0.810189,0.804505,0.81287,0.824395,0.88599,0.827201,0.804002
3.1182,2.07194,0.820069,0.828503,0.796417,0.80931,0.803343,0.811341,0.826685,0.884633,0.826467,0.804276
3.1184,2.0727,0.818702,0.827646,0.796679,0.808082,0.802128,0.810651,0.827506,0.884001,0.825291,0.805059
3.1186,2.07334,0.816538,0.825711,0.797276,0.807049,0.800875,0.810789,0.827401,0.88445,0.823444,0.805793
3.1188,2.07384,0.81505,0.823337,0.797781,0.806726,0.79954,0.810794,0.826308,0.884809,0.821381,0.806423
3.119,2.07384,0.814956,0.821224,0.797893,0.806899,0.798286,0.809767,0.825174,0.884212,0.819601,0.806748
3.1192,2.07297,0.815643,0.82012,0.797472,0.807183,0.797167,0.807833,0.824534,0.882368,0.818345,0.806457
3.1194,2.07134,0.816133,0.819836,0.796589,0.807164,0.795975,0.805421,0.82559,0.880779,0.81749,0.805438
3.1196,2.06982,0.815877,0.819201,0.795747,0.806474,0.794856,0.803401,0.827081,0.880446,0.816469,0.804394
3.1198,2.06871,0.814582,0.817813,0.795635,0.805201,0.793617,0.802514,0.827472,0.881137,0.81568,0.80364
3.12,2.06795,0.812684,0.815717,0.796095,0.803966,0.792122,0.802219,0.8262,0.882374,0.814822,0.803209
3.1202,2.06742,0.810401,0.813001,0.796591,0.803205,0.79052,0.801615,0.82381,0.882615,0.813341,0.802933
3.1204,2.06749,0.808442,0.81058,0.796342,0.802839,0.789098,0.80031,0.821595,0.881512,0.81123,0.803083
3.1206,2.0679,0.807517,0.808991,0.795566,0.802077,0.787994,0.798518,0.820645,0.880204,0.808938,0.803591
3.1208,2.0681,0.807231,0.807867,0.794489,0.800913,0.787136,0.796637,0.820731,0.879407,0.806897,0.804028
3.121,2.0675,0.807107,0.807142,0.793414,0.799244,0.786448,0.795069,0.820591,0.879134,0.805403,0.803954
3.1212,2.06589,0.806962,0.80632,0.792487,0.797066,0.785914,0.794115,0.818872,0.878868,0.804435,0.803048
3.1214,2.06417,0.806822,0.804919,0.792219,0.795074,0.785554,0.793802,0.815507,0.878293,0.803816,0.801827
3.1216,2.06341,0.806228,0.802942,0.792426,0.793872,0.785381,0.793902,0.811019,0.877636,0.803362,0.801211
3.1218,2.06391,0.80515,0.800821,0.79391,0.793138,0.785385,0.794142,0.807323,0.877305,0.802939,0.801578
3.122,2.06539,0.804008,0.798985,0.795612,0.79221,0.785218,0.794339,0.805515,0.877405,0.802538,0.802806
3.1222,2.06691,0.803323,0.797782,0.795702,0.791066,0.784771,0.794304,0.805368,0.877767,0.802081,0.804277
3.1224,2.06733,0.803302,0.79755,0.793677,0.78954,0.784448,0.793907,0.804294,0.878589,0.801403,0.805062
3.1226,2.06635,0.803746,0.797742,0.791071,0.787477,0.784693,0.793453,0.802244,0.878961,0.800741,0.804722
3.1228,2.0643,0.804401,0.797885,0.789404,0.785405,0.78538,0.793203,0.799379,0.878819,0.800547,0.803443
3.123,2.0618,0.804602,0.797889,0.789251,0.783726,0.785996,0.79331,0.796748,0.878563,0.801096,0.801701
3.1232,2.05995,0.803608,0.797781,0.790337,0.782494,0.786236,0.793833,0.794034,0.878373,0.8018,0.800248
3.1234,2.05895,0.802465,0.797342,0.791417,0.781642,0.785783,0.794835,0.791967,0.877769,0.80228,0.799556
3.1236,2.05844,0.801698,0.797335,0.791799,0.780992,0.784839,0.795914,0.791488,0.877053,0.802233,0.799281
3.1238,2.0579,0.80114,0.797555,0.792264,0.780574,0.78412,0.796688,0.792168,0.876941,0.801631,0.799133
3.124,2.05706,0.800737,0.797884,0.792527,0.780155,0.784227,0.797122,0.793073,0.877309,0.800918,0.798766
3.1242,2.05539,0.800437,0.798412,0.792459,0.779645,0.785178,0.797519,0.79285,0.878372,0.800707,0.797869
3.1244,2.05309,0.800068,0.800014,0.792429,0.779186,0.786527,0.798203,0.792473,0.879603,0.801249,0.796364
3.1246,2.05053,0.799608,0.802335,0.792693,0.778956,0.787663,0.799213,0.792078,0.879705,0.80238,0.79463
3.1248,2.0487,0.798888,0.804142,0.793043,0.779184,0.788086,0.800254,0.792794,0.879677,0.803773,0.793173
3.125,2.04836,0.798495,0.804976,0.793317,0.780425,0.78791,0.800974,0.793799,0.879689,0.804766,0.79294
3.1252,2.04845,0.798811,0.80471,0.793454,0.781968,0.787808,0.801352,0.794279,0.87882,0.804954,0.793252
3.1254,2.04852,0.800205,0.804237,0.793653,0.783254,0.788277,0.801719,0.794256,0.87694,0.804688,0.793572
3.1256,2.04833,0.803035,0.805145,0.794116,0.783966,0.789193,0.802162,0.794351,0.874494,0.80448,0.793774
3.1258,2.04749,0.805468,0.807497,0.794749,0.784785,0.790144,0.80313,0.795274,0.872837,0.804531,0.79344
3.126,2.04696,0.805787,0.810565,0.795046,0.78553,0.790439,0.804069,0.796556,0.872529,0.804789,0.793164
3.1262,2.04678,0.804519,0.813121,0.794707,0.78576,0.79019,0.804417,0.797911,0.873915,0.80539,0.793223
3.1264,2.04764,0.802986,0.814475,0.794073,0.785363,0.790297,0.804221,0.800107,0.876053,0.805605,0.793835
3.1266,2.05014,0.802206,0.81509,0.793612,0.784641,0.791269,0.803814,0.802522,0.877624,0.805531,0.795751
3.1268,2.05337,0.802598,0.8158,0.793671,0.784596,0.792872,0.803569,0.805048,0.877967,0.805433,0.798433
3.127,2.05665,0.803916,0.817302,0.794366,0.78563,0.794381,0.804331,0.806754,0.877482,0.805471,0.801195
3.1272,2.05954,0.8055,0.819891,0.795507,0.78738,0.795077,0.805709,0.808155,0.87725,0.805441,0.803743
3.1274,2.06137,0.806807,0.822887,0.796638,0.789191,0.794492,0.806972,0.809799,0.878246,0.805338,0.805548
3.1276,2.06242,0.807761,0.82571,0.797253,0.790404,0.793862,0.807432,0.811663,0.880571,0.80498,0.806565
3.1278,2.06349,0.808666,0.828391,0.797042,0.790721,0.794123,0.806877,0.813527,0.883188,0.804843,0.807442
3.128,2.06523,0.809999,0.830804,0.796235,0.790238,0.794992,0.806037,0.815206,0.88571,0.806164,0.808748
3.1282,2.06795,0.811644,0.833151,0.795485,0.789734,0.796031,0.805571,0.816812,0.887598,0.808299,0.810727
3.1284,2.07152,0.813089,0.835424,0.795201,0.790043,0.796696,0.805842,0.818178,0.888363,0.810551,0.813516
3.1286,2.07479,0.814338,0.837359,0.795486,0.791334,0.796768,0.80668,0.818998,0.887994,0.813031,0.816174
3.1288,2.07779,0.816017,0.838919,0.796041,0.793299,0.796461,0.807644,0.819408,0.887202,0.814816,0.818612
3.129,2.07994,0.818027,0.840314,0.796126,0.795088,0.796164,0.808105,0.819956,0.887071,0.815855,0.820449
3.1292,2.08181,0.819722,0.841828,0.795342,0.796262,0.796258,0.807916,0.821086,0.888078,0.816358,0.821837
3.1294,2.08409,0.82055,0.843871,0.794021,0.797079,0.79692,0.807522,0.821731,0.889759,0.816372,0.823477
3.1296,2.0872,0.820574,0.846265,0.792776,0.797878,0.798016,0.807494,0.820645,0.891354,0.816457,0.825638
3.1298,2.09086,0.820401,0.849058,0.792359,0.798848,0.799211,0.808177,0.817916,0.892367,0.817056,0.828418
3.13,2.09419,0.820844,0.85222,0.792286,0.799852,0.800236,0.809531,0.814676,0.892716,0.818224,0.830977
3.1302,2.09686,0.822398,0.854824,0.792023,0.800696,0.801068,0.811127,0.813339,0.892862,0.819719,0.833113
3.1304,2.09847,0.824841,0.856279,0.791241,0.801127,0.801841,0.812406,0.814868,0.893327,0.82104,0.834401
3.1306,2.09946,0.827382,0.856715,0.790007,0.801833,0.802416,0.812939,0.817969,0.89411,0.821769,0.835093
3.1308,2.10019,0.829239,0.857419,0.788462,0.802739,0.803157,0.812945,0.8193,0.895212,0.822198,0.835532
3.131,2.10131,0.829979,0.85944,0.787021,0.803686,0.804387,0.813123,0.816382,0.896444,0.822809,0.836081
3.1312,2.10333,0.829722,0.862649,0.786035,0.804363,0.805774,0.813792,0.810794,0.897662,0.82363,0.837296
3.1314,2.10607,0.82965,0.865891,0.785394,0.804748,0.806846,0.814643,0.806311,0.898489,0.824223,0.839168
3.1316,2.10859,0.830444,0.868001,0.784836,0.805485,0.807333,0.815697,0.805192,0.898584,0.824657,0.841042
3.1318,2.1103,0.831878,0.868687,0.784098,0.806207,0.807098,0.816717,0.806685,0.898174,0.824559,0.84233
3.132,2.1113,0.833138,0.86874,0.783145,0.806472,0.806496,0.817317,0.808036,0.898307,0.823936,0.84299
3.1322,2.1121,0.833421,0.8691,0.78217,0.806495,0.806176,0.817468,0.806922,0.899065,0.823246,0.843363
3.1324,2.1134,0.832361,0.870156,0.781435,0.807063,0.806542,0.817593,0.804043,0.900332,0.822843,0.843997
3.1326,2.11535,0.83114,0.871534,0.781104,0.807918,0.807509,0.818039,0.801157,0.901659,0.823053,0.845192
3.1328,2.11754,0.830804,0.872577,0.781162,0.808984,0.808675,0.818817,0.800488,0.902254,0.824074,0.846625
3.133,2.11976,0.830956,0.872901,0.781403,0.809761,0.809547,0.819631,0.80207,0.902523,0.825131,0.848106
3.1332,2.1217,0.831122,0.872485,0.781395,0.809873,0.809708,0.820006,0.804312,0.902103,0.825584,0.849459
3.1334,2.12319,0.830864,0.872241,0.780937,0.809425,0.809204,0.819683,0.805443,0.901224,0.825278,0.850353
3.1336,2.12477,0.830343,0.872518,0.780392,0.808923,0.808519,0.818964,0.804597,0.900648,0.824379,0.851327
3.1338,2.12572,0.829191,0.872756,0.780086,0.808746,0.808341,0.818378,0.802642,0.900327,0.82354,0.851916
3.134,2.12604,0.827293,0.872666,0.780004,0.808811,0.80866,0.818085,0.801491,0.90029,0.823016,0.851956
3.1342,2.1264,0.825231,0.872102,0.780002,0.80879,0.80877,0.817643,0.802059,0.900629,0.823196,0.851901
3.1344,2.12671,0.823349,0.871056,0.779861,0.808514,0.808114,0.816715,0.803574,0.900636,0.823932,0.851871
3.1346,2.12726,0.821904,0.869634,0.77958,0.807835,0.806583,0.815244,0.804833,0.899753,0.824691,0.851919
3.1348,2.12791,0.82081,0.868971,0.779315,0.807366,0.804638,0.81372,0.80481,0.898231,0.824818,0.852201
3.135,2.12796,0.819671,0.869565,0.779167,0.807143,0.802852,0.812732,0.803301,0.896911,0.823916,0.852033
3.1352,2.12806,0.818317,0.869651,0.77957,0.80735,0.801529,0.81185,0.801327,0.89629,0.823045,0.851811
3.1354,2.12801,0.816801,0.868243,0.780047,0.808173,0.800922,0.810614,0.79999,0.896312,0.8228,0.851513
3.1356,2.12798,0.815348,0.865611,0.780131,0.809345,0.800951,0.808789,0.799677,0.896591,0.823336,0.851222
3.1358,2.12784,0.814161,0.862326,0.779715,0.810436,0.80095,0.806718,0.800049,0.896748,0.824114,0.850851
3.136,2.12763,0.813322,0.859749,0.778933,0.810717,0.799926,0.804671,0.800388,0.896295,0.824573,0.850458
3.1362,2.12689,0.812773,0.858738,0.777981,0.809258,0.797846,0.803062,0.800317,0.89543,0.824313,0.849771
3.1364,2.12572,0.812341,0.858801,0.777036,0.807056,0.795349,0.802161,0.800017,0.89456,0.823414,0.848606
3.1366,2.12465,0.81187,0.858887,0.776307,0.805465,0.793683,0.801178,0.79993,0.893772,0.82277,0.84755
3.1368,2.12332,0.810958,0.857988,0.776228,0.804845,0.793029,0.799601,0.800091,0.893462,0.822778,0.846335
3.137,2.12201,0.809928,0.855485,0.776602,0.805059,0.792628,0.7975,0.799855,0.893428,0.823574,0.845056
3.1372,2.12086,0.809465,0.852235,0.77698,0.805631,0.79169,0.795266,0.79866,0.89312,0.824765,0.843968
3.1374,2.1195,0.809468,0.849585,0.777033,0.80545,0.790132,0.793328,0.797227,0.891895,0.825359,0.842757
3.1376,2.11815,0.809523,0.848562,0.776602,0.804174,0.788355,0.79184,0.796883,0.890542,0.825276,0.841522
3.1378,2.11679,0.809328,0.848528,0.775759,0.802465,0.786832,0.790715,0.796578,0.889645,0.824669,0.840315
3.138,2.11555,0.808526,0.848804,0.774847,0.801244,0.78591,0.7898,0.796322,0.889256,0.824137,0.839148
3.1382,2.11481,0.80729,0.848492,0.774964,0.8009,0.78565,0.789007,0.794664,0.889335,0.824279,0.838339
3.1384,2.11439,0.8062,0.846582,0.776367,0.801314,0.785817,0.788382,0.791252,0.889743,0.824613,0.837869
3.1386,2.1138,0.806138,0.844126,0.777878,0.801794,0.786238,0.787934,0.787593,0.88989,0.82489,0.837318
3.1388,2.11337,0.806795,0.842716,0.778646,0.802097,0.786807,0.78764,0.784198,0.888726,0.824871,0.836857
3.139,2.11254,0.807424,0.842183,0.778481,0.802156,0.787052,0.787122,0.782345,0.886711,0.824599,0.836223
3.1392,2.11121,0.807372,0.842147,0.777585,0.801519,0.78663,0.786377,0.781421,0.885182,0.824167,0.835162
3.1394,2.10978,0.806429,0.842747,0.776809,0.800992,0.78591,0.785988,0.78086,0.88515,0.824337,0.833952
3.1396,2.10846,0.806288,0.842954,0.77661,0.801144,0.785145,0.786323,0.77882,0.886132,0.824925,0.832826
3.1398,2.10727,0.807195,0.842039,0.77753,0.801884,0.784241,0.786739,0.776241,0.887085,0.825311,0.831816
3.14,2.10598,0.807554,0.840516,0.779132,0.802212,0.783296,0.786615,0.774467,0.88684,0.825228,0.830793
3.1402,2.10478,0.806395,0.839518,0.779929,0.801531,0.782539,0.785828,0.773005,0.885268,0.824666,0.829766
3.1404,2.10362,0.804,0.839377,0.779325,0.800278,0.78285,0.784751,0.771199,0.883295,0.824319,0.828862
3.1406,2.10264,0.80127,0.839818,0.777448,0.800083,0.784042,0.783848,0.768748,0.882016,0.824663,0.827988
3.1408,2.10232,0.799136,0.840486,0.775904,0.800955,0.785303,0.783573,0.766369,0.881932,0.825613,0.827638
3.141,2.10227,0.798601,0.840868,0.776065,0.802504,0.786089,0.784111,0.765206,0.882765,0.82727,0.827487
3.1412,2.10347,0.800164,0.840877,0.777066,0.803902,0.786627,0.785293,0.766128,0.883736,0.829104,0.828132
3.1414,2.1051,0.80196,0.840956,0.778138,0.804144,0.78684,0.786601,0.768555,0.884213,0.82991,0.829468
3.1416,2.10586,0.802182,0.841629,0.779003,0.8038,0.786671,0.78742,0.770719,0.884092,0.829867,0.830213
3.1418,2.10618,0.800193,0.843036,0.7793,0.803665,0.786216,0.787515,0.771286,0.88363,0.829069,0.830506
3.142,2.10584,0.797345,0.844449,0.779141,0.804655,0.785741,0.787068,0.770217,0.883483,0.828519,0.830334
3.1422,2.1056,0.797263,0.844912,0.77882,0.806308,0.78573,0.78663,0.768674,0.883842,0.828805,0.829997
3.1424,2.1066,0.80008,0.844634,0.778558,0.807572,0.78629,0.786802,0.768606,0.884614,0.830042,0.830479
3.1426,2.10852,0.803105,0.844353,0.778683,0.80841,0.787586,0.787411,0.770947,0.885034,0.831652,0.831842
3.1428,2.11101,0.803905,0.844625,0.779038,0.809185,0.78991,0.788183,0.774674,0.885282,0.833043,0.833614
3.143,2.11377,0.802511,0.84593,0.779552,0.809793,0.792036,0.788532,0.778126,0.885143,0.834102,0.835744
3.1432,2.11556,0.800286,0.848914,0.779792,0.810125,0.792333,0.788923,0.779298,0.884456,0.834854,0.83734
3.1434,2.11636,0.798768,0.852452,0.779769,0.810811,0.791291,0.789698,0.77851,0.883507,0.836103,0.83796
3.1436,2.11715,0.79928,0.854822,0.779779,0.812435,0.789627,0.790702,0.777426,0.882519,0.837481,0.838454
3.1438,2.11825,0.801475,0.854745,0.780087,0.814577,0.787907,0.791977,0.777557,0.882564,0.838713,0.839132
3.144,2.12012,0.804096,0.852812,0.780668,0.81641,0.78719,0.793192,0.779233,0.883667,0.839555,0.840316
3.1442,2.12271,0.806282,0.850592,0.781318,0.817125,0.7881,0.794873,0.78184,0.884278,0.839959,0.842097
3.1444,2.12553,0.807162,0.84977,0.782116,0.816898,0.790631,0.797037,0.784624,0.883745,0.840449,0.844165
3.1446,2.1285,0.807051,0.850947,0.782888,0.816663,0.794298,0.798885,0.786728,0.881787,0.841557,0.8463
3.1448,2.1311,0.807329,0.853331,0.783335,0.817624,0.797152,0.799674,0.787794,0.879559,0.842758,0.848309
3.145,2.13282,0.808296,0.855628,0.782904,0.819545,0.797346,0.799695,0.788289,0.879184,0.844235,0.849611
3.1452,2.13442,0.809917,0.856822,0.782048,0.82192,0.795013,0.800081,0.789093,0.881705,0.845888,0.850616
3.1454,2.13626,0.811995,0.856756,0.781485,0.824106,0.793425,0.801203,0.790478,0.885653,0.84707,0.851812
3.1456,2.13832,0.813766,0.856135,0.781126,0.825464,0.794488,0.802516,0.792312,0.888295,0.847662,0.853138
3.1458,2.14073,0.814967,0.855945,0.781304,0.825976,0.797354,0.80324,0.794603,0.889032,0.84799,0.854745
3.146,2.14305,0.816159,0.856759,0.781326,0.826062,0.800219,0.803026,0.796077,0.888416,0.848826,0.856367
3.1462,2.14519,0.817485,0.858522,0.780895,0.826203,0.802074,0.802719,0.795529,0.88759,0.850582,0.857796
3.1464,2.14751,0.818854,0.860712,0.779848,0.826997,0.802485,0.80311,0.794032,0.887665,0.852566,0.85929
3.1466,2.15013,0.819771,0.862692,0.778658,0.828348,0.801531,0.804398,0.792383,0.889027,0.854453,0.860989
3.1468,2.153,0.820568,0.864203,0.777666,0.829715,0.800304,0.806559,0.790747,0.890966,0.855657,0.86292
3.147,2.15591,0.82114,0.865423,0.776641,0.830617,0.799693,0.808296,0.78921,0.892291,0.855973,0.864886
3.1472,2.15879,0.822117,0.866654,0.775639,0.831078,0.800369,0.809378,0.788388,0.892593,0.856504,0.866808
3.1474,2.16175,0.823773,0.867816,0.774958,0.831412,0.802156,0.80948,0.787945,0.892328,0.857166,0.868783
3.1476,2.16454,0.82569,0.86899,0.774439,0.831844,0.80416,0.808506,0.787612,0.892057,0.857707,0.870635
3.1478,2.16708,0.827049,0.870524,0.773773,0.832535,0.805538,0.807598,0.78659,0.892516,0.858089,0.872348
3.148,2.16898,0.827243,0.872167,0.77295,0.833173,0.805692,0.807969,0.785258,0.893468,0.858634,0.87354
3.1482,2.17086,0.826325,0.873847,0.772027,0.833686,0.804645,0.809471,0.784213,0.893929,0.859449,0.874609
3.1484,2.17243,0.825299,0.875067,0.771035,0.834397,0.803359,0.811201,0.78383,0.893981,0.860587,0.875511
3.1486,2.17383,0.824791,0.87581,0.770134,0.835371,0.803052,0.812245,0.78394,0.894259,0.861751,0.876199
3.1488,2.17546,0.82506,0.876555,0.769546,0.836239,0.803696,0.811961,0.78368,0.894434,0.862389,0.876992
3.149,2.17758,0.825651,0.877572,0.769352,0.836848,0.805146,0.810591,0.782911,0.894542,0.86286,0.87817
3.1492,2.17963,0.825644,0.878657,0.76944,0.837219,0.806924,0.809105,0.781793,0.894614,0.863357,0.879391
3.1494,2.18153,0.824704,0.879617,0.769591,0.837555,0.807601,0.808538,0.780514,0.894439,0.863401,0.880519
3.1496,2.18255,0.823372,0.880318,0.769646,0.838008,0.806711,0.809235,0.779561,0.894687,0.863045,0.881054
3.1498,2.1834,0.822135,0.880688,0.769458,0.838252,0.805003,0.810448,0.779332,0.894729,0.86279,0.881265
3.15,2.18412,0.821007,0.880622,0.768998,0.838471,0.803291,0.811592,0.780068,0.894246,0.862537,0.881449
3.1502,2.18459,0.820486,0.880246,0.768609,0.83863,0.802212,0.812036,0.781539,0.893996,0.862773,0.881411
3.1504,2.18512,0.820471,0.879906,0.768433,0.838834,0.802536,0.811333,0.782976,0.893991,0.863839,0.881384
3.1506,2.18546,0.81969,0.879479,0.768373,0.838987,0.803502,0.809777,0.783723,0.894019,0.864991,0.881284
3.1508,2.18605,0.817687,0.878809,0.768438,0.838765,0.803968,0.808099,0.783754,0.89358,0.865706,0.881203
3.151,2.1872,0.814762,0.877623,0.768453,0.838307,0.803697,0.807033,0.783175,0.892957,0.86578,0.881654
3.1512,2.1882,0.811852,0.875898,0.768196,0.837704,0.803016,0.806757,0.783056,0.892191,0.864647,0.882055
3.1514,2.18899,0.809655,0.873995,0.767709,0.837591,0.80223,0.806903,0.783995,0.891177,0.863125,0.882324
3.1516,2.18921,0.808251,0.871969,0.767171,0.837758,0.801454,0.806979,0.785125,0.89069,0.862003,0.882207
3.1518,2.18914,0.807344,0.869945,0.766956,0.838189,0.800794,0.807304,0.785472,0.890632,0.861668,0.881761
3.152,2.1888,0.80642,0.86783,0.767198,0.83856,0.800317,0.807266,0.784818,0.890479,0.8624,0.881182
3.1522,2.18821,0.805122,0.86565,0.767718,0.838163,0.800057,0.806785,0.78377,0.889837,0.863227,0.880353
3.1524,2.18747,0.803542,0.863188,0.768148,0.837233,0.799627,0.805646,0.783325,0.889211,0.863841,0.879421
3.1526,2.18695,0.802084,0.860663,0.7681,0.835769,0.799428,0.804014,0.784108,0.888663,0.863899,0.878586
3.1528,2.18634,0.801085,0.858679,0.767481,0.834493,0.799574,0.80224,0.78585,0.888815,0.862784,0.877788
3.153,2.1861,0.800628,0.856694,0.766702,0.834262,0.799572,0.80128,0.787541,0.889199,0.861055,0.877125
3.1532,2.18673,0.800491,0.853925,0.766309,0.834642,0.799365,0.801073,0.788407,0.888961,0.85992,0.877154
3.1534,2.18741,0.800079,0.850238,0.766465,0.834947,0.798707,0.800751,0.78838,0.887417,0.86024,0.877415
3.1536,2.18739,0.799003,0.846232,0.766716,0.834655,0.797571,0.799944,0.78763,0.88578,0.861744,0.87726
3.1538,2.18605,0.797757,0.842519,0.766709,0.833373,0.796259,0.799042,0.786848,0.884681,0.862987,0.876168
3.154,2.1837,0.796894,0.839364,0.765945,0.831625,0.795137,0.798807,0.786557,0.8843,0.863206,0.874126
3.1542,2.18163,0.796433,0.83677,0.76458,0.83032,0.794288,0.798494,0.786664,0.884596,0.86254,0.87209
3.1544,2.18047,0.796247,0.834452,0.763103,0.830327,0.793856,0.798036,0.786563,0.885229,0.861183,0.870724
3.1546,2.18043,0.796158,0.832162,0.762115,0.83122,0.793831,0.797858,0.784941,0.885031,0.860057,0.870219
3.1548,2.18118,0.795889,0.82998,0.761885,0.832036,0.793995,0.797762,0.782594,0.884246,0.859857,0.870487
3.155,2.18162,0.794936,0.828068,0.761837,0.832043,0.793741,0.797516,0.780113,0.88342,0.860476,0.870728
3.1552,2.18118,0.793543,0.826513,0.761628,0.831253,0.793071,0.797388,0.778636,0.882459,0.861161,0.870321
3.1554,2.17982,0.792542,0.8253,0.76094,0.830611,0.792373,0.797303,0.777581,0.881959,0.861387,0.86918
3.1556,2.17815,0.792387,0.824167,0.759731,0.830651,0.792122,0.796738,0.777399,0.882131,0.861338,0.867645
3.1558,2.17734,0.792863,0.822743,0.758587,0.831131,0.792175,0.795915,0.77651,0.881818,0.860773,0.866568
3.156,2.17752,0.793392,0.82172,0.758004,0.831594,0.79267,0.795843,0.773432,0.879669,0.860476,0.866391
3.1562,2.17769,0.793252,0.821996,0.758289,0.83156,0.793286,0.796447,0.76983,0.876938,0.860703,0.866372
3.1564,2.1776,0.792107,0.823369,0.758833,0.831048,0.793669,0.797153,0.767255,0.875191,0.860799,0.866218
3.1566,2.1763,0.790651,0.824244,0.758825,0.830585,0.793517,0.797644,0.765926,0.874534,0.860797,0.865312
3.1568,2.17382,0.789849,0.823274,0.758351,0.830653,0.793165,0.797567,0.765238,0.874883,0.861431,0.863347
3.157,2.17175,0.790237,0.820514,0.758698,0.831503,0.793102,0.797435,0.763984,0.875126,0.862612,0.861368
3.1572,2.17156,0.791204,0.817265,0.759661,0.832564,0.793465,0.79748,0.761863,0.874703,0.863705,0.860689
3.1574,2.17309,0.79165,0.815285,0.760529,0.833795,0.794163,0.797306,0.759485,0.873496,0.864548,0.861451
3.1576,2.17591,0.790779,0.815607,0.760837,0.83441,0.794906,0.797331,0.757835,0.872802,0.864672,0.863399
3.1578,2.17785,0.788744,0.818049,0.760865,0.834128,0.795728,0.798055,0.757944,0.873462,0.864289,0.86506
3.158,2.17834,0.786253,0.82123,0.761181,0.833257,0.796098,0.799035,0.759623,0.874851,0.863885,0.86557
3.1582,2.17717,0.784674,0.82331,0.761653,0.832725,0.796419,0.800013,0.761669,0.876507,0.863655,0.864842
3.1584,2.17468,0.784662,0.823254,0.762117,0.833192,0.797019,0.800366,0.762859,0.877174,0.864376,0.862852
3.1586,2.17308,0.785938,0.821377,0.762638,0.83432,0.797952,0.800438,0.762846,0.876182,0.866121,0.86114
3.1588,2.17384,0.786918,0.818839,0.763121,0.835537,0.798436,0.800343,0.762361,0.874838,0.867639,0.861119
3.159,2.17639,0.786646,0.817598,0.763234,0.836231,0.797894,0.800587,0.762483,0.874518,0.867974,0.862759
3.1592,2.17927,0.785078,0.81845,0.763177,0.836075,0.796499,0.801173,0.763766,0.875209,0.866933,0.864928
3.1594,2.18132,0.78286,0.820781,0.763188,0.835386,0.794869,0.802535,0.765627,0.87666,0.865272,0.866645
3.1596,2.18206,0.781149,0.823094,0.7638,0.834648,0.794238,0.804257,0.767912,0.877612,0.864877,0.86725
3.1598,2.18195,0.780706,0.824535,0.764918,0.834368,0.795962,0.805964,0.770954,0.876997,0.866091,0.867141
3.16,2.18217,0.781455,0.824703,0.76582,0.834644,0.799312,0.806883,0.773441,0.875961,0.86828,0.866945
3.1602,2.18363,0.782675,0.823739,0.766013,0.836561,0.801385,0.807472,0.774597,0.876067,0.870283,0.867698
3.1604,2.18614,0.783602,0.822633,0.765455,0.838538,0.80061,0.808737,0.774487,0.877788,0.87127,0.869314
3.1606,2.18921,0.783845,0.822014,0.764586,0.838734,0.797194,0.81109,0.774011,0.879977,0.870851,0.871498
3.1608,2.19163,0.783617,0.822078,0.764124,0.837225,0.793439,0.813575,0.774771,0.881529,0.870079,0.873384
3.161,2.19336,0.783571,0.822644,0.764504,0.834935,0.791925,0.815177,0.777891,0.881894,0.869976,0.874609
3.1612,2.19479,0.784224,0.823368,0.765624,0.833299,0.793676,0.815814,0.782425,0.881689,0.871167,0.875551
3.1614,2.19608,0.785726,0.824005,0.767322,0.833681,0.797182,0.815799,0.786253,0.882713,0.87302,0.876313
3.1616,2.19808,0.787794,0.824648,0.768624,0.837048,0.799539,0.816026,0.788132,0.8854,0.874802,0.877457
3.1618,2.20099,0.789639,0.825291,0.769083,0.841174,0.799116,0.81776,0.787995,0.888407,0.87594,0.87932
3.162,2.20423,0.790626,0.82576,0.768471,0.842971,0.796528,0.821059,0.787073,0.889697,0.87605,0.881594
3.1622,2.20755,0.791054,0.825999,0.767272,0.841345,0.794753,0.824186,0.787593,0.888597,0.875552,0.883881
3.1624,2.21043,0.791575,0.826005,0.766578,0.837723,0.795956,0.825835,0.790918,0.886266,0.875145,0.886007
3.1626,2.21262,0.792416,0.825928,0.766765,0.835697,0.799517,0.82566,0.79531,0.885069,0.875088,0.887466
3.1628,2.2148,0.793441,0.826108,0.768015,0.838009,0.803065,0.824612,0.796873,0.885929,0.875564,0.888826
3.163,2.21714,0.794312,0.826735,0.769642,0.843407,0.804637,0.824181,0.794319,0.888695,0.876457,0.890267
3.1632,2.21961,0.794872,0.827842,0.77056,0.847412,0.804231,0.825136,0.79039,0.892165,0.877588,0.891852
3.1634,2.22233,0.795168,0.829321,0.770243,0.84832,0.803239,0.827727,0.787452,0.893854,0.878741,0.893534
3.1636,2.22523,0.795537,0.83091,0.769638,0.848146,0.802529,0.830952,0.786943,0.892861,0.879569,0.89541
3.1638,2.22815,0.796495,0.832344,0.769147,0.848274,0.802548,0.832963,0.788236,0.890663,0.879647,0.897327
3.164,2.23079,0.798211,0.833442,0.768915,0.84833,0.803503,0.833539,0.788643,0.88981,0.879595,0.899047
3.1642,2.23293,0.80032,0.83403,0.769026,0.848549,0.804719,0.833115,0.78802,0.891508,0.879722,0.900431
3.1644,2.23418,0.802152,0.834561,0.769192,0.849332,0.805591,0.832525,0.786832,0.894825,0.880018,0.901172
3.1646,2.23489,0.803032,0.835608,0.769079,0.849891,0.806066,0.832748,0.785393,0.897049,0.880443,0.90132
3.1648,2.23584,0.802671,0.837283,0.768738,0.850078,0.806405,0.833796,0.784976,0.896506,0.881054,0.901572
3.165,2.23716,0.801782,0.838701,0.768541,0.85107,0.806849,0.834825,0.784323,0.894916,0.881283,0.902083
3.1652,2.23913,0.801412,0.839148,0.768742,0.85281,0.807418,0.835,0.782577,0.894585,0.881035,0.903091
3.1654,2.24106,0.801846,0.838536,0.769414,0.85404,0.808105,0.834442,0.781491,0.895567,0.880445,0.904215
3.1656,2.24284,0.802967,0.837418,0.769724,0.85394,0.808802,0.834043,0.783424,0.896879,0.880006,0.905175
3.1658,2.24493,0.803574,0.836696,0.76938,0.852656,0.809219,0.834205,0.786582,0.897429,0.880161,0.906267
3.166,2.24754,0.803089,0.837009,0.76899,0.851003,0.809802,0.83487,0.787741,0.896753,0.880925,0.90777
3.1662,2.24976,0.801361,0.83833,0.769216,0.85027,0.810755,0.835577,0.785614,0.895646,0.881926,0.90923
3.1664,2.25085,0.799621,0.840115,0.769675,0.851264,0.81146,0.835528,0.781533,0.895469,0.882203,0.909819
3.1666,2.25071,0.798524,0.841582,0.769971,0.85326,0.811947,0.835241,0.778805,0.896272,0.881839,0.90951
3.1668,2.24932,0.798118,0.84196,0.769924,0.85456,0.812031,0.83542,0.780093,0.897276,0.881462,0.908132
3.167,2.24813,0.798075,0.841148,0.769554,0.854244,0.811146,0.835838,0.784714,0.89787,0.881497,0.906581
3.1672,2.24815,0.797264,0.839541,0.768993,0.852409,0.809439,0.835856,0.789552,0.897035,0.881753,0.905944
3.1674,2.24896,0.795581,0.837943,0.768595,0.850407,0.808268,0.835474,0.79171,0.895491,0.881835,0.906038
3.1676,2.25018,0.793192,0.837117,0.768222,0.849482,0.808298,0.834824,0.789916,0.894422,0.88113,0.906553
3.1678,2.25089,0.791054,0.836654,0.767918,0.849449,0.809837,0.83361,0.786303,0.893959,0.880016,0.906839
3.168,2.25073,0.789847,0.83575,0.768,0.849382,0.811282,0.832292,0.785063,0.893531,0.878928,0.906483
3.1682,2.25009,0.789324,0.834051,0.768421,0.848129,0.811005,0.831441,0.787629,0.893224,0.878159,0.905585
3.1684,2.24984,0.788873,0.83183,0.769187,0.845431,0.808916,0.831517,0.792,0.893689,0.878123,0.904879
3.1686,2.25038,0.787932,0.829108,0.770028,0.842217,0.806599,0.832242,0.795047,0.894454,0.878778,0.904772
3.1688,2.25118,0.786317,0.826632,0.770373,0.840232,0.805033,0.832429,0.794644,0.895441,0.879198,0.905055
3.169,2.25146,0.784328,0.82469,0.769604,0.840013,0.805144,0.831867,0.791427,0.896596,0.879294,0.90499
3.1692,2.25123,0.782582,0.823406,0.768003,0.840237,0.806371,0.830347,0.788402,0.896906,0.878836,0.904581
3.1694,2.25027,0.781599,0.821946,0.766996,0.839182,0.80708,0.828669,0.7888,0.895978,0.877414,0.903564
3.1696,2.24906,0.781484,0.819659,0.767325,0.836405,0.806793,0.827557,0.793203,0.89425,0.875642,0.902291
3.1698,2.24792,0.781866,0.816406,0.768219,0.832776,0.805538,0.827162,0.799149,0.892547,0.874641,0.901041
3.17,2.24704,0.782136,0.812629,0.768981,0.830205,0.803751,0.827036,0.803171,0.89149,0.874809,0.899945
3.1702,2.24677,0.781738,0.809065,0.769424,0.829136,0.802535,0.826446,0.803061,0.890952,0.875872,0.899336
3.1704,2.24639,0.780585,0.806093,0.769269,0.828666,0.802384,0.825297,0.799463,0.890693,0.87662,0.898795
3.1706,2.24633,0.77927,0.803687,0.76837,0.827667,0.802863,0.824117,0.795683,0.890349,0.876042,0.898349
3.1708,2.24606,0.778269,0.801572,0.767244,0.825531,0.802863,0.823054,0.7956,0.889752,0.874549,0.898002
3.171,2.24505,0.777597,0.799338,0.766485,0.82257,0.801831,0.822345,0.79859,0.889295,0.873357,0.89705
3.1712,2.24331,0.777147,0.796905,0.766274,0.819819,0.800318,0.822172,0.801463,0.889204,0.872817,0.895584
3.1714,2.24111,0.776926,0.794458,0.766682,0.818209,0.799218,0.82281,0.801318,0.888688,0.873118,0.893665
3.1716,2.23869,0.776885,0.792358,0.767374,0.817902,0.798821,0.823082,0.796872,0.887505,0.873264,0.891564
3.1718,2.23693,0.777006,0.790926,0.767654,0.818304,0.798879,0.822397,0.791029,0.886144,0.873085,0.889802
3.172,2.23568,0.777494,0.790154,0.767188,0.818797,0.799155,0.821372,0.78752,0.885145,0.872632,0.888598
3.1722,2.23446,0.778213,0.789721,0.766846,0.818962,0.799294,0.820595,0.786962,0.884889,0.872543,0.887478
3.1724,2.2331,0.779319,0.789194,0.767233,0.81818,0.798947,0.820627,0.78804,0.884442,0.873223,0.886261
3.1726,2.23177,0.780147,0.788422,0.767957,0.816155,0.79881,0.820978,0.787649,0.883956,0.874398,0.885106
3.1728,2.23033,0.779956,0.787685,0.768338,0.813547,0.798689,0.821066,0.785485,0.884048,0.875263,0.883843
3.173,2.22914,0.779121,0.787856,0.768228,0.811125,0.798156,0.820499,0.782211,0.884586,0.874947,0.882755
3.1732,2.22785,0.778825,0.789124,0.767863,0.809151,0.797286,0.819733,0.779752,0.884608,0.87333,0.881651
3.1734,2.22701,0.779598,0.790267,0.767297,0.807954,0.796451,0.819291,0.778351,0.884721,0.871456,0.880761
3.1736,2.22638,0.780714,0.790006,0.767168,0.807497,0.795677,0.819175,0.777143,0.884236,0.870599,0.880211
3.1738,2.22597,0.781441,0.788061,0.767804,0.807375,0.795655,0.819127,0.775743,0.883026,0.87158,0.879705
3.174,2.22626,0.781208,0.785267,0.768757,0.806915,0.796718,0.818987,0.774538,0.881724,0.873335,0.879733
3.1742,2.22664,0.780008,0.782884,0.769536,0.806127,0.797961,0.818844,0.773454,0.881313,0.874831,0.880011
3.1744,2.2267,0.778102,0.782141,0.769768,0.80538,0.798559,0.818856,0.772822,0.881584,0.874748,0.880041
3.1746,2.2258,0.776134,0.783343,0.76929,0.804958,0.798368,0.819145,0.773179,0.882121,0.873759,0.879534
3.1748,2.22425,0.774879,0.785797,0.768434,0.805112,0.797659,0.81984,0.774264,0.8822,0.872838,0.87823
3.175,2.22357,0.774728,0.788316,0.76774,0.8058,0.796918,0.820484,0.775226,0.881379,0.873039,0.87744
3.1752,2.22338,0.775271,0.789683,0.767415,0.806281,0.796948,0.82077,0.775724,0.880479,0.87417,0.877201
3.1754,2.22383,0.776418,0.789229,0.76736,0.806453,0.797928,0.820473,0.776027,0.880524,0.874974,0.877356
3.1756,2.22459,0.77873,0.787406,0.767798,0.80699,0.799099,0.820377,0.776628,0.881436,0.874729,0.877924
3.1758,2.22464,0.780101,0.785627,0.768341,0.807962,0.799889,0.820797,0.777775,0.882531,0.874195,0.878103
3.176,2.2237,0.779332,0.785133,0.768437,0.808745,0.80014,0.82172,0.779247,0.88305,0.874174,0.877492
3.1762,2.22233,0.777143,0.786027,0.768267,0.808976,0.800073,0.822625,0.78104,0.882356,0.874875,0.876401
3.1764,2.22125,0.775149,0.787705,0.76808,0.808697,0.799908,0.823612,0.782897,0.880788,0.876051,0.875403
3.1766,2.22149,0.774328,0.789592,0.76816,0.808275,0.800486,0.824261,0.784757,0.87957,0.87737,0.875249
3.1768,2.22286,0.774753,0.792306,0.768943,0.808596,0.801671,0.824927,0.786005,0.879534,0.878212,0.876192
3.177,2.22435,0.775812,0.795403,0.769608,0.81043,0.803227,0.825588,0.786964,0.880439,0.878716,0.877313
3.1772,2.22552,0.776877,0.797374,0.769332,0.813499,0.804185,0.826141,0.78791,0.881518,0.878853,0.878339
3.1774,2.22517,0.77747,0.797381,0.768623,0.816782,0.803768,0.826752,0.789087,0.882131,0.879259,0.878372
3.1776,2.22328,0.777773,0.795934,0.767927,0.818882,0.802957,0.82771,0.791324,0.882193,0.879828,0.877062
3.1778,2.22114,0.778281,0.795807,0.767497,0.818702,0.802991,0.829016,0.794768,0.882335,0.880478,0.875314
3.178,2.21971,0.779188,0.797571,0.767843,0.816854,0.804176,0.829853,0.798461,0.883193,0.881237,0.873984
3.1782,2.21973,0.780939,0.799995,0.768797,0.815282,0.806424,0.830095,0.801553,0.884179,0.881993,0.873685
3.1784,2.22079,0.783043,0.801529,0.769421,0.815345,0.808507,0.829986,0.80345,0.884386,0.882305,0.874401
3.1786,2.22183,0.784525,0.801421,0.769252,0.817061,0.809826,0.830152,0.803438,0.883518,0.88212,0.875255
3.1788,2.2224,0.785521,0.800319,0.768308,0.819536,0.809908,0.830672,0.802718,0.882282,0.881856,0.875803
3.179,2.22218,0.786236,0.799491,0.767383,0.821521,0.809537,0.831525,0.80369,0.881769,0.881675,0.875772
3.1792,2.2215,0.787193,0.799704,0.767197,0.822368,0.809712,0.832575,0.80606,0.882572,0.88171,0.875237
3.1794,2.22137,0.788549,0.801003,0.767923,0.822718,0.810954,0.8334,0.807884,0.883889,0.882568,0.874951
3.1796,2.22239,0.789585,0.802808,0.768985,0.822956,0.812701,0.833921,0.807527,0.884313,0.88398,0.875491
3.1798,2.22465,0.790228,0.8043,0.769491,0.82336,0.813596,0.833939,0.805039,0.883291,0.885153,0.877013
3.18,2.22775,0.790862,0.805073,0.768765,0.82404,0.813561,0.833993,0.801745,0.880687,0.885759,0.879308
3.1802,2.23061,0.791808,0.805416,0.767477,0.824606,0.813531,0.834342,0.800449,0.877575,0.885552,0.881623
3.1804,2.23229,0.792794,0.805943,0.766525,0.824786,0.813612,0.835486,0.801268,0.875722,0.885077,0.883127
3.1806,2.23275,0.794198,0.806998,0.766429,0.825063,0.813662,0.837037,0.803659,0.875506,0.885124,0.8836
3.1808,2.23264,0.795642,0.808434,0.766999,0.82583,0.81413,0.837849,0.806666,0.876033,0.885485,0.883469
3.181,2.23284,0.797318,0.809921,0.767498,0.82689,0.814752,0.837455,0.806443,0.876192,0.88594,0.88342
3.1812,2.23374,0.798849,0.811228,0.767387,0.827712,0.815029,0.836637,0.802053,0.875137,0.886319,0.883899
3.1814,2.23502,0.799131,0.812159,0.766481,0.827721,0.815238,0.836359,0.796992,0.872792,0.886202,0.884774
3.1816,2.23611,0.798756,0.812853,0.76548,0.827106,0.815101,0.836912,0.794224,0.870162,0.885727,0.885603
3.1818,2.23664,0.79862,0.813471,0.765084,0.826556,0.814744,0.837841,0.793839,0.868912,0.885327,0.886032
3.182,2.23657,0.79867,0.813983,0.765636,0.826435,0.81448,0.839047,0.794768,0.869326,0.885098,0.885962
3.1822,2.23634,0.79875,0.814262,0.766471,0.826847,0.814816,0.839933,0.795178,0.870856,0.884985,0.885653
3.1824,2.23675,0.798917,0.814279,0.766719,0.827896,0.815483,0.840245,0.794787,0.871905,0.884923,0.885686
3.1826,2.23827,0.799355,0.814117,0.766013,0.828557,0.815585,0.840081,0.794173,0.871817,0.884823,0.886547
3.1828,2.24067,0.800003,0.813967,0.764497,0.828381,0.814798,0.840212,0.794494,0.870806,0.88476,0.888191
3.183,2.24315,0.800604,0.814127,0.763215,0.827571,0.813634,0.8407,0.795523,0.869652,0.884832,0.890061
3.1832,2.2446,0.800938,0.814803,0.762923,0.826286,0.81272,0.841035,0.797135,0.869223,0.884903,0.891333
3.1834,2.24433,0.800947,0.815813,0.763468,0.82555,0.812198,0.840876,0.798511,0.869628,0.884636,0.891312
3.1836,2.24276,0.800555,0.81666,0.764069,0.825428,0.812359,0.839905,0.799866,0.870157,0.884378,0.890088
3.1838,2.24103,0.799848,0.816622,0.76416,0.825918,0.812622,0.838987,0.800717,0.870361,0.883917,0.888554
3.184,2.23997,0.799668,0.815513,0.763631,0.826041,0.812048,0.839301,0.800602,0.870076,0.883587,0.88743
3.1842,2.23975,0.800336,0.813877,0.762716,0.825049,0.810771,0.840433,0.800669,0.869444,0.88302,0.887034
3.1844,2.23946,0.801501,0.812317,0.761869,0.82346,0.809487,0.841152,0.801414,0.868664,0.88184,0.88675
3.1846,2.23865,0.802731,0.811014,0.761297,0.822313,0.808528,0.840451,0.802056,0.86793,0.880117,0.886161
3.1848,2.23671,0.802937,0.809947,0.760919,0.821787,0.808269,0.838573,0.802159,0.867368,0.878028,0.884766
3.185,2.23418,0.80168,0.808569,0.760579,0.821784,0.808584,0.836579,0.801485,0.866999,0.875945,0.882774
3.1852,2.23152,0.799456,0.806591,0.760242,0.821451,0.80865,0.835397,0.800293,0.866831,0.874639,0.880618
3.1854,2.22911,0.797797,0.804343,0.759977,0.820857,0.807963,0.835414,0.799796,0.866879,0.874148,0.878643
3.1856,2.22696,0.797765,0.802089,0.759822,0.820082,0.807029,0.836226,0.800634,0.867108,0.873685,0.876863
3.1858,2.2251,0.799131,0.800077,0.759633,0.819152,0.806753,0.836695,0.802504,0.867482,0.872765,0.875397
3.186,2.22292,0.800934,0.798211,0.759916,0.818183,0.806709,0.836186,0.804264,0.868006,0.870935,0.873745
3.1862,2.22093,0.801725,0.796466,0.760546,0.818106,0.806247,0.835553,0.805088,0.868564,0.868557,0.872173
3.1864,2.21867,0.800915,0.794325,0.760927,0.81876,0.80558,0.835237,0.804936,0.868798,0.86677,0.870559
3.1866,2.21574,0.798705,0.791717,0.760842,0.819054,0.804468,0.835076,0.804623,0.868471,0.865558,0.86844
3.1868,2.21229,0.796263,0.788777,0.760389,0.818349,0.803652,0.834876,0.805036,0.867872,0.864497,0.865918
3.187,2.20847,0.79527,0.786072,0.759685,0.817323,0.803797,0.833917,0.806238,0.867594,0.86324,0.863061
3.1872,2.20505,0.795751,0.783959,0.759443,0.816391,0.805099,0.832273,0.807358,0.867964,0.861803,0.860369
3.1874,2.20237,0.796719,0.782389,0.759772,0.815608,0.806425,0.830315,0.807542,0.868097,0.860225,0.858301
3.1876,2.20005,0.797058,0.781012,0.760187,0.81498,0.807091,0.828948,0.806293,0.867636,0.858698,0.856609
3.1878,2.19797,0.796008,0.779643,0.76033,0.814559,0.806584,0.828244,0.80412,0.866035,0.857441,0.85513
3.188,2.19585,0.793876,0.778252,0.759545,0.814477,0.805476,0.828204,0.801716,0.863809,0.856656,0.85371
3.1882,2.19346,0.791848,0.77683,0.7581,0.814447,0.804253,0.828529,0.799677,0.861663,0.856421,0.852086
3.1884,2.19124,0.790878,0.775501,0.756767,0.814212,0.803721,0.828759,0.7982,0.860422,0.856605,0.850508
3.1886,2.1894,0.791177,0.774416,0.756248,0.813829,0.804254,0.828595,0.796799,0.859739,0.856966,0.84924
3.1888,2.18781,0.792299,0.773612,0.756859,0.813735,0.805048,0.827726,0.794847,0.859394,0.857704,0.848204
3.189,2.18635,0.793371,0.773073,0.758238,0.813677,0.805018,0.826917,0.792581,0.8607,0.858816,0.847304
3.1892,2.18475,0.793659,0.772831,0.75919,0.814153,0.80437,0.826357,0.790335,0.862317,0.859473,0.846375
3.1894,2.18273,0.792921,0.772824,0.759229,0.814598,0.80361,0.826474,0.787817,0.861778,0.859349,0.845136
3.1896,2.18034,0.791714,0.773751,0.758321,0.814349,0.802957,0.826869,0.784528,0.858472,0.858632,0.84362
3.1898,2.17774,0.791165,0.775309,0.756932,0.813616,0.802409,0.827008,0.781419,0.854415,0.857933,0.841894
3.19,2.17522,0.791462,0.776555,0.75627,0.812629,0.801638,0.826597,0.77942,0.851702,0.857913,0.840188
3.1902,2.17301,0.792056,0.776755,0.756859,0.812112,0.801206,0.825622,0.778362,0.850768,0.858718,0.838703
3.1904,2.17133,0.79245,0.775582,0.757931,0.812534,0.80123,0.824803,0.777107,0.850863,0.859835,0.837601
3.1906,2.17026,0.792771,0.773549,0.758432,0.813993,0.801592,0.824386,0.775503,0.850754,0.860699,0.836991
3.1908,2.16959,0.792759,0.771693,0.758508,0.815548,0.802601,0.824426,0.773657,0.849727,0.861407,0.836742
3.191,2.16919,0.793069,0.771003,0.758157,0.816287,0.803688,0.82468,0.772581,0.848117,0.861941,0.836731
3.1912,2.16883,0.794055,0.771921,0.757663,0.815975,0.804361,0.824845,0.772645,0.846748,0.862255,0.836797
3.1914,2.16824,0.795834,0.774223,0.757004,0.815243,0.804484,0.82492,0.773349,0.846303,0.862614,0.836725
3.1916,2.16741,0.797955,0.77671,0.756483,0.815425,0.803822,0.825096,0.773833,0.847026,0.863012,0.836447
3.1918,2.16626,0.799274,0.778784,0.75627,0.81683,0.802252,0.825254,0.773674,0.848085,0.863378,0.835948
3.192,2.16493,0.799533,0.779737,0.75657,0.818654,0.801202,0.825013,0.773165,0.848324,0.863959,0.835238
3.1922,2.1638,0.799766,0.779367,0.756934,0.819921,0.801575,0.82479,0.773194,0.847673,0.86484,0.834644
3.1924,2.16276,0.800095,0.778369,0.756872,0.820092,0.803032,0.824768,0.774343,0.84722,0.865699,0.83415
3.1926,2.16212,0.800425,0.777983,0.756274,0.819583,0.804851,0.825183,0.77624,0.847544,0.865999,0.833892
3.1928,2.16143,0.801356,0.779096,0.755803,0.818854,0.805771,0.826123,0.77798,0.848918,0.865639,0.833772
3.193,2.16014,0.802552,0.781593,0.755879,0.818501,0.805711,0.827573,0.778967,0.850921,0.865446,0.833215
3.1932,2.15823,0.803429,0.784766,0.756022,0.819603,0.804867,0.8285,0.779081,0.852189,0.865771,0.832191
3.1934,2.15595,0.804001,0.78756,0.756172,0.82222,0.804525,0.828729,0.778794,0.851506,0.866782,0.830757
3.1936,2.15403,0.804687,0.789324,0.755873,0.825294,0.805176,0.828432,0.779312,0.849659,0.868465,0.829493
3.1938,2.15328,0.806234,0.790565,0.755326,0.827448,0.80604,0.828012,0.780741,0.848423,0.86977,0.828995
3.194,2.15354,0.808294,0.791791,0.754949,0.827879,0.806813,0.828342,0.783121,0.849435,0.870381,0.829443
3.1942,2.1538,0.809951,0.793692,0.75518,0.827365,0.807087,0.829102,0.785889,0.851621,0.870317,0.830072
3.1944,2.1533,0.810797,0.796016,0.756103,0.826798,0.807547,0.830011,0.788156,0.853366,0.869966,0.830219
3.1946,2.15159,0.811461,0.79805,0.756927,0.827014,0.807977,0.830694,0.789536,0.853601,0.869772,0.829465
3.1948,2.14906,0.812111,0.799889,0.757053,0.82863,0.807907,0.830965,0.790382,0.85217,0.869368,0.827928
3.195,2.14665,0.812579,0.801227,0.756448,0.831177,0.80737,0.831263,0.791336,0.850545,0.868832,0.826321
3.1952,2.14491,0.813887,0.802323,0.755579,0.833085,0.80663,0.83162,0.792709,0.849953,0.868611,0.82517
3.1954,2.1441,0.816153,0.803904,0.754912,0.833453,0.80631,0.832024,0.794336,0.85065,0.868492,0.824741
3.1956,2.14396,0.818242,0.806544,0.754998,0.832847,0.80675,0.832406,0.796001,0.85207,0.868121,0.824913
3.1958,2.14401,0.819475,0.809986,0.756235,0.83259,0.807682,0.833027,0.797125,0.853287,0.867252,0.825319
3.196,2.14404,0.819762,0.813106,0.758136,0.832884,0.808866,0.833792,0.796673,0.854433,0.86576,0.825723
3.1962,2.14392,0.819846,0.814988,0.759267,0.834199,0.809769,0.834443,0.794598,0.854993,0.864337,0.826015
3.1964,2.1438,0.821013,0.815765,0.758602,0.836256,0.810079,0.83556,0.791939,0.854458,0.863611,0.826252
3.1966,2.14397,0.823157,0.816143,0.756406,0.837978,0.810051,0.836575,0.790438,0.853165,0.863824,0.826663
3.1968,2.14461,0.825319,0.816673,0.754278,0.838828,0.809812,0.836668,0.790579,0.851926,0.864738,0.827405
3.197,2.14562,0.826938,0.817505,0.753883,0.838949,0.80948,0.836207,0.792204,0.851283,0.865712,0.828475
3.1972,2.14668,0.827383,0.819105,0.754934,0.839213,0.80944,0.836417,0.793409,0.851508,0.866191,0.829642
3.1974,2.14745,0.827251,0.821267,0.75642,0.840013,0.809997,0.837527,0.793115,0.852204,0.865909,0.830607
3.1976,2.14795,0.827014,0.823022,0.757233,0.84073,0.810813,0.83868,0.792487,0.852913,0.865338,0.831328
3.1978,2.14839,0.827254,0.824356,0.756639,0.840575,0.811513,0.839287,0.790708,0.853425,0.864992,0.831955
3.198,2.14886,0.827918,0.825216,0.755169,0.840217,0.811699,0.839693,0.788057,0.853674,0.864783,0.832585
3.1982,2.14919,0.828455,0.825568,0.753823,0.839993,0.811549,0.840303,0.785244,0.854315,0.864785,0.83316
3.1984,2.14909,0.829139,0.825684,0.753406,0.839809,0.811336,0.840697,0.783823,0.854789,0.864963,0.833433
3.1986,2.14842,0.829935,0.826072,0.753957,0.839933,0.810954,0.840987,0.784449,0.855035,0.865155,0.833269
3.1988,2.14732,0.8306,0.826865,0.754861,0.839899,0.810544,0.840996,0.785477,0.854692,0.86492,0.832712
3.199,2.14625,0.83114,0.827856,0.755384,0.839639,0.809966,0.841265,0.785778,0.854688,0.864313,0.832069
3.1992,2.14582,0.831718,0.828772,0.755132,0.839339,0.809397,0.841575,0.784986,0.855591,0.863664,0.831828
3.1994,2.14631,0.832416,0.829486,0.754207,0.839052,0.809309,0.841748,0.78306,0.856174,0.86314,0.832279
3.1996,2.14768,0.832944,0.829815,0.753459,0.838759,0.809256,0.841562,0.780714,0.855728,0.862927,0.833448
3.1998,2.14945,0.833477,0.829605,0.753211,0.838357,0.808512,0.841507,0.77921,0.854646,0.863135,0.835046
3.2,2.15067,0.833667,0.829364,0.753274,0.837776,0.807219,0.841328,0.779262,0.853864,0.863265,0.836395
3.2002,2.15063,0.833589,0.829088,0.753539,0.836792,0.806282,0.840849,0.780879,0.853275,0.862754,0.836826
3.2004,2.14926,0.833303,0.828753,0.753315,0.835711,0.806131,0.840059,0.783279,0.85236,0.861795,0.836189
3.2006,2.14718,0.83338,0.828159,0.752349,0.834882,0.806338,0.83952,0.785059,0.852023,0.860943,0.834856
3.2008,2.14511,0.833486,0.827198,0.751537,0.834043,0.806291,0.839188,0.785227,0.852906,0.860088,0.833362
3.201,2.14382,0.833242,0.826091,0.751364,0.833244,0.805672,0.839049,0.783681,0.854179,0.858825,0.832411
3.2012,2.14294,0.832717,0.825133,0.751454,0.832675,0.804703,0.83959,0.782089,0.85469,0.85706,0.83191
3.2014,2.14199,0.831913,0.824476,0.7517,0.832274,0.803796,0.840203,0.781984,0.854186,0.85491,0.831459
3.2016,2.14023,0.831387,0.824293,0.751535,0.831521,0.803063,0.840382,0.783465,0.852944,0.852623,0.830516
3.2018,2.13722,0.831269,0.824868,0.751095,0.830366,0.802774,0.839813,0.786135,0.851586,0.851012,0.828666
3.202,2.13304,0.831489,0.82612,0.750472,0.828966,0.802949,0.838315,0.78859,0.850825,0.850132,0.825799
3.2022,2.129,0.831931,0.827568,0.749997,0.828691,0.803405,0.837045,0.790484,0.850914,0.84967,0.82282
3.2024,2.12574,0.831735,0.828173,0.749632,0.829423,0.803562,0.837082,0.791662,0.851634,0.848421,0.820376
3.2026,2.12364,0.831212,0.827491,0.749429,0.830088,0.802925,0.838549,0.791704,0.85264,0.845993,0.818857
3.2028,2.12183,0.830512,0.825835,0.749111,0.829535,0.801566,0.840036,0.7914,0.853262,0.842318,0.817814
3.203,2.11949,0.8303,0.823415,0.748331,0.827714,0.800152,0.840735,0.791445,0.853535,0.838669,0.816441
3.2032,2.11672,0.830057,0.821306,0.747554,0.825444,0.799162,0.839878,0.791834,0.853561,0.835872,0.814711
3.2034,2.1137,0.829285,0.82066,0.746975,0.82361,0.79857,0.837537,0.793312,0.852878,0.834361,0.812729
3.2036,2.11095,0.828122,0.821038,0.746715,0.823062,0.798006,0.835092,0.794399,0.851883,0.833782,0.810853
3.2038,2.10879,0.826711,0.821355,0.746702,0.823491,0.797026,0.834153,0.794502,0.851381,0.833112,0.809493
3.204,2.10684,0.825483,0.82106,0.746877,0.823506,0.795757,0.835079,0.795096,0.851317,0.83173,0.808316
3.2042,2.10533,0.824888,0.820107,0.746916,0.822788,0.794419,0.83648,0.795866,0.851444,0.829507,0.807489
3.2044,2.10382,0.824821,0.818889,0.746818,0.821645,0.793129,0.837132,0.796829,0.852111,0.827079,0.806698
3.2046,2.103,0.824733,0.817658,0.746681,0.820335,0.791956,0.836609,0.797143,0.852598,0.825164,0.806333
3.2048,2.10224,0.824196,0.816557,0.746818,0.819632,0.79105,0.835134,0.796272,0.852368,0.82424,0.806252
3.205,2.1007,0.823178,0.81575,0.746893,0.82005,0.789787,0.833809,0.794368,0.852029,0.824258,0.805588
3.2052,2.09909,0.822032,0.815202,0.746887,0.820611,0.788345,0.833023,0.793351,0.85215,0.824672,0.804759
3.2054,2.09701,0.821255,0.814658,0.746787,0.820936,0.78869,0.832975,0.795372,0.852534,0.824675,0.803669
3.2056,2.09489,0.821191,0.814185,0.746562,0.820921,0.790721,0.832839,0.798636,0.85294,0.823966,0.802341
3.2058,2.09375,0.821508,0.814051,0.746155,0.820272,0.792558,0.832233,0.80123,0.852885,0.822772,0.801728
3.206,2.09285,0.822033,0.813888,0.745711,0.819167,0.792568,0.83139,0.800913,0.85225,0.821669,0.801451
3.2062,2.09195,0.823165,0.813199,0.745216,0.818136,0.79059,0.830502,0.799122,0.851255,0.821528,0.801173
3.2064,2.09136,0.824117,0.811877,0.744777,0.817404,0.78811,0.829888,0.798642,0.850724,0.822112,0.801101
3.2066,2.09087,0.823688,0.809955,0.744814,0.816881,0.787313,0.829722,0.80016,0.850658,0.823061,0.80115
3.2068,2.09034,0.821741,0.807791,0.745449,0.816454,0.78801,0.82975,0.803178,0.850889,0.823511,0.801168
3.207,2.08983,0.819372,0.807118,0.745841,0.816143,0.78924,0.829551,0.805636,0.850798,0.823063,0.801208
3.2072,2.08884,0.817815,0.808921,0.745772,0.81661,0.790057,0.828887,0.806256,0.850318,0.822088,0.800972
3.2074,2.08757,0.81859,0.812328,0.745128,0.817397,0.789933,0.828138,0.805224,0.850058,0.821224,0.800397
3.2076,2.08657,0.822103,0.815472,0.744459,0.817701,0.789141,0.827718,0.80441,0.850638,0.821019,0.799992
3.2078,2.08546,0.825181,0.816804,0.744658,0.817216,0.788434,0.82774,0.805159,0.851649,0.821577,0.799576
3.208,2.08479,0.825694,0.81588,0.745594,0.816316,0.788608,0.828025,0.807494,0.852803,0.822618,0.799317
3.2082,2.08516,0.823415,0.814187,0.746342,0.815773,0.79003,0.827976,0.810446,0.853846,0.823561,0.799819
3.2084,2.08598,0.819374,0.813193,0.746597,0.816192,0.79165,0.827874,0.812445,0.854221,0.823916,0.800853
3.2086,2.08701,0.816032,0.813611,0.746445,0.817156,0.79251,0.82798,0.812423,0.85428,0.823575,0.801992
3.2088,2.08798,0.816556,0.81576,0.745963,0.818016,0.792199,0.828275,0.811409,0.854559,0.82313,0.803213
3.209,2.08789,0.820789,0.818613,0.745407,0.818163,0.791392,0.828861,0.811717,0.854908,0.8232,0.803771
3.2092,2.08715,0.824918,0.821188,0.745039,0.817519,0.79079,0.829081,0.81311,0.855488,0.823616,0.803545
3.2094,2.08658,0.82628,0.823313,0.745378,0.816458,0.791151,0.82888,0.815157,0.855669,0.823814,0.803478
3.2096,2.08581,0.824207,0.824725,0.746035,0.815438,0.792778,0.828727,0.817501,0.855766,0.823278,0.803212
3.2098,2.08589,0.820854,0.825476,0.746663,0.815031,0.794734,0.829214,0.818727,0.856586,0.822005,0.803406
3.21,2.08686,0.818426,0.825869,0.746932,0.815057,0.795627,0.830279,0.818148,0.858511,0.821711,0.804397
3.2102,2.08782,0.81832,0.826347,0.747002,0.81544,0.795321,0.831618,0.818236,0.860212,0.823486,0.805488
3.2104,2.08934,0.820359,0.827702,0.747137,0.815376,0.795059,0.8328,0.82051,0.861194,0.825871,0.80685
3.2106,2.09098,0.823224,0.830062,0.747173,0.814778,0.795844,0.833229,0.823349,0.861884,0.827065,0.808529
3.2108,2.09181,0.825319,0.832841,0.747089,0.813724,0.797718,0.832797,0.827142,0.862506,0.825568,0.809622
3.211,2.09207,0.825912,0.835861,0.746808,0.812146,0.799545,0.8322,0.829372,0.8627,0.821859,0.810185
3.2112,2.09204,0.825474,0.838702,0.746214,0.810745,0.80049,0.832355,0.828959,0.863198,0.817511,0.810436
3.2114,2.09254,0.825746,0.84071,0.745896,0.810096,0.800839,0.833309,0.828644,0.864619,0.814905,0.810924
3.2116,2.09399,0.827222,0.841467,0.746378,0.809981,0.800829,0.834555,0.828929,0.866015,0.814846,0.812144
3.2118,2.0956,0.828977,0.841198,0.747286,0.809907,0.800827,0.835416,0.828998,0.866389,0.816418,0.813697
3.212,2.09701,0.830386,0.840484,0.747842,0.809463,0.801498,0.835643,0.830736,0.866053,0.818322,0.814989
3.2122,2.09854,0.831105,0.840206,0.747583,0.80902,0.802576,0.835239,0.834665,0.865817,0.819427,0.816437
3.2124,2.09956,0.831629,0.840986,0.746633,0.8086,0.803387,0.834799,0.839515,0.866817,0.819894,0.817492
3.2126,2.10079,0.832325,0.843033,0.745539,0.808019,0.803902,0.834932,0.843519,0.868467,0.820062,0.818531
3.2128,2.10279,0.83329,0.8456,0.745057,0.807934,0.804905,0.83625,0.845016,0.869958,0.81938,0.820084
3.213,2.10595,0.83489,0.847631,0.745525,0.808913,0.806364,0.838332,0.844075,0.870346,0.818324,0.822465
3.2132,2.10953,0.837386,0.848111,0.746562,0.809786,0.806961,0.839966,0.843864,0.869725,0.817689,0.825411
3.2134,2.1125,0.839677,0.846531,0.747445,0.809821,0.806057,0.840485,0.845365,0.868978,0.818109,0.828003
3.2136,2.11396,0.841334,0.843742,0.747513,0.809376,0.804452,0.840099,0.847375,0.868745,0.819289,0.829554
3.2138,2.11384,0.842489,0.841011,0.746578,0.80889,0.803819,0.839418,0.849089,0.86896,0.820482,0.829769
3.214,2.11296,0.842735,0.839582,0.745632,0.808746,0.804792,0.83907,0.849519,0.870051,0.821111,0.829206
3.2142,2.11194,0.841787,0.839784,0.745353,0.808994,0.806455,0.839106,0.85031,0.871126,0.821294,0.828425
3.2144,2.1121,0.841113,0.840943,0.746058,0.809258,0.807617,0.839443,0.85198,0.871188,0.820818,0.828298
3.2146,2.11364,0.841296,0.841917,0.746767,0.809566,0.807958,0.839672,0.853222,0.870852,0.81968,0.829336
3.2148,2.11583,0.842279,0.841738,0.746438,0.81034,0.807323,0.839311,0.853084,0.870538,0.818196,0.831024
3.215,2.11823,0.843452,0.840309,0.745232,0.811204,0.806422,0.838311,0.852779,0.870419,0.81708,0.832924
3.2152,2.12045,0.84461,0.838266,0.743601,0.81148,0.805878,0.836712,0.852979,0.870093,0.817048,0.834723
3.2154,2.12221,0.845359,0.836546,0.742098,0.81078,0.806491,0.835165,0.854183,0.870076,0.818004,0.836204
3.2156,2.12337,0.845711,0.835844,0.741519,0.80946,0.807698,0.834491,0.856897,0.870606,0.819421,0.837211
3.2158,2.12398,0.846161,0.836233,0.74149,0.808355,0.808654,0.834516,0.86013,0.871377,0.820278,0.837759
3.216,2.12397,0.846481,0.837169,0.7415,0.808255,0.808863,0.834713,0.862024,0.871851,0.820414,0.837841
3.2162,2.12375,0.846516,0.837992,0.741014,0.809199,0.808152,0.834379,0.861371,0.872161,0.819488,0.837614
3.2164,2.12394,0.846812,0.838308,0.740099,0.810489,0.80715,0.83282,0.859561,0.872387,0.818153,0.837617
3.2166,2.12465,0.847121,0.838083,0.738869,0.811238,0.806486,0.830841,0.858997,0.872107,0.817057,0.83806
3.2168,2.12608,0.847038,0.837468,0.737503,0.810836,0.806434,0.829101,0.860044,0.871877,0.816937,0.838956
3.217,2.12783,0.846962,0.836678,0.736348,0.809472,0.806618,0.82756,0.862564,0.871705,0.817559,0.840337
3.2172,2.12882,0.84724,0.836065,0.735587,0.807996,0.806661,0.826426,0.865045,0.871287,0.818166,0.84122
3.2174,2.12896,0.847313,0.835803,0.735039,0.807388,0.806401,0.82573,0.865546,0.871184,0.818392,0.841413
3.2176,2.12852,0.846489,0.835684,0.734527,0.808019,0.806149,0.824988,0.864184,0.871268,0.817758,0.841124
3.2178,2.12753,0.845722,0.835335,0.733919,0.808632,0.806636,0.823709,0.862795,0.871381,0.816585,0.84032
3.218,2.12717,0.845501,0.83459,0.733232,0.808241,0.807553,0.82193,0.863939,0.871672,0.815883,0.839789
3.2182,2.12716,0.84592,0.833389,0.732607,0.806322,0.808044,0.82008,0.866741,0.871621,0.815914,0.839768
3.2184,2.12701,0.845978,0.831934,0.732155,0.804257,0.807529,0.818699,0.870004,0.870494,0.816011,0.839587
3.2186,2.12695,0.845117,0.830717,0.731932,0.802838,0.806299,0.818061,0.871084,0.868824,0.815917,0.839551
3.2188,2.12589,0.843381,0.830007,0.73193,0.802123,0.805096,0.818028,0.870254,0.867489,0.815514,0.838866
3.219,2.1247,0.841472,0.829916,0.732085,0.801457,0.804502,0.818167,0.868543,0.866898,0.815002,0.837825
3.2192,2.12418,0.840623,0.830245,0.73229,0.800378,0.804294,0.818063,0.868889,0.866676,0.814163,0.837298
3.2194,2.12369,0.840643,0.830456,0.732143,0.798443,0.804485,0.817502,0.871837,0.866915,0.813571,0.83688
3.2196,2.12341,0.840762,0.830146,0.731755,0.796512,0.804407,0.816609,0.874411,0.866888,0.81385,0.836626
3.2198,2.12259,0.840237,0.829083,0.731678,0.795016,0.803517,0.81587,0.875528,0.865572,0.814191,0.836108
3.22,2.12169,0.839631,0.827438,0.731907,0.793593,0.802376,0.81529,0.87416,0.863885,0.814115,0.835343
3.2202,2.12081,0.838672,0.825768,0.731938,0.792221,0.80117,0.814714,0.872504,0.862434,0.813521,0.834702
3.2204,2.11942,0.837239,0.824716,0.731493,0.790748,0.800232,0.814355,0.871184,0.861868,0.812391,0.833707
3.2206,2.11786,0.835799,0.823945,0.730661,0.789289,0.799589,0.814157,0.871996,0.862179,0.811365,0.832531
3.2208,2.1164,0.834501,0.823007,0.729836,0.787841,0.798697,0.814184,0.873634,0.862711,0.811488,0.831333
3.221,2.11589,0.833387,0.822034,0.729478,0.786407,0.797481,0.814443,0.874315,0.862631,0.812089,0.830734
3.2212,2.11651,0.832961,0.821981,0.729772,0.785198,0.79637,0.814739,0.875722,0.861857,0.812362,0.831085
3.2214,2.11704,0.832916,0.822643,0.730402,0.784375,0.795784,0.815297,0.877345,0.861363,0.811962,0.831658
3.2216,2.11684,0.832822,0.823582,0.730979,0.783912,0.795558,0.815498,0.877431,0.86117,0.810923,0.831686
3.2218,2.1154,0.832875,0.824046,0.731269,0.783634,0.79546,0.815012,0.875291,0.861306,0.809758,0.830862
3.222,2.11315,0.832386,0.823508,0.731163,0.783476,0.795301,0.814127,0.873565,0.861207,0.809058,0.82917
3.2222,2.11143,0.831549,0.822289,0.730792,0.783652,0.794758,0.813311,0.87428,0.861292,0.809194,0.827756
3.2224,2.11037,0.830232,0.820826,0.730407,0.783627,0.793916,0.812895,0.876448,0.860896,0.809289,0.826855
3.2226,2.11002,0.828749,0.820068,0.730399,0.782924,0.792567,0.813315,0.878248,0.860496,0.808956,0.826516
3.2228,2.11033,0.827225,0.820079,0.730624,0.781983,0.79108,0.814076,0.877636,0.860658,0.808726,0.826763
3.223,2.11029,0.82586,0.820279,0.730642,0.781478,0.789671,0.814695,0.8746,0.861031,0.808827,0.82691
3.2232,2.10986,0.824737,0.820625,0.730352,0.781208,0.788475,0.814872,0.872727,0.860662,0.808839,0.826704
3.2234,2.10888,0.823738,0.82074,0.729585,0.781154,0.788289,0.814631,0.873149,0.859925,0.808336,0.826141
3.2236,2.1081,0.822825,0.820134,0.728612,0.781477,0.789912,0.814414,0.874034,0.85953,0.807462,0.825432
3.2238,2.10826,0.822224,0.819053,0.727866,0.78191,0.791298,0.814935,0.874948,0.860003,0.806663,0.825512
3.224,2.10905,0.821717,0.81813,0.727886,0.782368,0.790644,0.816124,0.8758,0.860817,0.806778,0.826073
3.2242,2.10997,0.821252,0.817834,0.728459,0.783352,0.787602,0.817643,0.875993,0.862131,0.80794,0.826943
3.2244,2.11046,0.820442,0.818415,0.729077,0.785013,0.783539,0.819483,0.875372,0.862626,0.80977,0.827463
3.2246,2.11038,0.819828,0.819976,0.729052,0.786733,0.780456,0.82071,0.8747,0.861651,0.81147,0.827585
3.2248,2.11007,0.819096,0.821561,0.728222,0.787125,0.780234,0.820515,0.874913,0.861571,0.81215,0.827394
3.225,2.10969,0.817703,0.823117,0.726992,0.786329,0.783062,0.819929,0.876653,0.863434,0.811887,0.827193
3.2252,2.10939,0.815812,0.824527,0.725858,0.785215,0.786864,0.819515,0.879034,0.865687,0.811128,0.826954
3.2254,2.10963,0.814573,0.825012,0.725172,0.784619,0.788578,0.819504,0.88045,0.866777,0.810719,0.827083
3.2256,2.11071,0.815877,0.824449,0.724963,0.785111,0.786979,0.820462,0.880763,0.866119,0.810711,0.827838
3.2258,2.11229,0.818333,0.823854,0.72493,0.786548,0.783771,0.822282,0.881219,0.864073,0.811223,0.829057
3.226,2.1138,0.819557,0.824751,0.724781,0.787938,0.781475,0.823934,0.882517,0.862676,0.811423,0.830365
3.2262,2.11423,0.818495,0.827142,0.724956,0.788518,0.781507,0.824354,0.884042,0.863666,0.811011,0.830988
3.2264,2.11359,0.815766,0.82992,0.725883,0.788378,0.784017,0.823792,0.884837,0.866247,0.81054,0.83068
3.2266,2.11218,0.813199,0.831854,0.72668,0.78806,0.78753,0.82319,0.884564,0.867952,0.811903,0.829737
3.2268,2.1111,0.812427,0.832532,0.726808,0.787925,0.789754,0.823136,0.884525,0.866697,0.815128,0.828697
3.227,2.11157,0.813629,0.832076,0.726511,0.78817,0.789494,0.824,0.886754,0.862818,0.818179,0.828847
3.2272,2.11269,0.815678,0.831068,0.726247,0.788802,0.787612,0.825592,0.890389,0.859121,0.819496,0.8297
3.2274,2.1141,0.817283,0.830537,0.726303,0.789449,0.7859,0.826747,0.892887,0.857707,0.81825,0.830792
3.2276,2.11512,0.817698,0.831031,0.726594,0.789875,0.785745,0.827132,0.892657,0.858586,0.815505,0.831774
3.2278,2.11533,0.817055,0.833005,0.726791,0.790382,0.78719,0.827629,0.891199,0.860384,0.813524,0.832059
3.228,2.11542,0.815952,0.835913,0.726908,0.791809,0.788826,0.828549,0.889886,0.860648,0.814031,0.832141
3.2282,2.11518,0.815375,0.838506,0.726995,0.793815,0.789516,0.829508,0.890939,0.858696,0.816906,0.832068
3.2284,2.11463,0.815909,0.839707,0.727121,0.794694,0.789388,0.830153,0.893231,0.855701,0.820517,0.83165
3.2286,2.11441,0.817416,0.839415,0.727316,0.793512,0.789022,0.830351,0.895328,0.853228,0.822384,0.831412
3.2288,2.1144,0.819289,0.838374,0.727732,0.791343,0.788348,0.830183,0.895972,0.852424,0.821422,0.831394
3.229,2.11476,0.820725,0.837814,0.728272,0.78927,0.787715,0.830249,0.895091,0.853437,0.818358,0.831584
3.2292,2.11574,0.821643,0.838228,0.728265,0.788622,0.788349,0.830973,0.894358,0.855097,0.814823,0.832269
3.2294,2.11684,0.822416,0.839783,0.727892,0.789828,0.789498,0.831956,0.89449,0.856026,0.813445,0.833147
3.2296,2.11805,0.823613,0.841764,0.727768,0.791962,0.789761,0.832567,0.895,0.855087,0.814871,0.834036
3.2298,2.11959,0.824982,0.843688,0.727839,0.793151,0.788896,0.83322,0.897041,0.853501,0.817357,0.835183
3.23,2.12117,0.825715,0.845053,0.728101,0.792524,0.787571,0.83381,0.89981,0.85243,0.818939,0.836401
3.2302,2.12308,0.825662,0.845653,0.728437,0.790083,0.786479,0.834173,0.901959,0.853065,0.819046,0.83777
3.2304,2.125,0.825365,0.8458,0.728604,0.787405,0.785683,0.834236,0.902827,0.855118,0.817419,0.839291
3.2306,2.12642,0.825478,0.845624,0.728323,0.785488,0.784897,0.83454,0.901841,0.857222,0.815334,0.840438
3.2308,2.12775,0.826069,0.845468,0.727785,0.784652,0.784127,0.835234,0.900345,0.857768,0.813918,0.84139
3.231,2.1291,0.827044,0.845527,0.727345,0.784765,0.783335,0.835448,0.900456,0.857319,0.813302,0.842381
3.2312,2.13031,0.827994,0.84591,0.72726,0.785155,0.782589,0.835192,0.902061,0.857058,0.813037,0.843265
3.2314,2.13143,0.828449,0.846627,0.727626,0.78469,0.782015,0.834777,0.904755,0.857195,0.812705,0.844069
3.2316,2.13221,0.828996,0.847489,0.728406,0.783106,0.781411,0.834394,0.907409,0.857775,0.811683,0.84467
3.2318,2.13253,0.829614,0.848116,0.729066,0.780982,0.78058,0.834249,0.908088,0.858363,0.810272,0.844884
3.232,2.13267,0.830129,0.848771,0.729133,0.779217,0.779548,0.834446,0.906325,0.857841,0.809419,0.8449
3.2322,2.13287,0.830677,0.849288,0.728565,0.778405,0.778632,0.834715,0.903382,0.856948,0.809413,0.844915
3.2324,2.13358,0.831255,0.849815,0.727907,0.778486,0.778193,0.834672,0.902833,0.857038,0.809776,0.845226
3.2326,2.13509,0.831448,0.850534,0.727366,0.778847,0.778394,0.834263,0.905952,0.858317,0.809943,0.846146
3.2328,2.13719,0.831775,0.851105,0.727359,0.778897,0.779015,0.833705,0.909968,0.859887,0.809651,0.847587
3.233,2.13934,0.832474,0.85151,0.727673,0.778419,0.779586,0.832867,0.912896,0.860792,0.809027,0.84918
3.2332,2.14085,0.833121,0.85165,0.728264,0.777647,0.779668,0.832516,0.915044,0.860232,0.808585,0.8504
3.2334,2.14111,0.834007,0.851693,0.728524,0.776972,0.778965,0.832957,0.915488,0.858668,0.808747,0.850706
3.2336,2.14029,0.834453,0.85138,0.728559,0.776556,0.777957,0.833606,0.913962,0.857832,0.809289,0.850064
3.2338,2.13918,0.833335,0.850997,0.728072,0.776385,0.777518,0.833488,0.912122,0.858647,0.809747,0.849073
3.234,2.13829,0.831254,0.850483,0.727162,0.776591,0.778055,0.832201,0.910732,0.860069,0.809707,0.848138
3.2342,2.13795,0.829118,0.850059,0.72632,0.776809,0.778857,0.830051,0.910114,0.860523,0.809128,0.847673
3.2344,2.13749,0.827991,0.849621,0.72598,0.776502,0.779011,0.828293,0.910237,0.859279,0.808319,0.847259
3.2346,2.13638,0.827962,0.849253,0.725921,0.775578,0.778389,0.827468,0.911555,0.856961,0.808052,0.846445
3.2348,2.1342,0.828298,0.849503,0.725833,0.774275,0.777054,0.827786,0.912884,0.854758,0.808462,0.844841
3.235,2.1311,0.828183,0.85045,0.725982,0.773037,0.776038,0.828264,0.913395,0.853448,0.809148,0.842483
3.2352,2.12757,0.827391,0.851382,0.726642,0.772303,0.775814,0.82785,0.911733,0.853597,0.809702,0.839662
3.2354,2.12465,0.826623,0.851707,0.727256,0.772282,0.77678,0.826133,0.908926,0.855316,0.809876,0.837172
3.2356,2.12258,0.825859,0.851286,0.727102,0.772744,0.778544,0.82418,0.907199,0.856889,0.809712,0.835377
3.2358,2.12124,0.82537,0.850364,0.72615,0.773128,0.779524,0.822423,0.907459,0.856627,0.809457,0.834207
3.236,2.1201,0.825036,0.848991,0.724878,0.773057,0.779097,0.821078,0.91015,0.854534,0.809279,0.833373
3.2362,2.11813,0.824624,0.847827,0.724053,0.772335,0.778144,0.821104,0.912189,0.852087,0.808969,0.832045
3.2364,2.11511,0.82378,0.847631,0.724342,0.771082,0.777156,0.822313,0.911301,0.850483,0.808374,0.829942
3.2366,2.11122,0.822386,0.847944,0.725212,0.770331,0.77628,0.822731,0.909757,0.850301,0.807579,0.827035
3.2368,2.10773,0.821243,0.848299,0.725718,0.770432,0.775616,0.821277,0.908023,0.851544,0.807266,0.824257
3.237,2.10512,0.820439,0.848462,0.725578,0.770698,0.775616,0.818967,0.906389,0.852718,0.807093,0.822102
3.2372,2.10376,0.820101,0.848055,0.724888,0.770169,0.776354,0.817123,0.906739,0.852797,0.806823,0.820965
3.2374,2.103,0.820078,0.846984,0.724141,0.768754,0.776994,0.816097,0.907694,0.851535,0.805836,0.820427
3.2376,2.10225,0.819621,0.845553,0.723476,0.766767,0.777019,0.815928,0.907432,0.85053,0.80428,0.820054
3.2378,2.101,0.818401,0.844295,0.723366,0.76492,0.777087,0.816148,0.906254,0.850419,0.802416,0.819279
3.238,2.09949,0.81674,0.843635,0.723639,0.763827,0.777747,0.81621,0.905323,0.8508,0.801178,0.818341
3.2382,2.09769,0.815021,0.843605,0.724047,0.763821,0.778603,0.815789,0.904785,0.850652,0.800443,0.817069
3.2384,2.09645,0.813686,0.843992,0.724592,0.76409,0.778162,0.814862,0.90432,0.849997,0.800044,0.816168
3.2386,2.09527,0.813032,0.844257,0.725266,0.764569,0.776163,0.814047,0.903775,0.848972,0.799609,0.81545
3.2388,2.09409,0.813289,0.843922,0.725828,0.765881,0.773721,0.813912,0.903263,0.84847,0.800118,0.814677
3.239,2.09311,0.813405,0.843374,0.725972,0.766525,0.772768,0.814204,0.902712,0.848537,0.801852,0.814071
3.2392,2.0922,0.812827,0.843488,0.725419,0.764966,0.773981,0.814593,0.902104,0.848562,0.80344,0.813548
3.2394,2.09143,0.812078,0.844651,0.724321,0.761794,0.776037,0.814518,0.90119,0.848728,0.803443,0.813096
3.2396,2.09067,0.811527,0.845887,0.723417,0.759146,0.777263,0.813973,0.901802,0.84858,0.80178,0.812725
3.2398,2.09002,0.810567,0.846607,0.723305,0.758082,0.776806,0.813477,0.903752,0.847604,0.799557,0.812381
3.24,2.08931,0.809185,0.846314,0.724039,0.758503,0.775566,0.813306,0.904819,0.846554,0.798714,0.81204
3.2402,2.08903,0.808319,0.845512,0.72442,0.759297,0.774285,0.813202,0.904856,0.846377,0.799752,0.811904
3.2404,2.08897,0.808159,0.844925,0.7237,0.759257,0.77358,0.812889,0.903806,0.846853,0.801397,0.812055
3.2406,2.08928,0.808345,0.845143,0.722201,0.759109,0.773456,0.812357,0.902906,0.847769,0.802635,0.812378
3.2408,2.0903,0.809234,0.845906,0.72074,0.759288,0.774081,0.812576,0.902292,0.848336,0.802798,0.81324
3.241,2.09192,0.810382,0.846549,0.720091,0.759373,0.775436,0.813238,0.90232,0.847844,0.802718,0.814604
3.2412,2.09339,0.810937,0.847137,0.720915,0.759305,0.776831,0.813147,0.90202,0.846432,0.802987,0.816015
3.2414,2.09418,0.810214,0.84722,0.72265,0.759345,0.777342,0.812598,0.902335,0.84461,0.803231,0.816958
3.2416,2.09387,0.808596,0.8468,0.724103,0.75951,0.776728,0.812094,0.903215,0.843308,0.803626,0.817071
3.2418,2.09241,0.806897,0.846902,0.724706,0.759672,0.775318,0.812171,0.903747,0.843158,0.804333,0.816266
3.242,2.09076,0.805946,0.847705,0.724302,0.759752,0.773871,0.812633,0.903447,0.843848,0.804903,0.815079
3.2422,2.08945,0.806679,0.84872,0.723183,0.759852,0.773104,0.812939,0.902115,0.844407,0.805063,0.814131
3.2424,2.0888,0.808772,0.850355,0.722436,0.760021,0.773265,0.812998,0.900736,0.844722,0.805362,0.813635
3.2426,2.08882,0.811354,0.851979,0.722862,0.760535,0.774305,0.812949,0.900181,0.844206,0.806258,0.813718
3.2428,2.08895,0.812777,0.852861,0.723921,0.761283,0.775491,0.812838,0.899925,0.84302,0.807227,0.814009
3.243,2.08879,0.812175,0.853017,0.724661,0.761928,0.776768,0.812796,0.89999,0.841087,0.808268,0.814113
3.2432,2.08809,0.810551,0.852915,0.725047,0.762724,0.777329,0.81285,0.90141,0.839459,0.809048,0.813858
3.2434,2.08662,0.808875,0.852901,0.725169,0.7634,0.77739,0.813075,0.902949,0.838566,0.809195,0.813009
3.2436,2.08469,0.808379,0.8527,0.725229,0.763891,0.777485,0.813421,0.903359,0.838629,0.808867,0.811711
3.2438,2.08277,0.810167,0.851858,0.725309,0.76402,0.777116,0.813887,0.903599,0.838525,0.808523,0.810353
3.244,2.08141,0.813544,0.850572,0.725326,0.764194,0.776054,0.814398,0.905213,0.837924,0.808585,0.809327
3.2442,2.08086,0.816453,0.849137,0.725091,0.764658,0.77585,0.814807,0.906845,0.83636,0.809343,0.808947
3.2444,2.08113,0.81692,0.848318,0.724739,0.765264,0.777132,0.815386,0.907668,0.834342,0.810275,0.809186
3.2446,2.0819,0.815362,0.848404,0.725287,0.7661,0.779143,0.815802,0.907692,0.832183,0.811398,0.809951
3.2448,2.08234,0.813491,0.849139,0.727049,0.766892,0.780216,0.815934,0.906773,0.83041,0.81261,0.81059
3.245,2.08205,0.813377,0.849894,0.728375,0.767043,0.779753,0.816311,0.906628,0.829622,0.813458,0.810705
3.2452,2.08092,0.815577,0.850196,0.728114,0.766846,0.778546,0.816916,0.909067,0.829636,0.813752,0.810138
3.2454,2.07963,0.818669,0.85003,0.726145,0.76658,0.777688,0.817445,0.912834,0.829988,0.813335,0.809262
3.2456,2.0788,0.821371,0.851298,0.723926,0.766851,0.777944,0.817797,0.915291,0.829868,0.812573,0.808703
3.2458,2.07843,0.822796,0.854226,0.722851,0.768322,0.778996,0.81779,0.915634,0.829205,0.812103,0.808517
3.246,2.07853,0.822761,0.857643,0.723618,0.770308,0.780565,0.817716,0.913329,0.828119,0.812339,0.8087
3.2462,2.07877,0.821698,0.86021,0.725403,0.771636,0.782025,0.818202,0.910592,0.827313,0.813536,0.809084
3.2464,2.07881,0.820828,0.86159,0.726249,0.772258,0.782533,0.818723,0.909702,0.826946,0.815373,0.809328
3.2466,2.07887,0.821029,0.862571,0.725249,0.772765,0.781721,0.819329,0.911193,0.826676,0.817307,0.809528
3.2468,2.0791,0.822432,0.863355,0.722625,0.773123,0.780014,0.819694,0.913372,0.82636,0.818695,0.809845
3.247,2.07978,0.82444,0.863705,0.719856,0.773225,0.7786,0.819695,0.91408,0.826075,0.818773,0.810434
3.2472,2.08072,0.826174,0.863735,0.718256,0.773255,0.778359,0.819319,0.912592,0.825963,0.817717,0.811315
3.2474,2.08171,0.827058,0.863658,0.718235,0.773105,0.778859,0.8187,0.910198,0.825937,0.81623,0.812237
3.2476,2.0827,0.827025,0.863631,0.718963,0.772718,0.77988,0.818139,0.909239,0.825895,0.815082,0.813138
3.2478,2.08368,0.826465,0.864102,0.719712,0.772554,0.780999,0.817923,0.910787,0.825967,0.814849,0.814072
3.248,2.08456,0.825906,0.86541,0.719781,0.772904,0.78145,0.817984,0.913453,0.826104,0.815556,0.814859
3.2482,2.08556,0.825842,0.867276,0.718892,0.773437,0.78137,0.818059,0.914881,0.826425,0.816507,0.815765
3.2484,2.08623,0.826558,0.868877,0.717624,0.773389,0.780621,0.817947,0.914543,0.826949,0.81702,0.816455
3.2486,2.08664,0.82789,0.869382,0.716606,0.772436,0.779829,0.817752,0.913266,0.827622,0.816125,0.816923
3.2488,2.08669,0.828672,0.869096,0.716159,0.771478,0.779594,0.817543,0.91052,0.827957,0.814142,0.81712
3.249,2.08655,0.828095,0.868737,0.716336,0.770625,0.780372,0.817227,0.907307,0.82793,0.811937,0.817094
3.2492,2.0868,0.826896,0.868947,0.716909,0.770061,0.781068,0.816882,0.905028,0.827957,0.81001,0.817265
3.2494,2.08766,0.825551,0.869988,0.717524,0.769743,0.781015,0.816803,0.903987,0.828424,0.808786,0.817911
3.2496,2.08891,0.824498,0.87175,0.71796,0.769157,0.780239,0.816899,0.903484,0.829472,0.808381,0.818903
3.2498,2.09015,0.824007,0.873678,0.718105,0.768246,0.778853,0.817238,0.90328,0.830861,0.808135,0.819988
3.25,2.09073,0.8234,0.874967,0.718085,0.7673,0.777589,0.817743,0.902043,0.832067,0.808176,0.820659
3.2502,2.09037,0.822643,0.874977,0.718048,0.766565,0.777297,0.8179,0.898767,0.83259,0.807578,0.820588
3.2504,2.08944,0.821692,0.873703,0.717926,0.765636,0.777725,0.817406,0.894439,0.832453,0.805853,0.820016
3.2506,2.08827,0.820994,0.871975,0.717706,0.76448,0.778286,0.816252,0.889773,0.832049,0.803646,0.819119
3.2508,2.08768,0.820207,0.870546,0.717364,0.763426,0.7787,0.815074,0.886172,0.831839,0.801779,0.818592
3.251,2.08733,0.818907,0.869813,0.716995,0.762519,0.778737,0.814352,0.884139,0.83177,0.801009,0.81838
3.2512,2.08664,0.817376,0.86994,0.716834,0.761713,0.778413,0.814656,0.883804,0.831372,0.801201,0.818006
3.2514,2.08509,0.816318,0.870265,0.717007,0.761061,0.777761,0.815336,0.883642,0.830698,0.801647,0.817092
3.2516,2.08225,0.815842,0.869717,0.717453,0.760498,0.776764,0.815706,0.881863,0.829956,0.801533,0.815152
3.2518,2.07894,0.815758,0.868329,0.717942,0.759947,0.775797,0.81541,0.878474,0.829384,0.800704,0.812693
3.252,2.07562,0.815327,0.866141,0.718251,0.759461,0.775383,0.814652,0.874476,0.829006,0.799586,0.810153
3.2522,2.07338,0.814434,0.86347,0.718331,0.759106,0.775635,0.813334,0.871322,0.828406,0.798814,0.808274
3.2524,2.07225,0.813248,0.861049,0.718221,0.758816,0.776158,0.811967,0.869923,0.827561,0.798838,0.807377
3.2526,2.07153,0.812191,0.858902,0.717942,0.758541,0.776351,0.811028,0.870273,0.82621,0.799681,0.806952
3.2528,2.07043,0.811587,0.856996,0.717617,0.758363,0.776061,0.810761,0.871341,0.825098,0.800625,0.806403
3.253,2.06804,0.811546,0.85512,0.717463,0.758159,0.775524,0.810497,0.871787,0.824094,0.800908,0.805011
3.2532,2.06408,0.811697,0.853276,0.717521,0.757771,0.774975,0.809899,0.871007,0.822702,0.80082,0.802369
3.2534,2.05919,0.811251,0.851362,0.717464,0.757705,0.774597,0.809566,0.86949,0.820886,0.801075,0.798856
3.2536,2.05438,0.810427,0.849322,0.71723,0.758379,0.774714,0.809669,0.867833,0.818875,0.801442,0.79524
3.2538,2.05055,0.80987,0.847274,0.716547,0.759045,0.774701,0.809868,0.866711,0.817201,0.801456,0.79227
3.254,2.04822,0.809501,0.845263,0.715477,0.758865,0.774429,0.809351,0.867121,0.816053,0.800823,0.790438
3.2542,2.0471,0.808876,0.843303,0.714252,0.757697,0.773928,0.808229,0.868363,0.815069,0.799731,0.789692
3.2544,2.04642,0.807772,0.841441,0.713404,0.756198,0.773903,0.807042,0.868758,0.813909,0.798793,0.789451
3.2546,2.04553,0.806228,0.839833,0.713797,0.755267,0.774284,0.806124,0.867659,0.812464,0.798631,0.789154
3.2548,2.04393,0.804603,0.838609,0.71459,0.755412,0.774749,0.80563,0.865349,0.810978,0.799385,0.788379
3.255,2.04162,0.803555,0.837768,0.714686,0.756425,0.77497,0.805517,0.863007,0.809827,0.800617,0.786999
3.2552,2.03914,0.80352,0.837207,0.713714,0.757581,0.774844,0.80513,0.862285,0.809224,0.801682,0.785374
3.2554,2.03697,0.804217,0.836725,0.711937,0.758487,0.774661,0.804698,0.86358,0.809397,0.802235,0.783943
3.2556,2.03532,0.804893,0.836186,0.710194,0.758485,0.774314,0.804482,0.865621,0.810185,0.801956,0.782899
3.2558,2.03428,0.804912,0.835463,0.709196,0.757509,0.773614,0.804193,0.86679,0.810424,0.801071,0.782316
3.256,2.03381,0.80435,0.834575,0.709697,0.756079,0.772498,0.803935,0.866404,0.809619,0.800177,0.782224
3.2562,2.03358,0.803759,0.834543,0.710983,0.755016,0.771198,0.80364,0.865062,0.808637,0.799319,0.782378
3.2564,2.03324,0.80372,0.83556,0.711524,0.754932,0.769879,0.803218,0.864018,0.808034,0.799087,0.782514
3.2566,2.03236,0.803363,0.836977,0.710604,0.755534,0.768954,0.802466,0.863937,0.80752,0.799565,0.782312
3.2568,2.03094,0.802235,0.837645,0.709331,0.756464,0.768727,0.801971,0.864218,0.807509,0.800032,0.781635
3.257,2.02923,0.800364,0.837281,0.709285,0.756412,0.769758,0.80195,0.863529,0.807583,0.799817,0.78069
3.2572,2.02752,0.798496,0.835761,0.710337,0.755233,0.771499,0.802906,0.861155,0.807944,0.799831,0.779676
3.2574,2.02623,0.797335,0.833992,0.711897,0.754298,0.772513,0.804047,0.857855,0.808564,0.799884,0.778923
3.2576,2.02565,0.798623,0.832982,0.712912,0.754438,0.771984,0.805094,0.855951,0.809119,0.79923,0.778677
3.2578,2.02599,0.802097,0.834111,0.713107,0.756425,0.770797,0.805614,0.855744,0.809176,0.79799,0.779137
3.258,2.02695,0.805615,0.83682,0.713142,0.75907,0.770359,0.804712,0.854874,0.809547,0.796421,0.780169
3.2582,2.02813,0.806849,0.839624,0.713362,0.760108,0.771273,0.803183,0.851998,0.811212,0.795325,0.781423
3.2584,2.02891,0.805909,0.840913,0.713589,0.759698,0.772139,0.802202,0.848372,0.81357,0.796741,0.782497
3.2586,2.02878,0.804025,0.840216,0.71371,0.758698,0.771529,0.802268,0.846021,0.814704,0.799587,0.782905
3.2588,2.02791,0.802267,0.838167,0.713863,0.757883,0.769528,0.803748,0.845596,0.813872,0.801421,0.782624
3.259,2.02659,0.802621,0.83633,0.714265,0.757288,0.767089,0.806148,0.846348,0.812883,0.800774,0.781984
3.2592,2.02537,0.805563,0.835475,0.714854,0.756662,0.765268,0.808454,0.846684,0.812811,0.797843,0.781241
3.2594,2.02481,0.809686,0.83573,0.71582,0.756049,0.764396,0.80916,0.845202,0.813587,0.794854,0.781019
3.2596,2.02485,0.812593,0.836402,0.717274,0.755521,0.76482,0.808518,0.841911,0.814978,0.794793,0.781223
3.2598,2.02523,0.812756,0.836962,0.718449,0.755595,0.766725,0.807348,0.837688,0.815689,0.797743,0.781812
3.26,2.02599,0.810723,0.83699,0.718494,0.757342,0.768473,0.807195,0.833846,0.815193,0.801886,0.782616
3.2602,2.02638,0.808388,0.837323,0.717485,0.759433,0.768639,0.808389,0.831304,0.814374,0.804734,0.783393
3.2604,2.0257,0.807457,0.837794,0.71595,0.760332,0.767438,0.809703,0.83036,0.813789,0.804949,0.783324
3.2606,2.0242,0.808473,0.837769,0.714897,0.759757,0.766111,0.810243,0.830779,0.813722,0.803621,0.782584
3.2608,2.02213,0.810803,0.836621,0.715291,0.758551,0.765569,0.809974,0.831463,0.81381,0.802168,0.781299
3.261,2.02024,0.813009,0.83497,0.716515,0.75778,0.766289,0.809347,0.831211,0.814017,0.80185,0.780038
3.2612,2.01888,0.813919,0.833415,0.717454,0.757734,0.767973,0.80896,0.829847,0.815053,0.803062,0.779171
3.2614,2.01787,0.813614,0.832584,0.717733,0.758186,0.769374,0.809006,0.828212,0.816061,0.805009,0.778641
3.2616,2.01702,0.81289,0.832949,0.717293,0.758829,0.769377,0.809083,0.82772,0.816219,0.806197,0.778264
3.2618,2.016,0.812473,0.834323,0.71669,0.759219,0.768718,0.809366,0.82903,0.815245,0.805508,0.777847
3.262,2.01469,0.812552,0.835752,0.716426,0.759139,0.76871,0.809971,0.831046,0.813857,0.803687,0.777171
3.2622,2.0133,0.81301,0.836311,0.716545,0.758783,0.769616,0.810449,0.832543,0.813029,0.802223,0.776388
3.2624,2.0134,0.81333,0.835803,0.716736,0.75872,0.770748,0.810276,0.833391,0.81338,0.802774,0.776379
3.2626,2.01532,0.813081,0.834498,0.716874,0.759787,0.770999,0.80962,0.833656,0.814516,0.804224,0.777904
3.2628,2.01823,0.812804,0.833072,0.716848,0.761367,0.770512,0.809105,0.832775,0.815355,0.804901,0.780354
3.263,2.02096,0.814717,0.832303,0.716644,0.763136,0.770354,0.809111,0.830863,0.815862,0.803968,0.782911
3.2632,2.02235,0.817663,0.832537,0.71632,0.763656,0.770788,0.809637,0.82915,0.816483,0.801377,0.784532
3.2634,2.02253,0.818785,0.833697,0.716269,0.762741,0.771358,0.810274,0.82877,0.817344,0.797972,0.785091
3.2636,2.02198,0.816928,0.835362,0.716637,0.76152,0.771599,0.810439,0.830051,0.818357,0.795278,0.784997
3.2638,2.02108,0.812935,0.836879,0.717104,0.76119,0.771041,0.81092,0.832139,0.819375,0.79437,0.784504
3.264,2.02092,0.809461,0.837697,0.717233,0.761479,0.770259,0.811647,0.833612,0.820506,0.794557,0.784413
3.2642,2.02158,0.80784,0.837444,0.716868,0.761721,0.769865,0.812242,0.834056,0.821396,0.794628,0.785008
3.2644,2.02274,0.80804,0.836467,0.71629,0.761788,0.769667,0.812055,0.834424,0.821662,0.793485,0.786021
3.2646,2.02436,0.809472,0.835424,0.716094,0.762182,0.770026,0.811055,0.835563,0.821028,0.791163,0.787454
3.2648,2.02589,0.810671,0.834823,0.716149,0.762724,0.770899,0.809971,0.83656,0.82016,0.788562,0.788851
3.265,2.02702,0.81034,0.834922,0.716226,0.763329,0.771712,0.809669,0.836426,0.820168,0.7867,0.790028
3.2652,2.02784,0.808119,0.83548,0.716145,0.763405,0.771525,0.810332,0.836078,0.820688,0.786055,0.790813
3.2654,2.02866,0.804961,0.835952,0.715899,0.763231,0.770233,0.811236,0.835995,0.821282,0.786295,0.791623
3.2656,2.02968,0.80238,0.835921,0.715488,0.763061,0.768749,0.81162,0.835453,0.820936,0.786647,0.792463
3.2658,2.03124,0.801361,0.835434,0.714965,0.76287,0.76812,0.811864,0.834198,0.819915,0.786478,0.793766
3.266,2.03256,0.801776,0.834823,0.714524,0.763081,0.768623,0.812507,0.831726,0.818874,0.785641,0.794971
3.2662,2.03336,0.802666,0.834513,0.714339,0.763408,0.769548,0.813014,0.828971,0.817641,0.784534,0.795843
3.2664,2.03352,0.803016,0.834741,0.714192,0.763674,0.769914,0.812402,0.826929,0.816179,0.783804,0.796097
3.2666,2.03396,0.802409,0.835407,0.714335,0.763361,0.769602,0.811502,0.826335,0.814559,0.783929,0.796476
3.2668,2.03435,0.801157,0.83592,0.714666,0.762663,0.768859,0.810847,0.826349,0.812784,0.784786,0.796904
3.267,2.03448,0.799977,0.835639,0.71465,0.762237,0.768135,0.810194,0.82569,0.811337,0.785614,0.797135
3.2672,2.034,0.799371,0.834527,0.714392,0.762637,0.768112,0.809811,0.822434,0.810339,0.786166,0.797022
3.2674,2.03256,0.799114,0.833163,0.713827,0.763265,0.768442,0.809519,0.816554,0.809203,0.786682,0.796081
3.2676,2.03132,0.799055,0.832047,0.713177,0.763212,0.768575,0.808979,0.810101,0.807575,0.786983,0.795052
3.2678,2.03117,0.799171,0.831098,0.712552,0.76263,0.768467,0.808039,0.806962,0.805645,0.787331,0.794828
3.268,2.0317,0.799103,0.829791,0.712451,0.761528,0.767874,0.807358,0.808118,0.803728,0.787478,0.795205
3.2682,2.03287,0.798562,0.827885,0.712669,0.760244,0.76677,0.80685,0.810771,0.802102,0.787535,0.796149
3.2684,2.03352,0.79746,0.825673,0.713229,0.75959,0.765561,0.806642,0.811236,0.800881,0.787924,0.79686
3.2686,2.03418,0.795993,0.823118,0.713516,0.759842,0.765571,0.806808,0.807165,0.799898,0.788831,0.797349
3.2688,2.03548,0.794537,0.820528,0.713619,0.760556,0.767047,0.807151,0.801137,0.798952,0.790116,0.798332
3.269,2.03676,0.793535,0.817952,0.713586,0.761013,0.768298,0.806876,0.797241,0.798056,0.790934,0.799449
3.2692,2.03753,0.793296,0.815472,0.71306,0.760723,0.767587,0.805571,0.797264,0.797396,0.790465,0.80023
3.2694,2.03703,0.793704,0.813386,0.712209,0.759493,0.765673,0.804101,0.800175,0.797128,0.789125,0.80018
3.2696,2.03497,0.794243,0.811428,0.711512,0.758049,0.76415,0.80293,0.802972,0.797213,0.787966,0.798877
3.2698,2.03216,0.794298,0.809245,0.710905,0.757675,0.764021,0.802204,0.803155,0.797067,0.787344,0.796769
3.27,2.02971,0.793462,0.806516,0.710591,0.758367,0.764809,0.801871,0.800662,0.796488,0.787926,0.794775
3.2702,2.02865,0.791762,0.803716,0.710677,0.759257,0.765457,0.801579,0.797716,0.796055,0.789474,0.79369
3.2704,2.02939,0.789899,0.801168,0.710816,0.759548,0.765388,0.800812,0.796276,0.796099,0.79078,0.794048
3.2706,2.0309,0.788907,0.799071,0.710825,0.758477,0.764519,0.799462,0.797129,0.796124,0.79085,0.79529
3.2708,2.03159,0.788691,0.797694,0.7106,0.756734,0.763791,0.79797,0.799231,0.795619,0.789697,0.796156
3.271,2.03076,0.789197,0.796816,0.710381,0.755528,0.763257,0.796755,0.800156,0.794533,0.787715,0.795873
3.2712,2.02865,0.789958,0.796042,0.710432,0.755282,0.762982,0.796036,0.798659,0.793399,0.786268,0.794487
3.2714,2.02626,0.789604,0.795002,0.710644,0.755758,0.762824,0.795767,0.796044,0.792823,0.786084,0.792656
3.2716,2.0244,0.787678,0.793663,0.710616,0.756788,0.762362,0.795784,0.794617,0.792989,0.787094,0.791187
3.2718,2.02358,0.784472,0.792236,0.710268,0.757365,0.761723,0.795867,0.795408,0.793696,0.788209,0.790402
3.272,2.02395,0.781342,0.791035,0.709699,0.757383,0.761378,0.79574,0.797499,0.794693,0.788679,0.790602
3.2722,2.02482,0.779649,0.790506,0.709084,0.756547,0.76088,0.795193,0.799162,0.79557,0.78832,0.791385
3.2724,2.02556,0.779831,0.790749,0.709373,0.755162,0.759929,0.794432,0.799433,0.795868,0.787467,0.792102
3.2726,2.02562,0.782149,0.791183,0.710322,0.754239,0.758792,0.793835,0.798708,0.795518,0.78629,0.79245
3.2728,2.02501,0.785709,0.791883,0.711078,0.754274,0.757825,0.793221,0.798039,0.794765,0.785349,0.792139
3.273,2.02408,0.787651,0.792582,0.711022,0.755153,0.757278,0.792792,0.797889,0.794024,0.78515,0.791547
3.2732,2.02343,0.785875,0.793063,0.710348,0.756132,0.757065,0.79243,0.797977,0.793549,0.785742,0.79104
3.2734,2.02322,0.782048,0.792971,0.70932,0.755918,0.757147,0.791991,0.797647,0.793521,0.786922,0.790934
3.2736,2.02301,0.779234,0.792474,0.708851,0.754548,0.757778,0.791478,0.796884,0.79371,0.788695,0.790891
3.2738,2.02235,0.778881,0.791732,0.709578,0.753936,0.758424,0.790764,0.79572,0.794054,0.790307,0.790606
3.274,2.02155,0.781529,0.791701,0.710878,0.754416,0.758978,0.790137,0.794336,0.794578,0.790823,0.79006
3.2742,2.02117,0.785575,0.792195,0.711759,0.754996,0.759247,0.789663,0.793435,0.795456,0.790148,0.789777
3.2744,2.02136,0.787869,0.793033,0.711836,0.754558,0.759217,0.789845,0.792434,0.796402,0.788915,0.789932
3.2746,2.02194,0.787027,0.794359,0.711807,0.752924,0.758989,0.790712,0.790402,0.797141,0.787989,0.790428
3.2748,2.02281,0.784755,0.795298,0.711858,0.752144,0.759074,0.791702,0.787637,0.797212,0.788235,0.791216
3.275,2.02325,0.783371,0.795312,0.711791,0.754148,0.760168,0.79183,0.78501,0.797262,0.789865,0.791768
3.2752,2.02313,0.783665,0.794463,0.711731,0.757761,0.761857,0.791086,0.783409,0.797088,0.791703,0.791889
3.2754,2.02223,0.785676,0.793368,0.711737,0.759826,0.762761,0.789959,0.781491,0.796692,0.792824,0.791424
3.2756,2.02074,0.788064,0.792939,0.711809,0.758258,0.762257,0.789526,0.779038,0.796975,0.792502,0.790433
3.2758,2.01896,0.788768,0.793528,0.711732,0.754042,0.760697,0.790226,0.777291,0.798077,0.790943,0.789178
3.276,2.01717,0.787486,0.794934,0.711357,0.750097,0.758942,0.791113,0.77694,0.799229,0.788937,0.787854
3.2762,2.01602,0.785513,0.796898,0.71086,0.748628,0.757837,0.79121,0.776426,0.799888,0.787885,0.786923
3.2764,2.01559,0.784875,0.798869,0.710664,0.749628,0.758237,0.790559,0.774507,0.799712,0.788562,0.78658
3.2766,2.01569,0.786272,0.800508,0.710609,0.751528,0.760351,0.790104,0.772059,0.799756,0.790447,0.786723
3.2768,2.01596,0.788855,0.801428,0.710741,0.752609,0.76263,0.790117,0.770376,0.800214,0.792385,0.787038
3.277,2.01634,0.791075,0.802235,0.71082,0.752256,0.763842,0.790704,0.76994,0.80141,0.79316,0.787447
3.2772,2.01682,0.791056,0.802764,0.710762,0.75105,0.763416,0.791648,0.770364,0.802242,0.792608,0.787921
3.2774,2.01745,0.789078,0.803004,0.711028,0.749858,0.76206,0.792464,0.770858,0.802233,0.791308,0.788498
3.2776,2.01811,0.78694,0.803164,0.711329,0.749341,0.760934,0.79254,0.770775,0.801377,0.79002,0.789139
3.2778,2.01863,0.786021,0.803474,0.711251,0.750084,0.760222,0.792407,0.770226,0.801133,0.789064,0.789673
3.278,2.01915,0.787273,0.803881,0.711197,0.751693,0.759575,0.792849,0.769965,0.802235,0.789051,0.790159
3.2782,2.01993,0.789726,0.804389,0.710881,0.752595,0.759269,0.793809,0.770728,0.803578,0.789767,0.790777
3.2784,2.02124,0.791912,0.805391,0.710137,0.752813,0.758965,0.794686,0.772399,0.803893,0.7905,0.791779
3.2786,2.02305,0.792296,0.807068,0.70904,0.753223,0.758074,0.794757,0.774175,0.803126,0.79099,0.793174
3.2788,2.02496,0.790683,0.809215,0.708192,0.753764,0.756643,0.793893,0.774966,0.801657,0.791169,0.794766
3.279,2.02627,0.788431,0.811338,0.70849,0.753765,0.755973,0.793185,0.775354,0.80079,0.791556,0.795992
3.2792,2.02655,0.787084,0.812528,0.709998,0.753151,0.75697,0.792933,0.77595,0.801832,0.792136,0.796442
3.2794,2.026,0.787692,0.812826,0.711945,0.752296,0.758413,0.793194,0.776314,0.803674,0.792711,0.796161
3.2796,2.02532,0.789614,0.8125,0.712706,0.751595,0.758938,0.79427,0.776185,0.804703,0.792492,0.795605
3.2798,2.02557,0.792396,0.812041,0.711655,0.751605,0.758229,0.7955,0.775695,0.804099,0.791889,0.795578
3.28,2.02739,0.794407,0.811653,0.709255,0.752533,0.757072,0.796374,0.774747,0.802292,0.791573,0.796721
3.2802,2.03039,0.794176,0.812143,0.707214,0.753671,0.756506,0.796466,0.773861,0.800701,0.792151,0.798927
3.2804,2.03355,0.791785,0.814105,0.70675,0.754067,0.756687,0.795396,0.774579,0.800593,0.792591,0.801459
3.2806,2.0357,0.788953,0.81671,0.707539,0.753526,0.757222,0.794197,0.777069,0.802013,0.792145,0.803378
3.2808,2.03613,0.787568,0.818554,0.708615,0.752376,0.757584,0.793918,0.779958,0.803828,0.791051,0.804026
3.281,2.03517,0.787996,0.818599,0.70897,0.750998,0.757352,0.795008,0.782304,0.80443,0.790042,0.803417
3.2812,2.0339,0.789373,0.817459,0.708509,0.750586,0.756402,0.796293,0.783593,0.80317,0.78993,0.802352
3.2814,2.03329,0.790792,0.816342,0.707678,0.751305,0.755373,0.796776,0.783209,0.801002,0.790604,0.801642
3.2816,2.03372,0.79172,0.81626,0.706737,0.752358,0.754959,0.795897,0.781904,0.799153,0.791733,0.801795
3.2818,2.03492,0.791361,0.817321,0.705857,0.752447,0.75516,0.794455,0.781723,0.798049,0.792357,0.80254
3.282,2.03636,0.789704,0.819097,0.705132,0.751386,0.75541,0.793654,0.782644,0.797476,0.792749,0.803704
3.2822,2.03679,0.787663,0.820884,0.704641,0.749323,0.755169,0.793983,0.783684,0.797311,0.792928,0.80422
3.2824,2.03578,0.785844,0.822604,0.704472,0.748013,0.754436,0.794715,0.784646,0.796485,0.793559,0.803704
3.2826,2.03315,0.784358,0.823976,0.704662,0.748082,0.753762,0.795289,0.78358,0.794625,0.794136,0.801853
3.2828,2.03001,0.783581,0.824457,0.705054,0.748639,0.753743,0.795288,0.780175,0.792704,0.794531,0.799375
3.283,2.0277,0.783749,0.824146,0.705289,0.748581,0.754405,0.794667,0.776387,0.790916,0.794592,0.797311
3.2832,2.0268,0.784125,0.823713,0.705355,0.747686,0.755058,0.794007,0.775714,0.789383,0.794516,0.796372
3.2834,2.02706,0.783708,0.823397,0.705278,0.745839,0.755131,0.794329,0.777964,0.788021,0.79481,0.796392
3.2836,2.02787,0.782476,0.823531,0.705029,0.743924,0.75471,0.795475,0.779981,0.786589,0.795651,0.797042
3.2838,2.02785,0.780433,0.824008,0.70493,0.742719,0.753927,0.796397,0.778332,0.784994,0.796718,0.797273
3.284,2.02661,0.778049,0.824504,0.704875,0.742976,0.753105,0.796328,0.773499,0.783198,0.797793,0.796559
3.2842,2.02439,0.776149,0.82494,0.704797,0.744071,0.752187,0.795398,0.768692,0.781768,0.798531,0.794993
3.2844,2.02199,0.775173,0.824671,0.704548,0.744434,0.751144,0.794823,0.767373,0.78054,0.798703,0.793114
3.2846,2.02046,0.77486,0.823674,0.704754,0.74332,0.749972,0.79548,0.769202,0.779714,0.79872,0.791741
3.2848,2.02013,0.774792,0.822231,0.705689,0.741135,0.748653,0.796744,0.771573,0.779209,0.799291,0.791338
3.285,2.02056,0.774253,0.821292,0.706663,0.738981,0.747145,0.797561,0.771561,0.778515,0.800201,0.791641
3.2852,2.02114,0.772885,0.821659,0.70674,0.737796,0.74588,0.797411,0.768171,0.777379,0.801434,0.792192
3.2854,2.0212,0.770931,0.822521,0.705915,0.737784,0.744893,0.796677,0.76309,0.776226,0.802319,0.792445
3.2856,2.02051,0.769106,0.822946,0.704659,0.738347,0.743624,0.796097,0.75954,0.775576,0.802336,0.792096
3.2858,2.01944,0.768089,0.821978,0.703815,0.738565,0.742273,0.795891,0.759378,0.775721,0.801752,0.79135
3.286,2.01833,0.768029,0.819974,0.703615,0.738007,0.740875,0.795899,0.762013,0.776313,0.801564,0.790568
3.2862,2.01744,0.768471,0.81814,0.703611,0.736915,0.739261,0.795908,0.765028,0.776668,0.802126,0.789873
3.2864,2.01717,0.76874,0.816866,0.703676,0.735762,0.737377,0.795421,0.766058,0.775903,0.80296,0.789584
3.2866,2.01779,0.768318,0.816307,0.70358,0.734827,0.735682,0.794616,0.764451,0.774652,0.803282,0.790027
3.2868,2.01841,0.766963,0.816256,0.703183,0.734474,0.734637,0.794118,0.761558,0.774275,0.803041,0.790635
3.287,2.0186,0.765345,0.815947,0.702547,0.73461,0.73411,0.79407,0.759213,0.774739,0.8023,0.790992
3.2872,2.01769,0.764673,0.814699,0.701989,0.734722,0.733818,0.794298,0.758622,0.77506,0.801729,0.790602
3.2874,2.0157,0.764839,0.812744,0.701554,0.734206,0.73309,0.794451,0.760133,0.77453,0.801489,0.789279
3.2876,2.01345,0.764977,0.811062,0.701463,0.733009,0.731771,0.794011,0.762342,0.773037,0.801994,0.787589
3.2878,2.01164,0.764302,0.81028,0.70147,0.731544,0.730369,0.79296,0.763581,0.771184,0.803177,0.786146
3.288,2.01082,0.762794,0.810431,0.701383,0.730343,0.729349,0.791741,0.763308,0.770059,0.804083,0.785394
3.2882,2.0111,0.761138,0.811062,0.701291,0.729724,0.728842,0.790903,0.761485,0.77032,0.803753,0.785546
3.2884,2.01193,0.760111,0.811288,0.701452,0.72967,0.728556,0.790684,0.759778,0.771557,0.802573,0.786257
3.2886,2.0127,0.760043,0.810237,0.701813,0.730182,0.728177,0.790878,0.759306,0.772642,0.801301,0.78702
3.2888,2.01283,0.76067,0.808718,0.702016,0.730838,0.727664,0.790928,0.760275,0.772924,0.80066,0.787403
3.289,2.01186,0.761323,0.807503,0.701771,0.730809,0.727198,0.790285,0.761952,0.772336,0.800813,0.786948
3.2892,2.01018,0.761569,0.806893,0.701049,0.729795,0.72715,0.788968,0.763214,0.771348,0.801276,0.785823
3.2894,2.00863,0.761383,0.806743,0.700195,0.728067,0.727467,0.787472,0.763584,0.770964,0.801132,0.784651
3.2896,2.00704,0.761142,0.806688,0.699801,0.726643,0.727731,0.786234,0.763161,0.771588,0.800186,0.7836
3.2898,2.00524,0.760401,0.80676,0.699988,0.726261,0.7277,0.785461,0.762277,0.772526,0.799072,0.782279
3.29,2.00405,0.759073,0.806801,0.700596,0.726732,0.727322,0.785314,0.761352,0.772751,0.79854,0.781391
3.2902,2.00286,0.757525,0.806793,0.701375,0.727168,0.726828,0.784953,0.760901,0.772375,0.798616,0.780548
3.2904,2.00295,0.75631,0.806898,0.701259,0.727091,0.726683,0.783801,0.760738,0.773369,0.799917,0.780463
3.2906,2.00465,0.755826,0.806966,0.699915,0.726082,0.72729,0.781814,0.761226,0.774861,0.800908,0.781709
3.2908,2.00644,0.757992,0.806883,0.697895,0.724397,0.728713,0.779868,0.761936,0.775405,0.800166,0.78337
3.291,2.00714,0.762192,0.806584,0.696171,0.723102,0.730379,0.77907,0.761553,0.775097,0.798424,0.78428
3.2912,2.00623,0.765453,0.806529,0.696191,0.72314,0.731492,0.778884,0.759677,0.773679,0.796131,0.784054
3.2914,2.00354,0.765949,0.806943,0.698734,0.724107,0.731753,0.778771,0.756814,0.771786,0.794766,0.782307
3.2916,2.00068,0.76433,0.80831,0.702054,0.724321,0.731466,0.77827,0.754483,0.770577,0.796723,0.780167
3.2918,1.99773,0.762193,0.810274,0.703388,0.723094,0.731365,0.777432,0.753495,0.77042,0.800931,0.778046
3.292,1.99512,0.762101,0.811867,0.701547,0.721157,0.732044,0.775908,0.753381,0.770735,0.804151,0.776005
3.2922,1.99377,0.764465,0.813226,0.698003,0.71975,0.733467,0.773844,0.753126,0.770895,0.803928,0.774908
3.2924,1.99298,0.768285,0.814571,0.695178,0.71932,0.734923,0.772277,0.751501,0.77089,0.8002,0.774424
3.2926,1.99262,0.771185,0.815671,0.69463,0.719546,0.735495,0.771743,0.748215,0.770925,0.795925,0.774228
3.2928,1.99295,0.77134,0.8169,0.696023,0.719854,0.735443,0.771932,0.744477,0.770839,0.795264,0.774471
3.293,1.99427,0.769271,0.818644,0.697776,0.719626,0.735378,0.7722,0.741886,0.770079,0.798523,0.775579
3.2932,1.99584,0.766644,0.820794,0.698426,0.719847,0.735163,0.771857,0.741239,0.768776,0.803037,0.776982
3.2934,1.99749,0.76529,0.823161,0.697632,0.721017,0.735203,0.77087,0.741733,0.767838,0.805603,0.778442
3.2936,1.99817,0.765952,0.824959,0.6962,0.72227,0.735274,0.76988,0.742186,0.767882,0.804649,0.779385
3.2938,1.99804,0.768609,0.825784,0.695138,0.722817,0.735345,0.769571,0.741883,0.76872,0.802051,0.779491
3.294,1.99791,0.771606,0.826024,0.695004,0.722763,0.735251,0.770102,0.741124,0.769719,0.800126,0.779526
3.2942,1.99753,0.773023,0.826102,0.695656,0.72262,0.735037,0.771234,0.74038,0.770242,0.799822,0.779415
3.2944,1.99752,0.772497,0.826499,0.69633,0.722556,0.735079,0.772201,0.740278,0.770498,0.801088,0.77941
3.2946,1.99811,0.771179,0.827306,0.696556,0.723138,0.734911,0.7722,0.741049,0.771333,0.802789,0.779922
3.2948,1.99879,0.770071,0.828108,0.696492,0.723794,0.734129,0.771722,0.742049,0.77233,0.803603,0.780589
3.295,1.99948,0.76974,0.828609,0.69659,0.723552,0.732838,0.771627,0.743094,0.772767,0.803465,0.781246
3.2952,2.00006,0.76983,0.828791,0.696812,0.723007,0.73153,0.771968,0.744476,0.77245,0.80354,0.781864
3.2954,2.00035,0.769924,0.8291,0.697045,0.723094,0.730698,0.772305,0.745466,0.771807,0.803705,0.782237
3.2956,2.00066,0.770156,0.829656,0.696792,0.723541,0.730381,0.772277,0.746047,0.771395,0.803236,0.782562
3.2958,2.00104,0.770356,0.829932,0.696211,0.723711,0.730077,0.771866,0.746958,0.771893,0.80211,0.782946
3.296,2.00152,0.770353,0.829858,0.695452,0.723894,0.729838,0.771446,0.748975,0.773861,0.800738,0.783386
3.2962,2.00224,0.770494,0.829555,0.69508,0.724312,0.729751,0.771561,0.750502,0.776464,0.799589,0.783973
3.2964,2.00333,0.770509,0.829138,0.695297,0.724635,0.729813,0.772345,0.750502,0.778286,0.799524,0.784834
3.2966,2.00475,0.77057,0.82891,0.69589,0.724714,0.730028,0.773442,0.749377,0.778587,0.800831,0.785967
3.2968,2.0062,0.770956,0.829097,0.69635,0.724794,0.730382,0.774401,0.748949,0.777972,0.802479,0.787177
3.297,2.00745,0.771451,0.829129,0.696258,0.72446,0.730785,0.774924,0.750188,0.777572,0.803169,0.788261
3.2972,2.0081,0.771759,0.829052,0.695478,0.724074,0.731015,0.774904,0.752709,0.777876,0.802474,0.78896
3.2974,2.00791,0.771992,0.828678,0.694222,0.724073,0.731094,0.774522,0.755321,0.778533,0.800691,0.78899
3.2976,2.00729,0.772256,0.827999,0.693067,0.724754,0.731179,0.774313,0.756924,0.778828,0.798737,0.788589
3.2978,2.00671,0.772196,0.827161,0.692374,0.725911,0.731316,0.774727,0.757341,0.778313,0.798025,0.788095
3.298,2.00678,0.771528,0.826235,0.692296,0.726855,0.731706,0.775315,0.757125,0.77704,0.799343,0.788052
3.2982,2.00744,0.77036,0.825581,0.69233,0.726886,0.732343,0.77565,0.757265,0.775529,0.801334,0.788485
3.2984,2.00861,0.768958,0.825308,0.691965,0.726051,0.733255,0.775022,0.757752,0.774829,0.802042,0.789398
3.2986,2.00917,0.767449,0.825156,0.690971,0.725611,0.73417,0.77368,0.758461,0.774911,0.800691,0.790033
3.2988,2.00869,0.766654,0.824994,0.689741,0.726312,0.734616,0.772093,0.759382,0.775396,0.797871,0.7899
3.299,2.00668,0.766515,0.824815,0.688845,0.728084,0.734645,0.771206,0.758946,0.775046,0.795444,0.788684
3.2992,2.00327,0.766228,0.824731,0.688841,0.729596,0.73459,0.771141,0.756993,0.773579,0.794452,0.786204
3.2994,2.0001,0.764985,0.825055,0.689338,0.730235,0.734834,0.771619,0.754304,0.771504,0.795232,0.783647
3.2996,1.99781,0.763181,0.82581,0.690269,0.730012,0.735602,0.77169,0.752717,0.770099,0.796627,0.781729
3.2998,1.99687,0.760975,0.826836,0.691276,0.729366,0.736713,0.771027,0.751734,0.769434,0.796921,0.780806
3.3,1.99689,0.759478,0.82787,0.691225,0.72897,0.737666,0.769658,0.751208,0.768976,0.795754,0.780827
3.3002,1.9965,0.758898,0.828416,0.690653,0.729329,0.738138,0.768233,0.750143,0.768584,0.793881,0.780789
3.3004,1.99507,0.758457,0.828499,0.69045,0.730196,0.738383,0.767294,0.748947,0.767565,0.792414,0.779965
3.3006,1.99282,0.757579,0.828668,0.690693,0.731687,0.738432,0.767088,0.748591,0.765789,0.7917,0.778456
3.3008,1.98996,0.756515,0.829232,0.691388,0.733093,0.738318,0.767243,0.749721,0.763844,0.791534,0.776424
3.301,1.98735,0.755013,0.829987,0.691819,0.733522,0.737835,0.767236,0.750289,0.762167,0.791397,0.774387
3.3012,1.98559,0.753559,0.830624,0.691423,0.732914,0.737376,0.766995,0.74859,0.760902,0.790812,0.773008
3.3014,1.98454,0.752474,0.830708,0.690453,0.732147,0.736818,0.766386,0.745668,0.760055,0.789731,0.772222
3.3016,1.98422,0.751465,0.830082,0.689753,0.731616,0.73614,0.765518,0.742782,0.759382,0.788408,0.772012
3.3018,1.98412,0.750178,0.829095,0.689619,0.731896,0.735261,0.764678,0.741542,0.758702,0.787264,0.772134
3.302,1.98354,0.748845,0.828414,0.689951,0.732719,0.735054,0.764255,0.741364,0.758038,0.786619,0.771965
3.3022,1.98247,0.747885,0.828542,0.690513,0.733542,0.735035,0.764318,0.741224,0.75741,0.786446,0.771393
3.3024,1.98094,0.747268,0.829335,0.690641,0.733813,0.734234,0.764677,0.740953,0.756856,0.786512,0.770461
3.3026,1.97913,0.746732,0.830119,0.690399,0.733108,0.732116,0.765069,0.740715,0.756458,0.786488,0.769243
3.3028,1.97757,0.746112,0.830154,0.690268,0.732074,0.729214,0.765199,0.740415,0.756264,0.786146,0.768159
3.303,1.97644,0.745424,0.828954,0.690345,0.731115,0.72652,0.764954,0.740094,0.756147,0.785352,0.767355
3.3032,1.97607,0.744765,0.826895,0.690522,0.730796,0.72471,0.764684,0.74011,0.755822,0.784439,0.767101
3.3034,1.9768,0.743985,0.824943,0.69056,0.731065,0.724039,0.764447,0.7407,0.7554,0.783764,0.767687
3.3036,1.97777,0.743468,0.823671,0.690011,0.731307,0.723901,0.764029,0.741925,0.755372,0.783258,0.768698
3.3038,1.97797,0.743424,0.822839,0.688767,0.731108,0.723396,0.763336,0.743215,0.755901,0.78259,0.769245
3.304,1.97688,0.743355,0.821704,0.687533,0.730649,0.722214,0.76242,0.744146,0.756542,0.781613,0.768843
3.3042,1.97458,0.74269,0.820332,0.687053,0.729868,0.720528,0.761504,0.744728,0.756579,0.780406,0.767414
3.3044,1.97201,0.741352,0.818758,0.687498,0.729522,0.718868,0.760832,0.744352,0.755809,0.779263,0.76556
3.3046,1.97021,0.739744,0.816898,0.688412,0.729945,0.717755,0.760514,0.743732,0.755038,0.77853,0.764168
3.3048,1.96963,0.738469,0.814939,0.689125,0.730437,0.717423,0.760482,0.743371,0.755442,0.778299,0.763688
3.305,1.97029,0.738123,0.813215,0.689062,0.730827,0.717726,0.760542,0.743455,0.756985,0.778297,0.764206
3.3052,1.97167,0.738768,0.811542,0.688171,0.73066,0.718377,0.76052,0.744535,0.758646,0.778247,0.76543
3.3054,1.97287,0.739779,0.809358,0.687156,0.730084,0.71875,0.760237,0.746288,0.759684,0.778398,0.766673
3.3056,1.97333,0.740358,0.806605,0.686764,0.729658,0.718475,0.759567,0.747513,0.760198,0.778357,0.767391
3.3058,1.9728,0.740347,0.804278,0.687141,0.729494,0.718,0.758688,0.748098,0.760274,0.777846,0.767358
3.306,1.97143,0.73977,0.803394,0.687997,0.729273,0.717955,0.757921,0.748417,0.759385,0.776734,0.766595
3.3062,1.96969,0.739601,0.804123,0.688454,0.728724,0.718355,0.757364,0.748666,0.758078,0.775257,0.765469
3.3064,1.96795,0.739699,0.805669,0.688183,0.727633,0.718916,0.756701,0.749495,0.757038,0.773712,0.764264
3.3066,1.96626,0.73984,0.806791,0.687641,0.726135,0.719382,0.756081,0.751039,0.756179,0.772766,0.763162
3.3068,1.96458,0.740287,0.807264,0.687468,0.724962,0.719511,0.755443,0.751995,0.756571,0.77233,0.76205
3.307,1.96411,0.740299,0.807231,0.687483,0.725059,0.719524,0.754486,0.751489,0.759933,0.77262,0.761578
3.3072,1.96486,0.739259,0.806949,0.688066,0.726966,0.719866,0.753068,0.749738,0.76456,0.772456,0.762246
3.3074,1.96574,0.738875,0.80688,0.688833,0.729998,0.720827,0.751815,0.747061,0.766027,0.771686,0.763191
3.3076,1.96573,0.741295,0.807253,0.689353,0.732082,0.722273,0.751021,0.745468,0.763471,0.770429,0.763647
3.3078,1.96414,0.745026,0.80793,0.68944,0.732412,0.723791,0.750462,0.745358,0.758431,0.769285,0.762915
3.308,1.96136,0.747914,0.80866,0.688939,0.73121,0.725186,0.749603,0.745282,0.753728,0.768177,0.761095
3.3082,1.95868,0.748781,0.809228,0.688246,0.729383,0.726586,0.748576,0.743938,0.752283,0.766813,0.759128
3.3084,1.9565,0.747491,0.809502,0.687625,0.728826,0.727422,0.747489,0.740497,0.756413,0.765541,0.757551
3.3086,1.95516,0.745211,0.809571,0.687528,0.730223,0.727236,0.747048,0.735553,0.763514,0.76441,0.756549
3.3088,1.95477,0.744145,0.809491,0.68837,0.732392,0.726616,0.746893,0.731655,0.768681,0.763513,0.756378
3.309,1.95438,0.745495,0.808935,0.689484,0.733784,0.726135,0.746478,0.73042,0.769441,0.763196,0.756375
3.3092,1.95402,0.748497,0.808254,0.690215,0.733787,0.726001,0.745719,0.731434,0.766608,0.763131,0.756292
3.3094,1.95404,0.751281,0.807935,0.689979,0.733056,0.726527,0.744716,0.732588,0.762656,0.762955,0.756509
3.3096,1.95413,0.752564,0.807804,0.689251,0.73249,0.728758,0.743633,0.732777,0.761377,0.762506,0.756804
3.3098,1.95464,0.751897,0.807789,0.688052,0.732715,0.732125,0.742661,0.731074,0.763961,0.761495,0.757352
3.31,1.95522,0.750245,0.807592,0.68685,0.733601,0.734116,0.742003,0.728883,0.768178,0.760152,0.758092
3.3102,1.95542,0.749295,0.807651,0.686233,0.735238,0.733401,0.741922,0.727342,0.771107,0.758987,0.758527
3.3104,1.95555,0.750192,0.808975,0.685936,0.737039,0.730186,0.742552,0.727991,0.771457,0.758441,0.758855
3.3106,1.95559,0.75244,0.810548,0.68591,0.73749,0.726442,0.743617,0.730187,0.769516,0.758687,0.759114
3.3108,1.95581,0.754893,0.810788,0.685684,0.736757,0.724046,0.744504,0.732803,0.767564,0.759418,0.759436
3.311,1.95636,0.756247,0.809309,0.685651,0.735727,0.724272,0.744877,0.733913,0.766929,0.760165,0.760027
3.3112,1.95696,0.756139,0.80672,0.68588,0.735468,0.726216,0.744646,0.734027,0.768321,0.760975,0.760673
3.3114,1.95805,0.755785,0.804495,0.686728,0.735955,0.728085,0.744218,0.733773,0.771115,0.761326,0.761588
3.3116,1.95966,0.755943,0.803423,0.687499,0.7367,0.728403,0.744513,0.73492,0.773454,0.761103,0.76295
3.3118,1.96133,0.756469,0.803529,0.687349,0.736959,0.726669,0.746022,0.737514,0.773781,0.760203,0.764442
3.312,1.96245,0.757325,0.804413,0.686067,0.736335,0.723994,0.747791,0.740597,0.772048,0.759084,0.765625
3.3122,1.96248,0.75766,0.805086,0.684457,0.735163,0.721774,0.748703,0.743006,0.770076,0.758382,0.766002
3.3124,1.96158,0.757037,0.80479,0.68314,0.733996,0.720925,0.748187,0.743603,0.768409,0.759057,0.765574
3.3126,1.96019,0.756104,0.803553,0.682416,0.733201,0.721453,0.746733,0.742272,0.767564,0.760929,0.764671
3.3128,1.95891,0.755243,0.802036,0.682294,0.732864,0.722549,0.745491,0.740394,0.767076,0.762882,0.763736
3.313,1.95836,0.75503,0.801066,0.682508,0.73289,0.723197,0.745361,0.739726,0.766423,0.764131,0.763281
3.3132,1.95878,0.755313,0.801125,0.682669,0.73302,0.722929,0.746495,0.741087,0.765022,0.764716,0.763563
3.3134,1.96016,0.756208,0.80214,0.682611,0.732905,0.721989,0.748299,0.743635,0.76404,0.76483,0.764606
3.3136,1.96218,0.75711,0.803579,0.682428,0.73243,0.721036,0.749848,0.745704,0.763386,0.764559,0.766248
3.3138,1.96403,0.757582,0.804773,0.682251,0.731766,0.720795,0.75043,0.746326,0.762454,0.764259,0.767899
3.314,1.96491,0.75725,0.805296,0.682134,0.731125,0.721155,0.749961,0.746055,0.760281,0.764152,0.768933
3.3142,1.96434,0.756369,0.805159,0.682023,0.730537,0.721942,0.748902,0.746273,0.75721,0.764181,0.768864
3.3144,1.96252,0.755776,0.80498,0.682142,0.730019,0.723025,0.748072,0.747983,0.754139,0.764252,0.767722
3.3146,1.96009,0.755851,0.805262,0.682604,0.729781,0.723998,0.74814,0.750946,0.751973,0.764384,0.765988
3.3148,1.95803,0.75597,0.806117,0.68299,0.729777,0.724377,0.748603,0.753558,0.750972,0.764307,0.764319
3.315,1.95711,0.755494,0.807245,0.683084,0.729634,0.724084,0.749063,0.75455,0.750932,0.763802,0.763505
3.3152,1.95721,0.75395,0.808475,0.682909,0.728976,0.723362,0.748908,0.754073,0.751108,0.762926,0.763497
3.3154,1.95813,0.75214,0.809576,0.68282,0.727741,0.722688,0.748613,0.753113,0.750588,0.761793,0.764283
3.3156,1.95885,0.750473,0.810321,0.683163,0.726088,0.722456,0.748234,0.752706,0.749038,0.760385,0.765045
3.3158,1.9587,0.749428,0.810967,0.683889,0.724653,0.722893,0.748032,0.752495,0.746941,0.759428,0.765294
3.316,1.95692,0.748703,0.812026,0.684573,0.724069,0.723909,0.74772,0.753291,0.745184,0.758916,0.764334
3.3162,1.95374,0.748133,0.813639,0.684851,0.724878,0.72516,0.746895,0.753833,0.744512,0.758574,0.762198
3.3164,1.94994,0.747009,0.815414,0.684947,0.725803,0.72622,0.745421,0.752627,0.745119,0.758258,0.759397
3.3166,1.94677,0.745421,0.816795,0.684934,0.725575,0.726751,0.743775,0.750424,0.746499,0.757183,0.75688
3.3168,1.94471,0.743696,0.81753,0.685141,0.723727,0.726627,0.742446,0.748102,0.747838,0.755537,0.755257
3.317,1.94369,0.742478,0.817537,0.686005,0.721358,0.725996,0.741865,0.747265,0.748622,0.753686,0.754451
3.3172,1.94337,0.741653,0.8173,0.687095,0.719826,0.725425,0.74186,0.747518,0.748388,0.752652,0.754345
3.3174,1.9428,0.740736,0.817132,0.687827,0.71971,0.725555,0.741785,0.747464,0.747648,0.752945,0.754213
3.3176,1.94156,0.739598,0.817091,0.687653,0.720234,0.726297,0.741303,0.74543,0.747574,0.753514,0.753577
3.3178,1.93963,0.738223,0.817327,0.68677,0.720745,0.726892,0.740611,0.742796,0.748561,0.753996,0.752419
3.318,1.93741,0.736632,0.817113,0.685478,0.720446,0.726522,0.739882,0.740859,0.750167,0.754122,0.750881
3.3182,1.93593,0.735149,0.81607,0.684989,0.718998,0.725194,0.739397,0.741991,0.751445,0.753305,0.749767
3.3184,1.93544,0.734246,0.814149,0.685579,0.717099,0.723192,0.739192,0.745184,0.751957,0.752278,0.749444
3.3186,1.93578,0.733745,0.811797,0.686624,0.715748,0.721421,0.739216,0.747094,0.752356,0.751475,0.749798
3.3188,1.93662,0.733268,0.8097,0.687164,0.715412,0.720543,0.739294,0.746076,0.752795,0.750883,0.750652
3.319,1.93716,0.732572,0.808056,0.687041,0.71591,0.72021,0.739257,0.743448,0.753413,0.750656,0.751412
3.3192,1.93702,0.731699,0.806811,0.686277,0.716585,0.719572,0.739173,0.741136,0.754464,0.750635,0.751651
3.3194,1.93617,0.730882,0.805779,0.685182,0.716644,0.718419,0.739246,0.740798,0.755447,0.750389,0.751355
3.3196,1.93471,0.730347,0.804204,0.684417,0.715814,0.71664,0.739226,0.742828,0.755762,0.749857,0.750491
3.3198,1.93362,0.730136,0.801655,0.684202,0.714677,0.715093,0.739279,0.745753,0.755291,0.749243,0.749711
3.32,1.93349,0.729842,0.798213,0.684259,0.714066,0.713945,0.739697,0.748131,0.754496,0.748641,0.749669
3.3202,1.934,0.729176,0.794594,0.684322,0.714022,0.71276,0.740216,0.749199,0.753947,0.748164,0.750184
3.3204,1.93474,0.728827,0.791912,0.684125,0.71402,0.711339,0.740297,0.748788,0.753744,0.747632,0.750996
3.3206,1.93468,0.729181,0.790452,0.683735,0.71362,0.710031,0.73975,0.748141,0.753332,0.746895,0.751381
3.3208,1.93334,0.73,0.789819,0.683242,0.712934,0.709049,0.738686,0.748806,0.752705,0.746061,0.750773
3.321,1.93113,0.730325,0.789234,0.682891,0.712182,0.708273,0.737582,0.750587,0.751936,0.745316,0.749374
3.3212,1.92882,0.729472,0.788051,0.682812,0.711706,0.70754,0.736956,0.752126,0.750974,0.744827,0.747727
3.3214,1.92747,0.727824,0.786211,0.682918,0.711677,0.706833,0.737064,0.75293,0.749812,0.744775,0.74664
3.3216,1.92767,0.726327,0.78412,0.682992,0.711967,0.706243,0.737736,0.75368,0.748793,0.74512,0.746737
3.3218,1.92903,0.725672,0.782257,0.683113,0.712285,0.705682,0.738513,0.755173,0.747735,0.745535,0.747861
3.322,1.93081,0.726126,0.78094,0.683161,0.712657,0.705299,0.738953,0.757203,0.746281,0.745691,0.749464
3.3222,1.93199,0.727225,0.780116,0.683094,0.712709,0.705141,0.738756,0.758939,0.745396,0.745506,0.750798
3.3224,1.93162,0.728404,0.77957,0.683159,0.712281,0.705025,0.737944,0.759972,0.745565,0.744786,0.751027
3.3226,1.92993,0.728911,0.779082,0.683048,0.711436,0.705012,0.73693,0.760526,0.745646,0.743973,0.75009
3.3228,1.92775,0.728868,0.778809,0.682645,0.710551,0.705395,0.736134,0.760761,0.744817,0.743871,0.748637
3.323,1.92543,0.72811,0.778908,0.682207,0.709794,0.705911,0.735627,0.761015,0.743132,0.74428,0.747006
3.3232,1.92366,0.726834,0.779304,0.681849,0.709304,0.706177,0.73512,0.761816,0.741456,0.744796,0.745703
3.3234,1.92231,0.726034,0.779679,0.681799,0.709173,0.706093,0.734418,0.762672,0.741227,0.745466,0.744765
3.3236,1.92245,0.726075,0.7798,0.682283,0.70942,0.706485,0.733472,0.762561,0.743143,0.746036,0.744772
3.3238,1.92365,0.726883,0.77942,0.682649,0.709866,0.707356,0.732274,0.761031,0.745287,0.745353,0.745853
3.324,1.92457,0.727724,0.778578,0.682902,0.710017,0.707899,0.73088,0.758469,0.745775,0.743475,0.746883
3.3242,1.92511,0.728383,0.777776,0.683132,0.710165,0.708275,0.729857,0.756481,0.744878,0.740924,0.747629
3.3244,1.92433,0.729033,0.777596,0.683436,0.710272,0.708599,0.729499,0.755871,0.744176,0.738478,0.747545
3.3246,1.92223,0.729979,0.778425,0.683869,0.710283,0.708624,0.729413,0.755455,0.744323,0.736882,0.746259
3.3248,1.92004,0.731258,0.779982,0.683847,0.710402,0.708589,0.729196,0.755162,0.745664,0.736569,0.744678
3.325,1.91924,0.732544,0.78135,0.683543,0.710954,0.709185,0.728272,0.754768,0.748196,0.737194,0.743923
3.3252,1.92017,0.733039,0.781753,0.683626,0.711384,0.71082,0.726822,0.753416,0.750449,0.737665,0.744582
3.3254,1.92181,0.732088,0.780991,0.684285,0.711243,0.712734,0.725258,0.751005,0.75117,0.737646,0.746052
3.3256,1.92262,0.730392,0.779504,0.684921,0.710269,0.713928,0.724031,0.749083,0.751403,0.736616,0.747163
3.3258,1.92198,0.729182,0.778253,0.685102,0.708812,0.714792,0.723562,0.74851,0.752502,0.734946,0.747074
3.326,1.92032,0.729342,0.777954,0.684682,0.707798,0.715387,0.723527,0.749353,0.754814,0.73439,0.746195
3.3262,1.91815,0.730526,0.778318,0.683877,0.707651,0.716386,0.723407,0.750477,0.757321,0.734906,0.744636
3.3264,1.91745,0.731883,0.77866,0.683453,0.708391,0.71818,0.722805,0.750984,0.758798,0.735788,0.743909
3.3266,1.91895,0.732582,0.778153,0.683687,0.71033,0.720131,0.721676,0.749426,0.758685,0.736405,0.744884
3.3268,1.92208,0.733436,0.77657,0.684618,0.711969,0.72154,0.720565,0.746721,0.75721,0.736309,0.747227
3.327,1.92666,0.734579,0.774704,0.685525,0.712198,0.721917,0.72008,0.745287,0.75602,0.735578,0.750808
3.3272,1.93041,0.735374,0.774638,0.68557,0.711389,0.721387,0.720499,0.745655,0.756591,0.734646,0.754232
3.3274,1.93189,0.735698,0.776277,0.68461,0.710578,0.720709,0.72152,0.747151,0.758672,0.733983,0.755954
3.3276,1.93106,0.735835,0.778067,0.683598,0.710287,0.720561,0.722501,0.748106,0.760659,0.734097,0.755824
3.3278,1.9291,0.735943,0.778683,0.683202,0.710972,0.721642,0.722895,0.747161,0.761355,0.735504,0.754412
3.328,1.92816,0.736009,0.777047,0.683562,0.712327,0.723297,0.722397,0.745564,0.761231,0.737217,0.753468
3.3282,1.92953,0.736091,0.773418,0.683963,0.713096,0.724361,0.721816,0.746106,0.760725,0.738269,0.754155
3.3284,1.93267,0.735965,0.769316,0.683942,0.712905,0.72464,0.722146,0.749063,0.76036,0.738556,0.756493
3.3286,1.93592,0.735875,0.767028,0.683719,0.712563,0.724439,0.723356,0.752797,0.760119,0.737966,0.75918
3.3288,1.9382,0.736083,0.768349,0.683291,0.7127,0.724209,0.724415,0.754527,0.759789,0.737215,0.76128
3.329,1.93878,0.73645,0.77227,0.683052,0.713103,0.724079,0.724398,0.752274,0.759376,0.736775,0.7621
3.3292,1.93828,0.736647,0.775946,0.683101,0.714168,0.725052,0.723369,0.749099,0.758646,0.736736,0.761852
3.3294,1.93773,0.736619,0.777118,0.682637,0.71539,0.726866,0.721843,0.749629,0.757674,0.737106,0.761381
3.3296,1.93816,0.737105,0.775708,0.681253,0.716058,0.728475,0.7207,0.75348,0.756782,0.737942,0.761475
3.3298,1.94018,0.738011,0.772986,0.679,0.715746,0.729015,0.720716,0.758542,0.756139,0.739031,0.762771
3.33,1.94339,0.738855,0.770346,0.67713,0.715856,0.728073,0.722062,0.761234,0.755721,0.740106,0.765133
3.3302,1.94665,0.738894,0.769275,0.67605,0.71663,0.726686,0.724093,0.761841,0.755461,0.740928,0.767769
3.3304,1.94865,0.738341,0.770397,0.67594,0.716832,0.725981,0.725674,0.76038,0.755304,0.74122,0.76962
3.3306,1.94883,0.737441,0.772864,0.676492,0.715853,0.726227,0.725936,0.758769,0.755222,0.740861,0.770052
3.3308,1.94708,0.736752,0.775295,0.677039,0.714371,0.72749,0.724814,0.758751,0.755082,0.740116,0.768986
3.331,1.94453,0.736847,0.776917,0.676673,0.713153,0.728918,0.723159,0.760129,0.754666,0.739289,0.766962
3.3312,1.9424,0.737222,0.777897,0.675229,0.712939,0.729801,0.7222,0.762851,0.753929,0.738641,0.765151
3.3314,1.94103,0.737141,0.778373,0.673722,0.714073,0.729709,0.722335,0.764056,0.753428,0.738208,0.763887
3.3316,1.94101,0.736146,0.778066,0.672953,0.715606,0.728948,0.723378,0.762442,0.753222,0.737988,0.7636
3.3318,1.94187,0.734616,0.776964,0.673113,0.716208,0.728107,0.724808,0.761894,0.7532,0.737754,0.764182
3.332,1.94245,0.732864,0.775726,0.673791,0.71569,0.727921,0.725571,0.763936,0.753088,0.737769,0.764779
3.3322,1.94189,0.731204,0.775045,0.674432,0.714405,0.728444,0.724929,0.767067,0.752273,0.737944,0.76459
3.3324,1.94,0.729776,0.775118,0.674732,0.713478,0.729954,0.723161,0.76905,0.751241,0.737788,0.763349
3.3326,1.93688,0.728613,0.775962,0.674684,0.713441,0.731748,0.720944,0.768936,0.750437,0.736982,0.761132
3.3328,1.93344,0.728204,0.777715,0.674444,0.714579,0.732168,0.719399,0.767603,0.749694,0.735545,0.758444
3.333,1.93021,0.728273,0.78003,0.67429,0.715867,0.731448,0.719084,0.766856,0.748811,0.733956,0.755938
3.3332,1.92753,0.728198,0.781975,0.67431,0.716418,0.730824,0.719838,0.768169,0.747917,0.732919,0.753741
3.3334,1.92596,0.727045,0.782894,0.674521,0.715725,0.730796,0.720389,0.771687,0.746946,0.732714,0.752405
3.3336,1.92538,0.7247,0.782483,0.675137,0.714363,0.731588,0.720048,0.775517,0.745913,0.732641,0.751891
3.3338,1.92514,0.722233,0.780989,0.675982,0.713438,0.732701,0.718864,0.777686,0.744905,0.732109,0.751818
3.334,1.92457,0.720835,0.779278,0.676597,0.713574,0.733223,0.71764,0.777732,0.744448,0.730831,0.751589
3.3342,1.92328,0.720821,0.778228,0.676595,0.71434,0.733172,0.716604,0.77705,0.744528,0.729098,0.750856
3.3344,1.92137,0.720922,0.778465,0.67644,0.715022,0.732885,0.715804,0.777108,0.744472,0.727475,0.749562
3.3346,1.91955,0.720225,0.779826,0.676673,0.714973,0.732916,0.715358,0.778358,0.743805,0.726356,0.748215
3.3348,1.9181,0.718665,0.780877,0.677029,0.714244,0.733457,0.715014,0.780161,0.742597,0.72584,0.747151
3.335,1.91718,0.716761,0.780235,0.677193,0.713042,0.734103,0.714618,0.781386,0.741368,0.725704,0.746457
3.3352,1.91693,0.715038,0.777648,0.677589,0.71256,0.734415,0.714327,0.782406,0.740638,0.725627,0.746311
3.3354,1.91691,0.713865,0.773973,0.678177,0.71301,0.733992,0.714302,0.783907,0.740624,0.725337,0.746453
3.3356,1.91679,0.71334,0.770248,0.678401,0.713642,0.733221,0.714467,0.785768,0.741143,0.72478,0.746538
3.3358,1.91658,0.713227,0.767645,0.678059,0.713541,0.732757,0.71467,0.788754,0.741772,0.724113,0.746558
3.336,1.91615,0.713201,0.766311,0.677144,0.712737,0.732332,0.714794,0.790831,0.742144,0.723558,0.746417
3.3362,1.91547,0.713006,0.765737,0.675986,0.711674,0.73189,0.714643,0.791354,0.742162,0.723261,0.746084
3.3364,1.91486,0.712508,0.765117,0.675369,0.710921,0.731447,0.714171,0.790185,0.741859,0.722967,0.745739
3.3366,1.91461,0.711682,0.763508,0.675697,0.710623,0.730864,0.713954,0.789417,0.741441,0.722628,0.745568
3.3368,1.91514,0.710573,0.760637,0.676708,0.710165,0.729825,0.714219,0.790752,0.741456,0.722373,0.746025
3.337,1.9158,0.709565,0.757134,0.677398,0.709113,0.728693,0.714625,0.792793,0.7421,0.722167,0.746726
3.3372,1.91583,0.70898,0.753852,0.676983,0.707378,0.728072,0.714711,0.79435,0.743078,0.721787,0.747064
3.3374,1.91485,0.708885,0.751279,0.675836,0.70587,0.728413,0.714188,0.795101,0.743908,0.721056,0.746643
3.3376,1.91309,0.709136,0.749498,0.674591,0.705175,0.729084,0.712985,0.794175,0.744717,0.719952,0.745505
3.3378,1.91137,0.709361,0.748344,0.673998,0.70478,0.729185,0.71149,0.791408,0.744993,0.718671,0.744244
3.338,1.91038,0.709196,0.747488,0.674236,0.7043,0.728352,0.710566,0.788308,0.744657,0.717619,0.743452
3.3382,1.91045,0.708551,0.746645,0.674935,0.703493,0.72698,0.710805,0.786912,0.744206,0.717188,0.743456
3.3384,1.91152,0.707743,0.745718,0.675482,0.701609,0.725839,0.711911,0.787993,0.744215,0.717441,0.744304
3.3386,1.91292,0.707334,0.74471,0.675354,0.698613,0.725615,0.713024,0.790456,0.744916,0.717946,0.745552
3.3388,1.91386,0.707649,0.74383,0.674784,0.696224,0.726123,0.713341,0.792311,0.746348,0.718207,0.746562
3.339,1.91388,0.708634,0.743141,0.674505,0.695776,0.727189,0.712581,0.792257,0.747553,0.717923,0.746927
3.3392,1.91276,0.709778,0.742491,0.67465,0.697023,0.72803,0.711071,0.790621,0.748361,0.717038,0.746389
3.3394,1.91123,0.710511,0.741827,0.675129,0.698932,0.727692,0.709753,0.787928,0.748996,0.715787,0.745287
3.3396,1.91024,0.71072,0.741607,0.675407,0.699999,0.72603,0.709471,0.787332,0.749266,0.714772,0.744574
3.3398,1.90951,0.710104,0.741807,0.67524,0.69914,0.724388,0.710227,0.789788,0.749359,0.714543,0.74406
3.34,1.90954,0.708779,0.742206,0.674648,0.697179,0.723246,0.711347,0.793279,0.748813,0.714934,0.744123
3.3402,1.90963,0.707302,0.742478,0.673946,0.695887,0.722781,0.711594,0.794879,0.748109,0.715417,0.744263
3.3404,1.91054,0.706454,0.742258,0.673975,0.696441,0.723483,0.71068,0.793183,0.748195,0.715417,0.744979
3.3406,1.9112,0.706922,0.741448,0.674951,0.698309,0.725233,0.708772,0.790717,0.750992,0.716055,0.745796
3.3408,1.91069,0.708304,0.74039,0.676086,0.70011,0.727201,0.70674,0.789551,0.755609,0.717113,0.745749
3.341,1.90888,0.709755,0.739641,0.676777,0.701309,0.72817,0.705553,0.791819,0.758536,0.717971,0.744743
3.3412,1.90586,0.710394,0.739503,0.676811,0.701176,0.728285,0.705363,0.79673,0.758817,0.718533,0.742669
3.3414,1.90281,0.709753,0.740227,0.67668,0.700515,0.727997,0.705615,0.799953,0.756583,0.717899,0.740392
3.3416,1.90118,0.708258,0.741621,0.677075,0.700558,0.727718,0.706131,0.799404,0.754004,0.716814,0.738833
3.3418,1.90219,0.70647,0.742973,0.678166,0.701269,0.727015,0.70574,0.797638,0.753326,0.716253,0.739323
3.342,1.9049,0.706163,0.743529,0.678987,0.702025,0.72577,0.704166,0.796426,0.755561,0.716471,0.741408
3.3422,1.90769,0.708451,0.742989,0.678935,0.702387,0.724562,0.702295,0.798502,0.75896,0.717186,0.743869
3.3424,1.9087,0.711643,0.741355,0.678117,0.702464,0.723785,0.701108,0.802692,0.760946,0.718256,0.745223
3.3426,1.90807,0.713294,0.74019,0.677023,0.702549,0.723274,0.700899,0.806233,0.760773,0.71921,0.745107
3.3428,1.90639,0.712691,0.741097,0.676227,0.70246,0.7233,0.701159,0.807487,0.760068,0.719834,0.744056
3.343,1.90485,0.710627,0.743534,0.676385,0.702093,0.724108,0.701269,0.805854,0.759946,0.720848,0.742852
3.3432,1.90445,0.70921,0.746145,0.677294,0.701568,0.724978,0.700936,0.804091,0.760559,0.722123,0.742423
3.3434,1.90522,0.710568,0.748027,0.678173,0.701115,0.725648,0.700245,0.804684,0.761191,0.722858,0.742963
3.3436,1.90736,0.713764,0.748283,0.678305,0.700971,0.725889,0.699588,0.806506,0.761372,0.723148,0.744512
3.3438,1.91043,0.716338,0.746373,0.677305,0.701265,0.726114,0.699377,0.808999,0.76143,0.72335,0.746908
3.344,1.91373,0.717192,0.743028,0.675643,0.701804,0.726385,0.699706,0.811329,0.761671,0.723965,0.749576
3.3442,1.9169,0.717148,0.739596,0.674563,0.702145,0.726681,0.700376,0.812627,0.761999,0.724711,0.752171
3.3444,1.91955,0.716728,0.737247,0.674923,0.702084,0.727224,0.701043,0.813177,0.762546,0.725515,0.754403
3.3446,1.92146,0.716067,0.736512,0.675961,0.702021,0.727608,0.701247,0.813244,0.762815,0.725529,0.756109
3.3448,1.92221,0.71597,0.736833,0.676715,0.701897,0.727567,0.700995,0.813931,0.762507,0.724872,0.756883
3.345,1.92242,0.716524,0.737539,0.676339,0.701251,0.727723,0.700845,0.814966,0.761631,0.724619,0.757135
3.3452,1.92197,0.717282,0.737766,0.674873,0.700061,0.728055,0.701126,0.815527,0.76028,0.724804,0.756893
3.3454,1.92183,0.718133,0.737908,0.673276,0.698417,0.728507,0.70167,0.815656,0.758721,0.72544,0.756622
3.3456,1.92239,0.719463,0.738657,0.672482,0.6969,0.729534,0.702154,0.81597,0.757485,0.726159,0.75693
3.3458,1.92404,0.720889,0.739684,0.672512,0.696048,0.730687,0.70214,0.817511,0.757967,0.727023,0.757954
3.346,1.92666,0.722004,0.740891,0.672886,0.696103,0.73104,0.701509,0.818982,0.760825,0.727889,0.759864
3.3462,1.92937,0.721685,0.741947,0.673405,0.697682,0.730513,0.70076,0.819497,0.763458,0.728073,0.761998
3.3464,1.9313,0.72,0.742575,0.67351,0.69894,0.729778,0.700603,0.818891,0.763869,0.727964,0.763641
3.3466,1.93215,0.718238,0.742861,0.67312,0.698304,0.729715,0.701313,0.81774,0.762003,0.727713,0.764458
3.3468,1.93188,0.717194,0.743011,0.672709,0.696231,0.730446,0.70262,0.818001,0.758907,0.727748,0.764376
3.347,1.93084,0.717437,0.743275,0.672534,0.693317,0.731308,0.703933,0.820695,0.756448,0.727881,0.763577
3.3472,1.92966,0.719339,0.744025,0.672467,0.691014,0.731268,0.704674,0.825535,0.756144,0.727838,0.762579
3.3474,1.92871,0.721654,0.744995,0.672216,0.690421,0.730791,0.704647,0.829757,0.757749,0.727541,0.761696
3.3476,1.92864,0.7228,0.745858,0.671707,0.691182,0.730486,0.704012,0.830604,0.759542,0.727228,0.761394
3.3478,1.92922,0.721711,0.746546,0.6711,0.691709,0.730612,0.703328,0.829569,0.759722,0.727094,0.761724
3.348,1.92991,0.718673,0.747202,0.67062,0.69096,0.731189,0.703494,0.829736,0.758222,0.727199,0.76223
3.3482,1.92988,0.715698,0.747749,0.670371,0.688917,0.731618,0.704196,0.832594,0.756044,0.727681,0.762357
3.3484,1.92851,0.714606,0.748184,0.670344,0.686508,0.732024,0.704641,0.836291,0.754184,0.728265,0.761509
3.3486,1.92628,0.715445,0.748588,0.670449,0.685048,0.732294,0.704403,0.83865,0.753782,0.728857,0.759796
3.3488,1.92378,0.717179,0.74965,0.670534,0.685022,0.732365,0.703775,0.838631,0.754292,0.729355,0.757862
3.349,1.92134,0.718433,0.751615,0.670493,0.685869,0.732335,0.702862,0.836524,0.754649,0.729736,0.755878
3.3492,1.91935,0.718245,0.754329,0.670335,0.686547,0.732241,0.701727,0.834377,0.754128,0.730578,0.754266
3.3494,1.91742,0.716602,0.757067,0.670173,0.686365,0.732738,0.700485,0.834255,0.75329,0.731476,0.752788
3.3496,1.9153,0.714458,0.758533,0.670072,0.68547,0.734021,0.699268,0.836198,0.752465,0.731961,0.751208
3.3498,1.91326,0.713038,0.75775,0.669939,0.684519,0.735305,0.697996,0.840162,0.752698,0.731768,0.749624
3.35,1.91129,0.71287,0.755832,0.669668,0.684063,0.735382,0.696881,0.844411,0.754065,0.73112,0.748174
3.3502,1.90921,0.71348,0.754501,0.669284,0.684217,0.73458,0.696348,0.847463,0.755812,0.73098,0.746629
3.3504,1.90713,0.714284,0.754753,0.668936,0.684447,0.734086,0.696237,0.848342,0.756873,0.731753,0.745123
3.3506,1.90476,0.714715,0.756034,0.668487,0.684502,0.734285,0.695859,0.846855,0.75666,0.73275,0.743444
3.3508,1.90225,0.714331,0.757889,0.667882,0.684632,0.734938,0.694797,0.844836,0.755394,0.732856,0.7416
3.351,1.89984,0.713197,0.759495,0.667291,0.68523,0.735652,0.69317,0.844486,0.755334,0.732067,0.739849
3.3512,1.8974,0.711492,0.760041,0.66673,0.685752,0.735776,0.691675,0.845207,0.756753,0.730904,0.738107
3.3514,1.89513,0.709822,0.759576,0.66635,0.685911,0.734946,0.690988,0.846709,0.758204,0.730463,0.736443
3.3516,1.89319,0.709339,0.758873,0.665817,0.685712,0.733524,0.690951,0.848968,0.757917,0.731208,0.73506
3.3518,1.89151,0.709782,0.758368,0.665286,0.685255,0.732274,0.691108,0.850742,0.755563,0.732286,0.733888
3.352,1.8903,0.710889,0.758193,0.664847,0.684902,0.731783,0.69103,0.851409,0.752551,0.733148,0.733042
3.3522,1.88961,0.711655,0.758301,0.664344,0.685212,0.732102,0.690661,0.851045,0.750944,0.732851,0.732641
3.3524,1.88921,0.711981,0.75839,0.663473,0.686056,0.73268,0.690277,0.850292,0.751628,0.732041,0.732504
3.3526,1.88902,0.711979,0.758057,0.66219,0.686655,0.732557,0.690166,0.850181,0.753699,0.731405,0.732545
3.3528,1.8887,0.711741,0.757311,0.661204,0.686406,0.731686,0.690516,0.850934,0.755501,0.731868,0.73257
3.353,1.88775,0.710781,0.756817,0.660925,0.685224,0.730833,0.690835,0.851874,0.755567,0.733281,0.732172
3.3532,1.88669,0.709056,0.757184,0.661299,0.684103,0.730444,0.691028,0.852693,0.753832,0.734268,0.731538
3.3534,1.88591,0.708127,0.757966,0.661682,0.683673,0.730302,0.691295,0.85254,0.752281,0.734404,0.731056
3.3536,1.88596,0.70867,0.758244,0.661345,0.684498,0.729932,0.691691,0.85184,0.752176,0.733775,0.73113
3.3538,1.88698,0.70986,0.757327,0.660288,0.685152,0.728709,0.692162,0.851774,0.753009,0.732665,0.731983
3.354,1.88853,0.710284,0.755512,0.659003,0.68433,0.726786,0.692552,0.851899,0.75375,0.731805,0.733364
3.3542,1.88952,0.709705,0.753552,0.658007,0.68242,0.724361,0.692544,0.851566,0.75364,0.731706,0.73449
3.3544,1.88969,0.708272,0.75228,0.657609,0.679849,0.722285,0.692138,0.851007,0.752665,0.732272,0.734999
3.3546,1.88854,0.706946,0.752306,0.65781,0.678156,0.720858,0.691614,0.85126,0.751667,0.733024,0.734534
3.3548,1.88647,0.706538,0.753352,0.658322,0.677895,0.720703,0.691445,0.852526,0.751582,0.73346,0.733211
3.355,1.88422,0.707073,0.754308,0.658843,0.678232,0.720934,0.6918,0.853535,0.752451,0.733357,0.731635
3.3552,1.88243,0.707932,0.75444,0.659178,0.67808,0.720573,0.692631,0.855004,0.753612,0.73326,0.730277
3.3554,1.88191,0.708319,0.753923,0.659225,0.676602,0.71883,0.693701,0.85676,0.754372,0.733886,0.729803
3.3556,1.88308,0.70793,0.752027,0.659021,0.673985,0.716304,0.694618,0.857094,0.754395,0.735126,0.730593
3.3558,1.8855,0.707548,0.749033,0.658902,0.671408,0.713799,0.694898,0.855896,0.75387,0.736176,0.732526
3.356,1.88837,0.707515,0.746073,0.65911,0.669718,0.711941,0.694484,0.853585,0.753596,0.736445,0.7349
3.3562,1.89127,0.707726,0.743871,0.659719,0.669461,0.711006,0.69391,0.851865,0.754053,0.735937,0.737408
3.3564,1.89304,0.707662,0.742606,0.660514,0.669913,0.710607,0.693692,0.851108,0.754572,0.735027,0.73918
3.3566,1.89366,0.707332,0.742003,0.661394,0.670536,0.710188,0.694004,0.851263,0.754361,0.734489,0.739963
3.3568,1.8935,0.707008,0.741533,0.662334,0.670551,0.709589,0.694287,0.852891,0.753151,0.734978,0.740079
3.357,1.89261,0.706965,0.740712,0.662868,0.669871,0.709112,0.694202,0.854686,0.751957,0.736382,0.739614
3.3572,1.89201,0.707321,0.739555,0.662659,0.668828,0.708917,0.693463,0.854959,0.752906,0.738355,0.739085
3.3574,1.89251,0.707945,0.738497,0.662394,0.668125,0.709033,0.692212,0.853397,0.756048,0.740274,0.739422
3.3576,1.89342,0.708551,0.737922,0.662632,0.668133,0.709328,0.690828,0.850991,0.758154,0.741477,0.740163
3.3578,1.89481,0.708868,0.738416,0.663183,0.668563,0.709654,0.689605,0.849193,0.756828,0.741578,0.741273
3.358,1.89614,0.708839,0.740124,0.663851,0.668802,0.71007,0.688823,0.848705,0.752772,0.741507,0.742424
3.3582,1.89767,0.708705,0.742317,0.664171,0.668401,0.710885,0.688049,0.849584,0.747955,0.742462,0.743617
3.3584,1.89965,0.708952,0.743915,0.663929,0.667635,0.712002,0.6871,0.851488,0.745098,0.744282,0.745197
3.3586,1.901,0.709431,0.744233,0.663125,0.6668,0.713288,0.685775,0.853329,0.745243,0.745859,0.746491
3.3588,1.9013,0.710168,0.743699,0.662234,0.666494,0.713936,0.684075,0.853106,0.746808,0.746645,0.74692
3.359,1.90121,0.711218,0.743336,0.661838,0.667081,0.713438,0.682694,0.851849,0.747797,0.746696,0.746951
3.3592,1.90074,0.711841,0.743803,0.662022,0.668034,0.712199,0.682147,0.850834,0.746793,0.746445,0.746661
3.3594,1.90042,0.711482,0.744902,0.66253,0.668494,0.711343,0.682549,0.850452,0.744168,0.74642,0.746345
3.3596,1.90068,0.710442,0.745969,0.663493,0.667963,0.711499,0.683026,0.851429,0.741613,0.747381,0.746432
3.3598,1.90176,0.709593,0.746401,0.664281,0.666686,0.712602,0.682773,0.853216,0.74208,0.74925,0.74718
3.36,1.90374,0.709725,0.746156,0.664192,0.66547,0.713976,0.681711,0.853963,0.745132,0.750497,0.748524
3.3602,1.9063,0.71081,0.745657,0.663507,0.665057,0.714849,0.68051,0.85341,0.74838,0.750761,0.750542
3.3604,1.90864,0.712443,0.745458,0.662479,0.665586,0.714803,0.679915,0.853566,0.749366,0.750911,0.752398
3.3606,1.91037,0.713663,0.746097,0.662095,0.666502,0.714059,0.680185,0.854078,0.747851,0.750896,0.753925
3.3608,1.91081,0.713707,0.747577,0.662597,0.667074,0.71328,0.681032,0.855077,0.745921,0.75096,0.754479
3.361,1.91043,0.712878,0.749425,0.663278,0.66696,0.713049,0.681914,0.855691,0.745438,0.750991,0.754227
3.3612,1.90986,0.712237,0.750811,0.663921,0.666572,0.713386,0.682325,0.85527,0.746515,0.750755,0.753753
3.3614,1.90963,0.712916,0.751097,0.664413,0.666605,0.714232,0.682045,0.854821,0.747651,0.750192,0.753411
3.3616,1.91012,0.714885,0.750212,0.664052,0.667216,0.714896,0.681633,0.854486,0.748195,0.749629,0.753644
3.3618,1.91097,0.716575,0.749102,0.662945,0.667355,0.714659,0.681857,0.854469,0.748015,0.74957,0.754223
3.362,1.91195,0.716576,0.749396,0.661591,0.666498,0.71366,0.682797,0.855056,0.747471,0.749371,0.754923
3.3622,1.91288,0.714777,0.751431,0.660889,0.664832,0.712148,0.683869,0.854569,0.746866,0.74892,0.755658
3.3624,1.91327,0.712804,0.754328,0.661251,0.663123,0.710849,0.684446,0.853802,0.747149,0.748984,0.756023
3.3626,1.91328,0.712165,0.75692,0.661929,0.661906,0.710401,0.684226,0.853634,0.747848,0.749376,0.756013
3.3628,1.91323,0.712716,0.758354,0.662565,0.661936,0.710906,0.683489,0.854131,0.748324,0.749565,0.75592
3.363,1.91342,0.714419,0.75838,0.662529,0.662817,0.711398,0.682892,0.854701,0.747914,0.75002,0.755925
3.3632,1.91431,0.715786,0.757805,0.662183,0.663208,0.711545,0.683211,0.854817,0.746702,0.750239,0.75642
3.3634,1.91566,0.715278,0.757511,0.662075,0.662505,0.711294,0.68464,0.855139,0.74566,0.750524,0.757368
3.3636,1.91702,0.713861,0.757947,0.662155,0.660841,0.710367,0.686597,0.855435,0.745613,0.751144,0.758387
3.3638,1.91792,0.71272,0.759618,0.661946,0.659019,0.708873,0.688264,0.856275,0.746205,0.751664,0.759156
3.364,1.91765,0.712653,0.761869,0.661696,0.65758,0.707193,0.688962,0.857438,0.746308,0.751565,0.759107
3.3642,1.91655,0.71351,0.76353,0.661416,0.656815,0.706054,0.688495,0.858211,0.745567,0.75155,0.758261
3.3644,1.91559,0.714322,0.764089,0.661236,0.65686,0.705588,0.687422,0.858411,0.744475,0.75211,0.757372
3.3646,1.91484,0.714777,0.763996,0.661097,0.657173,0.705491,0.686725,0.858698,0.743488,0.753226,0.75666
3.3648,1.91484,0.714602,0.763806,0.6608,0.656927,0.705377,0.687317,0.859257,0.743433,0.754207,0.756441
3.365,1.9149,0.714351,0.763993,0.660293,0.655919,0.704895,0.688574,0.86064,0.743924,0.754586,0.756525
3.3652,1.91411,0.713976,0.76476,0.659621,0.654586,0.704108,0.689352,0.862179,0.744292,0.754124,0.756028
3.3654,1.91242,0.713429,0.766301,0.658962,0.653564,0.703436,0.688908,0.862507,0.744225,0.753055,0.754857
3.3656,1.90927,0.712843,0.768252,0.65875,0.653325,0.703238,0.687416,0.862673,0.743363,0.752058,0.752639
3.3658,1.90559,0.712418,0.769907,0.659158,0.653778,0.703528,0.685304,0.862942,0.742306,0.751689,0.74973
3.366,1.90235,0.711944,0.771122,0.659741,0.654449,0.704073,0.683504,0.863411,0.741548,0.752445,0.747094
3.3662,1.90012,0.711872,0.771176,0.659951,0.65494,0.704593,0.682507,0.865903,0.741394,0.754197,0.74514
3.3664,1.89924,0.711748,0.7701,0.659537,0.655008,0.70493,0.682706,0.868635,0.741394,0.755637,0.744254
3.3666,1.89914,0.711832,0.769223,0.658492,0.654717,0.704926,0.683397,0.868959,0.741763,0.755878,0.744179
3.3668,1.89851,0.712213,0.768915,0.657229,0.654354,0.704614,0.683477,0.866714,0.742137,0.754889,0.743919
3.367,1.89695,0.712044,0.769004,0.656445,0.654059,0.704473,0.682489,0.864666,0.742329,0.753622,0.742954
3.3672,1.89421,0.710336,0.769873,0.656682,0.654017,0.704622,0.680499,0.864532,0.741798,0.752876,0.741137
3.3674,1.89056,0.708519,0.771084,0.657406,0.654431,0.704832,0.678409,0.864605,0.740294,0.753148,0.73847
3.3676,1.88719,0.707516,0.771612,0.65749,0.65522,0.704803,0.676974,0.8658,0.738982,0.754205,0.735825
3.3678,1.88462,0.707396,0.770983,0.656466,0.6559,0.704412,0.676417,0.868183,0.738727,0.755024,0.733784
3.368,1.88316,0.707977,0.769824,0.654929,0.655931,0.703757,0.676462,0.86936,0.739299,0.755031,0.732556
3.3682,1.88287,0.708298,0.769101,0.653355,0.655314,0.70321,0.676665,0.868151,0.739963,0.754096,0.732312
3.3684,1.88304,0.707486,0.769179,0.652552,0.654473,0.70309,0.676581,0.865428,0.739703,0.752863,0.732585
3.3686,1.88309,0.705796,0.769867,0.652601,0.654078,0.703394,0.676087,0.863568,0.738241,0.752231,0.732837
3.3688,1.88267,0.704202,0.770657,0.652751,0.654511,0.703817,0.675493,0.863515,0.736895,0.752422,0.732796
3.369,1.88159,0.703629,0.770777,0.652495,0.655458,0.704019,0.675232,0.864685,0.736984,0.753001,0.732228
3.3692,1.8802,0.703818,0.769868,0.651665,0.656249,0.703796,0.675474,0.865774,0.7385,0.752902,0.731333
3.3694,1.87893,0.703932,0.768665,0.650416,0.656434,0.703111,0.676132,0.865904,0.740062,0.752582,0.730481
3.3696,1.87791,0.703302,0.767941,0.648883,0.655898,0.702247,0.676709,0.865184,0.74082,0.752491,0.729777
3.3698,1.87756,0.701641,0.767852,0.647664,0.654886,0.70169,0.676743,0.863997,0.740249,0.752198,0.72955
3.37,1.87773,0.699828,0.767903,0.646915,0.653973,0.701409,0.676557,0.862874,0.738469,0.751632,0.729787
3.3702,1.8782,0.699063,0.767522,0.646516,0.653933,0.701082,0.6765,0.863707,0.736913,0.751183,0.7303
3.3704,1.87874,0.699351,0.766384,0.64622,0.654384,0.700241,0.676714,0.865783,0.73626,0.750982,0.730899
3.3706,1.87898,0.700282,0.764477,0.645786,0.654421,0.698934,0.67708,0.867018,0.736042,0.751318,0.731338
3.3708,1.87879,0.700765,0.762732,0.645283,0.653602,0.697136,0.677354,0.867134,0.736161,0.751315,0.731434
3.371,1.87821,0.699898,0.762008,0.644928,0.651714,0.695491,0.677316,0.866031,0.736836,0.750521,0.731208
3.3712,1.87747,0.697948,0.762738,0.644872,0.649772,0.694221,0.67693,0.864284,0.737841,0.749136,0.730787
3.3714,1.87703,0.696064,0.763902,0.645108,0.648941,0.693679,0.676601,0.863069,0.738113,0.748024,0.730515
3.3716,1.87722,0.695168,0.764468,0.64555,0.649133,0.693588,0.676778,0.862958,0.737803,0.748621,0.730695
3.3718,1.87813,0.696332,0.763593,0.64602,0.648871,0.693798,0.677614,0.863513,0.737741,0.75029,0.731428
3.372,1.87959,0.698474,0.761451,0.646271,0.647466,0.694132,0.678848,0.864636,0.738298,0.751873,0.732642
3.3722,1.88098,0.699548,0.75974,0.646209,0.645206,0.694299,0.679877,0.865463,0.739073,0.751813,0.73393
3.3724,1.88173,0.699222,0.759453,0.646173,0.643275,0.694317,0.680124,0.865467,0.739311,0.749928,0.734797
3.3726,1.8817,0.697946,0.760374,0.646705,0.642658,0.693999,0.679439,0.864295,0.739413,0.747523,0.735017
3.3728,1.88116,0.696957,0.761432,0.647581,0.643136,0.693705,0.678352,0.862054,0.739392,0.746124,0.734804
3.373,1.88041,0.696495,0.761708,0.648341,0.643929,0.694097,0.677515,0.862271,0.739415,0.746236,0.734306
3.3732,1.87988,0.696664,0.761613,0.648514,0.644208,0.694927,0.677293,0.865945,0.739139,0.747376,0.733987
3.3734,1.87907,0.696903,0.761831,0.648074,0.643459,0.696022,0.67729,0.870669,0.738717,0.748402,0.733548
3.3736,1.87806,0.696717,0.762346,0.647467,0.642244,0.696883,0.676921,0.872617,0.738201,0.74853,0.7329
3.3738,1.87687,0.696681,0.762999,0.647242,0.642307,0.697218,0.676088,0.87057,0.73772,0.748543,0.732147
3.374,1.87544,0.69674,0.763188,0.647742,0.643582,0.69708,0.674854,0.866785,0.737767,0.748625,0.731179
3.3742,1.87413,0.696783,0.7632,0.648796,0.645052,0.69693,0.673948,0.865077,0.738328,0.7488,0.730243
3.3744,1.87327,0.697245,0.763219,0.649872,0.645745,0.697164,0.673521,0.865992,0.739458,0.749238,0.729608
3.3746,1.87278,0.69818,0.763375,0.650702,0.645622,0.697802,0.673607,0.868414,0.740722,0.749336,0.729362
3.3748,1.87351,0.699346,0.764112,0.65096,0.64567,0.698537,0.673349,0.86984,0.741618,0.748722,0.729685
3.375,1.87556,0.700812,0.765484,0.650922,0.646359,0.698941,0.672507,0.870322,0.741594,0.74795,0.731325
3.3752,1.87768,0.701759,0.766296,0.650377,0.646959,0.698987,0.671199,0.869518,0.740849,0.748456,0.733129
3.3754,1.87926,0.701763,0.766464,0.649719,0.647269,0.698606,0.669649,0.868643,0.73936,0.750038,0.734671
3.3756,1.87898,0.701436,0.766607,0.649117,0.647045,0.697845,0.668481,0.869101,0.738181,0.751463,0.734976
3.3758,1.87701,0.700985,0.767288,0.648598,0.646283,0.696833,0.668096,0.870346,0.738326,0.751503,0.733755
3.376,1.87554,0.700787,0.768467,0.64838,0.646055,0.695898,0.668663,0.871598,0.739344,0.750055,0.732415
3.3762,1.87589,0.700498,0.769676,0.648688,0.646974,0.695503,0.66949,0.8714,0.740215,0.748435,0.732454
3.3764,1.87821,0.700022,0.770357,0.649016,0.648428,0.697197,0.669782,0.869463,0.740341,0.748545,0.733982
3.3766,1.88172,0.700191,0.770967,0.648958,0.649435,0.700364,0.669128,0.86775,0.740176,0.750593,0.736784
3.3768,1.88404,0.701021,0.771215,0.648384,0.649373,0.701945,0.667879,0.869059,0.739627,0.753049,0.738996
3.377,1.88489,0.701393,0.770951,0.647262,0.648501,0.700097,0.666995,0.87224,0.739856,0.753938,0.73995
3.3772,1.88488,0.700817,0.770659,0.64632,0.647675,0.695443,0.667337,0.873629,0.741377,0.753068,0.740108
3.3774,1.88444,0.699652,0.770753,0.646146,0.647468,0.690697,0.668915,0.872683,0.742767,0.751064,0.739838
3.3776,1.88444,0.69858,0.771429,0.646675,0.648455,0.688094,0.670717,0.870186,0.742846,0.749717,0.739749
3.3778,1.88516,0.698372,0.772449,0.64732,0.649728,0.68785,0.671693,0.868244,0.742186,0.750086,0.740208
3.378,1.88625,0.699587,0.773164,0.648618,0.65064,0.689432,0.671597,0.868469,0.740802,0.75198,0.741058
3.3782,1.88773,0.701642,0.773644,0.649382,0.650708,0.691325,0.671156,0.870163,0.73922,0.753925,0.742151
3.3784,1.8892,0.702574,0.774895,0.648481,0.650069,0.69189,0.671231,0.871121,0.737772,0.75485,0.743383
3.3786,1.89,0.701174,0.776828,0.64647,0.649101,0.690619,0.671935,0.869647,0.737083,0.754236,0.744165
3.3788,1.89054,0.69878,0.778981,0.644915,0.648632,0.688073,0.672869,0.866626,0.737434,0.752341,0.744542
3.379,1.8915,0.697116,0.780402,0.64536,0.648698,0.685711,0.673651,0.863852,0.738185,0.750677,0.745196
3.3792,1.89295,0.69705,0.780474,0.646952,0.649154,0.684718,0.673858,0.863143,0.738416,0.750514,0.746226
3.3794,1.89421,0.698371,0.779487,0.648179,0.649204,0.685211,0.673468,0.86459,0.738476,0.751918,0.747272
3.3796,1.89504,0.70051,0.778496,0.648385,0.648204,0.686353,0.672957,0.867061,0.738164,0.753908,0.747984
3.3798,1.89527,0.701439,0.778593,0.647592,0.646667,0.687033,0.672989,0.868094,0.737336,0.754567,0.748246
3.38,1.89477,0.700158,0.780151,0.646221,0.644722,0.686765,0.673817,0.866524,0.736381,0.753457,0.747932
3.3802,1.8941,0.697206,0.781894,0.644993,0.642981,0.685868,0.675156,0.863862,0.735757,0.751615,0.747374
3.3804,1.89312,0.694831,0.782352,0.644533,0.641549,0.684978,0.676443,0.862506,0.735574,0.750205,0.746641
3.3806,1.89241,0.694187,0.781954,0.644857,0.6408,0.684524,0.676994,0.863831,0.735509,0.749866,0.745923
3.3808,1.8927,0.695053,0.781454,0.645637,0.640274,0.684686,0.676603,0.86645,0.735158,0.750308,0.745944
3.381,1.89322,0.696265,0.781299,0.646784,0.640168,0.685518,0.67578,0.869172,0.734355,0.751052,0.74633
3.3812,1.8942,0.696442,0.781844,0.648134,0.640028,0.686508,0.675155,0.869909,0.73319,0.751949,0.746958
3.3814,1.89491,0.695711,0.78274,0.648771,0.639336,0.687023,0.67521,0.868229,0.731553,0.752225,0.747656
3.3816,1.89429,0.694519,0.783422,0.648122,0.638425,0.686915,0.675505,0.866587,0.729883,0.751811,0.747394
3.3818,1.89322,0.693593,0.784071,0.646456,0.637611,0.686532,0.676114,0.866717,0.728463,0.751169,0.746508
3.382,1.89211,0.693121,0.784445,0.644828,0.636973,0.686253,0.676874,0.867863,0.727705,0.750355,0.745667
3.3822,1.89145,0.693371,0.784476,0.644159,0.636491,0.686279,0.677536,0.868703,0.726875,0.750103,0.744913
3.3824,1.89223,0.693234,0.784582,0.644674,0.636204,0.686542,0.677821,0.869568,0.725944,0.750242,0.745256
3.3826,1.89368,0.692135,0.784901,0.645849,0.636161,0.686928,0.678108,0.870758,0.724313,0.750696,0.746331
3.3828,1.89496,0.690955,0.785399,0.646948,0.636428,0.687321,0.678289,0.871571,0.722239,0.75135,0.747377
3.383,1.89557,0.690407,0.785899,0.647356,0.636973,0.6876,0.678458,0.872222,0.720312,0.751453,0.748001
3.3832,1.89503,0.690242,0.786073,0.646747,0.637389,0.68766,0.678158,0.872118,0.718874,0.75094,0.747742
3.3834,1.89423,0.690112,0.785854,0.645853,0.637323,0.687443,0.677681,0.872295,0.717287,0.749909,0.747062
3.3836,1.89391,0.689472,0.78549,0.64505,0.636946,0.686999,0.676955,0.8719,0.715639,0.749204,0.746641
3.3838,1.89427,0.688141,0.785161,0.644631,0.636449,0.686615,0.676244,0.87153,0.714069,0.748888,0.74682
3.384,1.89467,0.686743,0.78512,0.644795,0.636476,0.686285,0.675859,0.871345,0.712696,0.749162,0.747091
3.3842,1.89521,0.686251,0.785133,0.645133,0.63754,0.686254,0.675791,0.870314,0.711189,0.749484,0.747514
3.3844,1.89504,0.68649,0.784849,0.645187,0.639068,0.686774,0.676084,0.869745,0.709742,0.749121,0.747488
3.3846,1.89469,0.686499,0.784238,0.645102,0.640097,0.687056,0.676712,0.869896,0.707995,0.748552,0.747194
3.3848,1.89407,0.685802,0.783765,0.644854,0.64008,0.686677,0.677606,0.868597,0.706152,0.74825,0.746735
3.385,1.89349,0.684108,0.783308,0.644636,0.639082,0.685535,0.678658,0.867305,0.70526,0.748055,0.746225
3.3852,1.89322,0.682216,0.782941,0.644339,0.637754,0.684113,0.679376,0.866833,0.705287,0.74742,0.745925
3.3854,1.89322,0.681183,0.782582,0.644231,0.637164,0.682971,0.679528,0.867211,0.705688,0.746821,0.745892
3.3856,1.893,0.680767,0.782044,0.644124,0.63787,0.681856,0.67955,0.867685,0.705761,0.746469,0.745756
3.3858,1.89259,0.680577,0.781334,0.644302,0.639373,0.680758,0.679967,0.867399,0.705196,0.745857,0.745489
3.386,1.89163,0.68004,0.78057,0.64473,0.64052,0.679734,0.680787,0.866704,0.70435,0.74517,0.744803
3.3862,1.89073,0.678825,0.779832,0.644919,0.640403,0.678942,0.681758,0.865812,0.703787,0.744672,0.744063
3.3864,1.89005,0.677161,0.779471,0.644767,0.638804,0.678506,0.682718,0.864724,0.703543,0.744346,0.743465
3.3866,1.88983,0.676009,0.779134,0.644057,0.63671,0.677804,0.683071,0.864456,0.703648,0.743919,0.74326
3.3868,1.88953,0.675499,0.77848,0.642861,0.635656,0.676649,0.683038,0.864279,0.704438,0.743116,0.743071
3.387,1.88892,0.675629,0.777672,0.642046,0.635921,0.67526,0.682708,0.863885,0.705342,0.742139,0.742642
3.3872,1.88829,0.675587,0.777179,0.642127,0.636912,0.674018,0.68252,0.862746,0.705541,0.741053,0.742175
3.3874,1.88772,0.674562,0.776917,0.643063,0.637359,0.673083,0.683102,0.861397,0.704783,0.740302,0.741727
3.3876,1.88732,0.672769,0.777094,0.644008,0.636302,0.67245,0.684146,0.86056,0.704308,0.739775,0.741381
3.3878,1.88755,0.670965,0.777528,0.644219,0.634008,0.672077,0.68509,0.861374,0.704624,0.739611,0.741465
3.388,1.88794,0.670589,0.77802,0.643535,0.631339,0.671892,0.684966,0.862801,0.705763,0.739854,0.741814
3.3882,1.88829,0.671111,0.778178,0.642462,0.629824,0.671923,0.684376,0.863525,0.70739,0.739666,0.742123
3.3884,1.88838,0.671985,0.777556,0.641635,0.629791,0.672462,0.68419,0.863123,0.708825,0.738557,0.742284
3.3886,1.88819,0.672522,0.776779,0.641462,0.631361,0.672933,0.68428,0.861503,0.709913,0.737152,0.742211
3.3888,1.88761,0.67195,0.776722,0.642252,0.633824,0.67293,0.684647,0.860656,0.70994,0.735951,0.741832
3.389,1.88714,0.670929,0.777401,0.643205,0.634464,0.672858,0.685186,0.860355,0.709306,0.735828,0.741434
3.3892,1.88692,0.669804,0.777619,0.643626,0.632934,0.672858,0.68546,0.86118,0.708534,0.736325,0.741267
3.3894,1.8865,0.669306,0.776637,0.643539,0.630561,0.672547,0.685285,0.861073,0.707939,0.736246,0.741011
3.3896,1.88598,0.669299,0.775147,0.643052,0.628539,0.672253,0.684544,0.860358,0.708042,0.735444,0.740672
3.3898,1.88488,0.670042,0.774343,0.642539,0.627405,0.672429,0.6837,0.85871,0.708846,0.733928,0.739936
3.39,1.88417,0.670947,0.774477,0.642371,0.627008,0.6732,0.683636,0.856672,0.709737,0.732413,0.739262
3.3902,1.88511,0.671068,0.775763,0.642926,0.627013,0.674278,0.684088,0.856381,0.710862,0.732139,0.73965
3.3904,1.8875,0.669752,0.776996,0.6436,0.628015,0.674457,0.684673,0.857263,0.711634,0.73304,0.741405
3.3906,1.88964,0.666986,0.777517,0.643906,0.629392,0.67362,0.685325,0.85731,0.711362,0.734479,0.743242
3.3908,1.89033,0.663673,0.778018,0.643514,0.630013,0.672557,0.685575,0.855377,0.709973,0.735347,0.7442
3.391,1.88808,0.661322,0.779362,0.642926,0.629744,0.672091,0.685468,0.85301,0.708429,0.734744,0.743005
3.3912,1.88463,0.660777,0.780705,0.642923,0.629309,0.672609,0.68522,0.853703,0.707672,0.732973,0.740354
3.3914,1.88158,0.661407,0.781499,0.643619,0.629497,0.674317,0.684741,0.857259,0.709029,0.731574,0.737879
3.3916,1.87956,0.662601,0.781852,0.644301,0.63059,0.675936,0.684273,0.860614,0.711431,0.731402,0.736084
3.3918,1.87953,0.664848,0.781976,0.644341,0.631707,0.676484,0.684184,0.861066,0.712958,0.732013,0.735716
3.392,1.88098,0.667078,0.782082,0.643772,0.632223,0.675584,0.684881,0.859096,0.712214,0.732905,0.736751
3.3922,1.88263,0.667135,0.782924,0.642791,0.631935,0.674036,0.686154,0.857092,0.710449,0.733183,0.738123
3.3924,1.88404,0.66498,0.784516,0.642076,0.631003,0.672874,0.687126,0.856721,0.70899,0.732592,0.739295
3.3926,1.88588,0.66218,0.786013,0.642197,0.630539,0.672747,0.687353,0.857367,0.708734,0.731814,0.740705
3.3928,1.88776,0.660616,0.786574,0.643465,0.631339,0.673508,0.686853,0.858852,0.710909,0.731864,0.742198
3.393,1.8899,0.662093,0.786272,0.645115,0.633161,0.674148,0.686698,0.860032,0.714243,0.732513,0.743841
3.3932,1.89151,0.665701,0.785745,0.645901,0.634475,0.674009,0.687774,0.860295,0.715905,0.733101,0.745296
3.3934,1.89187,0.66835,0.785705,0.645722,0.634653,0.673644,0.68965,0.860512,0.715014,0.732984,0.745771
3.3936,1.89208,0.667837,0.786924,0.645038,0.633789,0.673285,0.691613,0.861448,0.712744,0.732347,0.745837
3.3938,1.89285,0.665286,0.789018,0.644387,0.632944,0.673423,0.692474,0.861064,0.710759,0.73152,0.746321
3.394,1.89419,0.663373,0.790596,0.643908,0.632636,0.6738,0.691991,0.860119,0.710177,0.731415,0.747204
3.3942,1.89622,0.66294,0.790704,0.643914,0.633292,0.674409,0.691116,0.859578,0.711219,0.732268,0.748636
3.3944,1.89847,0.663784,0.789633,0.644288,0.634618,0.674782,0.690563,0.859585,0.713055,0.733562,0.750385
3.3946,1.90016,0.665223,0.788381,0.645018,0.635617,0.674353,0.690861,0.860786,0.713491,0.734395,0.751743
3.3948,1.90141,0.665698,0.78808,0.645364,0.634868,0.67324,0.692126,0.861484,0.712104,0.734022,0.752731
3.395,1.90226,0.664712,0.788965,0.644674,0.633226,0.672138,0.693718,0.860145,0.710579,0.732609,0.753383
3.3952,1.90299,0.663767,0.789858,0.642931,0.631822,0.671653,0.694777,0.858082,0.710224,0.731148,0.753805
3.3954,1.90478,0.664015,0.789689,0.640667,0.631627,0.672388,0.694469,0.85693,0.710455,0.730669,0.754896
3.3956,1.90715,0.66503,0.788268,0.638782,0.632455,0.674549,0.693091,0.857659,0.710049,0.73114,0.756606
3.3958,1.90932,0.665816,0.786763,0.637789,0.63336,0.676783,0.69151,0.85865,0.708633,0.732124,0.75822
3.396,1.91126,0.665743,0.78718,0.637913,0.63383,0.677451,0.690157,0.858315,0.706821,0.732738,0.759679
3.3962,1.91243,0.664667,0.789561,0.638577,0.633939,0.676399,0.689921,0.857216,0.705314,0.732029,0.760645
3.3964,1.9126,0.663064,0.791786,0.639167,0.634127,0.674639,0.690493,0.858044,0.704205,0.730818,0.760744
3.3966,1.91292,0.662522,0.79252,0.638706,0.634602,0.673496,0.691138,0.859535,0.703123,0.73025,0.76074
3.3968,1.91405,0.663659,0.791028,0.637142,0.634805,0.673487,0.691047,0.860059,0.70204,0.730569,0.76127
3.397,1.91652,0.66523,0.78849,0.635178,0.634449,0.674719,0.689833,0.859044,0.701349,0.731312,0.762782
3.3972,1.91997,0.665981,0.787649,0.633526,0.633701,0.676791,0.688325,0.858333,0.700266,0.731734,0.765196
3.3974,1.92287,0.665606,0.789145,0.632807,0.632944,0.678727,0.6874,0.858728,0.698685,0.731381,0.767479
3.3976,1.92466,0.664171,0.791486,0.633309,0.632579,0.67938,0.687518,0.860598,0.697319,0.730532,0.768881
3.3978,1.92502,0.662296,0.792794,0.635429,0.633044,0.678316,0.688386,0.863039,0.696489,0.730012,0.769252
3.398,1.92371,0.661608,0.792151,0.637723,0.634195,0.67626,0.689458,0.864121,0.696063,0.729985,0.768285
3.3982,1.92234,0.662502,0.789969,0.638385,0.635454,0.674683,0.689752,0.863688,0.69514,0.730391,0.766831
3.3984,1.922,0.663512,0.787686,0.636886,0.63575,0.67465,0.688937,0.862568,0.693407,0.730634,0.766184
3.3986,1.92295,0.663589,0.786621,0.634548,0.634762,0.675829,0.687484,0.861356,0.691626,0.731075,0.766434
3.3988,1.9254,0.662021,0.787195,0.632942,0.63308,0.677252,0.686203,0.860156,0.690446,0.73114,0.767953
3.399,1.92784,0.659776,0.788635,0.632657,0.632048,0.677827,0.685833,0.858533,0.689813,0.730701,0.769722
3.3992,1.92933,0.65828,0.789716,0.633549,0.632415,0.677793,0.686537,0.857054,0.689348,0.730145,0.770923
3.3994,1.92959,0.657959,0.789692,0.634856,0.633676,0.677656,0.687781,0.856611,0.688777,0.729932,0.77109
3.3996,1.92895,0.65848,0.788625,0.635394,0.634784,0.677465,0.68877,0.856308,0.688065,0.729905,0.770525
3.3998,1.92848,0.65848,0.787212,0.634686,0.634988,0.677255,0.689067,0.855001,0.687465,0.729624,0.769754
3.4,1.92909,0.656818,0.786646,0.633777,0.634132,0.676822,0.688853,0.853205,0.687269,0.728802,0.769849
3.4002,1.93032,0.653599,0.786863,0.633685,0.632553,0.676307,0.68855,0.850104,0.687544,0.727805,0.770496
3.4004,1.93158,0.650429,0.786902,0.634139,0.631284,0.675787,0.688769,0.845999,0.687699,0.726733,0.771332
3.4006,1.93215,0.648858,0.786571,0.634422,0.631138,0.675872,0.689555,0.842771,0.687543,0.726283,0.771729
3.4008,1.93172,0.648923,0.785962,0.634154,0.631631,0.676376,0.690506,0.841196,0.687404,0.726723,0.771329
3.401,1.93125,0.649554,0.784991,0.633251,0.631707,0.676405,0.690954,0.840389,0.687595,0.727145,0.770686
3.4012,1.93088,0.649447,0.784047,0.632221,0.630682,0.675832,0.690878,0.839413,0.687748,0.72682,0.770172
3.4014,1.93088,0.647942,0.783352,0.631852,0.628893,0.674851,0.690836,0.837546,0.687754,0.725309,0.769882
3.4016,1.93132,0.645517,0.782525,0.632407,0.626974,0.673498,0.690906,0.835873,0.687343,0.72363,0.769937
3.4018,1.93181,0.643364,0.781553,0.633386,0.626016,0.6722,0.691156,0.834486,0.686586,0.722627,0.770202
3.402,1.9318,0.64238,0.780714,0.634069,0.625908,0.671796,0.691615,0.833115,0.685861,0.723035,0.770042
3.4022,1.93209,0.642594,0.780139,0.634056,0.625821,0.67231,0.692207,0.83188,0.68555,0.724077,0.769999
3.4024,1.93256,0.643244,0.779397,0.633338,0.624633,0.673304,0.6928,0.831033,0.685897,0.724834,0.770175
3.4026,1.93332,0.643405,0.778638,0.632285,0.62254,0.67362,0.693172,0.830657,0.687422,0.724755,0.770499
3.4028,1.93382,0.642642,0.778164,0.631425,0.620053,0.67262,0.693279,0.830642,0.689025,0.723325,0.770857
3.403,1.93332,0.641253,0.777312,0.631197,0.618368,0.670467,0.693187,0.830907,0.689497,0.721381,0.770429
3.4032,1.93214,0.64002,0.776315,0.631713,0.617897,0.668329,0.692963,0.831259,0.688349,0.719503,0.769481
3.4034,1.93014,0.639341,0.77563,0.632021,0.618427,0.667328,0.692791,0.831184,0.686366,0.718166,0.767846
3.4036,1.92842,0.639535,0.775146,0.631678,0.618608,0.667374,0.692963,0.830924,0.684809,0.717484,0.766188
3.4038,1.92792,0.640448,0.774421,0.630406,0.618112,0.667717,0.692987,0.831167,0.68472,0.717179,0.76538
3.404,1.92838,0.64147,0.773312,0.628945,0.617146,0.667397,0.692829,0.831793,0.68561,0.717073,0.765505
3.4042,1.92906,0.641561,0.772076,0.62808,0.61623,0.666336,0.692386,0.831948,0.686707,0.716495,0.765902
3.4044,1.92899,0.640651,0.771197,0.628273,0.615988,0.664643,0.692571,0.832008,0.687248,0.715331,0.765959
3.4046,1.92718,0.63927,0.770898,0.629101,0.616591,0.66363,0.692991,0.832133,0.686731,0.713571,0.764766
3.4048,1.92413,0.638263,0.771071,0.629757,0.617539,0.663356,0.693153,0.832026,0.685317,0.711394,0.762407
3.405,1.92086,0.638251,0.771333,0.6293,0.618216,0.663221,0.692896,0.832502,0.684758,0.709847,0.759741
3.4052,1.91855,0.639145,0.771255,0.628122,0.618498,0.664152,0.692542,0.833699,0.68521,0.709011,0.757552
3.4054,1.91809,0.640211,0.771435,0.626793,0.618422,0.665196,0.691768,0.834708,0.687722,0.708649,0.756813
3.4056,1.91868,0.640849,0.771725,0.626235,0.618212,0.664928,0.690631,0.835371,0.690291,0.708563,0.757111
3.4058,1.91937,0.640923,0.772013,0.626788,0.618357,0.663123,0.68973,0.836074,0.690284,0.708422,0.757673
3.406,1.91996,0.64072,0.772347,0.627503,0.619202,0.660832,0.689349,0.836794,0.688242,0.707862,0.758043
3.4062,1.92095,0.640537,0.772226,0.627503,0.62068,0.658835,0.689543,0.837561,0.685683,0.706517,0.758685
3.4064,1.9224,0.640112,0.771447,0.626684,0.622309,0.658021,0.689807,0.838474,0.684735,0.704731,0.759692
3.4066,1.92447,0.639485,0.770341,0.625685,0.623166,0.65848,0.689821,0.839179,0.685612,0.703343,0.761076
3.4068,1.92704,0.638622,0.769383,0.626024,0.623196,0.659432,0.689433,0.839232,0.687337,0.702726,0.763
3.407,1.92908,0.637947,0.769377,0.627621,0.622894,0.660948,0.688863,0.838021,0.68851,0.703971,0.764658
3.4072,1.93005,0.638333,0.770517,0.629256,0.622882,0.661778,0.688375,0.835641,0.688153,0.705932,0.765554
3.4074,1.92955,0.639373,0.771783,0.629878,0.62337,0.661065,0.688231,0.834777,0.686644,0.706684,0.765331
3.4076,1.92805,0.639749,0.772339,0.629492,0.6241,0.659591,0.688549,0.83521,0.685235,0.706041,0.764151
3.4078,1.92684,0.638796,0.772062,0.628999,0.625052,0.658399,0.689228,0.834751,0.684821,0.704849,0.762982
3.408,1.92649,0.636894,0.77113,0.628869,0.625911,0.658566,0.68986,0.831858,0.685349,0.703908,0.762413
3.4082,1.9275,0.634807,0.770411,0.62905,0.626169,0.659533,0.689953,0.826656,0.686197,0.703965,0.762849
3.4084,1.92947,0.634612,0.770313,0.629402,0.625738,0.660125,0.689512,0.82208,0.686847,0.705149,0.764183
3.4086,1.93159,0.637989,0.77073,0.62987,0.625328,0.659579,0.689063,0.820707,0.686946,0.706504,0.765779
3.4088,1.93297,0.642648,0.771966,0.630037,0.625262,0.658563,0.689181,0.820712,0.686649,0.706779,0.766943
3.409,1.9332,0.645422,0.774483,0.629705,0.625619,0.658324,0.689653,0.819931,0.686765,0.705594,0.767219
3.4092,1.9328,0.644897,0.776185,0.629156,0.626742,0.659326,0.689989,0.818162,0.687695,0.703989,0.766828
3.4094,1.93267,0.641822,0.77584,0.629319,0.627895,0.660505,0.689905,0.816143,0.688528,0.703148,0.766518
3.4096,1.93329,0.638646,0.77359,0.630019,0.627979,0.66064,0.689502,0.814593,0.688381,0.704295,0.766699
3.4098,1.93495,0.637788,0.770327,0.630413,0.627023,0.659527,0.689272,0.812515,0.687156,0.705956,0.767701
3.41,1.93715,0.639974,0.767639,0.630523,0.62651,0.658544,0.689587,0.81007,0.685787,0.706212,0.769223
3.4102,1.9398,0.643457,0.767048,0.630239,0.626888,0.658523,0.690214,0.809233,0.685442,0.704307,0.771115
3.4104,1.94217,0.645861,0.768446,0.629541,0.628161,0.659784,0.690741,0.809167,0.686407,0.700934,0.772903
3.4106,1.9438,0.646211,0.770089,0.628942,0.629172,0.661618,0.690942,0.809327,0.687944,0.698351,0.774186
3.4108,1.94446,0.644763,0.769987,0.629005,0.629605,0.662993,0.690956,0.809028,0.689017,0.69742,0.774701
3.411,1.94441,0.6428,0.767695,0.629723,0.629532,0.66328,0.690959,0.809636,0.689466,0.697626,0.774579
3.4112,1.94421,0.641886,0.764489,0.630696,0.629901,0.662163,0.690954,0.811155,0.689792,0.698006,0.774221
3.4114,1.94431,0.642367,0.762425,0.631321,0.631401,0.660226,0.690934,0.810749,0.690041,0.697703,0.774065
3.4116,1.94464,0.643549,0.762797,0.630973,0.632629,0.658434,0.690952,0.809637,0.689767,0.696555,0.774116
3.4118,1.94527,0.644359,0.765379,0.629706,0.632002,0.657862,0.691175,0.809229,0.68914,0.695404,0.774344
3.412,1.94631,0.644459,0.768118,0.628332,0.629839,0.658461,0.691231,0.809481,0.688143,0.694855,0.774936
3.4122,1.94761,0.643913,0.769458,0.627881,0.627031,0.659316,0.691083,0.810273,0.687308,0.694786,0.775684
3.4124,1.94951,0.642582,0.769513,0.628261,0.625225,0.660708,0.690485,0.811515,0.687994,0.69462,0.776932
3.4126,1.95062,0.640784,0.768771,0.629143,0.625047,0.662487,0.689415,0.811987,0.690948,0.694169,0.777865
3.4128,1.95028,0.639441,0.768093,0.629768,0.626176,0.662991,0.687965,0.811652,0.693171,0.693533,0.777666
3.413,1.94872,0.639497,0.76808,0.629936,0.627692,0.661498,0.686864,0.81137,0.692368,0.693115,0.77648
3.4132,1.94633,0.640201,0.769047,0.629938,0.629113,0.658949,0.686669,0.813243,0.689044,0.693427,0.774501
3.4134,1.94469,0.641063,0.77052,0.629848,0.62955,0.656715,0.687728,0.815356,0.685024,0.694391,0.772789
3.4136,1.94445,0.641077,0.772171,0.629883,0.629102,0.655389,0.689623,0.815569,0.682206,0.695506,0.772227
3.4138,1.94508,0.640345,0.772837,0.629944,0.627947,0.655078,0.690212,0.814771,0.682021,0.696267,0.77241
3.414,1.94652,0.639101,0.77235,0.629851,0.627043,0.655339,0.688781,0.813352,0.684227,0.696252,0.773324
3.4142,1.94744,0.637506,0.771565,0.629691,0.626906,0.655736,0.686338,0.812885,0.686035,0.695695,0.774046
3.4144,1.94785,0.63565,0.771239,0.629647,0.627412,0.655888,0.684593,0.814049,0.685156,0.695525,0.774286
3.4146,1.9479,0.63416,0.77205,0.629253,0.627743,0.655397,0.684436,0.817136,0.681878,0.696242,0.774253
3.4148,1.94751,0.633459,0.773244,0.628186,0.627418,0.654072,0.685244,0.820209,0.678005,0.697834,0.773876
3.415,1.94696,0.633178,0.774129,0.626804,0.62673,0.652697,0.685999,0.822055,0.67575,0.69968,0.773306
3.4152,1.94654,0.632781,0.774077,0.625609,0.626574,0.651996,0.686132,0.821402,0.676057,0.700999,0.772792
3.4154,1.94654,0.6318,0.773808,0.624662,0.627157,0.65211,0.685387,0.819521,0.677707,0.700992,0.77257
3.4156,1.94693,0.630374,0.773415,0.623856,0.627708,0.652596,0.684105,0.817864,0.678741,0.699974,0.772678
3.4158,1.94756,0.629013,0.773094,0.623351,0.627499,0.652895,0.683057,0.816988,0.678123,0.699034,0.773013
3.416,1.94819,0.628124,0.772352,0.623043,0.626767,0.652677,0.682868,0.81717,0.676239,0.698996,0.773391
3.4162,1.94849,0.627764,0.771629,0.622638,0.626049,0.651967,0.68356,0.818418,0.674142,0.69989,0.773602
3.4164,1.94811,0.627692,0.771554,0.622128,0.625386,0.651095,0.684601,0.819295,0.672976,0.701074,0.773286
3.4166,1.94753,0.627587,0.771498,0.621484,0.624873,0.650345,0.685115,0.819105,0.673357,0.701551,0.772698
3.4168,1.94724,0.627234,0.771158,0.620594,0.624876,0.649848,0.684754,0.817491,0.674774,0.70075,0.772277
3.417,1.94728,0.626608,0.770477,0.619542,0.625064,0.649802,0.684311,0.816407,0.675663,0.699171,0.772127
3.4172,1.9474,0.625685,0.7698,0.618444,0.624738,0.649988,0.684628,0.816362,0.675897,0.698168,0.772147
3.4174,1.94698,0.624619,0.76876,0.617399,0.623899,0.650038,0.685471,0.81751,0.676185,0.697951,0.771833
3.4176,1.94594,0.62408,0.767364,0.616473,0.622687,0.649667,0.686226,0.817433,0.676516,0.698091,0.771012
3.4178,1.94463,0.624179,0.765866,0.615751,0.621897,0.648867,0.686211,0.815401,0.676397,0.697697,0.769907
3.418,1.94351,0.624324,0.764752,0.615413,0.621788,0.647911,0.685398,0.814054,0.675985,0.69647,0.76886
3.4182,1.94319,0.623963,0.764188,0.61541,0.622143,0.647111,0.684366,0.814488,0.675385,0.69448,0.768342
3.4184,1.94386,0.623017,0.763836,0.615489,0.622505,0.64667,0.683865,0.815524,0.674779,0.692487,0.768618
3.4186,1.94506,0.621902,0.763779,0.615469,0.62217,0.646627,0.684252,0.81607,0.674931,0.691025,0.769437
3.4188,1.94603,0.621183,0.763455,0.615302,0.621736,0.646849,0.685288,0.817157,0.676016,0.689918,0.77021
3.419,1.94627,0.621193,0.762499,0.615018,0.621014,0.647054,0.686402,0.818534,0.677272,0.689225,0.770489
3.4192,1.94549,0.621728,0.760948,0.614816,0.620512,0.646906,0.686991,0.818077,0.677992,0.688361,0.769984
3.4194,1.9439,0.622273,0.759407,0.614715,0.620737,0.646277,0.686749,0.816476,0.678188,0.687483,0.768767
3.4196,1.94225,0.622315,0.758307,0.614988,0.621148,0.645333,0.686004,0.815887,0.678,0.686578,0.767343
3.4198,1.9414,0.621537,0.758308,0.615735,0.620895,0.644491,0.68556,0.81599,0.677626,0.685246,0.766455
3.42,1.9409,0.620125,0.758776,0.616648,0.620343,0.644144,0.685503,0.81639,0.677781,0.683805,0.766
3.4202,1.9404,0.618764,0.758798,0.616941,0.619828,0.64404,0.685518,0.815273,0.678776,0.682843,0.76557
3.4204,1.93971,0.618383,0.757465,0.616385,0.61988,0.644111,0.685234,0.812637,0.679886,0.682357,0.765071
3.4206,1.93843,0.619013,0.755252,0.615281,0.620596,0.644065,0.684778,0.810674,0.679912,0.682424,0.764149
3.4208,1.93664,0.619803,0.753356,0.614423,0.621573,0.64336,0.684509,0.811337,0.679028,0.682457,0.76282
3.421,1.93459,0.619916,0.752375,0.61455,0.622165,0.642231,0.684438,0.814282,0.677604,0.682127,0.761223
3.4212,1.93265,0.619029,0.75243,0.615664,0.62193,0.64099,0.684348,0.816353,0.67675,0.681664,0.75966
3.4214,1.93133,0.617478,0.753364,0.617041,0.62147,0.640247,0.683769,0.816159,0.676615,0.681385,0.758515
3.4216,1.93018,0.616289,0.754672,0.61788,0.62096,0.640135,0.682609,0.814149,0.677116,0.681341,0.757678
3.4218,1.92896,0.615893,0.755561,0.617862,0.62125,0.641103,0.681173,0.812255,0.6778,0.681451,0.756752
3.422,1.92761,0.616162,0.755932,0.617129,0.622415,0.64289,0.679853,0.812253,0.679619,0.681509,0.755787
3.4222,1.92651,0.617152,0.755999,0.616332,0.62314,0.643716,0.678718,0.813693,0.681496,0.681501,0.754875
3.4224,1.9259,0.618294,0.755678,0.616071,0.62264,0.64292,0.678054,0.815058,0.681219,0.681202,0.754436
3.4226,1.92484,0.618139,0.754826,0.616638,0.621786,0.641196,0.677993,0.815104,0.678198,0.681236,0.753784
3.4228,1.92353,0.616419,0.753852,0.617535,0.62145,0.639393,0.677973,0.814315,0.674648,0.682278,0.752859
3.423,1.92204,0.614243,0.753478,0.6179,0.621846,0.638369,0.677555,0.81355,0.672706,0.683706,0.751843
3.4232,1.92029,0.612854,0.754024,0.617306,0.622754,0.638528,0.676505,0.813488,0.672777,0.684417,0.750561
3.4234,1.91907,0.612812,0.755246,0.615817,0.623478,0.639375,0.675227,0.813638,0.674095,0.684021,0.749591
3.4236,1.91823,0.613712,0.756056,0.614612,0.623714,0.639916,0.674253,0.813428,0.675295,0.683539,0.748997
3.4238,1.9179,0.614267,0.755732,0.614408,0.623422,0.639703,0.674039,0.813004,0.674941,0.683523,0.748723
3.424,1.91823,0.614187,0.754534,0.615296,0.623399,0.638971,0.674576,0.813008,0.673098,0.684119,0.749012
3.4242,1.91861,0.613924,0.753156,0.616432,0.62378,0.638266,0.675368,0.813301,0.671085,0.685247,0.749447
3.4244,1.91895,0.613957,0.752716,0.616768,0.624413,0.637995,0.675855,0.813656,0.670199,0.68623,0.749815
3.4246,1.91968,0.614451,0.753313,0.615648,0.624734,0.63875,0.675775,0.814358,0.670996,0.686457,0.750409
3.4248,1.92082,0.615223,0.754008,0.614422,0.624952,0.640216,0.675304,0.815739,0.673637,0.686329,0.751324
3.425,1.92247,0.6157,0.75465,0.6137,0.62499,0.640947,0.674858,0.816799,0.67575,0.68605,0.752585
3.4252,1.924,0.615867,0.754874,0.613474,0.624442,0.640804,0.674614,0.816392,0.675767,0.685709,0.753992
3.4254,1.9246,0.615757,0.754209,0.613538,0.623709,0.640406,0.674933,0.815952,0.674087,0.686436,0.754708
3.4256,1.92434,0.615678,0.752779,0.613286,0.623385,0.639994,0.675874,0.816225,0.672792,0.688211,0.754703
3.4258,1.92391,0.616103,0.751432,0.612686,0.623261,0.639972,0.676663,0.818187,0.672537,0.689644,0.754395
3.426,1.92375,0.61703,0.751199,0.61192,0.622857,0.640484,0.676589,0.819042,0.672945,0.689713,0.754235
3.4262,1.92427,0.617868,0.751836,0.611434,0.622135,0.640937,0.6757,0.818373,0.673472,0.688488,0.754579
3.4264,1.92484,0.618143,0.752516,0.611955,0.621318,0.641189,0.674592,0.816008,0.674095,0.68699,0.755096
3.4266,1.92516,0.618009,0.752921,0.61267,0.62147,0.641031,0.673881,0.81375,0.674402,0.686153,0.755512
3.4268,1.92529,0.617713,0.75276,0.612911,0.622473,0.640646,0.673919,0.813428,0.674681,0.686825,0.755603
3.427,1.92607,0.617692,0.75275,0.612878,0.623106,0.640829,0.674615,0.813877,0.674485,0.689233,0.756116
3.4272,1.92765,0.618135,0.753111,0.612899,0.622862,0.641356,0.675544,0.813359,0.673584,0.692021,0.757243
3.4274,1.92975,0.618891,0.753638,0.612901,0.621514,0.641988,0.676207,0.811842,0.67285,0.693925,0.758838
3.4276,1.93145,0.619555,0.753819,0.612844,0.620047,0.64214,0.676314,0.810035,0.67194,0.693939,0.760349
3.4278,1.93203,0.620004,0.753618,0.612954,0.618676,0.641622,0.676015,0.808591,0.671158,0.691933,0.761013
3.428,1.93166,0.620477,0.753314,0.613388,0.618228,0.640625,0.675478,0.806424,0.671498,0.688669,0.760878
3.4282,1.93108,0.621248,0.752913,0.614042,0.618868,0.639678,0.675156,0.804194,0.673276,0.686301,0.760351
3.4284,1.93124,0.621971,0.752846,0.614758,0.619794,0.639419,0.675615,0.802561,0.675051,0.686169,0.76031
3.4286,1.93207,0.621862,0.753358,0.615219,0.62032,0.640273,0.676314,0.801243,0.675209,0.687618,0.760843
3.4288,1.93328,0.620844,0.753863,0.615458,0.620226,0.64279,0.676754,0.799816,0.674056,0.689132,0.761738
3.429,1.93442,0.619451,0.753568,0.615257,0.619488,0.645133,0.67649,0.797762,0.672685,0.689542,0.76268
3.4292,1.93569,0.619646,0.752892,0.614603,0.619035,0.64524,0.67528,0.795057,0.672743,0.689667,0.763535
3.4294,1.93729,0.622864,0.75222,0.613933,0.61967,0.64313,0.674252,0.793599,0.673967,0.689807,0.764751
3.4296,1.93899,0.626972,0.751881,0.613661,0.620853,0.640165,0.674106,0.793707,0.675753,0.690075,0.765983
3.4298,1.94101,0.628797,0.75245,0.613899,0.622201,0.63811,0.674819,0.794435,0.677195,0.690439,0.767457
3.43,1.94291,0.627479,0.753772,0.614481,0.62268,0.637638,0.675196,0.794489,0.677155,0.690805,0.768952
3.4302,1.94419,0.624011,0.754987,0.615035,0.622153,0.638986,0.674733,0.793119,0.675952,0.691325,0.770016
3.4304,1.94457,0.621207,0.75522,0.615742,0.621057,0.640639,0.673514,0.79128,0.674351,0.692068,0.770395
3.4306,1.94475,0.621179,0.754317,0.616116,0.619967,0.641049,0.672198,0.791008,0.673271,0.692646,0.770337
3.4308,1.94594,0.623919,0.752854,0.615879,0.619541,0.639695,0.671898,0.792861,0.673773,0.692598,0.770981
3.431,1.94779,0.627014,0.751747,0.615128,0.619799,0.637189,0.672265,0.795287,0.675301,0.691867,0.772244
3.4312,1.94942,0.627912,0.751665,0.613911,0.62029,0.635492,0.672632,0.796431,0.676445,0.691022,0.773518
3.4314,1.95008,0.625623,0.752517,0.612398,0.620128,0.635565,0.672487,0.796133,0.676621,0.691144,0.774125
3.4316,1.94949,0.621825,0.753332,0.611089,0.619478,0.636873,0.67157,0.7955,0.675788,0.692302,0.773779
3.4318,1.94831,0.61937,0.753019,0.610607,0.618595,0.638108,0.670278,0.795731,0.674485,0.693569,0.772733
3.432,1.94755,0.619553,0.75128,0.611486,0.618213,0.638394,0.669248,0.797535,0.67337,0.694152,0.771909
3.4322,1.94819,0.62217,0.748992,0.612546,0.618251,0.637743,0.668923,0.800497,0.672869,0.693691,0.771936
3.4324,1.9506,0.624751,0.747367,0.612557,0.61823,0.636545,0.669267,0.802575,0.673545,0.692439,0.773476
3.4326,1.95277,0.625667,0.747261,0.611174,0.617883,0.635426,0.66987,0.802384,0.674972,0.691194,0.775269
3.4328,1.95329,0.624095,0.748182,0.608831,0.617254,0.635104,0.670289,0.801587,0.675955,0.690704,0.775861
3.433,1.95236,0.621948,0.749372,0.607004,0.616609,0.635714,0.670336,0.802261,0.675945,0.691145,0.775277
3.4332,1.95029,0.620709,0.749625,0.606602,0.616806,0.636523,0.670176,0.803846,0.674892,0.69192,0.773663
3.4334,1.94845,0.620906,0.748822,0.607822,0.61789,0.636893,0.669919,0.80605,0.673404,0.692096,0.771944
3.4336,1.94768,0.622365,0.74757,0.60945,0.619076,0.637239,0.669705,0.808096,0.672434,0.69159,0.771067
3.4338,1.94781,0.623218,0.746151,0.609977,0.619664,0.637675,0.669981,0.809096,0.672326,0.690525,0.770888
3.434,1.94878,0.622759,0.745024,0.608676,0.619805,0.637906,0.670884,0.808403,0.673071,0.689337,0.771417
3.4342,1.94985,0.622,0.744542,0.60618,0.619125,0.637665,0.671762,0.806721,0.674001,0.688241,0.772243
3.4344,1.95036,0.621341,0.744723,0.603911,0.617631,0.637677,0.67205,0.806217,0.67437,0.687249,0.772627
3.4346,1.9502,0.620751,0.744809,0.602959,0.616196,0.638335,0.671593,0.807771,0.674184,0.687193,0.772589
3.4348,1.94944,0.620247,0.74432,0.603439,0.615414,0.63913,0.670708,0.809643,0.673886,0.687253,0.771916
3.435,1.94886,0.620365,0.743025,0.604623,0.615412,0.639838,0.669912,0.810941,0.673991,0.686463,0.771351
3.4352,1.94818,0.620774,0.741719,0.605585,0.616418,0.640638,0.669605,0.811125,0.674539,0.684867,0.770766
3.4354,1.94761,0.620725,0.741189,0.605814,0.618108,0.641219,0.669999,0.811945,0.675204,0.68251,0.770178
3.4356,1.94721,0.620069,0.741222,0.605385,0.618937,0.641052,0.67087,0.813178,0.675702,0.679849,0.769794
3.4358,1.94651,0.619125,0.741266,0.604666,0.618511,0.640272,0.671745,0.813852,0.675917,0.677462,0.76926
3.436,1.94601,0.618138,0.740681,0.604194,0.617256,0.639166,0.672216,0.813127,0.675879,0.675872,0.768691
3.4362,1.94583,0.617541,0.739187,0.604095,0.615672,0.638056,0.672093,0.813118,0.675387,0.675301,0.768464
3.4364,1.94593,0.617507,0.737502,0.604417,0.614193,0.637723,0.671459,0.814006,0.675125,0.675555,0.768422
3.4366,1.94625,0.617428,0.73624,0.605267,0.614177,0.63834,0.670647,0.814606,0.675543,0.675676,0.768608
3.4368,1.94581,0.617518,0.735573,0.606238,0.615449,0.639199,0.670138,0.814013,0.676143,0.674637,0.768459
3.437,1.9444,0.618141,0.735401,0.606782,0.617098,0.639424,0.670056,0.812228,0.676507,0.672682,0.767423
3.4372,1.94287,0.619159,0.735435,0.606643,0.618066,0.638197,0.670517,0.811447,0.67668,0.670469,0.766199
3.4374,1.94133,0.619657,0.735055,0.606004,0.617154,0.635874,0.670927,0.813022,0.676856,0.668955,0.764937
3.4376,1.94044,0.618704,0.7343,0.605403,0.614942,0.633395,0.671288,0.814222,0.676776,0.668682,0.764045
3.4378,1.94045,0.617067,0.733951,0.605398,0.612987,0.632239,0.671049,0.814137,0.676784,0.669339,0.763897
3.438,1.94095,0.616049,0.734145,0.606121,0.612246,0.632853,0.669971,0.814003,0.676905,0.670137,0.764213
3.4382,1.94147,0.616112,0.734318,0.607197,0.61299,0.634248,0.668447,0.81483,0.677761,0.670415,0.764649
3.4384,1.94148,0.616742,0.734462,0.60806,0.614225,0.634866,0.666973,0.816317,0.678677,0.670086,0.764783
3.4386,1.94071,0.617005,0.733994,0.608258,0.61518,0.634062,0.666771,0.816944,0.678173,0.670098,0.764298
3.4388,1.9397,0.616339,0.73293,0.607739,0.615323,0.631798,0.667357,0.817061,0.67662,0.670507,0.763504
3.439,1.93908,0.615448,0.731541,0.606833,0.614625,0.629547,0.668451,0.817273,0.675741,0.671281,0.762907
3.4392,1.93892,0.615057,0.73076,0.606058,0.613019,0.628318,0.668906,0.817708,0.676743,0.671683,0.762701
3.4394,1.93905,0.615669,0.730575,0.605997,0.611109,0.62813,0.667953,0.817805,0.678502,0.671846,0.762779
3.4396,1.93892,0.616628,0.73108,0.606497,0.610296,0.628508,0.666268,0.81837,0.679627,0.672637,0.762787
3.4398,1.93873,0.616905,0.73133,0.607084,0.611121,0.629226,0.664737,0.819258,0.679389,0.673798,0.76259
3.44,1.93915,0.616672,0.731534,0.60691,0.612885,0.629417,0.664271,0.819287,0.678381,0.674846,0.762764
3.4402,1.9402,0.616215,0.731245,0.60627,0.614176,0.62857,0.664648,0.818873,0.677629,0.675538,0.763511
3.4404,1.94157,0.615695,0.730801,0.605808,0.61379,0.627124,0.66529,0.818763,0.677453,0.675423,0.764558
3.4406,1.94229,0.615112,0.730718,0.605609,0.612094,0.625926,0.665691,0.820097,0.677662,0.67463,0.765299
3.4408,1.94253,0.614485,0.730653,0.605585,0.610336,0.625559,0.665738,0.821844,0.677588,0.674262,0.765494
3.441,1.94275,0.613569,0.730468,0.605315,0.609441,0.626062,0.665603,0.82274,0.677331,0.674548,0.76568
3.4412,1.94311,0.61253,0.730639,0.605446,0.609903,0.626951,0.665483,0.821509,0.676826,0.675565,0.765801
3.4414,1.94453,0.611394,0.731251,0.606128,0.611758,0.627961,0.665657,0.820356,0.676801,0.677385,0.76674
3.4416,1.94642,0.610903,0.731591,0.606415,0.613904,0.628805,0.666199,0.820664,0.677509,0.67888,0.768089
3.4418,1.94861,0.612237,0.731179,0.606019,0.614512,0.629293,0.666514,0.82227,0.678729,0.679383,0.769785
3.442,1.95032,0.613885,0.730109,0.604949,0.613225,0.62924,0.666635,0.82326,0.679676,0.678519,0.771152
3.4422,1.95147,0.614374,0.728996,0.604088,0.611415,0.62899,0.667269,0.824482,0.679662,0.676779,0.772116
3.4424,1.95194,0.613336,0.72846,0.603841,0.610176,0.628366,0.668187,0.825698,0.678822,0.675609,0.772524
3.4426,1.95194,0.611507,0.729355,0.604024,0.610042,0.628276,0.668809,0.825019,0.677704,0.675794,0.772473
3.4428,1.95194,0.609714,0.73107,0.604236,0.610594,0.629534,0.668667,0.82249,0.677377,0.677515,0.772398
3.443,1.95248,0.608327,0.732238,0.604938,0.610955,0.630456,0.667764,0.821527,0.677986,0.679855,0.77255
3.4432,1.95376,0.607801,0.731945,0.605861,0.611168,0.630328,0.666743,0.822705,0.678581,0.680924,0.773388
3.4434,1.95496,0.608892,0.730378,0.606151,0.611486,0.629528,0.666381,0.824099,0.67865,0.680244,0.774286
3.4436,1.95612,0.611248,0.729025,0.606004,0.611754,0.628079,0.667075,0.824398,0.677759,0.67852,0.775091
3.4438,1.95711,0.613327,0.728815,0.605656,0.611622,0.626569,0.6685,0.821371,0.677127,0.677214,0.775809
3.444,1.95802,0.614314,0.729997,0.605367,0.61105,0.625616,0.669988,0.819135,0.677025,0.677433,0.776406
3.4442,1.95937,0.613936,0.732076,0.605356,0.610325,0.625971,0.670962,0.819407,0.67736,0.678764,0.777228
3.4444,1.96099,0.612549,0.733337,0.605514,0.609545,0.628038,0.670963,0.821887,0.677858,0.680724,0.778351
3.4446,1.96277,0.61223,0.732753,0.605716,0.609441,0.629503,0.670047,0.823487,0.677876,0.682495,0.779607
3.4448,1.96438,0.613897,0.731402,0.606104,0.609914,0.629048,0.669019,0.823189,0.677028,0.68293,0.780765
3.445,1.9657,0.616054,0.730337,0.606809,0.610702,0.627466,0.668719,0.821529,0.676292,0.681882,0.781707
3.4452,1.96682,0.616822,0.729969,0.60746,0.610893,0.626703,0.669642,0.820299,0.676018,0.680303,0.782447
3.4454,1.96803,0.615821,0.729952,0.607551,0.61013,0.627842,0.670692,0.820505,0.676312,0.679258,0.783162
3.4456,1.96978,0.614027,0.730202,0.606918,0.609023,0.630362,0.670887,0.820949,0.676659,0.68005,0.78424
3.4458,1.97197,0.612655,0.730485,0.605953,0.608207,0.632493,0.670044,0.819982,0.676904,0.682105,0.785733
3.446,1.97408,0.613074,0.730925,0.605233,0.60852,0.633079,0.668405,0.818065,0.677771,0.683805,0.787237
3.4462,1.9752,0.614913,0.73128,0.605192,0.609277,0.63286,0.666689,0.816749,0.678441,0.684356,0.788186
3.4464,1.97533,0.617156,0.731251,0.60587,0.609801,0.632913,0.665425,0.816704,0.678587,0.68376,0.788198
3.4466,1.97542,0.618855,0.730995,0.606824,0.609399,0.633342,0.665158,0.817079,0.678996,0.682496,0.788025
3.4468,1.97576,0.619014,0.730711,0.607406,0.608826,0.634084,0.66526,0.817023,0.679405,0.681543,0.787979
3.447,1.97735,0.618042,0.730345,0.607164,0.6085,0.634794,0.665299,0.816364,0.678957,0.681491,0.78876
3.4472,1.97974,0.616854,0.729844,0.606138,0.608629,0.635164,0.66493,0.815825,0.678357,0.682149,0.790326
3.4474,1.98231,0.616187,0.729531,0.604881,0.608622,0.635321,0.66447,0.816151,0.677627,0.683199,0.792118
3.4476,1.98421,0.616195,0.729397,0.604672,0.608708,0.635678,0.664657,0.81728,0.67735,0.684123,0.793569
3.4478,1.98506,0.616356,0.729444,0.606526,0.609046,0.636425,0.66496,0.81797,0.677794,0.684253,0.79419
3.448,1.9847,0.616209,0.729425,0.60872,0.609607,0.637357,0.665528,0.818198,0.678694,0.683579,0.793861
3.4482,1.98413,0.616194,0.729106,0.609436,0.609975,0.63803,0.666227,0.818391,0.679197,0.682943,0.7931
3.4484,1.98426,0.616152,0.728519,0.608053,0.61001,0.637879,0.666617,0.817522,0.67892,0.682697,0.792829
3.4486,1.98544,0.615757,0.727501,0.605495,0.609706,0.636783,0.666573,0.815653,0.677731,0.683086,0.793255
3.4488,1.98795,0.614828,0.726347,0.603341,0.609367,0.635531,0.666377,0.813493,0.676454,0.683429,0.794784
3.449,1.99027,0.613902,0.72554,0.602625,0.609289,0.635295,0.666359,0.811965,0.675643,0.683905,0.796494
3.4492,1.99171,0.613782,0.725485,0.603508,0.609602,0.636182,0.666601,0.811961,0.676282,0.683906,0.797524
3.4494,1.9921,0.614125,0.726058,0.60492,0.61058,0.637333,0.667132,0.8118,0.677537,0.683363,0.797801
3.4496,1.99178,0.614038,0.726759,0.605441,0.612065,0.637883,0.667792,0.810275,0.678465,0.682402,0.797293
3.4498,1.99195,0.61315,0.72683,0.604608,0.613641,0.637531,0.66832,0.806997,0.677939,0.681416,0.797049
3.45,1.99255,0.611142,0.726306,0.602778,0.614342,0.636366,0.668995,0.802938,0.676554,0.680774,0.797203
3.4502,1.99364,0.608615,0.725538,0.600987,0.614137,0.634982,0.670039,0.800329,0.675627,0.680706,0.797654
3.4504,1.99506,0.606741,0.724699,0.60001,0.613112,0.634462,0.671277,0.799341,0.675608,0.681319,0.798518
3.4506,1.99604,0.606259,0.724083,0.600121,0.611795,0.634925,0.671789,0.799453,0.675756,0.682775,0.799124
3.4508,1.99633,0.606553,0.723631,0.600833,0.611426,0.635755,0.671372,0.799401,0.676091,0.683723,0.799239
3.451,1.99613,0.606904,0.723079,0.601332,0.612172,0.635982,0.67095,0.79895,0.676643,0.683187,0.798849
3.4512,1.99599,0.606866,0.722222,0.60139,0.613057,0.634616,0.670707,0.796627,0.677151,0.681655,0.798461
3.4514,1.99622,0.606016,0.721379,0.601068,0.613189,0.631804,0.671306,0.792656,0.676823,0.67988,0.798283
3.4516,1.9967,0.604531,0.720703,0.600719,0.612936,0.628884,0.672805,0.789138,0.67551,0.678797,0.798405
3.4518,1.99704,0.602904,0.720233,0.600634,0.612347,0.627333,0.674178,0.787459,0.674009,0.679074,0.798453
3.452,1.99716,0.601679,0.719759,0.600837,0.611936,0.627616,0.674777,0.787399,0.673507,0.680536,0.798355
3.4522,1.99654,0.601175,0.71968,0.601175,0.612095,0.628548,0.675023,0.787297,0.67475,0.681599,0.797812
3.4524,1.99571,0.601272,0.719463,0.601444,0.612594,0.628997,0.675004,0.78604,0.676556,0.681527,0.796857
3.4526,1.99539,0.601544,0.718937,0.601401,0.613058,0.627543,0.674797,0.784119,0.677157,0.679902,0.796298
3.4528,1.99526,0.601563,0.71789,0.60109,0.612775,0.624195,0.67488,0.782677,0.676383,0.677782,0.795944
3.453,1.99564,0.601067,0.716258,0.60118,0.611591,0.620791,0.675579,0.782845,0.674753,0.676696,0.795916
3.4532,1.99571,0.600159,0.714948,0.60186,0.610091,0.618871,0.6768,0.78458,0.67355,0.676519,0.795927
3.4534,1.99504,0.59905,0.714346,0.602955,0.608608,0.618542,0.677412,0.785891,0.673083,0.677121,0.795303
3.4536,1.99391,0.598202,0.714043,0.603836,0.6073,0.618944,0.676885,0.785879,0.673549,0.678108,0.794287
3.4538,1.99296,0.598047,0.713537,0.604003,0.606298,0.618899,0.676031,0.785841,0.674185,0.678338,0.79328
3.454,1.99233,0.598493,0.712822,0.603775,0.605326,0.617785,0.675891,0.786441,0.674323,0.677359,0.792534
3.4542,1.99246,0.598978,0.71208,0.60363,0.604187,0.6159,0.676716,0.786467,0.67399,0.67572,0.79231
3.4544,1.99327,0.598986,0.711431,0.603872,0.603191,0.614133,0.678515,0.785395,0.673755,0.674429,0.792646
3.4546,1.99445,0.598507,0.711214,0.604656,0.602524,0.613193,0.680073,0.784061,0.673497,0.673944,0.793425
3.4548,1.9947,0.597818,0.711386,0.605759,0.601479,0.613333,0.680812,0.783914,0.672929,0.67467,0.793699
3.455,1.99343,0.597433,0.711548,0.606595,0.599947,0.614389,0.680644,0.785115,0.671896,0.675714,0.792846
3.4552,1.99116,0.59767,0.711467,0.606695,0.598599,0.615608,0.679815,0.786522,0.671056,0.676325,0.791007
3.4554,1.98918,0.598355,0.71113,0.60601,0.598733,0.615689,0.679175,0.786978,0.670594,0.676549,0.789161
3.4556,1.98849,0.599108,0.710416,0.60508,0.599566,0.614474,0.679326,0.786403,0.67061,0.676246,0.78823
3.4558,1.9892,0.599364,0.709887,0.604693,0.600569,0.613742,0.680202,0.78613,0.670559,0.675979,0.788404
3.456,1.99073,0.598757,0.709835,0.604909,0.601238,0.614362,0.681079,0.786771,0.669783,0.67604,0.789435
3.4562,1.99182,0.597698,0.710065,0.60528,0.601053,0.615896,0.680892,0.787745,0.668941,0.676634,0.790312
3.4564,1.99171,0.597319,0.709973,0.60535,0.600336,0.617214,0.679723,0.789067,0.6686,0.676974,0.790384
3.4566,1.99054,0.597751,0.709263,0.604881,0.599792,0.617286,0.678065,0.789596,0.668735,0.676592,0.789472
3.4568,1.98959,0.598425,0.708428,0.604661,0.600014,0.616646,0.677098,0.788368,0.669262,0.675741,0.788466
3.457,1.98956,0.599163,0.708055,0.604777,0.600695,0.616057,0.67694,0.786042,0.670328,0.675021,0.788152
3.4572,1.9905,0.600752,0.708778,0.60516,0.601224,0.616492,0.677192,0.784189,0.671685,0.675109,0.788614
3.4574,1.99188,0.602489,0.710349,0.605124,0.601404,0.618198,0.676973,0.783566,0.672187,0.675654,0.789579
3.4576,1.99267,0.60323,0.711788,0.604671,0.601291,0.620347,0.676185,0.785825,0.671899,0.676318,0.790231
3.4578,1.99313,0.602608,0.712477,0.604058,0.601489,0.621621,0.674713,0.787945,0.671742,0.676694,0.7905
3.458,1.99356,0.601617,0.712323,0.60405,0.601993,0.621612,0.673715,0.786243,0.672542,0.676609,0.790746
3.4582,1.99373,0.600968,0.711646,0.604373,0.60299,0.621019,0.673311,0.780608,0.673502,0.676177,0.790808
3.4584,1.99385,0.600556,0.710805,0.604283,0.603786,0.620916,0.672782,0.775831,0.673405,0.675766,0.790812
3.4586,1.99334,0.60002,0.71023,0.603773,0.60366,0.621708,0.672114,0.775738,0.672869,0.675625,0.790402
3.4588,1.99316,0.599604,0.709946,0.603304,0.602932,0.623462,0.671525,0.77839,0.672627,0.675582,0.789973
3.459,1.9943,0.599344,0.710049,0.603224,0.602672,0.625266,0.670979,0.778819,0.672536,0.675563,0.790453
3.4592,1.99679,0.599398,0.711742,0.603712,0.603288,0.626456,0.670504,0.77606,0.672611,0.675255,0.792118
3.4594,1.99928,0.599321,0.714076,0.604161,0.604138,0.626514,0.669825,0.772071,0.672885,0.674817,0.794082
3.4596,1.99971,0.599153,0.714995,0.60463,0.604686,0.626059,0.669118,0.769305,0.673251,0.673975,0.794785
3.4598,1.99776,0.599469,0.713852,0.605345,0.604536,0.62576,0.668439,0.769067,0.673705,0.673429,0.7935
3.46,1.99484,0.601731,0.710962,0.60589,0.603867,0.626185,0.667888,0.770786,0.67462,0.674054,0.791082
3.4602,1.99442,0.604888,0.707721,0.606312,0.603324,0.627539,0.667543,0.771858,0.675987,0.674918,0.789915
3.4604,1.99745,0.606992,0.706341,0.606273,0.603884,0.629354,0.667416,0.77099,0.677089,0.674873,0.791647
3.4606,2.00137,0.607012,0.708723,0.606069,0.605259,0.630705,0.667484,0.768753,0.677034,0.673274,0.79465
3.4608,2.0032,0.605937,0.713161,0.606259,0.606206,0.631108,0.667684,0.767028,0.676756,0.671403,0.79656
3.461,2.0011,0.605425,0.715478,0.606999,0.606027,0.630883,0.667861,0.767001,0.676888,0.670134,0.795499
3.4612,1.99694,0.606157,0.713658,0.607985,0.605232,0.630573,0.667818,0.768391,0.676865,0.669721,0.792257
3.4614,1.99356,0.607605,0.708933,0.608502,0.604507,0.630535,0.66757,0.770053,0.676952,0.669786,0.789173
3.4616,1.99263,0.608857,0.704199,0.608115,0.604336,0.631018,0.667539,0.770375,0.677396,0.669595,0.787829
3.4618,1.99414,0.609452,0.70209,0.607108,0.604899,0.632091,0.667647,0.769098,0.677678,0.668521,0.788544
3.462,1.99646,0.609658,0.703135,0.606064,0.60552,0.633028,0.667676,0.768573,0.677793,0.666781,0.790294
3.4622,1.99765,0.609727,0.705664,0.605749,0.605689,0.63316,0.667536,0.769628,0.677485,0.6652,0.791406
3.4624,1.99832,0.609873,0.707481,0.606345,0.605155,0.633042,0.667501,0.771031,0.677097,0.664162,0.791838
3.4626,1.99872,0.60988,0.707313,0.607266,0.604623,0.633493,0.667561,0.772269,0.676812,0.663859,0.792132
3.4628,1.99887,0.60951,0.705671,0.607987,0.6043,0.634169,0.667709,0.77267,0.677143,0.665259,0.792125
3.463,1.99929,0.608868,0.703821,0.607812,0.604284,0.634235,0.668017,0.771473,0.67733,0.667377,0.792313
3.4632,1.99979,0.608583,0.702838,0.606771,0.604604,0.633892,0.668604,0.770208,0.676422,0.668666,0.792569
3.4634,2.00064,0.609024,0.703447,0.605586,0.604526,0.633156,0.669384,0.770021,0.674183,0.668835,0.793063
3.4636,2.00129,0.60981,0.705177,0.60492,0.604097,0.632355,0.669979,0.770872,0.671223,0.66891,0.793529
3.4638,2.00182,0.610383,0.706445,0.604865,0.60399,0.632645,0.669936,0.772682,0.668482,0.669833,0.793819
3.464,2.00254,0.610479,0.706428,0.605202,0.60449,0.633693,0.669732,0.774446,0.666519,0.670771,0.794228
3.4642,2.00312,0.609978,0.705971,0.605541,0.60532,0.634368,0.669588,0.77518,0.665807,0.670941,0.794594
3.4644,2.00363,0.60906,0.705997,0.605791,0.60527,0.634025,0.669384,0.775313,0.665915,0.670474,0.794892
3.4646,2.00421,0.608373,0.706153,0.60578,0.604442,0.63306,0.669597,0.775667,0.665421,0.670075,0.79519
3.4648,2.00487,0.608453,0.705972,0.605635,0.603777,0.632059,0.669747,0.77589,0.663965,0.670565,0.795601
3.465,2.00541,0.609036,0.705216,0.605346,0.603834,0.631669,0.669852,0.775254,0.661897,0.672336,0.795884
3.4652,2.00609,0.60894,0.70405,0.60491,0.604521,0.631939,0.669733,0.773782,0.659815,0.674304,0.796274
3.4654,2.00677,0.607988,0.70321,0.604506,0.605263,0.632433,0.669043,0.771822,0.658372,0.675031,0.796654
3.4656,2.00764,0.606476,0.703509,0.604408,0.605698,0.632655,0.66823,0.770535,0.657955,0.673996,0.797165
3.4658,2.00823,0.60502,0.704702,0.604671,0.6055,0.632392,0.667657,0.77061,0.658194,0.671987,0.797626
3.466,2.0082,0.604179,0.70577,0.605149,0.604853,0.631815,0.667157,0.771144,0.65832,0.670477,0.797503
3.4662,2.00828,0.604134,0.706111,0.605663,0.60434,0.631169,0.666765,0.771166,0.657836,0.670481,0.797398
3.4664,2.00838,0.603881,0.705671,0.606174,0.604348,0.630566,0.666726,0.768635,0.656833,0.671998,0.797342
3.4666,2.00894,0.60294,0.704624,0.606549,0.604712,0.6306,0.666312,0.764796,0.65591,0.673937,0.797478
3.4668,2.01011,0.601649,0.703692,0.606677,0.605547,0.631052,0.665275,0.761771,0.655735,0.674827,0.798229
3.467,2.01093,0.600651,0.703985,0.60672,0.606192,0.631327,0.664346,0.760433,0.656314,0.673816,0.798822
3.4672,2.01117,0.600227,0.705165,0.606673,0.606405,0.631402,0.664024,0.759708,0.657289,0.671539,0.798965
3.4674,2.01106,0.599961,0.705821,0.606552,0.606187,0.631202,0.66438,0.759101,0.65833,0.669759,0.798797
3.4676,2.01059,0.599252,0.704661,0.606477,0.606089,0.630511,0.664688,0.757619,0.659096,0.669173,0.798336
3.4678,2.01066,0.598105,0.70218,0.607044,0.606023,0.629699,0.664425,0.754625,0.658854,0.669984,0.798061
3.468,2.01132,0.596773,0.699433,0.608033,0.605853,0.629234,0.663692,0.751284,0.657795,0.670914,0.798404
3.4682,2.01238,0.595578,0.697685,0.608465,0.605472,0.629146,0.663004,0.748879,0.656566,0.67051,0.798991
3.4684,2.01358,0.594811,0.697482,0.608461,0.605548,0.629131,0.662679,0.747618,0.656035,0.668483,0.799875
3.4686,2.01337,0.594483,0.698358,0.607987,0.606071,0.629063,0.662784,0.747506,0.656601,0.665851,0.799874
3.4688,2.01208,0.594397,0.698698,0.607483,0.606204,0.628749,0.66329,0.747447,0.65779,0.663452,0.798881
3.469,2.01019,0.594323,0.69789,0.607151,0.605626,0.627976,0.664009,0.746416,0.658749,0.66275,0.797334
3.4692,2.0087,0.594137,0.695664,0.607473,0.604557,0.627007,0.664706,0.744832,0.65892,0.663329,0.79588
3.4694,2.00836,0.59377,0.692607,0.608074,0.603369,0.625883,0.66508,0.743852,0.658438,0.663865,0.795306
3.4696,2.00858,0.593263,0.690093,0.608186,0.602521,0.624702,0.665025,0.744502,0.657927,0.66312,0.795288
3.4698,2.00924,0.592802,0.688683,0.607565,0.602287,0.623709,0.664987,0.746646,0.657901,0.661224,0.795673
3.47,2.00951,0.592377,0.6888,0.607014,0.602354,0.623032,0.665096,0.748365,0.658377,0.659058,0.795929
3.4702,2.00873,0.592097,0.689497,0.606961,0.602181,0.62278,0.665285,0.748399,0.659154,0.657585,0.795409
3.4704,2.00732,0.592494,0.68923,0.607371,0.60152,0.622795,0.66542,0.748238,0.659458,0.656913,0.794312
3.4706,2.00578,0.593502,0.687432,0.607904,0.600597,0.623006,0.665377,0.748481,0.658954,0.656744,0.792995
3.4708,2.00489,0.594704,0.685148,0.608073,0.599762,0.6228,0.665125,0.748422,0.658115,0.656614,0.792043
3.471,2.00476,0.595409,0.683424,0.607686,0.59937,0.621877,0.665016,0.748296,0.657274,0.656155,0.791792
3.4712,2.00504,0.595174,0.68265,0.607037,0.59927,0.620523,0.665332,0.748749,0.656233,0.655567,0.791874
3.4714,2.00559,0.59414,0.682798,0.606583,0.599131,0.619385,0.666009,0.750249,0.655517,0.655272,0.792221
3.4716,2.00612,0.593333,0.683314,0.606614,0.598693,0.618931,0.666731,0.752925,0.654979,0.65528,0.792592
3.4718,2.00649,0.593256,0.683513,0.606952,0.598113,0.619129,0.667216,0.755071,0.654402,0.655381,0.792905
3.472,2.00592,0.59392,0.683589,0.607454,0.597727,0.619437,0.667359,0.754762,0.65319,0.655419,0.792604
3.4722,2.00456,0.594862,0.683826,0.608019,0.597615,0.619961,0.667195,0.753132,0.65161,0.655517,0.791577
3.4724,2.00297,0.596124,0.683752,0.608337,0.597695,0.620293,0.66699,0.751827,0.650121,0.65544,0.790321
3.4726,2.00126,0.597112,0.683092,0.608273,0.597416,0.62029,0.666967,0.751668,0.648959,0.655586,0.788947
3.4728,1.99982,0.597153,0.682108,0.607819,0.59651,0.62001,0.666981,0.753477,0.64787,0.656475,0.787707
3.473,1.99897,0.596407,0.680995,0.607351,0.594948,0.619999,0.666796,0.755367,0.646969,0.657715,0.78692
3.4732,1.99846,0.595665,0.679961,0.60735,0.593264,0.620259,0.666324,0.756838,0.646814,0.658434,0.786472
3.4734,1.99811,0.59598,0.679313,0.608255,0.592704,0.620968,0.665312,0.756511,0.647055,0.658382,0.78617
3.4736,1.99796,0.597555,0.678859,0.609564,0.594486,0.621969,0.664289,0.754443,0.648428,0.658336,0.786016
3.4738,1.99792,0.599287,0.67884,0.609525,0.5972,0.622729,0.663279,0.752966,0.650351,0.658258,0.785983
3.474,1.99792,0.600662,0.678684,0.607892,0.598278,0.622746,0.662802,0.754121,0.651285,0.658495,0.78597
3.4742,1.99809,0.601205,0.678216,0.605556,0.596988,0.622748,0.662869,0.756241,0.651243,0.659139,0.786091
3.4744,1.99812,0.601404,0.678465,0.603864,0.594549,0.623217,0.663318,0.757839,0.651351,0.659696,0.786174
3.4746,1.99814,0.601896,0.679113,0.603797,0.592758,0.623918,0.66337,0.758355,0.652302,0.660129,0.786149
3.4748,1.99922,0.602697,0.679165,0.604979,0.592997,0.624406,0.662496,0.75828,0.653754,0.660807,0.786675
3.475,2.00147,0.603838,0.677934,0.606138,0.594869,0.624658,0.660518,0.757894,0.654903,0.661468,0.788289
3.4752,2.00411,0.604948,0.676412,0.606088,0.597075,0.625039,0.658414,0.757925,0.654843,0.661991,0.790357
3.4754,2.0051,0.605439,0.675656,0.604754,0.598028,0.625359,0.657082,0.758521,0.653988,0.662373,0.791599
3.4756,2.00286,0.605118,0.675604,0.602915,0.59718,0.625626,0.656967,0.759494,0.653562,0.662285,0.79038
3.4758,1.99944,0.605036,0.675913,0.601573,0.595288,0.625672,0.657253,0.7606,0.654135,0.662225,0.7877
3.476,1.9966,0.605843,0.675823,0.60124,0.59356,0.625635,0.657385,0.760995,0.655028,0.662326,0.785303
3.4762,1.99627,0.606849,0.675113,0.601843,0.593009,0.626323,0.65704,0.759974,0.655446,0.662645,0.784336
3.4764,1.99969,0.607685,0.674538,0.602849,0.593644,0.627457,0.656013,0.758841,0.655369,0.663174,0.786447
3.4766,2.00403,0.608588,0.674523,0.603535,0.595216,0.628473,0.654757,0.759101,0.655622,0.663837,0.789923
3.4768,2.00657,0.609402,0.674927,0.603484,0.596664,0.629279,0.65392,0.760035,0.656245,0.664065,0.792354
3.477,2.0057,0.610132,0.675384,0.602886,0.597082,0.62931,0.653861,0.760473,0.656745,0.664095,0.792377
3.4772,2.00206,0.610409,0.675806,0.60226,0.596424,0.629167,0.654514,0.760136,0.656649,0.664671,0.789778
3.4774,1.99882,0.61086,0.67628,0.602017,0.595302,0.629031,0.655387,0.759421,0.655931,0.665259,0.78695
3.4776,1.99766,0.611261,0.676806,0.602083,0.594441,0.629458,0.655894,0.759208,0.655156,0.665627,0.785584
3.4778,1.99911,0.610455,0.677324,0.602142,0.594286,0.629909,0.65567,0.76006,0.654975,0.66611,0.786225
3.478,2.00197,0.609551,0.677988,0.602248,0.594638,0.62983,0.655095,0.761306,0.654943,0.666595,0.788369
3.4782,2.004,0.609537,0.678922,0.602622,0.595081,0.628999,0.654926,0.761366,0.654886,0.667455,0.790255
3.4784,2.00423,0.610373,0.68016,0.602936,0.595303,0.62835,0.655535,0.762317,0.654837,0.668128,0.790769
3.4786,2.00295,0.611597,0.681396,0.602957,0.595095,0.628083,0.656521,0.76444,0.654877,0.668206,0.789975
3.4788,2.00093,0.612223,0.68192,0.602545,0.594452,0.627959,0.657373,0.765811,0.655266,0.667656,0.788416
3.479,1.99975,0.611985,0.681617,0.601846,0.594259,0.627916,0.657989,0.764969,0.655499,0.667014,0.787234
3.4792,1.99965,0.611871,0.681029,0.601248,0.594415,0.627767,0.65824,0.762931,0.654954,0.666889,0.78695
3.4794,2.001,0.612176,0.680937,0.601118,0.594459,0.627471,0.658384,0.761788,0.653131,0.667481,0.787711
3.4796,2.00281,0.613003,0.681699,0.601465,0.594093,0.626996,0.659218,0.762447,0.650702,0.668323,0.789188
3.4798,2.00366,0.613591,0.683,0.601992,0.593728,0.626423,0.660466,0.764049,0.648798,0.668966,0.790049
3.48,2.00342,0.613832,0.68431,0.602279,0.593497,0.625995,0.661772,0.764427,0.64851,0.668997,0.790043
3.4802,2.00224,0.613475,0.685099,0.601994,0.593784,0.625918,0.662421,0.764035,0.649098,0.668297,0.789251
3.4804,2.00063,0.612694,0.685155,0.601122,0.594008,0.626077,0.662141,0.763815,0.649616,0.667956,0.787973
3.4806,1.99976,0.611992,0.68479,0.600093,0.593411,0.626254,0.661376,0.764507,0.649202,0.668342,0.787097
3.4808,1.99964,0.611785,0.684569,0.599469,0.592263,0.626417,0.661415,0.764571,0.647137,0.669255,0.786873
3.481,2.00014,0.611931,0.684709,0.599751,0.591412,0.626368,0.662467,0.764709,0.644479,0.670802,0.787137
3.4812,2.00152,0.611763,0.685186,0.600572,0.591509,0.626061,0.663965,0.765014,0.642468,0.671801,0.788068
3.4814,2.00293,0.611142,0.685415,0.601744,0.592526,0.625535,0.66515,0.763585,0.641536,0.671432,0.789219
3.4816,2.00373,0.610553,0.684989,0.602581,0.593488,0.624934,0.665587,0.762933,0.641483,0.669871,0.789987
3.4818,2.00336,0.610092,0.684129,0.602865,0.593687,0.624536,0.665186,0.764181,0.641679,0.668579,0.789926
3.482,2.00212,0.609745,0.683115,0.602682,0.593171,0.62448,0.664403,0.765416,0.641278,0.668319,0.789012
3.4822,2.00122,0.60909,0.682799,0.60219,0.592716,0.6247,0.664128,0.76481,0.640137,0.669124,0.788148
3.4824,2.00127,0.607753,0.68319,0.602051,0.592859,0.62499,0.664825,0.763148,0.638853,0.670399,0.787991
3.4826,2.00222,0.606719,0.68372,0.602039,0.593475,0.625135,0.666252,0.76174,0.63807,0.671358,0.788557
3.4828,2.0037,0.605908,0.683339,0.602362,0.594041,0.625012,0.667713,0.761794,0.6381,0.671496,0.789658
3.483,2.00477,0.60482,0.681966,0.602972,0.594106,0.624657,0.668594,0.76272,0.638807,0.670615,0.790629
3.4832,2.00526,0.603487,0.680263,0.603481,0.593623,0.624173,0.668644,0.763528,0.639644,0.669113,0.791011
3.4834,2.0054,0.60228,0.678994,0.603421,0.592893,0.623631,0.668144,0.764023,0.640077,0.668192,0.791229
3.4836,2.00493,0.60085,0.678453,0.603006,0.593255,0.62315,0.667809,0.763705,0.639832,0.668057,0.790872
3.4838,2.00448,0.599501,0.678308,0.602514,0.594574,0.622835,0.667991,0.762794,0.63924,0.668504,0.790484
3.484,2.00413,0.598452,0.678093,0.602194,0.595996,0.622702,0.668563,0.763835,0.639141,0.669133,0.790136
3.4842,2.00387,0.597684,0.677439,0.602163,0.596243,0.622383,0.668908,0.765562,0.639722,0.669448,0.789898
3.4844,2.00401,0.596857,0.676428,0.60264,0.595139,0.621889,0.668878,0.766419,0.640367,0.669094,0.789901
3.4846,2.00413,0.595892,0.67526,0.603354,0.593839,0.621489,0.66844,0.766837,0.640548,0.66833,0.790022
3.4848,2.00425,0.594801,0.674267,0.603883,0.593298,0.620712,0.667368,0.766487,0.640144,0.667552,0.790041
3.485,2.00457,0.593624,0.673807,0.603938,0.593967,0.619419,0.666074,0.766135,0.6395,0.66694,0.790297
3.4852,2.0039,0.592655,0.673776,0.60357,0.594833,0.617861,0.664903,0.766268,0.63922,0.666665,0.789997
3.4854,2.00243,0.592117,0.673922,0.603318,0.595012,0.616554,0.664412,0.76686,0.639605,0.666714,0.788861
3.4856,2.00157,0.591943,0.673977,0.603271,0.594804,0.615968,0.664328,0.767803,0.640439,0.66659,0.788031
3.4858,2.00111,0.591863,0.673658,0.603401,0.59463,0.615923,0.664482,0.768399,0.64135,0.666303,0.787617
3.486,2.00101,0.591562,0.673047,0.603467,0.594679,0.615671,0.664801,0.768359,0.642061,0.665906,0.787422
3.4862,2.00132,0.591036,0.672333,0.603503,0.594525,0.614821,0.664218,0.766829,0.642415,0.665476,0.787674
3.4864,2.00107,0.590553,0.671919,0.603925,0.593688,0.613526,0.662714,0.765264,0.642406,0.665086,0.787603
3.4866,2.00036,0.590334,0.672271,0.604475,0.592805,0.611909,0.661059,0.764567,0.642316,0.664541,0.7871
3.4868,1.99934,0.590239,0.673291,0.604712,0.592566,0.610618,0.660052,0.7659,0.642596,0.663953,0.786411
3.487,1.99778,0.590637,0.673945,0.604307,0.593021,0.610238,0.659664,0.766878,0.642912,0.66364,0.785261
3.4872,1.99634,0.591771,0.673652,0.603657,0.593827,0.610362,0.659438,0.765062,0.643117,0.66376,0.784095
3.4874,1.9951,0.592731,0.672576,0.603402,0.594319,0.610317,0.659026,0.763418,0.643323,0.664121,0.783161
3.4876,1.99416,0.59285,0.671818,0.603955,0.593758,0.609769,0.658353,0.764009,0.643118,0.664327,0.782335
3.4878,1.99383,0.591989,0.672388,0.605025,0.592638,0.608814,0.65765,0.766066,0.642315,0.664089,0.782056
3.488,1.99351,0.590734,0.674218,0.606078,0.59197,0.607845,0.657131,0.76738,0.640995,0.663536,0.781876
3.4882,1.99287,0.590064,0.675839,0.606295,0.592024,0.607287,0.656878,0.76656,0.639953,0.663058,0.781524
3.4884,1.99151,0.590529,0.676538,0.605381,0.592813,0.607279,0.656882,0.764737,0.639476,0.662952,0.780676
3.4886,1.98965,0.591786,0.675958,0.603923,0.593667,0.607603,0.65706,0.763149,0.640073,0.663206,0.779311
3.4888,1.98809,0.593518,0.675234,0.602878,0.593236,0.607849,0.657329,0.762655,0.641898,0.66384,0.778096
3.489,1.98721,0.595145,0.675163,0.602752,0.591644,0.607665,0.657331,0.763921,0.642685,0.663928,0.777318
3.4892,1.98747,0.595782,0.675655,0.603341,0.590592,0.607252,0.65742,0.764722,0.641124,0.663342,0.777369
3.4894,1.98835,0.594802,0.676244,0.604164,0.590533,0.606924,0.65788,0.764856,0.638007,0.662874,0.778133
3.4896,1.98854,0.593036,0.676232,0.605003,0.590942,0.607203,0.658513,0.765797,0.635016,0.662797,0.778587
3.4898,1.98726,0.592238,0.675605,0.605695,0.591365,0.608332,0.658716,0.765309,0.634098,0.663197,0.777982
3.49,1.98492,0.592767,0.675053,0.605756,0.591345,0.609493,0.658375,0.763231,0.635509,0.663637,0.776329
3.4902,1.98329,0.593688,0.675281,0.604674,0.5907,0.60989,0.657652,0.762454,0.637966,0.663971,0.77488
3.4904,1.98327,0.593579,0.676089,0.602706,0.590363,0.609182,0.656962,0.764534,0.639967,0.664532,0.774701
3.4906,1.98389,0.592468,0.676772,0.600916,0.591312,0.608354,0.656875,0.766737,0.640097,0.664882,0.775266
3.4908,1.9845,0.591562,0.6768,0.599944,0.59242,0.608047,0.65742,0.76741,0.638655,0.665258,0.775878
3.491,1.98429,0.591631,0.67672,0.599909,0.592505,0.608342,0.658104,0.765748,0.636907,0.665522,0.776049
3.4912,1.98311,0.592321,0.676647,0.601381,0.591682,0.609538,0.658507,0.763867,0.635938,0.665437,0.775355
3.4914,1.98179,0.592729,0.676983,0.603356,0.59066,0.611371,0.658438,0.763358,0.636726,0.664897,0.774408
3.4916,1.98081,0.592168,0.677595,0.603916,0.590862,0.612523,0.657755,0.764014,0.638746,0.664192,0.773668
3.4918,1.98038,0.590757,0.678162,0.602602,0.592343,0.612199,0.656874,0.765349,0.640296,0.663637,0.773316
3.492,1.98063,0.589506,0.678824,0.60018,0.593654,0.610839,0.656976,0.764828,0.640596,0.663563,0.77354
3.4922,1.98107,0.589385,0.679727,0.598167,0.594105,0.60955,0.65809,0.764139,0.640742,0.663982,0.773974
3.4924,1.98144,0.590281,0.68045,0.597446,0.593463,0.608834,0.659243,0.764338,0.64171,0.66417,0.774463
3.4926,1.98123,0.591317,0.680793,0.597785,0.592296,0.609368,0.659576,0.764277,0.643307,0.664654,0.774541
3.4928,1.98024,0.592212,0.681436,0.598319,0.591977,0.611302,0.659171,0.763657,0.644429,0.66549,0.773999
3.493,1.97878,0.592792,0.682718,0.598978,0.593034,0.61355,0.658017,0.763986,0.644825,0.665524,0.773072
3.4932,1.97683,0.592913,0.684429,0.599546,0.594683,0.615067,0.657316,0.764845,0.644335,0.664557,0.7717
3.4934,1.97554,0.592725,0.686373,0.599791,0.595715,0.615638,0.657275,0.765628,0.644187,0.662828,0.770604
3.4936,1.97629,0.592617,0.687904,0.599699,0.595519,0.615301,0.657334,0.76596,0.645367,0.661229,0.770853
3.4938,1.97892,0.592841,0.688515,0.599489,0.594554,0.614896,0.657031,0.766646,0.647946,0.660441,0.772798
3.494,1.98118,0.593433,0.689208,0.599351,0.593718,0.615097,0.656175,0.767637,0.650859,0.660788,0.774967
3.4942,1.98055,0.594234,0.690108,0.599294,0.593591,0.615671,0.654998,0.768174,0.651915,0.661432,0.775236
3.4944,1.97697,0.595188,0.690742,0.599437,0.594239,0.616577,0.654035,0.768098,0.650287,0.660973,0.772973
3.4946,1.97252,0.596135,0.691018,0.600007,0.594935,0.617459,0.653225,0.767607,0.647651,0.659422,0.769603
3.4948,1.96928,0.596806,0.69091,0.60089,0.594897,0.618411,0.652816,0.76757,0.645727,0.657193,0.766844
3.495,1.96839,0.596922,0.690972,0.601654,0.593829,0.619934,0.652641,0.768253,0.645814,0.655225,0.765836
3.4952,1.96935,0.597013,0.692955,0.601996,0.592417,0.62157,0.652623,0.76855,0.647712,0.654464,0.766512
3.4954,1.97073,0.597693,0.696209,0.601867,0.591978,0.623053,0.652375,0.768925,0.649093,0.654599,0.767784
3.4956,1.97116,0.598907,0.697773,0.601609,0.592425,0.624291,0.651755,0.769323,0.648752,0.655115,0.768526
3.4958,1.97036,0.59986,0.696207,0.601735,0.594282,0.62506,0.651034,0.769093,0.647446,0.655671,0.768242
3.496,1.96924,0.60056,0.69279,0.602212,0.59618,0.625308,0.65067,0.767808,0.645795,0.655509,0.767482
3.4962,1.96866,0.601471,0.689868,0.602891,0.596547,0.625356,0.65094,0.767072,0.645613,0.654809,0.767049
3.4964,1.96892,0.602017,0.689292,0.603545,0.595039,0.625539,0.651703,0.767871,0.647112,0.654026,0.767222
3.4966,1.9702,0.602091,0.691193,0.603858,0.593391,0.625766,0.652563,0.769288,0.649549,0.653524,0.7682
3.4968,1.97165,0.602047,0.693928,0.603578,0.593385,0.626269,0.653133,0.769946,0.651383,0.65363,0.769544
3.497,1.97223,0.601796,0.695252,0.602658,0.594789,0.626946,0.65334,0.769299,0.651134,0.654278,0.770307
3.4972,1.97262,0.601914,0.69381,0.601448,0.595991,0.627794,0.653386,0.76754,0.649694,0.65488,0.770666
3.4974,1.97358,0.602285,0.689965,0.600668,0.596703,0.628511,0.653361,0.766883,0.649018,0.655042,0.771404
3.4976,1.97481,0.602805,0.685766,0.60089,0.596999,0.628207,0.6539,0.76731,0.649561,0.655043,0.772486
3.4978,1.97556,0.60307,0.68351,0.601554,0.596729,0.627165,0.655273,0.768566,0.650859,0.655197,0.773306
3.498,1.97514,0.6029,0.683748,0.601697,0.595975,0.626141,0.656632,0.770825,0.651776,0.655535,0.773314
3.4982,1.97369,0.602244,0.685304,0.600979,0.595021,0.625747,0.657067,0.771585,0.651657,0.656069,0.772412
3.4984,1.97213,0.601858,0.686525,0.599747,0.594576,0.625979,0.656414,0.769929,0.65094,0.656847,0.771227
3.4986,1.97145,0.602004,0.686115,0.598551,0.594651,0.626696,0.655366,0.76718,0.650626,0.657518,0.770554
3.4988,1.97237,0.602397,0.684048,0.598281,0.595218,0.627355,0.654868,0.766049,0.650755,0.657974,0.771043
3.499,1.97448,0.602599,0.681502,0.598719,0.596051,0.627382,0.655426,0.766988,0.651583,0.658158,0.772663
3.4992,1.97627,0.602237,0.679841,0.599205,0.59654,0.626648,0.656796,0.769954,0.651927,0.658176,0.77432
3.4994,1.97676,0.60167,0.679823,0.599016,0.596136,0.625508,0.658211,0.772814,0.651286,0.657996,0.775047
3.4996,1.97585,0.601119,0.681096,0.59826,0.595153,0.624392,0.659031,0.772904,0.649861,0.65785,0.774654
3.4998,1.97389,0.601435,0.682411,0.59746,0.594375,0.624225,0.659106,0.770751,0.649445,0.658075,0.773321
3.5,1.9723,0.602537,0.682634,0.596848,0.59413,0.624833,0.658686,0.768805,0.650185,0.658323,0.771942
3.5002,1.97236,0.603092,0.681726,0.596234,0.59434,0.625657,0.658165,0.766857,0.651318,0.658834,0.771729
3.5004,1.97352,0.602445,0.680608,0.595583,0.594933,0.625908,0.657968,0.766378,0.651741,0.659362,0.772632
3.5006,1.97432,0.60103,0.679838,0.594951,0.595659,0.625384,0.658462,0.767179,0.651051,0.659687,0.773484
3.5008,1.97359,0.600181,0.679583,0.594418,0.595887,0.624155,0.659125,0.766279,0.650142,0.659939,0.773366
3.501,1.9708,0.599924,0.679788,0.59413,0.595294,0.622853,0.659437,0.764528,0.649737,0.659852,0.77162
3.5012,1.96729,0.600484,0.680304,0.594052,0.594506,0.622124,0.65899,0.764154,0.649669,0.659676,0.768915
3.5014,1.96495,0.601034,0.680938,0.594009,0.594087,0.622707,0.657816,0.765847,0.649597,0.659655,0.766921
3.5016,1.96422,0.60107,0.681192,0.593923,0.594301,0.624296,0.656717,0.766691,0.64969,0.659661,0.766129
3.5018,1.96492,0.600435,0.681275,0.593912,0.595133,0.625195,0.65611,0.766109,0.65003,0.659766,0.76664
3.502,1.96529,0.600309,0.68121,0.594095,0.596171,0.624817,0.65571,0.764767,0.650629,0.659875,0.767242
3.5022,1.96405,0.600682,0.680861,0.594446,0.597267,0.623384,0.65577,0.764824,0.65179,0.660218,0.766776
3.5024,1.96103,0.601344,0.680523,0.594781,0.597666,0.622167,0.656089,0.76646,0.653027,0.660493,0.76482
3.5026,1.95742,0.60207,0.680317,0.594868,0.597177,0.621864,0.655768,0.766841,0.653292,0.661017,0.762157
3.5028,1.95468,0.602035,0.68,0.594629,0.596123,0.62195,0.654732,0.763944,0.653122,0.661079,0.759888
3.503,1.95391,0.600712,0.679977,0.594478,0.595095,0.622235,0.653439,0.76065,0.653255,0.660911,0.759101
3.5032,1.95409,0.599274,0.680422,0.594821,0.594675,0.622556,0.652306,0.759475,0.653717,0.660446,0.759395
3.5034,1.95364,0.599101,0.680671,0.595884,0.595096,0.6224,0.651346,0.760651,0.653633,0.659803,0.75942
3.5036,1.95203,0.600277,0.680124,0.596992,0.595751,0.621903,0.650517,0.761265,0.652869,0.65978,0.758585
3.5038,1.94948,0.601742,0.678903,0.597421,0.59673,0.621766,0.649881,0.758685,0.651936,0.660369,0.756921
3.504,1.947,0.602495,0.677214,0.59698,0.597349,0.621765,0.649357,0.755563,0.651222,0.661125,0.75508
3.5042,1.94561,0.601878,0.675655,0.596149,0.597175,0.621331,0.648857,0.753705,0.650705,0.661743,0.753973
3.5044,1.94521,0.600735,0.674654,0.595648,0.59642,0.620462,0.648581,0.753293,0.650201,0.66224,0.75374
3.5046,1.94539,0.60039,0.674165,0.595921,0.595647,0.619502,0.648689,0.753232,0.649399,0.66256,0.754032
3.5048,1.9456,0.6012,0.674119,0.596819,0.595317,0.61885,0.649048,0.752684,0.647997,0.662844,0.754481
3.505,1.94518,0.602892,0.674216,0.597744,0.596343,0.618785,0.649357,0.751723,0.646703,0.663443,0.754513
3.5052,1.9441,0.603973,0.674054,0.598065,0.598004,0.619206,0.649525,0.750568,0.645785,0.664216,0.754
3.5054,1.9431,0.603954,0.673446,0.597513,0.598983,0.619683,0.649672,0.749555,0.645254,0.664977,0.753353
3.5056,1.94277,0.602296,0.671941,0.596549,0.598557,0.61975,0.649764,0.749388,0.644443,0.665475,0.753166
3.5058,1.94312,0.599273,0.670229,0.596126,0.597613,0.619324,0.64994,0.749856,0.64366,0.665755,0.753588
3.506,1.94326,0.596531,0.669774,0.596438,0.596572,0.618536,0.650599,0.749989,0.642581,0.665756,0.754024
3.5062,1.94232,0.595299,0.672006,0.597111,0.595893,0.617696,0.651612,0.750062,0.641038,0.665743,0.753771
3.5064,1.9401,0.595731,0.675469,0.597711,0.595965,0.617254,0.652194,0.749598,0.639521,0.665904,0.75246
3.5066,1.93773,0.596768,0.677593,0.597839,0.596741,0.617416,0.65199,0.748826,0.638616,0.666343,0.750701
3.5068,1.93694,0.597258,0.676789,0.597234,0.597763,0.61848,0.651242,0.748975,0.63811,0.666861,0.749954
3.507,1.93816,0.596849,0.673957,0.596319,0.598996,0.619802,0.650516,0.74916,0.637424,0.667167,0.750771
3.5072,1.94025,0.595858,0.671608,0.595763,0.600147,0.620322,0.650332,0.748847,0.636879,0.666804,0.752636
3.5074,1.94159,0.595248,0.671209,0.595683,0.600427,0.6202,0.650907,0.747967,0.637018,0.666347,0.754105
3.5076,1.94119,0.595695,0.672597,0.595591,0.599649,0.619711,0.651969,0.748074,0.637502,0.665982,0.754405
3.5078,1.93927,0.59687,0.674826,0.596388,0.598462,0.619304,0.652973,0.749762,0.638277,0.665835,0.753249
3.508,1.93746,0.597992,0.676547,0.598054,0.597888,0.619664,0.653492,0.75076,0.63867,0.665657,0.751953
3.5082,1.93679,0.598642,0.676595,0.598923,0.59856,0.620608,0.653448,0.750127,0.639209,0.665568,0.751323
3.5084,1.93787,0.598642,0.676162,0.598017,0.599464,0.621468,0.653014,0.750089,0.639707,0.665675,0.75209
3.5086,1.93925,0.598227,0.67691,0.59591,0.600052,0.621804,0.652648,0.749893,0.640221,0.66639,0.753475
3.5088,1.93959,0.598082,0.678074,0.593855,0.600375,0.621416,0.652692,0.748572,0.640204,0.666886,0.754163
3.509,1.93891,0.598654,0.678885,0.592723,0.600645,0.620709,0.653103,0.748113,0.64007,0.666341,0.753972
3.5092,1.93771,0.599778,0.67899,0.592709,0.600818,0.620391,0.65322,0.747988,0.640966,0.664982,0.753301
3.5094,1.93667,0.601147,0.678315,0.593299,0.600782,0.620869,0.652757,0.746997,0.642234,0.663981,0.752507
3.5096,1.93712,0.602543,0.677849,0.593771,0.600794,0.622145,0.651682,0.747081,0.643496,0.664156,0.752786
3.5098,1.93827,0.603437,0.678407,0.593815,0.600938,0.624217,0.650734,0.74812,0.644086,0.665209,0.753812
3.51,1.93949,0.604125,0.680385,0.593663,0.600956,0.625546,0.650221,0.74867,0.643813,0.666046,0.754963
3.5102,1.93994,0.604544,0.683353,0.593622,0.60081,0.625121,0.650427,0.748685,0.643093,0.665896,0.755682
3.5104,1.93948,0.604459,0.685742,0.593757,0.600742,0.623839,0.650679,0.748824,0.642722,0.664743,0.755611
3.5106,1.93891,0.603999,0.68635,0.593991,0.600767,0.623213,0.651313,0.749468,0.643147,0.663349,0.755262
3.5108,1.93923,0.603333,0.684769,0.594203,0.600611,0.624004,0.651367,0.750702,0.64424,0.662633,0.755474
3.511,1.93989,0.603657,0.682709,0.594283,0.600135,0.626473,0.650442,0.751602,0.645549,0.663037,0.756152
3.5112,1.94017,0.605727,0.682119,0.59492,0.599881,0.628888,0.64853,0.751368,0.64639,0.664089,0.756601
3.5114,1.94007,0.608042,0.683204,0.596316,0.600395,0.6297,0.646664,0.750517,0.646411,0.665131,0.756742
3.5116,1.93916,0.609162,0.685335,0.597854,0.601448,0.628748,0.645845,0.749353,0.645864,0.665349,0.756327
3.5118,1.93846,0.608364,0.687799,0.598686,0.602168,0.627182,0.646027,0.748878,0.645465,0.664335,0.755752
3.512,1.93872,0.606322,0.689098,0.598333,0.602324,0.626393,0.646592,0.749716,0.645411,0.663198,0.755929
3.5122,1.93985,0.604789,0.688414,0.59725,0.601989,0.627542,0.646701,0.750466,0.645182,0.662464,0.756783
3.5124,1.94189,0.604707,0.686414,0.59646,0.601632,0.63055,0.646085,0.7501,0.64435,0.662481,0.7584
3.5126,1.9436,0.605745,0.684647,0.596625,0.601242,0.633726,0.645155,0.748983,0.64387,0.663061,0.760003
3.5128,1.94433,0.607395,0.684352,0.597602,0.600944,0.635362,0.644544,0.747563,0.644286,0.66309,0.760865
3.513,1.94426,0.60849,0.68571,0.598703,0.601069,0.634963,0.644651,0.747516,0.644691,0.662336,0.761033
3.5132,1.94375,0.609017,0.687745,0.599252,0.601557,0.633174,0.645421,0.749321,0.644784,0.661259,0.760757
3.5134,1.9435,0.60944,0.689102,0.598901,0.601757,0.63175,0.646522,0.750678,0.644038,0.660404,0.760559
3.5136,1.9437,0.609899,0.689094,0.598224,0.60137,0.631374,0.647441,0.751197,0.643561,0.659849,0.76073
3.5138,1.94402,0.609988,0.68823,0.598038,0.600657,0.631574,0.647921,0.751742,0.643605,0.659305,0.761071
3.514,1.94426,0.609562,0.68732,0.598431,0.59984,0.631885,0.648123,0.750134,0.643772,0.658396,0.761333
3.5142,1.94465,0.608875,0.687183,0.599002,0.59909,0.632133,0.648525,0.747024,0.643145,0.65698,0.761725
3.5144,1.94462,0.608326,0.687917,0.599288,0.598744,0.63201,0.649473,0.745157,0.64261,0.65576,0.761857
3.5146,1.9443,0.608361,0.688925,0.59878,0.59878,0.631533,0.650768,0.744939,0.642714,0.655009,0.761767
3.5148,1.94298,0.608823,0.689703,0.597498,0.598838,0.630843,0.651968,0.74625,0.642821,0.654984,0.761023
3.515,1.94128,0.609328,0.689828,0.596313,0.598641,0.630126,0.652917,0.748101,0.642236,0.655469,0.759753
3.5152,1.93979,0.609643,0.689374,0.596151,0.597676,0.629655,0.653332,0.747913,0.641259,0.655805,0.758609
3.5154,1.9391,0.609621,0.688513,0.597112,0.596151,0.629413,0.653118,0.745658,0.640574,0.655484,0.757998
3.5156,1.93877,0.609202,0.688082,0.598067,0.594393,0.629325,0.652733,0.744268,0.640338,0.654665,0.757822
3.5158,1.93838,0.608716,0.688261,0.598596,0.593899,0.629326,0.652809,0.745531,0.640408,0.654051,0.757667
3.516,1.9374,0.608383,0.688699,0.598636,0.594436,0.62928,0.653651,0.748289,0.640527,0.654062,0.757132
3.5162,1.93617,0.608553,0.68911,0.597973,0.594906,0.629018,0.655061,0.750153,0.640561,0.654644,0.756283
3.5164,1.93481,0.609635,0.689422,0.597314,0.594528,0.62848,0.65651,0.750039,0.640602,0.655475,0.755367
3.5166,1.93388,0.610971,0.689286,0.597248,0.593094,0.627774,0.657448,0.748966,0.640793,0.656081,0.754622
3.5168,1.93345,0.611102,0.688506,0.597815,0.591217,0.627011,0.657656,0.748372,0.641166,0.655995,0.754379
3.517,1.93248,0.610243,0.687644,0.598093,0.589401,0.626403,0.657341,0.748836,0.641487,0.65563,0.753927
3.5172,1.93056,0.609548,0.687227,0.597533,0.588424,0.626109,0.656864,0.750002,0.641537,0.656049,0.75273
3.5174,1.92802,0.608947,0.687253,0.596264,0.588099,0.625989,0.656539,0.750202,0.641732,0.657346,0.750956
3.5176,1.92568,0.60883,0.687439,0.595007,0.588711,0.625689,0.656986,0.749954,0.642345,0.658765,0.749182
3.5178,1.92431,0.609459,0.687652,0.594453,0.589922,0.624603,0.657715,0.750343,0.643131,0.659663,0.748062
3.518,1.92379,0.610446,0.687762,0.594763,0.59069,0.623345,0.658118,0.750424,0.643468,0.660093,0.74773
3.5182,1.9234,0.610408,0.687581,0.595566,0.590714,0.622011,0.657717,0.749643,0.64313,0.660112,0.747627
3.5184,1.92284,0.609478,0.68715,0.596268,0.590556,0.620605,0.657008,0.748745,0.642403,0.660122,0.74742
3.5186,1.92187,0.608962,0.686641,0.596509,0.590265,0.619053,0.656814,0.747684,0.641857,0.660835,0.746941
3.5188,1.92063,0.608984,0.686243,0.596258,0.590504,0.617821,0.656601,0.748003,0.641923,0.662288,0.746165
3.519,1.91979,0.608944,0.686204,0.595781,0.591555,0.616962,0.656042,0.74932,0.642664,0.663615,0.745605
3.5192,1.91918,0.608919,0.686558,0.595539,0.592533,0.616596,0.655354,0.749173,0.643735,0.664122,0.745307
3.5194,1.91865,0.608592,0.686663,0.595622,0.592869,0.616161,0.654929,0.74758,0.64463,0.663627,0.745068
3.5196,1.91847,0.607717,0.686104,0.596209,0.592433,0.614844,0.654682,0.745323,0.644941,0.662386,0.745055
3.5198,1.91815,0.607632,0.685155,0.597281,0.591821,0.612865,0.654176,0.743971,0.644554,0.66144,0.745081
3.52,1.91737,0.608492,0.684007,0.598411,0.591922,0.611241,0.653424,0.743197,0.643781,0.661719,0.744749
3.5202,1.91621,0.609722,0.683249,0.598905,0.592888,0.610438,0.652677,0.742714,0.643286,0.662979,0.744112
3.5204,1.91471,0.610699,0.683346,0.598655,0.594139,0.610315,0.652092,0.741318,0.643516,0.66437,0.743177
3.5206,1.91344,0.610371,0.684273,0.597997,0.594571,0.610567,0.65163,0.739485,0.644061,0.66443,0.742298
3.5208,1.91286,0.60893,0.684849,0.597505,0.593849,0.610595,0.651323,0.739593,0.644184,0.662919,0.741919
3.521,1.91275,0.607208,0.684854,0.597738,0.592451,0.61019,0.65124,0.741904,0.644023,0.660584,0.741986
3.5212,1.91291,0.606593,0.684021,0.59878,0.591422,0.609665,0.651424,0.743903,0.643791,0.658729,0.742278
3.5214,1.9131,0.607147,0.682826,0.599997,0.591749,0.609388,0.651778,0.744316,0.643572,0.658569,0.742663
3.5216,1.91293,0.608817,0.682128,0.600639,0.592767,0.609461,0.65213,0.743687,0.643349,0.659435,0.742822
3.5218,1.91242,0.610078,0.682814,0.600418,0.593905,0.609765,0.65237,0.742091,0.642901,0.660278,0.742664
3.522,1.91165,0.610203,0.683954,0.599475,0.595061,0.610038,0.652516,0.740872,0.643503,0.660692,0.742317
3.5222,1.91066,0.609556,0.684173,0.598399,0.595503,0.610001,0.652561,0.740988,0.645142,0.660976,0.741769
3.5224,1.90951,0.608375,0.683456,0.598197,0.594557,0.609735,0.652544,0.741276,0.645748,0.660587,0.741099
3.5226,1.90882,0.607169,0.682284,0.598991,0.592952,0.609827,0.65285,0.740671,0.644266,0.659258,0.740622
3.5228,1.90932,0.606503,0.681418,0.599943,0.592164,0.610343,0.653639,0.739464,0.641734,0.657465,0.740967
3.523,1.91054,0.607166,0.681815,0.600133,0.592654,0.610915,0.654455,0.738084,0.640365,0.655741,0.742099
3.5232,1.91163,0.608813,0.683079,0.599409,0.594117,0.611264,0.654765,0.736198,0.640788,0.654641,0.743155
3.5234,1.91221,0.610004,0.684045,0.598005,0.595768,0.611527,0.654401,0.735248,0.642527,0.654214,0.743977
3.5236,1.91171,0.610346,0.683737,0.597258,0.596742,0.611795,0.653696,0.73667,0.644346,0.654042,0.743931
3.5238,1.91074,0.610701,0.682343,0.597314,0.597065,0.612263,0.65314,0.738186,0.644785,0.653923,0.743396
3.524,1.9096,0.611379,0.681133,0.597968,0.596757,0.613197,0.653119,0.73755,0.644051,0.653738,0.742676
3.5242,1.9091,0.612179,0.681352,0.598709,0.596567,0.614251,0.653685,0.736314,0.642888,0.653505,0.742267
3.5244,1.90937,0.612184,0.683047,0.599228,0.596816,0.614959,0.654595,0.735202,0.642659,0.653306,0.742583
3.5246,1.90999,0.611306,0.684657,0.600254,0.597741,0.615346,0.655477,0.735074,0.643524,0.653063,0.743115
3.5248,1.9111,0.610149,0.685101,0.601069,0.599089,0.615666,0.655959,0.736189,0.645457,0.652906,0.744125
3.525,1.91167,0.609189,0.684311,0.601337,0.600105,0.616182,0.655806,0.736813,0.648145,0.652475,0.744902
3.5252,1.91164,0.609728,0.683064,0.601246,0.600293,0.616423,0.655168,0.736213,0.649164,0.651838,0.745068
3.5254,1.91155,0.611274,0.682628,0.600736,0.599811,0.616296,0.654622,0.736314,0.64768,0.651999,0.74515
3.5256,1.91156,0.612218,0.683291,0.60009,0.599048,0.615877,0.654608,0.737382,0.645104,0.652819,0.745274
3.5258,1.91159,0.612635,0.684451,0.599768,0.598786,0.615456,0.654843,0.737454,0.642717,0.653692,0.74547
3.526,1.9117,0.612349,0.685407,0.599743,0.599552,0.615497,0.65473,0.736532,0.641491,0.653947,0.745614
3.5262,1.91281,0.611376,0.68595,0.599828,0.600393,0.617154,0.653969,0.733937,0.641599,0.653911,0.746378
3.5264,1.9147,0.610768,0.686184,0.600296,0.600797,0.620092,0.652839,0.731726,0.642159,0.653551,0.747906
3.5266,1.91628,0.610941,0.686302,0.600603,0.601339,0.621703,0.651603,0.731415,0.642399,0.652797,0.7494
3.5268,1.91671,0.611685,0.686708,0.600886,0.601927,0.621475,0.651302,0.733073,0.642259,0.652454,0.750084
3.527,1.91633,0.612476,0.687304,0.60108,0.602125,0.619759,0.651991,0.73582,0.64197,0.652716,0.749959
3.5272,1.9162,0.612815,0.687651,0.60115,0.60204,0.617465,0.652845,0.736993,0.641722,0.653764,0.749855
3.5274,1.91645,0.612589,0.687521,0.60093,0.602009,0.616351,0.652496,0.736113,0.641779,0.655042,0.750026
3.5276,1.91764,0.61212,0.687117,0.600709,0.60196,0.618124,0.651107,0.734882,0.642558,0.655928,0.750849
3.5278,1.91938,0.611764,0.686626,0.600918,0.601818,0.621998,0.648964,0.734705,0.643846,0.656375,0.752222
3.528,1.92106,0.611855,0.686814,0.60168,0.601808,0.624769,0.64747,0.736317,0.644714,0.656036,0.753661
3.5282,1.92197,0.612153,0.688155,0.602715,0.60231,0.624196,0.647285,0.73763,0.645006,0.655005,0.754624
3.5284,1.92205,0.612296,0.689849,0.60331,0.602823,0.621121,0.648038,0.736122,0.645526,0.654622,0.754815
3.5286,1.92198,0.612378,0.690703,0.603342,0.602367,0.618498,0.64906,0.735154,0.646402,0.655141,0.754821
3.5288,1.92208,0.613054,0.690326,0.602563,0.600623,0.618034,0.649368,0.735642,0.647026,0.656117,0.754829
3.529,1.92286,0.613902,0.688924,0.600893,0.598416,0.619708,0.648519,0.735634,0.647264,0.656888,0.75538
3.5292,1.92397,0.614256,0.687976,0.599416,0.596846,0.621915,0.647046,0.73575,0.647532,0.656881,0.756193
3.5294,1.92548,0.613753,0.688588,0.598491,0.596667,0.623017,0.646009,0.736598,0.647892,0.65617,0.75735
3.5296,1.92682,0.612429,0.690248,0.598298,0.597243,0.622706,0.646186,0.73764,0.64883,0.655332,0.758477
3.5298,1.92779,0.610931,0.692197,0.598449,0.597877,0.621739,0.647499,0.738151,0.65005,0.654924,0.759297
3.53,1.92834,0.609817,0.69307,0.599009,0.597409,0.620871,0.649088,0.738718,0.651211,0.655256,0.759818
3.5302,1.92832,0.609719,0.692434,0.599408,0.595986,0.620636,0.650098,0.739415,0.651928,0.656083,0.759885
3.5304,1.92806,0.61024,0.690908,0.599703,0.594527,0.621306,0.650324,0.740447,0.652205,0.656776,0.759677
3.5306,1.92775,0.610097,0.690056,0.599646,0.593539,0.622112,0.650149,0.741189,0.652198,0.657164,0.759444
3.5308,1.92734,0.608791,0.690185,0.599065,0.592719,0.622411,0.650032,0.741292,0.652048,0.657335,0.759099
3.531,1.92725,0.606913,0.691078,0.599294,0.592057,0.622629,0.650364,0.74241,0.652093,0.657764,0.75898
3.5312,1.92708,0.605294,0.692248,0.600129,0.591527,0.623148,0.651071,0.743742,0.65267,0.658449,0.758865
3.5314,1.92677,0.604512,0.69284,0.600547,0.591185,0.623676,0.651842,0.745013,0.653247,0.659126,0.758658
3.5316,1.92611,0.604505,0.69257,0.600371,0.590862,0.623972,0.652493,0.746193,0.653367,0.659574,0.75818
3.5318,1.92553,0.604855,0.691947,0.599954,0.590409,0.623965,0.652939,0.746267,0.652685,0.659856,0.757724
3.532,1.92462,0.604931,0.691465,0.599472,0.589863,0.623669,0.653203,0.745699,0.651466,0.659762,0.7571
3.5322,1.92333,0.604392,0.691467,0.599077,0.589431,0.623235,0.653459,0.745799,0.650227,0.660119,0.756171
3.5324,1.92169,0.60369,0.691995,0.599103,0.589074,0.623193,0.653855,0.746627,0.649442,0.661229,0.754959
3.5326,1.91997,0.603226,0.692668,0.599593,0.588932,0.623856,0.654452,0.748198,0.648903,0.662195,0.75365
3.5328,1.91842,0.603184,0.693088,0.60018,0.589077,0.624738,0.655143,0.750243,0.648966,0.66268,0.752403
3.533,1.91724,0.603461,0.692963,0.600544,0.589376,0.625419,0.655837,0.750708,0.64868,0.662519,0.751515
3.5332,1.91599,0.603746,0.692993,0.600711,0.589605,0.62526,0.656332,0.75014,0.647593,0.662208,0.750574
3.5334,1.91539,0.60377,0.693355,0.600755,0.589449,0.623917,0.656503,0.748479,0.6456,0.661886,0.750042
3.5336,1.91517,0.603559,0.693546,0.600679,0.588789,0.622306,0.656623,0.748018,0.643759,0.661965,0.749869
3.5338,1.91548,0.603035,0.693271,0.600419,0.587973,0.62153,0.656757,0.747867,0.642811,0.662052,0.75009
3.534,1.91577,0.602687,0.692271,0.600026,0.587986,0.621655,0.657009,0.746436,0.642681,0.662115,0.75048
3.5342,1.91506,0.603063,0.690864,0.59993,0.588853,0.621838,0.657105,0.745212,0.642596,0.662421,0.750226
3.5344,1.9134,0.603946,0.690104,0.600171,0.589889,0.621274,0.657204,0.744751,0.642019,0.662853,0.749132
3.5346,1.91151,0.604362,0.690348,0.600659,0.590293,0.61981,0.657428,0.745627,0.640736,0.663199,0.747726
3.5348,1.91002,0.603759,0.691279,0.601325,0.589837,0.617875,0.657272,0.746472,0.639333,0.663494,0.746539
3.535,1.90933,0.602361,0.691628,0.601962,0.589006,0.61613,0.657027,0.746074,0.638559,0.663753,0.745926
3.5352,1.90937,0.601064,0.691077,0.602264,0.588422,0.615062,0.65663,0.744343,0.638503,0.664001,0.745974
3.5354,1.90945,0.600691,0.689506,0.602189,0.588419,0.614838,0.656329,0.742366,0.638852,0.664364,0.746205
3.5356,1.90893,0.601368,0.687972,0.601966,0.588955,0.614607,0.655836,0.741023,0.639177,0.664737,0.745985
3.5358,1.90851,0.602443,0.687139,0.601705,0.589661,0.61395,0.65543,0.741147,0.63924,0.664949,0.745705
3.536,1.90874,0.603079,0.687752,0.60136,0.589977,0.612711,0.655169,0.741773,0.63912,0.665143,0.745839
3.5362,1.90946,0.602848,0.689434,0.601282,0.589547,0.611019,0.654618,0.741762,0.639073,0.665212,0.746475
3.5364,1.90957,0.601876,0.690671,0.601626,0.588599,0.609398,0.653857,0.739659,0.639269,0.665202,0.746835
3.5366,1.90852,0.600742,0.689933,0.602171,0.587745,0.608229,0.652947,0.736363,0.639613,0.665176,0.746387
3.5368,1.90632,0.600287,0.687785,0.602292,0.587656,0.607608,0.652125,0.735615,0.640342,0.665377,0.744902
3.537,1.90387,0.600644,0.685875,0.601649,0.587989,0.607385,0.651595,0.736596,0.641647,0.66558,0.743093
3.5372,1.90195,0.601383,0.68513,0.600917,0.588265,0.607086,0.651388,0.736759,0.642715,0.665985,0.741546
3.5374,1.90133,0.601948,0.685487,0.600654,0.588127,0.606643,0.651369,0.735029,0.643336,0.666168,0.740897
3.5376,1.9025,0.601371,0.686302,0.601025,0.587814,0.606175,0.651279,0.734001,0.643261,0.666414,0.741637
3.5378,1.90433,0.59988,0.686331,0.601528,0.587385,0.605775,0.651039,0.734806,0.643067,0.666533,0.743212
3.538,1.9051,0.598179,0.685736,0.602056,0.586714,0.605573,0.65079,0.736672,0.643184,0.666775,0.744225
3.5382,1.90425,0.59763,0.68531,0.602485,0.586214,0.605606,0.650756,0.737822,0.644255,0.666738,0.74399
3.5384,1.90231,0.598575,0.685388,0.602439,0.586286,0.605765,0.65106,0.737138,0.645715,0.666739,0.742695
3.5386,1.90093,0.600027,0.68598,0.601683,0.587923,0.605892,0.651618,0.735439,0.647091,0.666657,0.741496
3.5388,1.90115,0.599844,0.686181,0.600325,0.590692,0.605867,0.652287,0.735985,0.647963,0.666314,0.74149
3.539,1.90266,0.597896,0.685929,0.599047,0.591885,0.6057,0.652601,0.738504,0.647903,0.666048,0.742608
3.5392,1.90471,0.595689,0.685411,0.598347,0.590726,0.60587,0.652856,0.739,0.647537,0.665906,0.744325
3.5394,1.90596,0.594497,0.684726,0.59832,0.588665,0.606465,0.653462,0.736709,0.648043,0.665967,0.745635
3.5396,1.90569,0.594705,0.684629,0.598648,0.587214,0.607461,0.654339,0.734608,0.64948,0.666012,0.745831
3.5398,1.90401,0.595487,0.685092,0.598704,0.586965,0.60893,0.654916,0.734382,0.65087,0.665901,0.744832
3.54,1.90197,0.59611,0.685536,0.598759,0.587464,0.609795,0.654909,0.735392,0.651461,0.665379,0.743277
3.5402,1.90096,0.596591,0.68551,0.599272,0.587972,0.609532,0.654371,0.736695,0.651402,0.664748,0.742321
3.5404,1.9015,0.598076,0.684755,0.599599,0.587965,0.608713,0.653745,0.73751,0.650962,0.664324,0.742565
3.5406,1.90311,0.600101,0.683584,0.599625,0.587658,0.608127,0.653651,0.737603,0.650731,0.664606,0.743798
3.5408,1.9047,0.601211,0.682758,0.599772,0.587752,0.60823,0.654287,0.737713,0.650851,0.66509,0.745238
3.541,1.90534,0.600941,0.683158,0.600149,0.588344,0.609048,0.655262,0.738392,0.651875,0.665351,0.746054
3.5412,1.90493,0.600175,0.684742,0.600403,0.588822,0.610111,0.656024,0.738607,0.65374,0.664938,0.745948
3.5414,1.90435,0.599956,0.686119,0.600478,0.588687,0.611003,0.656311,0.737775,0.6547,0.664296,0.745538
3.5416,1.90435,0.600601,0.686302,0.600254,0.588212,0.611542,0.656022,0.736923,0.653923,0.663934,0.745476
3.5418,1.90495,0.60148,0.685034,0.599884,0.587959,0.612466,0.655434,0.736407,0.652776,0.663692,0.745943
3.542,1.90505,0.601894,0.682825,0.599942,0.587894,0.613597,0.655324,0.736534,0.652346,0.663632,0.74631
3.5422,1.90436,0.601863,0.680691,0.600737,0.588223,0.614336,0.655787,0.737312,0.653018,0.663712,0.745912
3.5424,1.90381,0.601922,0.680194,0.601795,0.589243,0.614535,0.656288,0.737269,0.654305,0.663821,0.745495
3.5426,1.90347,0.602596,0.681539,0.602949,0.59056,0.614541,0.656257,0.736168,0.655532,0.663463,0.745239
3.5428,1.90393,0.603959,0.682958,0.603515,0.591354,0.615126,0.655403,0.735069,0.65627,0.662709,0.745491
3.543,1.90525,0.605163,0.682843,0.603035,0.591179,0.616591,0.653899,0.734441,0.656802,0.662404,0.746454
3.5432,1.90632,0.605925,0.680666,0.601788,0.59027,0.61836,0.652177,0.735072,0.657531,0.662667,0.747547
3.5434,1.906,0.606777,0.677967,0.600706,0.589351,0.619813,0.65115,0.735622,0.657867,0.663271,0.747641
3.5436,1.90521,0.607626,0.676633,0.600623,0.589233,0.620547,0.651342,0.736427,0.657545,0.663645,0.747028
3.5438,1.90451,0.60852,0.678323,0.601621,0.590214,0.620623,0.652171,0.737606,0.657125,0.663621,0.746563
3.544,1.90386,0.60909,0.681975,0.603369,0.59182,0.620619,0.653416,0.737251,0.657133,0.663119,0.746029
3.5442,1.90398,0.609404,0.684473,0.604666,0.593154,0.621051,0.653764,0.73615,0.657805,0.662612,0.746074
3.5444,1.90373,0.610033,0.683536,0.604815,0.593287,0.621965,0.652554,0.73453,0.659669,0.663111,0.746104
3.5446,1.90287,0.610695,0.680224,0.603478,0.592163,0.623093,0.650254,0.73364,0.662232,0.664784,0.745548
3.5448,1.90198,0.611021,0.676875,0.601592,0.590476,0.624123,0.648391,0.733871,0.663662,0.666803,0.744939
3.545,1.90098,0.611327,0.675289,0.600528,0.589489,0.624791,0.648108,0.735258,0.662743,0.667741,0.744227
3.5452,1.90052,0.612041,0.676385,0.60178,0.590055,0.625636,0.648762,0.734815,0.660705,0.667146,0.743769
3.5454,1.90155,0.612878,0.679059,0.605162,0.59137,0.626897,0.649372,0.732301,0.658618,0.665449,0.744397
3.5456,1.90287,0.613085,0.681379,0.608034,0.592226,0.627515,0.6491,0.731278,0.658243,0.663712,0.745523
3.5458,1.90447,0.612789,0.681546,0.60841,0.591639,0.626726,0.648131,0.732812,0.660269,0.663237,0.74676
3.546,1.90585,0.612375,0.68031,0.606999,0.589657,0.625097,0.647377,0.734679,0.6628,0.66424,0.748036
3.5462,1.90607,0.611826,0.679052,0.605665,0.587699,0.623453,0.64749,0.734735,0.663357,0.66599,0.748462
3.5464,1.90595,0.611238,0.678573,0.60528,0.586446,0.623007,0.648343,0.733036,0.661491,0.667406,0.748389
3.5466,1.90575,0.610384,0.679348,0.605966,0.58607,0.62347,0.649376,0.731868,0.657939,0.667746,0.748314
3.5468,1.90558,0.60955,0.680868,0.607135,0.586106,0.624091,0.650242,0.732072,0.655152,0.667044,0.74816
3.547,1.90624,0.60907,0.681929,0.60782,0.586126,0.624411,0.650908,0.73383,0.654206,0.665897,0.748491
3.5472,1.90759,0.608882,0.681989,0.607545,0.585461,0.625257,0.651501,0.736373,0.654686,0.665617,0.749546
3.5474,1.90853,0.60894,0.681922,0.607111,0.584098,0.626713,0.651822,0.738286,0.655794,0.667006,0.750424
3.5476,1.9089,0.608347,0.682408,0.607463,0.582682,0.62701,0.651996,0.738947,0.655693,0.669033,0.750819
3.5478,1.90855,0.606984,0.68305,0.608245,0.581904,0.625553,0.652586,0.737413,0.654119,0.670119,0.750735
3.548,1.90768,0.605914,0.683582,0.608824,0.5818,0.623386,0.653505,0.73537,0.651772,0.66958,0.750077
3.5482,1.90733,0.605639,0.683987,0.608789,0.582049,0.621894,0.654285,0.734913,0.650219,0.668214,0.749668
3.5484,1.90735,0.605753,0.683665,0.608097,0.58202,0.621969,0.654391,0.73614,0.649943,0.667174,0.749722
3.5486,1.90737,0.605759,0.682869,0.607367,0.581397,0.623213,0.653932,0.737791,0.650129,0.667265,0.74968
3.5488,1.90773,0.605234,0.682816,0.607457,0.580505,0.624807,0.653593,0.739058,0.649806,0.668466,0.750002
3.549,1.90758,0.604167,0.683675,0.608599,0.579947,0.625696,0.653895,0.739781,0.648878,0.669837,0.749978
3.5492,1.90771,0.603076,0.684618,0.609939,0.580025,0.624713,0.654907,0.739579,0.647863,0.670719,0.749966
3.5494,1.90826,0.602504,0.685064,0.610531,0.580609,0.622213,0.656251,0.738392,0.64714,0.671296,0.750418
3.5496,1.90817,0.602617,0.68478,0.609814,0.581311,0.619628,0.657438,0.737571,0.646837,0.671547,0.750507
3.5498,1.90743,0.603124,0.683881,0.60821,0.581607,0.618543,0.658038,0.738157,0.646936,0.671055,0.750065
3.55,1.90642,0.603484,0.682835,0.606698,0.58121,0.61915,0.657848,0.739778,0.647276,0.670176,0.749264
3.5502,1.90567,0.603347,0.682473,0.606074,0.580289,0.620455,0.657219,0.741442,0.64743,0.669263,0.748677
3.5504,1.90508,0.602639,0.682783,0.606573,0.579506,0.621227,0.65688,0.74238,0.647263,0.668357,0.748204
3.5506,1.90477,0.601579,0.68276,0.607671,0.579884,0.620887,0.657143,0.742164,0.647297,0.668094,0.747914
3.5508,1.90459,0.601017,0.681401,0.608667,0.581348,0.61943,0.657527,0.740615,0.647412,0.668692,0.747841
3.551,1.90445,0.601408,0.67883,0.608736,0.583203,0.617993,0.657556,0.738451,0.647137,0.669576,0.747714
3.5512,1.90408,0.602294,0.676006,0.608027,0.584636,0.617374,0.657136,0.736887,0.646508,0.669976,0.747598
3.5514,1.90309,0.60291,0.673933,0.607137,0.585206,0.618207,0.656353,0.736276,0.645856,0.66968,0.74697
3.5516,1.90185,0.602896,0.673567,0.6067,0.584963,0.619989,0.655193,0.736106,0.645384,0.668857,0.746
3.5518,1.90143,0.60228,0.674462,0.607004,0.584384,0.621064,0.654273,0.734804,0.645403,0.668048,0.745533
3.552,1.90193,0.60153,0.674872,0.607837,0.584232,0.620776,0.653785,0.733121,0.645965,0.667723,0.745799
3.5522,1.90296,0.601436,0.673773,0.608609,0.584928,0.619586,0.653599,0.730918,0.646672,0.667973,0.746646
3.5524,1.90361,0.602254,0.67119,0.608748,0.586225,0.61816,0.653135,0.728392,0.647096,0.668392,0.74729
3.5526,1.9035,0.603392,0.667997,0.60816,0.58738,0.617408,0.652353,0.72581,0.647235,0.668699,0.747427
3.5528,1.9029,0.604122,0.665578,0.607295,0.587923,0.617719,0.651551,0.724394,0.647314,0.668772,0.746999
3.553,1.90259,0.604076,0.664688,0.60664,0.588066,0.61848,0.650621,0.723383,0.647339,0.668594,0.746752
3.5532,1.90226,0.60322,0.664962,0.606378,0.588117,0.619457,0.64969,0.722273,0.647401,0.668954,0.74654
3.5534,1.90211,0.602086,0.665373,0.606435,0.588854,0.620319,0.648999,0.719204,0.647602,0.669464,0.746442
3.5536,1.90175,0.601888,0.665421,0.606291,0.590134,0.620882,0.64861,0.715376,0.648304,0.669839,0.746274
3.5538,1.90103,0.60283,0.664606,0.606033,0.591623,0.621233,0.648201,0.712345,0.649167,0.669865,0.745803
3.554,1.90031,0.603855,0.663177,0.605495,0.593073,0.621268,0.647617,0.711746,0.649323,0.669507,0.745287
3.5542,1.89953,0.604084,0.661921,0.604804,0.593762,0.621043,0.647012,0.712908,0.648481,0.669037,0.744704
3.5544,1.89959,0.60321,0.661429,0.604247,0.594011,0.620711,0.646656,0.712384,0.647121,0.668827,0.744612
3.5546,1.90032,0.601715,0.661653,0.604068,0.594254,0.620441,0.646715,0.710176,0.646835,0.669606,0.745151
3.5548,1.90117,0.600515,0.662128,0.60393,0.594922,0.620353,0.647072,0.708607,0.647337,0.670365,0.745936
3.555,1.90114,0.600131,0.662364,0.603712,0.596404,0.620504,0.647523,0.708061,0.647847,0.670393,0.746113
3.5552,1.90073,0.600599,0.66242,0.602949,0.598063,0.620693,0.64787,0.707591,0.64762,0.669889,0.745875
3.5554,1.90031,0.601343,0.662683,0.60184,0.598747,0.620773,0.648168,0.70664,0.646325,0.669008,0.745562
3.5556,1.9001,0.601455,0.663438,0.601083,0.598706,0.620939,0.64834,0.705745,0.644371,0.668093,0.745391
3.5558,1.89984,0.60029,0.664464,0.600777,0.598469,0.62131,0.648387,0.705896,0.642884,0.668119,0.745308
3.556,1.8989,0.598224,0.664725,0.600947,0.598289,0.621492,0.648846,0.707204,0.642295,0.66883,0.744761
3.5562,1.89783,0.596738,0.66436,0.601116,0.59827,0.62147,0.64984,0.708313,0.642303,0.669457,0.743953
3.5564,1.8973,0.596417,0.664332,0.60119,0.598661,0.621243,0.650639,0.708355,0.642738,0.669886,0.743433
3.5566,1.89788,0.597757,0.664601,0.600716,0.599296,0.621147,0.650804,0.708073,0.64322,0.669857,0.743724
3.5568,1.89922,0.599652,0.664787,0.600661,0.600024,0.621819,0.650259,0.707684,0.643216,0.66985,0.744782
3.557,1.90009,0.600472,0.664606,0.601027,0.600879,0.622518,0.649418,0.707091,0.642542,0.669955,0.745662
3.5572,1.89991,0.599954,0.664202,0.601169,0.602272,0.622793,0.648932,0.707629,0.641506,0.670201,0.745794
3.5574,1.89887,0.59891,0.663981,0.601082,0.60324,0.622251,0.649265,0.709383,0.640668,0.670268,0.74513
3.5576,1.89783,0.598234,0.664323,0.600903,0.603426,0.621561,0.65039,0.710994,0.640494,0.670353,0.744288
3.5578,1.89766,0.598206,0.665505,0.6009,0.603004,0.621075,0.651634,0.711327,0.640972,0.67014,0.743999
3.558,1.89868,0.598803,0.666794,0.600854,0.602037,0.621466,0.652399,0.710417,0.641509,0.669737,0.744663
3.5582,1.8999,0.599892,0.667215,0.600659,0.601235,0.622283,0.652412,0.709195,0.64185,0.66931,0.745721
3.5584,1.90023,0.601299,0.667204,0.600436,0.601395,0.622574,0.651783,0.709685,0.642083,0.668951,0.746236
3.5586,1.89955,0.602593,0.667545,0.600377,0.602388,0.621965,0.651214,0.712276,0.64223,0.668711,0.745934
3.5588,1.89813,0.603076,0.668131,0.600355,0.603505,0.620565,0.651375,0.714774,0.642291,0.66838,0.744921
3.559,1.89716,0.602682,0.668689,0.600264,0.603982,0.619338,0.652215,0.715732,0.642778,0.668265,0.744079
3.5592,1.89664,0.601981,0.668114,0.599946,0.603606,0.619307,0.652888,0.715517,0.644077,0.66795,0.743638
3.5594,1.897,0.601521,0.666968,0.599878,0.602686,0.620449,0.653306,0.714199,0.645442,0.666967,0.743759
3.5596,1.89827,0.602017,0.666206,0.600303,0.602006,0.621446,0.652987,0.712403,0.646851,0.666437,0.74471
3.5598,1.8992,0.60299,0.666352,0.601104,0.602455,0.621935,0.652294,0.711026,0.647555,0.667375,0.745602
3.56,1.89987,0.604361,0.667433,0.601951,0.603755,0.621177,0.651915,0.710498,0.646775,0.668248,0.746209
3.5602,1.89933,0.60566,0.668727,0.602432,0.605054,0.619488,0.651901,0.710591,0.645673,0.668227,0.746116
3.5604,1.89822,0.606525,0.669729,0.60257,0.605618,0.617907,0.651704,0.711333,0.645708,0.666776,0.745268
3.5606,1.8978,0.606831,0.670837,0.602401,0.605244,0.61732,0.651338,0.710453,0.647333,0.66427,0.744772
3.5608,1.89868,0.606719,0.672206,0.602148,0.604504,0.617929,0.650566,0.708321,0.650018,0.662121,0.745267
3.561,1.90068,0.606578,0.673654,0.601854,0.604158,0.620335,0.649985,0.706085,0.65324,0.662051,0.746641
3.5612,1.90326,0.606991,0.6748,0.601892,0.605092,0.623186,0.649599,0.704599,0.655013,0.663868,0.748733
3.5614,1.90457,0.607855,0.675432,0.602465,0.606658,0.624029,0.650098,0.703918,0.654604,0.665195,0.750015
3.5616,1.90534,0.608799,0.675622,0.603813,0.607257,0.621955,0.651252,0.702635,0.653519,0.664641,0.750664
3.5618,1.90549,0.610026,0.675982,0.605292,0.606418,0.618791,0.651967,0.701185,0.652999,0.66232,0.750886
3.562,1.9056,0.611155,0.677192,0.60633,0.604444,0.616759,0.652122,0.700126,0.653976,0.659714,0.75091
3.5622,1.90573,0.611237,0.678887,0.606725,0.60296,0.616654,0.651815,0.69937,0.656224,0.658165,0.751074
3.5624,1.90523,0.610166,0.680181,0.60633,0.602444,0.617879,0.651159,0.697424,0.658332,0.657977,0.750773
3.5626,1.90412,0.609467,0.680606,0.605562,0.60228,0.618992,0.650595,0.694398,0.659164,0.658531,0.749982
3.5628,1.90327,0.610207,0.680344,0.605117,0.602112,0.619031,0.65061,0.691635,0.658803,0.658904,0.749167
3.563,1.90352,0.611862,0.680023,0.605351,0.601346,0.618202,0.651338,0.690456,0.658866,0.658669,0.749158
3.5632,1.90485,0.613262,0.680708,0.606076,0.600114,0.617287,0.652376,0.690821,0.66037,0.658187,0.749961
3.5634,1.90681,0.613566,0.682257,0.60667,0.598269,0.61677,0.653175,0.691071,0.662648,0.657845,0.751472
3.5636,1.9078,0.612844,0.683939,0.606624,0.596396,0.616818,0.653472,0.690081,0.664656,0.657602,0.752543
3.5638,1.90715,0.611859,0.684527,0.606322,0.594934,0.61749,0.653421,0.688497,0.665955,0.657646,0.752251
3.564,1.90553,0.611428,0.683597,0.606296,0.59446,0.618381,0.653309,0.687956,0.666485,0.658389,0.751135
3.5642,1.90354,0.611757,0.681859,0.606862,0.594848,0.618998,0.653516,0.689292,0.666839,0.658922,0.749534
3.5644,1.90276,0.612328,0.680748,0.608377,0.595046,0.619495,0.654394,0.69178,0.666312,0.659693,0.748544
3.5646,1.90393,0.612435,0.680676,0.609487,0.594252,0.61975,0.655508,0.693245,0.665022,0.661074,0.749167
3.5648,1.90577,0.612232,0.68117,0.608912,0.592854,0.61943,0.656283,0.693238,0.663795,0.662298,0.750567
3.565,1.90714,0.611919,0.681329,0.606769,0.591416,0.618567,0.656494,0.693364,0.662983,0.662452,0.751807
3.5652,1.90693,0.611411,0.6809,0.604011,0.590824,0.617478,0.656581,0.693802,0.662918,0.661507,0.751967
3.5654,1.90545,0.611195,0.679577,0.602513,0.590948,0.61703,0.657148,0.693793,0.663383,0.660134,0.75092
3.5656,1.90416,0.610771,0.678201,0.603212,0.591397,0.617364,0.658282,0.69339,0.663659,0.659267,0.749774
3.5658,1.90388,0.610252,0.67711,0.605062,0.59193,0.618407,0.659621,0.693205,0.662939,0.659911,0.749319
3.566,1.90488,0.609834,0.676981,0.606582,0.592482,0.619375,0.660926,0.694041,0.661188,0.662079,0.749884
3.5662,1.90627,0.609619,0.677203,0.606713,0.592836,0.619203,0.662056,0.695795,0.658998,0.664415,0.750946
3.5664,1.90753,0.609486,0.676643,0.605093,0.592809,0.618091,0.662736,0.697181,0.658217,0.665511,0.751992
3.5666,1.90826,0.60879,0.675318,0.602763,0.592569,0.616999,0.663196,0.697526,0.658521,0.664983,0.752638
3.5668,1.90844,0.607555,0.674032,0.601144,0.592489,0.616543,0.663301,0.697551,0.658538,0.663661,0.752841
3.567,1.90813,0.606063,0.673544,0.601108,0.592605,0.616927,0.662859,0.69861,0.657302,0.663125,0.752671
3.5672,1.90757,0.605264,0.673822,0.602184,0.593218,0.61799,0.662347,0.700951,0.654766,0.664181,0.752216
3.5674,1.90724,0.604963,0.673733,0.60311,0.594683,0.618873,0.661978,0.703384,0.652126,0.666636,0.751842
3.5676,1.90714,0.60468,0.673061,0.60308,0.596357,0.619015,0.66185,0.704781,0.650565,0.668756,0.751735
3.5678,1.90716,0.604715,0.672084,0.602247,0.597261,0.618458,0.66181,0.704751,0.650437,0.669467,0.751682
3.568,1.90697,0.604921,0.67154,0.601323,0.596982,0.617782,0.661806,0.704682,0.650905,0.668753,0.751613
3.5682,1.90671,0.604632,0.671636,0.600865,0.595912,0.61764,0.661644,0.703997,0.651016,0.667363,0.75133
3.5684,1.90691,0.603648,0.672071,0.60107,0.595079,0.618208,0.661388,0.702957,0.650357,0.666691,0.751397
3.5686,1.90719,0.602351,0.672268,0.601703,0.595302,0.619075,0.661198,0.70319,0.649154,0.667167,0.751641
3.5688,1.90693,0.601451,0.671997,0.602311,0.596528,0.619669,0.660628,0.703516,0.64793,0.668484,0.75151
3.569,1.90635,0.601358,0.671452,0.602523,0.598013,0.619769,0.659821,0.703734,0.647343,0.669787,0.751126
3.5692,1.90495,0.601883,0.670552,0.60227,0.598893,0.619202,0.658712,0.702881,0.647674,0.670243,0.750176
3.5694,1.90344,0.602406,0.670027,0.601802,0.598788,0.618857,0.658067,0.701484,0.648541,0.669512,0.748902
3.5696,1.903,0.602426,0.670001,0.601468,0.597844,0.619251,0.658501,0.699841,0.649196,0.668356,0.748339
3.5698,1.90333,0.601767,0.669858,0.601435,0.596689,0.6198,0.65918,0.697574,0.649194,0.667508,0.748476
3.57,1.90435,0.600674,0.669413,0.60171,0.596145,0.620318,0.659361,0.694515,0.648877,0.66729,0.74921
3.5702,1.90437,0.600154,0.668474,0.601991,0.596355,0.620402,0.658786,0.69143,0.648985,0.667474,0.749544
3.5704,1.90313,0.601138,0.667439,0.602137,0.596787,0.620104,0.65773,0.689738,0.649318,0.667862,0.748738
3.5706,1.90157,0.602811,0.666865,0.602066,0.596961,0.620026,0.656893,0.688838,0.649544,0.668163,0.747556
3.5708,1.89982,0.603825,0.666416,0.601926,0.596578,0.620178,0.656756,0.687866,0.649253,0.668125,0.746228
3.571,1.8986,0.603395,0.665955,0.602001,0.595552,0.620695,0.657179,0.68675,0.648488,0.668241,0.745117
3.5712,1.89855,0.601888,0.665899,0.602334,0.594468,0.62158,0.657662,0.685166,0.647851,0.668286,0.744903
3.5714,1.89922,0.60056,0.666266,0.602688,0.593801,0.622417,0.657793,0.68349,0.64786,0.667999,0.745385
3.5716,1.89993,0.600491,0.666306,0.602831,0.593458,0.622472,0.657462,0.682119,0.648481,0.667856,0.746027
3.5718,1.89967,0.601689,0.666475,0.602686,0.593447,0.621996,0.657034,0.68151,0.649235,0.667545,0.746121
3.572,1.89814,0.603295,0.667194,0.602148,0.593575,0.621748,0.65669,0.681565,0.64971,0.667631,0.74516
3.5722,1.89629,0.605028,0.66788,0.601329,0.593148,0.621481,0.65667,0.681757,0.649797,0.667916,0.743715
3.5724,1.8953,0.606289,0.667791,0.600797,0.59186,0.621377,0.657228,0.681967,0.649566,0.668199,0.742767
3.5726,1.89546,0.606009,0.667504,0.600992,0.590442,0.621713,0.657914,0.682537,0.649373,0.668356,0.742759
3.5728,1.89604,0.604225,0.667365,0.601517,0.589589,0.622366,0.658243,0.683481,0.649702,0.668016,0.743266
3.573,1.896,0.60208,0.667935,0.60155,0.589504,0.622707,0.657803,0.684154,0.650204,0.667554,0.743496
3.5732,1.89499,0.600832,0.669018,0.601032,0.59035,0.622399,0.65705,0.684485,0.650265,0.667129,0.742924
3.5734,1.89362,0.601007,0.669608,0.599886,0.591264,0.622434,0.656457,0.684089,0.650056,0.666807,0.741917
3.5736,1.89262,0.60242,0.669578,0.598873,0.592504,0.623147,0.656386,0.683253,0.649124,0.667043,0.741094
3.5738,1.89243,0.60531,0.668964,0.59906,0.594293,0.623746,0.656732,0.682813,0.647665,0.667277,0.740839
3.574,1.89319,0.6088,0.668098,0.600781,0.595862,0.623992,0.657217,0.68287,0.647018,0.667739,0.741346
3.5742,1.89433,0.610649,0.667513,0.603292,0.596594,0.623852,0.657636,0.683135,0.647134,0.667967,0.742299
3.5744,1.89506,0.610121,0.66756,0.604923,0.596662,0.623298,0.657924,0.683451,0.647908,0.667819,0.743061
3.5746,1.89488,0.607766,0.668455,0.605209,0.596758,0.62353,0.658067,0.683895,0.648096,0.667245,0.743174
3.5748,1.8939,0.605649,0.669885,0.604138,0.597483,0.6251,0.658083,0.684351,0.647183,0.666893,0.742569
3.575,1.89267,0.605069,0.671262,0.602534,0.598765,0.626927,0.657982,0.684882,0.647224,0.666939,0.741676
3.5752,1.89175,0.606147,0.672272,0.601885,0.599808,0.627523,0.658402,0.685674,0.648574,0.666595,0.740906
3.5754,1.89127,0.608202,0.672892,0.602614,0.60001,0.626907,0.659354,0.686812,0.650461,0.665735,0.740573
3.5756,1.89112,0.60982,0.673146,0.604024,0.599643,0.625712,0.660387,0.687808,0.652548,0.664922,0.740423
3.5758,1.89149,0.610314,0.673258,0.604933,0.599265,0.624853,0.660768,0.688758,0.65379,0.664957,0.740716
3.576,1.89157,0.61008,0.673503,0.604702,0.599688,0.62517,0.660233,0.689672,0.65348,0.665601,0.740986
3.5762,1.89084,0.609591,0.674266,0.603728,0.601207,0.626099,0.659794,0.689172,0.652325,0.666022,0.740621
3.5764,1.88915,0.610034,0.675862,0.60308,0.603236,0.626824,0.659944,0.687649,0.65195,0.665918,0.739621
3.5766,1.88638,0.612015,0.677796,0.603231,0.604903,0.626779,0.660963,0.686317,0.652676,0.665286,0.737648
3.5768,1.88366,0.613728,0.679394,0.603973,0.6053,0.625867,0.662106,0.685803,0.65404,0.664831,0.735588
3.577,1.88237,0.613924,0.680723,0.605088,0.604416,0.624588,0.662999,0.687027,0.655117,0.664459,0.734232
3.5772,1.8833,0.611954,0.681615,0.606117,0.603328,0.623976,0.663718,0.687452,0.655487,0.664543,0.734749
3.5774,1.88508,0.609354,0.681799,0.606525,0.603161,0.624244,0.663954,0.685052,0.655356,0.664927,0.736226
3.5776,1.88566,0.607645,0.681705,0.606132,0.603891,0.625332,0.663749,0.680655,0.655209,0.665027,0.737186
3.5778,1.88378,0.607867,0.681964,0.605526,0.605257,0.626596,0.663382,0.677832,0.655959,0.664603,0.736268
3.578,1.88029,0.609177,0.682716,0.60521,0.606725,0.627083,0.663036,0.678916,0.657203,0.664245,0.733851
3.5782,1.87708,0.610053,0.684006,0.604936,0.607615,0.626944,0.663654,0.681545,0.658122,0.664427,0.731269
3.5784,1.8756,0.609761,0.685707,0.604989,0.606992,0.626275,0.665093,0.681264,0.659206,0.665111,0.729861
3.5786,1.87621,0.608435,0.686706,0.605384,0.605443,0.625875,0.666589,0.677937,0.659754,0.665484,0.730136
3.5788,1.87866,0.606909,0.686182,0.606784,0.604162,0.626482,0.66745,0.67486,0.659242,0.665004,0.731863
3.579,1.88161,0.60636,0.684249,0.608709,0.603222,0.627348,0.667322,0.674991,0.658361,0.663784,0.734411
3.5792,1.88311,0.608272,0.682367,0.609704,0.60234,0.627891,0.666264,0.676431,0.658144,0.662653,0.736051
3.5794,1.88274,0.611831,0.682006,0.609059,0.601067,0.627834,0.665626,0.676265,0.659235,0.66298,0.736224
3.5796,1.88104,0.613978,0.682862,0.607543,0.599991,0.626963,0.6659,0.674072,0.660494,0.664568,0.735149
3.5798,1.87959,0.613358,0.68368,0.606047,0.599699,0.626259,0.666798,0.671811,0.661313,0.666078,0.733969
3.58,1.87934,0.611907,0.683554,0.605645,0.599358,0.626167,0.66808,0.671336,0.661671,0.666931,0.733633
3.5802,1.88023,0.611175,0.682164,0.606458,0.598298,0.626391,0.669581,0.6725,0.661417,0.666823,0.734252
3.5804,1.88187,0.611293,0.680031,0.607855,0.596663,0.626598,0.670281,0.674183,0.660658,0.665688,0.735553
3.5806,1.88316,0.612838,0.678466,0.608957,0.594735,0.626693,0.670189,0.67574,0.660194,0.664485,0.736803
3.5808,1.8841,0.615259,0.678212,0.608774,0.593914,0.626692,0.669787,0.677147,0.66064,0.664917,0.737652
3.581,1.88479,0.616329,0.679477,0.607696,0.59534,0.626818,0.669456,0.678364,0.661139,0.666793,0.738337
3.5812,1.88485,0.615696,0.68109,0.606747,0.597188,0.626632,0.669452,0.678476,0.661495,0.668612,0.738604
3.5814,1.88424,0.615903,0.682048,0.606926,0.597265,0.626023,0.669635,0.678467,0.661965,0.668885,0.738315
3.5816,1.88331,0.617281,0.682202,0.607821,0.595863,0.625339,0.67045,0.680327,0.662295,0.667283,0.737651
3.5818,1.8827,0.618245,0.681507,0.608869,0.594337,0.624799,0.671665,0.684276,0.661931,0.665168,0.73717
3.582,1.88261,0.618112,0.680856,0.609225,0.593201,0.62417,0.672468,0.68761,0.660826,0.664177,0.737063
3.5822,1.88307,0.617167,0.68072,0.608667,0.59271,0.623789,0.672236,0.688281,0.659829,0.664781,0.737399
3.5824,1.88388,0.615737,0.681374,0.607559,0.592813,0.623811,0.671082,0.685964,0.659619,0.666287,0.738073
3.5826,1.88452,0.614902,0.682252,0.606511,0.592997,0.623889,0.669964,0.684403,0.659925,0.667423,0.73872
3.5828,1.88452,0.615769,0.682238,0.606156,0.593009,0.624041,0.669434,0.685361,0.660783,0.667356,0.73892
3.583,1.88374,0.617656,0.680946,0.606284,0.593064,0.62348,0.669718,0.688014,0.661644,0.666208,0.73852
3.5832,1.88238,0.61879,0.679383,0.606722,0.593222,0.622176,0.670599,0.690724,0.662415,0.664825,0.737591
3.5834,1.88106,0.618337,0.67866,0.607343,0.593207,0.621163,0.671271,0.691527,0.662546,0.664057,0.736551
3.5836,1.88047,0.616783,0.678827,0.608005,0.592882,0.620773,0.671098,0.690837,0.661377,0.664068,0.736023
3.5838,1.88053,0.614729,0.679425,0.608274,0.592181,0.620978,0.670354,0.691005,0.659869,0.664383,0.736039
3.584,1.88076,0.613402,0.679362,0.607755,0.591688,0.621572,0.66973,0.692645,0.659742,0.664613,0.736354
3.5842,1.88016,0.614187,0.678264,0.606736,0.592146,0.621843,0.669631,0.694263,0.6607,0.66402,0.736131
3.5844,1.87868,0.616358,0.677423,0.605805,0.593711,0.621631,0.670276,0.694398,0.661545,0.662682,0.735248
3.5846,1.87642,0.617873,0.677642,0.605475,0.595763,0.621219,0.671019,0.693518,0.66207,0.661225,0.733636
3.5848,1.87429,0.61731,0.679037,0.605995,0.597129,0.620976,0.671638,0.692469,0.662277,0.660342,0.732048
3.585,1.87258,0.615351,0.680342,0.606863,0.597723,0.621011,0.671445,0.692536,0.662088,0.659822,0.730639
3.5852,1.87248,0.61298,0.680829,0.607444,0.598057,0.621187,0.670409,0.692556,0.661781,0.659499,0.73039
3.5854,1.87287,0.611411,0.680525,0.607682,0.598599,0.621313,0.66984,0.691649,0.661417,0.658805,0.730824
3.5856,1.87308,0.611036,0.679517,0.607807,0.599722,0.621248,0.670279,0.689812,0.66123,0.657432,0.731171
3.5858,1.87248,0.611353,0.678908,0.607854,0.600934,0.620959,0.670829,0.687961,0.661564,0.655764,0.731043
3.586,1.87065,0.611772,0.679292,0.607671,0.601578,0.620423,0.671262,0.687182,0.662328,0.654231,0.729949
3.5862,1.86832,0.611667,0.680078,0.60747,0.601934,0.62046,0.671698,0.686711,0.662735,0.653332,0.728269
3.5864,1.86631,0.610619,0.680576,0.607283,0.602037,0.621439,0.67171,0.685541,0.663099,0.652919,0.726763
3.5866,1.86473,0.608917,0.680297,0.607175,0.602416,0.62291,0.670895,0.684163,0.663841,0.65244,0.725577
3.5868,1.86388,0.60817,0.679084,0.60721,0.603177,0.623748,0.670115,0.682075,0.664701,0.651371,0.724939
3.587,1.86323,0.608588,0.677811,0.607324,0.603886,0.623769,0.6699,0.680131,0.665243,0.650045,0.724626
3.5872,1.86231,0.609112,0.677716,0.607471,0.604561,0.623122,0.669936,0.678917,0.665333,0.648887,0.724126
3.5874,1.86115,0.60888,0.678704,0.607265,0.605408,0.622692,0.669869,0.679184,0.665044,0.648052,0.723453
3.5876,1.85968,0.6083,0.67956,0.607156,0.60586,0.622594,0.669671,0.679163,0.665086,0.647567,0.722531
3.5878,1.85835,0.607749,0.679892,0.607155,0.605651,0.622908,0.669768,0.677962,0.665394,0.64726,0.721599
3.588,1.85753,0.607456,0.679348,0.607451,0.605545,0.623342,0.670286,0.675912,0.666262,0.646904,0.721059
3.5882,1.85719,0.607492,0.678028,0.607992,0.605715,0.623353,0.670181,0.674079,0.66698,0.646472,0.720899
3.5884,1.85716,0.607649,0.677615,0.608064,0.606315,0.622798,0.669521,0.673257,0.667587,0.646042,0.721044
3.5886,1.85686,0.608232,0.678992,0.607499,0.606784,0.622267,0.669025,0.673349,0.667845,0.645671,0.721121
3.5888,1.85592,0.609191,0.680682,0.606491,0.607148,0.621854,0.668583,0.673759,0.667033,0.645471,0.720665
3.589,1.85492,0.610277,0.680889,0.60555,0.607068,0.621246,0.668334,0.674079,0.666123,0.645379,0.720051
3.5892,1.85426,0.611019,0.678952,0.605451,0.606268,0.620614,0.668324,0.674472,0.665822,0.645163,0.719663
3.5894,1.85401,0.611222,0.676046,0.605997,0.6055,0.620551,0.668305,0.675149,0.666574,0.645063,0.719557
3.5896,1.85406,0.610969,0.674073,0.606575,0.60529,0.621057,0.668031,0.675326,0.667507,0.645176,0.719779
3.5898,1.85413,0.610692,0.674038,0.606484,0.605419,0.621432,0.66715,0.674938,0.667683,0.645523,0.720029
3.59,1.8541,0.610522,0.675403,0.605623,0.605712,0.62174,0.666174,0.675091,0.666954,0.645843,0.720226
3.5902,1.85393,0.610718,0.676787,0.605044,0.606846,0.6223,0.665368,0.6755,0.665703,0.646603,0.720327
3.5904,1.85391,0.611212,0.676878,0.605478,0.608591,0.62269,0.66534,0.675293,0.664194,0.647508,0.720389
3.5906,1.85412,0.611518,0.675647,0.606462,0.609756,0.622516,0.66583,0.674335,0.662367,0.647855,0.720767
3.5908,1.85428,0.611483,0.674144,0.607182,0.609879,0.621882,0.666181,0.673236,0.660755,0.648,0.721052
3.591,1.85423,0.611247,0.673686,0.607206,0.60893,0.621214,0.666649,0.673006,0.660089,0.647802,0.721272
3.5912,1.85353,0.611061,0.674479,0.606818,0.60807,0.620975,0.667208,0.673834,0.660048,0.648056,0.721012
3.5914,1.85244,0.611301,0.675731,0.606233,0.608003,0.621553,0.667056,0.674798,0.661404,0.649095,0.720385
3.5916,1.85151,0.61291,0.676359,0.605952,0.608522,0.622772,0.666072,0.675057,0.663692,0.649837,0.719738
3.5918,1.85121,0.615332,0.676109,0.606438,0.609489,0.623518,0.665208,0.675027,0.664197,0.650469,0.719538
3.592,1.85185,0.616522,0.675813,0.607132,0.61082,0.622904,0.66498,0.67593,0.661439,0.651088,0.72004
3.5922,1.85295,0.615472,0.675778,0.607579,0.611675,0.621157,0.665316,0.67798,0.656862,0.65138,0.721035
3.5924,1.85381,0.612712,0.676152,0.607499,0.611804,0.618996,0.665833,0.679815,0.653508,0.651244,0.721982
3.5926,1.85362,0.609835,0.676717,0.606943,0.611121,0.6178,0.666468,0.680008,0.652782,0.650734,0.722203
3.5928,1.85295,0.609045,0.67728,0.606129,0.610461,0.618131,0.666574,0.678897,0.654106,0.650178,0.721839
3.593,1.85222,0.611179,0.67738,0.605298,0.610242,0.619168,0.666021,0.677776,0.655635,0.650225,0.721407
3.5932,1.85263,0.613976,0.677168,0.604815,0.610685,0.619627,0.665611,0.677367,0.657065,0.651278,0.721563
3.5934,1.85388,0.615381,0.677282,0.605056,0.611973,0.618545,0.665818,0.677195,0.657851,0.652682,0.72262
3.5936,1.85522,0.614199,0.678283,0.606115,0.613604,0.616342,0.667026,0.677388,0.657018,0.653919,0.723822
3.5938,1.85587,0.611676,0.68046,0.60716,0.614303,0.613988,0.668539,0.677569,0.655567,0.654414,0.72469
3.594,1.85528,0.609902,0.682559,0.607796,0.61414,0.612672,0.669423,0.677121,0.655006,0.65453,0.724501
3.5942,1.85467,0.610023,0.683392,0.608091,0.613437,0.612209,0.669837,0.676549,0.655414,0.654362,0.724085
3.5944,1.85465,0.610969,0.68275,0.607776,0.613024,0.612618,0.670026,0.676432,0.656141,0.654813,0.724049
3.5946,1.85556,0.611642,0.681872,0.607015,0.613431,0.614058,0.6699,0.678774,0.65665,0.656095,0.724662
3.5948,1.85728,0.611722,0.682139,0.605844,0.614178,0.615558,0.669753,0.680225,0.656469,0.657506,0.72602
3.595,1.85915,0.610837,0.683403,0.604624,0.614598,0.616171,0.669519,0.678545,0.655825,0.658306,0.7276
3.5952,1.86048,0.609637,0.684752,0.603921,0.614269,0.61543,0.669219,0.676804,0.655909,0.657555,0.728863
3.5954,1.86107,0.608602,0.685359,0.603965,0.613024,0.614221,0.669464,0.677622,0.657354,0.655458,0.729565
3.5956,1.86094,0.608722,0.684872,0.604594,0.611816,0.61366,0.670013,0.68098,0.659209,0.653137,0.729582
3.5958,1.86137,0.610259,0.68377,0.605096,0.611106,0.614156,0.670849,0.683794,0.660012,0.652041,0.729812
3.596,1.86253,0.611854,0.683224,0.605048,0.61087,0.615271,0.671653,0.684251,0.659483,0.654106,0.730648
3.5962,1.86405,0.612084,0.68384,0.604543,0.610521,0.616407,0.672277,0.683542,0.65813,0.657563,0.731874
3.5964,1.8652,0.611011,0.68509,0.603935,0.609838,0.61687,0.672635,0.683591,0.657669,0.659411,0.732907
3.5966,1.86564,0.609994,0.686142,0.603565,0.608651,0.616177,0.672351,0.684909,0.659128,0.658634,0.733428
3.5968,1.86528,0.609746,0.686425,0.603563,0.607185,0.614995,0.671685,0.686535,0.661645,0.655032,0.733312
3.597,1.86475,0.610201,0.685837,0.603741,0.605926,0.614601,0.671082,0.687676,0.663878,0.650667,0.732861
3.5972,1.8652,0.611173,0.684795,0.603802,0.604874,0.615425,0.671123,0.688496,0.664149,0.648805,0.733011
3.5974,1.86621,0.612065,0.684079,0.603839,0.603628,0.616821,0.671648,0.689805,0.663538,0.649934,0.733801
3.5976,1.86696,0.611914,0.684123,0.604161,0.601594,0.617798,0.672095,0.691545,0.663527,0.652103,0.734504
3.5978,1.86658,0.611153,0.684561,0.604622,0.59975,0.617384,0.672211,0.692777,0.664646,0.653131,0.734451
3.598,1.86544,0.61153,0.684686,0.604894,0.598946,0.615761,0.672063,0.693945,0.666615,0.651624,0.733636
3.5982,1.86481,0.613129,0.684246,0.604827,0.599044,0.614104,0.672109,0.695856,0.668519,0.648371,0.732999
3.5984,1.86496,0.614496,0.683019,0.604475,0.599472,0.613499,0.67214,0.697536,0.66917,0.645677,0.732971
3.5986,1.86583,0.614822,0.682108,0.604078,0.599607,0.614122,0.672233,0.69885,0.668732,0.644887,0.733624
3.5988,1.86576,0.614131,0.681675,0.603954,0.599139,0.615253,0.672963,0.699231,0.668223,0.645876,0.733853
3.599,1.86457,0.613058,0.681051,0.604229,0.598292,0.615935,0.674576,0.700659,0.668024,0.647603,0.733124
3.5992,1.86231,0.61273,0.680014,0.604745,0.597554,0.615532,0.676238,0.703117,0.668107,0.64861,0.731557
3.5994,1.86021,0.613668,0.678707,0.605166,0.597365,0.614351,0.676831,0.705097,0.668591,0.648362,0.729772
3.5996,1.85935,0.615313,0.677351,0.605166,0.59775,0.613407,0.675805,0.705829,0.669282,0.647417,0.728926
3.5998,1.85903,0.616496,0.676079,0.604564,0.598248,0.613332,0.674623,0.705639,0.669699,0.646462,0.72869
3.6,1.85878,0.616451,0.674769,0.603504,0.598296,0.613811,0.674483,0.704487,0.669808,0.646066,0.728553
3.6002,1.85818,0.615267,0.673633,0.602451,0.597732,0.614011,0.674998,0.703745,0.669888,0.646349,0.72827
3.6004,1.85682,0.613602,0.672459,0.602163,0.596828,0.613442,0.67557,0.70519,0.669906,0.646912,0.727401
3.6006,1.85491,0.612512,0.671173,0.602453,0.596432,0.612308,0.675684,0.708023,0.669393,0.647546,0.726063
3.6008,1.85272,0.612686,0.669694,0.602926,0.59695,0.611343,0.675136,0.709281,0.66817,0.648303,0.724465
3.601,1.85079,0.613717,0.668209,0.602861,0.598006,0.610699,0.674383,0.707493,0.667059,0.649042,0.722943
3.6012,1.84965,0.614309,0.667011,0.602297,0.599035,0.610071,0.674256,0.705017,0.666631,0.649403,0.722003
3.6014,1.8491,0.613718,0.666269,0.601358,0.599554,0.609589,0.674695,0.704505,0.666844,0.649083,0.721609
3.6016,1.84887,0.612313,0.665931,0.600415,0.599388,0.609236,0.675194,0.705752,0.667225,0.648344,0.721489
3.6018,1.8488,0.610702,0.66585,0.600038,0.599091,0.608947,0.675359,0.7082,0.666817,0.647816,0.721554
3.602,1.84852,0.610062,0.665769,0.600287,0.599369,0.608442,0.675536,0.709931,0.665413,0.648083,0.721511
3.6022,1.84809,0.610544,0.665567,0.600793,0.600449,0.608266,0.675428,0.709857,0.664221,0.649237,0.721298
3.6024,1.84781,0.611302,0.665317,0.600779,0.601871,0.607991,0.675015,0.709872,0.663253,0.650698,0.721186
3.6026,1.84732,0.61114,0.665128,0.59997,0.602905,0.607427,0.674748,0.70987,0.662315,0.651663,0.720968
3.6028,1.84689,0.60993,0.665121,0.598939,0.602977,0.606636,0.675123,0.71056,0.661183,0.65171,0.720702
3.603,1.84708,0.607958,0.665197,0.598064,0.601939,0.605849,0.675418,0.711583,0.660262,0.651016,0.720834
3.6032,1.84761,0.606334,0.665557,0.597435,0.601161,0.605129,0.675262,0.711243,0.659682,0.650028,0.721351
3.6034,1.84789,0.605745,0.666331,0.59703,0.601824,0.604554,0.674944,0.710549,0.659348,0.649725,0.721772
3.6036,1.84729,0.60601,0.666854,0.596758,0.603529,0.604141,0.67483,0.712099,0.65848,0.65039,0.721624
3.6038,1.84565,0.606362,0.666486,0.596526,0.604867,0.603823,0.674915,0.714985,0.656885,0.652,0.720618
3.604,1.84377,0.606269,0.665286,0.59635,0.604496,0.603693,0.675183,0.716781,0.655261,0.653186,0.719235
3.6042,1.84253,0.60538,0.663944,0.596339,0.603031,0.60372,0.675196,0.715772,0.654406,0.652566,0.718224
3.6044,1.84234,0.604278,0.663306,0.596439,0.601728,0.60386,0.674762,0.714179,0.654459,0.650406,0.717996
3.6046,1.84307,0.603715,0.663739,0.596561,0.601078,0.604039,0.674459,0.71567,0.65495,0.647895,0.718567
3.6048,1.84402,0.603933,0.664833,0.5967,0.600794,0.604173,0.674265,0.71908,0.655168,0.646611,0.719466
3.605,1.84437,0.604707,0.665743,0.596931,0.600747,0.604337,0.674546,0.719686,0.654816,0.64713,0.720024
3.6052,1.84385,0.605454,0.666248,0.597202,0.600792,0.604552,0.674594,0.71785,0.654226,0.64812,0.719896
3.6054,1.84255,0.605705,0.666134,0.597328,0.600908,0.604832,0.674157,0.717905,0.654015,0.648238,0.719119
3.6056,1.84112,0.6055,0.665591,0.59729,0.60035,0.605014,0.673695,0.720609,0.654569,0.646933,0.718076
3.6058,1.84037,0.605157,0.664763,0.597384,0.599439,0.605081,0.672941,0.724405,0.655577,0.64452,0.717462
3.606,1.84056,0.604999,0.663992,0.597777,0.598714,0.605595,0.672139,0.727124,0.656285,0.642092,0.71756
3.6062,1.84098,0.605167,0.663357,0.59836,0.598608,0.606543,0.672098,0.72777,0.656608,0.640878,0.718078
3.6064,1.84052,0.60576,0.662856,0.599008,0.598925,0.607486,0.672559,0.726965,0.656767,0.641029,0.718064
3.6066,1.83871,0.606718,0.663771,0.599803,0.598933,0.60822,0.672852,0.725058,0.656842,0.641797,0.717072
3.6068,1.83675,0.607419,0.66617,0.600276,0.598339,0.608747,0.672304,0.724108,0.65724,0.643269,0.715464
3.607,1.83689,0.607417,0.667914,0.600168,0.597632,0.60874,0.671048,0.724563,0.658027,0.644578,0.715276
3.6072,1.83839,0.606884,0.667445,0.59994,0.597422,0.608413,0.669843,0.725576,0.6588,0.64436,0.716453
3.6074,1.84024,0.606417,0.665163,0.600019,0.598026,0.608077,0.669788,0.726595,0.659366,0.643207,0.718028
3.6076,1.84078,0.606636,0.662775,0.60042,0.598932,0.607853,0.670852,0.727682,0.660487,0.642344,0.718997
3.6078,1.83867,0.607671,0.663394,0.600944,0.599513,0.60802,0.671912,0.72782,0.662058,0.642307,0.717945
3.608,1.83602,0.609041,0.667562,0.60126,0.599965,0.608917,0.672676,0.726875,0.663748,0.643111,0.715915
3.6082,1.83517,0.610152,0.672131,0.601046,0.600771,0.61011,0.67297,0.725812,0.664923,0.644385,0.714869
3.6084,1.83744,0.61052,0.673479,0.600342,0.601825,0.611283,0.672578,0.726011,0.66472,0.645054,0.716176
3.6086,1.84159,0.610091,0.671348,0.599834,0.602255,0.611999,0.671563,0.727404,0.663328,0.644678,0.71944
3.6088,1.84382,0.609319,0.667878,0.600117,0.601454,0.611898,0.670594,0.728879,0.661305,0.644388,0.721917
3.609,1.84216,0.608727,0.665439,0.600806,0.599842,0.611775,0.670344,0.729528,0.660168,0.645016,0.721439
3.6092,1.83802,0.608628,0.665451,0.601748,0.598272,0.611833,0.670733,0.728957,0.661021,0.646009,0.718521
3.6094,1.83445,0.609003,0.667161,0.602896,0.597622,0.612635,0.671222,0.727209,0.662601,0.646482,0.715549
3.6096,1.8335,0.609676,0.669,0.603519,0.598437,0.613777,0.670889,0.725249,0.663544,0.646163,0.7143
3.6098,1.83598,0.609968,0.670108,0.603218,0.601342,0.614889,0.670104,0.723693,0.66366,0.645318,0.715787
3.61,1.83993,0.60968,0.670257,0.602174,0.605292,0.615244,0.669276,0.72245,0.662693,0.644661,0.718927
3.6102,1.84294,0.608857,0.669776,0.601099,0.606831,0.615335,0.669028,0.721977,0.661882,0.64503,0.721655
3.6104,1.84436,0.607973,0.669599,0.600391,0.60447,0.615433,0.668922,0.721661,0.662133,0.64642,0.723152
3.6106,1.84419,0.6075,0.670388,0.600227,0.599809,0.615438,0.669103,0.721701,0.663022,0.647971,0.723334
3.6108,1.84396,0.607965,0.67207,0.600429,0.596055,0.615796,0.669344,0.720515,0.664637,0.648849,0.72305
3.611,1.84461,0.608691,0.673849,0.600666,0.595072,0.616666,0.669455,0.718467,0.666865,0.648922,0.723499
3.6112,1.84599,0.610478,0.675081,0.601539,0.597767,0.61773,0.669391,0.716431,0.668368,0.648491,0.72443
3.6114,1.84805,0.613145,0.67605,0.603103,0.601694,0.618575,0.669272,0.71581,0.667891,0.648442,0.726042
3.6116,1.84933,0.61431,0.676795,0.604231,0.60428,0.618822,0.668845,0.715912,0.666409,0.648858,0.727306
3.6118,1.85005,0.6127,0.677088,0.604326,0.603941,0.618887,0.668061,0.714532,0.665017,0.649367,0.727839
3.612,1.85113,0.609746,0.677167,0.604311,0.601492,0.6194,0.667579,0.712304,0.664281,0.649434,0.728691
3.6122,1.85197,0.607642,0.677401,0.604755,0.59886,0.620532,0.667446,0.709744,0.664841,0.648993,0.729377
3.6124,1.85224,0.607193,0.678318,0.604821,0.597859,0.621259,0.667498,0.708194,0.666326,0.64833,0.729761
3.6126,1.85167,0.608295,0.679515,0.604224,0.599015,0.621117,0.667894,0.707054,0.66815,0.648532,0.729435
3.6128,1.85088,0.609761,0.68069,0.603474,0.601029,0.620458,0.668695,0.705083,0.66907,0.651114,0.72882
3.613,1.85054,0.610269,0.681904,0.603621,0.602579,0.620361,0.669122,0.702742,0.668352,0.654349,0.72837
3.6132,1.85128,0.609623,0.682478,0.604449,0.602369,0.62094,0.669171,0.700878,0.666726,0.656376,0.728761
3.6134,1.85254,0.608726,0.682105,0.60506,0.601212,0.621773,0.668496,0.699746,0.665414,0.656386,0.729715
3.6136,1.85373,0.608304,0.681004,0.605147,0.600163,0.622152,0.667789,0.699099,0.665206,0.654087,0.730635
3.6138,1.85457,0.608564,0.679806,0.604875,0.599486,0.621345,0.66724,0.69868,0.666212,0.651382,0.731392
3.614,1.85472,0.609512,0.679109,0.604536,0.599019,0.619457,0.666692,0.698577,0.66769,0.650595,0.731622
3.6142,1.85417,0.610531,0.679229,0.604159,0.599227,0.617618,0.666353,0.699039,0.668796,0.652159,0.731299
3.6144,1.85315,0.610412,0.679957,0.603745,0.600309,0.616708,0.666275,0.699632,0.669709,0.654401,0.730524
3.6146,1.85204,0.609799,0.68076,0.60341,0.601538,0.616965,0.666576,0.699542,0.669633,0.655468,0.729639
3.6148,1.85101,0.610303,0.680817,0.603277,0.602125,0.617803,0.667267,0.69903,0.668238,0.654904,0.728765
3.615,1.85084,0.611676,0.679837,0.603183,0.601889,0.618192,0.667918,0.698738,0.666379,0.653583,0.728432
3.6152,1.85147,0.612569,0.678237,0.603532,0.601195,0.617264,0.668108,0.698389,0.665097,0.652782,0.728825
3.6154,1.85192,0.612209,0.67738,0.604175,0.600703,0.615184,0.668608,0.697787,0.664323,0.653222,0.72924
3.6156,1.85242,0.610777,0.6775,0.60439,0.600702,0.612616,0.669461,0.697322,0.66432,0.654588,0.729594
3.6158,1.85283,0.609237,0.678313,0.604351,0.601174,0.610736,0.669907,0.697148,0.664932,0.655908,0.729939
3.616,1.85339,0.608862,0.678978,0.604089,0.601999,0.610186,0.669665,0.697345,0.665125,0.656624,0.730261
3.6162,1.85452,0.610046,0.67881,0.60399,0.602856,0.611115,0.66872,0.697808,0.664375,0.656725,0.731108
3.6164,1.85484,0.611821,0.677886,0.603904,0.603217,0.612436,0.668042,0.698089,0.662949,0.656344,0.731533
3.6166,1.85433,0.612852,0.676959,0.603957,0.602795,0.612477,0.668236,0.697983,0.661008,0.655714,0.731253
3.6168,1.8531,0.612544,0.676265,0.603786,0.601681,0.610384,0.669297,0.69805,0.659051,0.655273,0.730401
3.617,1.85161,0.611198,0.675818,0.603329,0.600849,0.607176,0.67062,0.698894,0.657993,0.655656,0.729148
3.6172,1.85144,0.609565,0.675613,0.603101,0.600816,0.604581,0.671775,0.700251,0.658006,0.656393,0.728708
3.6174,1.85216,0.60892,0.6751,0.603358,0.601882,0.603639,0.672054,0.701368,0.658047,0.657242,0.7292
3.6176,1.85255,0.60993,0.674164,0.603969,0.602928,0.604206,0.671026,0.701819,0.657228,0.658297,0.72963
3.6178,1.85199,0.611715,0.673283,0.604442,0.60272,0.605237,0.6697,0.701787,0.655431,0.658984,0.7294
3.618,1.85021,0.612678,0.673188,0.60477,0.601324,0.60553,0.669,0.701532,0.653418,0.658684,0.728208
3.6182,1.8482,0.612695,0.673552,0.605076,0.599361,0.604647,0.669831,0.700634,0.652157,0.658147,0.726573
3.6184,1.84717,0.611659,0.673937,0.605171,0.597819,0.603043,0.67154,0.699775,0.65192,0.657658,0.725553
3.6186,1.84726,0.609675,0.673645,0.604998,0.59743,0.60172,0.672514,0.699057,0.652327,0.657298,0.725444
3.6188,1.84822,0.607656,0.672907,0.604912,0.598074,0.601445,0.672505,0.699126,0.65274,0.657254,0.726117
3.619,1.84892,0.606891,0.672607,0.604877,0.598813,0.602257,0.672314,0.699806,0.652699,0.65818,0.726799
3.6192,1.84895,0.607386,0.673052,0.60524,0.598671,0.603439,0.672031,0.699549,0.652201,0.659922,0.726987
3.6194,1.84846,0.607861,0.673801,0.606188,0.597608,0.604008,0.671812,0.698146,0.651607,0.661318,0.726685
3.6196,1.84766,0.607591,0.674589,0.607818,0.596441,0.603621,0.671938,0.696294,0.651465,0.661204,0.726115
3.6198,1.84691,0.606395,0.674971,0.609079,0.59586,0.602986,0.67234,0.694259,0.651747,0.659836,0.725546
3.62,1.84598,0.604752,0.674621,0.609064,0.59579,0.60284,0.672373,0.692853,0.652267,0.65798,0.724898
3.6202,1.84468,0.603452,0.673748,0.607738,0.595923,0.603263,0.672543,0.692619,0.652916,0.656846,0.723954
3.6204,1.84365,0.603414,0.673137,0.606336,0.595867,0.603809,0.672733,0.692143,0.653398,0.657382,0.723096
3.6206,1.843,0.604407,0.6734,0.605359,0.595485,0.604022,0.672554,0.690496,0.653147,0.658976,0.722544
3.6208,1.84328,0.605334,0.674026,0.605653,0.59488,0.603769,0.671938,0.688109,0.652242,0.660098,0.72264
3.621,1.84388,0.605268,0.674896,0.607183,0.59441,0.603346,0.671297,0.686116,0.651384,0.660084,0.723179
3.6212,1.84342,0.604252,0.676031,0.608952,0.594395,0.603219,0.670955,0.684908,0.651141,0.659042,0.72319
3.6214,1.84101,0.603106,0.677114,0.610105,0.594823,0.60363,0.67089,0.684245,0.651515,0.657845,0.721716
3.6216,1.8374,0.602525,0.677329,0.609975,0.595364,0.60444,0.670957,0.683601,0.652148,0.65714,0.719094
3.6218,1.83372,0.602791,0.676847,0.608153,0.595683,0.605244,0.670991,0.682756,0.652624,0.65717,0.716237
3.622,1.83123,0.60361,0.676391,0.606007,0.59561,0.605611,0.670547,0.681987,0.652734,0.657724,0.714079
3.6222,1.83008,0.604627,0.676477,0.605322,0.595316,0.60541,0.669837,0.681762,0.652624,0.657996,0.713135
3.6224,1.82953,0.605718,0.676853,0.606051,0.594942,0.604759,0.669674,0.682258,0.652561,0.657872,0.712741
3.6226,1.82935,0.606188,0.676724,0.607408,0.594784,0.60414,0.669898,0.683227,0.652593,0.657937,0.712711
3.6228,1.829,0.606134,0.675664,0.608578,0.595468,0.604146,0.670056,0.684155,0.652456,0.658465,0.712647
3.623,1.8281,0.606175,0.674288,0.608625,0.597055,0.605045,0.669723,0.6843,0.652314,0.659152,0.712229
3.6232,1.82641,0.606256,0.673248,0.607702,0.598361,0.606088,0.668747,0.68384,0.65263,0.659409,0.711176
3.6234,1.82462,0.606874,0.673469,0.606973,0.598495,0.606438,0.667435,0.683324,0.654094,0.659254,0.709895
3.6236,1.82326,0.607565,0.674751,0.606996,0.59745,0.606089,0.666641,0.683109,0.655524,0.658425,0.708888
3.6238,1.82275,0.608314,0.676534,0.607921,0.596229,0.6051,0.667115,0.683946,0.655326,0.657716,0.708468
3.624,1.82313,0.608786,0.677882,0.609297,0.596087,0.603808,0.668232,0.685587,0.653521,0.658318,0.708799
3.6242,1.82385,0.609137,0.677675,0.610075,0.597497,0.603078,0.669083,0.687276,0.650576,0.659894,0.709514
3.6244,1.82444,0.609993,0.67664,0.609886,0.59943,0.602922,0.668954,0.687293,0.648139,0.661402,0.710195
3.6246,1.82513,0.61104,0.675893,0.609179,0.600523,0.604405,0.667886,0.687371,0.647943,0.662097,0.710834
3.6248,1.82588,0.612093,0.676258,0.609098,0.600216,0.607224,0.666925,0.688746,0.651529,0.661939,0.711571
3.625,1.82633,0.612483,0.67736,0.609677,0.598925,0.608901,0.666892,0.691354,0.656526,0.660253,0.712147
3.6252,1.82678,0.61243,0.678471,0.610323,0.597632,0.607746,0.667741,0.693031,0.658315,0.65823,0.712584
3.6254,1.82703,0.61264,0.678955,0.610725,0.597508,0.605021,0.668951,0.69175,0.655265,0.656994,0.712984
3.6256,1.82728,0.612935,0.6787,0.610443,0.598562,0.603233,0.669896,0.689606,0.650027,0.656814,0.713248
3.6258,1.82783,0.613132,0.678163,0.609592,0.599592,0.603125,0.669812,0.689392,0.647997,0.65728,0.713766
3.626,1.82861,0.6132,0.678391,0.608931,0.599851,0.604444,0.6686,0.691534,0.650712,0.657036,0.714403
3.6262,1.82946,0.613332,0.679668,0.609444,0.598841,0.60577,0.6673,0.693754,0.655284,0.655678,0.715221
3.6264,1.83005,0.613948,0.681161,0.610655,0.597112,0.605834,0.666966,0.694353,0.657611,0.654188,0.715822
3.6266,1.82999,0.615148,0.682016,0.61185,0.595303,0.604884,0.667615,0.693652,0.656492,0.653443,0.716036
3.6268,1.82927,0.616436,0.681793,0.612101,0.594218,0.604118,0.668737,0.692897,0.6541,0.653654,0.715632
3.627,1.82876,0.617661,0.680747,0.61121,0.593678,0.604305,0.669103,0.692802,0.65223,0.654526,0.715241
3.6272,1.82916,0.618153,0.679972,0.610236,0.593468,0.6054,0.668585,0.693599,0.652138,0.65531,0.71543
3.6274,1.83085,0.618291,0.679995,0.610133,0.593031,0.606932,0.667639,0.694676,0.654451,0.655409,0.71659
3.6276,1.83334,0.618639,0.680954,0.611108,0.592469,0.608624,0.667116,0.695831,0.657248,0.655247,0.718555
3.6278,1.83508,0.619409,0.681958,0.612163,0.592127,0.609881,0.667307,0.69717,0.658227,0.655716,0.720182
3.628,1.8358,0.620167,0.682006,0.612554,0.59155,0.61012,0.667696,0.698719,0.657706,0.656682,0.720948
3.6282,1.83604,0.620162,0.680836,0.611896,0.590676,0.610174,0.667581,0.700653,0.657437,0.657786,0.721223
3.6284,1.83637,0.619657,0.679725,0.61068,0.589706,0.610906,0.667013,0.702162,0.657608,0.658523,0.721468
3.6286,1.83749,0.618874,0.679769,0.609397,0.588868,0.61186,0.666906,0.702445,0.657609,0.658872,0.722154
3.6288,1.83939,0.618405,0.681135,0.608543,0.588508,0.612921,0.667562,0.702455,0.657654,0.658387,0.723567
3.629,1.8416,0.618477,0.682947,0.608119,0.588225,0.61327,0.668162,0.703308,0.657628,0.657703,0.725267
3.6292,1.8439,0.618884,0.684141,0.607991,0.587967,0.612367,0.668197,0.704091,0.657252,0.657486,0.727072
3.6294,1.84535,0.619764,0.683813,0.60814,0.588393,0.611659,0.667601,0.704406,0.657002,0.657896,0.728399
3.6296,1.84566,0.620888,0.682639,0.608537,0.589273,0.612174,0.667407,0.704304,0.657504,0.65874,0.728803
3.6298,1.84534,0.622097,0.681908,0.608858,0.590695,0.61376,0.667558,0.702923,0.658365,0.659684,0.728586
3.63,1.84478,0.622673,0.681957,0.608763,0.591963,0.615076,0.667706,0.701403,0.658829,0.660347,0.728123
3.6302,1.84448,0.622856,0.682747,0.608328,0.59279,0.615522,0.667756,0.700245,0.658779,0.660576,0.727752
3.6304,1.84498,0.622771,0.683523,0.607829,0.592655,0.615085,0.668267,0.700047,0.658549,0.660344,0.727948
3.6306,1.84615,0.622456,0.68363,0.607433,0.591701,0.614706,0.668628,0.699225,0.658459,0.660096,0.728705
3.6308,1.84764,0.62339,0.683103,0.608136,0.591446,0.615527,0.668077,0.698137,0.658714,0.660592,0.729791
3.631,1.84913,0.625202,0.682122,0.610209,0.59285,0.617076,0.666849,0.696363,0.659194,0.661529,0.730953
3.6312,1.84985,0.626208,0.681198,0.612048,0.594983,0.618253,0.665694,0.693682,0.659368,0.66222,0.731651
3.6314,1.84942,0.625688,0.681113,0.612124,0.596139,0.618318,0.665606,0.690564,0.658702,0.662611,0.731469
3.6316,1.84801,0.623903,0.681502,0.610801,0.595581,0.617352,0.666303,0.688046,0.657415,0.662872,0.730449
3.6318,1.84637,0.622276,0.68141,0.609015,0.593816,0.616121,0.667367,0.686056,0.655762,0.663311,0.729062
3.632,1.84586,0.621615,0.680937,0.608114,0.592316,0.615659,0.667693,0.685157,0.65444,0.663657,0.72832
3.6322,1.84667,0.622563,0.680739,0.609137,0.592401,0.616905,0.667268,0.68532,0.654006,0.664455,0.728712
3.6324,1.84802,0.624339,0.680663,0.611313,0.594294,0.618868,0.666756,0.685331,0.654298,0.665465,0.729683
3.6326,1.84916,0.625879,0.680409,0.613216,0.596838,0.620359,0.666468,0.685036,0.654562,0.66616,0.730632
3.6328,1.84895,0.626114,0.680015,0.613793,0.598504,0.620119,0.666735,0.68358,0.654098,0.666843,0.730728
3.633,1.84768,0.624775,0.679182,0.612373,0.598209,0.618745,0.666923,0.682494,0.65231,0.667321,0.729784
3.6332,1.8467,0.622381,0.678524,0.609849,0.596583,0.617674,0.666566,0.682563,0.65041,0.667364,0.728812
3.6334,1.84665,0.620953,0.678789,0.608202,0.595217,0.617505,0.665681,0.685269,0.649797,0.667009,0.728576
3.6336,1.84724,0.622046,0.679898,0.608655,0.59542,0.618157,0.665023,0.688252,0.650214,0.666599,0.728915
3.6338,1.84757,0.624962,0.681428,0.610694,0.597228,0.618927,0.664979,0.689253,0.650274,0.666077,0.729277
3.634,1.84652,0.627213,0.681864,0.612795,0.599285,0.61896,0.665435,0.689887,0.649379,0.666026,0.728713
3.6342,1.8444,0.627024,0.680744,0.613806,0.60017,0.618394,0.66623,0.690015,0.647708,0.665877,0.727164
3.6344,1.84237,0.624947,0.67858,0.61344,0.59932,0.61781,0.666583,0.689018,0.646359,0.665396,0.72542
3.6346,1.84159,0.622495,0.676485,0.612138,0.597547,0.618048,0.666013,0.687223,0.645925,0.664431,0.724544
3.6348,1.84173,0.621448,0.67532,0.611093,0.596828,0.618786,0.66477,0.686158,0.646507,0.663455,0.724492
3.635,1.84263,0.622902,0.67594,0.611224,0.59751,0.61926,0.663712,0.687156,0.647354,0.662402,0.725106
3.6352,1.84284,0.625861,0.677398,0.612137,0.598686,0.619074,0.663673,0.690412,0.647724,0.66141,0.725568
3.6354,1.84135,0.628122,0.67858,0.613024,0.599998,0.618329,0.664506,0.693145,0.647518,0.660486,0.724675
3.6356,1.83914,0.628028,0.678631,0.612989,0.600863,0.617498,0.665944,0.692991,0.647007,0.659351,0.723035
3.6358,1.83728,0.625778,0.67707,0.612373,0.601366,0.617012,0.6673,0.691085,0.646707,0.657714,0.72142
3.636,1.83683,0.622615,0.674668,0.611711,0.601618,0.617018,0.667428,0.68975,0.647155,0.656233,0.720792
3.6362,1.83754,0.620254,0.673017,0.611581,0.601522,0.617381,0.666193,0.689858,0.648308,0.654887,0.721295
3.6364,1.83742,0.619839,0.672942,0.612036,0.601665,0.617687,0.66518,0.690471,0.649203,0.654383,0.721505
3.6366,1.83614,0.620922,0.673818,0.612678,0.602024,0.61754,0.665468,0.691323,0.649593,0.654377,0.720674
3.6368,1.8346,0.622405,0.674868,0.612779,0.602599,0.616769,0.666963,0.693605,0.650114,0.653795,0.719591
3.637,1.8327,0.623274,0.675234,0.612381,0.603062,0.615688,0.668453,0.696496,0.650903,0.652223,0.718114
3.6372,1.83246,0.623122,0.674276,0.61143,0.603656,0.614845,0.668789,0.697312,0.651351,0.650356,0.717562
3.6374,1.83372,0.622382,0.672689,0.61086,0.604195,0.614575,0.66797,0.694283,0.651164,0.64917,0.718497
3.6376,1.83462,0.621407,0.671571,0.611048,0.6052,0.614805,0.667036,0.691529,0.650465,0.648738,0.719381
3.6378,1.83472,0.62102,0.671675,0.61169,0.605952,0.615124,0.666901,0.692088,0.649866,0.648759,0.719734
3.638,1.83287,0.621069,0.672476,0.611929,0.606292,0.61517,0.667269,0.695225,0.650053,0.648708,0.718754
3.6382,1.82997,0.621073,0.673079,0.611528,0.606534,0.61492,0.668162,0.697634,0.651099,0.648202,0.716593
3.6384,1.82795,0.620964,0.673166,0.610604,0.606518,0.61447,0.669316,0.697531,0.652382,0.647431,0.714784
3.6386,1.82778,0.620936,0.672716,0.610097,0.606718,0.613956,0.670181,0.6966,0.653233,0.64686,0.714432
3.6388,1.82867,0.620959,0.672243,0.610274,0.607207,0.613454,0.670026,0.695301,0.653394,0.646712,0.715077
3.639,1.82942,0.621485,0.672817,0.610605,0.608096,0.61294,0.66922,0.695375,0.653023,0.647055,0.715848
3.6392,1.82908,0.622413,0.673944,0.610958,0.608765,0.612384,0.669236,0.696511,0.652521,0.6474,0.715972
3.6394,1.82744,0.622823,0.675194,0.611093,0.608434,0.611947,0.669753,0.697065,0.652475,0.647531,0.714896
3.6396,1.82604,0.622073,0.675982,0.610857,0.607926,0.612465,0.670035,0.696507,0.652909,0.647769,0.713808
3.6398,1.82513,0.621081,0.675486,0.610374,0.607928,0.614534,0.669851,0.695959,0.653274,0.647995,0.713055
3.64,1.82535,0.621029,0.674396,0.610308,0.608343,0.61612,0.668647,0.695905,0.65321,0.648538,0.713085
3.6402,1.82638,0.621905,0.673495,0.610525,0.608734,0.61572,0.666338,0.697791,0.654077,0.649284,0.713969
3.6404,1.82655,0.623029,0.673898,0.61072,0.608897,0.613525,0.664369,0.700007,0.654837,0.649239,0.714402
3.6406,1.82585,0.623614,0.675729,0.61048,0.609304,0.610647,0.663921,0.70214,0.654519,0.64874,0.714136
3.6408,1.82419,0.623189,0.677994,0.609899,0.609302,0.608675,0.664479,0.703245,0.65383,0.648032,0.71303
3.641,1.82306,0.622673,0.679768,0.609271,0.609199,0.608988,0.664753,0.704425,0.652794,0.647917,0.712042
3.6412,1.82325,0.622736,0.679865,0.609259,0.608879,0.611035,0.664355,0.704674,0.651708,0.648499,0.71209
3.6414,1.82402,0.623721,0.678333,0.609589,0.608821,0.612899,0.662714,0.703655,0.65133,0.649046,0.712719
3.6416,1.82469,0.624943,0.676315,0.610095,0.609116,0.613137,0.660281,0.703443,0.652544,0.649226,0.713454
3.6418,1.82426,0.625186,0.675368,0.61016,0.609768,0.611339,0.658394,0.705552,0.653903,0.648657,0.71345
3.642,1.82312,0.624213,0.676154,0.609575,0.610744,0.608587,0.657747,0.708086,0.653956,0.64788,0.71271
3.6422,1.82213,0.623246,0.67802,0.608837,0.6112,0.60689,0.657846,0.709986,0.652875,0.647203,0.711948
3.6424,1.82188,0.62315,0.679764,0.608325,0.610722,0.607054,0.657997,0.711016,0.651639,0.646704,0.711733
3.6426,1.82225,0.62409,0.680494,0.608461,0.610107,0.608549,0.657583,0.710554,0.650729,0.646607,0.711951
3.6428,1.82332,0.625133,0.679869,0.609356,0.610123,0.611003,0.65653,0.709509,0.649996,0.646564,0.712876
3.643,1.82356,0.625405,0.678627,0.610426,0.610385,0.614018,0.655187,0.709599,0.650205,0.646618,0.713356
3.6432,1.82283,0.624595,0.67791,0.610649,0.610644,0.615613,0.654066,0.710385,0.651668,0.646821,0.713072
3.6434,1.82116,0.623818,0.678572,0.610216,0.610799,0.615164,0.653613,0.711984,0.653192,0.647091,0.711964
3.6436,1.8199,0.623976,0.680222,0.609475,0.610508,0.613771,0.653853,0.713403,0.654113,0.647454,0.710923
3.6438,1.8195,0.625478,0.682209,0.609162,0.610314,0.612999,0.654478,0.712795,0.654622,0.647928,0.710571
3.644,1.81937,0.626912,0.683914,0.609161,0.610508,0.613316,0.654949,0.712189,0.655221,0.648346,0.710577
3.6442,1.81899,0.627452,0.684749,0.609351,0.61075,0.614393,0.654898,0.712209,0.655535,0.648596,0.710469
3.6444,1.81807,0.626861,0.68433,0.609848,0.61125,0.615707,0.654396,0.713166,0.65576,0.649257,0.709949
3.6446,1.81693,0.62664,0.682755,0.610389,0.611966,0.616414,0.653872,0.714371,0.656666,0.650099,0.709206
3.6448,1.81582,0.627209,0.680827,0.610489,0.612764,0.616362,0.653799,0.715084,0.657804,0.650662,0.708389
3.645,1.81547,0.628006,0.679959,0.609957,0.612752,0.61628,0.654172,0.715339,0.658099,0.650853,0.708075
3.6452,1.81573,0.628287,0.680371,0.609017,0.611701,0.616451,0.654556,0.71433,0.657794,0.650629,0.708327
3.6454,1.81616,0.627444,0.681837,0.607786,0.610326,0.616537,0.654607,0.713896,0.657106,0.650571,0.708773
3.6456,1.81639,0.626292,0.683386,0.606726,0.609375,0.616885,0.654448,0.714916,0.656721,0.65096,0.70916
3.6458,1.81599,0.625918,0.683865,0.607099,0.609747,0.617023,0.654213,0.715553,0.657267,0.652362,0.709073
3.646,1.81541,0.625877,0.683341,0.609131,0.611191,0.617251,0.654048,0.714333,0.657991,0.654147,0.708724
3.6462,1.81502,0.625199,0.682793,0.611321,0.612958,0.617427,0.654066,0.712992,0.657922,0.655326,0.708487
3.6464,1.815,0.624052,0.682595,0.61204,0.613532,0.618105,0.654344,0.71418,0.657734,0.655524,0.70849
3.6466,1.81559,0.622884,0.682645,0.610871,0.612348,0.618691,0.654794,0.717524,0.65734,0.654917,0.708949
3.6468,1.81641,0.622592,0.682794,0.608748,0.61012,0.618835,0.655322,0.720049,0.656922,0.654205,0.709714
3.647,1.81689,0.623392,0.682471,0.607088,0.60834,0.618595,0.655767,0.719357,0.656929,0.654166,0.710268
3.6472,1.81716,0.625104,0.682145,0.606926,0.608294,0.618736,0.655964,0.71706,0.656994,0.655356,0.710578
3.6474,1.81785,0.626943,0.682385,0.607994,0.610202,0.619679,0.655665,0.715726,0.65735,0.65707,0.711091
3.6476,1.81901,0.627489,0.683409,0.609405,0.612336,0.620948,0.655011,0.715985,0.657464,0.65814,0.712015
3.6478,1.82014,0.626764,0.684572,0.610321,0.613334,0.621952,0.654655,0.717706,0.656997,0.658151,0.713041
3.648,1.82043,0.625628,0.684949,0.610356,0.612742,0.622409,0.654575,0.719831,0.656474,0.657316,0.713545
3.6482,1.81964,0.624634,0.684041,0.609519,0.611404,0.622381,0.655126,0.72041,0.656535,0.656711,0.713166
3.6484,1.81844,0.624213,0.68222,0.60833,0.610264,0.62174,0.656046,0.719639,0.656874,0.656641,0.712297
3.6486,1.8178,0.62455,0.680846,0.607469,0.609966,0.621184,0.656145,0.717551,0.657183,0.657932,0.711689
3.6488,1.81823,0.625446,0.681217,0.607314,0.610638,0.621525,0.654924,0.715722,0.657042,0.659402,0.711891
3.649,1.81959,0.626247,0.682678,0.607766,0.611493,0.622739,0.6526,0.715083,0.656713,0.660056,0.71288
3.6492,1.82102,0.62618,0.683993,0.608391,0.61197,0.623886,0.650491,0.716799,0.656707,0.659975,0.714135
3.6494,1.8216,0.625325,0.683743,0.608725,0.611608,0.624636,0.649268,0.718542,0.657045,0.659824,0.714842
3.6496,1.82117,0.624268,0.681881,0.608514,0.611254,0.624981,0.649166,0.718338,0.657424,0.659538,0.714727
3.6498,1.82002,0.623671,0.679465,0.607778,0.611005,0.624419,0.649453,0.717485,0.657613,0.659853,0.713978
3.65,1.81886,0.623701,0.677975,0.606825,0.610909,0.62348,0.649327,0.716859,0.65765,0.660399,0.713042
3.6502,1.81848,0.62396,0.677806,0.606048,0.611226,0.623175,0.648713,0.716841,0.657671,0.660641,0.712626
3.6504,1.81878,0.624077,0.678196,0.605747,0.611878,0.623011,0.647468,0.716609,0.65787,0.660231,0.712837
3.6506,1.81871,0.623863,0.678654,0.605844,0.612392,0.622361,0.646018,0.716879,0.658174,0.659522,0.712993
3.6508,1.8178,0.623214,0.67883,0.605797,0.612497,0.621299,0.645278,0.717109,0.658479,0.659675,0.712485
3.651,1.81645,0.622044,0.678593,0.60561,0.612334,0.620152,0.645208,0.717312,0.658394,0.660439,0.711552
3.6512,1.81504,0.620563,0.677822,0.605334,0.612212,0.619256,0.645378,0.716628,0.658074,0.661177,0.710468
3.6514,1.81438,0.619656,0.677319,0.605013,0.612371,0.61887,0.645406,0.714941,0.658578,0.661359,0.70985
3.6516,1.81428,0.619196,0.677144,0.604566,0.613461,0.619019,0.64513,0.714904,0.659525,0.660756,0.709815
3.6518,1.81369,0.619227,0.677486,0.603763,0.614988,0.619412,0.644767,0.717857,0.660328,0.659895,0.709604
3.652,1.81219,0.619585,0.677742,0.602637,0.615939,0.619675,0.644691,0.72071,0.660547,0.659663,0.708675
3.6522,1.81005,0.619746,0.67811,0.601609,0.616057,0.619591,0.645055,0.722204,0.660692,0.660254,0.707199
3.6524,1.80778,0.618752,0.678343,0.600983,0.615262,0.619181,0.645715,0.721437,0.660841,0.660975,0.705477
3.6526,1.80643,0.61688,0.678299,0.600658,0.613425,0.618748,0.646405,0.719672,0.661596,0.66104,0.704328
3.6528,1.80568,0.61492,0.677998,0.600589,0.611457,0.618555,0.646646,0.720942,0.662375,0.660463,0.703829
3.653,1.80513,0.614077,0.67758,0.600589,0.610575,0.618788,0.64642,0.723745,0.66275,0.659809,0.703494
3.6532,1.80435,0.614664,0.677569,0.600642,0.610748,0.619503,0.646555,0.725483,0.661947,0.659828,0.703135
3.6534,1.80265,0.616326,0.678098,0.600325,0.611353,0.620509,0.647303,0.726485,0.660535,0.660822,0.702133
3.6536,1.80032,0.617846,0.678485,0.59954,0.611452,0.620903,0.648198,0.727195,0.659972,0.661842,0.700524
3.6538,1.79817,0.617996,0.678396,0.59868,0.611047,0.620489,0.648667,0.727628,0.660477,0.66178,0.698929
3.654,1.79663,0.616938,0.678247,0.598147,0.61027,0.619501,0.648502,0.727764,0.661731,0.660756,0.697745
3.6542,1.79603,0.615851,0.678009,0.598097,0.609657,0.618501,0.648125,0.727081,0.662857,0.659063,0.697283
3.6544,1.79602,0.61533,0.677697,0.59839,0.609637,0.617996,0.648283,0.726289,0.663312,0.657908,0.697403
3.6546,1.79601,0.616349,0.677378,0.598758,0.609953,0.618127,0.64923,0.72695,0.663027,0.658418,0.697609
3.6548,1.79573,0.617927,0.677171,0.598977,0.610238,0.618583,0.650739,0.729617,0.662333,0.660136,0.697648
3.655,1.79497,0.618572,0.677251,0.598933,0.610351,0.618867,0.652262,0.731214,0.661839,0.662185,0.697331
3.6552,1.79394,0.618027,0.677447,0.598664,0.610317,0.618668,0.653095,0.730164,0.662254,0.663063,0.696729
3.6554,1.79291,0.616758,0.677567,0.59828,0.610172,0.617964,0.653405,0.727947,0.663427,0.661528,0.696099
3.6556,1.79222,0.615975,0.677339,0.597911,0.609897,0.616936,0.653266,0.726237,0.66488,0.658773,0.695631
3.6558,1.79305,0.615963,0.677189,0.597915,0.609608,0.615997,0.652645,0.727185,0.665392,0.657049,0.696164
3.656,1.79466,0.616884,0.676589,0.598402,0.609446,0.615614,0.651861,0.730419,0.664354,0.65713,0.697531
3.6562,1.79612,0.617758,0.67558,0.599303,0.609671,0.615821,0.651155,0.732458,0.662817,0.658572,0.698982
3.6564,1.7962,0.618483,0.675123,0.600296,0.610395,0.615892,0.650776,0.730271,0.662172,0.660019,0.699509
3.6566,1.79495,0.6185,0.675344,0.600986,0.611199,0.61556,0.650744,0.727187,0.663068,0.660246,0.69885
3.6568,1.79377,0.618056,0.676139,0.60135,0.611565,0.614956,0.651013,0.725489,0.664673,0.659415,0.698015
3.657,1.79331,0.617226,0.676829,0.601608,0.61169,0.614582,0.651207,0.724768,0.66547,0.658699,0.697594
3.6572,1.7942,0.617308,0.677224,0.601545,0.61204,0.614222,0.650691,0.72545,0.664093,0.659104,0.698207
3.6574,1.79592,0.618547,0.67704,0.601484,0.612786,0.614205,0.649393,0.726807,0.661154,0.660417,0.699609
3.6576,1.79728,0.620053,0.676492,0.601448,0.613781,0.614388,0.648088,0.727338,0.658646,0.662388,0.701014
3.6578,1.79743,0.620793,0.676041,0.601924,0.61449,0.613932,0.647511,0.726832,0.658155,0.664045,0.701436
3.658,1.7972,0.620559,0.675969,0.603069,0.614814,0.61385,0.647899,0.726212,0.659632,0.664426,0.70139
3.6582,1.7973,0.620241,0.676066,0.604014,0.614486,0.614712,0.648282,0.725141,0.662355,0.664125,0.701508
3.6584,1.79801,0.620967,0.67616,0.604126,0.613703,0.615188,0.647695,0.724295,0.664911,0.665089,0.702009
3.6586,1.7993,0.622019,0.67607,0.603417,0.612955,0.6153,0.646442,0.724908,0.665572,0.667513,0.703093
3.6588,1.80012,0.622853,0.675632,0.60239,0.612628,0.615452,0.645216,0.726435,0.663083,0.669207,0.704002
3.659,1.80029,0.623204,0.675421,0.60182,0.612573,0.615091,0.644664,0.727674,0.659256,0.669254,0.704279
3.6592,1.80052,0.622722,0.67524,0.602317,0.613397,0.613918,0.644373,0.727806,0.656841,0.667501,0.704532
3.6594,1.80106,0.622436,0.675073,0.603637,0.615628,0.613587,0.644039,0.725636,0.656722,0.664743,0.704894
3.6596,1.80288,0.623468,0.674361,0.605543,0.617502,0.614564,0.643639,0.72325,0.657775,0.662608,0.706116
3.6598,1.80562,0.625623,0.673034,0.606831,0.617515,0.615776,0.643224,0.722777,0.658334,0.662905,0.70826
3.66,1.80799,0.627242,0.671289,0.606712,0.616009,0.616343,0.642975,0.723655,0.658003,0.665355,0.710255
3.6602,1.80963,0.627915,0.670128,0.605753,0.614038,0.616244,0.643067,0.725302,0.657109,0.667892,0.711753
3.6604,1.80995,0.627282,0.670038,0.604633,0.612938,0.615873,0.643503,0.727149,0.656707,0.668394,0.712295
3.6606,1.80936,0.626028,0.670625,0.604295,0.613884,0.615539,0.644112,0.7271,0.65737,0.665964,0.711902
3.6608,1.80905,0.625359,0.670666,0.60527,0.616095,0.615503,0.644721,0.725437,0.658952,0.662247,0.711565
3.661,1.80959,0.626434,0.670023,0.606912,0.617971,0.615792,0.645261,0.724267,0.660504,0.660031,0.711805
3.6612,1.81102,0.62843,0.669125,0.608217,0.618676,0.616104,0.645677,0.725204,0.661492,0.66166,0.712773
3.6614,1.81283,0.629201,0.667859,0.608229,0.617725,0.616608,0.646136,0.727213,0.661597,0.665818,0.714191
3.6616,1.81411,0.627238,0.666892,0.606966,0.615725,0.617559,0.646782,0.727979,0.661049,0.669761,0.71531
3.6618,1.81454,0.623537,0.666746,0.605303,0.613792,0.619262,0.647642,0.727825,0.660361,0.670569,0.715794
3.662,1.81447,0.620699,0.666873,0.604517,0.613177,0.620619,0.647999,0.727749,0.660398,0.667915,0.715733
3.6622,1.81474,0.620094,0.666707,0.605495,0.614139,0.62108,0.647819,0.727638,0.661238,0.664381,0.715812
3.6624,1.81568,0.621404,0.665833,0.607131,0.615691,0.62055,0.647261,0.727681,0.662461,0.662938,0.71637
3.6626,1.81729,0.624361,0.664591,0.608012,0.617137,0.619523,0.646818,0.727344,0.663025,0.664268,0.717481
3.6628,1.81902,0.627099,0.663725,0.607638,0.61739,0.618778,0.646835,0.726429,0.66272,0.667568,0.718833
3.663,1.82007,0.627743,0.663623,0.606595,0.616129,0.618885,0.64732,0.726164,0.661999,0.670907,0.719758
3.6632,1.82053,0.626052,0.664167,0.60568,0.614529,0.619794,0.648017,0.725863,0.661408,0.672471,0.720117
3.6634,1.82078,0.624032,0.664876,0.605437,0.613448,0.621028,0.648602,0.725506,0.661941,0.672125,0.720263
3.6636,1.82103,0.623261,0.665186,0.605905,0.613539,0.62168,0.648999,0.725778,0.663657,0.670723,0.720379
3.6638,1.82162,0.623976,0.664892,0.606435,0.614404,0.621666,0.649182,0.725215,0.6648,0.669272,0.720666
3.664,1.82232,0.625579,0.664176,0.606603,0.61517,0.621363,0.649059,0.724332,0.664577,0.66883,0.721186
3.6642,1.8226,0.62644,0.663662,0.606491,0.615241,0.62155,0.648839,0.723958,0.664423,0.669474,0.721417
3.6644,1.82267,0.625778,0.664038,0.606429,0.614217,0.622293,0.648824,0.723475,0.664813,0.67013,0.721386
3.6646,1.82269,0.624759,0.665068,0.606561,0.612914,0.623086,0.649486,0.724069,0.665572,0.669844,0.721352
3.6648,1.82259,0.62448,0.666132,0.606795,0.612626,0.623724,0.649972,0.726109,0.666315,0.668786,0.721203
3.665,1.82248,0.624776,0.666703,0.607007,0.61317,0.623815,0.649786,0.727715,0.666443,0.667338,0.721039
3.6652,1.82246,0.625078,0.666388,0.607009,0.613894,0.623818,0.648811,0.728866,0.665695,0.665804,0.720934
3.6654,1.82233,0.624875,0.665512,0.606717,0.613897,0.624461,0.647851,0.728039,0.664934,0.664485,0.720773
3.6656,1.82262,0.623829,0.664751,0.606531,0.613062,0.625587,0.647361,0.725295,0.665009,0.663253,0.720786
3.6658,1.82359,0.622468,0.664594,0.606844,0.611914,0.626406,0.647026,0.722741,0.665801,0.662049,0.721408
3.666,1.82409,0.621872,0.665064,0.607412,0.611941,0.627188,0.647004,0.722034,0.667282,0.660999,0.721909
3.6662,1.82385,0.622408,0.66583,0.607672,0.613588,0.627518,0.646751,0.723425,0.668387,0.660258,0.721724
3.6664,1.82352,0.623399,0.666269,0.607349,0.615442,0.627712,0.64694,0.724855,0.668777,0.659838,0.72138
3.6666,1.82357,0.623947,0.66618,0.606484,0.616091,0.628222,0.647512,0.72488,0.668391,0.659375,0.721234
3.6668,1.8243,0.623625,0.666156,0.605425,0.614938,0.62865,0.648534,0.723851,0.668363,0.658463,0.721615
3.667,1.82473,0.62237,0.666308,0.604883,0.613057,0.628624,0.649399,0.723319,0.669084,0.65698,0.722039
3.6672,1.82445,0.620699,0.666725,0.604933,0.612039,0.628572,0.649438,0.723188,0.669895,0.654802,0.721847
3.6674,1.82372,0.619862,0.667464,0.605301,0.612883,0.62887,0.649098,0.724023,0.670487,0.652682,0.721315
3.6676,1.82289,0.620227,0.668015,0.605393,0.614886,0.629428,0.649222,0.72528,0.670682,0.651626,0.720552
3.6678,1.82235,0.620877,0.668083,0.604979,0.616652,0.630191,0.649516,0.725313,0.670245,0.651614,0.720066
3.668,1.82134,0.62076,0.667492,0.603753,0.617084,0.630981,0.64961,0.724738,0.669863,0.651799,0.719331
3.6682,1.82006,0.619195,0.66703,0.602213,0.615909,0.631379,0.649536,0.723713,0.670439,0.651327,0.718329
3.6684,1.81802,0.617122,0.6677,0.601036,0.614213,0.631258,0.649647,0.722657,0.672257,0.64996,0.716886
3.6686,1.8155,0.615892,0.669599,0.600798,0.613232,0.630884,0.649766,0.722404,0.674365,0.648141,0.714898
3.6688,1.81337,0.615684,0.67154,0.60104,0.614057,0.630671,0.650055,0.7226,0.67536,0.646756,0.713141
3.669,1.81159,0.616118,0.671918,0.601746,0.616182,0.630761,0.650206,0.722966,0.674782,0.646486,0.711685
3.6692,1.81042,0.616511,0.67134,0.602436,0.618379,0.630983,0.650575,0.723506,0.673506,0.647161,0.71066
3.6694,1.80975,0.61569,0.670683,0.602053,0.619079,0.63093,0.650995,0.723302,0.672617,0.648016,0.710126
3.6696,1.80899,0.613715,0.670416,0.600631,0.618116,0.630423,0.651816,0.723527,0.673019,0.648133,0.709606
3.6698,1.80829,0.61148,0.671373,0.598998,0.616664,0.629701,0.652492,0.723498,0.674686,0.647257,0.709077
3.67,1.80727,0.61017,0.673071,0.597974,0.615774,0.629289,0.652609,0.722908,0.676107,0.64628,0.708475
3.6702,1.80536,0.610517,0.674097,0.597736,0.616216,0.629313,0.652009,0.723158,0.676343,0.646144,0.707177
3.6704,1.80333,0.611426,0.674006,0.597989,0.618069,0.629593,0.651688,0.723555,0.675709,0.646585,0.705627
3.6706,1.8015,0.611516,0.673286,0.598184,0.620455,0.629551,0.651993,0.723273,0.674978,0.646957,0.704244
3.6708,1.80006,0.61059,0.672925,0.59801,0.62173,0.628865,0.652488,0.722716,0.674568,0.646708,0.703097
3.671,1.79938,0.609151,0.673186,0.59764,0.621095,0.627801,0.653054,0.723145,0.674964,0.645826,0.702531
3.6712,1.79898,0.607815,0.673579,0.597414,0.619335,0.626944,0.653138,0.724101,0.675687,0.644941,0.702332
3.6714,1.79851,0.607084,0.673654,0.597429,0.618379,0.626593,0.652726,0.724041,0.676405,0.644661,0.702082
3.6716,1.79804,0.607113,0.673339,0.597552,0.618982,0.626601,0.65284,0.723538,0.676523,0.645044,0.701836
3.6718,1.79743,0.607627,0.672991,0.597654,0.620692,0.626584,0.653449,0.723933,0.676738,0.645783,0.701516
3.672,1.79672,0.60808,0.672851,0.597656,0.622369,0.626176,0.654375,0.724927,0.677462,0.646348,0.701077
3.6722,1.7962,0.607934,0.673263,0.597377,0.622938,0.625216,0.654669,0.725634,0.678066,0.646183,0.70071
3.6724,1.79655,0.607318,0.673812,0.597418,0.62227,0.624137,0.654585,0.72551,0.677575,0.645327,0.700916
3.6726,1.79758,0.606732,0.673623,0.598222,0.620913,0.623436,0.654262,0.724102,0.676359,0.644387,0.701752
3.6728,1.79902,0.606476,0.672344,0.59928,0.619789,0.622813,0.653614,0.72349,0.675531,0.643948,0.702927
3.673,1.8001,0.606716,0.67016,0.599693,0.619497,0.621942,0.653352,0.723598,0.675274,0.644246,0.704035
3.6732,1.79964,0.60759,0.66861,0.599179,0.619922,0.621086,0.654212,0.72339,0.675549,0.64496,0.704112
3.6734,1.79812,0.60906,0.669353,0.598396,0.620753,0.621159,0.655682,0.723247,0.676415,0.645504,0.703124
3.6736,1.79622,0.610196,0.671032,0.598598,0.621066,0.621865,0.656096,0.723025,0.677794,0.646598,0.701794
3.6738,1.79452,0.610584,0.671791,0.599367,0.620697,0.622031,0.655156,0.721807,0.678199,0.647959,0.700436
3.674,1.79402,0.610321,0.670776,0.600189,0.620622,0.620857,0.653934,0.720127,0.677,0.648557,0.699947
3.6742,1.79386,0.60997,0.66788,0.600602,0.62144,0.618248,0.653465,0.719546,0.675696,0.648501,0.699919
3.6744,1.79409,0.610211,0.665622,0.600859,0.622442,0.615682,0.654368,0.720917,0.675233,0.647664,0.700145
3.6746,1.79408,0.611243,0.666623,0.601086,0.623174,0.61407,0.65573,0.722536,0.676095,0.647587,0.700281
3.6748,1.79518,0.612513,0.669455,0.60129,0.623701,0.61459,0.657,0.722731,0.67763,0.649213,0.700963
3.675,1.79718,0.613426,0.671085,0.601543,0.623759,0.616641,0.657986,0.721661,0.677953,0.651588,0.702594
3.6752,1.79866,0.613747,0.669935,0.601814,0.623731,0.618349,0.658403,0.71992,0.677052,0.653473,0.703981
3.6754,1.79918,0.61348,0.66664,0.602211,0.624087,0.618813,0.657886,0.719165,0.675751,0.653951,0.704699
3.6756,1.79832,0.613194,0.66349,0.602708,0.62466,0.618211,0.657063,0.719984,0.674797,0.653011,0.704335
3.6758,1.79708,0.613476,0.662258,0.603335,0.625406,0.616908,0.656929,0.721616,0.674735,0.651792,0.70341
3.676,1.79598,0.614197,0.66349,0.603686,0.625703,0.615766,0.657195,0.722774,0.675099,0.651348,0.702623
3.6762,1.79541,0.614682,0.66593,0.603607,0.625298,0.615771,0.657605,0.722528,0.675594,0.652168,0.702064
3.6764,1.79644,0.614865,0.668046,0.603351,0.624954,0.616636,0.657772,0.721023,0.675178,0.654398,0.702632
3.6766,1.79839,0.616416,0.669038,0.603329,0.625447,0.617676,0.657281,0.719566,0.673843,0.657116,0.704175
3.6768,1.80008,0.619427,0.668645,0.604265,0.626457,0.618254,0.656863,0.719217,0.671901,0.658654,0.705639
3.677,1.80146,0.621839,0.667735,0.605985,0.626749,0.618025,0.65699,0.71924,0.670114,0.658412,0.706858
3.6772,1.80197,0.622736,0.667536,0.607269,0.626755,0.617215,0.657579,0.719344,0.669011,0.657687,0.707492
3.6774,1.80196,0.621924,0.667972,0.607408,0.626543,0.616474,0.658315,0.719233,0.668265,0.657394,0.707553
3.6776,1.80221,0.620336,0.668707,0.607012,0.626473,0.616523,0.658903,0.718833,0.666625,0.658001,0.707691
3.6778,1.80318,0.619524,0.668998,0.606935,0.626737,0.617391,0.659111,0.718569,0.665026,0.659677,0.708295
3.678,1.80515,0.620187,0.668624,0.607769,0.626517,0.618314,0.658531,0.718669,0.664626,0.661261,0.709705
3.6782,1.80717,0.621593,0.668119,0.609054,0.625537,0.618742,0.657685,0.71886,0.665367,0.661985,0.711397
3.6784,1.80794,0.623061,0.668288,0.609755,0.624377,0.61857,0.657507,0.718998,0.666586,0.66213,0.71228
3.6786,1.80748,0.623334,0.668688,0.609639,0.623869,0.61806,0.65815,0.719544,0.667271,0.661921,0.712108
3.6788,1.80633,0.622528,0.668713,0.609028,0.62415,0.617573,0.659369,0.719043,0.666585,0.661915,0.711282
3.679,1.80591,0.621568,0.668338,0.60839,0.624724,0.61741,0.660724,0.717111,0.665378,0.661914,0.710617
3.6792,1.8076,0.621818,0.668074,0.607987,0.625361,0.617742,0.661457,0.715716,0.664357,0.661921,0.711545
3.6794,1.81048,0.623486,0.668011,0.60815,0.625662,0.61817,0.661223,0.715296,0.664968,0.6619,0.713668
3.6796,1.81329,0.625346,0.668349,0.609197,0.625003,0.618466,0.660468,0.715416,0.666892,0.661836,0.715964
3.6798,1.81432,0.625993,0.668734,0.610409,0.624126,0.618545,0.659894,0.716398,0.66892,0.662071,0.717155
3.68,1.81365,0.624887,0.668833,0.611171,0.623555,0.618471,0.660206,0.716441,0.669426,0.662275,0.716813
3.6802,1.81226,0.623528,0.668626,0.610855,0.623443,0.618306,0.660826,0.715483,0.668226,0.662681,0.715739
3.6804,1.81159,0.622623,0.668214,0.609934,0.623871,0.618114,0.66134,0.713386,0.666427,0.66265,0.714913
3.6806,1.81258,0.622821,0.667729,0.608951,0.624199,0.617986,0.661126,0.711827,0.665576,0.66201,0.715341
3.6808,1.81433,0.623106,0.667303,0.609197,0.62428,0.617859,0.660555,0.712075,0.666563,0.661821,0.71661
3.681,1.81592,0.622843,0.667164,0.610582,0.623947,0.61802,0.659735,0.71336,0.668654,0.662407,0.7179
3.6812,1.81649,0.622018,0.667434,0.611773,0.623054,0.61844,0.659182,0.713167,0.669694,0.663391,0.718527
3.6814,1.81583,0.621188,0.667883,0.611678,0.621699,0.618462,0.659235,0.711508,0.668972,0.663855,0.718146
3.6816,1.81471,0.621381,0.667811,0.610411,0.62071,0.618202,0.660357,0.709408,0.668021,0.663315,0.717227
3.6818,1.81413,0.622734,0.667015,0.608849,0.620455,0.617316,0.661604,0.70857,0.667719,0.662302,0.71652
3.682,1.81501,0.623926,0.665552,0.60808,0.62045,0.615818,0.661955,0.709307,0.668013,0.661322,0.71689
3.6822,1.81666,0.624129,0.663769,0.608231,0.620602,0.614493,0.661441,0.710213,0.668415,0.66098,0.718017
3.6824,1.81848,0.623197,0.662599,0.609413,0.620573,0.614003,0.660626,0.710576,0.668482,0.661442,0.719412
3.6826,1.81919,0.621722,0.662104,0.6106,0.620198,0.614507,0.660655,0.709729,0.668134,0.662261,0.720209
3.6828,1.8182,0.620496,0.662125,0.610665,0.620106,0.614842,0.660945,0.708472,0.667644,0.662843,0.719637
3.683,1.81665,0.620407,0.662124,0.610101,0.620029,0.61455,0.661177,0.70693,0.667471,0.662848,0.718357
3.6832,1.81589,0.620912,0.661407,0.609447,0.620146,0.613622,0.661351,0.706204,0.667817,0.662042,0.717455
3.6834,1.81655,0.621582,0.659786,0.608811,0.620022,0.612478,0.661829,0.706721,0.668389,0.660996,0.717645
3.6836,1.81789,0.621873,0.657924,0.608746,0.619484,0.61123,0.662912,0.709057,0.668733,0.660702,0.71862
3.6838,1.81895,0.621652,0.656669,0.60914,0.618781,0.61029,0.663982,0.712009,0.669186,0.661097,0.719462
3.684,1.81926,0.620983,0.656357,0.609465,0.618128,0.610221,0.664355,0.71403,0.669651,0.661959,0.719809
3.6842,1.8189,0.620177,0.656475,0.609583,0.618027,0.610792,0.664276,0.713551,0.669917,0.66251,0.719558
3.6844,1.81824,0.619823,0.656403,0.609316,0.618213,0.6116,0.663722,0.712368,0.670011,0.661987,0.718984
3.6846,1.81778,0.619744,0.655795,0.608807,0.61849,0.611879,0.663198,0.712074,0.669714,0.661068,0.71852
3.6848,1.81746,0.619555,0.654901,0.608273,0.61842,0.611369,0.663138,0.712013,0.669446,0.660425,0.71817
3.685,1.8175,0.6195,0.654319,0.607903,0.618444,0.61036,0.663412,0.712755,0.669381,0.660252,0.718086
3.6852,1.81738,0.619793,0.65432,0.607774,0.618424,0.609487,0.663792,0.7147,0.669722,0.660912,0.71803
3.6854,1.81669,0.62001,0.654769,0.607754,0.618374,0.609344,0.664026,0.71494,0.670317,0.661473,0.717511
3.6856,1.8162,0.619726,0.655322,0.607599,0.618524,0.610011,0.663628,0.714807,0.670798,0.661291,0.717024
3.6858,1.81589,0.619109,0.655566,0.60731,0.618948,0.610959,0.662952,0.716575,0.671273,0.660703,0.716702
3.686,1.81574,0.618642,0.655372,0.607013,0.618924,0.611484,0.663053,0.719322,0.671176,0.65965,0.71654
3.6862,1.81525,0.617996,0.654922,0.60691,0.618799,0.611131,0.664336,0.720104,0.670419,0.658561,0.716228
3.6864,1.81399,0.617352,0.654625,0.60732,0.618958,0.610209,0.665748,0.71757,0.669355,0.658055,0.715358
3.6866,1.81245,0.617128,0.654884,0.607721,0.618963,0.609789,0.666801,0.713742,0.668904,0.658241,0.714132
3.6868,1.81089,0.617163,0.655419,0.607648,0.618831,0.610103,0.666487,0.713077,0.669729,0.658531,0.712911
3.687,1.80967,0.616954,0.655687,0.607151,0.618739,0.610671,0.664844,0.715437,0.670922,0.658396,0.711792
3.6872,1.80964,0.616409,0.655726,0.606284,0.618589,0.610913,0.662873,0.716621,0.671486,0.657511,0.711587
3.6874,1.81032,0.615561,0.655484,0.60561,0.618449,0.610608,0.661776,0.715926,0.67137,0.65673,0.711993
3.6876,1.81116,0.614545,0.655141,0.605804,0.61867,0.609981,0.662445,0.714299,0.670272,0.656475,0.712762
3.6878,1.81082,0.614129,0.655039,0.606364,0.619136,0.609524,0.664058,0.712761,0.668918,0.656644,0.712739
3.688,1.80946,0.615376,0.655399,0.606642,0.619438,0.609629,0.6652,0.713313,0.668183,0.656985,0.711851
3.6882,1.80723,0.617856,0.656068,0.606153,0.619419,0.61022,0.665101,0.715199,0.668539,0.656734,0.710262
3.6884,1.8052,0.619464,0.657137,0.605205,0.61918,0.610973,0.664077,0.715291,0.669538,0.65606,0.708533
3.6886,1.80458,0.61937,0.659068,0.604465,0.619004,0.611467,0.663104,0.713943,0.66995,0.65537,0.707771
3.6888,1.80548,0.61835,0.660891,0.604354,0.618987,0.611301,0.662652,0.712184,0.669865,0.65526,0.708299
3.689,1.80664,0.61743,0.66106,0.604737,0.619269,0.610529,0.663117,0.711597,0.669201,0.655459,0.709298
3.6892,1.80659,0.617497,0.659285,0.605302,0.61994,0.609786,0.664112,0.712377,0.668114,0.655852,0.709597
3.6894,1.8054,0.618344,0.656745,0.605695,0.621016,0.609632,0.664796,0.714411,0.667603,0.65611,0.708874
3.6896,1.80369,0.619056,0.655003,0.605882,0.621714,0.6098,0.664921,0.715244,0.668183,0.655988,0.707572
3.6898,1.8029,0.618825,0.654692,0.606014,0.621754,0.609423,0.664587,0.715369,0.669379,0.655636,0.706744
3.69,1.80368,0.617748,0.655395,0.606093,0.62116,0.608772,0.664051,0.713743,0.670017,0.655149,0.707071
3.6902,1.80605,0.616389,0.656127,0.606121,0.620421,0.608246,0.663381,0.711168,0.669394,0.654643,0.70876
3.6904,1.80831,0.616035,0.655713,0.606244,0.620263,0.607655,0.663186,0.711303,0.668459,0.654349,0.710713
3.6906,1.80918,0.617334,0.653945,0.606666,0.620716,0.607139,0.663318,0.715486,0.667017,0.654702,0.711741
3.6908,1.8082,0.619398,0.651589,0.607175,0.621524,0.607004,0.663669,0.719101,0.665149,0.65608,0.711329
3.691,1.80629,0.620928,0.650273,0.607643,0.622826,0.606753,0.66455,0.718662,0.663867,0.65748,0.709878
3.6912,1.80559,0.621496,0.650699,0.607929,0.624234,0.606252,0.665546,0.714609,0.663751,0.658551,0.70896
3.6914,1.80725,0.620662,0.652317,0.607886,0.625516,0.6064,0.66601,0.712405,0.664286,0.658935,0.709866
3.6916,1.81013,0.61985,0.654076,0.607869,0.625892,0.607857,0.665493,0.71351,0.664298,0.659089,0.712051
3.6918,1.81231,0.620648,0.654595,0.608016,0.624956,0.608872,0.66451,0.715385,0.663197,0.659278,0.714003
3.692,1.81265,0.622654,0.65385,0.608475,0.623237,0.608684,0.664206,0.716654,0.661529,0.659563,0.714678
3.6922,1.81125,0.624477,0.652362,0.60891,0.621734,0.608157,0.664663,0.716426,0.659553,0.659851,0.713781
3.6924,1.80976,0.624879,0.650789,0.609264,0.621695,0.607651,0.665003,0.714713,0.657945,0.660491,0.712478
3.6926,1.81001,0.623696,0.650071,0.609223,0.623319,0.607459,0.664729,0.71352,0.657194,0.661921,0.712227
3.6928,1.81224,0.622203,0.650213,0.609234,0.625074,0.608153,0.664428,0.713427,0.656946,0.663205,0.713659
3.693,1.81506,0.621855,0.650674,0.60982,0.62619,0.609957,0.664466,0.713667,0.657583,0.664067,0.715883
3.6932,1.81689,0.623632,0.650875,0.611238,0.626068,0.611416,0.664232,0.714651,0.659656,0.664938,0.717548
3.6934,1.8169,0.626182,0.650651,0.61291,0.624916,0.611634,0.663963,0.714928,0.661465,0.665587,0.717881
3.6936,1.81533,0.627683,0.650477,0.613796,0.623498,0.610799,0.663343,0.713637,0.661473,0.665803,0.716838
3.6938,1.81361,0.627329,0.650711,0.61328,0.622187,0.609761,0.662663,0.711891,0.660071,0.665743,0.715361
3.694,1.81291,0.625691,0.651204,0.611721,0.621974,0.609219,0.661908,0.710735,0.659009,0.665586,0.714542
3.6942,1.81373,0.624218,0.651736,0.610059,0.622811,0.609902,0.661773,0.710745,0.659103,0.665527,0.714843
3.6944,1.81568,0.62414,0.651984,0.609117,0.623128,0.611374,0.662097,0.712379,0.660635,0.666054,0.716236
3.6946,1.81712,0.625645,0.651737,0.609563,0.62286,0.612273,0.662445,0.712611,0.662077,0.667138,0.717539
3.6948,1.81738,0.627538,0.651747,0.610599,0.622286,0.612528,0.662453,0.711181,0.662474,0.66786,0.717884
3.695,1.8172,0.628377,0.65259,0.611251,0.62173,0.612445,0.662314,0.708412,0.661693,0.667528,0.717739
3.6952,1.81721,0.62742,0.653826,0.610689,0.620979,0.611978,0.661936,0.706287,0.660945,0.665902,0.717598
3.6954,1.81807,0.625449,0.654749,0.609427,0.61974,0.611284,0.661835,0.707566,0.661212,0.664037,0.718049
3.6956,1.81933,0.624122,0.655144,0.608406,0.618166,0.610969,0.662076,0.710605,0.662025,0.66278,0.718991
3.6958,1.82014,0.62493,0.654889,0.608425,0.616977,0.611776,0.662654,0.712004,0.662682,0.664137,0.719672
3.696,1.82051,0.626926,0.654592,0.609063,0.616978,0.61345,0.663114,0.711647,0.662613,0.666685,0.719965
3.6962,1.8206,0.627999,0.654983,0.609493,0.618039,0.61525,0.663063,0.710212,0.661802,0.668419,0.720015
3.6964,1.82083,0.627101,0.6563,0.609262,0.619386,0.616367,0.662471,0.709042,0.661192,0.668277,0.720041
3.6966,1.82187,0.624808,0.65811,0.608486,0.619994,0.616432,0.661865,0.710116,0.661575,0.665387,0.720614
3.6968,1.8234,0.622923,0.659589,0.607633,0.619326,0.616055,0.661964,0.712929,0.662879,0.661371,0.72171
3.697,1.82474,0.622189,0.660152,0.607127,0.617878,0.615706,0.662687,0.715206,0.664424,0.658234,0.72275
3.6972,1.82536,0.622754,0.659797,0.606804,0.61684,0.616094,0.663494,0.715862,0.665352,0.657286,0.723319
3.6974,1.82496,0.623729,0.659035,0.606167,0.617217,0.617633,0.66392,0.715258,0.665454,0.658933,0.723108
3.6976,1.82414,0.624061,0.658743,0.605025,0.618856,0.61956,0.664012,0.7142,0.66526,0.661434,0.722344
3.6978,1.82418,0.62274,0.659448,0.604096,0.620874,0.620687,0.663695,0.713858,0.66578,0.66263,0.722113
3.698,1.82477,0.62042,0.660705,0.603837,0.622712,0.620684,0.663448,0.715112,0.666617,0.661225,0.722398
3.6982,1.8257,0.618629,0.661614,0.60419,0.623145,0.620042,0.663369,0.717034,0.667262,0.657878,0.723031
3.6984,1.82604,0.617961,0.661175,0.604617,0.621948,0.619377,0.663376,0.718608,0.667535,0.654768,0.723387
3.6986,1.82523,0.61809,0.659555,0.604714,0.620396,0.619184,0.663389,0.719633,0.667581,0.65342,0.722879
3.6988,1.82409,0.618377,0.657597,0.604434,0.619528,0.619645,0.663856,0.717686,0.66761,0.653997,0.721877
3.699,1.82307,0.618107,0.656777,0.603984,0.61976,0.620492,0.664097,0.714622,0.667772,0.655462,0.721001
3.6992,1.82216,0.617269,0.657664,0.603672,0.621133,0.621369,0.664126,0.712729,0.668615,0.656376,0.720174
3.6994,1.82144,0.616515,0.659527,0.603675,0.623148,0.621944,0.663701,0.712862,0.670023,0.655964,0.719551
3.6996,1.82022,0.616362,0.660371,0.603885,0.624541,0.622112,0.663626,0.714997,0.671235,0.654684,0.718679
3.6998,1.8186,0.616771,0.659575,0.603967,0.624383,0.621875,0.66425,0.716928,0.672108,0.653464,0.717403
3.7,1.81699,0.617335,0.657454,0.603698,0.62333,0.621387,0.664664,0.716951,0.67187,0.65295,0.716117
3.7002,1.81519,0.61763,0.655904,0.603524,0.62225,0.620927,0.664659,0.714516,0.670603,0.653175,0.714713
3.7004,1.81373,0.617239,0.65602,0.603741,0.622086,0.62086,0.664083,0.71076,0.670179,0.653732,0.713477
3.7006,1.81245,0.616246,0.657077,0.604102,0.622823,0.621125,0.663264,0.709556,0.6709,0.654198,0.712476
3.7008,1.81122,0.616012,0.657633,0.604411,0.624086,0.621361,0.662561,0.710953,0.671759,0.654516,0.711509
3.701,1.81007,0.617038,0.657155,0.60453,0.624747,0.620996,0.662495,0.711535,0.672507,0.654718,0.71064
3.7012,1.80878,0.618668,0.656022,0.604419,0.624667,0.619743,0.663041,0.708747,0.672823,0.654748,0.709702
3.7014,1.80746,0.619582,0.654856,0.604251,0.624075,0.618285,0.663931,0.704114,0.672494,0.654584,0.708697
3.7016,1.80628,0.61882,0.654199,0.604157,0.6234,0.617253,0.664375,0.700591,0.671773,0.654318,0.7078
3.7018,1.80533,0.617127,0.654243,0.604282,0.622931,0.616824,0.663789,0.699212,0.671458,0.654049,0.707069
3.702,1.8047,0.615963,0.654808,0.60456,0.622741,0.616544,0.663087,0.698868,0.672012,0.654022,0.706579
3.7022,1.8043,0.61623,0.65546,0.60478,0.623264,0.616406,0.662945,0.698309,0.672976,0.654472,0.706307
3.7024,1.804,0.617676,0.655836,0.604735,0.623935,0.61578,0.663159,0.697114,0.673554,0.655169,0.706154
3.7026,1.80338,0.61886,0.655889,0.604269,0.624436,0.61493,0.663841,0.695723,0.673079,0.655553,0.705821
3.7028,1.80252,0.618755,0.655813,0.603388,0.62435,0.613748,0.66442,0.6947,0.672104,0.655295,0.705239
3.703,1.80217,0.617317,0.655654,0.602638,0.62347,0.612189,0.66429,0.694594,0.67174,0.654297,0.704896
3.7032,1.80222,0.615534,0.655605,0.602576,0.622354,0.610956,0.663822,0.695522,0.672209,0.652929,0.705009
3.7034,1.80195,0.614751,0.655892,0.602987,0.621552,0.610413,0.663811,0.696505,0.673133,0.652056,0.704987
3.7036,1.80086,0.61548,0.656259,0.603369,0.621351,0.610195,0.663996,0.696834,0.673979,0.651927,0.704396
3.7038,1.79892,0.617184,0.6563,0.603263,0.622166,0.609992,0.663972,0.697285,0.673854,0.652193,0.703101
3.704,1.79692,0.618443,0.656009,0.602826,0.623468,0.609658,0.663691,0.697554,0.673066,0.652127,0.701558
3.7042,1.79584,0.618412,0.65572,0.602028,0.624464,0.609138,0.663665,0.697279,0.672477,0.65096,0.700613
3.7044,1.79587,0.617251,0.655687,0.601353,0.624803,0.608512,0.664043,0.696276,0.672923,0.64906,0.700557
3.7046,1.7967,0.616161,0.656001,0.601083,0.624471,0.608032,0.664809,0.695483,0.674196,0.647022,0.701211
3.7048,1.79758,0.616033,0.656562,0.601134,0.623683,0.607951,0.666066,0.696337,0.675258,0.645709,0.702082
3.705,1.79765,0.616995,0.657116,0.6017,0.623125,0.608284,0.666755,0.697866,0.675912,0.645733,0.702432
3.7052,1.79686,0.618431,0.657895,0.601988,0.623208,0.60882,0.666395,0.69868,0.675028,0.64621,0.702051
3.7054,1.79552,0.619528,0.658761,0.601364,0.623904,0.609202,0.665699,0.698494,0.673375,0.646175,0.701192
3.7056,1.79456,0.620139,0.659313,0.600201,0.624719,0.609101,0.664943,0.698279,0.673521,0.645287,0.700313
3.7058,1.79589,0.620081,0.659038,0.599216,0.62472,0.608656,0.664635,0.699261,0.675556,0.643402,0.701002
3.706,1.79832,0.619524,0.657901,0.598904,0.624201,0.608642,0.664962,0.701674,0.678287,0.641528,0.702988
3.7062,1.79956,0.618613,0.656904,0.599035,0.623892,0.609242,0.665519,0.704006,0.679628,0.640513,0.704414
3.7064,1.79808,0.617822,0.656596,0.59919,0.623991,0.610102,0.665601,0.704577,0.679011,0.640812,0.703933
3.7066,1.79395,0.617362,0.658368,0.599101,0.62425,0.610639,0.66508,0.703344,0.677407,0.641676,0.701187
3.7068,1.79018,0.617626,0.661932,0.599296,0.624784,0.610535,0.664564,0.701362,0.676636,0.642286,0.697975
3.707,1.78986,0.618463,0.664257,0.600406,0.625525,0.610023,0.664525,0.699835,0.677781,0.642018,0.697028
3.7072,1.79364,0.620027,0.663527,0.601721,0.62635,0.609616,0.665042,0.699805,0.679613,0.641124,0.69946
3.7074,1.79843,0.621022,0.660253,0.602542,0.627341,0.609726,0.665463,0.70152,0.68055,0.640413,0.703429
3.7076,1.80083,0.620459,0.657043,0.602708,0.627717,0.610444,0.665903,0.702691,0.679883,0.640498,0.706059
3.7078,1.79858,0.618832,0.656038,0.603058,0.627676,0.61134,0.666203,0.701019,0.678202,0.641366,0.705291
3.708,1.79359,0.617396,0.657564,0.6037,0.627859,0.612188,0.66587,0.697025,0.67694,0.642578,0.701657
3.7082,1.78969,0.616566,0.660133,0.604274,0.628039,0.612706,0.665617,0.693041,0.677369,0.64387,0.698295
3.7084,1.78869,0.617081,0.661791,0.604858,0.628124,0.613136,0.665658,0.69081,0.678784,0.644632,0.696984
3.7086,1.79141,0.618898,0.662029,0.605155,0.628347,0.61302,0.666248,0.69033,0.679753,0.644808,0.698559
3.7088,1.79581,0.620914,0.662241,0.605082,0.628996,0.612148,0.66665,0.689966,0.679196,0.645086,0.70209
3.709,1.79836,0.622235,0.662395,0.605152,0.62937,0.610872,0.666544,0.688663,0.677332,0.645793,0.704669
3.7092,1.79866,0.622265,0.662185,0.605997,0.629159,0.610053,0.666072,0.687104,0.675714,0.646676,0.705371
3.7094,1.79669,0.621774,0.661552,0.606971,0.628986,0.609944,0.665929,0.684838,0.675507,0.647435,0.704312
3.7096,1.79396,0.622112,0.66112,0.60752,0.629575,0.611684,0.666444,0.682477,0.678169,0.648004,0.702163
3.7098,1.79302,0.623004,0.661469,0.607251,0.630606,0.614168,0.667232,0.680614,0.682057,0.648103,0.701065
3.71,1.79408,0.624117,0.662222,0.606509,0.630594,0.615293,0.667961,0.678973,0.683489,0.647701,0.701642
3.7102,1.7966,0.624975,0.662916,0.606063,0.629826,0.614158,0.668157,0.67772,0.681728,0.647254,0.703461
3.7104,1.79984,0.624956,0.66348,0.606391,0.628976,0.611929,0.668017,0.676885,0.678025,0.646947,0.706053
3.7106,1.80208,0.624709,0.663661,0.607171,0.628311,0.609664,0.667986,0.67611,0.675684,0.646743,0.708123
3.7108,1.80303,0.62467,0.663587,0.608217,0.627968,0.608575,0.668122,0.675256,0.675968,0.64706,0.709126
3.711,1.80267,0.625293,0.663667,0.609392,0.627845,0.61032,0.668144,0.67474,0.677957,0.64673,0.709118
3.7112,1.8014,0.626584,0.664004,0.61031,0.628073,0.614165,0.667861,0.675083,0.68031,0.645514,0.708241
3.7114,1.80035,0.627748,0.664537,0.610427,0.628547,0.617172,0.667398,0.676175,0.681543,0.644172,0.707269
3.7116,1.80086,0.628284,0.665128,0.609848,0.628562,0.617483,0.667062,0.677331,0.681326,0.64348,0.707359
3.7118,1.803,0.627374,0.66598,0.609559,0.627813,0.615309,0.667197,0.677727,0.679646,0.64383,0.708792
3.712,1.8056,0.625952,0.667112,0.610108,0.626817,0.612216,0.667658,0.677501,0.678128,0.644596,0.71083
3.7122,1.80762,0.625038,0.668057,0.610917,0.625924,0.610073,0.667908,0.67768,0.677692,0.645591,0.71264
3.7124,1.80804,0.62484,0.668559,0.611519,0.625495,0.610222,0.667391,0.677827,0.678266,0.647398,0.713187
3.7126,1.80813,0.624915,0.668387,0.611435,0.62508,0.612407,0.665895,0.677617,0.6788,0.64905,0.713253
3.7128,1.80837,0.624811,0.668005,0.610707,0.624399,0.614945,0.663878,0.678149,0.679065,0.649801,0.713346
3.713,1.80894,0.624132,0.667952,0.61057,0.623542,0.616549,0.662384,0.679633,0.678569,0.649824,0.713696
3.7132,1.80972,0.622582,0.668483,0.611235,0.622837,0.617235,0.661523,0.68161,0.677937,0.649951,0.714248
3.7134,1.81041,0.621106,0.669465,0.612128,0.621751,0.617321,0.661312,0.683428,0.677358,0.650561,0.714816
3.7136,1.81027,0.62023,0.670273,0.612276,0.620252,0.616898,0.661342,0.684847,0.677062,0.651413,0.714837
3.7138,1.80996,0.62022,0.671113,0.611523,0.618744,0.6167,0.661352,0.686528,0.677262,0.651966,0.714474
3.714,1.81067,0.620496,0.671825,0.610346,0.6175,0.617059,0.661083,0.68882,0.678281,0.65226,0.714757
3.7142,1.81184,0.620395,0.672355,0.609455,0.617786,0.617695,0.660432,0.691544,0.679638,0.652707,0.715631
3.7144,1.81289,0.6193,0.672607,0.609489,0.620436,0.618602,0.659007,0.693081,0.680274,0.653201,0.716437
3.7146,1.81337,0.618346,0.672642,0.610695,0.623367,0.619969,0.656812,0.69354,0.679866,0.653916,0.716913
3.7148,1.81265,0.618435,0.672664,0.612498,0.624386,0.621414,0.65473,0.694758,0.67866,0.654651,0.716528
3.715,1.81154,0.61899,0.673124,0.613706,0.623386,0.622106,0.653565,0.696065,0.677509,0.655283,0.715578
3.7152,1.81108,0.618916,0.673867,0.613634,0.62155,0.621766,0.653523,0.69646,0.677443,0.655883,0.714966
3.7154,1.8117,0.617974,0.674777,0.612868,0.620597,0.620873,0.654115,0.696343,0.677922,0.656116,0.71526
3.7156,1.81283,0.616529,0.67528,0.611881,0.621369,0.620227,0.654433,0.695656,0.678343,0.656003,0.715985
3.7158,1.81407,0.615226,0.675406,0.611585,0.622878,0.620462,0.653879,0.694489,0.678103,0.656427,0.716986
3.716,1.81406,0.614669,0.67501,0.611914,0.62401,0.621703,0.652617,0.694172,0.677053,0.65795,0.717241
3.7162,1.81275,0.614918,0.674425,0.612266,0.624263,0.62328,0.651372,0.694563,0.676059,0.659363,0.716296
3.7164,1.81129,0.61544,0.67389,0.612165,0.623736,0.624203,0.65085,0.69584,0.675861,0.659911,0.715089
3.7166,1.81044,0.615648,0.673489,0.611906,0.623211,0.62386,0.65123,0.695224,0.676354,0.659602,0.714181
3.7168,1.81096,0.615292,0.674036,0.611696,0.622797,0.622415,0.652049,0.691972,0.676933,0.658612,0.714288
3.717,1.81198,0.614624,0.675175,0.611386,0.622062,0.620701,0.652736,0.687847,0.676957,0.65769,0.715095
3.7172,1.81206,0.613988,0.675635,0.610853,0.621248,0.619661,0.652896,0.684957,0.676409,0.657229,0.715334
3.7174,1.81085,0.613637,0.675429,0.610054,0.62052,0.619593,0.652504,0.68457,0.675396,0.657442,0.714614
3.7176,1.80884,0.613962,0.674863,0.609519,0.619833,0.62001,0.651926,0.685513,0.674472,0.658151,0.713075
3.7178,1.80695,0.614771,0.674133,0.60941,0.619203,0.619998,0.652282,0.687505,0.674707,0.658883,0.711501
3.718,1.80627,0.615586,0.67328,0.609726,0.618429,0.619242,0.653754,0.688006,0.675538,0.658823,0.710628
3.7182,1.80691,0.615789,0.672535,0.61056,0.617159,0.618073,0.655161,0.685733,0.67625,0.658152,0.710979
3.7184,1.80795,0.615521,0.672126,0.61116,0.615678,0.616452,0.65558,0.682472,0.676125,0.657403,0.711759
3.7186,1.80863,0.615279,0.672187,0.611553,0.614191,0.614739,0.655177,0.680155,0.675663,0.657062,0.71245
3.7188,1.80762,0.615445,0.672485,0.61185,0.612874,0.613626,0.654722,0.679864,0.674611,0.65761,0.712048
3.719,1.80498,0.6161,0.672645,0.611816,0.611714,0.61292,0.654787,0.680875,0.672387,0.658421,0.710176
3.7192,1.80238,0.617011,0.672352,0.611839,0.611041,0.612368,0.655527,0.681438,0.669715,0.659056,0.708023
3.7194,1.80122,0.618257,0.671598,0.611843,0.611008,0.611784,0.656588,0.681173,0.667692,0.659226,0.70682
3.7196,1.80149,0.619369,0.671371,0.611904,0.611249,0.611471,0.657269,0.680827,0.666722,0.658981,0.706816
3.7198,1.80262,0.619772,0.6721,0.611883,0.611066,0.611964,0.657312,0.681043,0.666646,0.658728,0.707676
3.72,1.80324,0.620031,0.673082,0.611732,0.61017,0.612515,0.65699,0.682237,0.666456,0.65866,0.708373
3.7202,1.80253,0.620199,0.673382,0.611177,0.608755,0.612128,0.656542,0.683162,0.665543,0.658879,0.708087
3.7204,1.80111,0.620653,0.672918,0.61043,0.607445,0.610852,0.656271,0.683776,0.664107,0.659229,0.707093
3.7206,1.7998,0.621079,0.671746,0.609724,0.606667,0.609716,0.656638,0.685464,0.662792,0.659352,0.706019
3.7208,1.79887,0.621299,0.670637,0.609847,0.606409,0.609249,0.656974,0.687207,0.662014,0.659204,0.705286
3.721,1.79856,0.6212,0.670372,0.610984,0.606413,0.609444,0.65634,0.687687,0.661726,0.659261,0.70493
3.7212,1.79876,0.620729,0.671084,0.612391,0.606545,0.610029,0.655309,0.686721,0.661622,0.659517,0.705129
3.7214,1.79834,0.620432,0.672259,0.613119,0.606699,0.610564,0.654636,0.685348,0.661445,0.660406,0.70503
3.7216,1.79767,0.621294,0.672852,0.612941,0.606832,0.610682,0.654294,0.685289,0.661159,0.661664,0.704495
3.7218,1.79742,0.622578,0.672181,0.612456,0.606804,0.610402,0.653881,0.686679,0.660923,0.662168,0.704312
3.722,1.79721,0.623616,0.670625,0.611933,0.606511,0.610159,0.652638,0.688118,0.660931,0.661771,0.704185
3.7222,1.79763,0.624521,0.669318,0.611644,0.606177,0.610258,0.650768,0.688675,0.661278,0.660833,0.704433
3.7224,1.79813,0.624594,0.668949,0.611668,0.606144,0.610694,0.648692,0.688643,0.661779,0.660565,0.704925
3.7226,1.79824,0.62421,0.669532,0.611806,0.606299,0.611398,0.647205,0.689062,0.661825,0.661354,0.705155
3.7228,1.79775,0.62355,0.67055,0.611969,0.606706,0.612143,0.646409,0.690389,0.661575,0.662579,0.704976
3.723,1.79624,0.623015,0.671092,0.611842,0.607646,0.612426,0.646283,0.69155,0.661616,0.663384,0.704055
3.7232,1.79431,0.623162,0.670859,0.611837,0.608621,0.612143,0.646189,0.691517,0.662073,0.662943,0.702562
3.7234,1.79381,0.623945,0.670743,0.612202,0.609442,0.61211,0.646056,0.691308,0.663298,0.662112,0.701912
3.7236,1.79463,0.625024,0.671049,0.613006,0.610055,0.613004,0.645722,0.69079,0.664274,0.661611,0.702403
3.7238,1.79665,0.625692,0.671393,0.613609,0.609646,0.613971,0.645063,0.690573,0.66442,0.66174,0.703844
3.724,1.79912,0.625484,0.671274,0.613956,0.608878,0.614192,0.64435,0.690312,0.663897,0.662082,0.705842
3.7242,1.80083,0.624942,0.670946,0.614118,0.608305,0.613784,0.644108,0.689335,0.663885,0.662336,0.707466
3.7244,1.80095,0.624794,0.670912,0.614787,0.608723,0.61318,0.644545,0.688992,0.664583,0.66205,0.707901
3.7246,1.79993,0.625204,0.670945,0.616179,0.610526,0.613101,0.645335,0.688916,0.666103,0.661425,0.707286
3.7248,1.79862,0.626184,0.670983,0.617124,0.612681,0.613814,0.645971,0.687827,0.667367,0.661619,0.706263
3.725,1.79805,0.627453,0.671886,0.616572,0.613615,0.614848,0.6459,0.684487,0.66745,0.66265,0.705655
3.7252,1.79841,0.627885,0.673264,0.614838,0.613132,0.616126,0.645252,0.681102,0.666583,0.663817,0.705847
3.7254,1.79892,0.628006,0.673731,0.612597,0.611919,0.617126,0.644815,0.679613,0.66541,0.664173,0.70632
3.7256,1.79884,0.628826,0.672716,0.6113,0.610678,0.617384,0.644855,0.680671,0.664847,0.663178,0.706426
3.7258,1.79809,0.630122,0.671336,0.611591,0.610154,0.617162,0.645217,0.680874,0.665181,0.661645,0.706016
3.726,1.79654,0.631142,0.670341,0.613181,0.610725,0.616968,0.645633,0.67865,0.666048,0.66108,0.704961
3.7262,1.7954,0.631422,0.670293,0.614688,0.612191,0.617293,0.645734,0.675137,0.667117,0.661814,0.70391
3.7264,1.79541,0.630651,0.671452,0.614811,0.614044,0.618366,0.64531,0.672276,0.667783,0.663333,0.703785
3.7266,1.79614,0.629992,0.672659,0.612989,0.615432,0.61983,0.644642,0.671185,0.667524,0.664081,0.704305
3.7268,1.7969,0.630741,0.673086,0.610483,0.61569,0.621344,0.644288,0.67123,0.666845,0.66295,0.704977
3.727,1.79749,0.632266,0.671754,0.608959,0.615187,0.62206,0.644603,0.671301,0.666689,0.660125,0.705508
3.7272,1.79817,0.633396,0.669256,0.609232,0.614801,0.622248,0.645585,0.670895,0.667417,0.656991,0.706046
3.7274,1.79908,0.63365,0.66731,0.610635,0.615505,0.622433,0.646814,0.670182,0.668686,0.655191,0.706759
3.7276,1.80012,0.632946,0.667191,0.61164,0.61681,0.62261,0.647693,0.669808,0.669985,0.655248,0.707579
3.7278,1.80115,0.632321,0.668493,0.610953,0.617675,0.623011,0.647773,0.670515,0.670936,0.656518,0.708411
3.728,1.80232,0.632509,0.669796,0.609204,0.617867,0.623912,0.647461,0.672461,0.671269,0.657545,0.709303
3.7282,1.80321,0.633323,0.669629,0.607336,0.617807,0.624996,0.647507,0.674975,0.671217,0.657155,0.710113
3.7284,1.80329,0.634296,0.668163,0.606529,0.617767,0.625766,0.648035,0.67658,0.671391,0.655472,0.710297
3.7286,1.80343,0.634759,0.666211,0.607023,0.618093,0.626021,0.6487,0.67657,0.671931,0.653518,0.710279
3.7288,1.80414,0.634702,0.664872,0.608042,0.61876,0.625987,0.648884,0.676215,0.672858,0.653074,0.710756
3.729,1.80503,0.634239,0.664634,0.608483,0.619669,0.626538,0.648294,0.676831,0.674039,0.655103,0.711399
3.7292,1.80625,0.633242,0.665358,0.608043,0.620623,0.628253,0.647114,0.678564,0.674554,0.65814,0.712265
3.7294,1.80756,0.631547,0.666365,0.607484,0.621392,0.630007,0.645704,0.681067,0.673769,0.660191,0.713288
3.7296,1.80854,0.629912,0.666938,0.607146,0.621494,0.631013,0.644946,0.682914,0.672154,0.660379,0.714091
3.7298,1.80929,0.628784,0.666911,0.607033,0.621248,0.631442,0.644921,0.6839,0.670473,0.659668,0.714647
3.73,1.81022,0.629144,0.666449,0.607247,0.621121,0.631566,0.645504,0.685792,0.669741,0.659196,0.715245
3.7302,1.81161,0.630713,0.666009,0.607642,0.621289,0.631862,0.64583,0.688549,0.670352,0.659319,0.716197
3.7304,1.81287,0.631758,0.666212,0.607705,0.621672,0.631968,0.645226,0.691185,0.671789,0.6601,0.717217
3.7306,1.81302,0.630576,0.667113,0.607639,0.62192,0.631952,0.64345,0.693202,0.673186,0.661542,0.717539
3.7308,1.81176,0.627666,0.668209,0.608198,0.621843,0.632262,0.641515,0.694547,0.674132,0.663087,0.716723
3.731,1.80977,0.624486,0.669247,0.609091,0.622737,0.632598,0.640337,0.695474,0.673795,0.664267,0.71517
3.7312,1.80806,0.622868,0.670169,0.609591,0.62442,0.632718,0.640043,0.696551,0.672255,0.665389,0.713638
3.7314,1.80751,0.623715,0.670872,0.609375,0.625065,0.632165,0.640355,0.698044,0.670909,0.665987,0.712898
3.7316,1.80825,0.625762,0.671497,0.608664,0.623788,0.631241,0.640696,0.699472,0.670539,0.665658,0.713231
3.7318,1.80909,0.627222,0.672007,0.608027,0.621526,0.630583,0.640597,0.700184,0.671336,0.664796,0.713977
3.732,1.80901,0.626956,0.672382,0.607962,0.61935,0.630184,0.640126,0.699721,0.67227,0.664024,0.71404
3.7322,1.80774,0.625168,0.672738,0.608552,0.618306,0.62997,0.639653,0.69868,0.672519,0.66387,0.713308
3.7324,1.80526,0.623109,0.673323,0.609507,0.619221,0.629804,0.639633,0.698441,0.672209,0.664822,0.711447
3.7326,1.80317,0.622113,0.674395,0.610375,0.6209,0.629281,0.640293,0.698894,0.671763,0.66683,0.709666
3.7328,1.80161,0.62263,0.675641,0.610791,0.62167,0.628743,0.641483,0.699845,0.671627,0.668794,0.708369
3.733,1.80042,0.624044,0.676555,0.610568,0.620503,0.62802,0.642753,0.700735,0.672218,0.669605,0.70737
3.7332,1.79966,0.625205,0.677007,0.609771,0.617959,0.626887,0.643769,0.700866,0.673302,0.668961,0.706737
3.7334,1.79873,0.625337,0.67698,0.608913,0.615108,0.625724,0.644282,0.699139,0.674601,0.667605,0.706139
3.7336,1.79732,0.624559,0.676584,0.608554,0.613377,0.624648,0.644584,0.696034,0.675088,0.666951,0.705141
3.7338,1.79554,0.623517,0.676515,0.608855,0.613231,0.624527,0.645332,0.693576,0.674229,0.667633,0.703889
3.734,1.79325,0.622901,0.677273,0.609603,0.613958,0.625186,0.646588,0.692554,0.672749,0.669601,0.702225
3.7342,1.7911,0.623449,0.678223,0.610197,0.614481,0.625408,0.647513,0.693287,0.671647,0.671357,0.700534
3.7344,1.78954,0.624775,0.678469,0.610262,0.614012,0.624514,0.647789,0.694414,0.671561,0.671735,0.699291
3.7346,1.78848,0.625905,0.677772,0.609404,0.612665,0.623008,0.64749,0.694426,0.672662,0.670066,0.698466
3.7348,1.78802,0.626457,0.676324,0.608273,0.611148,0.621731,0.647099,0.692067,0.674179,0.667679,0.698096
3.735,1.78799,0.626528,0.674512,0.607671,0.610404,0.621025,0.64715,0.689623,0.675198,0.666845,0.698143
3.7352,1.78784,0.626515,0.673014,0.60772,0.610756,0.620908,0.64793,0.688898,0.674536,0.667796,0.698188
3.7354,1.78741,0.626529,0.672192,0.607865,0.611717,0.621191,0.649156,0.689859,0.672753,0.669709,0.698007
3.7356,1.78676,0.626691,0.671935,0.607831,0.61251,0.621422,0.65031,0.691172,0.671571,0.671537,0.697647
3.7358,1.78598,0.627025,0.671492,0.607371,0.612598,0.621327,0.651128,0.691644,0.672193,0.671791,0.697156
3.736,1.78532,0.627336,0.670495,0.60637,0.611934,0.621088,0.651427,0.691683,0.67368,0.670325,0.69672
3.7362,1.78518,0.627372,0.669023,0.60556,0.610882,0.620956,0.651222,0.691625,0.674765,0.668416,0.696588
3.7364,1.78579,0.626894,0.667722,0.60512,0.610081,0.620998,0.651011,0.692093,0.67444,0.667128,0.697035
3.7366,1.78694,0.626286,0.667177,0.604781,0.610111,0.62106,0.651371,0.693109,0.673201,0.66714,0.698017
3.7368,1.78751,0.626166,0.66692,0.604449,0.611113,0.62085,0.652116,0.693778,0.672313,0.668091,0.698765
3.737,1.78674,0.626523,0.66639,0.60407,0.612396,0.620312,0.652441,0.694716,0.672246,0.669218,0.698521
3.7372,1.78496,0.626974,0.66548,0.603724,0.613118,0.619757,0.652064,0.696305,0.67297,0.669782,0.697371
3.7374,1.7831,0.627127,0.664347,0.603567,0.612927,0.619597,0.65097,0.697457,0.674101,0.669222,0.695942
3.7376,1.78234,0.62671,0.663337,0.603682,0.612108,0.619952,0.65007,0.697491,0.674642,0.6681,0.695186
3.7378,1.7831,0.62632,0.662771,0.60403,0.611369,0.620494,0.649414,0.697784,0.674649,0.667115,0.695635
3.738,1.78482,0.625747,0.662726,0.604498,0.611304,0.620867,0.649574,0.698789,0.674378,0.666409,0.696979
3.7382,1.78652,0.624823,0.663064,0.604941,0.61206,0.620889,0.649969,0.699416,0.674439,0.666537,0.698498
3.7384,1.78723,0.62392,0.663506,0.605261,0.613264,0.620689,0.649856,0.699279,0.67471,0.667473,0.699392
3.7386,1.78665,0.62315,0.663782,0.605445,0.614256,0.620568,0.64861,0.698932,0.675021,0.668585,0.699252
3.7388,1.78535,0.622961,0.663837,0.605469,0.614469,0.620725,0.64662,0.699411,0.674944,0.669769,0.698384
3.739,1.78429,0.62512,0.663659,0.60549,0.613757,0.621051,0.644756,0.701137,0.675087,0.669864,0.697532
3.7392,1.78421,0.628133,0.663357,0.60581,0.612571,0.621357,0.643792,0.703572,0.675735,0.668598,0.697339
3.7394,1.78509,0.629167,0.663366,0.606661,0.61185,0.621557,0.643716,0.705503,0.677057,0.667292,0.698009
3.7396,1.78581,0.6272,0.663856,0.607419,0.612295,0.621414,0.644029,0.705803,0.67804,0.666503,0.698771
3.7398,1.78567,0.623617,0.664425,0.607701,0.613885,0.621085,0.644337,0.705053,0.677955,0.66643,0.698915
3.74,1.78546,0.620932,0.664679,0.607442,0.614845,0.620503,0.644141,0.704226,0.677233,0.667138,0.698725
3.7402,1.78591,0.620587,0.664493,0.607039,0.613997,0.620798,0.643455,0.704149,0.676791,0.668529,0.699069
3.7404,1.78635,0.622909,0.664135,0.607083,0.612335,0.622659,0.642516,0.704769,0.677295,0.669724,0.699512
3.7406,1.78661,0.62746,0.6641,0.607853,0.611003,0.624323,0.641637,0.704966,0.678822,0.669433,0.699879
3.7408,1.78557,0.631269,0.664556,0.609025,0.61111,0.624318,0.641312,0.705198,0.680703,0.668125,0.699437
3.741,1.78365,0.631968,0.665439,0.610034,0.611795,0.622823,0.641893,0.704393,0.681465,0.667048,0.698051
3.7412,1.78219,0.630255,0.666537,0.610873,0.612307,0.620758,0.643205,0.704648,0.680801,0.667076,0.696838
3.7414,1.78277,0.628661,0.667374,0.611219,0.613085,0.620208,0.644476,0.705254,0.679588,0.668546,0.696842
3.7416,1.78577,0.629012,0.667654,0.61098,0.614143,0.621465,0.645,0.704555,0.679126,0.669927,0.698947
3.7418,1.7887,0.631004,0.667409,0.610153,0.614141,0.623561,0.644612,0.702355,0.680118,0.670261,0.701538
3.742,1.78918,0.633539,0.666993,0.609117,0.612754,0.625256,0.643843,0.699609,0.682071,0.669162,0.702537
3.7422,1.78699,0.634909,0.66686,0.608319,0.610828,0.625715,0.643911,0.69728,0.6839,0.667299,0.701286
3.7424,1.78382,0.634048,0.667271,0.607901,0.609227,0.625169,0.645026,0.69653,0.683944,0.666297,0.698883
3.7426,1.78169,0.632594,0.667715,0.607786,0.608503,0.624844,0.646496,0.696765,0.682487,0.666704,0.696967
3.7428,1.78169,0.632047,0.667546,0.608042,0.608741,0.625149,0.647744,0.696553,0.681869,0.667258,0.696599
3.743,1.78367,0.632893,0.667011,0.609664,0.609476,0.6257,0.648119,0.694756,0.682729,0.666507,0.697945
3.7432,1.786,0.634249,0.666555,0.611616,0.610341,0.626536,0.647608,0.692413,0.684303,0.664227,0.69991
3.7434,1.78736,0.635148,0.666516,0.612073,0.610838,0.627418,0.646709,0.690986,0.685556,0.661289,0.701259
3.7436,1.78748,0.635014,0.666599,0.611062,0.61083,0.628069,0.646306,0.690695,0.685511,0.659213,0.701643
3.7438,1.78668,0.634531,0.666878,0.608974,0.610657,0.628391,0.646893,0.690861,0.684539,0.659281,0.701129
3.744,1.78628,0.63464,0.666785,0.607039,0.610583,0.628594,0.648243,0.691001,0.683417,0.66066,0.700697
3.7442,1.78688,0.635363,0.665846,0.606421,0.610725,0.628791,0.649543,0.690889,0.683229,0.661348,0.701025
3.7444,1.78865,0.636334,0.664491,0.607352,0.611357,0.629564,0.650251,0.690741,0.684575,0.661587,0.702224
3.7446,1.79063,0.637014,0.66342,0.609757,0.612259,0.630669,0.650479,0.691179,0.68607,0.661415,0.703905
3.7448,1.79151,0.636754,0.662964,0.611884,0.612592,0.631596,0.650441,0.692479,0.686862,0.660057,0.70484
3.745,1.79132,0.635878,0.663223,0.612272,0.613069,0.632098,0.650569,0.694425,0.686736,0.658132,0.704887
3.7452,1.79051,0.635504,0.663991,0.610958,0.614101,0.63178,0.65095,0.695525,0.686108,0.656713,0.704283
3.7454,1.79018,0.636362,0.664662,0.609313,0.615119,0.630839,0.651372,0.695896,0.68556,0.65626,0.703912
3.7456,1.79059,0.637869,0.664945,0.608888,0.615491,0.629995,0.651573,0.696589,0.685707,0.656383,0.704075
3.7458,1.79185,0.639286,0.664729,0.609655,0.615635,0.630076,0.651582,0.697321,0.686751,0.656457,0.704949
3.746,1.79315,0.639503,0.664552,0.61075,0.615902,0.63118,0.65143,0.697224,0.688291,0.655871,0.706024
3.7462,1.79411,0.638176,0.664695,0.611317,0.616108,0.632813,0.651566,0.69645,0.689354,0.65484,0.706838
3.7464,1.79434,0.63643,0.665194,0.611082,0.616681,0.634136,0.652566,0.695879,0.689494,0.654101,0.70718
3.7466,1.79433,0.635756,0.665902,0.610465,0.617757,0.634535,0.65391,0.696148,0.688607,0.65416,0.707116
3.7468,1.79478,0.636722,0.666558,0.610055,0.618622,0.633993,0.654647,0.697018,0.687838,0.654884,0.70739
3.747,1.79522,0.638372,0.666924,0.610099,0.618737,0.633232,0.654484,0.697816,0.688347,0.655663,0.707727
3.7472,1.79555,0.639456,0.667057,0.610363,0.61833,0.633197,0.653716,0.698239,0.690343,0.656029,0.708005
3.7474,1.79554,0.639079,0.667061,0.610627,0.617591,0.634374,0.653014,0.698796,0.692468,0.65634,0.708055
3.7476,1.79515,0.637317,0.667367,0.61126,0.617229,0.636255,0.652983,0.700078,0.693371,0.656638,0.707782
3.7478,1.7945,0.635545,0.668158,0.612054,0.619398,0.637268,0.653417,0.701671,0.692288,0.65764,0.707283
3.748,1.79377,0.635306,0.668883,0.612744,0.623267,0.636979,0.65379,0.702566,0.689744,0.659225,0.706723
3.7482,1.7933,0.636137,0.669092,0.613016,0.625196,0.635821,0.654056,0.702682,0.687425,0.660496,0.706229
3.7484,1.79336,0.63701,0.668847,0.612404,0.623287,0.634666,0.654153,0.702447,0.687231,0.66052,0.70621
3.7486,1.79335,0.636848,0.668489,0.611099,0.619346,0.63383,0.654259,0.702063,0.688317,0.659365,0.706199
3.7488,1.79404,0.635282,0.668627,0.609785,0.615726,0.633735,0.654291,0.701377,0.689015,0.658137,0.706557
3.749,1.79469,0.632857,0.66946,0.609193,0.614356,0.633977,0.65454,0.700281,0.689159,0.657916,0.707168
3.7492,1.79502,0.631913,0.670661,0.609695,0.615764,0.634262,0.654809,0.699502,0.689035,0.658918,0.707427
3.7494,1.79497,0.63258,0.671786,0.611036,0.618202,0.634879,0.655021,0.700328,0.688337,0.660524,0.707486
3.7496,1.79455,0.633518,0.672381,0.612455,0.619395,0.635401,0.655172,0.701326,0.687324,0.661821,0.707178
3.7498,1.79424,0.633364,0.672425,0.613082,0.618041,0.634976,0.655209,0.701673,0.686669,0.662238,0.706852
3.75,1.79414,0.631208,0.672183,0.6129,0.614946,0.633982,0.655249,0.700769,0.686193,0.661736,0.706764
3.7502,1.7939,0.628417,0.671872,0.612587,0.611827,0.633434,0.655769,0.698274,0.686056,0.660944,0.706539
3.7504,1.7943,0.626351,0.671844,0.612691,0.610392,0.633357,0.656602,0.695129,0.686618,0.660644,0.706722
3.7506,1.79486,0.626286,0.672248,0.613107,0.610824,0.633329,0.657149,0.693274,0.687661,0.661039,0.707182
3.7508,1.795,0.627794,0.67261,0.613425,0.612185,0.633593,0.657253,0.693162,0.688164,0.661679,0.707361
3.751,1.79486,0.628813,0.672349,0.61339,0.613248,0.633803,0.6569,0.693581,0.687768,0.661902,0.707252
3.7512,1.79469,0.62818,0.671145,0.613067,0.613202,0.63392,0.656261,0.693269,0.686672,0.661341,0.707119
3.7514,1.79461,0.626084,0.669756,0.612856,0.611942,0.634261,0.655793,0.69136,0.686041,0.659967,0.707014
3.7516,1.79471,0.623734,0.668749,0.613035,0.610138,0.634433,0.655884,0.688465,0.686184,0.658433,0.707006
3.7518,1.79527,0.622473,0.668473,0.613434,0.608925,0.634235,0.656529,0.68668,0.687068,0.65714,0.707353
3.752,1.79634,0.622798,0.668719,0.613794,0.609049,0.633486,0.65736,0.686833,0.687936,0.656682,0.708068
3.7522,1.79769,0.624091,0.668873,0.613963,0.610273,0.63243,0.65799,0.68796,0.688441,0.656777,0.709111
3.7524,1.79828,0.625183,0.668572,0.613708,0.611659,0.632115,0.658221,0.688476,0.687883,0.656494,0.709718
3.7526,1.79812,0.625247,0.667727,0.613518,0.612249,0.632863,0.658056,0.687795,0.687269,0.6556,0.709697
3.7528,1.79742,0.624331,0.666614,0.613772,0.611744,0.63384,0.657643,0.686753,0.68698,0.654099,0.709201
3.753,1.79616,0.623172,0.665212,0.614382,0.610599,0.634634,0.65721,0.686724,0.687057,0.652482,0.70828
3.7532,1.79486,0.622608,0.663575,0.614875,0.609676,0.63459,0.657182,0.688471,0.687684,0.6514,0.707171
3.7534,1.79406,0.622683,0.662098,0.614778,0.609797,0.633673,0.65779,0.690796,0.68839,0.651029,0.706465
3.7536,1.79367,0.623241,0.661068,0.614311,0.610888,0.632538,0.65826,0.691613,0.688666,0.651759,0.706035
3.7538,1.79406,0.624055,0.660379,0.613707,0.612073,0.631867,0.657969,0.691565,0.688612,0.652709,0.70619
3.754,1.79454,0.624538,0.659951,0.613703,0.612589,0.631912,0.65667,0.691747,0.688116,0.652825,0.706618
3.7542,1.79472,0.624347,0.659529,0.614091,0.612269,0.632332,0.654911,0.69203,0.687275,0.652098,0.706803
3.7544,1.7943,0.623721,0.659009,0.614771,0.612078,0.63269,0.653564,0.692657,0.686674,0.651116,0.706632
3.7546,1.79331,0.623181,0.658571,0.6151,0.612501,0.63278,0.652933,0.694313,0.687099,0.650351,0.705889
3.7548,1.79222,0.623134,0.658517,0.61485,0.61314,0.632609,0.652904,0.696791,0.688222,0.650042,0.705054
3.755,1.79174,0.623633,0.658866,0.614651,0.613499,0.632225,0.653171,0.698553,0.688874,0.650366,0.704471
3.7552,1.79214,0.624427,0.659394,0.615007,0.613384,0.631806,0.65303,0.699696,0.688584,0.651103,0.704692
3.7554,1.79282,0.625216,0.659849,0.615535,0.612784,0.631438,0.652238,0.701259,0.687722,0.651683,0.705201
3.7556,1.79323,0.625681,0.659954,0.615676,0.612714,0.631581,0.650687,0.70176,0.686369,0.651842,0.705589
3.7558,1.793,0.625543,0.659684,0.615859,0.613559,0.632193,0.648612,0.702363,0.686163,0.651874,0.705631
3.756,1.79172,0.624992,0.659611,0.616014,0.614874,0.632979,0.646853,0.703041,0.687639,0.652037,0.704782
3.7562,1.78993,0.624246,0.660072,0.615853,0.61589,0.633638,0.645841,0.703187,0.689309,0.652236,0.703488
3.7564,1.78782,0.623909,0.660695,0.615318,0.615956,0.633857,0.64547,0.704423,0.68983,0.652765,0.701868
3.7566,1.78623,0.624334,0.661045,0.615003,0.615268,0.633817,0.645311,0.706579,0.688734,0.653296,0.700503
3.7568,1.78521,0.625118,0.660952,0.615452,0.614522,0.634111,0.644801,0.707976,0.686746,0.653438,0.699701
3.757,1.78465,0.625768,0.660561,0.616134,0.614959,0.63469,0.643719,0.708281,0.684876,0.653533,0.699181
3.7572,1.7845,0.625657,0.660451,0.616786,0.616728,0.634943,0.642434,0.707737,0.684265,0.654141,0.699134
3.7574,1.78392,0.62467,0.661079,0.616821,0.618895,0.635125,0.641582,0.70594,0.684699,0.655192,0.698827
3.7576,1.7829,0.623808,0.662348,0.616487,0.61992,0.63499,0.641456,0.704934,0.685122,0.656291,0.6982
3.7578,1.78141,0.623787,0.663763,0.615852,0.619653,0.634722,0.641937,0.705839,0.684713,0.657289,0.697173
3.758,1.7796,0.624105,0.664933,0.615492,0.61906,0.634455,0.642633,0.706389,0.683366,0.657599,0.695882
3.7582,1.77806,0.624606,0.665628,0.615635,0.619048,0.634514,0.643252,0.70583,0.683185,0.65803,0.694659
3.7584,1.77736,0.625064,0.665868,0.616173,0.620103,0.634838,0.643541,0.703364,0.684131,0.658754,0.694039
3.7586,1.77736,0.625313,0.665964,0.616653,0.62174,0.635268,0.643564,0.701009,0.684302,0.659604,0.694046
3.7588,1.77757,0.625713,0.666306,0.616735,0.622917,0.635327,0.643965,0.700784,0.682938,0.660296,0.694324
3.759,1.77739,0.626108,0.666854,0.616709,0.62316,0.634922,0.64486,0.701649,0.68081,0.660443,0.694399
3.7592,1.77665,0.626443,0.667504,0.616977,0.622578,0.634513,0.646033,0.701264,0.678972,0.660043,0.693995
3.7594,1.77595,0.626901,0.667885,0.617554,0.621883,0.634479,0.646817,0.6998,0.678113,0.65948,0.693516
3.7596,1.77566,0.62757,0.66794,0.618193,0.621811,0.634905,0.647183,0.697684,0.678466,0.659755,0.693307
3.7598,1.77589,0.628081,0.667408,0.618487,0.622631,0.635484,0.647268,0.695431,0.680768,0.66121,0.693489
3.76,1.7766,0.628177,0.666982,0.618339,0.623832,0.6358,0.647425,0.694005,0.682894,0.663015,0.694079
3.7602,1.77736,0.628162,0.66669,0.617997,0.624903,0.635624,0.648013,0.693923,0.682947,0.664465,0.694803
3.7604,1.77769,0.628398,0.666894,0.617825,0.625102,0.635085,0.649046,0.694128,0.68155,0.664732,0.695254
3.7606,1.77764,0.629096,0.668841,0.617857,0.624783,0.634631,0.650156,0.693738,0.680358,0.663866,0.695368
3.7608,1.77727,0.630118,0.671359,0.617777,0.624214,0.634602,0.650632,0.692716,0.679936,0.662678,0.695219
3.761,1.77705,0.630857,0.672068,0.617168,0.62379,0.635489,0.650965,0.691833,0.68017,0.6621,0.69505
3.7612,1.77743,0.631124,0.670639,0.616456,0.624397,0.637265,0.651073,0.691999,0.680597,0.663105,0.695316
3.7614,1.77818,0.631837,0.669874,0.616192,0.625536,0.638599,0.651158,0.693335,0.680553,0.664893,0.695949
3.7616,1.77905,0.632689,0.670483,0.61641,0.626285,0.63856,0.65147,0.694951,0.68012,0.666061,0.696697
3.7618,1.77958,0.633062,0.671565,0.617041,0.626213,0.637265,0.652214,0.695783,0.680126,0.665909,0.697295
3.762,1.77929,0.632514,0.672212,0.616852,0.625362,0.635654,0.653139,0.696063,0.680677,0.664891,0.697294
3.7622,1.77877,0.631377,0.671653,0.615443,0.624767,0.634907,0.653879,0.696649,0.680994,0.663725,0.696865
3.7624,1.77933,0.630384,0.670055,0.613634,0.625195,0.63522,0.654143,0.697504,0.680687,0.663425,0.697141
3.7626,1.78099,0.630122,0.668624,0.612147,0.625563,0.6367,0.654631,0.698008,0.680619,0.664771,0.69831
3.7628,1.78318,0.63101,0.668492,0.611645,0.624754,0.638335,0.655314,0.697905,0.680376,0.666903,0.700018
3.763,1.7853,0.632614,0.669638,0.612086,0.622553,0.639432,0.655725,0.698412,0.680123,0.668659,0.701815
3.7632,1.78618,0.634408,0.671138,0.61259,0.619819,0.639409,0.655557,0.700379,0.680116,0.668753,0.702754
3.7634,1.78672,0.634992,0.672394,0.612145,0.61794,0.638809,0.655272,0.7033,0.680429,0.667469,0.703199
3.7636,1.78694,0.634594,0.673074,0.610693,0.617603,0.637898,0.655035,0.70619,0.680735,0.666068,0.703438
3.7638,1.78727,0.634227,0.672857,0.609283,0.618512,0.637585,0.655116,0.707869,0.68072,0.665382,0.703641
3.764,1.78784,0.634248,0.672536,0.608437,0.619156,0.638402,0.655546,0.708812,0.680206,0.666112,0.704058
3.7642,1.78811,0.634296,0.672539,0.608084,0.619301,0.639965,0.655961,0.710286,0.679958,0.667814,0.704362
3.7644,1.78809,0.634053,0.673332,0.608226,0.619565,0.641031,0.656179,0.712586,0.679957,0.668957,0.704338
3.7646,1.78818,0.633323,0.674488,0.608566,0.619105,0.641287,0.656046,0.714566,0.680044,0.668987,0.704373
3.7648,1.78873,0.632855,0.675771,0.608732,0.617636,0.640877,0.65582,0.714947,0.679814,0.668004,0.704674
3.765,1.78995,0.633135,0.676618,0.608424,0.615864,0.640024,0.656246,0.71373,0.679116,0.666916,0.705506
3.7652,1.79097,0.633475,0.67668,0.607852,0.614647,0.639152,0.656945,0.712714,0.678836,0.666403,0.706379
3.7654,1.79147,0.63314,0.676622,0.607278,0.614293,0.63872,0.657424,0.713383,0.679126,0.66681,0.706846
3.7656,1.791,0.632327,0.676875,0.606866,0.61452,0.63888,0.657132,0.714439,0.679273,0.667712,0.706697
3.7658,1.79004,0.632185,0.676942,0.606708,0.614859,0.639361,0.656701,0.714194,0.679012,0.668485,0.705863
3.766,1.78969,0.632726,0.677175,0.606786,0.615045,0.63959,0.656608,0.712491,0.678038,0.668631,0.705463
3.7662,1.78956,0.633753,0.677443,0.606934,0.615079,0.639209,0.65685,0.711036,0.677308,0.668142,0.705295
3.7664,1.79017,0.634405,0.677408,0.606879,0.614935,0.638286,0.6573,0.710393,0.677611,0.667547,0.70559
3.7666,1.79076,0.634169,0.677167,0.606566,0.614598,0.637287,0.657664,0.709079,0.678276,0.667159,0.706148
3.7668,1.79033,0.633147,0.677056,0.606402,0.614312,0.636647,0.657663,0.706882,0.678949,0.667,0.705957
3.767,1.7897,0.631846,0.677229,0.606843,0.614145,0.636415,0.657492,0.704658,0.678614,0.667281,0.705412
3.7672,1.78923,0.630648,0.67734,0.607645,0.614363,0.636465,0.657265,0.702944,0.677375,0.667321,0.705005
3.7674,1.78897,0.629951,0.676958,0.608194,0.615138,0.636132,0.657129,0.70094,0.676628,0.667151,0.704719
3.7676,1.78904,0.630028,0.676179,0.608407,0.61636,0.635125,0.657352,0.698941,0.677085,0.667147,0.70472
3.7678,1.78903,0.630375,0.67539,0.608281,0.617253,0.633557,0.657861,0.697353,0.678334,0.667323,0.704758
3.768,1.78908,0.630025,0.675038,0.608057,0.617466,0.632195,0.6583,0.696999,0.679109,0.667178,0.704733
3.7682,1.78942,0.628708,0.675473,0.608101,0.616937,0.63159,0.658408,0.69659,0.678637,0.667012,0.704916
3.7684,1.7902,0.627041,0.676285,0.608515,0.61617,0.631211,0.658169,0.695033,0.677444,0.666754,0.705458
3.7686,1.79078,0.625681,0.676808,0.609103,0.615939,0.630478,0.658014,0.692682,0.676415,0.666551,0.70593
3.7688,1.79109,0.625056,0.676788,0.60961,0.616633,0.629143,0.658393,0.690732,0.676074,0.666699,0.706224
3.769,1.79069,0.624708,0.676324,0.60981,0.617854,0.627437,0.65936,0.690133,0.676572,0.667033,0.706059
3.7692,1.79011,0.624392,0.67574,0.609554,0.618751,0.625649,0.660417,0.690654,0.677524,0.667912,0.705511
3.7694,1.78971,0.623547,0.675719,0.609063,0.618708,0.624111,0.660888,0.69144,0.677883,0.668896,0.705184
3.7696,1.78937,0.622234,0.676601,0.608857,0.617649,0.622998,0.660744,0.691879,0.677485,0.669173,0.704839
3.7698,1.7899,0.62058,0.677918,0.609016,0.616196,0.622417,0.660423,0.692222,0.677386,0.668219,0.705067
3.77,1.79069,0.6194,0.678899,0.60924,0.615538,0.622061,0.660241,0.692849,0.677676,0.666991,0.705675
3.7702,1.79111,0.619066,0.678736,0.609107,0.616345,0.621474,0.660238,0.69339,0.6777,0.666564,0.706101
3.7704,1.79081,0.619626,0.677624,0.608854,0.617626,0.620747,0.660017,0.694207,0.677584,0.667718,0.705997
3.7706,1.78955,0.620104,0.676484,0.608634,0.618343,0.620232,0.659325,0.695496,0.677438,0.669523,0.705174
3.7708,1.78793,0.619985,0.676181,0.608715,0.617735,0.620156,0.658201,0.69653,0.677497,0.670844,0.703877
3.771,1.78686,0.61958,0.676993,0.609201,0.616782,0.620391,0.656737,0.697062,0.677877,0.670729,0.702887
3.7712,1.78717,0.61898,0.678112,0.610104,0.616425,0.620664,0.655463,0.698299,0.678679,0.669664,0.702789
3.7714,1.78877,0.618514,0.67883,0.610644,0.617383,0.620799,0.654619,0.699558,0.680024,0.668425,0.703956
3.7716,1.78995,0.61849,0.678581,0.610584,0.619173,0.620923,0.654098,0.701379,0.681192,0.668538,0.704998
3.7718,1.79022,0.618972,0.67797,0.610257,0.620846,0.621194,0.653643,0.702829,0.680684,0.670382,0.705442
3.772,1.78911,0.619711,0.677309,0.610093,0.621515,0.621686,0.65324,0.704569,0.679244,0.672785,0.704762
3.7722,1.78754,0.621034,0.677256,0.610309,0.620852,0.622156,0.652346,0.706581,0.678035,0.673891,0.703584
3.7724,1.7866,0.622044,0.677604,0.610496,0.619517,0.622319,0.651319,0.708612,0.677728,0.672998,0.702631
3.7726,1.78681,0.622352,0.677841,0.610415,0.618666,0.622374,0.65005,0.71039,0.678802,0.670754,0.702591
3.7728,1.78786,0.621908,0.677831,0.609866,0.619166,0.62263,0.648576,0.711488,0.680327,0.668986,0.703307
3.773,1.78894,0.621643,0.677567,0.608884,0.620452,0.623309,0.647287,0.711973,0.681171,0.669071,0.704253
3.7732,1.78906,0.621982,0.677433,0.607862,0.621782,0.624506,0.646221,0.712464,0.680436,0.670934,0.704537
3.7734,1.78833,0.622521,0.677542,0.607398,0.622142,0.626317,0.64524,0.712624,0.67863,0.673288,0.704063
3.7736,1.7874,0.622921,0.677906,0.607688,0.621617,0.627514,0.644234,0.712427,0.677396,0.67473,0.703363
3.7738,1.78695,0.623671,0.678064,0.608471,0.620837,0.627397,0.643311,0.712177,0.677022,0.674772,0.702818
3.774,1.78745,0.624904,0.678491,0.609283,0.620275,0.626383,0.642711,0.711488,0.677091,0.673785,0.703101
3.7742,1.78787,0.626147,0.679413,0.609807,0.620391,0.625404,0.642538,0.71039,0.676584,0.673104,0.703519
3.7744,1.78775,0.627474,0.680741,0.61046,0.621311,0.625166,0.642612,0.709031,0.674886,0.672881,0.703537
3.7746,1.78728,0.628351,0.681819,0.610976,0.622491,0.625931,0.642667,0.708066,0.672348,0.672946,0.703181
3.7748,1.78671,0.628558,0.682162,0.611506,0.623642,0.627269,0.642617,0.706558,0.671279,0.673474,0.702796
3.775,1.78651,0.628563,0.68151,0.61207,0.623771,0.628462,0.642546,0.704648,0.672226,0.673815,0.702465
3.7752,1.78729,0.628902,0.680186,0.612639,0.623068,0.629746,0.642492,0.702462,0.673038,0.674019,0.702945
3.7754,1.78823,0.629525,0.678984,0.613065,0.621829,0.630513,0.642744,0.700771,0.672523,0.674232,0.703691
3.7756,1.78916,0.629892,0.678734,0.613169,0.620876,0.630246,0.643562,0.699712,0.670545,0.674172,0.704454
3.7758,1.78916,0.630168,0.679616,0.612917,0.620875,0.629275,0.644877,0.699474,0.668024,0.673947,0.704721
3.776,1.78825,0.63059,0.681068,0.612255,0.621566,0.628436,0.646081,0.698436,0.666265,0.673574,0.704029
3.7762,1.78856,0.631512,0.682231,0.611213,0.622149,0.628516,0.646605,0.695715,0.665825,0.673224,0.703937
3.7764,1.79006,0.632791,0.682508,0.609875,0.62214,0.629654,0.646285,0.69363,0.667742,0.673586,0.704964
3.7766,1.79178,0.634071,0.681879,0.608623,0.621587,0.631362,0.646096,0.692561,0.670698,0.674666,0.706307
3.7768,1.79282,0.635005,0.681081,0.607712,0.620897,0.632444,0.646518,0.692113,0.67199,0.675751,0.707323
3.777,1.79255,0.635136,0.680788,0.60748,0.620404,0.632495,0.647713,0.692074,0.670982,0.675942,0.707283
3.7772,1.79164,0.635096,0.6815,0.608039,0.620334,0.632127,0.649184,0.691289,0.669791,0.675249,0.706639
3.7774,1.79089,0.635449,0.683266,0.608876,0.620683,0.631935,0.650542,0.690239,0.669552,0.67399,0.705872
3.7776,1.79143,0.635772,0.685174,0.609187,0.620988,0.632062,0.651116,0.689976,0.669849,0.672842,0.706022
3.7778,1.79303,0.636428,0.685467,0.609429,0.621074,0.632177,0.650538,0.69069,0.670394,0.672777,0.707054
3.778,1.79491,0.637684,0.684017,0.610346,0.62112,0.632484,0.649937,0.692185,0.670612,0.674023,0.708583
3.7782,1.79558,0.639196,0.681662,0.611223,0.62076,0.633158,0.649941,0.693613,0.67014,0.675691,0.709357
3.7784,1.79496,0.640511,0.679878,0.611108,0.61984,0.633594,0.651025,0.69376,0.669671,0.676138,0.709013
3.7786,1.79429,0.640667,0.681202,0.610076,0.618527,0.633328,0.652596,0.693477,0.670276,0.675195,0.70832
3.7788,1.79493,0.639591,0.685392,0.609325,0.617129,0.633057,0.653982,0.694573,0.671991,0.67336,0.708489
3.779,1.7965,0.638335,0.688631,0.609207,0.615962,0.633488,0.654639,0.696857,0.674001,0.671783,0.70958
3.7792,1.79817,0.638179,0.688013,0.609458,0.614987,0.634537,0.655019,0.698848,0.674833,0.671854,0.710861
3.7794,1.79898,0.639222,0.683658,0.609837,0.614416,0.635624,0.655037,0.699112,0.674124,0.67332,0.71168
3.7796,1.7986,0.640364,0.678185,0.610104,0.613947,0.635798,0.655251,0.698206,0.672288,0.675147,0.711491
3.7798,1.79775,0.640634,0.675422,0.610063,0.613049,0.635116,0.655807,0.697509,0.670724,0.676322,0.710804
3.78,1.79718,0.640019,0.676777,0.609825,0.611688,0.634512,0.656569,0.697965,0.670913,0.676103,0.710164
3.7802,1.79766,0.638706,0.681845,0.609737,0.6104,0.63419,0.65724,0.699388,0.672207,0.674371,0.710277
3.7804,1.79885,0.638287,0.686716,0.60999,0.6099,0.634153,0.65785,0.701097,0.673324,0.672382,0.711077
3.7806,1.80001,0.639216,0.687452,0.610282,0.609892,0.634433,0.658577,0.702849,0.673169,0.671152,0.711947
3.7808,1.80086,0.640787,0.683634,0.610399,0.610761,0.634662,0.658678,0.703975,0.671658,0.671132,0.712655
3.781,1.801,0.641363,0.677907,0.610191,0.613059,0.634709,0.65846,0.703745,0.669818,0.671955,0.712782
3.7812,1.80104,0.640397,0.673604,0.609725,0.615123,0.634693,0.658868,0.703371,0.66856,0.672592,0.712757
3.7814,1.80089,0.638576,0.672791,0.609333,0.615195,0.634417,0.660318,0.70293,0.668199,0.672371,0.712557
3.7816,1.80127,0.637142,0.675156,0.609334,0.613872,0.633914,0.66196,0.703005,0.668552,0.671498,0.712639
3.7818,1.80235,0.637333,0.677961,0.609752,0.612682,0.63369,0.663514,0.704845,0.66866,0.670511,0.713338
3.782,1.80329,0.638573,0.678489,0.610244,0.612808,0.633637,0.664778,0.706787,0.667979,0.66997,0.714025
3.7822,1.80413,0.639901,0.67668,0.610505,0.614036,0.634001,0.664915,0.707142,0.667054,0.670156,0.714677
3.7824,1.80382,0.639789,0.674233,0.610442,0.615373,0.634809,0.664086,0.707274,0.665739,0.670722,0.714573
3.7826,1.80311,0.63873,0.672523,0.610155,0.61554,0.635512,0.66286,0.707124,0.664411,0.671184,0.713938
3.7828,1.80246,0.637758,0.672468,0.609858,0.614737,0.635988,0.66257,0.706507,0.663051,0.671275,0.713308
3.783,1.8024,0.637331,0.674159,0.60962,0.613899,0.635621,0.663148,0.705401,0.662378,0.670964,0.713067
3.7832,1.80269,0.637696,0.676096,0.609243,0.613688,0.63452,0.663818,0.704082,0.662302,0.670441,0.713195
3.7834,1.80272,0.637791,0.676516,0.608943,0.614136,0.633196,0.664332,0.702248,0.661603,0.66995,0.713236
3.7836,1.80223,0.63728,0.675888,0.60901,0.614647,0.632253,0.664305,0.699943,0.660363,0.669708,0.712848
3.7838,1.80206,0.636485,0.675814,0.609395,0.615025,0.631723,0.66348,0.698232,0.659432,0.669511,0.712537
3.784,1.80209,0.636277,0.676123,0.609624,0.615272,0.63153,0.662942,0.697377,0.658912,0.66909,0.712479
3.7842,1.80268,0.636437,0.676101,0.609279,0.615643,0.631075,0.663184,0.697931,0.658814,0.66866,0.712743
3.7844,1.8033,0.636421,0.67569,0.608506,0.616317,0.629953,0.664306,0.698032,0.658388,0.667847,0.713222
3.7846,1.80368,0.635593,0.674834,0.607528,0.617051,0.628113,0.665391,0.695961,0.657316,0.667005,0.713469
3.7848,1.80397,0.63446,0.673879,0.60706,0.618022,0.626553,0.666217,0.6925,0.656146,0.666131,0.713702
3.785,1.80377,0.633875,0.673836,0.607289,0.618876,0.625796,0.666246,0.689498,0.655551,0.665712,0.713541
3.7852,1.80362,0.633935,0.675041,0.607948,0.619258,0.625705,0.666007,0.688462,0.65566,0.66537,0.713319
3.7854,1.80326,0.634871,0.676481,0.608217,0.619957,0.625157,0.665737,0.68939,0.656247,0.664657,0.71305
3.7856,1.80253,0.635844,0.677135,0.607839,0.620808,0.624014,0.666335,0.690694,0.656976,0.663295,0.712455
3.7858,1.80193,0.636563,0.676849,0.607029,0.621808,0.622152,0.667979,0.690747,0.657568,0.661721,0.711852
3.786,1.80233,0.636252,0.675857,0.606226,0.622482,0.620474,0.669375,0.689519,0.657933,0.660344,0.711873
3.7862,1.80368,0.634915,0.674679,0.605797,0.622384,0.619496,0.66952,0.68844,0.658185,0.659848,0.712758
3.7864,1.80468,0.633157,0.674362,0.606029,0.621513,0.618854,0.668456,0.689198,0.65837,0.659994,0.713649
3.7866,1.80431,0.631956,0.67525,0.606362,0.621286,0.618195,0.667114,0.691968,0.658542,0.659837,0.713619
3.7868,1.80243,0.631876,0.676363,0.606237,0.622236,0.617623,0.666941,0.694359,0.659089,0.659098,0.712308
3.787,1.80028,0.632717,0.676186,0.605615,0.624026,0.616765,0.667983,0.694906,0.659955,0.657653,0.710494
3.7872,1.79951,0.633693,0.674235,0.604812,0.625361,0.615747,0.669207,0.694366,0.660775,0.65617,0.709513
3.7874,1.80045,0.634104,0.671814,0.604283,0.625565,0.614881,0.669469,0.693655,0.66164,0.655273,0.709926
3.7876,1.80226,0.633404,0.670242,0.604259,0.624644,0.614401,0.668594,0.693506,0.662588,0.655032,0.711234
3.7878,1.80356,0.632024,0.669997,0.604668,0.624082,0.614242,0.667325,0.694131,0.663571,0.655175,0.712417
3.788,1.80328,0.630966,0.670406,0.605232,0.624839,0.614181,0.66664,0.694841,0.664267,0.655386,0.712475
3.7882,1.80179,0.631523,0.670582,0.605637,0.62645,0.614037,0.666743,0.695206,0.664655,0.655439,0.711437
3.7884,1.79986,0.632955,0.669528,0.605755,0.627835,0.613857,0.667271,0.695724,0.664972,0.655271,0.709868
3.7886,1.79898,0.634429,0.667647,0.605699,0.628499,0.613815,0.667408,0.696508,0.665438,0.654935,0.708877
3.7888,1.79956,0.635557,0.666002,0.60564,0.628098,0.614069,0.666766,0.697594,0.666071,0.654607,0.709052
3.789,1.80106,0.634824,0.665142,0.605791,0.627117,0.614283,0.666214,0.699109,0.666597,0.654381,0.710072
3.7892,1.80225,0.632414,0.665095,0.606318,0.626226,0.614216,0.666345,0.700949,0.666765,0.654355,0.711181
3.7894,1.80183,0.629913,0.664999,0.607307,0.626152,0.614098,0.667043,0.702464,0.666685,0.65494,0.711158
3.7896,1.79982,0.628963,0.665226,0.608104,0.626795,0.614211,0.667319,0.703057,0.66669,0.656099,0.709805
3.7898,1.79735,0.629381,0.665767,0.608471,0.627518,0.614611,0.667106,0.704505,0.66678,0.657247,0.707805
3.79,1.79617,0.630063,0.665913,0.608436,0.628104,0.615101,0.666403,0.705852,0.667279,0.658285,0.706505
3.7902,1.79727,0.630216,0.665288,0.608739,0.628127,0.615681,0.665325,0.705758,0.668537,0.658912,0.706941
3.7904,1.79975,0.630804,0.664141,0.609427,0.628,0.616695,0.664678,0.704184,0.668977,0.65861,0.708749
3.7906,1.80223,0.632135,0.663304,0.610276,0.628094,0.617499,0.664309,0.703332,0.667757,0.657866,0.710761
3.7908,1.80291,0.633074,0.663255,0.611272,0.628941,0.617867,0.664142,0.703256,0.665662,0.657436,0.711764
3.791,1.8013,0.633301,0.664716,0.611764,0.629828,0.618025,0.663794,0.704181,0.663813,0.657815,0.71079
3.7912,1.79903,0.633182,0.667513,0.612125,0.630404,0.618644,0.663508,0.70433,0.66322,0.658794,0.709
3.7914,1.79714,0.632886,0.6696,0.612282,0.630557,0.62016,0.663137,0.702624,0.664939,0.660002,0.707372
3.7916,1.79649,0.632503,0.669563,0.612415,0.630013,0.621516,0.663128,0.699778,0.668803,0.660795,0.706577
3.7918,1.79767,0.632551,0.668247,0.612714,0.629188,0.622082,0.662945,0.698574,0.671574,0.660517,0.707175
3.792,1.79975,0.63292,0.66734,0.612978,0.629044,0.621931,0.662505,0.70026,0.670416,0.660301,0.708707
3.7922,1.80191,0.633428,0.667513,0.61316,0.6296,0.621891,0.662472,0.70337,0.666131,0.660493,0.71043
3.7924,1.80291,0.634312,0.668359,0.613204,0.630044,0.622673,0.662649,0.705144,0.662256,0.660867,0.711538
3.7926,1.80171,0.635503,0.669038,0.613138,0.629894,0.624462,0.662423,0.706045,0.662026,0.661749,0.710965
3.7928,1.79957,0.636458,0.668906,0.612991,0.628958,0.626258,0.662105,0.706568,0.666113,0.662682,0.709303
3.793,1.79798,0.636876,0.668044,0.613496,0.628049,0.626943,0.661935,0.708351,0.670314,0.663639,0.707872
3.7932,1.79769,0.636929,0.667366,0.61431,0.628291,0.626229,0.661994,0.710352,0.670546,0.664202,0.70734
3.7934,1.79895,0.637038,0.667681,0.614918,0.629785,0.624979,0.662195,0.710597,0.667797,0.664645,0.708072
3.7936,1.80059,0.637533,0.668797,0.615213,0.631259,0.624335,0.662273,0.709454,0.665447,0.665074,0.709401
3.7938,1.80139,0.638467,0.67001,0.615224,0.631717,0.624826,0.662106,0.708372,0.664244,0.66503,0.71021
3.794,1.80104,0.639682,0.670685,0.615006,0.630709,0.626253,0.661725,0.708699,0.664957,0.665004,0.710152
3.7942,1.79964,0.640421,0.670462,0.614677,0.628762,0.62815,0.661286,0.71017,0.667536,0.664741,0.709181
3.7944,1.79854,0.64014,0.669431,0.614776,0.627391,0.629566,0.661335,0.71068,0.669952,0.664396,0.708122
3.7946,1.79878,0.639124,0.668464,0.61523,0.627935,0.629982,0.661663,0.710895,0.670694,0.664556,0.708049
3.7948,1.79972,0.637968,0.668033,0.615615,0.629432,0.629483,0.66198,0.711568,0.670167,0.665159,0.708735
3.795,1.80055,0.637298,0.668416,0.615756,0.629783,0.628932,0.662286,0.712845,0.670141,0.665558,0.709461
3.7952,1.80012,0.638205,0.669233,0.616164,0.628165,0.628879,0.662245,0.714205,0.67096,0.665731,0.70939
3.7954,1.79889,0.64039,0.669506,0.61709,0.625223,0.629394,0.661843,0.714085,0.671455,0.665494,0.708468
3.7956,1.79819,0.641966,0.668932,0.618005,0.622575,0.630454,0.661191,0.712517,0.670998,0.66486,0.707767
3.7958,1.79801,0.6415,0.667718,0.618435,0.621649,0.63148,0.661159,0.711531,0.670139,0.66429,0.707539
3.796,1.7983,0.639667,0.666973,0.618079,0.623159,0.632131,0.662532,0.712042,0.66945,0.664172,0.707698
3.7962,1.79837,0.638233,0.666859,0.617603,0.625615,0.63275,0.664603,0.714241,0.669981,0.664671,0.707871
3.7964,1.79766,0.638853,0.667071,0.617312,0.626049,0.633153,0.665675,0.71652,0.671489,0.665324,0.707467
3.7966,1.79629,0.64143,0.667022,0.617442,0.623699,0.633476,0.665408,0.718418,0.673246,0.665574,0.706503
3.7968,1.79484,0.644161,0.66586,0.617871,0.620269,0.633689,0.664525,0.718911,0.674341,0.665395,0.705339
3.797,1.79406,0.645296,0.664119,0.618381,0.617912,0.633878,0.663917,0.718248,0.674082,0.665049,0.704541
3.7972,1.79482,0.644748,0.662735,0.61829,0.617243,0.633697,0.663969,0.717397,0.67252,0.664826,0.704893
3.7974,1.79594,0.642757,0.662078,0.617602,0.617332,0.633338,0.66466,0.716755,0.671371,0.665833,0.705847
3.7976,1.79629,0.640556,0.662326,0.616739,0.618649,0.633415,0.665111,0.718337,0.672051,0.667805,0.706322
3.7978,1.79535,0.639977,0.663088,0.616231,0.620704,0.634242,0.665164,0.721425,0.674363,0.669574,0.705898
3.798,1.79302,0.641106,0.66348,0.616206,0.621177,0.635561,0.665298,0.722148,0.676714,0.66979,0.704287
3.7982,1.79087,0.643288,0.662867,0.616479,0.619866,0.636558,0.665827,0.721184,0.677661,0.668159,0.702484
3.7984,1.7898,0.644789,0.661375,0.616685,0.617894,0.636847,0.666238,0.7209,0.676515,0.665703,0.701474
3.7986,1.78984,0.644714,0.659775,0.616493,0.616338,0.636509,0.666351,0.721297,0.673933,0.663963,0.70135
3.7988,1.79075,0.642952,0.658826,0.615595,0.615757,0.636049,0.66625,0.722212,0.672164,0.663883,0.702012
3.799,1.79142,0.641236,0.658761,0.614443,0.61611,0.635741,0.665935,0.724964,0.672731,0.665334,0.702721
3.7992,1.79122,0.641132,0.659246,0.613747,0.616864,0.635723,0.665766,0.727077,0.674361,0.667162,0.702772
3.7994,1.79052,0.641913,0.659763,0.613203,0.617452,0.635864,0.665956,0.728032,0.675263,0.668109,0.702333
3.7996,1.78966,0.642785,0.659854,0.612507,0.617477,0.635883,0.666171,0.727248,0.674651,0.667667,0.701713
3.7998,1.78918,0.643061,0.65947,0.611807,0.616874,0.635531,0.666385,0.726832,0.673864,0.666025,0.701279
3.8,1.78927,0.642062,0.658892,0.611061,0.615965,0.634744,0.666853,0.728215,0.674232,0.664368,0.701289
3.8002,1.78989,0.640877,0.658398,0.610304,0.615067,0.63371,0.667348,0.728846,0.675543,0.663852,0.701759
3.8004,1.7908,0.64004,0.658234,0.609587,0.614598,0.632928,0.668108,0.727411,0.67681,0.664438,0.702478
3.8006,1.79142,0.640078,0.658466,0.608867,0.615159,0.632668,0.668361,0.727078,0.677043,0.665711,0.703131
3.8008,1.79115,0.640702,0.658814,0.608136,0.616419,0.63259,0.667939,0.728291,0.676428,0.666525,0.703131
3.801,1.79027,0.64156,0.65899,0.607627,0.617658,0.631813,0.667046,0.72866,0.675319,0.666132,0.702562
3.8012,1.78916,0.641485,0.65897,0.607518,0.61816,0.630259,0.666105,0.729172,0.674629,0.665122,0.701748
3.8014,1.78842,0.640245,0.658758,0.607784,0.617705,0.628312,0.665838,0.729822,0.674944,0.664531,0.701093
3.8016,1.78852,0.63817,0.658511,0.608091,0.616797,0.626898,0.666171,0.729623,0.6753,0.664339,0.701069
3.8018,1.78916,0.636849,0.658401,0.608107,0.616269,0.625954,0.667318,0.72875,0.675451,0.66455,0.701554
3.802,1.78992,0.637164,0.658529,0.607796,0.61652,0.625449,0.668263,0.728036,0.675716,0.664774,0.702197
3.8022,1.79042,0.638105,0.658852,0.607361,0.617433,0.624868,0.668056,0.729,0.67565,0.664988,0.702722
3.8024,1.79018,0.638639,0.659155,0.607056,0.618504,0.624387,0.667012,0.730855,0.675322,0.665032,0.70273
3.8026,1.78935,0.638405,0.659267,0.60701,0.619077,0.623526,0.666036,0.731529,0.675291,0.665434,0.702196
3.8028,1.78828,0.637449,0.65905,0.60728,0.618774,0.621729,0.665458,0.731169,0.674758,0.665526,0.701439
3.803,1.78718,0.63622,0.658504,0.60792,0.617752,0.619817,0.665644,0.729886,0.673966,0.66502,0.700594
3.8032,1.78688,0.635674,0.658058,0.608707,0.616493,0.618726,0.666161,0.72902,0.67397,0.664327,0.700196
3.8034,1.7871,0.636227,0.657955,0.609076,0.615623,0.618413,0.666076,0.729398,0.674582,0.663578,0.700424
3.8036,1.78726,0.637065,0.658094,0.608874,0.615588,0.61856,0.665615,0.730307,0.674822,0.663052,0.7006
3.8038,1.78685,0.63697,0.658102,0.6084,0.616113,0.618387,0.665383,0.730735,0.674024,0.663286,0.700551
3.804,1.78547,0.636293,0.657397,0.608244,0.616591,0.617525,0.665503,0.731418,0.672698,0.664325,0.699629
3.8042,1.78404,0.636086,0.65614,0.608648,0.616294,0.61639,0.665908,0.731824,0.671791,0.665713,0.698575
3.8044,1.78276,0.636349,0.654662,0.609527,0.615525,0.61559,0.666353,0.73139,0.671614,0.666568,0.697572
3.8046,1.78184,0.636518,0.653926,0.61049,0.61438,0.615338,0.666654,0.731157,0.672107,0.666546,0.696898
3.8048,1.78094,0.636269,0.654442,0.6111,0.613436,0.615567,0.666688,0.731876,0.673362,0.665773,0.696282
3.805,1.77974,0.635775,0.655868,0.611185,0.612998,0.616065,0.666455,0.733149,0.67422,0.664551,0.695541
3.8052,1.77831,0.635466,0.656604,0.610861,0.612892,0.616517,0.665942,0.734144,0.674669,0.663764,0.694489
3.8054,1.77717,0.635635,0.656253,0.610491,0.612763,0.616695,0.665379,0.73471,0.674721,0.664047,0.693678
3.8056,1.77648,0.636645,0.654828,0.610322,0.612108,0.616636,0.665182,0.735445,0.674572,0.665192,0.693086
3.8058,1.77687,0.637933,0.653409,0.610639,0.611196,0.61656,0.665131,0.737165,0.673926,0.666341,0.693333
3.806,1.77723,0.638499,0.653085,0.61135,0.61039,0.616626,0.665223,0.739364,0.672958,0.66701,0.693848
3.8062,1.77668,0.638668,0.653473,0.611786,0.610073,0.61673,0.66544,0.740442,0.672385,0.666678,0.693715
3.8064,1.77518,0.638908,0.654272,0.612039,0.6101,0.616816,0.665394,0.740316,0.672755,0.666005,0.692844
3.8066,1.77293,0.639609,0.655161,0.611702,0.610156,0.616883,0.665007,0.73997,0.674066,0.665497,0.691286
3.8068,1.77111,0.640339,0.655343,0.611113,0.609703,0.617039,0.664283,0.739426,0.675335,0.666218,0.689821
3.807,1.77044,0.640847,0.655168,0.611491,0.60939,0.618069,0.663765,0.739347,0.675778,0.667951,0.689225
3.8072,1.77062,0.641344,0.655258,0.613036,0.609844,0.619489,0.664082,0.739217,0.674987,0.669705,0.689372
3.8074,1.77139,0.641723,0.655726,0.615382,0.610947,0.620345,0.665175,0.73819,0.673984,0.670107,0.69004
3.8076,1.77206,0.641795,0.656502,0.617572,0.612558,0.620334,0.666568,0.736179,0.673337,0.66901,0.690795
3.8078,1.77204,0.641612,0.657206,0.618537,0.614127,0.619773,0.667632,0.733988,0.673321,0.667299,0.691039
3.808,1.77163,0.641472,0.657578,0.617886,0.615275,0.619554,0.667185,0.732082,0.673815,0.666481,0.690897
3.8082,1.77104,0.641496,0.657668,0.616577,0.615882,0.619976,0.664975,0.730467,0.674271,0.666901,0.690585
3.8084,1.7707,0.641705,0.657631,0.615523,0.616008,0.620998,0.662973,0.728787,0.674037,0.668407,0.690337
3.8086,1.77115,0.642055,0.657975,0.615199,0.615303,0.622519,0.662256,0.726442,0.673267,0.670111,0.690689
3.8088,1.77199,0.64251,0.658875,0.615538,0.614679,0.623788,0.662561,0.723118,0.672867,0.670895,0.691426
3.809,1.77273,0.642937,0.659903,0.616099,0.61517,0.624067,0.662913,0.719636,0.672699,0.670127,0.692174
3.8092,1.77298,0.64296,0.660494,0.616381,0.616272,0.623569,0.663275,0.716915,0.672521,0.668889,0.692613
3.8094,1.77251,0.642371,0.660628,0.616277,0.617062,0.623083,0.663669,0.715486,0.671823,0.668729,0.692474
3.8096,1.77182,0.641477,0.660661,0.616352,0.616993,0.623067,0.663564,0.714468,0.670747,0.669745,0.692029
3.8098,1.77153,0.641194,0.661161,0.616433,0.616779,0.624184,0.662854,0.712792,0.671818,0.671779,0.691804
3.81,1.77177,0.64244,0.662368,0.61687,0.616945,0.626035,0.662125,0.710682,0.675193,0.673777,0.691997
3.8102,1.77258,0.643548,0.663937,0.617479,0.61734,0.62798,0.661883,0.708682,0.677063,0.674131,0.692633
3.8104,1.77359,0.643032,0.665238,0.617971,0.617996,0.629089,0.662175,0.707217,0.675013,0.673116,0.693524
3.8106,1.77437,0.640914,0.665898,0.618551,0.618288,0.629062,0.66257,0.706206,0.670168,0.672036,0.694292
3.8108,1.77466,0.638745,0.666189,0.619001,0.618391,0.628436,0.66267,0.705291,0.66576,0.671598,0.694711
3.811,1.77443,0.63758,0.666337,0.619047,0.618093,0.628087,0.662206,0.704545,0.66417,0.672095,0.694687
3.8112,1.77415,0.638536,0.666523,0.619074,0.617576,0.628769,0.66178,0.70442,0.667657,0.673647,0.694506
3.8114,1.77426,0.641151,0.666691,0.619085,0.617691,0.630448,0.661901,0.705341,0.673041,0.675098,0.694583
3.8116,1.77464,0.642479,0.666697,0.619003,0.618263,0.632371,0.6623,0.707053,0.675156,0.675629,0.694949
3.8118,1.77473,0.640945,0.666508,0.619116,0.61868,0.63342,0.662941,0.707827,0.67249,0.675466,0.695138
3.812,1.77478,0.637425,0.665785,0.619103,0.618475,0.633105,0.663587,0.706901,0.668384,0.675113,0.695275
3.8122,1.77432,0.634093,0.664724,0.619212,0.61768,0.631986,0.663768,0.706497,0.666533,0.674781,0.695069
3.8124,1.77411,0.63266,0.664315,0.620543,0.616823,0.631116,0.66361,0.707655,0.668204,0.6747,0.694884
3.8126,1.77393,0.634269,0.664793,0.622513,0.616847,0.631554,0.663079,0.709498,0.671563,0.67477,0.694841
3.8128,1.7738,0.638226,0.665426,0.623614,0.618094,0.633749,0.662652,0.711174,0.67362,0.674808,0.694791
3.813,1.77326,0.640894,0.665599,0.623297,0.61981,0.635914,0.662734,0.712159,0.673504,0.674845,0.694562
3.8132,1.77209,0.640422,0.665656,0.621663,0.620757,0.636919,0.663955,0.713245,0.672523,0.675046,0.69383
3.8134,1.77045,0.638833,0.665904,0.619972,0.620222,0.63661,0.664971,0.71413,0.671424,0.675315,0.692672
3.8136,1.76894,0.637803,0.667936,0.619147,0.618588,0.635545,0.66488,0.714956,0.670768,0.675514,0.691534
3.8138,1.76763,0.637415,0.671153,0.619512,0.616975,0.634877,0.664384,0.715455,0.671404,0.675691,0.690557
3.814,1.76681,0.638468,0.673566,0.620569,0.616292,0.635494,0.664291,0.71602,0.672105,0.675717,0.689898
3.8142,1.76635,0.640416,0.67393,0.621905,0.617253,0.636863,0.664324,0.716215,0.672141,0.675881,0.689627
3.8144,1.76566,0.641082,0.672234,0.622639,0.620244,0.637945,0.664516,0.717173,0.672185,0.675608,0.689265
3.8146,1.76467,0.640367,0.669921,0.622214,0.623433,0.638395,0.664812,0.717979,0.672822,0.675007,0.688655
3.8148,1.76332,0.640532,0.668868,0.620716,0.624224,0.637814,0.665377,0.718225,0.673306,0.674039,0.687798
3.815,1.76171,0.641848,0.669918,0.619014,0.622351,0.636529,0.665995,0.717748,0.672882,0.672742,0.686674
3.8152,1.76048,0.642561,0.672091,0.618165,0.619311,0.635364,0.666278,0.717167,0.671898,0.671854,0.685733
3.8154,1.75989,0.641939,0.67373,0.618085,0.617767,0.635594,0.665919,0.716815,0.671079,0.671225,0.68529
3.8156,1.75989,0.640546,0.673738,0.618673,0.618527,0.637432,0.665237,0.716999,0.670685,0.670528,0.685326
3.8158,1.76033,0.63906,0.672474,0.619862,0.620996,0.639402,0.665017,0.717216,0.671173,0.669728,0.685755
3.816,1.76073,0.638781,0.671034,0.621223,0.623758,0.640296,0.665657,0.717535,0.672295,0.668535,0.686254
3.8162,1.76083,0.640261,0.670376,0.621976,0.62508,0.639747,0.666402,0.718644,0.673168,0.666815,0.686522
3.8164,1.76075,0.642281,0.670653,0.62136,0.624455,0.637738,0.666972,0.71931,0.673276,0.665251,0.686626
3.8166,1.76042,0.642936,0.671731,0.619623,0.622442,0.635321,0.666891,0.720233,0.672828,0.66398,0.686514
3.8168,1.7604,0.641703,0.672851,0.617962,0.620021,0.633797,0.666789,0.722496,0.67217,0.662882,0.686525
3.817,1.76122,0.639485,0.673258,0.61711,0.618425,0.633496,0.666539,0.723859,0.671651,0.661904,0.687095
3.8172,1.76248,0.637224,0.672912,0.61739,0.618518,0.634036,0.666107,0.722102,0.671664,0.660744,0.688209
3.8174,1.76354,0.636267,0.672046,0.618643,0.619739,0.634499,0.666487,0.720949,0.672414,0.659358,0.689176
3.8176,1.7639,0.637247,0.671219,0.619812,0.621183,0.634451,0.667492,0.721352,0.673492,0.658168,0.689774
3.8178,1.76342,0.639067,0.670616,0.619994,0.622376,0.634067,0.668383,0.722529,0.673411,0.657483,0.689573
3.818,1.76311,0.639657,0.670815,0.619339,0.623092,0.633473,0.669146,0.724232,0.671803,0.657298,0.689329
3.8182,1.76349,0.637927,0.671823,0.618219,0.623131,0.63257,0.669497,0.725266,0.669711,0.657331,0.689597
3.8184,1.76457,0.634633,0.672894,0.617481,0.622274,0.631489,0.66967,0.726292,0.667854,0.657165,0.690362
3.8186,1.76596,0.631856,0.673893,0.617474,0.620947,0.630535,0.669485,0.727505,0.667171,0.656656,0.691576
3.8188,1.76645,0.63083,0.674563,0.61806,0.620144,0.630039,0.669681,0.728098,0.667304,0.656085,0.692237
3.819,1.76594,0.631903,0.674451,0.618864,0.620483,0.629922,0.670382,0.727339,0.668175,0.655798,0.692093
3.8192,1.76474,0.633645,0.67298,0.619313,0.621776,0.629678,0.670951,0.727315,0.6682,0.655952,0.691275
3.8194,1.76383,0.634688,0.670993,0.619304,0.622964,0.629527,0.671655,0.728116,0.666513,0.656493,0.690518
3.8196,1.76401,0.634355,0.669844,0.619235,0.623812,0.629339,0.672565,0.728834,0.663981,0.657049,0.690464
3.8198,1.7653,0.633571,0.670022,0.61928,0.623933,0.62881,0.673214,0.728562,0.661504,0.657184,0.691394
3.82,1.76676,0.633024,0.670753,0.619513,0.623373,0.628,0.672798,0.728685,0.660021,0.657114,0.692633
3.8202,1.7675,0.632527,0.670907,0.619752,0.622661,0.627179,0.67206,0.729553,0.659475,0.657141,0.693467
3.8204,1.76711,0.63254,0.669808,0.619894,0.622394,0.626782,0.671495,0.729008,0.659113,0.657266,0.693408
3.8206,1.76581,0.633394,0.667991,0.619913,0.622846,0.627072,0.671225,0.727833,0.658564,0.657427,0.692567
3.8208,1.76503,0.634504,0.666597,0.620076,0.623451,0.627363,0.671124,0.727632,0.658132,0.657526,0.691772
3.821,1.76589,0.634454,0.666186,0.620494,0.623992,0.627625,0.671308,0.729525,0.657903,0.657447,0.692186
3.8212,1.76796,0.633414,0.666595,0.620911,0.623829,0.62796,0.671576,0.731296,0.658188,0.657235,0.693712
3.8214,1.76974,0.632002,0.667271,0.621299,0.623269,0.627695,0.671589,0.732234,0.658365,0.65714,0.69531
3.8216,1.76996,0.63114,0.667598,0.621124,0.622511,0.627168,0.671051,0.73168,0.658636,0.657336,0.695872
3.8218,1.76858,0.631498,0.667335,0.620522,0.621922,0.627176,0.669989,0.731459,0.658909,0.657694,0.695005
3.822,1.76725,0.632829,0.666787,0.620302,0.621546,0.627502,0.669033,0.732896,0.658703,0.65802,0.693911
3.8222,1.76627,0.634219,0.666451,0.620537,0.621229,0.62764,0.668305,0.734201,0.658678,0.658148,0.693121
3.8224,1.76601,0.634744,0.666437,0.620726,0.621472,0.627685,0.667936,0.73331,0.659332,0.657842,0.692745
3.8226,1.76673,0.633795,0.666874,0.620692,0.621914,0.627467,0.668048,0.731202,0.659876,0.657148,0.693236
3.8228,1.76733,0.632116,0.66769,0.620358,0.621743,0.627196,0.668179,0.729691,0.659966,0.656638,0.693825
3.823,1.76755,0.630941,0.668554,0.619886,0.620947,0.627082,0.667821,0.730251,0.659958,0.656763,0.694109
3.8232,1.76703,0.630854,0.668975,0.619982,0.620328,0.626902,0.667122,0.731121,0.659927,0.657019,0.6939
3.8234,1.76599,0.631774,0.668738,0.620726,0.6203,0.627043,0.666374,0.731577,0.659868,0.656843,0.693148
3.8236,1.76548,0.632252,0.668072,0.621739,0.620663,0.627312,0.666292,0.731391,0.659772,0.655776,0.692631
3.8238,1.76574,0.631699,0.667491,0.622113,0.621488,0.627506,0.666336,0.730253,0.65994,0.65437,0.692742
3.824,1.76657,0.630518,0.667467,0.621697,0.62227,0.627993,0.666066,0.728825,0.660249,0.653494,0.693335
3.8242,1.76769,0.628763,0.668169,0.620949,0.62264,0.628526,0.665151,0.72772,0.66063,0.653509,0.694241
3.8244,1.76835,0.6269,0.669265,0.620702,0.622567,0.629251,0.664887,0.727287,0.661769,0.653658,0.694919
3.8246,1.76859,0.625625,0.670109,0.621108,0.622213,0.629822,0.665559,0.728361,0.66338,0.653636,0.695149
3.8248,1.76894,0.625178,0.670322,0.62195,0.621847,0.629636,0.666511,0.729316,0.664835,0.654196,0.695405
3.825,1.76958,0.6268,0.669898,0.62308,0.62234,0.629841,0.667117,0.728445,0.666334,0.655254,0.695858
3.8252,1.7702,0.630049,0.669211,0.623807,0.62327,0.630615,0.666773,0.728033,0.667342,0.65628,0.696423
3.8254,1.76994,0.632059,0.668867,0.624038,0.624063,0.631627,0.665623,0.727623,0.667334,0.65717,0.696433
3.8256,1.76878,0.630873,0.669471,0.624214,0.624107,0.632489,0.664184,0.728108,0.666296,0.6579,0.695657
3.8258,1.76735,0.627687,0.670682,0.624471,0.623069,0.632833,0.663468,0.731776,0.665467,0.658149,0.694572
3.826,1.76657,0.625433,0.671301,0.624743,0.621218,0.632526,0.663535,0.734662,0.665773,0.658145,0.693758
3.8262,1.76725,0.625215,0.670715,0.624553,0.619497,0.63272,0.663747,0.733739,0.667018,0.657886,0.694001
3.8264,1.76959,0.626635,0.669124,0.623915,0.618565,0.633833,0.663529,0.730273,0.667908,0.657659,0.695602
3.8266,1.77151,0.629507,0.667462,0.623258,0.61903,0.635599,0.663104,0.727567,0.668286,0.658098,0.697405
3.8268,1.7715,0.631718,0.666647,0.622942,0.620494,0.637322,0.662274,0.727727,0.667666,0.659068,0.697766
3.827,1.76947,0.63167,0.667321,0.623072,0.620975,0.638231,0.661642,0.730907,0.667117,0.660063,0.696585
3.8272,1.7662,0.630851,0.668837,0.623574,0.619777,0.638101,0.662174,0.733704,0.66735,0.661174,0.694089
3.8274,1.76451,0.631047,0.669558,0.624182,0.617881,0.637571,0.662919,0.733938,0.668014,0.661593,0.692281
3.8276,1.76573,0.631766,0.66866,0.624674,0.616643,0.63826,0.662896,0.732505,0.668749,0.661802,0.692763
3.8278,1.76856,0.632897,0.666304,0.625003,0.616147,0.640769,0.662307,0.732322,0.668884,0.662577,0.694844
3.828,1.77078,0.634827,0.664194,0.624905,0.615691,0.643243,0.661305,0.732666,0.669183,0.663472,0.696916
3.8282,1.77021,0.636386,0.66362,0.624506,0.61481,0.643726,0.660349,0.732697,0.669598,0.664142,0.697069
3.8284,1.76755,0.636502,0.664616,0.624238,0.613853,0.642457,0.660528,0.73194,0.669799,0.664594,0.695242
3.8286,1.76532,0.636573,0.666117,0.624234,0.613375,0.639989,0.661706,0.731613,0.66997,0.66487,0.693187
3.8288,1.76576,0.637321,0.666605,0.624689,0.613706,0.638021,0.662775,0.731212,0.670125,0.665227,0.693005
3.829,1.76853,0.638228,0.665477,0.625557,0.6141,0.638176,0.662869,0.730583,0.670357,0.66618,0.69484
3.8292,1.77218,0.638516,0.663644,0.625872,0.614371,0.640205,0.662059,0.730646,0.670768,0.667125,0.697728
3.8294,1.77379,0.638812,0.662239,0.625184,0.614722,0.641997,0.660977,0.730656,0.671455,0.667822,0.69951
3.8296,1.77351,0.638576,0.661906,0.623911,0.614572,0.641564,0.660781,0.73013,0.672209,0.667784,0.699484
3.8298,1.7728,0.637057,0.662664,0.62277,0.613967,0.638678,0.661679,0.730375,0.672453,0.667232,0.698978
3.83,1.77206,0.635495,0.664069,0.622257,0.613609,0.635153,0.663089,0.731202,0.672153,0.66678,0.698297
3.8302,1.77214,0.635363,0.665571,0.622324,0.6138,0.632638,0.66404,0.731377,0.671621,0.666891,0.698183
3.8304,1.77244,0.635723,0.666242,0.622585,0.614172,0.631927,0.663712,0.730472,0.67137,0.667383,0.698437
3.8306,1.77244,0.635159,0.666268,0.622656,0.614405,0.632528,0.662924,0.730083,0.671656,0.668019,0.698465
3.8308,1.77263,0.633951,0.666159,0.622647,0.614728,0.633214,0.66253,0.730004,0.672118,0.66865,0.698491
3.831,1.7736,0.632357,0.666169,0.62273,0.615206,0.632701,0.662954,0.731092,0.672401,0.668894,0.699108
3.8312,1.77495,0.630806,0.666207,0.622564,0.616004,0.630875,0.663948,0.733097,0.672269,0.668658,0.700052
3.8314,1.77683,0.630631,0.66633,0.621956,0.617277,0.62844,0.664832,0.734232,0.671468,0.668313,0.701469
3.8316,1.77766,0.631762,0.666768,0.621089,0.618331,0.626702,0.664912,0.733263,0.670135,0.668083,0.702351
3.8318,1.77751,0.632879,0.667482,0.620287,0.618472,0.626397,0.664336,0.731124,0.668536,0.667984,0.702296
3.832,1.77719,0.632482,0.668225,0.619785,0.617864,0.627154,0.663985,0.730144,0.667067,0.667997,0.702031
3.8322,1.7766,0.630318,0.669663,0.619753,0.617041,0.627945,0.664269,0.730892,0.666507,0.668061,0.701509
3.8324,1.777,0.627634,0.671211,0.620095,0.616635,0.628006,0.665651,0.733321,0.666872,0.668078,0.701512
3.8326,1.77844,0.626048,0.671966,0.620424,0.617343,0.627252,0.667215,0.735683,0.667281,0.66801,0.702476
3.8328,1.78005,0.626332,0.671324,0.620401,0.618884,0.626164,0.668571,0.735553,0.666718,0.668007,0.703707
3.833,1.78095,0.627882,0.670213,0.619907,0.62024,0.625252,0.669248,0.734879,0.664682,0.668171,0.704535
3.8332,1.7807,0.629244,0.669309,0.618933,0.620769,0.624932,0.668539,0.734782,0.661655,0.668185,0.704526
3.8334,1.77936,0.62925,0.669394,0.617753,0.620279,0.624939,0.66735,0.733733,0.659338,0.668498,0.703551
3.8336,1.77812,0.627866,0.670432,0.616957,0.619067,0.625253,0.666654,0.733385,0.658786,0.669047,0.702421
3.8338,1.77756,0.625864,0.671629,0.616836,0.61773,0.625636,0.666533,0.734303,0.659798,0.669241,0.701795
3.834,1.77775,0.624295,0.672393,0.617321,0.617021,0.625811,0.666621,0.733665,0.660631,0.669013,0.701754
3.8342,1.77862,0.624539,0.672129,0.617635,0.617582,0.625912,0.66654,0.731562,0.659849,0.66824,0.702282
3.8344,1.77941,0.626329,0.671377,0.617622,0.619721,0.625982,0.666168,0.729286,0.657791,0.667263,0.702944
3.8346,1.77982,0.628311,0.670618,0.616929,0.622184,0.625975,0.665557,0.728298,0.65541,0.666903,0.703272
3.8348,1.77954,0.62906,0.670788,0.615647,0.623234,0.625551,0.665209,0.728683,0.653557,0.667333,0.703157
3.835,1.77923,0.628099,0.671854,0.614192,0.622699,0.624838,0.665153,0.730679,0.652671,0.66807,0.702751
3.8352,1.78011,0.62622,0.67307,0.6132,0.621633,0.624492,0.665179,0.73185,0.652608,0.668543,0.703155
3.8354,1.78172,0.624806,0.673506,0.612857,0.62122,0.624808,0.665235,0.731828,0.652817,0.668515,0.704289
3.8356,1.78286,0.624648,0.672864,0.612588,0.621431,0.625334,0.665135,0.730598,0.652776,0.66855,0.705287
3.8358,1.78317,0.625738,0.671759,0.612207,0.622097,0.625418,0.664597,0.7299,0.652334,0.669023,0.705634
3.836,1.78214,0.627355,0.670801,0.611602,0.623292,0.624728,0.664282,0.729696,0.65161,0.669698,0.704999
3.8362,1.78137,0.628325,0.670998,0.611055,0.624517,0.623418,0.664765,0.729819,0.651007,0.669737,0.70411
3.8364,1.7816,0.627786,0.672378,0.610554,0.625179,0.62217,0.665512,0.729276,0.650844,0.669538,0.70409
3.8366,1.78209,0.625946,0.673814,0.610454,0.624703,0.621739,0.666092,0.728783,0.650834,0.669368,0.704393
3.8368,1.78264,0.623791,0.674465,0.610457,0.623668,0.622192,0.665777,0.728554,0.651033,0.669192,0.704777
3.837,1.78236,0.62254,0.673756,0.610158,0.623336,0.622707,0.664585,0.72754,0.651808,0.668927,0.704724
3.8372,1.7809,0.622558,0.67217,0.609515,0.623851,0.622655,0.663114,0.727009,0.652518,0.668702,0.703714
3.8374,1.77949,0.623144,0.670858,0.60906,0.624954,0.621355,0.662625,0.727405,0.652538,0.668225,0.702422
3.8376,1.77921,0.623884,0.670714,0.609179,0.625529,0.618994,0.663854,0.727674,0.651816,0.668061,0.701919
3.8378,1.77994,0.6239,0.671685,0.609703,0.625165,0.616502,0.665605,0.728038,0.650796,0.668654,0.702296
3.838,1.78157,0.623208,0.673064,0.610229,0.624247,0.615006,0.666205,0.728089,0.650112,0.669752,0.703376
3.8382,1.78256,0.621835,0.674491,0.610499,0.623443,0.615127,0.665129,0.727451,0.650292,0.670413,0.704401
3.8384,1.78219,0.620665,0.675418,0.610462,0.623831,0.616204,0.663747,0.726865,0.651342,0.67002,0.704215
3.8386,1.78148,0.620145,0.675317,0.610226,0.625001,0.617135,0.66299,0.72736,0.652705,0.668929,0.703661
3.8388,1.78064,0.620253,0.674614,0.610084,0.626025,0.616645,0.662836,0.727735,0.653687,0.667663,0.70297
3.839,1.78004,0.620013,0.673904,0.610397,0.62613,0.614717,0.663526,0.728339,0.653909,0.66746,0.702357
3.8392,1.78036,0.619347,0.673831,0.611191,0.625311,0.612306,0.664305,0.728807,0.653463,0.668496,0.702401
3.8394,1.78049,0.618571,0.674289,0.611929,0.624043,0.610712,0.664195,0.728546,0.652688,0.670103,0.702594
3.8396,1.78051,0.618186,0.674845,0.61214,0.623643,0.610475,0.663506,0.728377,0.652358,0.671583,0.702494
3.8398,1.78148,0.617703,0.674986,0.611846,0.623909,0.611176,0.662559,0.727791,0.653034,0.671924,0.703028
3.84,1.78294,0.617592,0.674563,0.611422,0.624352,0.612238,0.661782,0.727206,0.655487,0.671745,0.704048
3.8402,1.78439,0.618058,0.674258,0.611755,0.62406,0.61392,0.661391,0.726703,0.658745,0.671224,0.705264
3.8404,1.78427,0.618124,0.674631,0.613093,0.623015,0.615194,0.661357,0.726464,0.660243,0.67089,0.705452
3.8406,1.78253,0.617492,0.675244,0.61478,0.621277,0.615358,0.661246,0.726365,0.659454,0.670949,0.704324
3.8408,1.78033,0.617048,0.675618,0.616195,0.619686,0.614746,0.660945,0.726715,0.657073,0.671957,0.702488
3.841,1.77934,0.617212,0.67591,0.616632,0.618373,0.614131,0.660724,0.727643,0.655251,0.672996,0.701382
3.8412,1.77995,0.617773,0.67585,0.616557,0.617699,0.614317,0.660629,0.727589,0.655888,0.673695,0.701502
3.8414,1.78232,0.618506,0.675631,0.61615,0.618602,0.615383,0.660393,0.726985,0.658526,0.674313,0.703088
3.8416,1.78429,0.619361,0.675452,0.61577,0.620298,0.616214,0.659852,0.726968,0.661234,0.674195,0.704851
3.8418,1.78433,0.619837,0.675189,0.615613,0.620236,0.616376,0.659586,0.726525,0.661955,0.673751,0.705217
3.842,1.78266,0.619773,0.675018,0.615672,0.618105,0.616653,0.659543,0.726947,0.660394,0.673451,0.704159
3.8422,1.7802,0.619869,0.675242,0.615824,0.614895,0.617204,0.659457,0.727647,0.658708,0.673264,0.702173
3.8424,1.77928,0.620709,0.67583,0.616349,0.611962,0.61792,0.65928,0.728507,0.658661,0.673664,0.701019
3.8426,1.78058,0.621774,0.676238,0.616992,0.610616,0.618353,0.658855,0.728506,0.659967,0.674377,0.701615
3.8428,1.78308,0.622381,0.676426,0.617809,0.611323,0.618603,0.658324,0.726317,0.661646,0.674877,0.70344
3.843,1.78492,0.622352,0.67629,0.618769,0.612625,0.619108,0.657617,0.72371,0.662387,0.67534,0.7051
3.8432,1.78496,0.622428,0.676062,0.619284,0.612752,0.620196,0.657162,0.724365,0.661228,0.675669,0.705474
3.8434,1.78282,0.623364,0.676403,0.619422,0.611525,0.621276,0.656493,0.727749,0.658413,0.675691,0.704105
3.8436,1.78047,0.624834,0.677003,0.619142,0.609958,0.621908,0.656132,0.729868,0.655742,0.675627,0.702067
3.8438,1.77939,0.626755,0.677545,0.619069,0.609075,0.62221,0.656128,0.728957,0.654069,0.675604,0.700966
3.844,1.77995,0.628318,0.677659,0.619275,0.609216,0.622494,0.656406,0.726757,0.653821,0.675745,0.700987
3.8442,1.78193,0.628992,0.677557,0.619463,0.609985,0.623101,0.656602,0.724858,0.654051,0.676215,0.702427
3.8444,1.78347,0.629084,0.677061,0.619666,0.610733,0.624652,0.656196,0.724644,0.653952,0.677403,0.703756
3.8446,1.78385,0.628764,0.676336,0.619817,0.610967,0.626475,0.655494,0.725811,0.653351,0.678465,0.70429
3.8448,1.78251,0.628074,0.675944,0.61976,0.610902,0.627655,0.654541,0.726956,0.6522,0.678647,0.703552
3.845,1.77995,0.627269,0.676016,0.620116,0.611294,0.627626,0.653668,0.727488,0.65091,0.678269,0.701616
3.8452,1.77814,0.626976,0.676265,0.621069,0.612228,0.626691,0.653619,0.726537,0.649653,0.677465,0.699927
3.8454,1.77772,0.627408,0.67618,0.622121,0.613928,0.626144,0.654463,0.72528,0.648744,0.676795,0.699321
3.8456,1.77857,0.627954,0.675469,0.622508,0.615321,0.626736,0.655497,0.724239,0.648475,0.676913,0.699784
3.8458,1.77968,0.6281,0.674765,0.621901,0.615329,0.628755,0.656064,0.72392,0.648681,0.677174,0.700732
3.846,1.77956,0.627684,0.674057,0.621017,0.614096,0.630887,0.655923,0.724411,0.64911,0.67713,0.700925
3.8462,1.77824,0.626592,0.673376,0.6207,0.612697,0.632077,0.655445,0.724797,0.65005,0.676396,0.700057
3.8464,1.77669,0.625417,0.673021,0.621088,0.612283,0.631827,0.655609,0.725001,0.650746,0.674735,0.698803
3.8466,1.77553,0.625165,0.672873,0.622251,0.613277,0.63092,0.656299,0.725847,0.651403,0.67256,0.697837
3.8468,1.77498,0.625985,0.67216,0.623686,0.615115,0.630232,0.657001,0.726356,0.652279,0.671042,0.697271
3.847,1.77502,0.626844,0.670906,0.624368,0.616677,0.630569,0.657177,0.727399,0.653376,0.670492,0.697278
3.8472,1.77469,0.627084,0.669785,0.62359,0.616984,0.632352,0.656776,0.728151,0.654237,0.671024,0.697169
3.8474,1.77372,0.626762,0.669337,0.621937,0.615985,0.634535,0.656618,0.727897,0.654846,0.671868,0.696546
3.8476,1.77236,0.627053,0.670036,0.620807,0.615333,0.63552,0.656926,0.7276,0.655052,0.671957,0.695572
3.8478,1.77093,0.628329,0.67091,0.62077,0.617104,0.635075,0.657534,0.728294,0.655011,0.670465,0.694465
3.848,1.77011,0.629151,0.670855,0.621607,0.620345,0.63422,0.658275,0.729994,0.654874,0.667812,0.693723
3.8482,1.76984,0.628572,0.669775,0.622485,0.62275,0.633735,0.658859,0.730516,0.654891,0.665371,0.69352
3.8484,1.76949,0.62692,0.668266,0.622891,0.62347,0.634243,0.658851,0.729414,0.655324,0.664067,0.693338
3.8486,1.769,0.625003,0.667104,0.622268,0.622347,0.635331,0.658178,0.728691,0.656066,0.664014,0.693044
3.8488,1.76826,0.623576,0.666726,0.621277,0.620783,0.635983,0.657645,0.728851,0.656772,0.664533,0.692585
3.849,1.76746,0.623091,0.667028,0.620367,0.62035,0.635455,0.657953,0.728731,0.657183,0.664732,0.692
3.8492,1.76717,0.623398,0.667586,0.619725,0.621556,0.634545,0.658839,0.727119,0.657243,0.664197,0.691727
3.8494,1.76737,0.623855,0.667908,0.619323,0.623889,0.633985,0.659575,0.724639,0.657165,0.663204,0.69188
3.8496,1.76787,0.624017,0.667766,0.619209,0.62549,0.633766,0.659767,0.723027,0.657252,0.662256,0.692292
3.8498,1.76824,0.623773,0.667285,0.619248,0.625441,0.634174,0.659493,0.723337,0.65765,0.661722,0.69275
3.85,1.76799,0.623195,0.66669,0.618852,0.623519,0.634528,0.658948,0.724691,0.658253,0.661693,0.692719
3.8502,1.76755,0.622576,0.666174,0.617866,0.621262,0.634201,0.658518,0.7258,0.658747,0.661764,0.69242
3.8504,1.76758,0.622409,0.665936,0.616559,0.620216,0.632872,0.658669,0.726197,0.658899,0.66164,0.692421
3.8506,1.76778,0.622261,0.666139,0.615402,0.620968,0.63099,0.659182,0.725444,0.65856,0.661558,0.692635
3.8508,1.76778,0.622169,0.666461,0.614733,0.622593,0.630037,0.659204,0.724342,0.657999,0.66185,0.692771
3.851,1.76706,0.622801,0.666576,0.614679,0.623625,0.630516,0.658259,0.724316,0.657466,0.662521,0.692431
3.8512,1.76576,0.623893,0.666246,0.614832,0.623517,0.631657,0.656433,0.724902,0.656868,0.663204,0.691544
3.8514,1.76461,0.624292,0.665712,0.614713,0.6227,0.632326,0.654517,0.724681,0.65628,0.664019,0.690625
3.8516,1.76428,0.623351,0.66522,0.614191,0.621898,0.631909,0.65345,0.723223,0.65576,0.664818,0.690259
3.8518,1.76496,0.621528,0.66508,0.613487,0.621532,0.630564,0.653614,0.721107,0.655391,0.665064,0.690694
3.852,1.76615,0.62,0.665454,0.612929,0.621841,0.629018,0.653978,0.719757,0.654809,0.665073,0.691659
3.8522,1.76712,0.619755,0.666196,0.612788,0.62256,0.628132,0.653836,0.720169,0.654376,0.665336,0.692571
3.8524,1.76737,0.620857,0.666953,0.612964,0.623187,0.628104,0.652707,0.721671,0.653452,0.665796,0.692985
3.8526,1.76686,0.622393,0.66738,0.613383,0.623864,0.628775,0.650462,0.722779,0.651814,0.666283,0.69278
3.8528,1.76597,0.623195,0.667279,0.613832,0.62466,0.629945,0.647778,0.722731,0.650257,0.666662,0.692154
3.853,1.76553,0.622688,0.666787,0.614099,0.624934,0.630767,0.645645,0.722292,0.649421,0.666584,0.691735
3.8532,1.76581,0.621172,0.666362,0.6145,0.624664,0.630768,0.645122,0.722668,0.648993,0.66626,0.691896
3.8534,1.76617,0.619568,0.666299,0.614757,0.623936,0.629978,0.646102,0.72393,0.649269,0.666234,0.692296
3.8536,1.76588,0.618922,0.666675,0.614785,0.623043,0.62906,0.647722,0.725274,0.649919,0.666683,0.692265
3.8538,1.76493,0.619479,0.667013,0.614625,0.622733,0.628244,0.648126,0.72569,0.650414,0.667145,0.691721
3.854,1.76324,0.620474,0.667013,0.614298,0.623317,0.628283,0.646743,0.724643,0.650814,0.666688,0.690567
3.8542,1.76182,0.620855,0.666261,0.613932,0.624165,0.62918,0.644619,0.722571,0.651203,0.665425,0.689394
3.8544,1.76114,0.620616,0.665253,0.614352,0.624652,0.630096,0.64298,0.72112,0.651576,0.663858,0.688801
3.8546,1.76141,0.620217,0.664373,0.615648,0.624754,0.631051,0.642651,0.720816,0.651846,0.66324,0.688889
3.8548,1.76246,0.619765,0.664324,0.616698,0.624654,0.631349,0.643528,0.72232,0.652013,0.663892,0.689712
3.855,1.7632,0.619398,0.66505,0.61698,0.62448,0.631052,0.644908,0.722975,0.652305,0.665311,0.690509
3.8552,1.7628,0.61975,0.666288,0.616339,0.624618,0.63079,0.645872,0.72153,0.652983,0.666403,0.690515
3.8554,1.76122,0.620437,0.667126,0.615198,0.625213,0.631204,0.64593,0.718399,0.654044,0.666181,0.689539
3.8556,1.75949,0.62052,0.666638,0.614542,0.625789,0.631631,0.645175,0.716317,0.655246,0.664793,0.68811
3.8558,1.76016,0.619505,0.66498,0.61489,0.625838,0.631641,0.644361,0.716546,0.656038,0.663561,0.688164
3.856,1.76309,0.618201,0.663385,0.615986,0.625792,0.632179,0.644282,0.717082,0.656555,0.663479,0.690221
3.8562,1.7663,0.61755,0.662795,0.617361,0.626318,0.63309,0.64499,0.715814,0.656601,0.664548,0.692929
3.8564,1.76712,0.61815,0.662986,0.618267,0.627291,0.633702,0.645959,0.712457,0.656768,0.666397,0.694245
3.8566,1.76498,0.61908,0.663356,0.618455,0.628286,0.633447,0.646585,0.709522,0.65781,0.668275,0.693047
3.8568,1.7621,0.619291,0.66375,0.618089,0.628722,0.632597,0.64665,0.707657,0.659546,0.669257,0.690808
3.857,1.76019,0.618333,0.66376,0.618107,0.628568,0.631599,0.646389,0.707502,0.660749,0.668826,0.68909
3.8572,1.76032,0.616995,0.663857,0.618368,0.628264,0.630946,0.646186,0.707139,0.660689,0.667751,0.688826
3.8574,1.76249,0.616438,0.66397,0.619124,0.627932,0.631056,0.6462,0.705026,0.659468,0.667013,0.690274
3.8576,1.76518,0.617072,0.664464,0.620009,0.628488,0.63183,0.64652,0.70254,0.658757,0.667126,0.692493
3.8578,1.76656,0.61847,0.665534,0.620331,0.629392,0.632571,0.647096,0.700856,0.659825,0.667867,0.693952
3.858,1.76628,0.619729,0.666952,0.62018,0.629483,0.63296,0.647678,0.700179,0.66101,0.668712,0.694031
3.8582,1.76557,0.62002,0.667743,0.619767,0.628499,0.632548,0.647872,0.700332,0.661039,0.670125,0.693466
3.8584,1.76553,0.619533,0.66758,0.619314,0.627181,0.631563,0.647747,0.700561,0.660791,0.672197,0.69331
3.8586,1.76582,0.618858,0.667161,0.619235,0.626477,0.630753,0.647754,0.70039,0.661204,0.673108,0.693554
3.8588,1.76597,0.6185,0.667018,0.619454,0.626429,0.6307,0.647671,0.700053,0.662574,0.67222,0.693757
3.859,1.76561,0.618802,0.667111,0.61954,0.626276,0.631951,0.647299,0.699659,0.663968,0.669894,0.693629
3.8592,1.76467,0.619785,0.667186,0.619306,0.625952,0.633742,0.646381,0.699296,0.665127,0.667346,0.693002
3.8594,1.76379,0.620989,0.666954,0.619146,0.62629,0.634331,0.645462,0.699555,0.666655,0.666299,0.692252
3.8596,1.76434,0.621878,0.666199,0.619857,0.627451,0.632926,0.645209,0.699749,0.667871,0.667234,0.692342
3.8598,1.76644,0.622541,0.665164,0.621236,0.628195,0.630261,0.645495,0.699075,0.66789,0.669322,0.693782
3.86,1.76899,0.622857,0.664546,0.622306,0.627863,0.627718,0.64547,0.69818,0.666757,0.671195,0.695836
3.8602,1.77047,0.622834,0.664904,0.622522,0.626788,0.627135,0.644899,0.697822,0.665861,0.671712,0.697312
3.8604,1.77017,0.622654,0.665766,0.621895,0.625671,0.628714,0.643593,0.698028,0.666602,0.670508,0.697398
3.8606,1.76903,0.622693,0.666271,0.621013,0.625028,0.63064,0.642326,0.698314,0.66873,0.668599,0.696517
3.8608,1.76841,0.623199,0.666016,0.620634,0.625173,0.631275,0.64186,0.69824,0.670922,0.667426,0.695891
3.861,1.76874,0.624113,0.664955,0.621172,0.626171,0.631525,0.642492,0.69816,0.671988,0.66805,0.695911
3.8612,1.77057,0.625765,0.663703,0.621926,0.627694,0.631793,0.643026,0.698831,0.67126,0.670512,0.697103
3.8614,1.77267,0.627795,0.662955,0.622016,0.628718,0.632108,0.642657,0.700617,0.669384,0.67279,0.698777
3.8616,1.77402,0.628828,0.663903,0.6211,0.628469,0.632365,0.641238,0.702901,0.66778,0.673347,0.700029
3.8618,1.77402,0.627948,0.666043,0.619712,0.627336,0.63293,0.639479,0.704078,0.667716,0.671756,0.700265
3.862,1.77271,0.625987,0.667818,0.618699,0.626135,0.633625,0.63811,0.704384,0.669136,0.66923,0.699419
3.8622,1.77109,0.624072,0.66787,0.61858,0.625601,0.634115,0.6376,0.704884,0.670521,0.667779,0.698071
3.8624,1.77037,0.623544,0.666239,0.619575,0.62654,0.634544,0.63781,0.704867,0.671118,0.668996,0.697267
3.8626,1.77089,0.624677,0.66427,0.620774,0.628777,0.634869,0.638204,0.704821,0.670508,0.671749,0.697431
3.8628,1.7724,0.62787,0.663241,0.621008,0.630699,0.63502,0.638277,0.704942,0.669519,0.673951,0.698455
3.863,1.77397,0.631254,0.663707,0.61964,0.630994,0.634979,0.637975,0.704674,0.668817,0.674267,0.699744
3.8632,1.77466,0.632082,0.665319,0.617193,0.629566,0.634832,0.637662,0.704242,0.66906,0.672566,0.70045
3.8634,1.77444,0.629898,0.667245,0.615172,0.627858,0.634738,0.637675,0.703578,0.669656,0.670459,0.700395
3.8636,1.77368,0.625965,0.668442,0.614408,0.626956,0.634883,0.638158,0.703341,0.670505,0.669493,0.699826
3.8638,1.77302,0.622941,0.668525,0.614752,0.627893,0.635423,0.638976,0.702915,0.671143,0.670111,0.699193
3.864,1.7732,0.622523,0.668264,0.615706,0.62993,0.636059,0.639597,0.701734,0.6717,0.672159,0.699139
3.8642,1.77393,0.624896,0.668387,0.616088,0.631832,0.636649,0.639875,0.700308,0.672328,0.674353,0.699624
3.8644,1.77448,0.62921,0.668926,0.61516,0.631983,0.636949,0.640371,0.700351,0.672901,0.675274,0.700136
3.8646,1.77406,0.631875,0.669809,0.613264,0.630367,0.636546,0.641205,0.700614,0.673261,0.674171,0.699987
3.8648,1.77281,0.630719,0.670723,0.611437,0.628417,0.635513,0.642089,0.7005,0.672859,0.671939,0.699072
3.865,1.77152,0.626864,0.671308,0.610457,0.627835,0.634427,0.642645,0.698732,0.672101,0.67018,0.698007
3.8652,1.77063,0.623099,0.671521,0.610514,0.628894,0.634193,0.642672,0.695582,0.671755,0.669946,0.697219
3.8654,1.76995,0.621943,0.671673,0.611203,0.631239,0.635118,0.642281,0.692998,0.671814,0.671143,0.696659
3.8656,1.76929,0.623794,0.672105,0.611844,0.633282,0.636477,0.641864,0.692068,0.671971,0.672675,0.696146
3.8658,1.76829,0.626987,0.672711,0.611945,0.633728,0.637209,0.641939,0.692337,0.67199,0.673498,0.695499
3.866,1.7665,0.629024,0.673212,0.611455,0.632644,0.636824,0.642781,0.692885,0.671738,0.673336,0.694234
3.8662,1.76429,0.628896,0.673626,0.61067,0.63112,0.635632,0.644129,0.692662,0.671423,0.672469,0.69261
3.8664,1.76185,0.627237,0.673978,0.610086,0.63012,0.634233,0.645382,0.691362,0.671449,0.671254,0.690725
3.8666,1.76011,0.625175,0.674178,0.609888,0.629846,0.633649,0.645942,0.690091,0.67171,0.670461,0.689236
3.8668,1.75915,0.624227,0.674261,0.610076,0.630165,0.634097,0.64557,0.690651,0.671817,0.670489,0.688446
3.867,1.75841,0.625131,0.674452,0.610584,0.630726,0.634889,0.644681,0.693424,0.671977,0.671247,0.687941
3.8672,1.75756,0.626573,0.674725,0.611155,0.630842,0.63544,0.644094,0.696277,0.671876,0.672296,0.687387
3.8674,1.75639,0.627557,0.674676,0.611298,0.630473,0.635164,0.644307,0.697072,0.671341,0.672878,0.686645
3.8676,1.75486,0.628399,0.673861,0.610892,0.629877,0.634013,0.64486,0.696636,0.670729,0.672385,0.685571
3.8678,1.75363,0.629608,0.672516,0.610117,0.62946,0.633024,0.645249,0.696076,0.670219,0.671456,0.68462
3.868,1.75289,0.630247,0.671444,0.609459,0.62957,0.632598,0.644753,0.695629,0.670013,0.670853,0.684054
3.8682,1.75268,0.630068,0.671024,0.60929,0.629848,0.632637,0.643804,0.696048,0.670749,0.670724,0.683898
3.8684,1.75293,0.629757,0.671265,0.609683,0.629871,0.633302,0.64332,0.697854,0.671496,0.671,0.684151
3.8686,1.75313,0.629486,0.671623,0.610394,0.629442,0.633935,0.642945,0.699504,0.671996,0.671479,0.684459
3.8688,1.75312,0.62949,0.672052,0.611017,0.62878,0.63453,0.642576,0.700437,0.671608,0.672495,0.684598
3.869,1.75306,0.630559,0.671602,0.611217,0.628375,0.634987,0.641797,0.701079,0.67124,0.673733,0.684644
3.8692,1.7531,0.63237,0.669906,0.610852,0.628432,0.634697,0.64129,0.701011,0.671724,0.674036,0.684779
3.8694,1.7533,0.633464,0.667967,0.610173,0.628919,0.633589,0.641528,0.700946,0.672256,0.673446,0.684963
3.8696,1.75399,0.633147,0.666697,0.609478,0.629194,0.632498,0.641452,0.702326,0.671795,0.672456,0.685498
3.8698,1.7552,0.631928,0.666196,0.609211,0.629085,0.632109,0.640464,0.704721,0.670814,0.671801,0.686476
3.87,1.75607,0.630114,0.665982,0.609321,0.628683,0.632859,0.638782,0.706719,0.66976,0.672105,0.687372
3.8702,1.75599,0.629224,0.665541,0.60947,0.628614,0.633918,0.637352,0.707988,0.669064,0.672944,0.687592
3.8704,1.75496,0.630271,0.664633,0.609252,0.629782,0.634217,0.636595,0.708532,0.669505,0.673709,0.687014
3.8706,1.75362,0.632418,0.663749,0.608801,0.631345,0.633407,0.636337,0.708011,0.670959,0.67398,0.686019
3.8708,1.75309,0.633578,0.663278,0.608465,0.632395,0.632339,0.636273,0.706315,0.672155,0.673464,0.685455
3.871,1.75388,0.632912,0.663354,0.608208,0.63257,0.631869,0.636061,0.704434,0.672714,0.672733,0.68592
3.8712,1.75549,0.63042,0.66379,0.608362,0.631693,0.632182,0.635668,0.70356,0.672139,0.672468,0.687159
3.8714,1.75718,0.628076,0.664294,0.608915,0.630752,0.632962,0.635301,0.704069,0.671801,0.673015,0.688596
3.8716,1.75819,0.627155,0.664608,0.609636,0.630354,0.633962,0.63521,0.706088,0.672673,0.674406,0.689624
3.8718,1.75813,0.627836,0.664618,0.609794,0.631018,0.634269,0.635478,0.707396,0.673655,0.675452,0.68982
3.872,1.75745,0.629075,0.664579,0.609335,0.632869,0.634159,0.636065,0.705394,0.673573,0.675148,0.689391
3.8722,1.75714,0.629507,0.664658,0.608558,0.634576,0.634462,0.636575,0.701989,0.67299,0.674267,0.689056
3.8724,1.75768,0.628141,0.664982,0.608035,0.635008,0.634866,0.636644,0.698499,0.672486,0.673659,0.689359
3.8726,1.75887,0.62552,0.666496,0.607759,0.633823,0.635125,0.636693,0.696514,0.672309,0.673527,0.690265
3.8728,1.75973,0.623057,0.66887,0.607959,0.632085,0.635101,0.637298,0.696548,0.672526,0.674295,0.691123
3.873,1.75937,0.622104,0.670904,0.608446,0.631448,0.634476,0.638255,0.696794,0.67305,0.675378,0.691127
3.8732,1.75788,0.623204,0.671375,0.608828,0.632131,0.633494,0.638992,0.6961,0.67424,0.676308,0.690164
3.8734,1.75693,0.625189,0.670633,0.609088,0.633686,0.632877,0.638995,0.693751,0.674808,0.676397,0.68921
3.8736,1.75776,0.626442,0.669208,0.609232,0.635304,0.633229,0.638354,0.690496,0.674274,0.675344,0.689566
3.8738,1.75956,0.627131,0.668672,0.609322,0.636194,0.634143,0.637578,0.688113,0.674049,0.674447,0.690939
3.874,1.76066,0.627356,0.670039,0.609371,0.636081,0.634788,0.63736,0.68696,0.673458,0.674427,0.692092
3.8742,1.75976,0.626599,0.672436,0.60948,0.635485,0.634664,0.638051,0.686549,0.671907,0.675447,0.691846
3.8744,1.75695,0.625683,0.674036,0.60989,0.634959,0.633871,0.639345,0.686027,0.670087,0.676707,0.689927
3.8746,1.75423,0.625563,0.67422,0.610452,0.634852,0.632755,0.640647,0.685057,0.668546,0.677161,0.687601
3.8748,1.75432,0.62603,0.673302,0.610866,0.635343,0.631951,0.64136,0.683919,0.668202,0.676019,0.687087
3.875,1.7571,0.626396,0.671921,0.611082,0.635888,0.632093,0.641213,0.68309,0.668756,0.674732,0.688945
3.8752,1.7601,0.626548,0.671125,0.611626,0.635709,0.633117,0.640582,0.683545,0.668973,0.67426,0.691513
3.8754,1.76077,0.626152,0.671732,0.612698,0.634902,0.634262,0.640171,0.685649,0.667721,0.674679,0.692636
3.8756,1.75848,0.625418,0.673401,0.613556,0.633792,0.634736,0.640511,0.688054,0.665565,0.676078,0.691363
3.8758,1.75528,0.625273,0.674851,0.613575,0.632854,0.634324,0.641203,0.689082,0.663379,0.677562,0.68875
3.876,1.75441,0.626174,0.675161,0.612775,0.632623,0.633318,0.641989,0.69021,0.661988,0.678077,0.687575
3.8762,1.75633,0.62759,0.674244,0.61183,0.632802,0.632422,0.64203,0.691605,0.661639,0.677516,0.688603
3.8764,1.76026,0.628518,0.673523,0.612039,0.633063,0.632339,0.640908,0.692722,0.662762,0.676765,0.691484
3.8766,1.76345,0.628307,0.674156,0.613802,0.63297,0.633174,0.63924,0.694032,0.665428,0.676658,0.694374
3.8768,1.76409,0.62725,0.676066,0.616097,0.632552,0.634382,0.63797,0.695114,0.667536,0.676818,0.695352
3.877,1.76314,0.626355,0.677924,0.617751,0.632101,0.635167,0.637635,0.696256,0.667714,0.677579,0.694775
3.8772,1.76206,0.626491,0.678855,0.618015,0.631693,0.63511,0.638841,0.698292,0.666474,0.67835,0.693838
3.8774,1.76231,0.627733,0.678445,0.616977,0.631305,0.63437,0.640264,0.699935,0.665371,0.678686,0.693677
3.8776,1.76449,0.629299,0.677632,0.616105,0.630932,0.633506,0.640145,0.700364,0.665872,0.678278,0.695045
3.8778,1.76747,0.630099,0.677015,0.616472,0.630817,0.633271,0.638802,0.700719,0.667728,0.677929,0.697327
3.878,1.76985,0.629638,0.677015,0.617825,0.631588,0.633821,0.637409,0.702525,0.669068,0.678144,0.699347
3.8782,1.77071,0.628327,0.677397,0.618912,0.633028,0.634607,0.636694,0.705115,0.669158,0.678701,0.700284
3.8784,1.77031,0.627499,0.677607,0.619015,0.633354,0.634958,0.636796,0.707101,0.668709,0.679041,0.700071
3.8786,1.77008,0.628071,0.677254,0.618247,0.631844,0.63429,0.637197,0.707754,0.668833,0.678508,0.699657
3.8788,1.77111,0.629441,0.677391,0.617257,0.629378,0.633161,0.637307,0.70726,0.669452,0.677281,0.700226
3.879,1.77225,0.630324,0.677674,0.616883,0.627271,0.631875,0.636982,0.706004,0.669462,0.676352,0.701058
3.8792,1.77321,0.630266,0.677602,0.617421,0.626698,0.630652,0.636439,0.704988,0.668232,0.676433,0.701855
3.8794,1.77299,0.629788,0.676954,0.618414,0.627635,0.629559,0.636018,0.704652,0.666092,0.677746,0.701825
3.8796,1.77233,0.629301,0.675813,0.619267,0.62892,0.628892,0.63613,0.705011,0.664013,0.679495,0.701256
3.8798,1.77189,0.62885,0.674494,0.619639,0.628907,0.62858,0.636923,0.706001,0.663664,0.680971,0.700714
3.88,1.77283,0.62869,0.6745,0.619713,0.627695,0.628641,0.638179,0.706822,0.664924,0.681162,0.701075
3.8802,1.77502,0.628666,0.675964,0.619603,0.626202,0.62892,0.639522,0.707101,0.66659,0.680203,0.702587
3.8804,1.7769,0.628756,0.677358,0.619899,0.624883,0.629021,0.640592,0.706416,0.6675,0.679001,0.704115
3.8806,1.77762,0.628872,0.677194,0.620465,0.623868,0.629788,0.64124,0.705582,0.667409,0.678737,0.704886
3.8808,1.77675,0.630038,0.675323,0.621175,0.623628,0.63103,0.64143,0.704272,0.667707,0.680109,0.704325
3.881,1.77567,0.633083,0.672734,0.621627,0.624078,0.631422,0.641776,0.703724,0.667854,0.682073,0.703356
3.8812,1.77516,0.636269,0.670995,0.621798,0.624677,0.630548,0.642956,0.704062,0.666964,0.68333,0.702713
3.8814,1.7756,0.636947,0.67069,0.621936,0.624606,0.628981,0.64451,0.703876,0.665302,0.683073,0.70279
3.8816,1.77686,0.634732,0.671341,0.621957,0.623451,0.62764,0.645683,0.70248,0.663718,0.681933,0.70356
3.8818,1.77846,0.63135,0.672007,0.621977,0.621721,0.626765,0.645847,0.699839,0.662645,0.680695,0.704755
3.882,1.77873,0.628652,0.671907,0.621945,0.620293,0.626473,0.645284,0.697244,0.662116,0.680376,0.705196
3.8822,1.77802,0.628112,0.671008,0.621775,0.619762,0.6265,0.64493,0.696088,0.661933,0.680817,0.70464
3.8824,1.777,0.629618,0.669824,0.621453,0.620028,0.626342,0.645411,0.696089,0.661866,0.681917,0.703808
3.8826,1.77606,0.631561,0.668876,0.621093,0.620527,0.62597,0.646724,0.696815,0.661816,0.682875,0.702904
3.8828,1.77615,0.63247,0.668696,0.620786,0.62068,0.625765,0.64836,0.697344,0.661759,0.682969,0.702647
3.883,1.77699,0.632147,0.66921,0.620344,0.620227,0.625766,0.649619,0.696946,0.661717,0.682171,0.703198
3.8832,1.77741,0.63117,0.669755,0.620113,0.619391,0.625639,0.649949,0.696124,0.661777,0.68073,0.703562
3.8834,1.77739,0.630139,0.669814,0.620244,0.618685,0.625137,0.649353,0.696129,0.662007,0.679863,0.703527
3.8836,1.77695,0.629976,0.669273,0.62036,0.618306,0.62425,0.648979,0.697704,0.662104,0.679784,0.70322
3.8838,1.77612,0.630773,0.668671,0.620026,0.618194,0.623348,0.649302,0.699873,0.661861,0.680054,0.702514
3.884,1.77537,0.631611,0.668572,0.619332,0.618357,0.622893,0.649868,0.700968,0.662095,0.680672,0.701865
3.8842,1.77419,0.63242,0.668709,0.618932,0.618726,0.623189,0.649995,0.701106,0.662924,0.680771,0.700981
3.8844,1.77301,0.633395,0.668734,0.61877,0.618805,0.623923,0.64919,0.700962,0.663824,0.680238,0.699915
3.8846,1.77258,0.634145,0.668802,0.618999,0.618434,0.624363,0.647797,0.700739,0.663989,0.679276,0.69938
3.8848,1.77288,0.634002,0.669042,0.619317,0.617901,0.624034,0.646454,0.701077,0.66325,0.67871,0.699478
3.885,1.77354,0.633947,0.669447,0.619277,0.617508,0.623129,0.645655,0.703053,0.662348,0.678636,0.699917
3.8852,1.77409,0.634117,0.670074,0.619265,0.617312,0.622278,0.645714,0.705297,0.66187,0.679346,0.700377
3.8854,1.77371,0.634316,0.670506,0.61953,0.617251,0.62208,0.645934,0.706933,0.662302,0.680551,0.700284
3.8856,1.77262,0.634861,0.670399,0.619874,0.617278,0.622769,0.645286,0.70721,0.663298,0.681122,0.69939
3.8858,1.7722,0.63635,0.670085,0.619506,0.617416,0.623923,0.643873,0.706547,0.664361,0.680507,0.698897
3.886,1.77215,0.637597,0.669812,0.618678,0.617665,0.624701,0.642083,0.707505,0.665119,0.679205,0.698775
3.8862,1.77264,0.637509,0.669579,0.618199,0.617778,0.6245,0.641218,0.710589,0.665309,0.677841,0.698989
3.8864,1.77348,0.636124,0.66958,0.618485,0.617514,0.623401,0.64229,0.713369,0.664966,0.676989,0.699654
3.8866,1.77345,0.634374,0.670127,0.619021,0.616676,0.621988,0.643844,0.714869,0.664429,0.677179,0.699784
3.8868,1.77276,0.6332,0.670909,0.619246,0.615658,0.621024,0.644198,0.71563,0.6643,0.678011,0.699322
3.887,1.77157,0.633813,0.67081,0.619054,0.615235,0.621247,0.642928,0.715367,0.66478,0.678875,0.69842
3.8872,1.77077,0.635829,0.669723,0.618517,0.615342,0.622258,0.640953,0.71424,0.665101,0.679339,0.697606
3.8874,1.77119,0.637865,0.668085,0.617992,0.615817,0.622766,0.63947,0.713051,0.665362,0.679528,0.697686
3.8876,1.77238,0.638812,0.666538,0.617864,0.616006,0.622028,0.639057,0.71184,0.664963,0.679297,0.698515
3.8878,1.77366,0.63799,0.665998,0.618402,0.616045,0.620263,0.639755,0.711494,0.663798,0.679101,0.699515
3.888,1.77446,0.636475,0.666912,0.619343,0.615842,0.618447,0.640977,0.711723,0.662281,0.678932,0.700247
3.8882,1.77445,0.635882,0.668611,0.620288,0.615631,0.617495,0.641947,0.712379,0.661638,0.679401,0.700365
3.8884,1.77392,0.636405,0.669791,0.62053,0.616067,0.617605,0.642303,0.712003,0.661989,0.680066,0.699929
3.8886,1.77392,0.638047,0.669029,0.620287,0.617524,0.618212,0.642302,0.710654,0.662822,0.680941,0.699755
3.8888,1.77472,0.640173,0.666525,0.620059,0.619205,0.618626,0.642421,0.708782,0.662713,0.681578,0.700196
3.889,1.77634,0.641217,0.663818,0.620273,0.620501,0.618262,0.642874,0.707023,0.661319,0.681735,0.701316
3.8892,1.77761,0.640835,0.662652,0.620785,0.620252,0.617108,0.643438,0.704723,0.659318,0.681706,0.702416
3.8894,1.77765,0.639624,0.663587,0.621327,0.61872,0.615876,0.644236,0.703541,0.657919,0.681874,0.702647
3.8896,1.77628,0.638458,0.665502,0.62173,0.617481,0.615185,0.645208,0.703,0.657422,0.682257,0.701803
3.8898,1.77434,0.638307,0.666704,0.621945,0.617539,0.615182,0.646039,0.703443,0.657694,0.682601,0.70022
3.89,1.77328,0.639399,0.666392,0.622034,0.618891,0.615575,0.646545,0.704066,0.657978,0.682722,0.699103
3.8902,1.77384,0.640777,0.664749,0.621852,0.620403,0.615888,0.646776,0.702148,0.657288,0.682666,0.699212
3.8904,1.77555,0.641035,0.662865,0.621875,0.621413,0.615776,0.647353,0.697976,0.655855,0.683299,0.700325
3.8906,1.77793,0.640922,0.661983,0.622234,0.621728,0.615483,0.648544,0.695051,0.655028,0.684089,0.702096
3.8908,1.7793,0.640845,0.66246,0.622301,0.621256,0.61539,0.649743,0.694942,0.655152,0.684277,0.703451
3.891,1.77928,0.640505,0.663644,0.622386,0.620706,0.615447,0.650578,0.696047,0.655966,0.683628,0.703556
3.8912,1.77806,0.640099,0.664837,0.623036,0.620564,0.615696,0.650657,0.695884,0.656872,0.682467,0.702834
3.8914,1.77638,0.639899,0.665359,0.623603,0.62114,0.616311,0.650824,0.693779,0.657566,0.681845,0.701384
3.8916,1.77598,0.640534,0.665262,0.623903,0.622337,0.61676,0.651163,0.691525,0.657706,0.681974,0.700709
3.8918,1.77701,0.641898,0.664761,0.623519,0.623643,0.61658,0.651771,0.691119,0.657422,0.682653,0.701268
3.892,1.77861,0.643205,0.664438,0.62255,0.623588,0.616716,0.652279,0.693124,0.657113,0.683237,0.702441
3.8922,1.77969,0.64384,0.664976,0.621708,0.621852,0.617858,0.652465,0.696049,0.657294,0.682867,0.703412
3.8924,1.77944,0.643415,0.66636,0.621505,0.619329,0.619594,0.652228,0.696839,0.658279,0.681476,0.703422
3.8926,1.77888,0.642083,0.667613,0.62208,0.617033,0.620725,0.65194,0.695818,0.65941,0.679439,0.702847
3.8928,1.77937,0.640623,0.668033,0.623058,0.616181,0.620616,0.652302,0.695503,0.65984,0.677843,0.702929
3.893,1.7806,0.639679,0.667369,0.623892,0.618079,0.619888,0.653335,0.696391,0.659682,0.678171,0.703752
3.8932,1.78232,0.640067,0.666422,0.624367,0.621936,0.61937,0.65424,0.697297,0.659517,0.680513,0.704962
3.8934,1.78336,0.641983,0.666103,0.624401,0.624431,0.619681,0.654707,0.696887,0.659563,0.682737,0.705948
3.8936,1.78341,0.644188,0.666697,0.624235,0.622914,0.621154,0.654558,0.696015,0.659655,0.683474,0.706026
3.8938,1.7837,0.645014,0.668056,0.624232,0.618264,0.623229,0.654008,0.696189,0.66002,0.682318,0.706063
3.894,1.78483,0.643831,0.66942,0.624426,0.613021,0.624657,0.653586,0.697385,0.661115,0.680031,0.706688
3.8942,1.78665,0.641478,0.670072,0.624549,0.610082,0.624772,0.653976,0.698597,0.662296,0.678165,0.707941
3.8944,1.78824,0.639789,0.669799,0.625016,0.610411,0.623618,0.654926,0.699256,0.662618,0.678116,0.70921
3.8946,1.78866,0.640436,0.669018,0.625939,0.612637,0.622069,0.655894,0.699828,0.662031,0.679861,0.709695
3.8948,1.78797,0.642627,0.668389,0.626381,0.614912,0.621443,0.656214,0.701439,0.661786,0.681572,0.709215
3.895,1.78669,0.644497,0.668266,0.625795,0.615576,0.621983,0.655537,0.704036,0.66248,0.682124,0.708179
3.8952,1.78559,0.644497,0.668833,0.624632,0.614484,0.623292,0.655066,0.705982,0.663307,0.680894,0.707118
3.8954,1.78549,0.642654,0.669924,0.6234,0.61236,0.623865,0.655989,0.706061,0.664282,0.678049,0.706725
3.8956,1.78639,0.640958,0.670567,0.622719,0.610546,0.623206,0.658535,0.70486,0.665676,0.675443,0.707196
3.8958,1.78773,0.640736,0.669957,0.623935,0.609816,0.621861,0.661128,0.704037,0.667319,0.675243,0.708108
3.896,1.78904,0.642033,0.668617,0.626298,0.610446,0.620827,0.662909,0.704811,0.668066,0.677009,0.70909
3.8962,1.78979,0.643915,0.667277,0.627507,0.611834,0.621492,0.662713,0.707915,0.667544,0.678809,0.709703
3.8964,1.79,0.644963,0.666916,0.626612,0.612998,0.623554,0.660953,0.710609,0.666761,0.679583,0.709846
3.8966,1.78994,0.645039,0.667599,0.624242,0.613439,0.625196,0.659217,0.710266,0.666773,0.677907,0.709729
3.8968,1.78983,0.644532,0.669014,0.622142,0.613254,0.625901,0.659027,0.707403,0.667909,0.674644,0.709528
3.897,1.78979,0.643778,0.670736,0.621258,0.612778,0.625835,0.660076,0.704315,0.669788,0.671351,0.709398
3.8972,1.78967,0.643797,0.671983,0.621328,0.612492,0.626051,0.661075,0.703261,0.671557,0.669687,0.70923
3.8974,1.78947,0.645282,0.672618,0.62193,0.612829,0.626822,0.661279,0.704668,0.672663,0.671607,0.708964
3.8976,1.78961,0.646987,0.672467,0.623309,0.613373,0.627824,0.660695,0.705693,0.672937,0.675445,0.7089
3.8978,1.78965,0.646874,0.671812,0.624332,0.614273,0.628216,0.659838,0.7056,0.672401,0.677519,0.708939
3.898,1.78872,0.645524,0.671315,0.623864,0.615401,0.62765,0.65935,0.703144,0.671275,0.676129,0.708331
3.8982,1.78677,0.644888,0.671623,0.622825,0.616338,0.626828,0.659977,0.698959,0.670585,0.672264,0.706914
3.8984,1.78409,0.645127,0.672618,0.622267,0.616705,0.626278,0.661034,0.696221,0.670733,0.668642,0.704844
3.8986,1.78172,0.645764,0.673481,0.622093,0.616618,0.626853,0.661662,0.696482,0.671024,0.667064,0.702779
3.8988,1.78028,0.645852,0.673912,0.622408,0.616386,0.627948,0.661483,0.69775,0.671356,0.667912,0.701468
3.899,1.77949,0.644873,0.673544,0.62299,0.616266,0.629118,0.661005,0.696979,0.671656,0.670032,0.700697
3.8992,1.77936,0.643782,0.673353,0.622886,0.616621,0.629579,0.660651,0.694039,0.671836,0.671572,0.700507
3.8994,1.77886,0.643793,0.673757,0.622519,0.617583,0.629188,0.660575,0.691376,0.671073,0.67152,0.700265
3.8996,1.77732,0.644899,0.674843,0.622757,0.618745,0.628379,0.660889,0.69087,0.670049,0.67051,0.699274
3.8998,1.77467,0.646644,0.675978,0.623724,0.619375,0.628201,0.661222,0.692508,0.668624,0.669552,0.697418
3.9,1.77128,0.647972,0.676416,0.624567,0.619115,0.628567,0.66124,0.694445,0.66736,0.669116,0.694862
3.9002,1.76833,0.647338,0.675862,0.624576,0.618138,0.628949,0.661355,0.695094,0.66716,0.669357,0.692429
3.9004,1.7666,0.645388,0.67525,0.623873,0.61687,0.629146,0.66206,0.694919,0.667899,0.669872,0.690904
3.9006,1.76581,0.644305,0.675011,0.622389,0.616041,0.6288,0.662972,0.694817,0.668018,0.670312,0.690239
3.9008,1.76531,0.644778,0.675532,0.620538,0.616393,0.627886,0.663435,0.694914,0.666734,0.670929,0.689937
3.901,1.76438,0.645994,0.67622,0.619271,0.617608,0.627383,0.662839,0.695688,0.664341,0.671885,0.689435
3.9012,1.7628,0.646579,0.676626,0.619211,0.6184,0.627557,0.661758,0.696993,0.661852,0.672631,0.688413
3.9014,1.761,0.645465,0.67643,0.619987,0.617825,0.628292,0.660506,0.69746,0.660506,0.672676,0.687114
3.9016,1.75954,0.642829,0.675881,0.620511,0.616324,0.628618,0.659933,0.696849,0.660703,0.671873,0.685993
3.9018,1.75874,0.64102,0.67509,0.619849,0.614281,0.628512,0.660702,0.696534,0.661701,0.670701,0.68536
3.902,1.75861,0.641116,0.674395,0.618395,0.612806,0.628061,0.66172,0.697256,0.662372,0.669999,0.685275
3.9022,1.7589,0.642366,0.674338,0.617198,0.612522,0.627608,0.662112,0.698555,0.662044,0.670301,0.685589
3.9024,1.75916,0.64338,0.675077,0.616483,0.612963,0.627773,0.660954,0.699655,0.660907,0.671476,0.685956
3.9026,1.75898,0.643004,0.676053,0.616378,0.613541,0.628662,0.658927,0.700316,0.659836,0.672802,0.686053
3.9028,1.7585,0.641547,0.676299,0.616706,0.613595,0.629718,0.657633,0.700983,0.659693,0.673279,0.685815
3.903,1.75821,0.640219,0.676074,0.61671,0.613345,0.629655,0.657293,0.702502,0.6606,0.672471,0.685667
3.9032,1.75806,0.639944,0.676045,0.616076,0.612869,0.628652,0.657844,0.705058,0.661782,0.670857,0.685669
3.9034,1.75785,0.641006,0.676812,0.614882,0.612516,0.627864,0.658928,0.707592,0.6627,0.669488,0.685657
3.9036,1.75729,0.642212,0.677939,0.613763,0.612353,0.627955,0.659308,0.708885,0.663372,0.669099,0.685423
3.9038,1.75644,0.64263,0.678474,0.613373,0.612087,0.628777,0.658589,0.708985,0.663541,0.669854,0.684918
3.904,1.75569,0.642265,0.677987,0.613707,0.611704,0.629776,0.657617,0.708485,0.663135,0.670799,0.684403
3.9042,1.75551,0.641289,0.676687,0.614358,0.611311,0.630226,0.657213,0.708135,0.662513,0.670701,0.684261
3.9044,1.7561,0.640555,0.675351,0.614948,0.611272,0.629811,0.657323,0.709455,0.662295,0.669348,0.684712
3.9046,1.75713,0.640335,0.675155,0.615263,0.611658,0.628907,0.657771,0.710526,0.66281,0.667082,0.685607
3.9048,1.75798,0.641095,0.676114,0.615242,0.612185,0.628238,0.658199,0.709421,0.663855,0.665202,0.686463
3.905,1.75824,0.642112,0.677203,0.615003,0.612575,0.628276,0.658292,0.706909,0.664914,0.664906,0.686903
3.9052,1.75785,0.642773,0.677309,0.614836,0.612732,0.628786,0.657997,0.705697,0.665561,0.665279,0.686821
3.9054,1.75713,0.642655,0.676351,0.614823,0.612727,0.629713,0.657208,0.706153,0.665883,0.66537,0.686342
3.9056,1.75758,0.642344,0.675257,0.615068,0.612632,0.630497,0.656809,0.706597,0.666272,0.664929,0.686442
3.9058,1.76032,0.642221,0.674814,0.615625,0.612507,0.630851,0.657438,0.704363,0.666833,0.664016,0.68829
3.906,1.76403,0.642152,0.675169,0.616293,0.612664,0.630483,0.65853,0.700295,0.667275,0.662803,0.691239
3.9062,1.76606,0.641755,0.675831,0.616727,0.613466,0.62951,0.659174,0.696804,0.667585,0.66155,0.693416
3.9064,1.7652,0.641416,0.676741,0.616722,0.614528,0.628779,0.659075,0.695928,0.668125,0.660498,0.693301
3.9066,1.76247,0.64147,0.677184,0.616444,0.615116,0.62885,0.65871,0.696075,0.668573,0.660023,0.691423
3.9068,1.75989,0.642559,0.677427,0.616254,0.61525,0.629859,0.658133,0.697082,0.668607,0.660125,0.689251
3.907,1.7599,0.643308,0.677734,0.616487,0.615782,0.630905,0.658237,0.698334,0.667955,0.660353,0.688656
3.9072,1.76343,0.643117,0.678533,0.617129,0.616771,0.631531,0.659424,0.698094,0.666882,0.660396,0.69093
3.9074,1.76837,0.642323,0.679233,0.617853,0.617143,0.631312,0.660888,0.695509,0.666052,0.660235,0.694754
3.9076,1.77207,0.641837,0.67918,0.618205,0.617067,0.630778,0.661626,0.692612,0.665589,0.659967,0.698102
3.9078,1.77275,0.641671,0.678352,0.618026,0.616472,0.630434,0.661436,0.691581,0.665458,0.659775,0.699201
3.908,1.77127,0.642391,0.677002,0.617516,0.615856,0.630297,0.660823,0.692318,0.665844,0.660058,0.698341
3.9082,1.76918,0.643789,0.676467,0.616946,0.616061,0.630591,0.660763,0.693615,0.666379,0.660743,0.696649
3.9084,1.76847,0.645312,0.67804,0.616726,0.617089,0.630995,0.661242,0.69427,0.665824,0.661233,0.695702
3.9086,1.77019,0.645713,0.680638,0.616877,0.618152,0.630982,0.661355,0.693986,0.664216,0.66135,0.696628
3.9088,1.77274,0.644855,0.682096,0.61707,0.618328,0.630856,0.660614,0.693855,0.662435,0.661569,0.698595
3.909,1.77476,0.643,0.681249,0.617058,0.617483,0.630806,0.660025,0.694751,0.661653,0.66227,0.700341
3.9092,1.77513,0.641049,0.679077,0.616642,0.615982,0.630864,0.660301,0.695963,0.662527,0.662967,0.70099
3.9094,1.77361,0.640981,0.677359,0.615859,0.61486,0.63061,0.660999,0.696396,0.664526,0.663021,0.700026
3.9096,1.77206,0.643093,0.677447,0.615346,0.615555,0.629817,0.661597,0.695516,0.666653,0.662308,0.698581
3.9098,1.77248,0.645709,0.679177,0.615371,0.618086,0.628865,0.661965,0.694155,0.667633,0.661283,0.69846
3.91,1.77442,0.647157,0.681227,0.615655,0.620487,0.628289,0.662211,0.694421,0.667265,0.66145,0.69975
3.9102,1.77699,0.646582,0.682262,0.616361,0.621272,0.628286,0.662337,0.69673,0.666463,0.66276,0.701679
3.9104,1.77881,0.644447,0.681806,0.616692,0.620664,0.628644,0.662507,0.699876,0.666371,0.664575,0.703343
3.9106,1.77911,0.642537,0.680339,0.616073,0.61937,0.628981,0.662891,0.702177,0.667709,0.665493,0.703708
3.9108,1.77933,0.642384,0.679191,0.61486,0.618329,0.629096,0.663492,0.702366,0.668932,0.665494,0.703775
3.911,1.77968,0.643771,0.679197,0.613753,0.618351,0.62945,0.664074,0.70163,0.669404,0.665394,0.703966
3.9112,1.78006,0.645217,0.680244,0.613245,0.620647,0.629877,0.664031,0.702063,0.669588,0.665804,0.704179
3.9114,1.78062,0.645315,0.682084,0.613205,0.624335,0.630197,0.663565,0.704392,0.669389,0.66725,0.704536
3.9116,1.78101,0.644027,0.683648,0.613279,0.62634,0.630316,0.662865,0.707204,0.669172,0.668897,0.704786
3.9118,1.78146,0.642404,0.68437,0.613082,0.625016,0.630268,0.662315,0.708767,0.669296,0.669385,0.705049
3.912,1.78193,0.641505,0.68412,0.612659,0.621227,0.63019,0.662504,0.709213,0.669718,0.66884,0.705326
3.9122,1.783,0.641678,0.683465,0.612374,0.617378,0.630181,0.663027,0.708975,0.670483,0.667854,0.705972
3.9124,1.78414,0.641978,0.682693,0.612948,0.615466,0.630383,0.663638,0.708102,0.671569,0.667103,0.706832
3.9126,1.78484,0.641777,0.682598,0.613894,0.616806,0.630615,0.66357,0.707174,0.673123,0.666851,0.707364
3.9128,1.78475,0.642077,0.683428,0.614547,0.620216,0.630705,0.663131,0.706293,0.674656,0.667906,0.707404
3.913,1.78377,0.64283,0.68456,0.614824,0.622802,0.630453,0.66259,0.706833,0.675161,0.669524,0.70665
3.9132,1.78295,0.642842,0.686042,0.615075,0.622178,0.630561,0.662253,0.709303,0.674622,0.671134,0.705825
3.9134,1.78261,0.641627,0.687138,0.615377,0.618726,0.630949,0.662549,0.711113,0.673852,0.671527,0.705389
3.9136,1.7828,0.639333,0.687245,0.615554,0.614418,0.631099,0.663338,0.71008,0.673759,0.670118,0.705362
3.9138,1.78355,0.636804,0.686394,0.615419,0.611782,0.630966,0.664473,0.706868,0.674716,0.668662,0.705751
3.914,1.78434,0.635404,0.685521,0.615143,0.611581,0.630729,0.664963,0.705785,0.676078,0.668495,0.706388
3.9142,1.78448,0.635354,0.685114,0.61512,0.61352,0.630834,0.664362,0.707782,0.676775,0.670287,0.706532
3.9144,1.7842,0.636693,0.685531,0.615522,0.617111,0.631704,0.663505,0.710999,0.676503,0.673014,0.706315
3.9146,1.78348,0.638319,0.686366,0.616351,0.619563,0.632632,0.662777,0.713314,0.675601,0.674953,0.70571
3.9148,1.78326,0.638394,0.686789,0.617297,0.619041,0.632511,0.662996,0.714606,0.674611,0.675159,0.705343
3.915,1.78331,0.636508,0.68674,0.617777,0.61639,0.631592,0.663749,0.715188,0.673965,0.673931,0.705263
3.9152,1.78367,0.633786,0.686493,0.617476,0.613412,0.631156,0.664927,0.715854,0.673495,0.672413,0.705423
3.9154,1.78408,0.631539,0.68624,0.61658,0.611595,0.631413,0.66598,0.717327,0.672681,0.671611,0.705721
3.9156,1.78376,0.630663,0.686387,0.615719,0.611764,0.632279,0.666217,0.719196,0.671502,0.672325,0.705546
3.9158,1.78331,0.631133,0.686485,0.615505,0.613402,0.632998,0.665595,0.71991,0.670045,0.673773,0.705106
3.916,1.7829,0.632028,0.686475,0.615966,0.615157,0.633297,0.664655,0.719417,0.669101,0.675053,0.704686
3.9162,1.78308,0.632459,0.686191,0.616549,0.616015,0.632945,0.664286,0.718999,0.66901,0.675441,0.704663
3.9164,1.78304,0.632198,0.686184,0.616563,0.61572,0.632132,0.664219,0.719284,0.669079,0.675142,0.7047
3.9166,1.78218,0.631412,0.686264,0.615757,0.614531,0.631396,0.664171,0.720243,0.668078,0.674426,0.704116
3.9168,1.78084,0.63045,0.686179,0.614615,0.613207,0.631168,0.664068,0.721617,0.666105,0.673973,0.703104
3.917,1.77904,0.629966,0.685722,0.613824,0.612534,0.631401,0.664283,0.722386,0.663656,0.673709,0.701721
3.9172,1.77762,0.629901,0.68484,0.613459,0.6128,0.63162,0.664381,0.722009,0.662092,0.673708,0.700375
3.9174,1.77784,0.629815,0.68356,0.613622,0.613905,0.63151,0.66404,0.721909,0.661721,0.67429,0.700228
3.9176,1.77904,0.630288,0.682598,0.613841,0.615527,0.631469,0.66362,0.723063,0.662445,0.674887,0.701034
3.9178,1.77988,0.631312,0.682415,0.613748,0.616947,0.631687,0.663196,0.724181,0.662977,0.674978,0.701857
3.918,1.77923,0.632038,0.682674,0.613352,0.617674,0.631805,0.662518,0.724909,0.66233,0.674642,0.701649
3.9182,1.77715,0.631759,0.683201,0.612918,0.617663,0.631694,0.662257,0.724381,0.660771,0.674272,0.700215
3.9184,1.77482,0.630604,0.683884,0.61234,0.617253,0.631396,0.662713,0.722887,0.659252,0.674014,0.698318
3.9186,1.77349,0.629373,0.683829,0.611881,0.616842,0.630921,0.663266,0.722191,0.658503,0.673807,0.69702
3.9188,1.77381,0.628907,0.682949,0.611378,0.616985,0.630445,0.6639,0.722841,0.658704,0.673661,0.696968
3.919,1.77522,0.629554,0.681629,0.610889,0.618022,0.630196,0.664552,0.723069,0.65951,0.67357,0.697957
3.9192,1.77643,0.630876,0.680552,0.610705,0.619469,0.630071,0.665082,0.722713,0.660281,0.673301,0.699053
3.9194,1.77686,0.631946,0.680164,0.610802,0.620248,0.629754,0.665243,0.721713,0.660583,0.673107,0.699546
3.9196,1.776,0.632049,0.680515,0.611091,0.619737,0.629196,0.664833,0.721874,0.660449,0.673347,0.69915
3.9198,1.77443,0.631187,0.68125,0.611037,0.618153,0.62859,0.664264,0.723101,0.660257,0.673756,0.69795
3.92,1.77318,0.629866,0.681772,0.610762,0.616507,0.628537,0.664327,0.722715,0.660485,0.674167,0.696894
3.9202,1.77237,0.628876,0.68151,0.610434,0.61574,0.628602,0.664609,0.72132,0.661311,0.674005,0.696168
3.9204,1.77274,0.628872,0.680541,0.610717,0.615925,0.628341,0.664596,0.720885,0.662599,0.673331,0.696232
3.9206,1.77345,0.629733,0.679267,0.611722,0.616799,0.627234,0.663986,0.722409,0.663671,0.67236,0.696857
3.9208,1.774,0.630459,0.678343,0.61288,0.617048,0.625618,0.663165,0.7247,0.663927,0.67172,0.697304
3.921,1.77477,0.630194,0.67856,0.61369,0.616186,0.624047,0.662771,0.726199,0.663756,0.671921,0.697917
3.9212,1.77461,0.628706,0.679408,0.614053,0.614913,0.623125,0.662955,0.726571,0.664221,0.672811,0.698029
3.9214,1.77399,0.62731,0.680203,0.614424,0.613915,0.623156,0.663344,0.727051,0.665615,0.673215,0.697567
3.9216,1.77323,0.627203,0.680715,0.614736,0.613394,0.623337,0.66348,0.729067,0.66742,0.672861,0.69706
3.9218,1.77241,0.628489,0.681052,0.614989,0.613306,0.62275,0.663467,0.731125,0.668942,0.672761,0.696326
3.922,1.77295,0.630057,0.681015,0.615619,0.61285,0.62105,0.663358,0.731146,0.669569,0.673332,0.69649
3.9222,1.77421,0.630412,0.680989,0.616378,0.612372,0.618925,0.663275,0.730434,0.66921,0.674189,0.697467
3.9224,1.77532,0.628814,0.68135,0.617026,0.61172,0.617345,0.663313,0.730822,0.668516,0.674325,0.698378
3.9226,1.77592,0.626203,0.682034,0.617167,0.610528,0.616695,0.663322,0.731084,0.668318,0.673751,0.699011
3.9228,1.77558,0.624324,0.682321,0.617032,0.609203,0.616711,0.663467,0.731638,0.669283,0.673368,0.698918
3.923,1.77465,0.624003,0.682582,0.616703,0.608758,0.617287,0.663842,0.73248,0.670632,0.673286,0.698264
3.9232,1.77379,0.624964,0.682782,0.616298,0.609067,0.617781,0.664253,0.732665,0.671265,0.673509,0.697553
3.9234,1.7732,0.626004,0.68277,0.615945,0.61,0.618155,0.66432,0.734031,0.671542,0.673993,0.697048
3.9236,1.77292,0.625917,0.682441,0.616305,0.611988,0.618788,0.663876,0.734845,0.672961,0.674876,0.69678
3.9238,1.773,0.624953,0.681959,0.617545,0.613868,0.619235,0.663417,0.733927,0.674729,0.675496,0.696802
3.924,1.77317,0.624059,0.681689,0.618788,0.614196,0.619222,0.663211,0.733658,0.67474,0.675407,0.696967
3.9242,1.77328,0.624073,0.681756,0.619405,0.612931,0.619513,0.663142,0.734218,0.672836,0.674926,0.697072
3.9244,1.77343,0.624984,0.68275,0.619588,0.61145,0.620277,0.663143,0.734712,0.669884,0.674467,0.6972
3.9246,1.7735,0.626138,0.684425,0.619025,0.610966,0.620812,0.662984,0.734817,0.667888,0.674275,0.69729
3.9248,1.77343,0.626953,0.685481,0.618372,0.611575,0.620639,0.663099,0.734034,0.668086,0.674464,0.697281
3.925,1.77342,0.627332,0.685618,0.61816,0.612481,0.619601,0.663002,0.733013,0.66919,0.674585,0.697255
3.9252,1.77356,0.627255,0.685137,0.618487,0.61282,0.618889,0.662449,0.733257,0.669549,0.674605,0.697361
3.9254,1.7738,0.626934,0.684718,0.61915,0.612252,0.619353,0.661782,0.73419,0.668556,0.674644,0.697547
3.9256,1.77402,0.626686,0.684726,0.619699,0.611282,0.620464,0.661223,0.735013,0.666749,0.674605,0.697747
3.9258,1.77398,0.626711,0.685516,0.619773,0.610745,0.621342,0.660886,0.735741,0.664975,0.674623,0.697803
3.926,1.77358,0.627321,0.686683,0.619407,0.610881,0.621979,0.661306,0.735707,0.664361,0.67448,0.697547
3.9262,1.7732,0.628077,0.687099,0.619231,0.611894,0.622404,0.661967,0.734585,0.66531,0.674342,0.697232
3.9264,1.77307,0.628756,0.686551,0.619385,0.613434,0.622312,0.662325,0.733439,0.666678,0.673919,0.697077
3.9266,1.77357,0.629567,0.685626,0.619751,0.614606,0.622022,0.662297,0.732982,0.668172,0.674036,0.697332
3.9268,1.77487,0.63008,0.685091,0.620138,0.61494,0.621562,0.662053,0.733408,0.669034,0.675088,0.698239
3.927,1.77625,0.630449,0.685413,0.620365,0.614313,0.621594,0.661847,0.735767,0.668816,0.675966,0.699369
3.9272,1.7771,0.630997,0.687226,0.620241,0.613348,0.622289,0.661597,0.73813,0.668185,0.676075,0.700154
3.9274,1.77722,0.631569,0.689922,0.620112,0.613074,0.623484,0.6614,0.738608,0.668129,0.675327,0.700386
3.9276,1.77661,0.631226,0.691785,0.620501,0.613199,0.624519,0.661236,0.737035,0.669027,0.674179,0.700027
3.9278,1.77569,0.631095,0.691128,0.621121,0.613161,0.625123,0.66102,0.735603,0.670275,0.67357,0.699285
3.928,1.7753,0.631504,0.68835,0.621372,0.61293,0.625035,0.661292,0.735407,0.671032,0.673776,0.698832
3.9282,1.77565,0.6321,0.685487,0.621111,0.613102,0.624182,0.661919,0.736201,0.670928,0.674502,0.698992
3.9284,1.77606,0.633012,0.684424,0.620888,0.613644,0.62339,0.662408,0.737773,0.670769,0.674741,0.699356
3.9286,1.77599,0.633644,0.685367,0.62105,0.614276,0.623642,0.663056,0.737458,0.671205,0.673918,0.699401
3.9288,1.77529,0.633749,0.687519,0.621539,0.61445,0.624565,0.663363,0.735191,0.672112,0.672165,0.698987
3.929,1.7741,0.633417,0.689255,0.622486,0.614271,0.625617,0.6631,0.733231,0.673036,0.670695,0.698025
3.9292,1.77462,0.633334,0.689327,0.623598,0.614257,0.6266,0.662356,0.731943,0.674391,0.67173,0.698019
3.9294,1.77648,0.632982,0.688036,0.624097,0.614766,0.627444,0.662204,0.73179,0.675402,0.673899,0.699362
3.9296,1.77812,0.63298,0.686228,0.623655,0.615833,0.628118,0.662506,0.73336,0.675424,0.675057,0.700744
3.9298,1.7783,0.634309,0.685238,0.622722,0.616621,0.628117,0.66321,0.734985,0.675167,0.673779,0.701307
3.93,1.77561,0.636755,0.685536,0.621931,0.61686,0.627149,0.663686,0.73484,0.675487,0.670215,0.699687
3.9302,1.77189,0.638372,0.686395,0.621589,0.616583,0.626538,0.663827,0.734137,0.676439,0.666889,0.696791
3.9304,1.76898,0.637202,0.687077,0.621549,0.615746,0.627358,0.663161,0.733921,0.677993,0.665237,0.69426
3.9306,1.76803,0.634296,0.687003,0.621523,0.614983,0.629349,0.662043,0.734054,0.678809,0.664998,0.693154
3.9308,1.7687,0.631991,0.686754,0.621371,0.614663,0.630964,0.661065,0.734715,0.678388,0.665124,0.693504
3.931,1.76942,0.632227,0.686553,0.621487,0.614897,0.631173,0.660476,0.734777,0.677362,0.664963,0.694246
3.9312,1.76876,0.634398,0.686612,0.621612,0.615422,0.630021,0.660836,0.735053,0.677084,0.663837,0.694083
3.9314,1.76665,0.636657,0.68681,0.621474,0.616609,0.62851,0.662355,0.735815,0.678001,0.661988,0.692716
3.9316,1.76398,0.637243,0.686998,0.621001,0.617953,0.627751,0.663905,0.735434,0.679004,0.660244,0.690702
3.9318,1.76184,0.635405,0.68713,0.620486,0.618475,0.628042,0.664145,0.734921,0.679297,0.659304,0.688935
3.932,1.76088,0.632128,0.687358,0.620088,0.617799,0.629142,0.662898,0.734712,0.678963,0.659269,0.688026
3.9322,1.76102,0.629206,0.687493,0.620046,0.616687,0.630761,0.661128,0.735151,0.678803,0.659597,0.688059
3.9324,1.76152,0.628223,0.687778,0.620273,0.616042,0.631764,0.659948,0.736747,0.679669,0.659569,0.688552
3.9326,1.7616,0.629325,0.687868,0.620992,0.616074,0.631326,0.659964,0.738907,0.681275,0.658946,0.688818
3.9328,1.76109,0.63128,0.688069,0.621615,0.616707,0.629551,0.661002,0.739031,0.683031,0.658103,0.688616
3.933,1.76005,0.632555,0.688768,0.621869,0.617641,0.627986,0.662238,0.737683,0.683946,0.657543,0.687986
3.9332,1.75885,0.6323,0.689389,0.621381,0.618148,0.627293,0.662456,0.736173,0.683145,0.657533,0.687128
3.9334,1.75803,0.630706,0.689664,0.620238,0.617744,0.627818,0.662197,0.73569,0.681354,0.657958,0.686489
3.9336,1.75763,0.62889,0.689095,0.619347,0.616921,0.628847,0.662163,0.736551,0.680558,0.658215,0.686226
3.9338,1.7574,0.628011,0.688131,0.619089,0.616282,0.629467,0.6619,0.73745,0.681382,0.657972,0.686133
3.934,1.75704,0.628174,0.68714,0.619718,0.616449,0.629117,0.661357,0.737297,0.682902,0.657505,0.686017
3.9342,1.75622,0.629051,0.686951,0.621063,0.617471,0.628095,0.660484,0.73533,0.683397,0.657442,0.685587
3.9344,1.75502,0.630016,0.687288,0.621922,0.618412,0.626741,0.65996,0.733155,0.682492,0.657842,0.684797
3.9346,1.7539,0.630561,0.688062,0.621837,0.618373,0.625498,0.660049,0.732862,0.680761,0.658752,0.684006
3.9348,1.75307,0.630644,0.688685,0.620514,0.61749,0.625349,0.660093,0.73356,0.679615,0.659791,0.683408
3.935,1.75281,0.630379,0.688451,0.618983,0.616155,0.626799,0.66022,0.733972,0.679401,0.660265,0.68321
3.9352,1.75306,0.629968,0.687456,0.618416,0.615086,0.628513,0.66028,0.734198,0.680019,0.660098,0.683465
3.9354,1.75337,0.629896,0.686104,0.618907,0.61496,0.629107,0.660562,0.733185,0.680738,0.659978,0.68385
3.9356,1.75355,0.6302,0.685115,0.619873,0.615733,0.628264,0.660576,0.73234,0.680797,0.660332,0.684154
3.9358,1.75336,0.63077,0.684509,0.620855,0.616747,0.626675,0.659931,0.732088,0.679771,0.660996,0.68421
3.936,1.75276,0.63149,0.684405,0.621144,0.616999,0.625505,0.659028,0.731865,0.678421,0.661589,0.683918
3.9362,1.75209,0.631911,0.684386,0.620797,0.616623,0.625261,0.658244,0.731797,0.677525,0.66159,0.683492
3.9364,1.75161,0.631481,0.683981,0.61997,0.616107,0.625976,0.658035,0.731466,0.677897,0.66082,0.683199
3.9366,1.75135,0.630622,0.683479,0.618916,0.615762,0.626819,0.658708,0.730195,0.678753,0.65992,0.683082
3.9368,1.75092,0.629993,0.683156,0.618465,0.616237,0.627313,0.659503,0.730829,0.679095,0.659599,0.682946
3.937,1.74988,0.62992,0.683037,0.618874,0.616981,0.627772,0.659806,0.732003,0.678991,0.659962,0.682385
3.9372,1.74837,0.630283,0.683169,0.620096,0.617702,0.628294,0.659591,0.731523,0.678969,0.660209,0.681397
3.9374,1.74669,0.630455,0.683467,0.621584,0.618251,0.628613,0.658748,0.730926,0.679337,0.659652,0.680222
3.9376,1.74564,0.630202,0.683537,0.622504,0.618935,0.6289,0.657695,0.730744,0.680028,0.658604,0.679343
3.9378,1.74541,0.629555,0.6837,0.622243,0.619364,0.628836,0.656971,0.730156,0.680711,0.65725,0.679206
3.938,1.74575,0.629332,0.683992,0.621464,0.619938,0.628501,0.656929,0.728639,0.681017,0.656503,0.679514
3.9382,1.74597,0.629155,0.684477,0.620961,0.620395,0.628331,0.657767,0.729325,0.68081,0.65628,0.679955
3.9384,1.74569,0.628694,0.684726,0.620983,0.620834,0.6289,0.6586,0.731733,0.680464,0.657042,0.679924
3.9386,1.74523,0.62789,0.6846,0.621473,0.621101,0.629956,0.658517,0.732088,0.68048,0.657841,0.679765
3.9388,1.7441,0.626827,0.684208,0.622359,0.621395,0.63078,0.657698,0.730152,0.680846,0.657882,0.679156
3.939,1.74421,0.626149,0.683918,0.623228,0.622226,0.631059,0.656869,0.727808,0.681541,0.656633,0.678985
3.9392,1.74583,0.62611,0.684099,0.623582,0.623185,0.630744,0.656389,0.72733,0.682661,0.654627,0.680241
3.9394,1.74737,0.62716,0.685019,0.623315,0.62399,0.629902,0.656345,0.727864,0.683637,0.653404,0.681666
3.9396,1.74782,0.62834,0.686102,0.622779,0.624178,0.629343,0.656649,0.729404,0.684482,0.653611,0.682446
3.9398,1.74597,0.62833,0.686391,0.622164,0.623981,0.629788,0.657151,0.731081,0.684828,0.655193,0.681591
3.94,1.74283,0.627171,0.685209,0.62229,0.623921,0.63109,0.657586,0.730657,0.684615,0.656909,0.679268
3.9402,1.74111,0.625534,0.683474,0.622957,0.624143,0.631942,0.657866,0.729176,0.684283,0.658184,0.677703
3.9404,1.74114,0.623986,0.682261,0.624009,0.624364,0.632012,0.657794,0.72838,0.684171,0.658905,0.67751
3.9406,1.74338,0.62322,0.682292,0.624429,0.624291,0.631562,0.657547,0.728925,0.684296,0.658871,0.67901
3.9408,1.74637,0.623499,0.683502,0.623845,0.623807,0.630819,0.657313,0.730068,0.684861,0.658468,0.681536
3.941,1.74792,0.624404,0.685062,0.622875,0.623087,0.630762,0.65717,0.730412,0.685415,0.658036,0.683211
3.9412,1.74792,0.625228,0.686418,0.622302,0.622642,0.631476,0.657035,0.729519,0.68567,0.65797,0.683514
3.9414,1.74759,0.62546,0.687074,0.622505,0.623262,0.632413,0.656811,0.728204,0.68603,0.658604,0.683392
3.9416,1.74752,0.62495,0.686479,0.623174,0.624041,0.632615,0.657041,0.727489,0.686452,0.659293,0.683249
3.9418,1.74858,0.624204,0.685071,0.623552,0.624471,0.632018,0.657474,0.728223,0.686509,0.659303,0.684013
3.942,1.74963,0.623767,0.683754,0.623354,0.624244,0.630994,0.657743,0.729394,0.686274,0.658884,0.68502
3.9422,1.74992,0.623794,0.68284,0.622735,0.624148,0.62976,0.657681,0.729671,0.685642,0.65872,0.685454
3.9424,1.74974,0.624167,0.682749,0.6221,0.624246,0.629406,0.65721,0.730082,0.684974,0.65926,0.685436
3.9426,1.74958,0.624776,0.683688,0.621792,0.624352,0.630262,0.656797,0.730411,0.684582,0.660034,0.685353
3.9428,1.75002,0.625571,0.684755,0.621844,0.624329,0.631838,0.656695,0.72979,0.684496,0.660428,0.68553
3.943,1.75161,0.626318,0.685236,0.622098,0.624237,0.633457,0.656811,0.729179,0.684459,0.660637,0.686683
3.9432,1.75333,0.627245,0.684819,0.622267,0.623784,0.634138,0.657019,0.728806,0.684388,0.661098,0.688108
3.9434,1.75459,0.62791,0.683868,0.622135,0.623961,0.633178,0.657152,0.729436,0.685261,0.662239,0.689248
3.9436,1.75506,0.627961,0.683039,0.621787,0.624832,0.631296,0.656854,0.731306,0.686134,0.662964,0.689829
3.9438,1.75463,0.627538,0.68298,0.621489,0.625451,0.63016,0.656197,0.733361,0.686422,0.663003,0.689593
3.944,1.75452,0.627254,0.683972,0.621413,0.625862,0.630612,0.655069,0.734566,0.6859,0.662628,0.689425
3.9442,1.75498,0.627578,0.684926,0.621546,0.625761,0.63272,0.653817,0.734466,0.685189,0.661898,0.689703
3.9444,1.75605,0.628234,0.68524,0.621603,0.625505,0.635388,0.653906,0.734214,0.685089,0.661366,0.690432
3.9446,1.75736,0.628576,0.684749,0.621195,0.625849,0.636272,0.65508,0.733259,0.685656,0.661446,0.691466
3.9448,1.75854,0.628394,0.684076,0.620416,0.626624,0.634647,0.656171,0.731101,0.686413,0.662047,0.692437
3.945,1.7591,0.627694,0.68348,0.619648,0.626955,0.632117,0.657006,0.73127,0.686291,0.662734,0.693051
3.9452,1.75885,0.627274,0.683089,0.619037,0.626273,0.630983,0.657494,0.733465,0.685445,0.663135,0.692949
3.9454,1.75934,0.627596,0.683271,0.619291,0.625574,0.631882,0.657346,0.734406,0.684577,0.663233,0.693052
3.9456,1.76108,0.62823,0.684052,0.621065,0.625761,0.633735,0.656576,0.734124,0.684275,0.663468,0.694188
3.9458,1.76347,0.629166,0.684827,0.62265,0.626658,0.635087,0.656567,0.732854,0.684912,0.663929,0.695992
3.946,1.76515,0.629323,0.68525,0.62268,0.627808,0.635294,0.657855,0.731289,0.685118,0.664589,0.69751
3.9462,1.76515,0.628659,0.685746,0.620915,0.628296,0.63452,0.659365,0.731224,0.683956,0.665384,0.697799
3.9464,1.76381,0.627576,0.686449,0.618392,0.628151,0.633333,0.660264,0.732317,0.682155,0.666176,0.696849
3.9466,1.76272,0.626598,0.686931,0.616321,0.62729,0.633066,0.659932,0.733274,0.679963,0.667201,0.695819
3.9468,1.7627,0.626294,0.687112,0.615344,0.626696,0.634132,0.659288,0.733648,0.677792,0.668125,0.695484
3.947,1.76451,0.62636,0.687197,0.615381,0.626618,0.635743,0.65925,0.732669,0.676129,0.668536,0.696515
3.9472,1.76739,0.626245,0.68702,0.615681,0.627286,0.637505,0.659781,0.731233,0.675289,0.668608,0.698665
3.9474,1.76925,0.625547,0.686881,0.61552,0.628126,0.638747,0.66025,0.731843,0.675077,0.668603,0.700332
3.9476,1.76974,0.624244,0.687083,0.61568,0.62925,0.638436,0.660502,0.734276,0.674564,0.668703,0.700912
3.9478,1.76879,0.623097,0.687637,0.616519,0.630048,0.636815,0.660293,0.736312,0.673415,0.669242,0.70035
3.948,1.7673,0.62283,0.687865,0.617389,0.629979,0.635179,0.660027,0.737129,0.671722,0.669918,0.699092
3.9482,1.76638,0.623338,0.687556,0.617532,0.629431,0.634368,0.660031,0.73591,0.670111,0.670108,0.69813
3.9484,1.76662,0.623835,0.686589,0.616885,0.62889,0.635153,0.660128,0.733942,0.66904,0.670101,0.698052
3.9486,1.76758,0.623519,0.685585,0.615988,0.628421,0.637006,0.659938,0.734031,0.668671,0.670336,0.698666
3.9488,1.7684,0.622519,0.685158,0.615369,0.628128,0.63889,0.659403,0.73723,0.668628,0.670786,0.699319
3.949,1.76886,0.621779,0.685951,0.615239,0.628068,0.639215,0.658967,0.740136,0.668399,0.671077,0.699698
3.9492,1.76859,0.621639,0.686991,0.615558,0.62819,0.638023,0.659098,0.740768,0.667869,0.670995,0.699574
3.9494,1.76773,0.621974,0.687816,0.61601,0.628287,0.635948,0.659588,0.740575,0.667255,0.670685,0.698887
3.9496,1.76706,0.622392,0.688192,0.616095,0.628147,0.634631,0.65993,0.7396,0.666854,0.670408,0.698237
3.9498,1.76673,0.622542,0.687685,0.61565,0.62775,0.634919,0.659389,0.738792,0.66684,0.670388,0.697871
3.95,1.7668,0.622373,0.686307,0.61521,0.62705,0.63628,0.658463,0.739605,0.66718,0.670663,0.6978
3.9502,1.76679,0.622059,0.68516,0.61542,0.626113,0.637565,0.657826,0.740021,0.667527,0.67097,0.697814
3.9504,1.76631,0.621782,0.684821,0.616148,0.625335,0.637499,0.658225,0.740285,0.667559,0.670907,0.697493
3.9506,1.76568,0.62168,0.684963,0.617025,0.624797,0.636104,0.659121,0.742095,0.667712,0.670144,0.696904
3.9508,1.76523,0.622074,0.684863,0.617433,0.624098,0.634634,0.659581,0.742903,0.668296,0.668599,0.696466
3.951,1.76536,0.622796,0.684238,0.617237,0.623495,0.633819,0.659203,0.741609,0.669311,0.667173,0.696419
3.9512,1.76612,0.623287,0.683049,0.616841,0.622822,0.634139,0.658461,0.739134,0.669976,0.666436,0.696856
3.9514,1.76667,0.623193,0.681894,0.616651,0.622162,0.63485,0.657339,0.737513,0.670143,0.66614,0.697406
3.9516,1.76636,0.622699,0.681459,0.616927,0.62107,0.635128,0.656366,0.737224,0.670026,0.66569,0.697312
3.9518,1.7649,0.622287,0.68191,0.617679,0.619828,0.634742,0.656509,0.738892,0.670061,0.664608,0.696311
3.952,1.76341,0.622426,0.682714,0.618585,0.61886,0.633762,0.658323,0.740245,0.670786,0.663183,0.695043
3.9522,1.76251,0.623186,0.683104,0.619184,0.617929,0.632866,0.660257,0.740379,0.672165,0.661881,0.69417
3.9524,1.76259,0.624141,0.682535,0.619176,0.616867,0.632792,0.661039,0.739304,0.673539,0.661115,0.69403
3.9526,1.76331,0.624766,0.681419,0.618574,0.615736,0.633385,0.659935,0.737853,0.674378,0.660329,0.694508
3.9528,1.76384,0.624867,0.680485,0.617734,0.614336,0.634112,0.658245,0.736751,0.674642,0.659367,0.695018
3.953,1.76357,0.624619,0.680226,0.617105,0.61297,0.634298,0.657175,0.736518,0.674476,0.658229,0.694969
3.9532,1.76242,0.624219,0.68121,0.616924,0.612066,0.634127,0.656968,0.736487,0.674388,0.656937,0.69419
3.9534,1.76096,0.62396,0.682513,0.617078,0.612156,0.633643,0.657747,0.73715,0.675019,0.655703,0.693052
3.9536,1.76032,0.624161,0.683034,0.617358,0.613329,0.633641,0.65917,0.736653,0.676628,0.654729,0.692294
3.9538,1.7609,0.625249,0.682271,0.617527,0.614681,0.634173,0.660068,0.734874,0.677863,0.654142,0.692571
3.954,1.76181,0.626716,0.680608,0.617316,0.615793,0.635188,0.659633,0.73396,0.677992,0.65378,0.693291
3.9542,1.76235,0.627501,0.679022,0.616956,0.616468,0.635888,0.658455,0.73459,0.67692,0.653829,0.693829
3.9544,1.76203,0.626969,0.678444,0.616724,0.616301,0.636266,0.657485,0.735286,0.675886,0.654126,0.693754
3.9546,1.76107,0.625266,0.679031,0.6166,0.615847,0.636108,0.657227,0.735099,0.675179,0.654322,0.693062
3.9548,1.76047,0.623592,0.680011,0.616473,0.615897,0.635427,0.657719,0.73396,0.675863,0.654392,0.692458
3.955,1.7605,0.623116,0.680711,0.61677,0.616578,0.634807,0.658541,0.732457,0.677161,0.654259,0.692391
3.9552,1.76145,0.62469,0.680299,0.616979,0.617502,0.634867,0.658817,0.731419,0.677353,0.654078,0.692902
3.9554,1.76316,0.626524,0.679532,0.61661,0.618233,0.635403,0.658533,0.731366,0.675865,0.654269,0.694202
3.9556,1.76461,0.626781,0.67909,0.615706,0.618267,0.6362,0.658291,0.732015,0.673574,0.654829,0.695417
3.9558,1.76522,0.625613,0.679362,0.614709,0.617859,0.636979,0.658366,0.732853,0.671393,0.655361,0.696074
3.956,1.7647,0.62422,0.679817,0.614043,0.617894,0.637469,0.659204,0.732388,0.670325,0.655972,0.69586
3.9562,1.76349,0.623912,0.679513,0.614526,0.618596,0.637416,0.659951,0.732001,0.67032,0.65691,0.694951
3.9564,1.7624,0.624749,0.678392,0.615785,0.620063,0.637036,0.659959,0.733387,0.670534,0.657651,0.694
3.9566,1.76235,0.625905,0.677387,0.616794,0.621452,0.636679,0.659423,0.734671,0.670341,0.657833,0.6937
3.9568,1.76363,0.626727,0.677198,0.617241,0.622175,0.636665,0.65882,0.734025,0.669973,0.657462,0.694465
3.957,1.76562,0.627329,0.677911,0.617263,0.622071,0.637249,0.658465,0.731007,0.669549,0.656846,0.69594
3.9572,1.76734,0.628298,0.678635,0.616745,0.62141,0.638068,0.659203,0.728469,0.669114,0.656519,0.697392
3.9574,1.76786,0.628938,0.679355,0.616463,0.620887,0.638579,0.66021,0.729142,0.668708,0.656849,0.698042
3.9576,1.7671,0.628823,0.679586,0.616554,0.621261,0.6389,0.660862,0.731498,0.668391,0.657682,0.697592
3.9578,1.76624,0.628137,0.678924,0.617268,0.622431,0.639215,0.660902,0.733008,0.668254,0.658589,0.696831
3.958,1.76621,0.627557,0.677794,0.618474,0.623699,0.639724,0.660362,0.732875,0.668423,0.659211,0.696554
3.9582,1.76707,0.627718,0.676373,0.619295,0.624111,0.640733,0.659711,0.731195,0.669384,0.659569,0.697073
3.9584,1.7686,0.628632,0.675368,0.6194,0.623308,0.641227,0.65908,0.729963,0.670797,0.659634,0.698115
3.9586,1.76988,0.629462,0.674945,0.619258,0.62173,0.640853,0.659278,0.729952,0.671608,0.659895,0.699232
3.9588,1.77002,0.629739,0.674836,0.618947,0.620385,0.639536,0.660436,0.729695,0.671966,0.659888,0.699515
3.959,1.76974,0.62976,0.674662,0.618364,0.619735,0.638127,0.661728,0.730013,0.671695,0.659376,0.699236
3.9592,1.76983,0.629957,0.674332,0.617875,0.619428,0.637376,0.66174,0.730536,0.671099,0.658364,0.699149
3.9594,1.77106,0.630305,0.673782,0.61746,0.619343,0.637959,0.660421,0.729954,0.67085,0.657176,0.699814
3.9596,1.77286,0.630643,0.673108,0.617062,0.619307,0.639416,0.658764,0.729474,0.671548,0.657315,0.701142
3.9598,1.77453,0.630747,0.672479,0.616851,0.619592,0.640778,0.657686,0.729439,0.673549,0.660056,0.70245
3.96,1.77509,0.630523,0.67204,0.616672,0.619931,0.641186,0.657772,0.72909,0.675092,0.663448,0.703083
3.9602,1.77442,0.630223,0.671927,0.61653,0.619622,0.640461,0.658717,0.727988,0.67521,0.664501,0.702656
3.9604,1.77344,0.630347,0.672517,0.616432,0.618589,0.639261,0.659699,0.726975,0.674205,0.662671,0.701801
3.9606,1.77299,0.631044,0.674497,0.616443,0.616849,0.638539,0.660056,0.727274,0.673605,0.658647,0.701225
3.9608,1.7734,0.6319,0.676694,0.616185,0.615301,0.638762,0.659564,0.728767,0.673585,0.655488,0.701311
3.961,1.77456,0.632463,0.677575,0.615727,0.614598,0.640191,0.658873,0.730528,0.674441,0.655478,0.702063
3.9612,1.77535,0.632715,0.677355,0.616256,0.615517,0.641702,0.65908,0.731214,0.67569,0.65924,0.70276
3.9614,1.7749,0.632652,0.677291,0.617454,0.616821,0.641718,0.659685,0.731637,0.676407,0.663626,0.702556
3.9616,1.77426,0.632287,0.67764,0.618238,0.616937,0.63993,0.660306,0.732007,0.67656,0.665134,0.701929
3.9618,1.77396,0.631923,0.678154,0.617881,0.615781,0.637028,0.661086,0.732972,0.67659,0.662732,0.701537
3.962,1.77449,0.63197,0.678364,0.616568,0.614336,0.634269,0.661503,0.733582,0.677358,0.658468,0.701674
3.9622,1.77593,0.632436,0.678062,0.615541,0.613126,0.632752,0.661335,0.732366,0.678039,0.655337,0.702654
3.9624,1.77705,0.6326,0.677501,0.616057,0.61257,0.632546,0.66102,0.729903,0.678484,0.655338,0.703547
3.9626,1.77764,0.631992,0.677906,0.61758,0.612876,0.632924,0.660813,0.72918,0.678343,0.658455,0.704044
3.9628,1.77749,0.630966,0.679278,0.618913,0.613529,0.633139,0.660834,0.73055,0.676951,0.662322,0.703985
3.963,1.77692,0.630296,0.681168,0.61936,0.614008,0.63226,0.660869,0.732604,0.674872,0.664414,0.703484
3.9632,1.77655,0.630582,0.682734,0.619204,0.614212,0.630841,0.661234,0.73412,0.673129,0.664374,0.703035
3.9634,1.77682,0.631009,0.683261,0.618947,0.614246,0.629066,0.661584,0.73453,0.672727,0.66359,0.70299
3.9636,1.7782,0.630726,0.682804,0.618709,0.614226,0.627812,0.662331,0.734073,0.673423,0.662945,0.70382
3.9638,1.77988,0.629735,0.682025,0.618506,0.614251,0.627483,0.66343,0.733717,0.674435,0.663383,0.705078
3.964,1.78081,0.628362,0.682288,0.618439,0.61434,0.62853,0.664465,0.734362,0.676171,0.66493,0.705913
3.9642,1.78034,0.62777,0.68354,0.61894,0.614509,0.62938,0.664403,0.735211,0.677806,0.666611,0.705746
3.9644,1.7788,0.629275,0.684969,0.620215,0.615435,0.628755,0.663176,0.73632,0.676898,0.667612,0.704566
3.9646,1.77738,0.631519,0.685371,0.62166,0.61703,0.626845,0.662557,0.73733,0.673921,0.667936,0.70327
3.9648,1.77669,0.632621,0.684084,0.622426,0.618561,0.624425,0.663365,0.736954,0.670802,0.667746,0.702499
3.965,1.77692,0.632063,0.681945,0.622203,0.619318,0.62243,0.664857,0.735885,0.669887,0.667659,0.702429
3.9652,1.77784,0.630499,0.680309,0.621218,0.619002,0.62151,0.665956,0.734834,0.671699,0.66795,0.703005
3.9654,1.77857,0.628986,0.680062,0.620239,0.617984,0.621762,0.666208,0.73381,0.674057,0.668583,0.703611
3.9656,1.77864,0.628697,0.680782,0.619915,0.616949,0.622584,0.665563,0.733762,0.674631,0.66917,0.70371
3.9658,1.77821,0.62978,0.681582,0.620365,0.616725,0.623136,0.664679,0.735772,0.673016,0.669582,0.703392
3.966,1.77752,0.631847,0.681094,0.621144,0.618081,0.622889,0.6644,0.736837,0.670858,0.669224,0.702794
3.9662,1.77689,0.633306,0.6799,0.621579,0.619953,0.621952,0.664809,0.735405,0.669786,0.668713,0.702221
3.9664,1.77687,0.633376,0.678425,0.621414,0.621555,0.620898,0.665627,0.732642,0.670304,0.668732,0.701977
3.9666,1.77746,0.632591,0.676989,0.620952,0.621811,0.620288,0.666267,0.731688,0.672011,0.669462,0.702299
3.9668,1.77839,0.631841,0.675554,0.620693,0.620204,0.620216,0.666053,0.732519,0.673604,0.670182,0.702939
3.967,1.77899,0.631486,0.674251,0.621076,0.618209,0.620584,0.665019,0.733407,0.673698,0.670665,0.703456
3.9672,1.77886,0.63172,0.672959,0.621606,0.617528,0.621218,0.66356,0.733001,0.672897,0.670286,0.703447
3.9674,1.77792,0.632568,0.671526,0.621828,0.618372,0.622023,0.662657,0.731862,0.672756,0.669453,0.702761
3.9676,1.77709,0.63326,0.670182,0.621495,0.620059,0.622586,0.662488,0.729502,0.673411,0.668522,0.701975
3.9678,1.77705,0.633687,0.669136,0.620584,0.621264,0.62248,0.663233,0.72732,0.674132,0.668164,0.701699
3.968,1.77776,0.633778,0.66846,0.619686,0.620747,0.621795,0.663954,0.726999,0.674668,0.668237,0.70209
3.9682,1.77896,0.63355,0.668048,0.619677,0.619517,0.621263,0.664152,0.728348,0.675038,0.668741,0.702918
3.9684,1.77985,0.633581,0.667576,0.620404,0.618966,0.621258,0.663822,0.729462,0.675226,0.669253,0.70368
3.9686,1.77977,0.633579,0.666904,0.620879,0.619347,0.621733,0.662832,0.728263,0.675391,0.669461,0.703791
3.9688,1.77832,0.633699,0.666203,0.620761,0.620409,0.622688,0.661508,0.724835,0.675668,0.669059,0.702854
3.969,1.77617,0.634244,0.665691,0.619991,0.621514,0.623803,0.660498,0.721593,0.67584,0.66819,0.70113
3.9692,1.77487,0.634447,0.665477,0.619448,0.621842,0.624392,0.659653,0.72015,0.675747,0.6673,0.699833
3.9694,1.77491,0.634676,0.66546,0.619212,0.621161,0.624022,0.659254,0.721773,0.675331,0.666711,0.699616
3.9696,1.77574,0.635472,0.665374,0.619087,0.620359,0.622785,0.659523,0.724202,0.675268,0.666829,0.700109
3.9698,1.77666,0.636167,0.665129,0.61909,0.620324,0.621239,0.659809,0.724444,0.675848,0.667177,0.700874
3.97,1.77674,0.636047,0.664953,0.619176,0.620983,0.620268,0.659509,0.722491,0.677369,0.666998,0.701119
3.9702,1.77574,0.634863,0.665198,0.619293,0.621983,0.620285,0.658869,0.719484,0.678967,0.666671,0.700476
3.9704,1.77421,0.633971,0.66551,0.619375,0.622437,0.620912,0.658607,0.718295,0.679391,0.666563,0.699283
3.9706,1.77341,0.63432,0.665597,0.619378,0.622077,0.621337,0.658698,0.719584,0.678552,0.666549,0.698422
3.9708,1.77376,0.635625,0.66528,0.619536,0.621255,0.621042,0.658778,0.721287,0.677072,0.666551,0.698466
3.971,1.77498,0.636774,0.664645,0.619681,0.621082,0.619647,0.658932,0.721047,0.676468,0.666521,0.699313
3.9712,1.77638,0.637374,0.664215,0.619931,0.621731,0.617732,0.65927,0.717703,0.677156,0.66642,0.700405
3.9714,1.77678,0.636939,0.664318,0.619929,0.622595,0.616388,0.659437,0.712802,0.678873,0.666129,0.700976
3.9716,1.77585,0.636237,0.66478,0.619934,0.623167,0.616018,0.659132,0.709861,0.680201,0.665739,0.700423
3.9718,1.77444,0.635495,0.665246,0.620082,0.622639,0.616534,0.658628,0.710034,0.680486,0.665592,0.69933
3.972,1.7731,0.635631,0.665348,0.620161,0.622046,0.617012,0.657862,0.712079,0.679499,0.665554,0.698213
3.9722,1.77274,0.636429,0.664963,0.619936,0.622556,0.616656,0.657569,0.711586,0.679014,0.665456,0.697667
3.9724,1.77351,0.637336,0.664178,0.619577,0.624229,0.615392,0.658388,0.707893,0.679431,0.665701,0.698098
3.9726,1.77462,0.637781,0.663241,0.619539,0.625175,0.613538,0.65971,0.702493,0.68011,0.666255,0.698967
3.9728,1.77549,0.637777,0.663028,0.619738,0.624319,0.611997,0.66067,0.700571,0.680757,0.666555,0.699714
3.973,1.77542,0.637508,0.66364,0.619865,0.622066,0.611475,0.660546,0.702247,0.680949,0.666449,0.699876
3.9732,1.77442,0.63739,0.664278,0.619737,0.619682,0.611895,0.659522,0.703073,0.680624,0.666318,0.699182
3.9734,1.77358,0.637531,0.664206,0.619442,0.618266,0.612829,0.658064,0.701179,0.679847,0.666507,0.698413
3.9736,1.77346,0.637795,0.66349,0.619168,0.618932,0.613497,0.657317,0.697871,0.678764,0.667414,0.69817
3.9738,1.77413,0.63849,0.662267,0.619152,0.621577,0.613327,0.657696,0.694793,0.677605,0.66855,0.698532
3.974,1.7754,0.639764,0.661319,0.619445,0.623846,0.612488,0.658998,0.692986,0.676776,0.668975,0.699452
3.9742,1.77644,0.640838,0.661089,0.619857,0.624198,0.61165,0.659988,0.692377,0.676569,0.668409,0.700354
3.9744,1.7769,0.641207,0.660953,0.620016,0.623707,0.611566,0.66029,0.692427,0.67689,0.667772,0.700787
3.9746,1.7769,0.641002,0.66096,0.619829,0.623408,0.61253,0.659629,0.69255,0.677556,0.667304,0.700857
3.9748,1.77658,0.64075,0.660954,0.619349,0.623141,0.613991,0.65781,0.692106,0.679108,0.667271,0.700616
3.975,1.77636,0.641186,0.661457,0.618849,0.622831,0.61495,0.656191,0.691276,0.680341,0.667723,0.700375
3.9752,1.77623,0.642193,0.662485,0.61866,0.622827,0.615026,0.656083,0.690916,0.680545,0.668578,0.700244
3.9754,1.77614,0.642964,0.663704,0.6188,0.622751,0.614863,0.657189,0.691964,0.680281,0.669195,0.700141
3.9756,1.77588,0.643536,0.664607,0.618864,0.623242,0.615044,0.65831,0.694177,0.679914,0.669565,0.699978
3.9758,1.77544,0.643938,0.66505,0.618419,0.624965,0.615516,0.658437,0.695163,0.680436,0.669393,0.69965
3.976,1.7746,0.643998,0.664904,0.617628,0.626561,0.615951,0.657633,0.695121,0.681325,0.66871,0.699045
3.9762,1.77386,0.643712,0.664285,0.616665,0.627203,0.616211,0.656627,0.69595,0.681768,0.667825,0.698413
3.9764,1.77308,0.643561,0.664036,0.615675,0.626375,0.616643,0.655988,0.696846,0.682202,0.667319,0.697827
3.9766,1.77243,0.644456,0.665108,0.615014,0.62448,0.616907,0.656198,0.69665,0.682938,0.668104,0.697277
3.9768,1.77179,0.645913,0.667273,0.614812,0.623291,0.616831,0.657215,0.695603,0.683813,0.669647,0.696783
3.977,1.77125,0.647188,0.669341,0.615048,0.624079,0.61701,0.658285,0.694658,0.684132,0.670701,0.696386
3.9772,1.77021,0.647975,0.670525,0.615322,0.626148,0.617197,0.658589,0.694639,0.684064,0.670801,0.69569
3.9774,1.76915,0.647812,0.67118,0.615114,0.627873,0.617212,0.658072,0.695566,0.683704,0.670104,0.694854
3.9776,1.76803,0.64731,0.671246,0.614639,0.627811,0.617811,0.657151,0.696843,0.683971,0.669487,0.694021
3.9778,1.76745,0.646867,0.67113,0.614255,0.62631,0.619355,0.656362,0.698107,0.68453,0.669282,0.69345
3.978,1.76723,0.64726,0.671564,0.613766,0.625293,0.621121,0.656531,0.699426,0.685204,0.669608,0.693335
3.9782,1.76649,0.648451,0.672363,0.613103,0.625697,0.622285,0.657024,0.700972,0.685268,0.670107,0.692906
3.9784,1.76548,0.649145,0.673481,0.612411,0.626621,0.622227,0.65738,0.702049,0.684433,0.670575,0.692213
3.9786,1.76391,0.648293,0.675029,0.611867,0.627183,0.621736,0.657058,0.702265,0.683614,0.671053,0.691156
3.9788,1.76235,0.646226,0.676209,0.611618,0.626596,0.621613,0.656307,0.702716,0.683702,0.671288,0.689909
3.979,1.76157,0.643894,0.676436,0.612423,0.6257,0.621995,0.655749,0.703629,0.685073,0.671384,0.68922
3.9792,1.76135,0.642359,0.675655,0.614072,0.626331,0.622842,0.655483,0.703908,0.687204,0.671231,0.689036
3.9794,1.76167,0.643282,0.67458,0.615377,0.627406,0.623594,0.655781,0.702984,0.688846,0.670878,0.689261
3.9796,1.76228,0.646171,0.674191,0.615607,0.627221,0.623734,0.656469,0.701313,0.688734,0.670625,0.689813
3.9798,1.76259,0.647989,0.674893,0.615036,0.625559,0.623325,0.657226,0.700238,0.687207,0.670747,0.690196
3.98,1.76273,0.647901,0.676437,0.614585,0.623303,0.622847,0.65763,0.700858,0.685843,0.67123,0.690386
3.9802,1.7628,0.646277,0.678143,0.614647,0.621413,0.622747,0.657469,0.701804,0.686319,0.671723,0.690544
3.9804,1.7627,0.64352,0.679074,0.615122,0.620526,0.622955,0.657228,0.700734,0.688359,0.67176,0.690552
3.9806,1.76271,0.641618,0.678697,0.615835,0.62072,0.623839,0.657066,0.698585,0.690425,0.671866,0.690547
3.9808,1.76329,0.641663,0.677436,0.616999,0.622056,0.62485,0.656979,0.69649,0.690816,0.672082,0.690968
3.981,1.76441,0.644225,0.67643,0.618086,0.624066,0.625456,0.657104,0.695935,0.68926,0.671942,0.691793
3.9812,1.76581,0.64726,0.676155,0.618814,0.624427,0.625808,0.657083,0.696279,0.687777,0.671237,0.692927
3.9814,1.76695,0.648015,0.676556,0.619019,0.62254,0.625775,0.656708,0.696408,0.68764,0.669912,0.693953
3.9816,1.76728,0.645723,0.676922,0.618707,0.619919,0.625418,0.656491,0.696589,0.689106,0.668707,0.694447
3.9818,1.76676,0.642507,0.676531,0.618167,0.618242,0.625026,0.656244,0.695521,0.690828,0.668218,0.694158
3.982,1.76638,0.639945,0.67531,0.617711,0.618169,0.625449,0.656359,0.692621,0.691398,0.668216,0.693804
3.9822,1.76663,0.639077,0.673581,0.617551,0.619187,0.626419,0.656851,0.689535,0.690658,0.668012,0.693882
3.9824,1.76763,0.640022,0.67265,0.617737,0.620153,0.627647,0.657614,0.688283,0.689814,0.667258,0.694553
3.9826,1.76896,0.641447,0.672359,0.618084,0.620254,0.628406,0.65772,0.689138,0.689764,0.665513,0.695614
3.9828,1.76986,0.641986,0.67235,0.618382,0.61951,0.628629,0.657428,0.690279,0.690392,0.663769,0.69645
3.983,1.7701,0.641611,0.672119,0.618378,0.618516,0.628149,0.657094,0.689938,0.691691,0.662388,0.696761
3.9832,1.76991,0.640904,0.671435,0.61826,0.617853,0.627467,0.656952,0.688582,0.692405,0.661668,0.696673
3.9834,1.76962,0.640112,0.669934,0.618439,0.61787,0.626903,0.656763,0.687548,0.691822,0.661405,0.696406
3.9836,1.76992,0.639786,0.668013,0.619163,0.618216,0.626568,0.656429,0.688103,0.690778,0.660721,0.696524
3.9838,1.7707,0.6401,0.666292,0.619884,0.61869,0.626721,0.656062,0.690739,0.690659,0.659458,0.697067
3.984,1.77144,0.640153,0.664931,0.620096,0.619342,0.627313,0.655579,0.693077,0.691371,0.657765,0.697664
3.9842,1.77201,0.640319,0.663969,0.619642,0.620102,0.627736,0.655536,0.693409,0.692959,0.65662,0.69816
3.9844,1.77244,0.641414,0.663091,0.619033,0.620366,0.62762,0.656131,0.693608,0.694205,0.656248,0.698477
3.9846,1.77311,0.642953,0.662029,0.618639,0.619888,0.626956,0.657007,0.693814,0.694619,0.656688,0.698923
3.9848,1.77409,0.64367,0.660929,0.619135,0.618964,0.626189,0.657427,0.693322,0.694254,0.656885,0.699636
3.985,1.7751,0.643743,0.660198,0.620429,0.618193,0.625618,0.657148,0.693588,0.694519,0.656191,0.700377
3.9852,1.77589,0.643302,0.659914,0.621372,0.618052,0.625444,0.65628,0.695603,0.694986,0.65474,0.701095
3.9854,1.77592,0.642631,0.659817,0.621437,0.618482,0.625611,0.655279,0.698615,0.695321,0.653307,0.701152
3.9856,1.77605,0.643163,0.659765,0.62073,0.618994,0.625797,0.654635,0.701684,0.695479,0.652655,0.701148
3.9858,1.77619,0.645564,0.659566,0.619807,0.61914,0.625664,0.65468,0.703374,0.695152,0.652934,0.701287
3.986,1.77608,0.647993,0.659142,0.618999,0.618796,0.625301,0.655437,0.702332,0.694313,0.653692,0.701144
3.9862,1.77609,0.64809,0.658688,0.618749,0.618146,0.625112,0.656198,0.700159,0.693633,0.65413,0.701125
3.9864,1.7758,0.645424,0.658463,0.619373,0.617429,0.625046,0.656161,0.698184,0.693159,0.653718,0.700899
3.9866,1.77579,0.642013,0.658926,0.62015,0.61682,0.625085,0.655385,0.698474,0.693136,0.652917,0.700738
3.9868,1.77644,0.640378,0.659753,0.620324,0.616337,0.625281,0.654005,0.701681,0.693171,0.652863,0.701108
3.987,1.77679,0.641538,0.660054,0.620183,0.616184,0.625238,0.652869,0.704418,0.692464,0.654201,0.701483
3.9872,1.77684,0.644943,0.659655,0.620034,0.61616,0.624658,0.652506,0.704044,0.690504,0.656373,0.701497
3.9874,1.77637,0.647977,0.658878,0.619962,0.616664,0.623947,0.652951,0.70158,0.687829,0.657953,0.701277
3.9876,1.77509,0.649225,0.658404,0.620195,0.617277,0.623926,0.6537,0.699359,0.685487,0.657924,0.700254
3.9878,1.77494,0.647928,0.658897,0.620186,0.616908,0.624397,0.653725,0.698565,0.684319,0.65639,0.699805
3.988,1.77597,0.645626,0.660165,0.62027,0.615245,0.624927,0.652991,0.70096,0.684289,0.654824,0.700471
3.9882,1.77683,0.644369,0.661451,0.620662,0.612969,0.625677,0.652057,0.704016,0.684657,0.654682,0.701193
3.9884,1.77709,0.644478,0.662267,0.620901,0.611778,0.625889,0.651503,0.706357,0.684654,0.656027,0.701492
3.9886,1.77663,0.645355,0.662315,0.621156,0.611622,0.624858,0.651905,0.706742,0.684057,0.657824,0.701227
3.9888,1.77587,0.646317,0.661752,0.621157,0.61218,0.624008,0.652602,0.705837,0.68324,0.658837,0.700591
3.989,1.77538,0.647017,0.66118,0.620913,0.612824,0.624416,0.652824,0.704125,0.682826,0.658545,0.700104
3.9892,1.77506,0.646579,0.660878,0.620243,0.612825,0.625737,0.652479,0.703257,0.682944,0.657421,0.699822
3.9894,1.77511,0.645175,0.660915,0.619971,0.611784,0.626969,0.65171,0.703529,0.683253,0.657116,0.699715
3.9896,1.77568,0.644044,0.660973,0.620272,0.610256,0.627166,0.650936,0.704925,0.683658,0.657888,0.700044
3.9898,1.77668,0.643638,0.660419,0.620751,0.608897,0.626614,0.650546,0.705973,0.684256,0.659,0.700757
3.99,1.77743,0.644024,0.660026,0.621095,0.608504,0.625944,0.650451,0.705564,0.684496,0.659828,0.701413
3.9902,1.77724,0.64488,0.660178,0.621588,0.610428,0.626073,0.650232,0.705177,0.684169,0.659798,0.701456
3.9904,1.77597,0.646049,0.660176,0.621898,0.61333,0.627358,0.649729,0.706166,0.683295,0.659637,0.700595
3.9906,1.77453,0.647451,0.659409,0.621886,0.614988,0.628858,0.649231,0.707104,0.682237,0.659953,0.699379
3.9908,1.77385,0.648721,0.658223,0.62154,0.614927,0.629674,0.649095,0.706671,0.681537,0.660557,0.698636
3.991,1.7744,0.649278,0.657151,0.621284,0.614308,0.629285,0.649328,0.706106,0.681597,0.661356,0.698805
3.9912,1.77583,0.64887,0.657088,0.621839,0.613714,0.628545,0.649752,0.706061,0.682302,0.661707,0.699822
3.9914,1.77696,0.648291,0.658031,0.623402,0.613874,0.628835,0.649739,0.706044,0.683822,0.661659,0.700837
3.9916,1.77695,0.647962,0.658759,0.624958,0.615033,0.629944,0.649146,0.706023,0.685378,0.66131,0.701034
3.9918,1.7757,0.647623,0.658411,0.624929,0.616055,0.630748,0.649013,0.706079,0.686195,0.660446,0.700254
3.992,1.77391,0.647472,0.657017,0.623164,0.616673,0.630629,0.649656,0.706123,0.685561,0.659808,0.698815
3.9922,1.77311,0.647557,0.655355,0.62062,0.617026,0.629764,0.650292,0.706541,0.684132,0.659997,0.69793
3.9924,1.77311,0.647332,0.654319,0.618522,0.617553,0.628838,0.650637,0.708487,0.682884,0.660809,0.697849
3.9926,1.77343,0.647086,0.65537,0.618187,0.618446,0.628797,0.650731,0.710461,0.682406,0.661658,0.698031
3.9928,1.77323,0.647174,0.658522,0.619936,0.619536,0.629663,0.65025,0.710317,0.682761,0.662536,0.698099
3.993,1.77173,0.647882,0.66178,0.623359,0.620031,0.630656,0.649445,0.708135,0.682942,0.663237,0.697113
3.9932,1.77034,0.648199,0.663225,0.625473,0.619509,0.63102,0.649135,0.70807,0.682858,0.663778,0.695916
3.9934,1.7694,0.647617,0.662598,0.62451,0.618466,0.63113,0.649555,0.710774,0.682906,0.66403,0.695152
3.9936,1.76864,0.646665,0.661275,0.621818,0.617716,0.63165,0.65096,0.713156,0.683895,0.664075,0.694547
3.9938,1.76761,0.646529,0.660747,0.619082,0.617846,0.632751,0.65203,0.712796,0.684967,0.664169,0.693898
3.994,1.76564,0.646682,0.662048,0.617585,0.61872,0.634305,0.65204,0.711231,0.685973,0.664661,0.69258
3.9942,1.76307,0.646079,0.664974,0.617886,0.619756,0.635859,0.651178,0.70987,0.686014,0.665408,0.690677
3.9944,1.76089,0.644508,0.667766,0.619618,0.620161,0.637127,0.650372,0.711422,0.685212,0.666509,0.688882
3.9946,1.75978,0.642536,0.668975,0.622094,0.620289,0.637225,0.649811,0.714138,0.684168,0.667379,0.687877
3.9948,1.75986,0.640906,0.668959,0.623648,0.620339,0.636605,0.649434,0.71497,0.683392,0.667212,0.687814
3.995,1.76039,0.63989,0.669638,0.622963,0.620498,0.63558,0.649412,0.713451,0.683434,0.666285,0.688349
3.9952,1.76007,0.639814,0.671526,0.621002,0.620793,0.634903,0.649834,0.711644,0.684398,0.664746,0.688397
3.9954,1.75969,0.640191,0.673573,0.619981,0.621028,0.63544,0.650493,0.711621,0.685532,0.663548,0.688037
3.9956,1.76047,0.640363,0.674992,0.620663,0.62123,0.636778,0.650781,0.712776,0.68589,0.663421,0.688524
3.9958,1.76176,0.639809,0.675127,0.622342,0.621052,0.638434,0.650363,0.713753,0.685239,0.663858,0.689574
3.996,1.76317,0.640218,0.674123,0.623561,0.621599,0.639217,0.649537,0.714362,0.684204,0.664114,0.690761
3.9962,1.76368,0.641686,0.673415,0.623624,0.622845,0.639038,0.649058,0.714762,0.68364,0.66327,0.691459
3.9964,1.76357,0.642947,0.674169,0.622729,0.624208,0.638695,0.649336,0.715417,0.684029,0.66151,0.691472
3.9966,1.76367,0.643168,0.675836,0.621712,0.624493,0.638371,0.650206,0.716374,0.685151,0.659728,0.691536
3.9968,1.76422,0.642764,0.677141,0.621193,0.623916,0.638458,0.651189,0.71669,0.686298,0.658544,0.691932
3.997,1.76494,0.6422,0.677613,0.621139,0.622887,0.638657,0.651439,0.71632,0.686887,0.657886,0.692547
3.9972,1.76513,0.641576,0.676996,0.621389,0.621831,0.639236,0.651392,0.716018,0.686851,0.657178,0.692884
3.9974,1.76477,0.641004,0.675567,0.621699,0.621428,0.639993,0.651387,0.716083,0.686497,0.656367,0.692704
3.9976,1.76481,0.641425,0.675059,0.621842,0.62199,0.640204,0.651564,0.716532,0.686211,0.655607,0.692604
3.9978,1.76576,0.642367,0.676211,0.621836,0.622666,0.639625,0.651787,0.716518,0.68629,0.654762,0.693259
3.998,1.76703,0.643513,0.677535,0.621941,0.623261,0.63884,0.652334,0.716285,0.686813,0.653844,0.694248
3.9982,1.76817,0.643985,0.677515,0.622586,0.623387,0.638559,0.652817,0.716614,0.68737,0.65286,0.695235
3.9984,1.76862,0.644086,0.675799,0.62342,0.623286,0.638773,0.653075,0.71687,0.687122,0.652069,0.695751
3.9986,1.76849,0.643526,0.673015,0.623711,0.623213,0.639027,0.652838,0.716466,0.685699,0.651621,0.695735
3.9988,1.76841,0.64282,0.670972,0.623358,0.62298,0.638953,0.653132,0.715933,0.684068,0.651595,0.695623
3.999,1.76899,0.642492,0.671111,0.622694,0.622587,0.638616,0.654456,0.71512,0.683365,0.651853,0.695922
3.9992,1.77042,0.642431,0.672349,0.622269,0.622218,0.638351,0.655787,0.715606,0.683777,0.65214,0.696904
3.9994,1.77202,0.642423,0.672663,0.622298,0.622023,0.638336,0.656678,0.71669,0.684818,0.652264,0.698199
3.9996,1.77291,0.642298,0.670761,0.622547,0.622184,0.638604,0.656726,0.718241,0.685842,0.652193,0.699046
3.9998,1.77294,0.641975,0.667161,0.62268,0.622518,0.638897,0.655724,0.720185,0.685986,0.652104,0.699213
4,1.77209,0.641577,0.664051,0.622435,0.622552,0.638661,0.654964,0.720041,0.685051,0.652102,0.698676
