TIME,I_pu39,I_pu31,I_pu38,I_pu37,I_pu36,I_pu35,I_pu30,I_pu34,I_pu33,I_pu
2.9,0.634858,0.66163,0.61921,0.620862,0.625976,0.641337,0.666126,0.672918,0.65491,0.686437
2.9002,0.634284,0.661825,0.618198,0.619476,0.625562,0.640194,0.666607,0.672437,0.654392,0.686201
2.9004,0.633439,0.661574,0.617412,0.617541,0.625022,0.63955,0.667158,0.673171,0.653714,0.686275
2.9006,0.632862,0.661076,0.617201,0.616308,0.624894,0.639095,0.667937,0.674271,0.653383,0.686174
2.9008,0.632388,0.660822,0.61741,0.616562,0.624946,0.639124,0.668342,0.674974,0.653768,0.685762
2.901,0.632504,0.660932,0.617574,0.61773,0.624749,0.639556,0.669217,0.675411,0.654317,0.684958
2.9012,0.633283,0.661392,0.617312,0.618483,0.624063,0.639873,0.670995,0.675406,0.654796,0.683719
2.9014,0.63427,0.661922,0.616634,0.618194,0.623162,0.639882,0.672958,0.675596,0.654277,0.682653
2.9016,0.634738,0.662345,0.615836,0.616987,0.622186,0.639837,0.673839,0.676949,0.652934,0.682351
2.9018,0.634395,0.662261,0.615292,0.615892,0.621434,0.639958,0.673821,0.678758,0.651754,0.68279
2.902,0.633589,0.662,0.615223,0.615156,0.62108,0.640282,0.673224,0.679829,0.651395,0.683446
2.9022,0.632939,0.661867,0.615731,0.615095,0.621134,0.640791,0.673659,0.680488,0.652187,0.683547
2.9024,0.633046,0.662003,0.616495,0.615569,0.621077,0.641505,0.675578,0.681097,0.653305,0.682876
2.9026,0.633961,0.662416,0.616851,0.616131,0.621045,0.642367,0.677856,0.680804,0.653854,0.681449
2.9028,0.635046,0.6628,0.616467,0.61623,0.621688,0.643094,0.679656,0.680171,0.65298,0.680616
2.903,0.635508,0.663286,0.61576,0.615528,0.62212,0.643592,0.681069,0.680513,0.650943,0.681204
2.9032,0.635255,0.663444,0.615148,0.614354,0.621912,0.644336,0.682543,0.681931,0.648885,0.682725
2.9034,0.635258,0.663134,0.615175,0.613299,0.621519,0.645302,0.684371,0.683543,0.6479,0.683872
2.9036,0.635644,0.662894,0.615663,0.612674,0.621148,0.646067,0.686403,0.684626,0.648118,0.683599
2.9038,0.636325,0.663388,0.616101,0.612561,0.620801,0.646371,0.687795,0.684762,0.648999,0.682325
2.904,0.636951,0.664146,0.616185,0.61318,0.620611,0.646297,0.687871,0.684815,0.649551,0.681267
2.9042,0.637372,0.664896,0.616059,0.614305,0.620581,0.646131,0.687448,0.685215,0.649135,0.680965
2.9044,0.637089,0.665862,0.615944,0.615374,0.620548,0.646331,0.687897,0.686544,0.64809,0.681874
2.9046,0.637019,0.666944,0.615986,0.616069,0.620441,0.647213,0.688132,0.688502,0.647223,0.683326
2.9048,0.637279,0.6673,0.61633,0.61612,0.620305,0.648562,0.687571,0.689778,0.647133,0.684101
2.905,0.638214,0.667179,0.61685,0.615778,0.620129,0.649813,0.686157,0.689845,0.648048,0.683961
2.9052,0.639251,0.667116,0.617261,0.615582,0.620211,0.650569,0.686365,0.68898,0.650137,0.682861
2.9054,0.63948,0.66712,0.617351,0.615874,0.62066,0.650773,0.687043,0.688097,0.651831,0.681611
2.9056,0.639056,0.667491,0.617311,0.616484,0.621232,0.650496,0.686139,0.688359,0.652183,0.681561
2.9058,0.638182,0.667886,0.617562,0.616958,0.621587,0.650064,0.683225,0.689486,0.651392,0.68248
2.906,0.637636,0.667601,0.618255,0.617268,0.621829,0.650075,0.681259,0.690531,0.651056,0.683552
2.9062,0.637515,0.666398,0.618833,0.617685,0.62204,0.65062,0.680411,0.690684,0.651535,0.683847
2.9064,0.637687,0.664499,0.618823,0.618145,0.622673,0.651192,0.681066,0.690145,0.652394,0.683239
2.9066,0.637742,0.663939,0.618236,0.618345,0.623902,0.651408,0.680931,0.689611,0.65315,0.682225
2.9068,0.637508,0.66601,0.617564,0.618316,0.625133,0.650977,0.678125,0.689526,0.653845,0.681641
2.907,0.637195,0.668414,0.61739,0.618115,0.62585,0.650018,0.674997,0.690125,0.654168,0.68222
2.9072,0.637109,0.668581,0.617946,0.617955,0.625925,0.648782,0.673217,0.691126,0.654469,0.683741
2.9074,0.637383,0.665445,0.619001,0.618179,0.625727,0.647796,0.673889,0.691837,0.655097,0.685272
2.9076,0.637859,0.660707,0.620001,0.618881,0.625778,0.647481,0.675296,0.691827,0.655868,0.685807
2.9078,0.638223,0.656946,0.620953,0.619703,0.626597,0.648575,0.675218,0.69155,0.656566,0.685529
2.908,0.638301,0.65641,0.621634,0.620167,0.628139,0.649515,0.673724,0.691699,0.657112,0.68513
2.9082,0.638186,0.658559,0.621523,0.620117,0.629534,0.648946,0.672765,0.692173,0.657774,0.685274
2.9084,0.638017,0.661328,0.620439,0.619686,0.630215,0.647215,0.673242,0.692494,0.658705,0.68646
2.9086,0.638108,0.662059,0.61896,0.619092,0.630482,0.645075,0.675085,0.692187,0.659894,0.68806
2.9088,0.638435,0.660009,0.617605,0.618753,0.630484,0.643479,0.677328,0.691015,0.661138,0.689161
2.909,0.638718,0.656597,0.617328,0.618814,0.630828,0.642798,0.678047,0.689656,0.661997,0.68906
2.9092,0.638808,0.653832,0.618047,0.618959,0.631425,0.642681,0.677442,0.688918,0.66238,0.688074
2.9094,0.638671,0.652711,0.618855,0.618539,0.632406,0.642584,0.677938,0.689074,0.662431,0.687702
2.9096,0.638268,0.653155,0.618967,0.617698,0.633259,0.642343,0.679798,0.688952,0.662615,0.688377
2.9098,0.637518,0.654344,0.618223,0.617048,0.634024,0.641944,0.681535,0.688104,0.663174,0.689323
2.91,0.636692,0.654993,0.617149,0.61684,0.634447,0.641353,0.682504,0.686202,0.664302,0.689846
2.9102,0.636356,0.654724,0.616085,0.61657,0.634502,0.640897,0.682835,0.684342,0.665515,0.690197
2.9104,0.636832,0.654139,0.615542,0.616519,0.634454,0.640894,0.683034,0.68325,0.666551,0.690485
2.9106,0.637822,0.653873,0.615439,0.616293,0.634429,0.641396,0.684754,0.68271,0.667348,0.69097
2.9108,0.638468,0.654161,0.61574,0.615514,0.634457,0.642208,0.68807,0.682303,0.667854,0.691556
2.911,0.637758,0.655672,0.616124,0.614245,0.634541,0.643047,0.691526,0.68108,0.668583,0.692669
2.9112,0.636093,0.657576,0.616703,0.613437,0.635356,0.643536,0.694042,0.680207,0.669941,0.694184
2.9114,0.634574,0.658314,0.616771,0.613142,0.636534,0.6436,0.695637,0.681493,0.671443,0.695212
2.9116,0.633368,0.657728,0.616353,0.613394,0.637292,0.643861,0.696801,0.684328,0.672044,0.695501
2.9118,0.632886,0.657257,0.615868,0.613866,0.637536,0.644678,0.698223,0.685902,0.671497,0.694994
2.912,0.63313,0.65766,0.615527,0.613804,0.637136,0.645419,0.700194,0.684119,0.670476,0.694122
2.9122,0.633906,0.658674,0.615369,0.613135,0.636155,0.645451,0.701797,0.679697,0.669843,0.693791
2.9124,0.634954,0.659793,0.616022,0.612333,0.635531,0.6447,0.701773,0.675292,0.670059,0.694379
2.9126,0.635251,0.660248,0.617168,0.61177,0.636347,0.643707,0.700935,0.673147,0.670694,0.695292
2.9128,0.634726,0.659455,0.617706,0.611534,0.637848,0.643106,0.700205,0.673555,0.671517,0.696126
2.913,0.634062,0.658259,0.617331,0.611595,0.638584,0.643296,0.70005,0.67504,0.672535,0.696652
2.9132,0.633692,0.658212,0.616515,0.611801,0.638294,0.644261,0.700032,0.675588,0.673095,0.696413
2.9134,0.634252,0.65938,0.615841,0.611969,0.637121,0.645518,0.699359,0.674558,0.673288,0.695461
2.9136,0.635704,0.660781,0.615686,0.612113,0.636239,0.646432,0.69763,0.672825,0.673365,0.694313
2.9138,0.637115,0.661618,0.615889,0.612265,0.636379,0.646476,0.695306,0.671319,0.672787,0.693372
2.914,0.637528,0.661138,0.616124,0.612306,0.637396,0.645556,0.6929,0.670738,0.671839,0.692701
2.9142,0.636676,0.659973,0.616143,0.612109,0.638137,0.644362,0.691059,0.671151,0.671399,0.692569
2.9144,0.635457,0.659587,0.615982,0.611668,0.637846,0.644091,0.690399,0.671578,0.671624,0.69294
2.9146,0.634254,0.660557,0.615854,0.611373,0.637102,0.644649,0.690481,0.671696,0.672457,0.693298
2.9148,0.633802,0.662171,0.61581,0.611514,0.636381,0.645502,0.689428,0.672025,0.672939,0.693035
2.915,0.634685,0.663102,0.615766,0.612011,0.636433,0.645581,0.68652,0.672653,0.6729,0.691932
2.9152,0.635908,0.662515,0.615757,0.612794,0.636955,0.644493,0.682981,0.672886,0.672314,0.690241
2.9154,0.636411,0.660839,0.615834,0.613489,0.637601,0.642733,0.680393,0.672339,0.672124,0.68873
2.9156,0.635748,0.659169,0.61597,0.613869,0.637604,0.641353,0.679396,0.671295,0.672254,0.688486
2.9158,0.634461,0.658816,0.616204,0.613978,0.636653,0.640779,0.678773,0.670455,0.67295,0.689776
2.916,0.633804,0.659952,0.616504,0.614079,0.63589,0.640518,0.677601,0.670447,0.67362,0.691142
2.9162,0.634023,0.661998,0.616729,0.614892,0.635907,0.640471,0.676148,0.67141,0.673702,0.691451
2.9164,0.635364,0.663798,0.616648,0.615952,0.636368,0.640299,0.674966,0.672864,0.672943,0.690421
2.9166,0.636856,0.66404,0.616209,0.616624,0.637037,0.639513,0.674505,0.673961,0.671843,0.688663
2.9168,0.637948,0.662878,0.61563,0.617143,0.637434,0.637913,0.674739,0.674106,0.671419,0.687188
2.917,0.638095,0.661572,0.615233,0.617486,0.637497,0.636173,0.675396,0.67323,0.672057,0.686678
2.9172,0.636932,0.661242,0.615127,0.617855,0.636967,0.634899,0.676232,0.671865,0.673316,0.687113
2.9174,0.63517,0.661791,0.615411,0.618198,0.636081,0.634349,0.676412,0.6712,0.673948,0.687685
2.9176,0.633603,0.662505,0.615799,0.618458,0.635856,0.634209,0.676118,0.671793,0.673348,0.687801
2.9178,0.633431,0.662632,0.615724,0.6187,0.636274,0.633937,0.676734,0.672874,0.672252,0.687242
2.918,0.634305,0.662482,0.615371,0.619014,0.637318,0.633373,0.677889,0.673064,0.671599,0.686513
2.9182,0.634846,0.662467,0.614981,0.619854,0.638103,0.632734,0.678848,0.671601,0.672278,0.685613
2.9184,0.634298,0.663041,0.614652,0.621193,0.638417,0.632446,0.678554,0.669643,0.674382,0.684965
2.9186,0.632794,0.66436,0.614356,0.62257,0.638381,0.632605,0.677863,0.668607,0.676599,0.684593
2.9188,0.631205,0.665789,0.614216,0.623352,0.637986,0.633001,0.678683,0.668631,0.677454,0.684424
2.919,0.629976,0.666134,0.613914,0.623267,0.637466,0.633408,0.680785,0.668906,0.676644,0.684808
2.9192,0.629886,0.665553,0.613546,0.622935,0.636899,0.633815,0.683166,0.668564,0.674804,0.68502
2.9194,0.630525,0.664742,0.613147,0.622763,0.636686,0.63431,0.684731,0.667201,0.673315,0.684941
2.9196,0.630684,0.664989,0.612713,0.623591,0.637163,0.634798,0.685565,0.665559,0.673067,0.685042
2.9198,0.629955,0.666031,0.612369,0.624928,0.638075,0.63531,0.686457,0.664417,0.674245,0.685098
2.92,0.628738,0.666955,0.612218,0.62603,0.638503,0.636255,0.687739,0.664675,0.676217,0.684975
2.9202,0.627426,0.667005,0.612192,0.62648,0.638252,0.637525,0.689125,0.665532,0.677678,0.684515
2.9204,0.626546,0.66615,0.612162,0.626231,0.637478,0.638742,0.6902,0.665842,0.677943,0.683859
2.9206,0.626299,0.66507,0.612078,0.625623,0.636823,0.639501,0.690508,0.665302,0.677332,0.683389
2.9208,0.626498,0.664389,0.61202,0.625383,0.636725,0.639912,0.690186,0.664101,0.676857,0.683421
2.921,0.627007,0.664857,0.612214,0.626119,0.636989,0.640048,0.690526,0.662905,0.676745,0.684315
2.9212,0.627403,0.665903,0.612749,0.628062,0.637729,0.640337,0.690936,0.662296,0.677459,0.685155
2.9214,0.627366,0.666987,0.613725,0.630135,0.638708,0.64116,0.692104,0.662396,0.678521,0.685385
2.9216,0.627034,0.667471,0.614969,0.630955,0.639019,0.642467,0.692534,0.662928,0.679484,0.685392
2.9218,0.626746,0.666921,0.615679,0.630596,0.638672,0.643607,0.690712,0.663273,0.679878,0.685558
2.922,0.626756,0.666105,0.615753,0.630205,0.638267,0.644102,0.687912,0.66337,0.679439,0.685564
2.9222,0.627151,0.665594,0.615572,0.630245,0.637803,0.644354,0.685882,0.663465,0.678444,0.68538
2.9224,0.628281,0.665311,0.615554,0.630534,0.637283,0.644373,0.685502,0.663743,0.677328,0.685206
2.9226,0.629796,0.665056,0.615806,0.630904,0.637007,0.644572,0.686056,0.664077,0.676442,0.685487
2.9228,0.6307,0.66454,0.616138,0.63109,0.637434,0.644966,0.684761,0.664291,0.67619,0.685953
2.923,0.631004,0.66346,0.616411,0.631127,0.638122,0.645498,0.68173,0.66453,0.676635,0.686295
2.9232,0.630858,0.662476,0.616373,0.631123,0.638339,0.646148,0.678658,0.664992,0.676749,0.686141
2.9234,0.630378,0.662113,0.616165,0.63119,0.637786,0.646904,0.676091,0.665654,0.675339,0.685894
2.9236,0.629816,0.662127,0.616754,0.631057,0.636362,0.647504,0.674632,0.6664,0.673145,0.68625
2.9238,0.629783,0.662689,0.617806,0.631247,0.635099,0.647989,0.673838,0.667022,0.67125,0.687117
2.924,0.631253,0.66348,0.618658,0.631721,0.635049,0.648296,0.672859,0.667786,0.670234,0.688204
2.9242,0.633173,0.663407,0.618993,0.632798,0.636666,0.648688,0.671773,0.668435,0.669883,0.68858
2.9244,0.63452,0.662397,0.618715,0.634265,0.638764,0.649394,0.670728,0.669675,0.670083,0.688172
2.9246,0.634816,0.661411,0.618572,0.635162,0.640098,0.649836,0.669876,0.671398,0.669688,0.687841
2.9248,0.634301,0.66118,0.618795,0.635003,0.639921,0.650569,0.669243,0.673213,0.667845,0.687895
2.925,0.633675,0.661721,0.61939,0.633948,0.638189,0.651313,0.668969,0.674222,0.665503,0.688261
2.9252,0.633751,0.662643,0.62041,0.632805,0.636611,0.651827,0.669528,0.674472,0.663244,0.688755
2.9254,0.63442,0.663003,0.621235,0.631784,0.63661,0.651914,0.670934,0.674789,0.662235,0.689037
2.9256,0.635081,0.662168,0.621572,0.631037,0.637994,0.651448,0.672342,0.675053,0.662692,0.689168
2.9258,0.635494,0.66086,0.621158,0.630449,0.639477,0.650781,0.672911,0.675053,0.663295,0.688897
2.926,0.635498,0.660256,0.620251,0.629639,0.639935,0.650583,0.672915,0.674527,0.663113,0.688889
2.9262,0.635396,0.660409,0.619584,0.628784,0.639125,0.651116,0.672838,0.673484,0.662082,0.689398
2.9264,0.635623,0.66062,0.619873,0.627716,0.637581,0.651981,0.673203,0.672276,0.660644,0.690575
2.9266,0.636068,0.660174,0.621041,0.626367,0.636318,0.652656,0.674216,0.672137,0.659966,0.691493
2.9268,0.636235,0.658966,0.622406,0.624843,0.636129,0.652885,0.676257,0.672844,0.659997,0.691439
2.927,0.636815,0.657519,0.623125,0.623719,0.637046,0.652701,0.679156,0.673535,0.661074,0.690475
2.9272,0.637595,0.656701,0.622901,0.622586,0.638312,0.652379,0.681645,0.67322,0.662853,0.689216
2.9274,0.638307,0.656939,0.621922,0.621529,0.638975,0.652363,0.682667,0.671298,0.663962,0.688468
2.9276,0.639189,0.658017,0.621167,0.620458,0.638513,0.652537,0.682937,0.669116,0.664567,0.68874
2.9278,0.63999,0.659396,0.621694,0.619958,0.637241,0.653058,0.683358,0.667746,0.664945,0.689601
2.928,0.639851,0.659879,0.623388,0.621032,0.635964,0.654362,0.68446,0.669151,0.665324,0.690391
2.9282,0.638875,0.658826,0.624887,0.622768,0.635306,0.655801,0.685185,0.672296,0.665701,0.690986
2.9284,0.638084,0.656572,0.625038,0.623174,0.635588,0.656327,0.68575,0.67386,0.665805,0.691066
2.9286,0.637888,0.654205,0.623931,0.621124,0.635964,0.65555,0.68712,0.671967,0.665407,0.690775
2.9288,0.638671,0.65262,0.622554,0.618044,0.635468,0.65454,0.688094,0.668131,0.665277,0.690433
2.929,0.639839,0.65283,0.62202,0.616057,0.633828,0.65395,0.689012,0.66445,0.666028,0.690069
2.9292,0.640028,0.654819,0.622571,0.616033,0.632069,0.654566,0.689987,0.662846,0.667574,0.689696
2.9294,0.638603,0.65717,0.62376,0.617295,0.631959,0.656216,0.689793,0.663689,0.669202,0.689562
2.9296,0.63668,0.658222,0.624842,0.61849,0.632531,0.657448,0.689025,0.665547,0.669654,0.689973
2.9298,0.635307,0.657718,0.625143,0.618703,0.632907,0.657292,0.690055,0.666528,0.668737,0.690443
2.93,0.634793,0.65645,0.624496,0.617979,0.632998,0.656672,0.692819,0.666262,0.667295,0.69052
2.9302,0.635028,0.655548,0.623736,0.617,0.631836,0.656528,0.696164,0.665409,0.666653,0.690529
2.9304,0.635636,0.656289,0.623647,0.616397,0.62965,0.656358,0.698032,0.664347,0.667222,0.690787
2.9306,0.636012,0.657974,0.624228,0.616498,0.627782,0.656021,0.697248,0.663861,0.668617,0.69097
2.9308,0.635047,0.658952,0.624785,0.617261,0.626674,0.655833,0.695501,0.664546,0.669892,0.690718
2.931,0.632819,0.659268,0.624535,0.618051,0.626276,0.655598,0.695631,0.665404,0.670299,0.690619
2.9312,0.630203,0.659119,0.623601,0.618627,0.626131,0.655455,0.697438,0.666356,0.669779,0.690649
2.9314,0.628826,0.658552,0.62232,0.619033,0.62565,0.656115,0.69989,0.667392,0.669072,0.690393
2.9316,0.629691,0.657907,0.621839,0.619091,0.624567,0.657211,0.701619,0.667927,0.668521,0.689676
2.9318,0.631448,0.657664,0.622529,0.618799,0.623163,0.657901,0.701041,0.667656,0.668773,0.689078
2.932,0.631948,0.658197,0.623499,0.618468,0.62206,0.657718,0.699672,0.66711,0.669552,0.688706
2.9322,0.630607,0.659333,0.623257,0.618308,0.621668,0.657099,0.699334,0.666713,0.670466,0.688887
2.9324,0.628359,0.66042,0.621582,0.61829,0.621827,0.656359,0.700455,0.666473,0.670858,0.689757
2.9326,0.62645,0.661064,0.618942,0.61837,0.622053,0.656005,0.701771,0.666895,0.670388,0.690521
2.9328,0.625774,0.66087,0.617029,0.618566,0.62197,0.656234,0.703227,0.668186,0.669832,0.690489
2.933,0.626419,0.660086,0.616552,0.618871,0.621534,0.656782,0.704095,0.66942,0.669233,0.689643
2.9332,0.627556,0.659431,0.617267,0.619212,0.621029,0.656929,0.704632,0.669714,0.66898,0.688388
2.9334,0.628098,0.659273,0.618306,0.619416,0.620665,0.65683,0.704878,0.669269,0.669771,0.68716
2.9336,0.627642,0.659634,0.618363,0.61924,0.62054,0.656539,0.704921,0.668351,0.67152,0.686308
2.9338,0.626684,0.66061,0.617039,0.618566,0.620778,0.656149,0.705425,0.667655,0.67297,0.686113
2.934,0.625836,0.661905,0.61507,0.617763,0.621312,0.656223,0.705032,0.668076,0.672802,0.686313
2.9342,0.625622,0.662848,0.613497,0.617492,0.621527,0.656568,0.704017,0.669091,0.671716,0.686474
2.9344,0.626152,0.663157,0.612949,0.617866,0.621121,0.656868,0.703166,0.669662,0.6708,0.686411
2.9346,0.62716,0.662778,0.613354,0.618464,0.620336,0.656875,0.702618,0.669114,0.67069,0.685891
2.9348,0.627637,0.661871,0.614122,0.618476,0.619651,0.656414,0.702857,0.667394,0.671516,0.684957
2.935,0.627271,0.660995,0.61465,0.617728,0.619427,0.655828,0.704065,0.665245,0.672626,0.683946
2.9352,0.626591,0.660935,0.614699,0.616427,0.619775,0.655314,0.704883,0.663475,0.673303,0.683314
2.9354,0.626291,0.661909,0.614405,0.615126,0.620502,0.65514,0.704223,0.662771,0.673318,0.683052
2.9356,0.62658,0.663272,0.614061,0.61464,0.621184,0.655256,0.702801,0.662828,0.67286,0.683161
2.9358,0.627243,0.66416,0.613906,0.615233,0.621508,0.655556,0.702544,0.662797,0.672517,0.68326
2.936,0.627926,0.664177,0.613941,0.61596,0.621412,0.655987,0.704078,0.662215,0.672747,0.683708
2.9362,0.628301,0.663377,0.614041,0.615663,0.621038,0.656102,0.706509,0.661114,0.673374,0.684104
2.9364,0.628238,0.662127,0.614488,0.614345,0.620701,0.656208,0.708062,0.659552,0.673874,0.683709
2.9366,0.62785,0.66165,0.615357,0.612727,0.620669,0.65684,0.70843,0.658206,0.673933,0.682663
2.9368,0.627545,0.662364,0.616289,0.611826,0.621109,0.657423,0.708141,0.657582,0.673741,0.681585
2.937,0.627495,0.663494,0.616816,0.612062,0.621882,0.65723,0.707617,0.657478,0.673535,0.68132
2.9372,0.627631,0.663617,0.616724,0.612944,0.6222,0.65693,0.707938,0.657609,0.673197,0.68185
2.9374,0.627687,0.662198,0.616254,0.613692,0.621408,0.6573,0.708688,0.657606,0.672449,0.683261
2.9376,0.627955,0.659621,0.615958,0.614092,0.62001,0.658528,0.708577,0.657412,0.671128,0.684226
2.9378,0.629798,0.657274,0.616279,0.614224,0.618615,0.659824,0.708823,0.657252,0.669613,0.684047
2.938,0.632825,0.656511,0.617437,0.614373,0.618528,0.66037,0.710442,0.657324,0.668257,0.682864
2.9382,0.6344,0.657691,0.619168,0.614944,0.6195,0.660014,0.712346,0.657717,0.667908,0.681717
2.9384,0.633549,0.659086,0.62047,0.616497,0.620797,0.6594,0.713525,0.658357,0.668688,0.680784
2.9386,0.631063,0.659146,0.621065,0.619101,0.621357,0.659348,0.714265,0.659733,0.671307,0.680076
2.9388,0.628923,0.657375,0.620755,0.621117,0.620295,0.660067,0.714031,0.661138,0.674105,0.679867
2.939,0.628311,0.654644,0.619956,0.621003,0.618378,0.661722,0.713126,0.661832,0.674717,0.68006
2.9392,0.629188,0.652374,0.620031,0.619932,0.616755,0.66343,0.71328,0.662055,0.672936,0.680101
2.9394,0.63055,0.65156,0.621232,0.620074,0.616378,0.66424,0.714964,0.662124,0.670374,0.679926
2.9396,0.631087,0.65202,0.622708,0.62167,0.6171,0.664378,0.716384,0.662419,0.668676,0.679611
2.9398,0.630473,0.652735,0.623468,0.623385,0.618222,0.664104,0.716026,0.663403,0.669071,0.679352
2.94,0.62917,0.652842,0.623294,0.623995,0.61864,0.66399,0.715583,0.664803,0.670772,0.67886
2.9402,0.627944,0.651958,0.622814,0.623228,0.618278,0.664006,0.716625,0.665988,0.672258,0.678077
2.9404,0.627925,0.650456,0.622941,0.621839,0.618454,0.664615,0.718202,0.666638,0.672322,0.677831
2.9406,0.630429,0.649137,0.623691,0.621075,0.619136,0.665332,0.718643,0.667078,0.670751,0.678954
2.9408,0.63399,0.648465,0.62454,0.621735,0.619831,0.665492,0.716932,0.667753,0.668713,0.680522
2.941,0.636259,0.648479,0.624978,0.623359,0.620271,0.665094,0.715353,0.668758,0.667284,0.681651
2.9412,0.636139,0.649406,0.625385,0.624744,0.620908,0.664501,0.715482,0.669922,0.66699,0.681897
2.9414,0.634714,0.650881,0.625491,0.625559,0.621997,0.664147,0.716617,0.670689,0.668156,0.681466
2.9416,0.633779,0.651832,0.625575,0.625273,0.622667,0.663932,0.717411,0.671222,0.670057,0.681205
2.9418,0.634573,0.651796,0.62564,0.624273,0.622732,0.663471,0.717185,0.672176,0.670641,0.680998
2.942,0.636097,0.65113,0.625434,0.622994,0.622501,0.663338,0.716674,0.673368,0.669197,0.680631
2.9422,0.636897,0.650149,0.625179,0.621931,0.62246,0.663402,0.716693,0.674601,0.66612,0.679787
2.9424,0.636469,0.649207,0.624889,0.621195,0.622537,0.663028,0.716738,0.674925,0.663078,0.678334
2.9426,0.635384,0.648935,0.624843,0.620627,0.623446,0.662489,0.716217,0.674364,0.66139,0.676798
2.9428,0.635138,0.649431,0.62519,0.620124,0.62513,0.662297,0.714671,0.673988,0.661619,0.675681
2.943,0.635843,0.65056,0.626051,0.61933,0.626423,0.662345,0.713168,0.674327,0.662572,0.675916
2.9432,0.637355,0.651666,0.627024,0.618502,0.626835,0.662582,0.712113,0.675195,0.663295,0.677914
2.9434,0.63855,0.652384,0.627259,0.61863,0.626084,0.662929,0.711173,0.676186,0.662595,0.680058
2.9436,0.639138,0.652339,0.627116,0.619989,0.625143,0.663329,0.709373,0.676997,0.660581,0.680857
2.9438,0.639446,0.651624,0.6266,0.622016,0.62469,0.663409,0.70751,0.677387,0.658333,0.680234
2.944,0.639678,0.650882,0.626142,0.623125,0.625605,0.663179,0.705913,0.677302,0.656983,0.679317
2.9442,0.639566,0.650599,0.625678,0.622748,0.627434,0.662757,0.705142,0.677151,0.656352,0.679033
2.9444,0.639114,0.65129,0.625447,0.621598,0.629236,0.66219,0.70353,0.677124,0.656159,0.679647
2.9446,0.638891,0.652735,0.625838,0.620755,0.629596,0.662359,0.701348,0.677849,0.655466,0.680777
2.9448,0.639231,0.65413,0.62643,0.621393,0.628571,0.663566,0.698326,0.679581,0.654827,0.681583
2.945,0.639772,0.654934,0.627011,0.622853,0.626935,0.66484,0.697143,0.680921,0.654488,0.681517
2.9452,0.64024,0.654643,0.627262,0.624356,0.625666,0.665399,0.697945,0.680988,0.654151,0.681098
2.9454,0.640385,0.65361,0.626875,0.624874,0.625866,0.664834,0.697115,0.680056,0.653613,0.68116
2.9456,0.640594,0.652566,0.626358,0.62442,0.627454,0.663304,0.693592,0.678537,0.652868,0.681622
2.9458,0.640484,0.652147,0.62631,0.623252,0.629028,0.661515,0.689061,0.677334,0.652366,0.681922
2.946,0.640476,0.652547,0.626514,0.622575,0.629698,0.66031,0.685703,0.676673,0.652278,0.681736
2.9462,0.640284,0.653446,0.626414,0.622254,0.629431,0.66044,0.684311,0.67694,0.652491,0.681044
2.9464,0.640544,0.654234,0.626166,0.622699,0.6284,0.661388,0.684039,0.677155,0.652858,0.680206
2.9466,0.64154,0.65441,0.625567,0.623734,0.627077,0.662236,0.683384,0.676751,0.653304,0.679888
2.9468,0.642351,0.653958,0.624411,0.624536,0.626378,0.662015,0.681591,0.675611,0.653721,0.680418
2.947,0.641908,0.653351,0.623712,0.624237,0.626566,0.66088,0.679156,0.674159,0.65408,0.681412
2.9472,0.640278,0.653117,0.624204,0.623137,0.627181,0.659705,0.677577,0.672073,0.654485,0.68212
2.9474,0.638023,0.653391,0.625497,0.622116,0.628228,0.658633,0.677669,0.670061,0.654922,0.681954
2.9476,0.636808,0.654035,0.626649,0.621533,0.629257,0.657642,0.67885,0.66851,0.655371,0.680764
2.9478,0.636697,0.65494,0.626529,0.621682,0.629933,0.657321,0.680059,0.668164,0.656047,0.679089
2.948,0.637589,0.655677,0.625086,0.622544,0.629519,0.65732,0.680251,0.668589,0.656698,0.677913
2.9482,0.638032,0.655884,0.623463,0.623023,0.628125,0.657258,0.67941,0.668335,0.65702,0.677739
2.9484,0.637448,0.65551,0.622568,0.622569,0.626525,0.657178,0.678928,0.666816,0.657086,0.678006
2.9486,0.635919,0.65495,0.622643,0.621568,0.625803,0.657037,0.679513,0.664604,0.657139,0.677811
2.9488,0.634192,0.654715,0.623305,0.621241,0.626188,0.65699,0.680644,0.662608,0.657368,0.676998
2.949,0.633356,0.655143,0.623883,0.622116,0.627174,0.656724,0.68178,0.661437,0.657908,0.675302
2.9492,0.633479,0.656205,0.62389,0.62378,0.627932,0.656461,0.68273,0.661181,0.658738,0.67353
2.9494,0.634,0.657449,0.623328,0.62486,0.628446,0.656096,0.683083,0.661384,0.659599,0.672224
2.9496,0.634898,0.658302,0.622715,0.624902,0.628225,0.656278,0.683286,0.661488,0.660284,0.672217
2.9498,0.635435,0.658461,0.622666,0.62396,0.627554,0.656764,0.684011,0.66127,0.660756,0.672683
2.95,0.635565,0.658126,0.622965,0.622666,0.626546,0.657013,0.685187,0.660806,0.660985,0.672162
2.9502,0.635611,0.657692,0.6233,0.621742,0.625569,0.657151,0.68679,0.66036,0.660983,0.670397
2.9504,0.635964,0.657443,0.623377,0.621529,0.625014,0.657358,0.688559,0.659946,0.660975,0.668087
2.9506,0.636569,0.657591,0.622883,0.621805,0.624894,0.657413,0.689471,0.659575,0.661239,0.666415
2.9508,0.63669,0.658261,0.622398,0.621855,0.625171,0.657359,0.689788,0.659698,0.661677,0.665809
2.951,0.636361,0.658871,0.622615,0.621377,0.625758,0.657101,0.690476,0.660231,0.661954,0.665838
2.9512,0.636284,0.658748,0.623232,0.620447,0.626399,0.656807,0.691069,0.660658,0.661776,0.66592
2.9514,0.636552,0.657595,0.623644,0.619146,0.626533,0.656482,0.690016,0.660712,0.661134,0.665688
2.9516,0.637199,0.655912,0.623558,0.617968,0.626065,0.656693,0.688513,0.660515,0.660204,0.665004
2.9518,0.637555,0.654991,0.623166,0.617215,0.625347,0.65791,0.68803,0.66036,0.659433,0.664267
2.952,0.63779,0.654911,0.622796,0.616706,0.624856,0.659202,0.688382,0.660493,0.659204,0.664003
2.9522,0.638291,0.655185,0.622934,0.616355,0.625018,0.659836,0.689202,0.661019,0.659878,0.664388
2.9524,0.639217,0.655108,0.623955,0.61581,0.625751,0.659532,0.689578,0.661834,0.660416,0.665176
2.9526,0.64019,0.654066,0.625448,0.615571,0.626559,0.658786,0.689572,0.662756,0.66054,0.665949
2.9528,0.640625,0.652229,0.626468,0.615719,0.627158,0.658627,0.688305,0.663595,0.660164,0.666369
2.953,0.640036,0.650405,0.626591,0.615931,0.627411,0.659175,0.68708,0.664099,0.659773,0.666274
2.9532,0.638875,0.649195,0.626001,0.615433,0.627253,0.659697,0.686317,0.66413,0.659659,0.666149
2.9534,0.638229,0.648687,0.625107,0.614718,0.627344,0.659829,0.68572,0.663881,0.659796,0.66664
2.9536,0.638521,0.648672,0.624898,0.614281,0.627839,0.659821,0.684703,0.663657,0.660337,0.667505
2.9538,0.639784,0.648724,0.625752,0.614173,0.628512,0.659833,0.683838,0.664025,0.661238,0.668128
2.954,0.641092,0.648673,0.627295,0.614397,0.628936,0.660141,0.683088,0.66477,0.662306,0.668136
2.9542,0.641801,0.648266,0.628201,0.614824,0.628937,0.660361,0.682061,0.665235,0.663071,0.667599
2.9544,0.641673,0.647535,0.628292,0.61516,0.62867,0.660348,0.680325,0.664968,0.663208,0.66707
2.9546,0.640781,0.646796,0.627468,0.615076,0.628772,0.660406,0.678724,0.663798,0.663012,0.667193
2.9548,0.640004,0.646365,0.62688,0.614584,0.62902,0.660229,0.677944,0.662781,0.663069,0.668084
2.955,0.639998,0.646143,0.627068,0.614029,0.62948,0.660573,0.677862,0.662411,0.663544,0.669295
2.9552,0.640631,0.646045,0.627776,0.613761,0.630221,0.661298,0.677928,0.663427,0.664199,0.67025
2.9554,0.641593,0.646013,0.62831,0.614188,0.630656,0.661824,0.67784,0.665745,0.664825,0.670569
2.9556,0.642588,0.645964,0.628113,0.615051,0.630735,0.661654,0.677596,0.666568,0.66478,0.670627
2.9558,0.643055,0.645703,0.627304,0.615698,0.630222,0.660838,0.677514,0.664995,0.664208,0.671146
2.956,0.642439,0.645228,0.626765,0.615675,0.629422,0.659912,0.677997,0.661983,0.663773,0.672396
2.9562,0.641566,0.64504,0.627049,0.615278,0.62911,0.659458,0.678765,0.659818,0.663526,0.673246
2.9564,0.641399,0.645594,0.627826,0.615075,0.629271,0.659743,0.679122,0.660371,0.663495,0.673102
2.9566,0.641725,0.646286,0.628304,0.615517,0.629459,0.660401,0.679271,0.66281,0.663989,0.671756
2.9568,0.642148,0.646381,0.62828,0.616444,0.629401,0.660849,0.679551,0.66466,0.664358,0.670243
2.957,0.642755,0.645665,0.62782,0.617342,0.629073,0.660785,0.679625,0.664442,0.664795,0.670413
2.9572,0.643616,0.644577,0.627276,0.617645,0.628728,0.660153,0.679226,0.662837,0.665088,0.672845
2.9574,0.644432,0.643862,0.626999,0.617508,0.628722,0.659567,0.679158,0.661173,0.665137,0.675675
2.9576,0.644361,0.644013,0.627083,0.617478,0.629108,0.659613,0.679289,0.660467,0.664693,0.677102
2.9578,0.643645,0.644953,0.627712,0.617816,0.629622,0.660224,0.679471,0.661313,0.664397,0.675949
2.958,0.643243,0.646487,0.628443,0.618207,0.630218,0.660989,0.679775,0.66335,0.664419,0.672913
2.9582,0.643814,0.647941,0.629046,0.618635,0.631191,0.661079,0.680466,0.665319,0.663946,0.669485
2.9584,0.644368,0.648636,0.628791,0.61895,0.63193,0.660554,0.681409,0.666309,0.662267,0.667729
2.9586,0.644473,0.648576,0.628022,0.618914,0.632154,0.65985,0.682446,0.666602,0.660249,0.668979
2.9588,0.644325,0.64775,0.627351,0.618871,0.631856,0.659248,0.683715,0.666762,0.658492,0.672017
2.959,0.644017,0.646919,0.626628,0.618978,0.631277,0.659074,0.684658,0.667131,0.657339,0.674141
2.9592,0.64337,0.646185,0.626066,0.618871,0.631186,0.659642,0.684822,0.66798,0.657137,0.673946
2.9594,0.643188,0.645517,0.625641,0.618375,0.631572,0.660971,0.685235,0.669618,0.657249,0.671738
2.9596,0.644006,0.644973,0.625476,0.617629,0.631921,0.662011,0.686072,0.671101,0.657078,0.669142
2.9598,0.645604,0.644781,0.626765,0.617382,0.631916,0.661985,0.685777,0.671869,0.656331,0.668679
2.96,0.647254,0.644911,0.628936,0.61902,0.631649,0.661238,0.684244,0.672297,0.655089,0.671512
2.9602,0.647739,0.644685,0.629889,0.621796,0.63164,0.660637,0.683588,0.672748,0.654007,0.675866
2.9604,0.646724,0.644007,0.628679,0.624022,0.63197,0.660595,0.683621,0.673399,0.65371,0.67921
2.9606,0.645053,0.642798,0.625829,0.624268,0.632338,0.661102,0.684997,0.674218,0.654252,0.680068
2.9608,0.643912,0.641781,0.622877,0.623047,0.632511,0.661782,0.685782,0.675094,0.655248,0.679439
2.961,0.643907,0.641469,0.621412,0.621611,0.632534,0.661945,0.683663,0.675876,0.656079,0.678795
2.9612,0.644875,0.643341,0.621829,0.621543,0.63306,0.661531,0.679762,0.676373,0.656355,0.679312
2.9614,0.646145,0.646225,0.62444,0.623839,0.634018,0.661002,0.676403,0.676556,0.656156,0.681035
2.9616,0.647546,0.647532,0.627387,0.626767,0.63487,0.660474,0.675705,0.676487,0.656146,0.683478
2.9618,0.648156,0.64665,0.628518,0.628211,0.63511,0.660104,0.676295,0.676037,0.657139,0.685046
2.962,0.647304,0.645536,0.627496,0.627637,0.634792,0.660402,0.678434,0.675092,0.659084,0.685213
2.9622,0.645641,0.645435,0.625705,0.62557,0.634244,0.661093,0.681362,0.673688,0.660864,0.684746
2.9624,0.644085,0.646495,0.624492,0.623317,0.633638,0.661211,0.680813,0.672406,0.66139,0.68504
2.9626,0.643319,0.64785,0.624313,0.622551,0.633299,0.660312,0.676829,0.671581,0.660602,0.685954
2.9628,0.64375,0.648696,0.625464,0.623689,0.633232,0.658875,0.672304,0.670972,0.65941,0.686669
2.963,0.644726,0.648969,0.627014,0.62584,0.633279,0.657821,0.670057,0.67032,0.658984,0.68675
2.9632,0.645395,0.64887,0.627522,0.627519,0.63326,0.657881,0.670504,0.66901,0.659846,0.685975
2.9634,0.645241,0.648536,0.626843,0.627557,0.633001,0.658457,0.671533,0.667362,0.661591,0.684871
2.9636,0.6441,0.648428,0.625965,0.625943,0.632383,0.659027,0.671135,0.665777,0.663321,0.684604
2.9638,0.642602,0.649008,0.625759,0.623127,0.631731,0.658874,0.66931,0.664762,0.664127,0.685434
2.964,0.641325,0.649721,0.625956,0.620825,0.631471,0.658522,0.667619,0.663716,0.663781,0.686422
2.9642,0.640847,0.650302,0.626244,0.620502,0.631421,0.657853,0.667836,0.662511,0.662999,0.686816
2.9644,0.64151,0.651296,0.626137,0.621928,0.631689,0.657161,0.670085,0.660972,0.662675,0.68641
2.9646,0.642982,0.652692,0.625516,0.624085,0.632112,0.657149,0.671904,0.659588,0.663096,0.685203
2.9648,0.644015,0.653586,0.624722,0.625254,0.632261,0.657331,0.672262,0.658533,0.663798,0.68391
2.965,0.643611,0.653325,0.624536,0.624443,0.632233,0.657118,0.673026,0.658014,0.664227,0.683373
2.9652,0.64199,0.652158,0.62515,0.622683,0.63174,0.656463,0.674141,0.657562,0.663708,0.68399
2.9654,0.640153,0.650906,0.625778,0.621051,0.631232,0.656243,0.674477,0.656881,0.662679,0.684865
2.9656,0.638908,0.650544,0.625718,0.620785,0.630926,0.656813,0.673848,0.656094,0.662022,0.685571
2.9658,0.639208,0.65152,0.625365,0.622,0.630805,0.657524,0.672391,0.655426,0.662031,0.685264
2.966,0.640125,0.653332,0.624835,0.623206,0.630904,0.657698,0.671871,0.655087,0.662139,0.684232
2.9662,0.640851,0.654844,0.624574,0.623609,0.631158,0.657259,0.673223,0.655224,0.661959,0.68337
2.9664,0.641506,0.655198,0.624618,0.62336,0.631484,0.656567,0.675124,0.655688,0.661188,0.682803
2.9666,0.641624,0.654429,0.625164,0.62264,0.631383,0.655864,0.676135,0.656188,0.659782,0.68273
2.9668,0.64061,0.653164,0.625729,0.621833,0.630747,0.656071,0.676249,0.656524,0.658586,0.682884
2.967,0.638478,0.652188,0.625689,0.621611,0.629974,0.657107,0.676645,0.656492,0.657859,0.682603
2.9672,0.636305,0.652027,0.624878,0.621858,0.629208,0.658121,0.677935,0.656379,0.65764,0.682006
2.9674,0.635243,0.652631,0.623491,0.621855,0.628713,0.658683,0.679498,0.656909,0.657643,0.681239
2.9676,0.635742,0.653446,0.62271,0.621782,0.628852,0.658583,0.680545,0.65784,0.657269,0.6804
2.9678,0.637728,0.653649,0.623102,0.622043,0.629582,0.657686,0.680666,0.658515,0.656406,0.679791
2.968,0.639691,0.652884,0.624104,0.622972,0.630628,0.65705,0.680383,0.658538,0.65567,0.679425
2.9682,0.640403,0.651074,0.624819,0.623907,0.631038,0.657224,0.679761,0.65792,0.655378,0.679022
2.9684,0.639098,0.649171,0.62457,0.624163,0.630503,0.657712,0.678426,0.65721,0.65561,0.678683
2.9686,0.637041,0.647873,0.623769,0.62359,0.629291,0.658199,0.677044,0.657122,0.656084,0.679007
2.9688,0.636198,0.647906,0.623402,0.623,0.628329,0.658718,0.676391,0.657863,0.656451,0.679621
2.969,0.637012,0.64858,0.623711,0.622966,0.628185,0.659121,0.676801,0.659049,0.656602,0.680336
2.9692,0.638493,0.648642,0.624191,0.624205,0.629256,0.659057,0.676995,0.660088,0.656606,0.680301
2.9694,0.639412,0.647602,0.624502,0.625972,0.630719,0.658378,0.676029,0.660594,0.65675,0.679711
2.9696,0.638903,0.645443,0.624662,0.626929,0.631366,0.657468,0.675306,0.660473,0.657043,0.678544
2.9698,0.637471,0.643485,0.624345,0.626415,0.630738,0.657256,0.673997,0.659965,0.657617,0.67733
2.97,0.636198,0.642435,0.623488,0.625115,0.62969,0.658071,0.672408,0.659894,0.658553,0.676871
2.9702,0.636388,0.642072,0.622543,0.62393,0.629036,0.659262,0.671576,0.660451,0.659574,0.677202
2.9704,0.637643,0.642132,0.621928,0.623818,0.629164,0.659781,0.671537,0.661277,0.660077,0.678292
2.9706,0.639122,0.642428,0.621982,0.625079,0.630346,0.659449,0.670991,0.66167,0.659882,0.67967
2.9708,0.639709,0.642527,0.622406,0.626806,0.632211,0.658377,0.669167,0.661589,0.659195,0.680292
2.971,0.639066,0.642516,0.622651,0.628012,0.633661,0.657217,0.666485,0.66087,0.658653,0.680433
2.9712,0.636824,0.64212,0.622312,0.628343,0.633866,0.656749,0.665259,0.660046,0.658849,0.680359
2.9714,0.634798,0.641889,0.62199,0.627787,0.633196,0.657438,0.665939,0.659438,0.6598,0.68039
2.9716,0.633911,0.642104,0.622879,0.627136,0.632397,0.658566,0.666842,0.659198,0.661022,0.680426
2.9718,0.633952,0.642488,0.623787,0.627185,0.632191,0.65965,0.666615,0.659211,0.661842,0.680275
2.972,0.634403,0.642609,0.623841,0.628488,0.633294,0.660482,0.66536,0.659451,0.661975,0.680498
2.9722,0.634004,0.642315,0.62312,0.630425,0.634662,0.660894,0.664462,0.659223,0.661605,0.681242
2.9724,0.632647,0.641729,0.621712,0.631445,0.635198,0.660818,0.66505,0.658328,0.661193,0.681887
2.9726,0.631818,0.64121,0.620097,0.630439,0.635059,0.66038,0.667067,0.657222,0.661197,0.682326
2.9728,0.632944,0.6417,0.618918,0.627792,0.63442,0.660544,0.669007,0.656713,0.661581,0.682587
2.973,0.635336,0.643725,0.618331,0.625774,0.633395,0.661406,0.66982,0.656895,0.661978,0.682413
2.9732,0.637221,0.646211,0.617965,0.625823,0.632673,0.66204,0.670153,0.657096,0.66181,0.682069
2.9734,0.637572,0.647626,0.617741,0.627944,0.632694,0.661676,0.6705,0.656929,0.660871,0.681749
2.9736,0.636497,0.647369,0.617744,0.630266,0.633607,0.660652,0.6708,0.656804,0.659364,0.681331
2.9738,0.635233,0.646199,0.618046,0.630467,0.635165,0.659914,0.671481,0.65688,0.658219,0.681549
2.974,0.63499,0.645361,0.618502,0.628045,0.636384,0.660037,0.673773,0.657095,0.657836,0.682022
2.9742,0.635989,0.645561,0.618866,0.624841,0.636961,0.66096,0.676456,0.657374,0.658399,0.681649
2.9744,0.637687,0.646973,0.619384,0.622952,0.636601,0.66212,0.677851,0.657762,0.658797,0.680036
2.9746,0.639015,0.648453,0.619896,0.623137,0.635787,0.662974,0.677424,0.658373,0.658687,0.677613
2.9748,0.639377,0.649184,0.620288,0.625559,0.63495,0.66288,0.67612,0.659717,0.659325,0.675855
2.975,0.639499,0.649341,0.620503,0.628436,0.634559,0.662249,0.67599,0.661626,0.660559,0.67572
2.9752,0.640288,0.649158,0.620636,0.628844,0.634856,0.66212,0.678329,0.663172,0.661048,0.678167
2.9754,0.640737,0.649007,0.620795,0.626544,0.635131,0.662976,0.682296,0.663551,0.660367,0.68178
2.9756,0.640269,0.649226,0.620768,0.623195,0.635306,0.664007,0.68543,0.662864,0.659475,0.683762
2.9758,0.639352,0.649653,0.620493,0.621243,0.635567,0.664275,0.686008,0.662137,0.658857,0.682493
2.976,0.638094,0.650008,0.620333,0.621803,0.635872,0.663278,0.684431,0.662554,0.658945,0.678945
2.9762,0.636896,0.650567,0.62058,0.623968,0.636096,0.661544,0.682504,0.664193,0.659997,0.675363
2.9764,0.636702,0.651382,0.621273,0.625942,0.63596,0.660501,0.683012,0.665629,0.660753,0.673495
2.9766,0.638623,0.652111,0.622225,0.626427,0.635768,0.66021,0.684887,0.665831,0.660786,0.674262
2.9768,0.641851,0.652818,0.623007,0.625703,0.635691,0.660905,0.686612,0.664964,0.660433,0.677607
2.977,0.643193,0.65337,0.623598,0.624495,0.635767,0.662052,0.686219,0.663924,0.660442,0.68067
2.9772,0.641455,0.654218,0.623893,0.623758,0.636018,0.662704,0.683163,0.663608,0.660613,0.681351
2.9774,0.637746,0.655593,0.62401,0.624048,0.635765,0.662452,0.679928,0.664357,0.660664,0.680423
2.9776,0.634322,0.657651,0.623899,0.625107,0.635273,0.661606,0.677757,0.665776,0.660565,0.679558
2.9778,0.632719,0.659325,0.624307,0.626381,0.635278,0.660986,0.677971,0.66701,0.659577,0.67894
2.978,0.633832,0.660182,0.625316,0.627572,0.635875,0.660459,0.678723,0.667489,0.658745,0.67912
2.9782,0.635864,0.660426,0.625628,0.627958,0.636514,0.660241,0.678399,0.667192,0.659437,0.680202
2.9784,0.636353,0.660464,0.624662,0.62773,0.636474,0.660661,0.677003,0.666678,0.660848,0.681314
2.9786,0.634414,0.660601,0.622993,0.627774,0.635716,0.661214,0.675452,0.66664,0.662139,0.681772
2.9788,0.630787,0.660627,0.621287,0.627955,0.634912,0.661499,0.674556,0.667006,0.662445,0.682093
2.979,0.627766,0.660376,0.620158,0.628166,0.635154,0.661039,0.67332,0.667317,0.661462,0.682915
2.9792,0.626667,0.660125,0.620091,0.628135,0.63572,0.659986,0.672111,0.666788,0.660084,0.683678
2.9794,0.627877,0.660264,0.62075,0.628288,0.635732,0.658867,0.670901,0.665393,0.659909,0.683516
2.9796,0.629865,0.660817,0.621026,0.628645,0.63513,0.658234,0.669859,0.663542,0.661309,0.682596
2.9798,0.630708,0.662353,0.620572,0.629132,0.634215,0.658286,0.668836,0.662108,0.663226,0.681498
2.98,0.629682,0.663993,0.619467,0.629457,0.633443,0.658726,0.66788,0.662116,0.664533,0.680731
2.9802,0.627768,0.664885,0.618642,0.629395,0.633167,0.659002,0.66985,0.662845,0.664778,0.680992
2.9804,0.626234,0.664385,0.618534,0.628856,0.633518,0.658774,0.672712,0.662682,0.664101,0.682269
2.9806,0.625783,0.662858,0.618852,0.62826,0.634025,0.658194,0.673409,0.660883,0.663264,0.683409
2.9808,0.626518,0.661461,0.619019,0.628078,0.634396,0.657659,0.673241,0.65851,0.663389,0.683239
2.981,0.6274,0.661042,0.618461,0.628315,0.634372,0.657715,0.673416,0.656626,0.664585,0.681752
2.9812,0.62732,0.661818,0.617382,0.628591,0.634249,0.657937,0.67419,0.656304,0.665827,0.679446
2.9814,0.626688,0.663474,0.616167,0.628325,0.634027,0.657724,0.674991,0.656927,0.665999,0.677534
2.9816,0.626514,0.664879,0.615322,0.627578,0.633687,0.657432,0.674838,0.657292,0.664857,0.676763
2.9818,0.626878,0.665332,0.615104,0.627026,0.63334,0.657061,0.675618,0.656796,0.662998,0.67724
2.982,0.627142,0.664943,0.615263,0.6268,0.632737,0.657142,0.678081,0.655484,0.661477,0.677671
2.9822,0.626938,0.664452,0.615515,0.626785,0.632148,0.657292,0.680777,0.653964,0.660896,0.677384
2.9824,0.626257,0.664388,0.615806,0.626817,0.632635,0.65747,0.682227,0.653056,0.661263,0.675828
2.9826,0.625438,0.664841,0.616113,0.627205,0.633981,0.657805,0.682293,0.6532,0.661855,0.673379
2.9828,0.62511,0.666003,0.616271,0.627549,0.634647,0.658152,0.682028,0.654192,0.661496,0.671253
2.983,0.625704,0.667205,0.616188,0.627912,0.63395,0.657825,0.682573,0.655432,0.660358,0.669981
2.9832,0.626855,0.667585,0.615983,0.62787,0.632489,0.657076,0.684493,0.656222,0.659101,0.669621
2.9834,0.627699,0.666977,0.61569,0.627182,0.631024,0.656574,0.686732,0.65631,0.658204,0.669216
2.9836,0.627656,0.665858,0.615764,0.626147,0.630684,0.656776,0.688156,0.656001,0.657739,0.668373
2.9838,0.626702,0.664891,0.616634,0.625723,0.631413,0.657161,0.688182,0.655774,0.657496,0.666878
2.984,0.625214,0.664714,0.61776,0.625971,0.632684,0.657072,0.687872,0.656358,0.657498,0.664862
2.9842,0.624222,0.665151,0.618294,0.626684,0.633412,0.656831,0.688342,0.657778,0.657347,0.662923
2.9844,0.624679,0.665663,0.617836,0.62748,0.633299,0.656716,0.689141,0.659351,0.657189,0.661725
2.9846,0.626001,0.665595,0.616713,0.627647,0.632482,0.657031,0.690648,0.660416,0.656824,0.661128
2.9848,0.626765,0.665214,0.615753,0.627285,0.631389,0.657441,0.692391,0.660543,0.656798,0.660758
2.985,0.626341,0.664587,0.615665,0.626238,0.630244,0.657243,0.692864,0.660107,0.657474,0.660311
2.9852,0.624816,0.664114,0.616464,0.625485,0.629505,0.656453,0.691693,0.660015,0.658424,0.659741
2.9854,0.623454,0.663956,0.617561,0.625832,0.629347,0.655301,0.69038,0.660355,0.659462,0.65922
2.9856,0.622741,0.664038,0.61825,0.626791,0.629528,0.654409,0.691195,0.660884,0.660055,0.658922
2.9858,0.622891,0.664118,0.618061,0.628021,0.629688,0.654231,0.693452,0.661416,0.659548,0.658903
2.986,0.623309,0.663967,0.617127,0.628418,0.630125,0.655191,0.695994,0.661854,0.658881,0.659117
2.9862,0.623346,0.663776,0.616011,0.627764,0.630308,0.656546,0.698112,0.661937,0.658707,0.659343
2.9864,0.623394,0.663745,0.615299,0.626145,0.630277,0.657161,0.698315,0.662428,0.659121,0.659236
2.9866,0.622951,0.66413,0.615421,0.625184,0.629903,0.656497,0.697229,0.663339,0.660012,0.659006
2.9868,0.621782,0.664272,0.616009,0.626106,0.629368,0.655172,0.696298,0.664062,0.661145,0.658977
2.987,0.620488,0.663779,0.61649,0.628309,0.62945,0.6542,0.696507,0.664514,0.661799,0.659179
2.9872,0.619636,0.662889,0.616388,0.630388,0.629989,0.65407,0.698072,0.664826,0.661843,0.659541
2.9874,0.619284,0.662029,0.615709,0.630633,0.630261,0.654469,0.699991,0.665024,0.661411,0.659815
2.9876,0.619346,0.661364,0.614986,0.629114,0.629939,0.655459,0.700914,0.665447,0.661393,0.65972
2.9878,0.619098,0.661356,0.61461,0.627436,0.629218,0.65693,0.700688,0.665845,0.661793,0.659394
2.988,0.618482,0.662268,0.614918,0.627237,0.628524,0.657743,0.699773,0.666499,0.662921,0.659178
2.9882,0.617992,0.663096,0.615677,0.628477,0.628157,0.657662,0.699225,0.667613,0.663764,0.659406
2.9884,0.618075,0.663114,0.616007,0.630422,0.628516,0.657369,0.699664,0.668472,0.664049,0.660048
2.9886,0.618793,0.661743,0.615224,0.63174,0.629944,0.657429,0.701854,0.669036,0.664491,0.660844
2.9888,0.619829,0.659338,0.613734,0.631084,0.631188,0.657542,0.70464,0.669077,0.665407,0.661596
2.989,0.620712,0.656969,0.612281,0.630071,0.63113,0.657868,0.705675,0.668972,0.665982,0.662389
2.9892,0.620891,0.655367,0.611537,0.63004,0.629922,0.658721,0.705394,0.668982,0.665909,0.663176
2.9894,0.620339,0.654604,0.611544,0.63059,0.628337,0.659424,0.704912,0.669077,0.665343,0.663767
2.9896,0.6197,0.654346,0.611792,0.630952,0.627283,0.659909,0.704936,0.669395,0.664611,0.663648
2.9898,0.619903,0.654059,0.611798,0.631018,0.627218,0.660132,0.706229,0.669932,0.664709,0.662796
2.99,0.620878,0.653617,0.611942,0.630444,0.627833,0.659971,0.70751,0.670412,0.665369,0.661646
2.9902,0.621814,0.652712,0.612545,0.629585,0.628628,0.659535,0.7083,0.67154,0.665887,0.660715
2.9904,0.622097,0.651579,0.612849,0.629243,0.628972,0.659429,0.708326,0.672634,0.665448,0.660732
2.9906,0.621825,0.650802,0.612705,0.63016,0.628664,0.65992,0.706737,0.673149,0.66376,0.662968
2.9908,0.621351,0.650667,0.612532,0.631354,0.627842,0.660462,0.705915,0.673143,0.661122,0.666075
2.991,0.621323,0.651036,0.612657,0.63212,0.627189,0.660708,0.707277,0.673751,0.658668,0.667385
2.9912,0.62218,0.651385,0.613015,0.631977,0.62689,0.660797,0.709565,0.674904,0.657034,0.665655
2.9914,0.62355,0.651467,0.613238,0.630877,0.62681,0.661091,0.710765,0.676564,0.656198,0.661941
2.9916,0.624676,0.65139,0.613051,0.629932,0.627379,0.661231,0.710008,0.678679,0.655886,0.659368
2.9918,0.625559,0.651298,0.612783,0.629502,0.628143,0.66147,0.709299,0.680563,0.656054,0.660368
2.992,0.625747,0.651307,0.613046,0.630078,0.62854,0.661967,0.710406,0.681355,0.655848,0.663596
2.9922,0.625057,0.651654,0.613885,0.631043,0.628163,0.662606,0.711916,0.680807,0.654847,0.666938
2.9924,0.624038,0.652571,0.614749,0.631697,0.627095,0.662898,0.712486,0.679841,0.653288,0.668793
2.9926,0.623537,0.65349,0.615047,0.631724,0.626432,0.662745,0.712972,0.679285,0.651652,0.667836
2.9928,0.624254,0.653825,0.614592,0.631157,0.626986,0.662029,0.713223,0.679625,0.650892,0.665169
2.993,0.62568,0.653415,0.61372,0.630137,0.628945,0.661129,0.713297,0.680742,0.650888,0.663199
2.9932,0.626671,0.652699,0.61311,0.629626,0.631002,0.660345,0.712837,0.681601,0.651075,0.663991
2.9934,0.626372,0.65235,0.613341,0.629806,0.631444,0.659894,0.711569,0.681332,0.651268,0.667508
2.9936,0.624931,0.652753,0.614301,0.630654,0.630237,0.659879,0.7113,0.680337,0.65126,0.671527
2.9938,0.62329,0.653748,0.615301,0.631209,0.628636,0.660117,0.711846,0.679103,0.6511,0.673611
2.994,0.622413,0.65484,0.615688,0.631124,0.627567,0.660249,0.712483,0.679001,0.651077,0.672873
2.9942,0.622607,0.655651,0.615207,0.630282,0.627704,0.660124,0.713622,0.680486,0.651248,0.670829
2.9944,0.622932,0.655971,0.614226,0.629147,0.628497,0.659832,0.715879,0.682616,0.651748,0.669793
2.9946,0.622644,0.65573,0.61427,0.629123,0.629351,0.659576,0.718249,0.684485,0.652703,0.670951
2.9948,0.621153,0.655152,0.615407,0.630035,0.630004,0.659282,0.718737,0.68452,0.653414,0.673692
2.995,0.61997,0.655081,0.616575,0.630865,0.629941,0.658664,0.718344,0.682818,0.653784,0.676294
2.9952,0.619765,0.655416,0.61692,0.631168,0.62931,0.657592,0.71859,0.68084,0.654571,0.677033
2.9954,0.619947,0.655605,0.616154,0.630808,0.628843,0.656186,0.718842,0.679992,0.655597,0.675826
2.9956,0.619966,0.655487,0.615,0.630119,0.629282,0.654972,0.718558,0.680572,0.655968,0.674217
2.9958,0.619594,0.654678,0.614061,0.62996,0.630041,0.65406,0.717307,0.681519,0.656215,0.674351
2.996,0.618791,0.653418,0.613585,0.630328,0.630711,0.65363,0.714638,0.681949,0.656322,0.676142
2.9962,0.617989,0.652053,0.613633,0.630897,0.631287,0.653003,0.713819,0.681447,0.656531,0.678198
2.9964,0.617607,0.651254,0.614224,0.63096,0.631759,0.652488,0.71592,0.680378,0.65735,0.679326
2.9966,0.61772,0.651073,0.614607,0.631236,0.631722,0.651403,0.717031,0.679508,0.658762,0.678795
2.9968,0.618113,0.651412,0.614405,0.631698,0.631557,0.649681,0.714427,0.679347,0.660167,0.677038
2.997,0.61853,0.651919,0.613687,0.632388,0.631372,0.64759,0.710172,0.679645,0.660741,0.675679
2.9972,0.618778,0.652093,0.61263,0.632615,0.631725,0.645757,0.706079,0.679911,0.660647,0.676671
2.9974,0.618863,0.651424,0.611811,0.632423,0.632547,0.644661,0.704685,0.679838,0.660033,0.679123
2.9976,0.618922,0.649991,0.611598,0.631891,0.633575,0.643945,0.705492,0.679199,0.659666,0.681012
2.9978,0.619125,0.648792,0.611737,0.63137,0.634089,0.644337,0.706675,0.678978,0.660486,0.681362
2.998,0.619305,0.648148,0.611922,0.631521,0.633875,0.645507,0.706662,0.679188,0.662043,0.679813
2.9982,0.619796,0.648132,0.611885,0.632307,0.633221,0.645979,0.706549,0.679552,0.663949,0.677291
2.9984,0.620911,0.64875,0.611573,0.633132,0.632646,0.645195,0.706644,0.679395,0.665467,0.675899
2.9986,0.62194,0.649089,0.611134,0.633253,0.63258,0.643562,0.705697,0.678414,0.666015,0.676275
2.9988,0.622388,0.649045,0.610822,0.632377,0.632719,0.64206,0.704233,0.676827,0.665547,0.677716
2.999,0.622001,0.648778,0.610773,0.630961,0.632523,0.641158,0.704045,0.675471,0.665033,0.678757
2.9992,0.620987,0.648366,0.610919,0.629706,0.631798,0.641371,0.705672,0.674732,0.664686,0.678346
2.9994,0.620162,0.648018,0.6111,0.629044,0.630867,0.642032,0.706971,0.675391,0.664924,0.67668
2.9996,0.62024,0.647901,0.611165,0.62902,0.63013,0.64294,0.705902,0.677085,0.665598,0.674779
2.9998,0.621077,0.648027,0.611021,0.62939,0.629807,0.643543,0.703376,0.678096,0.666213,0.673684
3,0.621907,0.648281,0.610723,0.629772,0.63051,0.643317,0.701951,0.67743,0.666298,0.673627
3.0002,0.622145,0.648443,0.610545,0.630308,0.631748,0.642721,0.702891,0.675902,0.666335,0.675951
3.0004,0.621539,0.649038,0.610799,0.630728,0.632437,0.641978,0.70444,0.6745,0.666315,0.680542
3.0006,0.620194,0.650209,0.611269,0.630429,0.631772,0.641239,0.704596,0.673596,0.666897,0.685453
3.0008,0.61938,0.652733,0.611639,0.629364,0.630427,0.641306,0.704179,0.673087,0.668052,0.691077
3.001,0.619851,0.656401,0.611679,0.628291,0.629336,0.642474,0.704256,0.673163,0.668864,0.697386
3.0012,0.621035,0.661739,0.611406,0.628225,0.629389,0.644106,0.70571,0.673756,0.669439,0.705768
3.0014,0.621854,0.668516,0.611104,0.629447,0.63018,0.645818,0.708247,0.674515,0.670586,0.716984
3.0016,0.621605,0.676898,0.611164,0.631397,0.631305,0.647189,0.710872,0.675484,0.672105,0.731896
3.0018,0.620788,0.686731,0.611782,0.633243,0.632639,0.648309,0.714784,0.676889,0.674345,0.748789
3.002,0.620924,0.698277,0.612788,0.634998,0.634477,0.649939,0.720046,0.678439,0.677478,0.766615
3.0022,0.622913,0.711294,0.613888,0.637123,0.636328,0.652436,0.727453,0.680103,0.680925,0.784603
3.0024,0.626494,0.725606,0.614824,0.639997,0.638275,0.655719,0.737117,0.682176,0.68433,0.802725
3.0026,0.630808,0.740887,0.615424,0.644034,0.640517,0.659836,0.748984,0.685046,0.687242,0.821424
3.0028,0.635336,0.757014,0.615814,0.648342,0.643244,0.664579,0.761341,0.688648,0.689913,0.841548
3.003,0.639579,0.77375,0.616528,0.652417,0.646466,0.669295,0.774164,0.692539,0.693311,0.863575
3.0032,0.643515,0.790942,0.617859,0.656646,0.650248,0.673364,0.787497,0.696238,0.697709,0.886968
3.0034,0.64752,0.808662,0.619721,0.661804,0.654554,0.677603,0.801488,0.699649,0.703263,0.911032
3.0036,0.651896,0.826996,0.621674,0.667394,0.659282,0.682564,0.815733,0.703057,0.709029,0.935731
3.0038,0.657162,0.845851,0.623265,0.672726,0.663723,0.688081,0.830389,0.706753,0.71402,0.960603
3.004,0.663128,0.86492,0.62447,0.677623,0.667992,0.693585,0.845577,0.710851,0.718568,0.985714
3.0042,0.669274,0.884201,0.625506,0.682722,0.672216,0.69873,0.860942,0.714944,0.722908,1.01111
3.0044,0.675169,0.90378,0.626848,0.68834,0.677268,0.703602,0.876396,0.718996,0.727239,1.03653
3.0046,0.680642,0.923887,0.628889,0.694961,0.682858,0.708486,0.891517,0.72284,0.73204,1.06184
3.0048,0.685976,0.94465,0.631378,0.702712,0.688095,0.713754,0.907057,0.727025,0.737769,1.08791
3.005,0.691733,0.965701,0.633741,0.710862,0.692634,0.719345,0.9242,0.731493,0.74379,1.11573
3.0052,0.698295,0.98644,0.635468,0.718078,0.697149,0.725319,0.94181,0.736321,0.750037,1.1454
3.0054,0.705651,1.00657,0.636778,0.723525,0.702231,0.731421,0.958236,0.740749,0.755918,1.17528
3.0056,0.713431,1.02649,0.637764,0.727819,0.707819,0.736589,0.974603,0.744345,0.761067,1.20377
3.0058,0.721139,1.04647,0.638239,0.732136,0.713098,0.740435,0.991958,0.747416,0.765745,1.23009
3.006,0.728243,1.06652,0.638541,0.737101,0.717632,0.743842,1.0116,0.750165,0.770414,1.25411
3.0062,0.734633,1.08613,0.638898,0.742824,0.721841,0.747914,1.03215,0.752976,0.775319,1.27651
3.0064,0.740711,1.10474,0.639939,0.749072,0.726048,0.752832,1.05029,0.756029,0.780747,1.29775
3.0066,0.746877,1.12191,0.641476,0.754691,0.729829,0.758157,1.066,0.759433,0.78647,1.3187
3.0068,0.753069,1.13779,0.642649,0.758976,0.732856,0.763192,1.08191,0.764836,0.792384,1.33988
3.007,0.759138,1.15299,0.642807,0.762629,0.735482,0.767498,1.09896,0.771107,0.796755,1.36114
3.0072,0.765115,1.16818,0.642018,0.766383,0.738704,0.770933,1.11597,0.776131,0.799042,1.38192
3.0074,0.771111,1.18385,0.64089,0.770551,0.742229,0.773656,1.13146,0.778744,0.799941,1.40165
3.0076,0.777118,1.20003,0.640089,0.775014,0.745452,0.776398,1.14669,0.77959,0.800729,1.4202
3.0078,0.782851,1.21592,0.640366,0.779361,0.748164,0.779948,1.16263,0.780699,0.802245,1.43799
3.008,0.788008,1.23078,0.641667,0.783458,0.749976,0.78466,1.17774,0.783875,0.805428,1.45545
3.0082,0.792667,1.24455,0.642821,0.787425,0.751076,0.790149,1.18966,0.788868,0.80985,1.4727
3.0084,0.79751,1.25754,0.64271,0.791289,0.751625,0.794977,1.19975,0.793643,0.81335,1.48984
3.0086,0.802823,1.26971,0.64164,0.794629,0.752068,0.797815,1.21027,0.796401,0.814602,1.50682
3.0088,0.808131,1.28068,0.640246,0.7973,0.753029,0.799239,1.22096,0.797169,0.814224,1.52303
3.009,0.812537,1.29072,0.638864,0.799085,0.753897,0.800408,1.23066,0.79663,0.813428,1.53778
3.0092,0.815384,1.30052,0.637988,0.800176,0.753832,0.801516,1.23913,0.796068,0.812781,1.55053
3.0094,0.816747,1.31047,0.637768,0.800917,0.752702,0.802326,1.24593,0.796424,0.811833,1.56041
3.0096,0.817597,1.31992,0.637452,0.801401,0.750932,0.802865,1.25227,0.797446,0.810116,1.56796
3.0098,0.818822,1.32813,0.636163,0.801088,0.749273,0.803344,1.25912,0.798324,0.807745,1.57407
3.01,0.820275,1.33435,0.633993,0.800445,0.747985,0.803719,1.26571,0.79834,0.805015,1.57949
3.0102,0.821316,1.33869,0.631682,0.799173,0.747309,0.803816,1.27053,0.79736,0.802167,1.58437
3.0104,0.821495,1.34152,0.629591,0.797188,0.746907,0.803653,1.27331,0.795932,0.799589,1.58869
3.0106,0.820488,1.34345,0.627676,0.794781,0.746015,0.803496,1.27458,0.794769,0.798248,1.5921
3.0108,0.818526,1.34471,0.625268,0.792287,0.744351,0.803581,1.27531,0.793582,0.797366,1.59404
3.011,0.816428,1.34544,0.622039,0.789999,0.74196,0.803716,1.27647,0.792379,0.795688,1.59407
3.0112,0.814717,1.34508,0.618461,0.787369,0.738615,0.80299,1.27845,0.790811,0.793172,1.5919
3.0114,0.813118,1.34342,0.61509,0.7839,0.734662,0.800827,1.28114,0.787163,0.789382,1.58766
3.0116,0.811049,1.34037,0.611992,0.779555,0.730488,0.797635,1.28341,0.782545,0.784268,1.58178
3.0118,0.808074,1.33611,0.608982,0.77444,0.726216,0.793946,1.28176,0.779448,0.779054,1.57487
3.012,0.803491,1.33057,0.605928,0.768821,0.72172,0.790186,1.2763,0.778418,0.774681,1.56719
3.0122,0.79776,1.32373,0.602709,0.764541,0.716883,0.786616,1.2707,0.777369,0.771365,1.55881
3.0124,0.791529,1.31573,0.599297,0.762175,0.712222,0.782863,1.26552,0.774297,0.76825,1.54944
3.0126,0.785445,1.30663,0.59543,0.759468,0.707402,0.778522,1.26031,0.768408,0.763993,1.53872
3.0128,0.779978,1.29655,0.591197,0.754223,0.701845,0.773215,1.25522,0.761041,0.758061,1.52648
3.013,0.774655,1.28569,0.586989,0.746355,0.695928,0.767184,1.24913,0.754548,0.75185,1.51287
3.0132,0.768713,1.27423,0.583371,0.737844,0.689606,0.76134,1.24271,0.750157,0.746513,1.49834
3.0134,0.761874,1.26232,0.580168,0.730779,0.682545,0.755529,1.23707,0.747511,0.742055,1.48335
3.0136,0.754723,1.25008,0.576737,0.726287,0.675162,0.749297,1.23065,0.745398,0.738002,1.46814
3.0138,0.748234,1.23767,0.573099,0.724105,0.668261,0.742547,1.22096,0.742677,0.733729,1.45274
3.014,0.743052,1.22531,0.569344,0.722443,0.662517,0.735268,1.20919,0.738957,0.729223,1.43718
3.0142,0.739053,1.21324,0.565484,0.718955,0.657786,0.728064,1.19866,0.734549,0.724157,1.42156
3.0144,0.735047,1.2013,0.561803,0.713477,0.653352,0.721581,1.19035,0.73009,0.718827,1.40572
3.0146,0.729539,1.18869,0.558461,0.707834,0.648117,0.716166,1.18221,0.725957,0.714168,1.38916
3.0148,0.722859,1.17483,0.555569,0.702831,0.641639,0.711111,1.17157,0.722027,0.710173,1.37168
3.015,0.716642,1.15976,0.55313,0.698328,0.634684,0.705243,1.15815,0.718067,0.706298,1.35336
3.0152,0.711522,1.14396,0.55106,0.694351,0.628493,0.69835,1.14392,0.713871,0.701745,1.33448
3.0154,0.706787,1.12816,0.549201,0.690483,0.62377,0.691072,1.12975,0.70995,0.696797,1.31546
3.0156,0.701588,1.11286,0.547451,0.686359,0.620386,0.684446,1.11665,0.705997,0.692158,1.29666
3.0158,0.695939,1.09822,0.545864,0.682698,0.617672,0.679309,1.1051,0.701894,0.689085,1.2783
3.016,0.69074,1.08425,0.544615,0.680231,0.614997,0.675887,1.09395,0.697717,0.687542,1.26063
3.0162,0.686843,1.07099,0.543849,0.678625,0.612206,0.67367,1.08291,0.693681,0.687305,1.24391
3.0164,0.684199,1.05874,0.543531,0.677241,0.609615,0.671796,1.07228,0.690067,0.687561,1.22837
3.0166,0.682266,1.04789,0.543294,0.675937,0.607585,0.669523,1.06184,0.686935,0.686696,1.21421
3.0168,0.680362,1.03873,0.542962,0.674671,0.606009,0.666578,1.05059,0.684615,0.68472,1.20159
3.017,0.678057,1.03118,0.542833,0.67321,0.604896,0.66365,1.03854,0.6824,0.682732,1.19059
3.0172,0.675269,1.02472,0.543095,0.672024,0.604503,0.661643,1.02628,0.679432,0.681676,1.18109
3.0174,0.672877,1.01859,0.543482,0.671694,0.60446,0.660638,1.01491,0.676099,0.681655,1.17266
3.0176,0.671774,1.01232,0.543782,0.671873,0.604298,0.660443,1.00614,0.673586,0.68234,1.16475
3.0178,0.672106,1.00606,0.543998,0.67185,0.603901,0.66086,0.999528,0.672261,0.682938,1.15697
3.018,0.672748,1.00053,0.544316,0.671438,0.603551,0.661375,0.992835,0.671834,0.683186,1.14928
3.0182,0.673371,0.996223,0.54498,0.670784,0.603646,0.661673,0.984821,0.671428,0.68318,1.14196
3.0184,0.674234,0.993329,0.546176,0.670496,0.604433,0.662101,0.975839,0.670604,0.683963,1.13538
3.0186,0.674805,0.991393,0.547871,0.67116,0.605995,0.662828,0.967148,0.669554,0.686359,1.12976
3.0188,0.675692,0.989942,0.54985,0.672955,0.608242,0.664053,0.960246,0.668907,0.689904,1.12529
3.019,0.677381,0.988842,0.55187,0.674757,0.61092,0.666,0.955942,0.669327,0.692704,1.12208
3.0192,0.680789,0.988312,0.55368,0.676023,0.613763,0.668151,0.953708,0.671126,0.693886,1.11991
3.0194,0.685364,0.988559,0.555041,0.676683,0.616549,0.670259,0.952103,0.673993,0.694107,1.11844
3.0196,0.690116,0.989873,0.556053,0.677051,0.619128,0.67317,0.950115,0.676967,0.694623,1.11747
3.0198,0.693865,0.991848,0.557191,0.677578,0.621424,0.676894,0.948,0.679044,0.696387,1.11683
3.02,0.695922,0.993815,0.559142,0.678833,0.623527,0.680785,0.946957,0.68037,0.699692,1.11653
3.0202,0.697508,0.995281,0.561334,0.680877,0.626093,0.683813,0.94748,0.681905,0.703341,1.11664
3.0204,0.699884,0.996458,0.563037,0.68302,0.629198,0.685966,0.948854,0.684018,0.706384,1.11713
3.0206,0.703562,0.997858,0.564391,0.684719,0.632513,0.688139,0.950279,0.686661,0.708957,1.118
3.0208,0.7091,1.00017,0.565239,0.685955,0.635416,0.690802,0.951422,0.689781,0.711349,1.11932
3.021,0.715146,1.00362,0.566239,0.687244,0.637742,0.694481,0.952084,0.69275,0.713681,1.12114
3.0212,0.720335,1.00805,0.567694,0.689014,0.639817,0.699395,0.952102,0.695392,0.716195,1.12345
3.0214,0.724236,1.01401,0.569524,0.691547,0.642416,0.704842,0.951559,0.697905,0.719713,1.1263
3.0216,0.727623,1.02207,0.571326,0.694809,0.646293,0.709921,0.951204,0.700754,0.723813,1.12978
3.0218,0.731516,1.03088,0.572394,0.698464,0.650388,0.714077,0.952414,0.704254,0.727709,1.13409
3.022,0.736579,1.03876,0.57274,0.702429,0.653806,0.716812,0.955864,0.708429,0.731022,1.13932
3.0222,0.742563,1.04534,0.572977,0.706811,0.656344,0.719361,0.959518,0.713159,0.73344,1.1455
3.0224,0.748295,1.05113,0.573651,0.711506,0.658302,0.72224,0.961038,0.717749,0.73526,1.15245
3.0226,0.753177,1.05694,0.574876,0.715906,0.660247,0.725841,0.961248,0.721419,0.737837,1.15991
3.0228,0.757849,1.06312,0.576139,0.719328,0.662153,0.730785,0.960503,0.724299,0.741619,1.16752
3.023,0.762173,1.07002,0.57701,0.721807,0.663922,0.73676,0.959591,0.726878,0.745369,1.17469
3.0232,0.765963,1.07828,0.577548,0.724523,0.665523,0.741648,0.959785,0.729333,0.748182,1.18073
3.0234,0.769758,1.08738,0.577702,0.728001,0.667768,0.744483,0.960796,0.731881,0.750034,1.18582
3.0236,0.773905,1.09649,0.577659,0.731508,0.671666,0.746286,0.961217,0.734185,0.751548,1.19066
3.0238,0.779049,1.10469,0.577798,0.734284,0.675302,0.747872,0.960712,0.735911,0.7538,1.1959
3.024,0.784404,1.11227,0.578404,0.736366,0.676909,0.750331,0.959818,0.737545,0.756992,1.20173
3.0242,0.788931,1.11896,0.58026,0.73835,0.67747,0.754217,0.959472,0.739333,0.760523,1.20784
3.0244,0.792416,1.12388,0.582851,0.741111,0.679185,0.758795,0.959585,0.741036,0.763605,1.21371
3.0246,0.794926,1.12771,0.58466,0.744866,0.682137,0.762306,0.959131,0.743255,0.765252,1.21897
3.0248,0.797214,1.13131,0.584954,0.748157,0.684966,0.764164,0.957784,0.745917,0.765738,1.22376
3.025,0.800913,1.13531,0.583859,0.750048,0.686973,0.765094,0.956979,0.747446,0.766026,1.22864
3.0252,0.806152,1.14047,0.582367,0.750783,0.687943,0.765649,0.958401,0.746722,0.766931,1.23429
3.0254,0.811619,1.14659,0.581775,0.751003,0.687414,0.76686,0.962094,0.744095,0.768885,1.24101
3.0256,0.815865,1.15298,0.582226,0.751519,0.68684,0.76903,0.966607,0.742002,0.771171,1.24837
3.0258,0.818669,1.15857,0.582925,0.75301,0.687384,0.77103,0.969854,0.742094,0.772383,1.25559
3.026,0.820116,1.16261,0.583027,0.75494,0.689029,0.771502,0.97017,0.744035,0.77231,1.26161
3.0262,0.820787,1.16524,0.582149,0.756695,0.690705,0.771107,0.968484,0.747836,0.771883,1.2652
3.0264,0.821426,1.16687,0.580778,0.757967,0.691067,0.77097,0.968257,0.751679,0.771572,1.26642
3.0266,0.822444,1.16721,0.579696,0.758084,0.689759,0.771622,0.970013,0.753093,0.770899,1.26547
3.0268,0.823502,1.16625,0.57942,0.757477,0.687736,0.772694,0.972163,0.751863,0.76985,1.26338
3.027,0.824585,1.16478,0.579957,0.757466,0.686496,0.773453,0.97429,0.749865,0.768232,1.26115
3.0272,0.825256,1.16416,0.580912,0.758588,0.686874,0.773411,0.975834,0.749168,0.766434,1.25953
3.0274,0.82522,1.165,0.581652,0.759763,0.688667,0.772212,0.976703,0.750029,0.76455,1.25865
3.0276,0.824624,1.16645,0.581668,0.75999,0.690689,0.770313,0.977153,0.752007,0.763271,1.25805
3.0278,0.823979,1.16698,0.581034,0.759853,0.691454,0.768644,0.97805,0.753018,0.762726,1.25689
3.028,0.823882,1.16539,0.580193,0.759733,0.690469,0.767255,0.980167,0.751989,0.761465,1.2544
3.0282,0.823362,1.16134,0.579468,0.759175,0.688593,0.766214,0.983425,0.750409,0.759146,1.25032
3.0284,0.821522,1.15593,0.578895,0.758473,0.686748,0.765247,0.986342,0.749932,0.755727,1.24482
3.0286,0.818414,1.15096,0.578294,0.757879,0.685241,0.76327,0.987148,0.750293,0.751704,1.23944
3.0288,0.814736,1.14693,0.577683,0.756831,0.683956,0.759803,0.985618,0.750538,0.748254,1.23487
3.029,0.81146,1.1437,0.577684,0.755041,0.682677,0.756441,0.983078,0.749944,0.746299,1.22989
3.0292,0.809138,1.14055,0.577945,0.753078,0.681092,0.754722,0.980852,0.748732,0.746637,1.22351
3.0294,0.807089,1.13665,0.577672,0.751481,0.678655,0.753846,0.979629,0.746842,0.747776,1.21579
3.0296,0.804631,1.13163,0.576576,0.750408,0.675536,0.752689,0.978787,0.745161,0.747803,1.20744
3.0298,0.801966,1.12584,0.57445,0.749481,0.672457,0.750701,0.977162,0.744517,0.745579,1.19936
3.03,0.799223,1.11984,0.571941,0.748175,0.669572,0.748126,0.973835,0.74498,0.741796,1.19202
3.0302,0.796661,1.11387,0.569874,0.74657,0.667037,0.74514,0.968855,0.745726,0.738368,1.18549
3.0304,0.794347,1.10756,0.568754,0.745277,0.664487,0.741878,0.963874,0.745108,0.736436,1.17936
3.0306,0.791183,1.10083,0.568651,0.744565,0.662303,0.738835,0.958967,0.743367,0.735918,1.17323
3.0308,0.786841,1.09343,0.568882,0.744266,0.660255,0.735836,0.953347,0.741992,0.73558,1.16666
3.031,0.782199,1.085,0.568852,0.744139,0.657483,0.733085,0.946625,0.740768,0.734085,1.15908
3.0312,0.777583,1.07614,0.56788,0.743645,0.653894,0.730722,0.939574,0.739339,0.731603,1.15003
3.0314,0.773426,1.06745,0.566026,0.742629,0.650072,0.728237,0.932667,0.73844,0.729316,1.13965
3.0316,0.770349,1.05921,0.564134,0.741381,0.646571,0.725294,0.925548,0.738188,0.727803,1.12867
3.0318,0.768337,1.05187,0.563006,0.740241,0.643791,0.722519,0.917754,0.737539,0.72748,1.118
3.032,0.766426,1.04491,0.562946,0.739241,0.641697,0.720359,0.909406,0.735921,0.727476,1.10822
3.0322,0.764035,1.03733,0.563647,0.738465,0.639999,0.71817,0.901045,0.73424,0.727169,1.09932
3.0324,0.760972,1.02909,0.564508,0.738325,0.638567,0.715589,0.893205,0.733226,0.726042,1.09086
3.0326,0.758306,1.02083,0.565082,0.738748,0.637388,0.713346,0.8856,0.732909,0.72463,1.08254
3.0328,0.75582,1.0132,0.565288,0.739232,0.636471,0.711947,0.877917,0.732987,0.723804,1.07441
3.033,0.753567,1.00626,0.565439,0.739144,0.635913,0.710431,0.870529,0.732812,0.7237,1.06688
3.0332,0.751358,0.999662,0.565757,0.738682,0.635851,0.70895,0.864101,0.731871,0.723682,1.06037
3.0334,0.749964,0.993248,0.566202,0.738334,0.635955,0.707932,0.859003,0.731096,0.723756,1.05507
3.0336,0.749009,0.987641,0.566975,0.738043,0.635995,0.706566,0.855193,0.731104,0.723685,1.05082
3.0338,0.747565,0.983364,0.568298,0.738362,0.636466,0.704784,0.852527,0.731303,0.723147,1.04721
3.034,0.745968,0.979617,0.569674,0.73892,0.63767,0.703481,0.850491,0.731659,0.723177,1.04372
3.0342,0.744736,0.975762,0.570532,0.738873,0.639004,0.702767,0.847568,0.731685,0.723853,1.0399
3.0344,0.74382,0.971776,0.570764,0.738474,0.639729,0.70238,0.843626,0.73069,0.724608,1.03554
3.0346,0.74329,0.967728,0.570801,0.738249,0.640173,0.702054,0.840471,0.729511,0.725054,1.03096
3.0348,0.743342,0.963759,0.571261,0.738176,0.641242,0.701836,0.839021,0.729822,0.725314,1.02666
3.035,0.743889,0.960521,0.572518,0.738944,0.643104,0.701568,0.837919,0.731743,0.725582,1.02299
3.0352,0.744347,0.958789,0.574493,0.740247,0.645784,0.701561,0.835637,0.733748,0.726687,1.01987
3.0354,0.744854,0.958705,0.576733,0.741878,0.649036,0.702151,0.832777,0.734303,0.729482,1.017
3.0356,0.745727,0.9594,0.578781,0.743531,0.651661,0.703322,0.830956,0.733669,0.732982,1.01416
3.0358,0.747482,0.960367,0.580379,0.744846,0.653155,0.704581,0.830726,0.733551,0.734935,1.01128
3.036,0.749685,0.961473,0.581547,0.745515,0.653982,0.706318,0.831739,0.735586,0.73503,1.00838
3.0362,0.75174,0.962241,0.582488,0.746041,0.654942,0.708202,0.833226,0.738913,0.734053,1.00556
3.0364,0.753263,0.962484,0.583513,0.746785,0.656689,0.709669,0.834888,0.741859,0.733545,1.00312
3.0366,0.754743,0.962752,0.584726,0.747591,0.659508,0.710637,0.836914,0.742909,0.734848,1.00139
3.0368,0.756487,0.963442,0.586329,0.748797,0.662772,0.711344,0.838901,0.742604,0.737618,1.00077
3.037,0.758834,0.964922,0.587839,0.750444,0.665975,0.71244,0.840362,0.74245,0.741045,1.00119
3.0372,0.761688,0.96767,0.58886,0.75211,0.66883,0.714398,0.841691,0.743326,0.744278,1.00207
3.0374,0.765058,0.971293,0.5898,0.753546,0.670981,0.717389,0.843295,0.745967,0.745985,1.00276
3.0376,0.76831,0.974992,0.590692,0.75516,0.672399,0.720596,0.845253,0.74939,0.746404,1.00285
3.0378,0.770832,0.978246,0.59183,0.757047,0.673831,0.723227,0.846809,0.752077,0.746684,1.0025
3.038,0.77379,0.981133,0.592802,0.759065,0.675854,0.725455,0.847735,0.753747,0.747916,1.00241
3.0382,0.778045,0.984087,0.59328,0.760603,0.678918,0.727477,0.848342,0.754689,0.750554,1.00338
3.0384,0.782554,0.987346,0.593378,0.761957,0.682399,0.7294,0.849381,0.755757,0.754144,1.00585
3.0386,0.785962,0.991256,0.593825,0.763938,0.685618,0.732038,0.850555,0.757416,0.757171,1.00974
3.0388,0.78816,0.995387,0.59479,0.766628,0.688506,0.735121,0.851477,0.75973,0.759424,1.01455
3.039,0.789683,0.999374,0.596499,0.769194,0.691624,0.738136,0.851404,0.762023,0.761315,1.01975
3.0392,0.791996,1.00341,0.598588,0.771068,0.6951,0.741245,0.851428,0.763086,0.762421,1.02495
3.0394,0.795532,1.00742,0.599889,0.772286,0.698609,0.743828,0.852366,0.764045,0.763707,1.02984
3.0396,0.799988,1.01158,0.599908,0.773183,0.701373,0.745403,0.854189,0.765284,0.765987,1.03403
3.0398,0.804442,1.01604,0.600237,0.774539,0.703063,0.746575,0.855977,0.766193,0.769253,1.0377
3.04,0.808215,1.02032,0.602009,0.776458,0.70486,0.74812,0.856281,0.767578,0.772646,1.04138
3.0402,0.811201,1.02409,0.604556,0.778718,0.707666,0.7503,0.854748,0.770142,0.775485,1.04538
3.0404,0.814521,1.02756,0.606693,0.780574,0.711569,0.75266,0.853274,0.772699,0.776959,1.04964
3.0406,0.818246,1.03109,0.607704,0.781611,0.715739,0.754497,0.853604,0.774709,0.777312,1.05385
3.0408,0.82137,1.03463,0.608012,0.781807,0.718787,0.755665,0.855582,0.775855,0.778073,1.05778
3.041,0.823279,1.03848,0.608295,0.781488,0.719871,0.756321,0.857265,0.776513,0.780075,1.06146
3.0412,0.824498,1.04282,0.608877,0.781716,0.71982,0.757475,0.856789,0.777657,0.78304,1.06523
3.0414,0.826292,1.04746,0.609786,0.783793,0.720051,0.759058,0.854699,0.779107,0.785367,1.06951
3.0416,0.829597,1.05198,0.610809,0.786716,0.721393,0.760235,0.853743,0.780433,0.786352,1.07455
3.0418,0.833789,1.05572,0.611529,0.78948,0.723467,0.761103,0.856113,0.781302,0.786442,1.0803
3.042,0.837787,1.05832,0.612357,0.791369,0.725552,0.762037,0.861295,0.781414,0.786332,1.0865
3.0422,0.840906,1.06019,0.613305,0.791711,0.726692,0.763018,0.866822,0.781939,0.786571,1.09276
3.0424,0.843258,1.06183,0.61389,0.791611,0.727208,0.764173,0.870165,0.783794,0.787065,1.09855
3.0426,0.844518,1.06372,0.614306,0.792363,0.728034,0.765218,0.870333,0.785779,0.78673,1.10329
3.0428,0.844834,1.06619,0.614996,0.793892,0.729375,0.765577,0.869779,0.78733,0.785607,1.10667
3.043,0.845345,1.06896,0.616039,0.795665,0.730238,0.765017,0.871266,0.787663,0.784856,1.10874
3.0432,0.847832,1.07117,0.617142,0.796449,0.730325,0.764699,0.874527,0.787016,0.785648,1.10982
3.0434,0.852606,1.07207,0.61818,0.796444,0.7305,0.765646,0.877868,0.786564,0.787021,1.11035
3.0436,0.857901,1.07166,0.619252,0.796901,0.730728,0.767706,0.879952,0.787603,0.787767,1.11082
3.0438,0.861377,1.07081,0.620411,0.798141,0.730796,0.769918,0.880412,0.789522,0.787362,1.11139
3.044,0.862103,1.07073,0.621499,0.799677,0.731666,0.771482,0.880247,0.791239,0.786092,1.11199
3.0442,0.86128,1.07213,0.62226,0.801494,0.733115,0.772028,0.880864,0.7923,0.784846,1.11237
3.0444,0.860925,1.07476,0.62278,0.80357,0.733716,0.771731,0.883027,0.791978,0.784498,1.11202
3.0446,0.862269,1.07773,0.623612,0.805011,0.732632,0.771127,0.88663,0.791162,0.78517,1.11077
3.0448,0.864705,1.08001,0.624797,0.805534,0.730831,0.770939,0.890936,0.79131,0.785976,1.10838
3.045,0.866597,1.08082,0.625638,0.80508,0.729144,0.771154,0.894827,0.79321,0.785661,1.10495
3.0452,0.866843,1.0798,0.625769,0.804636,0.727914,0.771034,0.897375,0.795251,0.784237,1.10077
3.0454,0.865862,1.07758,0.625312,0.804678,0.727332,0.770231,0.898716,0.796114,0.783171,1.09613
3.0456,0.864523,1.07494,0.62454,0.805685,0.727172,0.768915,0.899479,0.796001,0.782653,1.09127
3.0458,0.863094,1.07235,0.624834,0.80733,0.727235,0.767533,0.899747,0.795139,0.782406,1.08632
3.046,0.861527,1.07023,0.626784,0.80894,0.727311,0.766347,0.900173,0.795902,0.782367,1.08118
3.0462,0.860248,1.06824,0.628976,0.809609,0.727284,0.765299,0.900726,0.799068,0.782195,1.07583
3.0464,0.858912,1.06569,0.630052,0.809053,0.727042,0.763893,0.901702,0.802901,0.78183,1.07039
3.0466,0.857499,1.06236,0.62945,0.807811,0.726959,0.76205,0.902807,0.804601,0.781508,1.06517
3.0468,0.856082,1.05785,0.628149,0.807137,0.727707,0.759496,0.903222,0.803152,0.781468,1.06058
3.047,0.8543,1.05237,0.627143,0.807386,0.729193,0.756436,0.901644,0.800059,0.781426,1.05682
3.0472,0.851813,1.04651,0.626873,0.808359,0.730393,0.753632,0.89943,0.79786,0.781655,1.05385
3.0474,0.848488,1.04094,0.627444,0.809946,0.730339,0.751528,0.89796,0.798152,0.782099,1.05143
3.0476,0.845164,1.03585,0.628533,0.811216,0.728988,0.749521,0.896869,0.801146,0.781985,1.04925
3.0478,0.843001,1.03105,0.629297,0.811345,0.727183,0.747231,0.895584,0.804321,0.781556,1.0468
3.048,0.841451,1.02609,0.629394,0.810096,0.725829,0.744362,0.893823,0.804825,0.781194,1.04361
3.0482,0.839622,1.02071,0.628918,0.808264,0.725717,0.740983,0.891426,0.803024,0.780855,1.03956
3.0484,0.837133,1.01468,0.628251,0.807123,0.726523,0.737646,0.888649,0.800645,0.780652,1.035
3.0486,0.833878,1.00808,0.627915,0.807646,0.727065,0.734857,0.885307,0.800063,0.780498,1.03046
3.0488,0.830236,1.00135,0.628295,0.809342,0.726395,0.732854,0.881647,0.801699,0.780521,1.02639
3.049,0.827025,0.994899,0.629422,0.811124,0.72434,0.731498,0.87861,0.804488,0.780616,1.02286
3.0492,0.824655,0.989143,0.630992,0.812009,0.721773,0.730463,0.876756,0.806907,0.78143,1.01973
3.0494,0.82307,0.984125,0.632567,0.811685,0.719957,0.729428,0.875611,0.807238,0.782557,1.01676
3.0496,0.821957,0.979903,0.633878,0.81143,0.719566,0.72839,0.874175,0.805672,0.782405,1.01388
3.0498,0.820995,0.976256,0.634919,0.812212,0.720276,0.727646,0.871842,0.804325,0.781545,1.01126
3.05,0.820092,0.973413,0.635566,0.813734,0.720446,0.727379,0.869363,0.804253,0.780883,1.00929
3.0502,0.819446,0.971199,0.636234,0.814692,0.719176,0.727422,0.868402,0.805506,0.781357,1.00837
3.0504,0.819354,0.969207,0.637514,0.81432,0.717023,0.727616,0.869958,0.807648,0.783221,1.00858
3.0506,0.819352,0.966848,0.639316,0.813322,0.714978,0.727779,0.872872,0.808681,0.785288,1.00945
3.0508,0.819034,0.963882,0.641205,0.812373,0.713582,0.727604,0.874611,0.807662,0.786562,1.01031
3.051,0.818971,0.960659,0.642677,0.811587,0.712921,0.727095,0.874265,0.806124,0.786635,1.01051
3.0512,0.819512,0.957708,0.643416,0.811712,0.712744,0.726521,0.872406,0.805651,0.786089,1.00966
3.0514,0.820012,0.955283,0.643705,0.812803,0.712552,0.726194,0.870238,0.806656,0.785623,1.00772
3.0516,0.819796,0.953433,0.644347,0.813937,0.712103,0.72635,0.869481,0.808305,0.786541,1.00508
3.0518,0.818912,0.952046,0.646235,0.814485,0.711633,0.72707,0.870331,0.809576,0.788598,1.00228
3.052,0.818069,0.951013,0.649118,0.814687,0.711562,0.728227,0.871269,0.810007,0.790366,0.999915
3.0522,0.818106,0.950334,0.651878,0.814358,0.712206,0.729622,0.871734,0.810781,0.790977,0.998212
3.0524,0.819407,0.950205,0.653554,0.814177,0.713645,0.731177,0.872334,0.812038,0.790714,0.997479
3.0526,0.821667,0.950852,0.654109,0.814855,0.715664,0.732891,0.873402,0.812741,0.790704,0.997463
3.0528,0.824216,0.952447,0.654243,0.815459,0.717355,0.734605,0.875104,0.812848,0.791062,0.997647
3.053,0.826569,0.95493,0.654714,0.815659,0.71833,0.736163,0.877731,0.812882,0.792243,0.997459
3.0532,0.828564,0.957895,0.655736,0.816177,0.719264,0.737504,0.881069,0.813242,0.794193,0.996774
3.0534,0.83016,0.96061,0.657131,0.817262,0.720591,0.738653,0.884176,0.814378,0.795558,0.996206
3.0536,0.831569,0.962589,0.658436,0.818509,0.721947,0.73976,0.886701,0.816057,0.796177,0.996111
3.0538,0.833172,0.963793,0.659396,0.819382,0.723037,0.741366,0.889284,0.81824,0.79648,0.996248
3.054,0.835184,0.964759,0.660177,0.819325,0.723796,0.743048,0.890914,0.820597,0.796739,0.996156
3.0542,0.83768,0.966053,0.660874,0.818479,0.724481,0.744173,0.891363,0.822121,0.797115,0.995532
3.0544,0.839885,0.967861,0.661991,0.81767,0.725583,0.744573,0.891334,0.822334,0.797595,0.994576
3.0546,0.841697,0.970021,0.663019,0.818254,0.727492,0.744566,0.891795,0.821817,0.798253,0.993863
3.0548,0.842968,0.972274,0.663939,0.820395,0.730118,0.74516,0.893157,0.8218,0.799221,0.994069
3.055,0.844369,0.97463,0.666011,0.82262,0.733005,0.746474,0.895304,0.823087,0.800557,0.995562
3.0552,0.845951,0.976862,0.668712,0.823825,0.735807,0.74857,0.897568,0.825555,0.80215,0.998303
3.0554,0.847353,0.978667,0.670229,0.823691,0.737921,0.750565,0.898652,0.827989,0.803437,1.00193
3.0556,0.848597,0.97996,0.669586,0.82376,0.73942,0.751369,0.897613,0.829223,0.804983,1.00604
3.0558,0.849623,0.980829,0.667591,0.825333,0.741067,0.75082,0.895748,0.830143,0.806615,1.01034
3.056,0.850816,0.981261,0.665965,0.827662,0.743239,0.749849,0.894878,0.831295,0.807442,1.01435
3.0562,0.852372,0.981576,0.666124,0.829302,0.745581,0.749495,0.895558,0.832804,0.807509,1.01759
3.0564,0.854231,0.982086,0.667947,0.829374,0.747854,0.75022,0.897131,0.834346,0.807184,1.02009
3.0566,0.855758,0.982861,0.670062,0.828816,0.749744,0.751757,0.899934,0.834867,0.80695,1.02232
3.0568,0.856644,0.98395,0.671192,0.82845,0.751344,0.753166,0.902328,0.834334,0.807837,1.02475
3.057,0.857102,0.985136,0.670859,0.828974,0.752585,0.753731,0.901751,0.834227,0.810066,1.02757
3.0572,0.857426,0.986109,0.66979,0.830142,0.753572,0.753477,0.898156,0.83552,0.812407,1.03067
3.0574,0.858022,0.986501,0.669409,0.831807,0.754437,0.753081,0.894879,0.837903,0.813533,1.0338
3.0576,0.859049,0.986639,0.671204,0.833257,0.755299,0.753398,0.894672,0.840832,0.813159,1.03682
3.0578,0.860404,0.987263,0.674272,0.834165,0.755981,0.754894,0.897214,0.843474,0.812672,1.03982
3.058,0.861881,0.989314,0.676887,0.834138,0.757262,0.757469,0.899823,0.844638,0.813332,1.04311
3.0582,0.863367,0.993281,0.677755,0.833563,0.758967,0.760368,0.900479,0.84427,0.81545,1.047
3.0584,0.864965,0.997707,0.677,0.833501,0.759734,0.762436,0.899931,0.843771,0.818247,1.05167
3.0586,0.86695,1.00137,0.676188,0.83371,0.75904,0.763243,0.900307,0.844096,0.820208,1.05701
3.0588,0.869289,1.00355,0.676506,0.834288,0.757763,0.763757,0.90312,0.845238,0.820423,1.06263
3.059,0.87126,1.00413,0.677692,0.834881,0.758206,0.764589,0.90727,0.846551,0.819387,1.06787
3.0592,0.872459,1.00381,0.678888,0.834702,0.760481,0.765424,0.909751,0.847228,0.818084,1.07219
3.0594,0.873395,1.00364,0.679256,0.833597,0.762482,0.766484,0.910534,0.847193,0.817354,1.07524
3.0596,0.874246,1.00411,0.678651,0.831888,0.762378,0.76806,0.91152,0.847126,0.81701,1.07701
3.0598,0.874585,1.00544,0.678016,0.830005,0.760074,0.769939,0.913026,0.84736,0.817179,1.07783
3.06,0.874215,1.00771,0.678316,0.828675,0.757001,0.771645,0.914489,0.847746,0.817565,1.07814
3.0602,0.873519,1.01029,0.679675,0.828242,0.75482,0.772902,0.915075,0.848458,0.817597,1.0782
3.0604,0.872976,1.01227,0.681625,0.828408,0.754704,0.773788,0.914879,0.848976,0.816946,1.07872
3.0606,0.872922,1.01332,0.683522,0.829366,0.756961,0.774594,0.915032,0.848879,0.8152,1.07956
3.0608,0.873499,1.01373,0.684672,0.830721,0.760296,0.775569,0.916311,0.848527,0.812805,1.08048
3.061,0.874536,1.01378,0.684917,0.831565,0.762144,0.776665,0.918384,0.84851,0.811204,1.08082
3.0612,0.875661,1.01382,0.684957,0.831626,0.761725,0.777668,0.92058,0.849243,0.812404,1.08069
3.0614,0.876598,1.01455,0.685355,0.831336,0.760384,0.77829,0.922738,0.850395,0.815331,1.07963
3.0616,0.87701,1.01497,0.685937,0.830769,0.759071,0.778487,0.924929,0.851459,0.817362,1.07744
3.0618,0.876493,1.0141,0.686269,0.829466,0.758257,0.778373,0.926754,0.851974,0.816455,1.07428
3.062,0.875359,1.01242,0.686215,0.827686,0.757839,0.77786,0.928109,0.851916,0.812406,1.07039
3.0622,0.874161,1.01086,0.685835,0.826428,0.757939,0.776876,0.928845,0.851556,0.8068,1.06616
3.0624,0.87364,1.00995,0.686061,0.826735,0.758237,0.775552,0.929549,0.851163,0.802377,1.06198
3.0626,0.87322,1.00943,0.687624,0.827995,0.75855,0.77396,0.929142,0.850726,0.801018,1.05808
3.0628,0.87231,1.00861,0.689292,0.82864,0.758574,0.7726,0.928196,0.850327,0.802469,1.05448
3.063,0.870403,1.00731,0.689583,0.828159,0.758067,0.771806,0.926978,0.849431,0.80475,1.05109
3.0632,0.867637,1.00558,0.68809,0.826554,0.757238,0.771725,0.925964,0.848116,0.805752,1.04796
3.0634,0.864593,1.00326,0.685645,0.823957,0.757091,0.771745,0.925508,0.847132,0.804906,1.04533
3.0636,0.862208,1.00057,0.683764,0.821111,0.757893,0.77045,0.924728,0.846393,0.803103,1.04345
3.0638,0.860976,0.998475,0.683329,0.818931,0.759021,0.767595,0.924261,0.845942,0.801694,1.04245
3.064,0.860314,0.99735,0.684497,0.818103,0.759664,0.764069,0.924142,0.844849,0.801517,1.04217
3.0642,0.859159,0.996246,0.686213,0.818986,0.759156,0.761378,0.922735,0.842839,0.802306,1.04224
3.0644,0.856738,0.994743,0.687071,0.820051,0.757805,0.759686,0.91983,0.840489,0.803461,1.04194
3.0646,0.853562,0.992642,0.686348,0.8195,0.756219,0.75843,0.916101,0.83812,0.804212,1.04069
3.0648,0.85027,0.989878,0.684478,0.816929,0.754962,0.757075,0.913017,0.836252,0.804369,1.03844
3.065,0.847524,0.986686,0.682623,0.813268,0.754614,0.755113,0.911283,0.835013,0.804175,1.03575
3.0652,0.845471,0.983652,0.681825,0.809928,0.755301,0.752464,0.910211,0.833914,0.803795,1.03336
3.0654,0.843493,0.981293,0.682394,0.807988,0.756197,0.749418,0.908634,0.832604,0.803311,1.03169
3.0656,0.841109,0.979407,0.683828,0.807541,0.756509,0.74666,0.905617,0.830935,0.803036,1.03062
3.0658,0.838379,0.977681,0.68527,0.807807,0.756028,0.744864,0.901859,0.829112,0.803083,1.02973
3.066,0.835717,0.975714,0.686099,0.807808,0.755203,0.744248,0.899141,0.827576,0.803575,1.02862
3.0662,0.833635,0.973527,0.68631,0.807055,0.754678,0.744446,0.898262,0.82676,0.804683,1.02728
3.0664,0.832406,0.971294,0.686381,0.805786,0.754478,0.744849,0.898527,0.826812,0.806255,1.02609
3.0666,0.831953,0.969734,0.686495,0.80482,0.754362,0.744892,0.898643,0.82752,0.807738,1.02565
3.0668,0.83197,0.969035,0.686834,0.804982,0.754419,0.744178,0.898034,0.828312,0.808454,1.02646
3.067,0.832075,0.968689,0.687727,0.80576,0.754356,0.742915,0.897374,0.828441,0.808125,1.02856
3.0672,0.831693,0.968508,0.68888,0.806172,0.754021,0.741582,0.897596,0.827786,0.807227,1.03135
3.0674,0.830548,0.968066,0.689613,0.806199,0.753761,0.740662,0.897813,0.826857,0.806664,1.03395
3.0676,0.82954,0.966734,0.689502,0.806062,0.753642,0.740485,0.89751,0.825897,0.806827,1.03552
3.0678,0.829187,0.964415,0.688801,0.805453,0.753646,0.741135,0.897325,0.825198,0.80755,1.03559
3.068,0.829019,0.961675,0.688161,0.804229,0.753643,0.741708,0.897507,0.824851,0.807896,1.03437
3.0682,0.828338,0.959346,0.688166,0.802711,0.753586,0.741778,0.897641,0.824644,0.807254,1.03234
3.0684,0.82715,0.958017,0.689003,0.801402,0.753595,0.741155,0.897786,0.824487,0.805615,1.03009
3.0686,0.825986,0.957712,0.69043,0.800693,0.753562,0.740746,0.897399,0.82443,0.803903,1.02823
3.0688,0.825429,0.958032,0.692005,0.800799,0.753227,0.741023,0.897025,0.82454,0.802687,1.02711
3.069,0.825811,0.958514,0.693365,0.80154,0.752617,0.742262,0.897153,0.824947,0.802013,1.02659
3.0692,0.826978,0.959025,0.694281,0.80248,0.752459,0.744192,0.898388,0.825867,0.801539,1.02626
3.0694,0.828426,0.959645,0.694722,0.803289,0.753093,0.745915,0.899756,0.827418,0.800504,1.0257
3.0696,0.829745,0.960218,0.694909,0.803823,0.753545,0.746744,0.900943,0.829275,0.798835,1.02469
3.0698,0.830741,0.961134,0.695111,0.803857,0.753077,0.746944,0.902051,0.830851,0.796703,1.02322
3.07,0.831271,0.962226,0.69538,0.803415,0.752238,0.747078,0.903011,0.831813,0.794806,1.02156
3.0702,0.831453,0.962715,0.695601,0.803128,0.751993,0.74737,0.903927,0.832249,0.793537,1.01991
3.0704,0.831878,0.962886,0.695893,0.80326,0.75292,0.747977,0.905312,0.83234,0.792803,1.01836
3.0706,0.832921,0.963101,0.696186,0.803564,0.754454,0.748445,0.905932,0.832212,0.792218,1.01677
3.0708,0.834115,0.963253,0.696354,0.803478,0.755919,0.748828,0.905318,0.832019,0.791328,1.01504
3.071,0.834987,0.964007,0.696251,0.803071,0.7566,0.749175,0.904589,0.832488,0.790064,1.01326
3.0712,0.835113,0.965491,0.695906,0.802014,0.756467,0.749377,0.903778,0.833402,0.788771,1.01166
3.0714,0.835131,0.967456,0.695645,0.800775,0.755795,0.749514,0.903418,0.83466,0.787909,1.01062
3.0716,0.835168,0.969377,0.695657,0.800177,0.755993,0.749437,0.903911,0.835356,0.787845,1.01048
3.0718,0.835563,0.970538,0.696084,0.800092,0.757812,0.749099,0.904446,0.835149,0.788643,1.0115
3.072,0.835958,0.971227,0.69673,0.799566,0.760236,0.748781,0.903684,0.834116,0.790103,1.01368
3.0722,0.836502,0.972568,0.697147,0.798435,0.762289,0.748311,0.902274,0.832564,0.791929,1.01679
3.0724,0.837151,0.97446,0.697027,0.797654,0.763452,0.748043,0.901288,0.831744,0.793115,1.02039
3.0726,0.837926,0.976261,0.69681,0.797077,0.7636,0.748138,0.90124,0.833271,0.793424,1.0239
3.0728,0.838048,0.977789,0.696608,0.796224,0.763731,0.748751,0.901188,0.836759,0.793937,1.0266
3.073,0.837172,0.978679,0.696308,0.795171,0.764494,0.749374,0.901468,0.839615,0.794722,1.02834
3.0732,0.836097,0.978828,0.695707,0.794267,0.765465,0.749615,0.901536,0.840475,0.795386,1.02956
3.0734,0.835764,0.978952,0.695045,0.793466,0.765924,0.749179,0.899972,0.839905,0.795605,1.03091
3.0736,0.836191,0.97972,0.694811,0.792648,0.765693,0.748788,0.896974,0.839012,0.795023,1.03285
3.0738,0.837064,0.981288,0.695212,0.791725,0.765239,0.749139,0.894112,0.839221,0.793958,1.03537
3.074,0.837767,0.983154,0.69608,0.790666,0.765153,0.75005,0.892682,0.841283,0.793337,1.03812
3.0742,0.837848,0.984757,0.69727,0.7897,0.765786,0.751212,0.892431,0.844219,0.793727,1.04071
3.0744,0.837436,0.986011,0.698692,0.788945,0.767124,0.752303,0.892205,0.846371,0.795009,1.04306
3.0746,0.837098,0.987123,0.699942,0.78861,0.768457,0.753335,0.891289,0.84687,0.796718,1.04542
3.0748,0.837454,0.988386,0.700456,0.789114,0.768875,0.75437,0.890223,0.846466,0.79832,1.04829
3.075,0.838786,0.989907,0.700441,0.790457,0.768467,0.755142,0.890005,0.845607,0.79927,1.05206
3.0752,0.841161,0.991843,0.700233,0.791901,0.767881,0.755682,0.891085,0.845032,0.799433,1.05663
3.0754,0.843587,0.993867,0.700094,0.792255,0.767781,0.755962,0.893204,0.84503,0.799411,1.06147
3.0756,0.844678,0.995858,0.700341,0.791722,0.768547,0.756023,0.895217,0.845113,0.799735,1.06591
3.0758,0.844846,0.997699,0.700892,0.79135,0.769195,0.756273,0.895499,0.845342,0.800298,1.06932
3.076,0.845404,0.999089,0.701319,0.791359,0.769061,0.756871,0.894639,0.845876,0.800545,1.07136
3.0762,0.846423,0.999801,0.701359,0.791267,0.768562,0.757574,0.894439,0.846294,0.800017,1.07227
3.0764,0.847017,1.00014,0.701286,0.790635,0.767804,0.757966,0.894926,0.846147,0.799158,1.07238
3.0766,0.84662,1.00099,0.701476,0.789633,0.767074,0.757874,0.895333,0.845288,0.798294,1.07203
3.0768,0.845629,1.00273,0.702131,0.788877,0.766561,0.757611,0.895086,0.844101,0.798093,1.07157
3.077,0.84476,1.0051,0.70325,0.788916,0.766393,0.757682,0.894217,0.843282,0.798238,1.07122
3.0772,0.844463,1.00706,0.704686,0.789787,0.766924,0.758465,0.893561,0.843382,0.797934,1.07093
3.0774,0.844884,1.00795,0.706124,0.79105,0.768097,0.759927,0.893848,0.844512,0.796971,1.0706
3.0776,0.845704,1.00807,0.707192,0.792119,0.768592,0.761597,0.895101,0.846261,0.795282,1.07013
3.0778,0.846272,1.00795,0.708345,0.792405,0.767838,0.762816,0.896934,0.847986,0.79336,1.06958
3.078,0.845997,1.00809,0.709894,0.791935,0.766284,0.763253,0.898993,0.848872,0.791837,1.06881
3.0782,0.845437,1.00903,0.710815,0.791251,0.765196,0.763153,0.901167,0.848548,0.791023,1.06747
3.0784,0.845034,1.01,0.710729,0.790965,0.764809,0.762808,0.903069,0.847504,0.790727,1.06534
3.0786,0.844343,1.01046,0.709703,0.791029,0.764625,0.762389,0.904127,0.846667,0.79053,1.06245
3.0788,0.843748,1.01084,0.708229,0.79112,0.764033,0.762033,0.904552,0.846659,0.789632,1.05901
3.079,0.843516,1.01059,0.7073,0.791202,0.762874,0.761766,0.904754,0.847247,0.78783,1.0555
3.0792,0.843141,1.00958,0.708533,0.791315,0.761557,0.761269,0.904529,0.847534,0.785605,1.05229
3.0794,0.842316,1.00855,0.711656,0.791619,0.760992,0.760343,0.904757,0.846826,0.783808,1.04962
3.0796,0.841395,1.00813,0.714115,0.791492,0.761245,0.758995,0.905338,0.844986,0.783135,1.04743
3.0798,0.840403,1.00866,0.714167,0.79055,0.761721,0.757632,0.905098,0.842785,0.78359,1.04566
3.08,0.839851,1.0095,0.711882,0.788941,0.762305,0.756402,0.904133,0.841219,0.78458,1.04431
3.0802,0.839738,1.00972,0.708895,0.787098,0.76282,0.755482,0.90289,0.840435,0.785484,1.04352
3.0804,0.839475,1.009,0.706859,0.785925,0.76299,0.754539,0.901627,0.840052,0.786045,1.04343
3.0806,0.838536,1.00755,0.706913,0.786021,0.762446,0.752968,0.900177,0.839239,0.786202,1.044
3.0808,0.837119,1.00593,0.708588,0.787162,0.761575,0.750597,0.899064,0.837921,0.786113,1.04475
3.081,0.8362,1.00521,0.710241,0.787982,0.761348,0.748004,0.89878,0.835753,0.78628,1.04498
3.0812,0.835316,1.00519,0.710649,0.787014,0.761714,0.745676,0.898865,0.832882,0.786776,1.04455
3.0814,0.834263,1.00473,0.709536,0.784145,0.762346,0.743991,0.898228,0.830007,0.787366,1.0436
3.0816,0.833699,1.00354,0.707594,0.780553,0.762502,0.742691,0.896733,0.827918,0.787804,1.04261
3.0818,0.833269,1.00166,0.706018,0.777924,0.761669,0.741292,0.89486,0.826476,0.787931,1.04232
3.082,0.832282,0.99933,0.705672,0.777216,0.760399,0.739546,0.892492,0.825394,0.787841,1.04294
3.0822,0.830699,0.997237,0.706636,0.778003,0.759439,0.737503,0.889912,0.824356,0.787897,1.04409
3.0824,0.828993,0.995921,0.708253,0.778892,0.759265,0.735584,0.887581,0.822933,0.788378,1.04501
3.0826,0.827678,0.995113,0.709639,0.77865,0.759835,0.73426,0.885881,0.82122,0.789367,1.04526
3.0828,0.826985,0.99436,0.71031,0.777134,0.760504,0.733807,0.884961,0.819658,0.790751,1.04492
3.083,0.826839,0.993462,0.710406,0.775297,0.760296,0.734178,0.884372,0.81875,0.792271,1.04466
3.0832,0.827029,0.992436,0.710246,0.774493,0.759691,0.734947,0.883709,0.818738,0.79362,1.04526
3.0834,0.82714,0.991766,0.710171,0.775435,0.758973,0.735181,0.883094,0.819255,0.794432,1.04712
3.0836,0.826438,0.9911,0.71062,0.77724,0.757978,0.734453,0.883149,0.819357,0.79462,1.04958
3.0838,0.825542,0.99019,0.711709,0.778365,0.757352,0.733277,0.884335,0.818761,0.794566,1.05155
3.084,0.824619,0.989406,0.712801,0.778476,0.756797,0.73222,0.88543,0.818055,0.794573,1.05305
3.0842,0.823639,0.988725,0.713462,0.777909,0.755792,0.731632,0.885214,0.81731,0.794515,1.05451
3.0844,0.822865,0.988006,0.713283,0.77688,0.754261,0.731545,0.884765,0.816421,0.794425,1.05552
3.0846,0.822266,0.98721,0.712487,0.775768,0.753015,0.731497,0.88488,0.815496,0.79401,1.0554
3.0848,0.82185,0.986178,0.711754,0.775016,0.752576,0.730952,0.884603,0.814599,0.793332,1.05447
3.085,0.821665,0.984959,0.711673,0.77474,0.752805,0.729907,0.883264,0.813759,0.792518,1.05347
3.0852,0.82153,0.983643,0.712404,0.77477,0.753058,0.729043,0.881537,0.8132,0.792207,1.05244
3.0854,0.821906,0.982687,0.713726,0.774987,0.752907,0.729033,0.880773,0.813112,0.791818,1.05148
3.0856,0.822444,0.982707,0.715206,0.775351,0.752314,0.729989,0.88146,0.813494,0.791234,1.05069
3.0858,0.822583,0.983537,0.716258,0.775798,0.751144,0.731554,0.882726,0.814207,0.790294,1.04995
3.086,0.821888,0.983993,0.716558,0.776387,0.750407,0.733096,0.883575,0.815154,0.789174,1.04937
3.0862,0.820761,0.983432,0.716456,0.777179,0.750663,0.733781,0.883916,0.816101,0.787875,1.04871
3.0864,0.81985,0.981652,0.716392,0.777763,0.750904,0.733502,0.884436,0.816543,0.78628,1.04783
3.0866,0.819339,0.978276,0.716688,0.777624,0.75051,0.733008,0.885531,0.816947,0.784397,1.04644
3.0868,0.819124,0.973583,0.717029,0.776971,0.749224,0.733337,0.886339,0.81749,0.782398,1.04376
3.087,0.818507,0.968397,0.717302,0.776336,0.747124,0.734043,0.885747,0.81812,0.780254,1.03926
3.0872,0.81773,0.963212,0.717236,0.77574,0.744953,0.73423,0.883659,0.818056,0.7784,1.03281
3.0874,0.817162,0.958305,0.716662,0.774898,0.743595,0.733311,0.880667,0.816895,0.77693,1.02522
3.0876,0.816386,0.953494,0.716199,0.773295,0.743336,0.731553,0.877327,0.814905,0.775475,1.01742
3.0878,0.81476,0.947966,0.715882,0.771283,0.743276,0.729525,0.873799,0.813069,0.77377,1.0095
3.088,0.812255,0.941181,0.715603,0.768792,0.742111,0.727808,0.869526,0.812544,0.771628,1.00154
3.0882,0.809364,0.933258,0.714655,0.766047,0.739516,0.726672,0.865366,0.812558,0.769191,0.993528
3.0884,0.806825,0.924649,0.713563,0.763236,0.736494,0.725328,0.859979,0.811592,0.767064,0.984785
3.0886,0.80505,0.915164,0.712628,0.761243,0.734277,0.72348,0.852948,0.808875,0.765917,0.97494
3.0888,0.803885,0.905476,0.711623,0.760578,0.732919,0.720849,0.844412,0.806453,0.765881,0.964539
3.089,0.802551,0.896631,0.710645,0.759605,0.732379,0.718095,0.835801,0.80525,0.766171,0.953953
3.0892,0.800308,0.888611,0.70994,0.757105,0.731989,0.715875,0.828105,0.805057,0.766257,0.943358
3.0894,0.798103,0.881259,0.709438,0.753495,0.730585,0.713949,0.821936,0.805012,0.765557,0.932583
3.0896,0.796798,0.874479,0.708786,0.749594,0.728185,0.712121,0.816406,0.804081,0.764054,0.921327
3.0898,0.796055,0.867983,0.707637,0.746454,0.72613,0.710162,0.810391,0.801961,0.762025,0.909833
3.09,0.794923,0.861605,0.706262,0.745219,0.72524,0.707971,0.804663,0.799753,0.759906,0.898578
3.0902,0.793227,0.855875,0.706227,0.745315,0.724988,0.705836,0.800119,0.798617,0.758264,0.887894
3.0904,0.791206,0.851516,0.707807,0.745137,0.724542,0.704274,0.796457,0.798547,0.757619,0.878946
3.0906,0.790132,0.848283,0.709546,0.74383,0.723538,0.70371,0.79366,0.798745,0.75771,0.87191
3.0908,0.790218,0.845296,0.71033,0.741654,0.722201,0.704072,0.791309,0.798424,0.758113,0.866658
3.091,0.790482,0.841707,0.710075,0.739791,0.721328,0.70489,0.79002,0.797548,0.758781,0.862171
3.0912,0.790485,0.837555,0.709662,0.739189,0.722003,0.705684,0.789376,0.796665,0.758624,0.857167
3.0914,0.789742,0.833422,0.709744,0.739829,0.723462,0.706223,0.789173,0.796509,0.757662,0.852024
3.0916,0.788766,0.830054,0.710638,0.7411,0.724917,0.706753,0.788851,0.797689,0.756438,0.846795
3.0918,0.788058,0.827804,0.712233,0.742091,0.725692,0.707481,0.789354,0.799736,0.755791,0.841668
3.092,0.787568,0.826756,0.713966,0.742463,0.725406,0.708967,0.790511,0.801534,0.755816,0.836743
3.0922,0.78735,0.826695,0.715782,0.742934,0.724949,0.71142,0.792289,0.802387,0.756227,0.831916
3.0924,0.788314,0.82663,0.717649,0.744012,0.725334,0.714156,0.79491,0.802828,0.756781,0.827392
3.0926,0.790644,0.825632,0.719367,0.74519,0.726667,0.716491,0.797826,0.80332,0.757368,0.823268
3.0928,0.792762,0.823879,0.721184,0.745986,0.728437,0.718164,0.800653,0.803786,0.758137,0.819557
3.093,0.793318,0.822418,0.723139,0.746368,0.730034,0.719469,0.803026,0.804282,0.759218,0.816182
3.0932,0.79287,0.822311,0.72477,0.746677,0.731206,0.721269,0.804863,0.805106,0.760521,0.813017
3.0934,0.792445,0.824029,0.726435,0.747412,0.732006,0.723763,0.806753,0.805795,0.76196,0.810174
3.0936,0.792747,0.826677,0.728439,0.748912,0.732769,0.726618,0.809669,0.806441,0.763534,0.807582
3.0938,0.79377,0.82844,0.730783,0.751007,0.734012,0.729372,0.813714,0.807084,0.765356,0.805223
3.094,0.795347,0.828354,0.733434,0.753194,0.735847,0.731797,0.817982,0.807222,0.76758,0.803267
3.0942,0.797331,0.827401,0.735715,0.75508,0.737858,0.733909,0.821632,0.806872,0.770257,0.801507
3.0944,0.799346,0.82754,0.737866,0.756566,0.739948,0.735775,0.824583,0.806576,0.773147,0.799878
3.0946,0.801443,0.829077,0.740024,0.757677,0.742082,0.737612,0.82735,0.806997,0.776121,0.798344
3.0948,0.80335,0.831096,0.74198,0.759213,0.743744,0.739588,0.830382,0.809627,0.779251,0.796632
3.095,0.804398,0.832839,0.743372,0.761939,0.744832,0.741577,0.833604,0.812388,0.781877,0.794753
3.0952,0.804568,0.834158,0.744125,0.764918,0.745913,0.743595,0.836487,0.812847,0.784167,0.792743
3.0954,0.804498,0.835069,0.744563,0.76628,0.747257,0.745355,0.839025,0.810803,0.786941,0.790677
3.0956,0.804922,0.836165,0.745392,0.766087,0.748729,0.746657,0.841982,0.807849,0.789927,0.789009
3.0958,0.806212,0.837511,0.747663,0.765016,0.750172,0.747877,0.844931,0.805922,0.792764,0.787673
3.096,0.808184,0.838903,0.751343,0.76478,0.751482,0.748975,0.847551,0.806108,0.794961,0.786248
3.0962,0.810125,0.840199,0.754283,0.766142,0.752692,0.750012,0.849525,0.807938,0.796706,0.784414
3.0964,0.811322,0.841336,0.754998,0.768991,0.753948,0.750796,0.852111,0.809932,0.798381,0.782225
3.0966,0.812235,0.842398,0.753647,0.771749,0.755505,0.751533,0.855077,0.810955,0.800589,0.779649
3.0968,0.813567,0.843567,0.751937,0.773051,0.757237,0.752531,0.857733,0.810958,0.803468,0.777227
3.097,0.815084,0.844797,0.751826,0.772314,0.758618,0.753824,0.859958,0.810673,0.806699,0.775131
3.0972,0.816245,0.846249,0.754004,0.770305,0.760115,0.75483,0.862445,0.811057,0.809612,0.77329
3.0974,0.816853,0.847648,0.757313,0.768907,0.76197,0.755184,0.864991,0.812479,0.811608,0.772021
3.0976,0.817056,0.848473,0.759813,0.769015,0.764027,0.755032,0.866224,0.814221,0.812924,0.77069
3.0978,0.817403,0.848755,0.760366,0.770539,0.765772,0.754809,0.867215,0.815742,0.8142,0.768946
3.098,0.818321,0.848925,0.759373,0.772365,0.766771,0.7555,0.869106,0.81705,0.815446,0.766833
3.0982,0.819643,0.849027,0.758264,0.773225,0.767014,0.75701,0.872488,0.818086,0.816485,0.764228
3.0984,0.821117,0.849235,0.758211,0.772768,0.76699,0.758509,0.876175,0.819065,0.817206,0.761583
3.0986,0.822221,0.849344,0.759496,0.771694,0.767428,0.759241,0.877939,0.820495,0.817946,0.759325
3.0988,0.82222,0.849449,0.761555,0.770949,0.769292,0.759124,0.877494,0.822916,0.818366,0.757404
3.099,0.821505,0.849439,0.763476,0.771142,0.772488,0.758588,0.876475,0.825871,0.818919,0.756021
3.0992,0.820966,0.849361,0.764665,0.772172,0.775354,0.758252,0.876856,0.828404,0.819545,0.755122
3.0994,0.82172,0.848872,0.765196,0.773396,0.775927,0.758727,0.879087,0.829899,0.819816,0.75436
3.0996,0.823332,0.847702,0.765604,0.774231,0.775007,0.760255,0.881923,0.830663,0.819557,0.753782
3.0998,0.82461,0.845932,0.766271,0.774607,0.773949,0.762228,0.883689,0.831213,0.819191,0.753288
3.1,0.824832,0.844142,0.767098,0.774807,0.773234,0.763565,0.883975,0.831949,0.818797,0.752717
3.1002,0.824164,0.842485,0.768152,0.774995,0.773593,0.76398,0.883813,0.832737,0.818348,0.752129
3.1004,0.823264,0.840852,0.769307,0.775207,0.774934,0.763939,0.884438,0.833405,0.817941,0.751191
3.1006,0.822726,0.839066,0.770207,0.775749,0.776095,0.763888,0.885856,0.833958,0.81738,0.749913
3.1008,0.822471,0.837041,0.770568,0.776568,0.77639,0.764065,0.886946,0.834453,0.816812,0.748608
3.101,0.822284,0.834573,0.770402,0.777246,0.776031,0.764935,0.887253,0.834803,0.815871,0.74746
3.1012,0.822129,0.832115,0.770071,0.777285,0.775329,0.765915,0.886831,0.835207,0.814959,0.746563
3.1014,0.821803,0.829781,0.769942,0.776497,0.77461,0.766181,0.885867,0.835122,0.814244,0.745789
3.1016,0.82141,0.827339,0.770262,0.775309,0.77416,0.765761,0.885014,0.834586,0.813738,0.744817
3.1018,0.82109,0.825,0.77104,0.774446,0.774112,0.765383,0.884772,0.833785,0.813451,0.743495
3.102,0.820955,0.822544,0.772087,0.774392,0.774229,0.765502,0.884858,0.832703,0.813333,0.741847
3.1022,0.82057,0.82021,0.773126,0.775075,0.774036,0.766092,0.884689,0.831624,0.81334,0.740127
3.1024,0.819519,0.817532,0.773874,0.776029,0.773551,0.767023,0.884074,0.830369,0.813442,0.738742
3.1026,0.818353,0.814352,0.774112,0.776704,0.772979,0.767825,0.883177,0.829529,0.813466,0.738045
3.1028,0.817088,0.810981,0.773842,0.776717,0.772382,0.767886,0.882408,0.828901,0.813036,0.738035
3.103,0.816139,0.808105,0.773401,0.776005,0.772184,0.767673,0.882062,0.828336,0.812322,0.738327
3.1032,0.816032,0.805557,0.77315,0.775006,0.771944,0.767732,0.881863,0.827884,0.811611,0.738259
3.1034,0.815969,0.802743,0.773063,0.774571,0.771243,0.768086,0.881191,0.827324,0.81118,0.737369
3.1036,0.815373,0.799438,0.773169,0.774914,0.770427,0.768033,0.879976,0.826795,0.811278,0.735725
3.1038,0.814175,0.795985,0.773561,0.77534,0.769969,0.76704,0.87834,0.826477,0.81158,0.733602
3.104,0.812525,0.792832,0.773896,0.775332,0.769823,0.765432,0.876768,0.826829,0.811793,0.731508
3.1042,0.810729,0.790365,0.774192,0.774613,0.769857,0.764159,0.87519,0.827643,0.811744,0.729754
3.1044,0.809355,0.788509,0.774041,0.773472,0.769907,0.763703,0.874617,0.828513,0.811394,0.728263
3.1046,0.808947,0.786855,0.77331,0.772185,0.769284,0.763662,0.873436,0.829225,0.811454,0.726919
3.1048,0.80952,0.784981,0.772341,0.771216,0.768462,0.76371,0.871559,0.829545,0.81224,0.725274
3.105,0.810737,0.782691,0.771694,0.770607,0.767703,0.763431,0.869741,0.829432,0.813046,0.723095
3.1052,0.811633,0.78023,0.772951,0.770443,0.767328,0.762733,0.868806,0.829358,0.813222,0.720463
3.1054,0.810978,0.778236,0.775452,0.770637,0.767434,0.761351,0.867364,0.829647,0.81263,0.717723
3.1056,0.809196,0.777121,0.777165,0.772437,0.767773,0.759892,0.865072,0.830648,0.811976,0.715405
3.1058,0.80713,0.776797,0.776687,0.774217,0.768307,0.759347,0.862236,0.831802,0.811412,0.713503
3.106,0.806063,0.776346,0.774765,0.773898,0.768706,0.75995,0.860514,0.832106,0.81139,0.712053
3.1062,0.806873,0.775022,0.772864,0.771546,0.768424,0.761303,0.860099,0.832193,0.811987,0.710993
3.1064,0.809098,0.772848,0.772097,0.768795,0.76742,0.762661,0.861047,0.832851,0.812641,0.709664
3.1066,0.810865,0.770799,0.772655,0.767058,0.766408,0.763343,0.861202,0.833877,0.812928,0.7082
3.1068,0.810813,0.769594,0.773706,0.766932,0.766023,0.763646,0.859045,0.834528,0.812685,0.70664
3.107,0.808814,0.769959,0.774185,0.768011,0.766298,0.763746,0.855785,0.834577,0.812533,0.705233
3.1072,0.806279,0.771594,0.773965,0.769108,0.766817,0.763911,0.85364,0.834277,0.813151,0.704497
3.1074,0.804961,0.772855,0.773641,0.769329,0.767112,0.764579,0.853743,0.833956,0.814468,0.704366
3.1076,0.806128,0.77271,0.773726,0.76879,0.767059,0.76601,0.855406,0.833887,0.816245,0.704751
3.1078,0.808886,0.771156,0.774292,0.768254,0.766894,0.767953,0.856798,0.834336,0.817448,0.705544
3.108,0.811716,0.76992,0.775244,0.768464,0.767156,0.76948,0.856896,0.835333,0.818045,0.706374
3.1082,0.812796,0.769891,0.77616,0.769836,0.768299,0.770019,0.856197,0.836726,0.818286,0.707109
3.1084,0.812035,0.770802,0.776759,0.771684,0.769678,0.770012,0.855647,0.838057,0.81782,0.70754
3.1086,0.810982,0.771704,0.777276,0.772767,0.770602,0.770185,0.855997,0.838845,0.816597,0.707599
3.1088,0.810882,0.772054,0.778052,0.773093,0.771103,0.771174,0.857343,0.838946,0.815459,0.707753
3.109,0.811884,0.772252,0.779066,0.773926,0.771355,0.773099,0.858691,0.838505,0.81521,0.708348
3.1092,0.813374,0.772842,0.780196,0.775487,0.771362,0.774994,0.859751,0.837956,0.816232,0.709359
3.1094,0.814241,0.773823,0.780994,0.776913,0.771628,0.776057,0.86166,0.837751,0.818305,0.710578
3.1096,0.81428,0.774722,0.781843,0.777554,0.772477,0.776425,0.863692,0.837951,0.820699,0.711646
3.1098,0.814186,0.77561,0.782687,0.777371,0.773773,0.776713,0.864859,0.838134,0.823183,0.71238
3.11,0.814382,0.777466,0.783851,0.777008,0.775091,0.777204,0.865127,0.837953,0.824689,0.712845
3.1102,0.815505,0.780023,0.785556,0.777515,0.776196,0.778628,0.865249,0.837832,0.825049,0.713317
3.1104,0.816799,0.78257,0.787371,0.779332,0.776844,0.78032,0.866158,0.837747,0.825101,0.714303
3.1106,0.817799,0.78453,0.788591,0.781826,0.777338,0.782121,0.868252,0.837289,0.825827,0.716105
3.1108,0.818402,0.785777,0.788876,0.783968,0.777424,0.783892,0.871088,0.836224,0.82767,0.718655
3.111,0.818963,0.786666,0.78885,0.785169,0.777308,0.785204,0.873658,0.835221,0.830301,0.72162
3.1112,0.81976,0.788206,0.788884,0.7854,0.777589,0.786093,0.875308,0.834251,0.832659,0.724356
3.1114,0.820931,0.790267,0.790204,0.786008,0.779053,0.786779,0.876219,0.834333,0.834796,0.72624
3.1116,0.822179,0.792555,0.792668,0.787958,0.781322,0.787567,0.876726,0.836305,0.836927,0.72716
3.1118,0.822819,0.795072,0.794798,0.790189,0.78327,0.788529,0.87736,0.838853,0.839054,0.727473
3.112,0.823043,0.797339,0.795491,0.791475,0.784299,0.789593,0.879095,0.839901,0.840581,0.727658
3.1122,0.823531,0.79938,0.794768,0.791226,0.784765,0.790666,0.881926,0.838877,0.841266,0.728393
3.1124,0.824746,0.801019,0.793938,0.790275,0.785642,0.791765,0.884309,0.836771,0.841284,0.729935
3.1126,0.826332,0.802839,0.794521,0.789669,0.786853,0.792371,0.884891,0.835093,0.841287,0.731696
3.1128,0.828487,0.805404,0.796685,0.790624,0.7885,0.792492,0.883944,0.834938,0.841977,0.733379
3.113,0.83052,0.808172,0.799589,0.792504,0.790526,0.792105,0.882576,0.836173,0.843578,0.73458
3.1132,0.832324,0.810796,0.801521,0.7947,0.792196,0.791818,0.88259,0.837886,0.845811,0.735174
3.1134,0.833365,0.81289,0.801951,0.795749,0.79333,0.791967,0.884974,0.839128,0.848129,0.735537
3.1136,0.833979,0.814608,0.801049,0.794741,0.793898,0.792316,0.887438,0.839663,0.849995,0.735749
3.1138,0.834377,0.816159,0.799944,0.792614,0.794625,0.792393,0.887984,0.839862,0.851042,0.735934
3.114,0.834579,0.817449,0.799501,0.791147,0.795643,0.79196,0.887229,0.840168,0.851332,0.736316
3.1142,0.834861,0.818701,0.800041,0.791072,0.796615,0.79121,0.886152,0.840612,0.851395,0.736713
3.1144,0.835127,0.820185,0.801676,0.792364,0.797624,0.790752,0.885825,0.841392,0.851765,0.737539
3.1146,0.836321,0.821721,0.80373,0.794184,0.798468,0.790869,0.886294,0.842656,0.853062,0.738495
3.1148,0.838383,0.822988,0.805108,0.795459,0.798879,0.791865,0.886967,0.844144,0.854434,0.739183
3.115,0.839852,0.824163,0.80522,0.795722,0.798997,0.793079,0.886834,0.845466,0.855053,0.739416
3.1152,0.839931,0.824871,0.804422,0.795027,0.799451,0.79369,0.885709,0.846594,0.854951,0.739328
3.1154,0.839344,0.825297,0.803518,0.794614,0.800111,0.793425,0.884125,0.847454,0.854021,0.739583
3.1156,0.838771,0.82537,0.803309,0.795271,0.800924,0.79278,0.882774,0.848039,0.852806,0.740411
3.1158,0.838922,0.825615,0.804151,0.796946,0.80177,0.792434,0.882516,0.848574,0.852107,0.741765
3.116,0.840461,0.826083,0.805459,0.798841,0.80217,0.792763,0.883362,0.849453,0.851867,0.743462
3.1162,0.842293,0.826838,0.806357,0.799852,0.801907,0.793777,0.884359,0.850879,0.851591,0.745026
3.1164,0.843025,0.827245,0.806962,0.800059,0.801402,0.794963,0.884549,0.852636,0.850846,0.746175
3.1166,0.842083,0.826618,0.807208,0.799526,0.801108,0.795593,0.883727,0.854148,0.849228,0.746973
3.1168,0.840102,0.825439,0.806996,0.798961,0.800955,0.795675,0.882753,0.854839,0.847146,0.747466
3.117,0.838473,0.82413,0.806615,0.799103,0.800789,0.79588,0.88245,0.854893,0.845322,0.747986
3.1172,0.838257,0.822613,0.806066,0.79972,0.800374,0.796445,0.883052,0.854872,0.843912,0.748958
3.1174,0.838764,0.820867,0.80529,0.800211,0.799596,0.797028,0.883668,0.855335,0.842791,0.750482
3.1176,0.839063,0.819381,0.804613,0.80016,0.798724,0.797479,0.883584,0.855926,0.841561,0.752252
3.1178,0.838464,0.818143,0.805064,0.799451,0.798149,0.797353,0.8826,0.856496,0.839961,0.753604
3.118,0.837333,0.817217,0.806728,0.798471,0.798402,0.796937,0.881122,0.856444,0.838162,0.753982
3.1182,0.83585,0.816133,0.807985,0.797845,0.798718,0.796406,0.879801,0.855439,0.836551,0.753612
3.1184,0.834415,0.814616,0.807678,0.79787,0.798355,0.796516,0.879098,0.85399,0.835483,0.75299
3.1186,0.833565,0.8125,0.805981,0.798331,0.79691,0.797245,0.878571,0.852707,0.834914,0.752824
3.1188,0.833308,0.80974,0.803888,0.79873,0.795229,0.798707,0.877688,0.852465,0.834556,0.753522
3.119,0.833015,0.806787,0.802451,0.798687,0.793695,0.799907,0.876498,0.852474,0.834176,0.754988
3.1192,0.83292,0.804126,0.80238,0.798305,0.792521,0.800266,0.875441,0.851904,0.83376,0.756806
3.1194,0.833025,0.801785,0.803046,0.798001,0.791854,0.799412,0.874783,0.850375,0.833422,0.758265
3.1196,0.832602,0.799996,0.803402,0.797973,0.79137,0.798097,0.874416,0.848347,0.833033,0.758758
3.1198,0.831182,0.798326,0.803265,0.798026,0.79064,0.797099,0.874005,0.846397,0.832903,0.758179
3.12,0.828947,0.796124,0.802386,0.797867,0.78939,0.796952,0.873034,0.844882,0.833265,0.756876
3.1202,0.826586,0.793428,0.800996,0.797381,0.787711,0.797303,0.871427,0.843876,0.833703,0.755396
3.1204,0.824912,0.790976,0.799686,0.796442,0.786365,0.797527,0.869665,0.843025,0.83389,0.75395
3.1206,0.824565,0.788954,0.798931,0.795574,0.786197,0.796824,0.868303,0.841933,0.833701,0.75304
3.1208,0.825418,0.787279,0.798806,0.794982,0.786579,0.795606,0.867401,0.840518,0.833207,0.752393
3.121,0.826058,0.785425,0.799108,0.794354,0.78653,0.794,0.865713,0.838992,0.833185,0.75186
3.1212,0.825331,0.78364,0.799568,0.793788,0.785629,0.793134,0.863545,0.837675,0.834008,0.751295
3.1214,0.823852,0.781913,0.799903,0.793112,0.784185,0.79324,0.861093,0.836832,0.835174,0.750394
3.1216,0.822256,0.780111,0.799903,0.792108,0.782913,0.793104,0.859565,0.836584,0.836027,0.749307
3.1218,0.820885,0.778815,0.799634,0.790769,0.78239,0.792356,0.857735,0.836806,0.836181,0.748339
3.122,0.820672,0.777696,0.798955,0.789606,0.782709,0.791092,0.855351,0.837074,0.835517,0.746847
3.1222,0.821527,0.776356,0.798403,0.790251,0.783527,0.78948,0.851853,0.837003,0.834869,0.745043
3.1224,0.8221,0.774299,0.797945,0.792727,0.783993,0.787882,0.848786,0.836753,0.834883,0.742958
3.1226,0.822005,0.771872,0.797691,0.794433,0.783572,0.786717,0.847052,0.836445,0.835903,0.740762
3.1228,0.821495,0.770156,0.79796,0.793288,0.782617,0.785953,0.846596,0.836508,0.837393,0.739134
3.123,0.821001,0.769444,0.79843,0.789921,0.781752,0.785424,0.846203,0.837006,0.838047,0.738118
3.1232,0.820586,0.769811,0.798632,0.78656,0.781299,0.7849,0.845031,0.837639,0.837345,0.737913
3.1234,0.820292,0.770486,0.798099,0.785093,0.781242,0.784232,0.842645,0.838324,0.835583,0.738309
3.1236,0.820115,0.770337,0.797147,0.785813,0.781421,0.783591,0.839434,0.838895,0.833652,0.738758
3.1238,0.820153,0.769818,0.796514,0.787508,0.781714,0.783219,0.836966,0.839198,0.83267,0.738853
3.124,0.820585,0.769363,0.796538,0.788562,0.782043,0.783259,0.83673,0.839307,0.833021,0.738607
3.1242,0.821978,0.769209,0.797631,0.788227,0.782341,0.783701,0.838293,0.839614,0.834021,0.738326
3.1244,0.823375,0.76906,0.799098,0.787114,0.782642,0.784393,0.840013,0.840482,0.834533,0.738351
3.1246,0.824019,0.769467,0.800166,0.786394,0.783058,0.785206,0.840342,0.841931,0.833644,0.739031
3.1248,0.823495,0.770695,0.800361,0.786778,0.783486,0.786058,0.839178,0.843619,0.831288,0.740267
3.125,0.822704,0.771991,0.799873,0.788563,0.783957,0.78676,0.837765,0.845088,0.828767,0.741623
3.1252,0.822341,0.772684,0.799104,0.790829,0.784364,0.787292,0.837601,0.845946,0.82762,0.742991
3.1254,0.823292,0.772603,0.798457,0.792239,0.784475,0.788152,0.839132,0.846365,0.828131,0.744275
3.1256,0.82536,0.772232,0.798501,0.792569,0.784253,0.789482,0.841415,0.846857,0.82964,0.745433
3.1258,0.827454,0.772629,0.798733,0.792333,0.783878,0.790933,0.843054,0.847996,0.830681,0.746565
3.126,0.828523,0.774025,0.798867,0.792323,0.783943,0.7921,0.843887,0.84941,0.830446,0.747595
3.1262,0.828327,0.776179,0.798597,0.793076,0.784401,0.792935,0.844447,0.850255,0.829352,0.74843
3.1264,0.827467,0.778333,0.798055,0.794454,0.784846,0.794005,0.844704,0.850207,0.828448,0.749204
3.1266,0.826925,0.780316,0.798681,0.795725,0.784775,0.795722,0.844965,0.849744,0.828473,0.750001
3.1268,0.827208,0.781889,0.800358,0.796514,0.783828,0.797843,0.845802,0.84919,0.829576,0.751104
3.127,0.828179,0.783684,0.801792,0.797582,0.782619,0.800045,0.847428,0.849048,0.831345,0.7529
3.1272,0.829488,0.785755,0.80222,0.799034,0.781867,0.802122,0.849459,0.849345,0.833143,0.755352
3.1274,0.830943,0.788166,0.801279,0.800966,0.781828,0.803827,0.851493,0.849473,0.834577,0.758255
3.1276,0.832132,0.79041,0.80007,0.802329,0.782824,0.805168,0.853106,0.848974,0.835795,0.761183
3.1278,0.833249,0.792316,0.799507,0.802756,0.785301,0.806162,0.854345,0.84899,0.837381,0.763565
3.128,0.833958,0.794375,0.800175,0.803171,0.788642,0.806979,0.855666,0.851111,0.839412,0.765039
3.1282,0.834487,0.796686,0.80169,0.803711,0.790591,0.807768,0.857253,0.853529,0.840981,0.765943
3.1284,0.834899,0.799625,0.802821,0.804427,0.789698,0.808577,0.858856,0.85404,0.841915,0.766963
3.1286,0.835417,0.80259,0.802542,0.80505,0.786968,0.809779,0.86025,0.852942,0.842183,0.768281
3.1288,0.836621,0.805221,0.800998,0.805494,0.784653,0.811158,0.861639,0.851218,0.842327,0.769999
3.129,0.83831,0.807291,0.799126,0.806633,0.784232,0.812044,0.863164,0.849878,0.843185,0.771632
3.1292,0.839888,0.808871,0.798082,0.80817,0.785753,0.812103,0.86395,0.849456,0.844766,0.772703
3.1294,0.840234,0.810839,0.798653,0.809209,0.788112,0.811566,0.863852,0.849814,0.847004,0.773297
3.1296,0.83954,0.813128,0.800016,0.809388,0.789876,0.81103,0.863332,0.85036,0.849152,0.77317
3.1298,0.838527,0.815427,0.801206,0.80922,0.790373,0.811078,0.862939,0.850547,0.851017,0.773008
3.13,0.838488,0.817535,0.801785,0.809506,0.790099,0.811886,0.863453,0.850306,0.852039,0.773256
3.1302,0.839403,0.819462,0.801203,0.810603,0.790041,0.812698,0.864343,0.850099,0.852425,0.774172
3.1304,0.840856,0.821463,0.799839,0.812197,0.790799,0.812944,0.864666,0.850495,0.852678,0.775732
3.1306,0.841987,0.823524,0.798849,0.813642,0.792236,0.812498,0.864319,0.851721,0.852996,0.777523
3.1308,0.842509,0.825802,0.79915,0.814599,0.793874,0.811859,0.864032,0.853258,0.853742,0.77866
3.131,0.841846,0.827815,0.800326,0.814974,0.795044,0.811195,0.863955,0.854451,0.855165,0.779018
3.1312,0.840076,0.829289,0.801618,0.81545,0.795516,0.810639,0.863347,0.855347,0.856724,0.778687
3.1314,0.838434,0.830131,0.802025,0.816588,0.795703,0.81021,0.862416,0.856299,0.858303,0.778186
3.1316,0.83824,0.830583,0.801654,0.817874,0.796025,0.809888,0.861854,0.856919,0.859246,0.778157
3.1318,0.839416,0.83137,0.800894,0.818607,0.79649,0.809634,0.861637,0.857316,0.85949,0.778759
3.132,0.84108,0.832516,0.800538,0.819078,0.796916,0.80945,0.861404,0.857302,0.859354,0.77978
3.1322,0.842019,0.833745,0.801134,0.819419,0.797169,0.80939,0.860754,0.857016,0.859097,0.780947
3.1324,0.841889,0.834678,0.801859,0.820062,0.797308,0.80945,0.859557,0.856935,0.859446,0.781909
3.1326,0.840766,0.834995,0.801638,0.821465,0.797563,0.809611,0.85834,0.857434,0.860151,0.782594
3.1328,0.839509,0.835086,0.800355,0.822707,0.798121,0.809897,0.857808,0.858384,0.860844,0.783256
3.133,0.83903,0.83507,0.799271,0.823376,0.798879,0.810314,0.858345,0.859437,0.860951,0.784118
3.1332,0.839647,0.834782,0.799056,0.823778,0.799339,0.810719,0.859442,0.860395,0.860619,0.785274
3.1334,0.840951,0.833645,0.799354,0.823247,0.79922,0.810862,0.860107,0.861065,0.8603,0.786375
3.1336,0.841968,0.8315,0.799525,0.82202,0.798908,0.810948,0.859983,0.861237,0.86051,0.787379
3.1338,0.841709,0.829435,0.798852,0.821153,0.798491,0.811203,0.859461,0.861127,0.86082,0.788441
3.134,0.840591,0.828186,0.797555,0.820642,0.798296,0.811641,0.85898,0.861315,0.86057,0.789327
3.1342,0.839819,0.827714,0.796303,0.820312,0.797815,0.811727,0.858875,0.861635,0.859849,0.789779
3.1344,0.839604,0.827421,0.795363,0.820385,0.796609,0.81124,0.859725,0.861417,0.85881,0.789588
3.1346,0.839445,0.826612,0.794888,0.820673,0.794689,0.81035,0.860887,0.860559,0.858203,0.788778
3.1348,0.838738,0.824804,0.794657,0.820601,0.793122,0.809513,0.861729,0.859065,0.857979,0.787852
3.135,0.83727,0.822243,0.794318,0.819997,0.792151,0.809083,0.861179,0.857528,0.858093,0.787296
3.1352,0.835563,0.81941,0.793593,0.819242,0.791468,0.809118,0.859786,0.85694,0.858297,0.78737
3.1354,0.834433,0.817232,0.792657,0.818669,0.79065,0.809534,0.858383,0.857257,0.857978,0.788177
3.1356,0.834194,0.815796,0.792428,0.818333,0.7892,0.810172,0.85821,0.857105,0.85711,0.789424
3.1358,0.834468,0.814864,0.792878,0.818038,0.787611,0.810824,0.859378,0.856046,0.85648,0.790678
3.136,0.834653,0.813316,0.792659,0.81739,0.785964,0.811111,0.860591,0.85396,0.856655,0.791486
3.1362,0.834391,0.810297,0.790747,0.816684,0.783895,0.810837,0.86075,0.85185,0.856826,0.791459
3.1364,0.83363,0.80644,0.787846,0.816264,0.781823,0.81029,0.859863,0.850723,0.856279,0.790597
3.1366,0.832534,0.803467,0.785262,0.816129,0.780124,0.810204,0.858409,0.850109,0.85519,0.789353
3.1368,0.83157,0.802007,0.783749,0.816068,0.779,0.810408,0.857235,0.849628,0.854076,0.788277
3.137,0.831086,0.801102,0.783231,0.816099,0.778043,0.810617,0.857341,0.848727,0.853293,0.787691
3.1372,0.831325,0.799538,0.783111,0.81599,0.776901,0.810283,0.857959,0.847637,0.853173,0.787535
3.1374,0.831376,0.797002,0.782743,0.815861,0.775559,0.809551,0.857324,0.846515,0.853589,0.787186
3.1376,0.830582,0.793974,0.781788,0.815943,0.774187,0.808393,0.854615,0.845425,0.853784,0.786617
3.1378,0.828787,0.792045,0.780465,0.81609,0.77308,0.807389,0.849989,0.844514,0.853373,0.785638
3.138,0.826367,0.791466,0.779378,0.816588,0.772457,0.80683,0.84616,0.84397,0.852857,0.7842
3.1382,0.82466,0.791806,0.779189,0.817765,0.772341,0.807011,0.845274,0.843819,0.852346,0.782562
3.1384,0.824753,0.79162,0.779864,0.819214,0.77261,0.807026,0.846767,0.843927,0.852216,0.780839
3.1386,0.825345,0.790351,0.78073,0.820246,0.773168,0.805995,0.847171,0.84423,0.852159,0.779035
3.1388,0.825152,0.788051,0.780887,0.819663,0.773547,0.804125,0.845512,0.845425,0.852358,0.777399
3.139,0.82391,0.785836,0.780339,0.817446,0.773612,0.801974,0.841579,0.84679,0.852267,0.776186
3.1392,0.821976,0.784532,0.779599,0.814558,0.773807,0.800322,0.836527,0.847273,0.852092,0.775717
3.1394,0.819568,0.784634,0.778981,0.813047,0.774188,0.799481,0.832847,0.846898,0.852421,0.776227
3.1396,0.81759,0.785333,0.778603,0.813476,0.774609,0.799213,0.831888,0.846638,0.85305,0.77678
3.1398,0.816761,0.785309,0.778458,0.814632,0.774787,0.798982,0.832649,0.846792,0.853326,0.776638
3.14,0.816916,0.783991,0.77839,0.814742,0.774552,0.798438,0.833352,0.847038,0.853064,0.775711
3.1402,0.817381,0.781955,0.778403,0.813123,0.774169,0.797656,0.83252,0.847282,0.852404,0.774218
3.1404,0.81729,0.781103,0.7785,0.810566,0.774606,0.796889,0.830302,0.847391,0.852169,0.772907
3.1406,0.816422,0.782014,0.778704,0.808699,0.775951,0.796375,0.827898,0.847654,0.852244,0.772395
3.1408,0.815312,0.784208,0.779077,0.808473,0.777544,0.79631,0.826492,0.848221,0.852665,0.772766
3.141,0.814676,0.78609,0.779583,0.809685,0.779015,0.796759,0.826612,0.849303,0.852878,0.773904
3.1412,0.81493,0.786739,0.780108,0.811315,0.779589,0.797632,0.827843,0.850599,0.853374,0.775379
3.1414,0.815951,0.786062,0.780261,0.812178,0.779407,0.798687,0.829161,0.851149,0.854621,0.776784
3.1416,0.817219,0.78492,0.780139,0.811678,0.778863,0.799474,0.829744,0.850143,0.856202,0.778035
3.1418,0.818171,0.78435,0.779809,0.810516,0.778616,0.799885,0.829547,0.848613,0.857027,0.779024
3.142,0.819094,0.784719,0.779236,0.810123,0.778933,0.800412,0.829152,0.848749,0.856604,0.78
3.1422,0.820075,0.785778,0.77844,0.810812,0.779683,0.801271,0.829246,0.851337,0.855499,0.781148
3.1424,0.820724,0.787021,0.777624,0.811918,0.780529,0.802292,0.830003,0.854479,0.854412,0.782467
3.1426,0.821298,0.787605,0.776957,0.812435,0.781145,0.803072,0.831101,0.856156,0.854206,0.783576
3.1428,0.821663,0.787664,0.776588,0.811829,0.781521,0.803305,0.832411,0.856377,0.855371,0.784594
3.143,0.822004,0.787289,0.77748,0.810702,0.781846,0.803207,0.833804,0.855739,0.857398,0.785735
3.1432,0.822556,0.787228,0.779605,0.81073,0.782297,0.80333,0.834909,0.855117,0.858891,0.787291
3.1434,0.823361,0.788247,0.780911,0.812282,0.782963,0.804095,0.83588,0.855335,0.859112,0.78942
3.1436,0.824238,0.789928,0.780827,0.814209,0.783871,0.805515,0.8373,0.856575,0.85829,0.791937
3.1438,0.825526,0.791791,0.779561,0.815806,0.785029,0.80728,0.839015,0.858361,0.857419,0.794585
3.144,0.82692,0.792932,0.77727,0.816736,0.786383,0.808972,0.840859,0.86007,0.857531,0.797038
3.1442,0.828112,0.792892,0.77506,0.816425,0.787634,0.810258,0.842804,0.861351,0.858744,0.79896
3.1444,0.829403,0.792509,0.773735,0.815291,0.788529,0.811059,0.844507,0.861777,0.860416,0.800369
3.1446,0.830788,0.793145,0.773373,0.81524,0.789119,0.811652,0.845975,0.862014,0.86242,0.801439
3.1448,0.831817,0.795361,0.774046,0.816876,0.789813,0.812453,0.84727,0.862828,0.864237,0.80253
3.145,0.832293,0.798737,0.775138,0.819252,0.790636,0.813419,0.847972,0.863923,0.865495,0.804016
3.1452,0.833174,0.802063,0.77581,0.820889,0.791467,0.8146,0.849146,0.864591,0.866189,0.805603
3.1454,0.834961,0.804492,0.775884,0.821139,0.791986,0.815686,0.851327,0.864742,0.866665,0.807168
3.1456,0.836855,0.805899,0.775788,0.820444,0.792366,0.816228,0.853415,0.864654,0.867009,0.808533
3.1458,0.837869,0.80734,0.775965,0.819788,0.793308,0.816114,0.854057,0.86479,0.867316,0.809445
3.146,0.8382,0.809346,0.77675,0.819466,0.794626,0.815779,0.852793,0.865394,0.867749,0.810121
3.1462,0.838569,0.811563,0.777839,0.81937,0.795607,0.815872,0.850641,0.866335,0.868364,0.810218
3.1464,0.839778,0.813953,0.778676,0.819431,0.795574,0.816532,0.849239,0.867261,0.869207,0.810382
3.1466,0.841565,0.816375,0.778584,0.819167,0.794994,0.817275,0.850113,0.867991,0.870277,0.810506
3.1468,0.843744,0.818741,0.778105,0.818661,0.795011,0.817997,0.852757,0.868671,0.87138,0.810806
3.147,0.845386,0.820953,0.777705,0.818183,0.795271,0.817948,0.855183,0.869596,0.872303,0.811406
3.1472,0.846448,0.822729,0.777723,0.817539,0.795296,0.817136,0.854846,0.87086,0.872889,0.811921
3.1474,0.847092,0.824337,0.778689,0.816834,0.795113,0.816239,0.851794,0.872111,0.872944,0.812106
3.1476,0.847947,0.825716,0.78004,0.816279,0.794969,0.815771,0.849472,0.872883,0.872872,0.812022
3.1478,0.848674,0.826873,0.78125,0.815617,0.794801,0.815744,0.850033,0.872968,0.873253,0.811629
3.148,0.849049,0.828344,0.781671,0.814712,0.794487,0.816055,0.852937,0.873127,0.873907,0.81129
3.1482,0.849725,0.830005,0.780984,0.81404,0.794038,0.816353,0.855795,0.873864,0.874446,0.811109
3.1484,0.850605,0.831653,0.779643,0.813848,0.79349,0.816378,0.857133,0.874832,0.87423,0.811067
3.1486,0.851334,0.833019,0.778458,0.814131,0.792947,0.816223,0.856352,0.875365,0.873663,0.811283
3.1488,0.852508,0.833757,0.778044,0.814463,0.792622,0.816063,0.855267,0.87475,0.872899,0.811635
3.149,0.853509,0.834172,0.778507,0.814349,0.792661,0.816107,0.855781,0.873264,0.872506,0.812051
3.1492,0.854248,0.835131,0.779418,0.813678,0.793016,0.816467,0.857786,0.871737,0.872513,0.81263
3.1494,0.854595,0.836558,0.780089,0.812865,0.793477,0.817155,0.859794,0.871313,0.872557,0.813333
3.1496,0.85525,0.837268,0.779894,0.812525,0.793849,0.818048,0.861196,0.872304,0.871726,0.814237
3.1498,0.856433,0.83679,0.77945,0.812979,0.793962,0.818885,0.861545,0.873823,0.870132,0.815306
3.15,0.85692,0.835471,0.779228,0.813889,0.793585,0.819342,0.86195,0.874058,0.868253,0.81603
3.1502,0.85569,0.83419,0.778944,0.814349,0.792989,0.819481,0.863926,0.872416,0.867152,0.816454
3.1504,0.853898,0.833428,0.778334,0.814034,0.792568,0.819556,0.865562,0.869717,0.867059,0.816728
3.1506,0.852581,0.833137,0.777592,0.813452,0.79241,0.819511,0.865797,0.867708,0.866805,0.816816
3.1508,0.852189,0.832944,0.77708,0.813099,0.792372,0.819348,0.865164,0.867011,0.865781,0.816784
3.151,0.853027,0.832259,0.776661,0.813138,0.792202,0.819122,0.864328,0.867291,0.86374,0.81653
3.1512,0.854087,0.830825,0.77656,0.81336,0.79167,0.818763,0.864283,0.867422,0.861403,0.816
3.1514,0.854119,0.829461,0.77675,0.813638,0.790856,0.818262,0.865142,0.866444,0.85972,0.815372
3.1516,0.853141,0.828516,0.776726,0.813352,0.790098,0.817839,0.865325,0.864472,0.859074,0.814749
3.1518,0.851925,0.827998,0.776267,0.812893,0.789721,0.817708,0.86424,0.862352,0.859179,0.814363
3.152,0.85112,0.827111,0.775165,0.812606,0.789815,0.817851,0.863379,0.861059,0.859386,0.814457
3.1522,0.851,0.825574,0.774242,0.812509,0.79019,0.818133,0.863051,0.860984,0.859135,0.81504
3.1524,0.851255,0.823462,0.774007,0.812334,0.790448,0.818419,0.864067,0.86174,0.858344,0.815914
3.1526,0.851116,0.821414,0.773713,0.811652,0.790158,0.818485,0.865161,0.862516,0.857375,0.816684
3.1528,0.850246,0.819854,0.773014,0.810863,0.789199,0.818132,0.866607,0.862746,0.856454,0.816772
3.153,0.848948,0.818271,0.772418,0.810158,0.78792,0.817484,0.866762,0.862203,0.855687,0.815901
3.1532,0.84743,0.816602,0.772015,0.810124,0.786803,0.816879,0.865939,0.861231,0.855525,0.814589
3.1534,0.846324,0.81473,0.771849,0.810337,0.786227,0.816939,0.86432,0.860696,0.855757,0.813232
3.1536,0.845968,0.81255,0.77146,0.810116,0.785774,0.816959,0.862022,0.861037,0.855729,0.81236
3.1538,0.845596,0.810208,0.770786,0.809303,0.78526,0.816503,0.861025,0.86148,0.855038,0.81201
3.154,0.845026,0.808248,0.770018,0.80835,0.784271,0.815078,0.861856,0.861153,0.854055,0.811517
3.1542,0.844202,0.806994,0.769548,0.807321,0.782842,0.813352,0.862985,0.859935,0.853261,0.81086
3.1544,0.843229,0.806099,0.769689,0.807065,0.781273,0.811837,0.862731,0.8586,0.853017,0.809727
3.1546,0.84245,0.805074,0.769693,0.808225,0.779821,0.811141,0.860599,0.85801,0.853792,0.8081
3.1548,0.841803,0.8037,0.769277,0.80983,0.779498,0.811144,0.858173,0.85833,0.855022,0.806465
3.155,0.840908,0.802039,0.768861,0.810045,0.779877,0.811397,0.858492,0.859141,0.855912,0.804828
3.1552,0.839841,0.800352,0.768698,0.808543,0.779939,0.81094,0.860944,0.859951,0.85609,0.803095
3.1554,0.838404,0.799369,0.768953,0.806776,0.780643,0.809199,0.864164,0.860734,0.855747,0.801279
3.1556,0.837085,0.79942,0.769215,0.806224,0.781519,0.8066,0.865511,0.861473,0.855649,0.799373
3.1558,0.83617,0.799653,0.769096,0.80724,0.781188,0.804082,0.863623,0.861796,0.855802,0.797434
3.156,0.83635,0.79936,0.768419,0.809004,0.779271,0.802481,0.861105,0.861357,0.855807,0.795759
3.1562,0.837017,0.798201,0.767706,0.809932,0.776776,0.802296,0.859733,0.860623,0.855172,0.794502
3.1564,0.837529,0.796559,0.767815,0.808904,0.77499,0.802887,0.860344,0.8598,0.854287,0.793668
3.1566,0.837608,0.795058,0.768471,0.806586,0.774813,0.803058,0.862988,0.859378,0.853471,0.793259
3.1568,0.836814,0.794755,0.768942,0.804545,0.775915,0.802234,0.864749,0.859767,0.853062,0.792952
3.157,0.835343,0.796092,0.768817,0.804338,0.777639,0.800833,0.863922,0.862137,0.853052,0.792394
3.1572,0.834757,0.798188,0.768687,0.806166,0.78008,0.799645,0.861944,0.865637,0.853313,0.791825
3.1574,0.836171,0.799521,0.768512,0.808618,0.782006,0.799223,0.86196,0.866871,0.853764,0.791468
3.1576,0.838792,0.799109,0.768186,0.809734,0.782468,0.799708,0.863977,0.865678,0.854891,0.791444
3.1578,0.840773,0.797427,0.768064,0.808807,0.781856,0.800833,0.867347,0.863396,0.856106,0.792045
3.158,0.840479,0.795968,0.768502,0.806694,0.781341,0.802127,0.869483,0.860829,0.857167,0.793192
3.1582,0.838294,0.795895,0.768671,0.8052,0.781463,0.803033,0.869207,0.859814,0.858282,0.794513
3.1584,0.836209,0.797556,0.768338,0.805323,0.782491,0.803124,0.86762,0.86087,0.859286,0.795647
3.1586,0.836761,0.799776,0.7683,0.80729,0.78424,0.80296,0.866629,0.862647,0.860304,0.796478
3.1588,0.839734,0.801494,0.768747,0.809548,0.785508,0.803382,0.867172,0.862809,0.861159,0.797195
3.159,0.842682,0.802685,0.769056,0.810287,0.785694,0.804518,0.869468,0.860933,0.861522,0.798227
3.1592,0.843378,0.803354,0.768995,0.808964,0.78519,0.805788,0.872433,0.858251,0.861664,0.799283
3.1594,0.841562,0.803804,0.76867,0.806239,0.785133,0.806521,0.874577,0.856189,0.861656,0.800238
3.1596,0.839223,0.80449,0.768469,0.803567,0.786209,0.806425,0.875932,0.855827,0.861865,0.800953
3.1598,0.838635,0.805748,0.76823,0.80318,0.788238,0.805944,0.876153,0.857031,0.86238,0.801354
3.16,0.840555,0.807568,0.768183,0.805642,0.790089,0.805865,0.875372,0.858255,0.863527,0.801901
3.1602,0.843294,0.809549,0.768338,0.808944,0.790957,0.806698,0.874527,0.858458,0.865257,0.803016
3.1604,0.845269,0.811296,0.769068,0.810507,0.790915,0.808443,0.875611,0.857649,0.867509,0.804875
3.1606,0.845426,0.812638,0.769863,0.809435,0.790706,0.810524,0.878935,0.856692,0.869523,0.807484
3.1608,0.844608,0.813631,0.769858,0.807018,0.791121,0.812209,0.882905,0.856633,0.869941,0.810318
3.161,0.844352,0.815298,0.769165,0.805866,0.793007,0.812985,0.885293,0.858036,0.868752,0.812661
3.1612,0.846159,0.817831,0.768696,0.806975,0.795901,0.812984,0.885475,0.860899,0.867522,0.814014
3.1614,0.849577,0.820608,0.768616,0.810009,0.797952,0.812952,0.884134,0.863571,0.867618,0.81453
3.1616,0.852156,0.823031,0.768847,0.813363,0.798251,0.813528,0.884189,0.86455,0.868884,0.814827
3.1618,0.852377,0.824463,0.769018,0.814954,0.797333,0.814694,0.886531,0.863973,0.870647,0.815403
3.162,0.851151,0.825087,0.76902,0.81447,0.796145,0.815889,0.889378,0.862994,0.8719,0.816481
3.1622,0.850117,0.825565,0.768737,0.813085,0.79588,0.816295,0.891659,0.862721,0.871991,0.817631
3.1624,0.850441,0.827381,0.768683,0.812628,0.796767,0.815623,0.892335,0.863601,0.87166,0.818761
3.1626,0.85182,0.830649,0.769296,0.813578,0.798189,0.814671,0.892159,0.865224,0.871893,0.819793
3.1628,0.853426,0.834305,0.77045,0.815077,0.800485,0.814262,0.892321,0.8668,0.87316,0.820446
3.163,0.85486,0.836899,0.77138,0.816004,0.802323,0.814551,0.894312,0.86858,0.875161,0.820667
3.1632,0.855819,0.838354,0.771288,0.815859,0.802199,0.815573,0.897368,0.870194,0.877016,0.820786
3.1634,0.856333,0.839188,0.770302,0.815189,0.80025,0.816783,0.90099,0.871481,0.878057,0.820942
3.1636,0.856444,0.839851,0.769429,0.814885,0.797721,0.817549,0.903198,0.872557,0.878414,0.821239
3.1638,0.856664,0.840767,0.769285,0.81541,0.7963,0.8171,0.90356,0.87295,0.87822,0.821429
3.164,0.857156,0.842066,0.770103,0.816425,0.796752,0.815757,0.902208,0.872501,0.877906,0.821394
3.1642,0.857814,0.843867,0.770995,0.81714,0.798959,0.814277,0.902313,0.872537,0.877733,0.821196
3.1644,0.859154,0.84583,0.771143,0.817193,0.801422,0.813248,0.90458,0.873719,0.87761,0.821356
3.1646,0.860863,0.847421,0.770963,0.816636,0.802652,0.813034,0.907714,0.875622,0.877461,0.821833
3.1648,0.862116,0.848356,0.771082,0.816188,0.802307,0.813343,0.909657,0.876891,0.877175,0.822526
3.165,0.862715,0.848873,0.771559,0.815959,0.80124,0.813634,0.909636,0.876757,0.876658,0.823076
3.1652,0.86248,0.849078,0.772042,0.816079,0.80065,0.813529,0.908654,0.876212,0.876019,0.823183
3.1654,0.861926,0.849785,0.771958,0.815808,0.801034,0.812926,0.908627,0.876099,0.875205,0.823044
3.1656,0.861964,0.85095,0.771251,0.81453,0.802271,0.812185,0.910933,0.877295,0.874158,0.822822
3.1658,0.862623,0.852356,0.77034,0.812156,0.803728,0.811784,0.913926,0.879606,0.873152,0.822831
3.166,0.863797,0.853373,0.769818,0.809729,0.804768,0.812086,0.915395,0.881873,0.871789,0.823397
3.1662,0.865451,0.853242,0.769935,0.808613,0.804994,0.813058,0.915782,0.883121,0.870358,0.824499
3.1664,0.866868,0.85194,0.770332,0.808728,0.804297,0.814315,0.917007,0.88291,0.869014,0.82596
3.1666,0.866613,0.850724,0.770654,0.808727,0.803367,0.81523,0.918956,0.881834,0.867602,0.827368
3.1668,0.864596,0.850511,0.770656,0.807631,0.803096,0.815371,0.921963,0.881337,0.866299,0.828253
3.167,0.862933,0.850995,0.77015,0.805035,0.803444,0.815171,0.924288,0.882025,0.864865,0.828664
3.1672,0.862563,0.851505,0.769195,0.802125,0.80405,0.815217,0.92457,0.883838,0.863046,0.82858
3.1674,0.862894,0.850853,0.767994,0.800562,0.804094,0.815392,0.923649,0.885546,0.861353,0.827999
3.1676,0.863625,0.84849,0.766845,0.800295,0.803617,0.815417,0.924254,0.885733,0.86023,0.827227
3.1678,0.863958,0.845852,0.765938,0.800735,0.802815,0.815047,0.925713,0.88488,0.859981,0.826481
3.168,0.863267,0.844215,0.765714,0.800765,0.802335,0.814328,0.927895,0.884012,0.860471,0.825863
3.1682,0.861718,0.843928,0.765583,0.799705,0.802624,0.813714,0.929276,0.88336,0.860606,0.825546
3.1684,0.860007,0.844259,0.764908,0.797836,0.802961,0.813605,0.92952,0.883119,0.859844,0.82557
3.1686,0.858806,0.844074,0.763623,0.795967,0.802653,0.814054,0.929264,0.883716,0.858567,0.825939
3.1688,0.858325,0.842722,0.76193,0.794785,0.80135,0.814845,0.929503,0.884432,0.857476,0.826624
3.169,0.858281,0.840343,0.76031,0.794499,0.800025,0.815667,0.929695,0.88438,0.8569,0.8274
3.1692,0.858206,0.837583,0.759676,0.794897,0.799355,0.816106,0.931019,0.883821,0.856885,0.82794
3.1694,0.857735,0.835744,0.759495,0.795399,0.798894,0.81584,0.932413,0.88292,0.857512,0.827894
3.1696,0.85651,0.834915,0.758808,0.795317,0.798331,0.814996,0.933328,0.882495,0.858097,0.827042
3.1698,0.855186,0.834154,0.757403,0.794509,0.797411,0.814235,0.933789,0.882516,0.857893,0.825651
3.17,0.854575,0.832855,0.755682,0.7937,0.796402,0.814292,0.93407,0.882089,0.856905,0.824228
3.1702,0.854277,0.830795,0.754306,0.793198,0.795289,0.814526,0.933513,0.880825,0.85596,0.823306
3.1704,0.853773,0.828187,0.753353,0.792933,0.794096,0.814526,0.931843,0.879624,0.855269,0.822913
3.1706,0.852868,0.826152,0.752586,0.793225,0.79318,0.813669,0.931443,0.878979,0.855406,0.822809
3.1708,0.851644,0.825114,0.751768,0.794105,0.792688,0.812049,0.932812,0.879153,0.855999,0.822574
3.171,0.850358,0.824568,0.750838,0.795297,0.792857,0.810612,0.934934,0.879348,0.856426,0.821463
3.1712,0.849593,0.824377,0.750015,0.796123,0.793556,0.809837,0.935496,0.879604,0.856226,0.819506
3.1714,0.849067,0.823802,0.749689,0.796517,0.793955,0.809643,0.933685,0.879358,0.856109,0.816738
3.1716,0.848783,0.822391,0.750004,0.797128,0.793535,0.809525,0.931936,0.878786,0.856178,0.814025
3.1718,0.848555,0.82085,0.750543,0.797656,0.792523,0.808917,0.931194,0.878093,0.855994,0.812308
3.172,0.847696,0.819397,0.750725,0.797422,0.791676,0.807216,0.932001,0.87794,0.855455,0.811729
3.1722,0.846875,0.818419,0.750155,0.796612,0.79205,0.805186,0.934514,0.87808,0.855364,0.811946
3.1724,0.846035,0.817779,0.749363,0.795696,0.793104,0.803693,0.936462,0.8786,0.855801,0.811772
3.1726,0.845403,0.817525,0.749088,0.79536,0.793536,0.802565,0.936233,0.878557,0.85642,0.810504
3.1728,0.845569,0.817769,0.749443,0.796175,0.792901,0.801856,0.934317,0.877809,0.856749,0.808306
3.173,0.846364,0.818189,0.749941,0.79737,0.791939,0.801432,0.932701,0.877189,0.856774,0.805799
3.1732,0.846728,0.818023,0.750071,0.797558,0.79135,0.800789,0.933961,0.877151,0.856804,0.803765
3.1734,0.845727,0.816918,0.749897,0.796365,0.791483,0.79967,0.937601,0.877181,0.856926,0.802758
3.1736,0.843905,0.815196,0.750017,0.794307,0.791969,0.798251,0.940588,0.877929,0.857738,0.80267
3.1738,0.842836,0.81368,0.750865,0.792532,0.792803,0.797139,0.940807,0.878571,0.858538,0.80305
3.174,0.843607,0.81314,0.752181,0.792413,0.793573,0.796833,0.93942,0.87759,0.859137,0.803463
3.1742,0.845701,0.813696,0.752995,0.794886,0.794016,0.797354,0.937878,0.875022,0.859397,0.803576
3.1744,0.847386,0.815057,0.753454,0.797384,0.794647,0.798335,0.936987,0.872166,0.859302,0.803494
3.1746,0.847684,0.816533,0.754006,0.797786,0.795541,0.799219,0.937334,0.870499,0.859619,0.80358
3.1748,0.846267,0.817108,0.754438,0.796745,0.796252,0.79969,0.938614,0.870676,0.860378,0.803969
3.175,0.844925,0.817187,0.754554,0.79675,0.79641,0.799755,0.94072,0.87123,0.861681,0.804641
3.1752,0.845232,0.817534,0.754443,0.79806,0.795936,0.79974,0.942042,0.870786,0.863165,0.805595
3.1754,0.847157,0.818956,0.754263,0.799385,0.795189,0.8004,0.941351,0.869131,0.864278,0.806719
3.1756,0.849688,0.821171,0.754139,0.799509,0.794783,0.801872,0.939323,0.866671,0.864911,0.808007
3.1758,0.85134,0.822822,0.753974,0.798838,0.794838,0.803516,0.938424,0.865256,0.864856,0.809371
3.176,0.851194,0.823227,0.753841,0.798365,0.795039,0.804384,0.939904,0.865551,0.864383,0.810788
3.1762,0.849931,0.822993,0.754058,0.798658,0.794913,0.8045,0.942349,0.866525,0.864089,0.812028
3.1764,0.849152,0.823103,0.754511,0.799482,0.79432,0.804667,0.943949,0.866697,0.864318,0.813055
3.1766,0.849664,0.824199,0.755028,0.800425,0.793064,0.805536,0.94388,0.86585,0.865291,0.813942
3.1768,0.851698,0.826718,0.755478,0.801194,0.791821,0.807213,0.944159,0.864444,0.866648,0.814927
3.177,0.853828,0.829505,0.755803,0.801846,0.791197,0.809701,0.945006,0.86325,0.867787,0.816423
3.1772,0.854818,0.831185,0.756032,0.802346,0.791072,0.812269,0.945764,0.862842,0.868476,0.818568
3.1774,0.854127,0.832105,0.756152,0.802773,0.791024,0.813684,0.945715,0.863429,0.868881,0.821008
3.1776,0.853425,0.83306,0.756153,0.803129,0.790849,0.813929,0.946263,0.864589,0.869111,0.823235
3.1778,0.854038,0.834056,0.756205,0.803475,0.790089,0.813867,0.946677,0.865634,0.869684,0.824779
3.178,0.856418,0.835349,0.756457,0.804291,0.788837,0.814169,0.947464,0.866643,0.871561,0.825438
3.1782,0.858848,0.836712,0.757035,0.805353,0.787403,0.815199,0.948277,0.867309,0.873563,0.825616
3.1784,0.859681,0.838443,0.757323,0.805753,0.786249,0.816696,0.949732,0.867471,0.874367,0.825747
3.1786,0.858579,0.840359,0.757123,0.804819,0.78565,0.81817,0.951163,0.867735,0.873712,0.826211
3.1788,0.856457,0.842468,0.756235,0.802988,0.78551,0.819277,0.951611,0.868042,0.871665,0.827315
3.179,0.855464,0.844632,0.755493,0.801271,0.785184,0.820281,0.952398,0.868708,0.869359,0.828511
3.1792,0.857198,0.846795,0.756179,0.801111,0.785142,0.8213,0.95443,0.869457,0.868048,0.829515
3.1794,0.860855,0.848489,0.757896,0.80297,0.786008,0.822553,0.956075,0.870546,0.868822,0.830067
3.1796,0.865246,0.849988,0.758659,0.806293,0.786979,0.823775,0.95572,0.872176,0.872181,0.830699
3.1798,0.867335,0.851461,0.757609,0.808341,0.787484,0.82486,0.955491,0.873717,0.875388,0.831416
3.18,0.865197,0.85343,0.755237,0.807148,0.78761,0.825898,0.956916,0.874091,0.875546,0.832189
3.1802,0.860062,0.855455,0.752758,0.803355,0.787693,0.826893,0.959255,0.873896,0.872303,0.832355
3.1804,0.855288,0.857168,0.75109,0.799394,0.787905,0.827736,0.96217,0.87432,0.867493,0.832026
3.1806,0.854723,0.858422,0.750683,0.797124,0.788128,0.828284,0.963134,0.87501,0.863746,0.831128
3.1808,0.857791,0.859195,0.751034,0.797105,0.788577,0.828676,0.96292,0.875845,0.862868,0.830036
3.181,0.860912,0.859671,0.751288,0.798689,0.789269,0.82922,0.963884,0.876865,0.864334,0.82935
3.1812,0.861302,0.860642,0.75087,0.800078,0.789962,0.829842,0.96627,0.877701,0.865661,0.829242
3.1814,0.858455,0.862505,0.749585,0.799634,0.790304,0.830799,0.969257,0.878222,0.865158,0.829766
3.1816,0.854284,0.864939,0.748145,0.797235,0.790433,0.832005,0.97159,0.878644,0.863212,0.830505
3.1818,0.851346,0.866759,0.747456,0.794244,0.790636,0.833056,0.972991,0.879072,0.860837,0.830842
3.182,0.850822,0.867512,0.747608,0.792297,0.791513,0.833947,0.973398,0.879365,0.859408,0.830661
3.1822,0.852106,0.86722,0.748402,0.792186,0.792739,0.834311,0.974036,0.879899,0.859474,0.830063
3.1824,0.853431,0.866763,0.748998,0.793321,0.793481,0.83415,0.974514,0.880785,0.860906,0.829535
3.1826,0.853347,0.866619,0.748946,0.794393,0.793333,0.834144,0.974436,0.881775,0.862847,0.829669
3.1828,0.851753,0.867381,0.748306,0.794438,0.793293,0.834062,0.975924,0.882549,0.863195,0.830596
3.183,0.849727,0.868569,0.747494,0.793319,0.793448,0.833689,0.978366,0.883098,0.862227,0.832048
3.1832,0.848454,0.868975,0.74677,0.791749,0.793411,0.833959,0.979623,0.883532,0.861281,0.833431
3.1834,0.848595,0.868646,0.746383,0.790873,0.793428,0.834747,0.978642,0.883733,0.860656,0.834264
3.1836,0.849927,0.867647,0.746554,0.790946,0.793212,0.835009,0.976358,0.883623,0.860282,0.834374
3.1838,0.85092,0.865984,0.746809,0.791627,0.792542,0.83484,0.974137,0.883387,0.860131,0.83402
3.184,0.850522,0.864413,0.746559,0.792353,0.792366,0.834337,0.973792,0.883036,0.859487,0.833661
3.1842,0.849656,0.863653,0.745599,0.792643,0.792792,0.833429,0.97453,0.882674,0.85832,0.833588
3.1844,0.849457,0.863481,0.744247,0.792338,0.79324,0.832599,0.975641,0.881904,0.857561,0.833877
3.1846,0.849329,0.863131,0.743081,0.791722,0.793107,0.832384,0.975457,0.880806,0.857583,0.834143
3.1848,0.848856,0.86261,0.742467,0.791186,0.792463,0.832784,0.974175,0.879425,0.858292,0.834401
3.185,0.847607,0.862035,0.742384,0.790817,0.791355,0.833339,0.971789,0.878464,0.858424,0.834386
3.1852,0.845507,0.86141,0.742554,0.790538,0.790735,0.833608,0.969926,0.877607,0.858061,0.834585
3.1854,0.843406,0.86012,0.742676,0.790499,0.790771,0.833136,0.96873,0.876686,0.857595,0.834945
3.1856,0.842528,0.857542,0.742573,0.790826,0.790736,0.831955,0.968536,0.874993,0.856622,0.835274
3.1858,0.84285,0.854168,0.742164,0.791206,0.790946,0.830675,0.967937,0.872645,0.855263,0.835854
3.186,0.843344,0.851066,0.741465,0.791208,0.791134,0.829685,0.967899,0.870508,0.854528,0.836035
3.1862,0.843247,0.849211,0.740612,0.790532,0.790482,0.829312,0.968575,0.869134,0.854601,0.835813
3.1864,0.842335,0.848732,0.740034,0.789037,0.789382,0.829616,0.967907,0.868233,0.854912,0.835343
3.1866,0.840613,0.84852,0.739784,0.78744,0.788367,0.829773,0.965803,0.867761,0.854753,0.834448
3.1868,0.838847,0.847176,0.739724,0.786741,0.787511,0.82932,0.963981,0.867093,0.853715,0.833623
3.187,0.838403,0.844205,0.739551,0.786962,0.786981,0.828385,0.963443,0.86524,0.852337,0.832903
3.1872,0.839059,0.840127,0.739158,0.787391,0.786828,0.827266,0.963451,0.862502,0.851358,0.832541
3.1874,0.839414,0.836593,0.738488,0.787045,0.78702,0.826489,0.964072,0.861488,0.851743,0.832394
3.1876,0.838105,0.834733,0.737588,0.785578,0.78713,0.825941,0.964868,0.862704,0.852995,0.832293
3.1878,0.835642,0.834846,0.736767,0.783288,0.787266,0.825409,0.965132,0.864586,0.854073,0.832095
3.188,0.832844,0.835588,0.736481,0.781419,0.786884,0.825493,0.964652,0.865219,0.85386,0.83154
3.1882,0.831054,0.83551,0.73738,0.780361,0.786001,0.826566,0.963579,0.864108,0.85272,0.831074
3.1884,0.830745,0.833935,0.73976,0.779914,0.784986,0.827245,0.962356,0.862372,0.851156,0.830637
3.1886,0.83153,0.830942,0.741765,0.779099,0.784692,0.826592,0.961887,0.861322,0.850563,0.830435
3.1888,0.831414,0.827876,0.741567,0.777724,0.785156,0.825198,0.962504,0.861812,0.851728,0.829983
3.189,0.829815,0.826158,0.739505,0.776533,0.78612,0.823737,0.963504,0.862321,0.853911,0.829288
3.1892,0.826943,0.825877,0.737296,0.775774,0.786479,0.822723,0.964026,0.861667,0.855894,0.828988
3.1894,0.825909,0.826405,0.736242,0.77483,0.785735,0.822898,0.963606,0.860797,0.856213,0.829002
3.1896,0.828075,0.826721,0.736844,0.773835,0.784078,0.823658,0.963591,0.860824,0.854925,0.829098
3.1898,0.831562,0.825831,0.738349,0.773274,0.782369,0.824149,0.964046,0.861267,0.852831,0.829042
3.19,0.834077,0.823778,0.739553,0.773111,0.781566,0.823806,0.963636,0.861378,0.851749,0.829025
3.1902,0.833966,0.821653,0.740376,0.773355,0.782299,0.822686,0.962755,0.861181,0.852651,0.829322
3.1904,0.832542,0.820575,0.740717,0.773474,0.784153,0.821272,0.961084,0.86034,0.855172,0.829845
3.1906,0.831001,0.820871,0.740416,0.773354,0.785562,0.820247,0.96036,0.859329,0.858313,0.830444
3.1908,0.830849,0.821933,0.739828,0.773115,0.785425,0.820174,0.96043,0.858196,0.860281,0.830908
3.191,0.832084,0.822826,0.739237,0.773083,0.784344,0.821087,0.961725,0.857944,0.860324,0.830929
3.1912,0.833273,0.822805,0.738862,0.773545,0.783336,0.822246,0.964395,0.858779,0.859031,0.830801
3.1914,0.832929,0.822102,0.739261,0.774425,0.783661,0.822827,0.965615,0.859806,0.857804,0.830918
3.1916,0.831038,0.821828,0.740232,0.775424,0.784978,0.822802,0.963924,0.860451,0.857896,0.83177
3.1918,0.829172,0.822838,0.74117,0.775934,0.785823,0.822429,0.962409,0.859659,0.859101,0.832927
3.192,0.829486,0.824482,0.741593,0.775655,0.785805,0.822217,0.962897,0.858565,0.86044,0.833674
3.1922,0.831657,0.825699,0.741296,0.775027,0.785186,0.822321,0.964698,0.858194,0.860693,0.834153
3.1924,0.833675,0.825848,0.740501,0.774761,0.784319,0.822581,0.966607,0.858978,0.859466,0.833971
3.1926,0.834458,0.825413,0.739861,0.775147,0.783752,0.822858,0.965953,0.860157,0.857406,0.83384
3.1928,0.833814,0.825326,0.739868,0.775956,0.783985,0.823113,0.963841,0.861052,0.855631,0.833755
3.193,0.83246,0.826042,0.740537,0.777349,0.785025,0.824049,0.962646,0.861234,0.855019,0.833762
3.1932,0.831986,0.827698,0.741468,0.779224,0.786369,0.825678,0.963423,0.860425,0.856458,0.834198
3.1934,0.833607,0.829941,0.742146,0.780734,0.786965,0.827026,0.965226,0.859698,0.858604,0.834705
3.1936,0.836326,0.832261,0.742304,0.781404,0.78676,0.827707,0.966286,0.860095,0.859147,0.835059
3.1938,0.838159,0.834031,0.742073,0.781124,0.786206,0.827472,0.96476,0.861543,0.857543,0.834991
3.194,0.837885,0.835074,0.741844,0.780543,0.786022,0.827135,0.962554,0.863214,0.854109,0.834809
3.1942,0.83602,0.835757,0.741872,0.780321,0.786458,0.827213,0.962705,0.864302,0.85144,0.834621
3.1944,0.834119,0.83678,0.742156,0.780568,0.787628,0.827396,0.966242,0.864634,0.851076,0.834551
3.1946,0.833956,0.838596,0.74257,0.781485,0.789841,0.827883,0.96945,0.864746,0.853777,0.834659
3.1948,0.835975,0.840837,0.743007,0.783455,0.79197,0.828597,0.969643,0.865161,0.857167,0.834654
3.195,0.839405,0.842884,0.743187,0.785907,0.793211,0.829026,0.968233,0.865684,0.857883,0.834593
3.1952,0.841843,0.844835,0.742801,0.787159,0.793001,0.829377,0.967682,0.866196,0.855025,0.834524
3.1954,0.841568,0.846544,0.741932,0.786418,0.791981,0.829979,0.968556,0.866787,0.85038,0.834513
3.1956,0.839681,0.848323,0.740807,0.784648,0.790763,0.830829,0.970714,0.867155,0.846743,0.834882
3.1958,0.838002,0.849964,0.739717,0.783483,0.790353,0.831785,0.972485,0.867017,0.847092,0.835541
3.196,0.837665,0.851692,0.739132,0.784187,0.791166,0.832362,0.972431,0.866672,0.850684,0.836343
3.1962,0.838674,0.853806,0.739596,0.786699,0.791967,0.832736,0.972144,0.866577,0.854093,0.837322
3.1964,0.840826,0.855831,0.740386,0.789278,0.791477,0.833043,0.972308,0.867052,0.854828,0.838315
3.1966,0.843085,0.857106,0.740964,0.790293,0.789674,0.833698,0.973057,0.868025,0.852881,0.839431
3.1968,0.844086,0.858011,0.740603,0.790072,0.78723,0.834873,0.973192,0.869113,0.851076,0.840826
3.197,0.843234,0.858613,0.738983,0.789395,0.785148,0.836124,0.9734,0.869927,0.85022,0.842211
3.1972,0.841789,0.85933,0.736596,0.788521,0.784381,0.837432,0.974692,0.870382,0.850956,0.8435
3.1974,0.840988,0.860305,0.734833,0.787992,0.784884,0.83808,0.975975,0.870669,0.852534,0.844787
3.1976,0.841467,0.861269,0.73448,0.788171,0.786439,0.837986,0.975855,0.870989,0.852922,0.845941
3.1978,0.842678,0.862506,0.735305,0.788813,0.787837,0.83765,0.975572,0.871222,0.852148,0.846986
3.198,0.843555,0.864411,0.736231,0.789884,0.787907,0.837487,0.975361,0.871149,0.85198,0.847847
3.1982,0.843354,0.866264,0.736086,0.791207,0.786617,0.837636,0.975518,0.870638,0.853057,0.848394
3.1984,0.841877,0.86749,0.734633,0.792352,0.784718,0.838327,0.977043,0.869677,0.85378,0.848775
3.1986,0.840149,0.867604,0.732563,0.792822,0.783224,0.839708,0.97838,0.868566,0.853479,0.849048
3.1988,0.838904,0.86715,0.730844,0.792481,0.782753,0.840891,0.979461,0.867831,0.852118,0.849459
3.199,0.838254,0.866559,0.730172,0.791363,0.783356,0.841657,0.979515,0.867327,0.850166,0.85039
3.1992,0.837785,0.866664,0.730637,0.790081,0.7845,0.841231,0.98011,0.866421,0.849442,0.851924
3.1994,0.837418,0.867422,0.731636,0.78939,0.785551,0.83968,0.98148,0.86489,0.851056,0.853822
3.1996,0.836676,0.86788,0.732373,0.789586,0.786148,0.838142,0.982749,0.862795,0.853811,0.855649
3.1998,0.835487,0.867975,0.732359,0.790358,0.785693,0.837383,0.983124,0.860965,0.855499,0.856839
3.2,0.833942,0.867924,0.731703,0.791078,0.784587,0.837196,0.982511,0.859772,0.854685,0.857094
3.2002,0.83213,0.86763,0.731027,0.791182,0.783948,0.83776,0.981673,0.859072,0.851799,0.856767
3.2004,0.830688,0.867238,0.730803,0.790527,0.784407,0.838559,0.981411,0.858386,0.848479,0.856448
3.2006,0.829678,0.866519,0.730806,0.789468,0.785227,0.838309,0.981449,0.857233,0.847074,0.856391
3.2008,0.828865,0.86506,0.730626,0.788223,0.785383,0.836962,0.981025,0.856467,0.848125,0.856588
3.201,0.828184,0.8633,0.730067,0.787312,0.784798,0.835283,0.980886,0.856027,0.85056,0.856938
3.2012,0.827808,0.861743,0.729351,0.786982,0.783928,0.834332,0.980801,0.855247,0.852267,0.856987
3.2014,0.827032,0.860741,0.729042,0.786546,0.783088,0.834449,0.980776,0.853825,0.851745,0.85657
3.2016,0.825736,0.860252,0.72933,0.785351,0.782471,0.834872,0.980478,0.851973,0.849234,0.855664
3.2018,0.824027,0.85936,0.729947,0.784041,0.782226,0.835009,0.980576,0.850101,0.846289,0.854109
3.202,0.822416,0.857442,0.730475,0.782676,0.7824,0.834267,0.981292,0.848556,0.844771,0.852344
3.2022,0.821116,0.854883,0.730625,0.78093,0.782857,0.833284,0.981794,0.847594,0.845365,0.850702
3.2024,0.820534,0.852626,0.730255,0.778823,0.78324,0.83244,0.981502,0.847225,0.847114,0.84923
3.2026,0.820328,0.851455,0.729513,0.776845,0.783187,0.831554,0.980706,0.847259,0.848782,0.848229
3.2028,0.820387,0.851116,0.728935,0.775034,0.782607,0.830745,0.981216,0.847477,0.849006,0.847347
3.203,0.820823,0.850891,0.728791,0.773902,0.781639,0.830358,0.982781,0.847583,0.847648,0.846295
3.2032,0.821453,0.849787,0.729042,0.773327,0.780569,0.830147,0.982477,0.847374,0.845996,0.844803
3.2034,0.821487,0.847665,0.72906,0.772483,0.779448,0.829724,0.980369,0.846635,0.84543,0.842912
3.2036,0.820643,0.844958,0.728442,0.771161,0.778257,0.828978,0.978378,0.845348,0.846322,0.840896
3.2038,0.819096,0.842502,0.727593,0.769592,0.777042,0.827937,0.977695,0.843912,0.847688,0.839106
3.204,0.817818,0.841014,0.726679,0.767898,0.775662,0.826736,0.977319,0.842882,0.848406,0.837656
3.2042,0.817022,0.840019,0.725946,0.766446,0.774352,0.825672,0.975971,0.842333,0.847432,0.836433
3.2044,0.816444,0.83874,0.725438,0.765489,0.773603,0.824973,0.974184,0.842056,0.845553,0.83543
3.2046,0.816119,0.836672,0.725203,0.765059,0.773098,0.82467,0.973048,0.841874,0.844236,0.8346
3.2048,0.8158,0.833667,0.724857,0.764867,0.771905,0.824646,0.973855,0.841677,0.843873,0.833978
3.205,0.815975,0.830227,0.72543,0.764554,0.770023,0.824773,0.974902,0.841496,0.844638,0.833779
3.2052,0.816155,0.826697,0.726323,0.764212,0.769068,0.824978,0.974949,0.841485,0.845438,0.833968
3.2054,0.816306,0.823714,0.726192,0.764493,0.769812,0.82492,0.973249,0.842053,0.845675,0.834237
3.2056,0.815927,0.821567,0.724977,0.764754,0.770662,0.824172,0.971938,0.842775,0.845455,0.834315
3.2058,0.815351,0.820152,0.723195,0.764499,0.769862,0.822948,0.971151,0.842953,0.845259,0.834104
3.206,0.814394,0.819897,0.72221,0.763791,0.767455,0.822026,0.970283,0.842265,0.844992,0.833622
3.2062,0.81341,0.82113,0.722669,0.763629,0.764635,0.822109,0.9691,0.841129,0.844609,0.833021
3.2064,0.812596,0.82256,0.724422,0.763935,0.7637,0.822702,0.968133,0.839925,0.844114,0.832398
3.2066,0.812076,0.822342,0.726031,0.764527,0.764711,0.822397,0.967462,0.839374,0.843497,0.831816
3.2068,0.811963,0.819916,0.726426,0.764707,0.766048,0.82075,0.967123,0.839486,0.842836,0.831372
3.207,0.81233,0.816434,0.726165,0.764473,0.766367,0.818877,0.967634,0.84127,0.842953,0.831149
3.2072,0.812591,0.813842,0.725807,0.764139,0.765727,0.817425,0.968043,0.844412,0.843825,0.831274
3.2074,0.813476,0.813472,0.725996,0.764825,0.76488,0.816827,0.968054,0.845573,0.844749,0.83183
3.2076,0.814676,0.815068,0.726458,0.765932,0.764244,0.816578,0.967397,0.843373,0.845595,0.832728
3.2078,0.815263,0.81709,0.726795,0.766865,0.764288,0.81586,0.96623,0.839588,0.84612,0.833764
3.208,0.814942,0.818273,0.727261,0.767584,0.765462,0.814468,0.966906,0.836716,0.846105,0.834647
3.2082,0.81388,0.818065,0.728003,0.768013,0.766857,0.812631,0.968363,0.836412,0.846114,0.835114
3.2084,0.813302,0.817373,0.728415,0.767965,0.767597,0.811217,0.96936,0.838027,0.846431,0.835139
3.2086,0.814766,0.817247,0.728314,0.767607,0.768135,0.810465,0.96876,0.839134,0.846861,0.835143
3.2088,0.817289,0.818127,0.728254,0.767966,0.768985,0.810093,0.968007,0.838229,0.847267,0.835458
3.209,0.818959,0.81991,0.728184,0.76936,0.769807,0.809565,0.967267,0.835485,0.847241,0.836214
3.2092,0.818488,0.821881,0.727998,0.77083,0.770097,0.808783,0.966632,0.832766,0.846992,0.836936
3.2094,0.81662,0.82323,0.7278,0.771439,0.769837,0.808062,0.967911,0.831583,0.847249,0.837192
3.2096,0.815227,0.823898,0.728009,0.770764,0.769243,0.807596,0.970323,0.832012,0.847653,0.836691
3.2098,0.815485,0.824493,0.728887,0.769471,0.768731,0.807364,0.971456,0.833091,0.847866,0.835883
3.21,0.81718,0.825631,0.729961,0.769759,0.769058,0.807246,0.971291,0.835282,0.847836,0.834983
3.2102,0.819501,0.827494,0.730323,0.772578,0.770476,0.807246,0.970117,0.837125,0.847114,0.834885
3.2104,0.821049,0.829794,0.730218,0.776161,0.772271,0.807412,0.969108,0.837254,0.846329,0.835575
3.2106,0.821914,0.832095,0.73026,0.778175,0.773557,0.80788,0.968891,0.836414,0.845596,0.836318
3.2108,0.822034,0.834003,0.730337,0.777585,0.773988,0.8088,0.970556,0.836044,0.845375,0.83667
3.211,0.821564,0.835301,0.730219,0.775314,0.773655,0.8099,0.972345,0.836727,0.846031,0.836024
3.2112,0.822258,0.836462,0.730099,0.774082,0.772972,0.810656,0.973573,0.838605,0.847248,0.834783
3.2114,0.824542,0.838101,0.729794,0.77502,0.772764,0.810953,0.973388,0.840412,0.848097,0.833922
3.2116,0.826916,0.839994,0.728855,0.777239,0.773437,0.811075,0.972121,0.840967,0.848727,0.833758
3.2118,0.827599,0.841528,0.727399,0.779327,0.774401,0.8115,0.971121,0.841235,0.849109,0.834634
3.212,0.826178,0.842649,0.726157,0.779977,0.774602,0.81228,0.972351,0.842103,0.848457,0.835938
3.2122,0.82462,0.843489,0.726683,0.779232,0.773687,0.813348,0.973957,0.843142,0.847054,0.836877
3.2124,0.824181,0.844135,0.728466,0.777992,0.77205,0.814414,0.974305,0.843497,0.845895,0.837293
3.2126,0.824875,0.844647,0.730019,0.777581,0.771494,0.815157,0.9734,0.84325,0.845054,0.837322
3.2128,0.826336,0.845085,0.730297,0.778958,0.772795,0.815401,0.973167,0.843729,0.844827,0.837368
3.213,0.827534,0.845588,0.729545,0.781464,0.774371,0.815385,0.973928,0.843948,0.844966,0.83799
3.2132,0.827761,0.845996,0.728741,0.78341,0.775028,0.815741,0.975032,0.843907,0.845033,0.839343
3.2134,0.827334,0.846016,0.728428,0.783179,0.774244,0.816905,0.976285,0.84481,0.844509,0.841282
3.2136,0.826783,0.84581,0.728505,0.781819,0.771932,0.818718,0.97635,0.846621,0.843227,0.843303
3.2138,0.826692,0.845596,0.72878,0.780687,0.769141,0.82042,0.976493,0.847417,0.841831,0.844803
3.214,0.82716,0.846252,0.729065,0.780601,0.767463,0.82122,0.977698,0.846424,0.840663,0.846005
3.2142,0.827779,0.847397,0.728894,0.781133,0.767266,0.821132,0.980066,0.844826,0.84036,0.847098
3.2144,0.827737,0.847946,0.728579,0.782176,0.767919,0.820721,0.981203,0.843976,0.840864,0.848011
3.2146,0.826705,0.84763,0.728459,0.783465,0.768307,0.820581,0.979716,0.844068,0.84137,0.84867
3.2148,0.824768,0.846679,0.728512,0.783895,0.767782,0.820816,0.978967,0.845125,0.841113,0.848789
3.215,0.823442,0.845701,0.728454,0.783118,0.766414,0.821429,0.980288,0.84693,0.839706,0.848582
3.2152,0.823801,0.845254,0.728034,0.781406,0.764929,0.821636,0.981533,0.848384,0.837671,0.848424
3.2154,0.824931,0.845428,0.727353,0.780324,0.764144,0.821318,0.980782,0.848444,0.835871,0.848547
3.2156,0.825814,0.845951,0.726794,0.780721,0.764309,0.82044,0.979035,0.84707,0.835589,0.849395
3.2158,0.82588,0.846378,0.726658,0.782079,0.765116,0.819785,0.97789,0.845322,0.836666,0.851039
3.216,0.82472,0.846408,0.726909,0.783099,0.765939,0.819565,0.977914,0.844511,0.837983,0.853042
3.2162,0.822962,0.846125,0.727272,0.782638,0.766304,0.819671,0.97863,0.845241,0.83815,0.854886
3.2164,0.821576,0.84581,0.727357,0.78109,0.766147,0.819327,0.979245,0.846982,0.836718,0.855913
3.2166,0.821163,0.845527,0.726872,0.779882,0.765757,0.817977,0.979272,0.847998,0.834018,0.855766
3.2168,0.821293,0.845277,0.725983,0.779761,0.765556,0.816034,0.978917,0.847974,0.831345,0.85478
3.217,0.821516,0.84518,0.725199,0.780364,0.766021,0.81419,0.97753,0.84739,0.830168,0.853879
3.2172,0.821316,0.845092,0.724848,0.781401,0.766977,0.812884,0.977189,0.846408,0.830973,0.853761
3.2174,0.820712,0.844588,0.724621,0.78219,0.767702,0.812193,0.978235,0.845821,0.833128,0.854342
3.2176,0.81987,0.843529,0.723976,0.781691,0.767473,0.811608,0.978172,0.845652,0.834808,0.854968
3.2178,0.818777,0.842107,0.723045,0.780084,0.766455,0.810625,0.976485,0.845597,0.834271,0.854994
3.218,0.817648,0.840743,0.721801,0.778406,0.765399,0.809052,0.973951,0.845429,0.831964,0.853832
3.2182,0.816695,0.839843,0.721087,0.777514,0.764935,0.807267,0.971386,0.845247,0.829201,0.851894
3.2184,0.816,0.839447,0.721075,0.777505,0.765219,0.805897,0.970517,0.844557,0.827275,0.849638
3.2186,0.816112,0.839327,0.7213,0.777728,0.765943,0.805275,0.971027,0.843582,0.827642,0.847632
3.2188,0.816606,0.839123,0.721112,0.777778,0.766581,0.805375,0.971462,0.842759,0.829555,0.846393
3.219,0.816754,0.838512,0.720295,0.777081,0.766766,0.805821,0.970673,0.842394,0.83125,0.845392
3.2192,0.816472,0.837491,0.71872,0.776221,0.76643,0.806063,0.968366,0.8427,0.831418,0.844216
3.2194,0.815424,0.836182,0.716645,0.775464,0.765677,0.80567,0.965998,0.842971,0.82966,0.842666
3.2196,0.814206,0.834789,0.714927,0.775298,0.764833,0.804714,0.964418,0.842809,0.826847,0.840439
3.2198,0.812968,0.833727,0.714075,0.775132,0.764226,0.804046,0.965131,0.841845,0.824568,0.838194
3.22,0.812122,0.833423,0.713872,0.774331,0.763842,0.804213,0.965693,0.840882,0.823958,0.836191
3.2202,0.812042,0.833014,0.713841,0.773362,0.763222,0.804876,0.964344,0.840097,0.824607,0.834414
3.2204,0.812107,0.831862,0.713486,0.772611,0.762022,0.805122,0.962561,0.83935,0.825572,0.833064
3.2206,0.812038,0.829385,0.712521,0.77223,0.760414,0.804841,0.960746,0.839379,0.825735,0.831874
3.2208,0.811355,0.826274,0.711282,0.772235,0.758813,0.804441,0.958562,0.840419,0.824445,0.830699
3.221,0.811112,0.823492,0.710425,0.772044,0.757723,0.804581,0.956661,0.841238,0.821727,0.829643
3.2212,0.810962,0.822277,0.710305,0.771543,0.757076,0.805079,0.955721,0.841374,0.819094,0.828707
3.2214,0.810144,0.822142,0.710681,0.771189,0.756333,0.805766,0.955473,0.841006,0.817494,0.828002
3.2216,0.808648,0.821941,0.711016,0.770616,0.755141,0.806242,0.95456,0.840622,0.816756,0.827655
3.2218,0.807957,0.820736,0.711143,0.770225,0.753492,0.806281,0.953233,0.840459,0.816465,0.827605
3.222,0.808034,0.8185,0.710989,0.770058,0.751694,0.806371,0.952781,0.840702,0.816407,0.827623
3.2222,0.807794,0.815924,0.710774,0.770642,0.750843,0.806373,0.952934,0.841768,0.815702,0.82746
3.2224,0.807767,0.815089,0.710982,0.771308,0.750661,0.806284,0.952391,0.843404,0.81406,0.827225
3.2226,0.808,0.816742,0.711689,0.771043,0.750139,0.806072,0.952253,0.844443,0.811608,0.826994
3.2228,0.807535,0.818652,0.712582,0.769608,0.749021,0.805944,0.952876,0.84402,0.80919,0.826762
3.223,0.80551,0.819005,0.713229,0.767702,0.747554,0.806148,0.952837,0.842597,0.807513,0.826475
3.2232,0.80264,0.816962,0.713524,0.766319,0.746033,0.806485,0.951969,0.841735,0.806783,0.82596
3.2234,0.800213,0.81398,0.713464,0.766157,0.744591,0.806729,0.94973,0.842318,0.806726,0.825311
3.2236,0.798835,0.81169,0.713789,0.767827,0.74367,0.807396,0.946985,0.844066,0.806782,0.824734
3.2238,0.799115,0.811504,0.714583,0.769834,0.743473,0.80831,0.94478,0.846453,0.807619,0.824347
3.224,0.801836,0.813207,0.715293,0.769876,0.743699,0.808908,0.943497,0.848574,0.808922,0.824434
3.2242,0.804723,0.815242,0.715577,0.767564,0.744048,0.809469,0.942954,0.848799,0.80952,0.825163
3.2244,0.805462,0.815991,0.71538,0.764231,0.744289,0.80943,0.94167,0.847342,0.809243,0.826363
3.2246,0.804643,0.815406,0.715312,0.761812,0.744621,0.808756,0.939032,0.845528,0.808412,0.827732
3.2248,0.803811,0.814442,0.715358,0.760721,0.745234,0.808204,0.935381,0.844508,0.807952,0.828847
3.225,0.803396,0.814249,0.715514,0.76106,0.745655,0.807825,0.932553,0.84498,0.808389,0.829214
3.2252,0.803981,0.815206,0.716163,0.762407,0.745436,0.807697,0.931331,0.845601,0.809334,0.828896
3.2254,0.805246,0.816843,0.716892,0.763986,0.744995,0.80841,0.931549,0.845708,0.8102,0.828728
3.2256,0.8062,0.818354,0.71705,0.765567,0.745072,0.809424,0.930596,0.845761,0.810418,0.828802
3.2258,0.806382,0.819182,0.716897,0.766193,0.745759,0.809912,0.928882,0.845605,0.809851,0.82934
3.226,0.806304,0.819524,0.716818,0.765786,0.746549,0.810046,0.927798,0.845144,0.809093,0.829875
3.2262,0.806479,0.820164,0.71707,0.764909,0.746737,0.81003,0.926809,0.84468,0.808886,0.830316
3.2264,0.807235,0.821675,0.717656,0.764651,0.746488,0.810457,0.924961,0.844544,0.80963,0.830531
3.2266,0.807837,0.824204,0.718559,0.765285,0.746276,0.811423,0.922592,0.844669,0.810982,0.830136
3.2268,0.808347,0.827291,0.719182,0.76648,0.746388,0.81259,0.920477,0.844735,0.812262,0.829393
3.227,0.809259,0.829683,0.719605,0.76739,0.747096,0.81335,0.919308,0.844882,0.813051,0.828482
3.2272,0.810277,0.831152,0.71957,0.767742,0.747928,0.813479,0.919054,0.844719,0.813217,0.827772
3.2274,0.810952,0.831775,0.71903,0.76743,0.748574,0.813461,0.919164,0.844079,0.813489,0.827304
3.2276,0.81115,0.8326,0.718939,0.76746,0.749113,0.813558,0.919294,0.84339,0.814011,0.827225
3.2278,0.810771,0.834262,0.71944,0.767845,0.749765,0.814087,0.919026,0.843251,0.814751,0.827642
3.228,0.81086,0.836381,0.720223,0.768514,0.750064,0.814866,0.918608,0.843809,0.815587,0.828403
3.2282,0.811616,0.838893,0.721048,0.769085,0.749404,0.815307,0.918659,0.845205,0.816139,0.82922
3.2284,0.811868,0.841363,0.721637,0.769643,0.748181,0.815513,0.919104,0.846949,0.816211,0.82948
3.2286,0.811808,0.843571,0.721524,0.76995,0.746869,0.81568,0.919735,0.847393,0.815675,0.829157
3.2288,0.811962,0.845827,0.720685,0.770201,0.746085,0.815928,0.92069,0.845901,0.814796,0.828596
3.229,0.812451,0.848144,0.720001,0.770636,0.746098,0.816292,0.921006,0.843338,0.814513,0.828168
3.2292,0.812707,0.850261,0.720462,0.770832,0.746854,0.816777,0.920176,0.841322,0.815035,0.828229
3.2294,0.812269,0.851771,0.721458,0.770815,0.747796,0.817357,0.919205,0.841048,0.816219,0.828826
3.2296,0.811919,0.852669,0.722185,0.770368,0.748469,0.817614,0.918924,0.842232,0.817803,0.829777
3.2298,0.811984,0.853429,0.722165,0.76994,0.74882,0.817388,0.919349,0.843651,0.818945,0.830905
3.23,0.812212,0.854473,0.721265,0.770288,0.748896,0.817076,0.920124,0.844151,0.818727,0.832035
3.2302,0.812452,0.856008,0.720093,0.770693,0.748926,0.816825,0.920698,0.843527,0.817517,0.83314
3.2304,0.812445,0.857951,0.719845,0.770846,0.749107,0.817247,0.920941,0.842513,0.816137,0.834136
3.2306,0.812,0.859693,0.720505,0.770708,0.749315,0.817805,0.921326,0.841991,0.815262,0.834861
3.2308,0.811714,0.860771,0.721232,0.770663,0.749859,0.817923,0.922438,0.842252,0.815565,0.835681
3.231,0.811939,0.861062,0.72117,0.770625,0.7509,0.817458,0.923917,0.842729,0.816854,0.836702
3.2312,0.812362,0.86082,0.720436,0.770291,0.752152,0.816429,0.924855,0.842845,0.818022,0.837836
3.2314,0.812912,0.861052,0.71927,0.769931,0.752977,0.815353,0.925049,0.842592,0.818417,0.838917
3.2316,0.812858,0.861841,0.718325,0.76953,0.752918,0.814987,0.924659,0.841797,0.818241,0.839838
3.2318,0.812055,0.862503,0.717995,0.769303,0.752066,0.81578,0.92378,0.840634,0.818191,0.840408
3.232,0.811325,0.862805,0.718435,0.769342,0.751004,0.817117,0.922692,0.839091,0.818397,0.840868
3.2322,0.811104,0.862905,0.719023,0.769675,0.750628,0.818027,0.921638,0.837925,0.8189,0.841165
3.2324,0.811065,0.86311,0.719333,0.770095,0.751428,0.81793,0.920771,0.836892,0.819543,0.841557
3.2326,0.810855,0.864028,0.718725,0.770208,0.752965,0.817172,0.920924,0.836194,0.820129,0.842103
3.2328,0.810706,0.865425,0.717603,0.770262,0.754358,0.816402,0.920207,0.835523,0.820471,0.842667
3.233,0.810295,0.865918,0.716525,0.770021,0.754972,0.816364,0.918025,0.834049,0.820466,0.843337
3.2332,0.809534,0.865211,0.716341,0.769505,0.754651,0.816921,0.914983,0.831625,0.820205,0.844185
3.2334,0.808161,0.863843,0.716909,0.76946,0.753743,0.817219,0.911897,0.829094,0.819724,0.84499
3.2336,0.806346,0.862293,0.71743,0.770194,0.753113,0.817129,0.909588,0.82712,0.819205,0.845842
3.2338,0.805607,0.86096,0.717594,0.770868,0.753338,0.816416,0.907664,0.825993,0.818887,0.846333
3.234,0.806512,0.860164,0.716971,0.770553,0.75416,0.815299,0.905859,0.825193,0.818813,0.846571
3.2342,0.807866,0.859605,0.715777,0.769959,0.754711,0.814813,0.903567,0.824234,0.818422,0.846695
3.2344,0.807746,0.85916,0.714672,0.769789,0.754492,0.815396,0.900851,0.82305,0.817385,0.846513
3.2346,0.805884,0.858236,0.713923,0.770278,0.7531,0.816444,0.898072,0.82161,0.816178,0.846535
3.2348,0.803676,0.856984,0.71357,0.770717,0.750984,0.816681,0.896452,0.820036,0.814676,0.84714
3.235,0.802372,0.855424,0.713498,0.770664,0.74922,0.816083,0.895931,0.818592,0.813601,0.847745
3.2352,0.802117,0.854495,0.713292,0.769893,0.748413,0.814943,0.895525,0.817504,0.812959,0.848196
3.2354,0.802455,0.854492,0.713122,0.768815,0.748482,0.813817,0.894335,0.816882,0.812299,0.847587
3.2356,0.802296,0.854863,0.713248,0.768132,0.74852,0.813653,0.892054,0.816753,0.811366,0.84651
3.2358,0.80112,0.854349,0.713518,0.768179,0.74752,0.814916,0.889722,0.816977,0.80957,0.845204
3.236,0.799442,0.852431,0.713686,0.768518,0.745252,0.816071,0.888739,0.81731,0.807723,0.843723
3.2362,0.79797,0.850113,0.713769,0.768317,0.742906,0.816253,0.889258,0.817492,0.806501,0.842871
3.2364,0.797022,0.848594,0.713453,0.767747,0.741603,0.815476,0.89047,0.817206,0.805376,0.842525
3.2366,0.796544,0.847978,0.712453,0.766981,0.741535,0.814041,0.890938,0.816556,0.804114,0.842396
3.2368,0.796053,0.84766,0.711298,0.766316,0.741515,0.812609,0.889409,0.816436,0.802635,0.84263
3.237,0.795389,0.846761,0.710846,0.765985,0.740545,0.812312,0.887519,0.817262,0.800744,0.842564
3.2372,0.79471,0.845522,0.711454,0.766125,0.738746,0.813195,0.88689,0.818436,0.798699,0.842017
3.2374,0.793986,0.843595,0.712342,0.766193,0.73685,0.814278,0.886818,0.818817,0.796817,0.841089
3.2376,0.793404,0.841165,0.713114,0.76587,0.735548,0.814419,0.886352,0.818004,0.79532,0.839988
3.2378,0.792824,0.838928,0.713281,0.764775,0.735161,0.813227,0.885517,0.816543,0.79439,0.839286
3.238,0.791873,0.837406,0.712269,0.763598,0.735468,0.811364,0.884229,0.815484,0.793904,0.839221
3.2382,0.79074,0.836485,0.711058,0.762569,0.735876,0.809941,0.882971,0.815538,0.793584,0.839636
3.2384,0.789663,0.835791,0.711002,0.762033,0.736125,0.809616,0.882329,0.816618,0.79322,0.840373
3.2386,0.789368,0.834781,0.712216,0.761797,0.736404,0.809827,0.882074,0.81814,0.792713,0.840902
3.2388,0.7896,0.833278,0.713683,0.76139,0.736166,0.810352,0.881994,0.819813,0.79255,0.840819
3.239,0.789976,0.832376,0.714187,0.760626,0.735584,0.810608,0.882159,0.820568,0.792538,0.84035
3.2392,0.789584,0.832862,0.713084,0.759769,0.735123,0.810059,0.882472,0.819746,0.792331,0.839775
3.2394,0.788406,0.834007,0.711295,0.758973,0.734942,0.808897,0.882276,0.817917,0.791964,0.839013
3.2396,0.787527,0.834792,0.710374,0.758201,0.735136,0.807661,0.881089,0.816204,0.791819,0.83843
3.2398,0.787502,0.834191,0.710772,0.757312,0.735302,0.806721,0.879588,0.815396,0.791981,0.837954
3.24,0.787525,0.832421,0.712429,0.756209,0.735712,0.806178,0.878838,0.815822,0.792445,0.837056
3.2402,0.78737,0.830633,0.714199,0.755585,0.735889,0.806116,0.879731,0.816328,0.792764,0.835877
3.2404,0.787593,0.829377,0.71483,0.756813,0.735923,0.806433,0.880111,0.816377,0.792179,0.834559
3.2406,0.788567,0.8293,0.713782,0.75876,0.735484,0.80747,0.878437,0.816484,0.790607,0.833541
3.2408,0.789942,0.830303,0.712254,0.75968,0.734282,0.809114,0.875209,0.816908,0.788996,0.833345
3.241,0.790833,0.831525,0.711695,0.759155,0.73288,0.810844,0.871782,0.817578,0.788185,0.833611
3.2412,0.791023,0.832826,0.712199,0.757589,0.732443,0.811523,0.870103,0.818368,0.788458,0.833689
3.2414,0.790466,0.833898,0.713387,0.756511,0.73315,0.810355,0.869385,0.819535,0.789059,0.83311
3.2416,0.789367,0.835094,0.714742,0.756755,0.734123,0.808825,0.868842,0.821255,0.789868,0.831784
3.2418,0.789623,0.835913,0.71559,0.757942,0.734425,0.808451,0.866817,0.822499,0.791274,0.830189
3.242,0.7919,0.836231,0.715427,0.759503,0.733679,0.809578,0.864359,0.823484,0.792547,0.828983
3.2422,0.794415,0.836399,0.714358,0.760168,0.73224,0.811472,0.861896,0.823733,0.79258,0.828292
3.2424,0.795436,0.836668,0.713451,0.759821,0.730909,0.813085,0.861016,0.823102,0.790969,0.828356
3.2426,0.794865,0.837352,0.713611,0.75889,0.730379,0.813339,0.861667,0.822286,0.788749,0.829081
3.2428,0.7941,0.838828,0.715007,0.757929,0.730949,0.812108,0.861061,0.821793,0.787472,0.829832
3.243,0.793881,0.840773,0.716751,0.757321,0.732174,0.810538,0.858592,0.821936,0.788094,0.830173
3.2432,0.794515,0.842841,0.718211,0.757377,0.733113,0.809776,0.855995,0.823169,0.791252,0.830017
3.2434,0.796143,0.844274,0.718687,0.758194,0.733347,0.810366,0.854772,0.824856,0.794962,0.829568
3.2436,0.797648,0.844664,0.717883,0.759145,0.733179,0.811959,0.855231,0.826282,0.796959,0.829554
3.2438,0.797537,0.844403,0.71617,0.759994,0.733142,0.813457,0.855709,0.826591,0.796526,0.830476
3.244,0.79607,0.84424,0.715202,0.759754,0.733615,0.813824,0.854946,0.825919,0.795095,0.832284
3.2442,0.794552,0.844901,0.715668,0.758922,0.734608,0.813226,0.853862,0.824972,0.794563,0.834436
3.2444,0.793873,0.846847,0.717194,0.75823,0.735645,0.812593,0.853672,0.824611,0.795137,0.83616
3.2446,0.794912,0.849197,0.718647,0.758317,0.736658,0.812406,0.854773,0.826033,0.796119,0.837197
3.2448,0.797251,0.850904,0.719477,0.758834,0.737712,0.812862,0.856701,0.828735,0.79684,0.837873
3.245,0.79907,0.851337,0.719359,0.759365,0.738639,0.813274,0.858264,0.831184,0.796602,0.838426
3.2452,0.798891,0.850715,0.718558,0.760082,0.739443,0.81295,0.858225,0.831628,0.796002,0.839095
3.2454,0.797121,0.849893,0.71759,0.760571,0.740409,0.812098,0.858225,0.829379,0.796485,0.839864
3.2456,0.794978,0.84968,0.716772,0.760643,0.741526,0.812001,0.85951,0.826416,0.798502,0.840697
3.2458,0.793601,0.850117,0.716204,0.76033,0.742257,0.812202,0.861475,0.8257,0.8011,0.841625
3.246,0.794061,0.851058,0.71615,0.760279,0.742832,0.812205,0.863522,0.827822,0.802668,0.842721
3.2462,0.795997,0.85212,0.716602,0.760552,0.744183,0.811642,0.864796,0.831015,0.80193,0.844108
3.2464,0.798041,0.852938,0.716914,0.760708,0.745702,0.811161,0.865278,0.832385,0.800039,0.845876
3.2466,0.7993,0.85263,0.716781,0.761265,0.746777,0.81062,0.866844,0.830923,0.799102,0.847902
3.2468,0.799218,0.851251,0.715978,0.761832,0.747313,0.810146,0.868975,0.828453,0.799868,0.849987
3.247,0.797603,0.849472,0.714783,0.76179,0.747055,0.80955,0.870452,0.827554,0.801669,0.851779
3.2472,0.795866,0.848127,0.714079,0.761714,0.74628,0.809563,0.871253,0.829207,0.80319,0.852899
3.2474,0.795373,0.847898,0.714099,0.761866,0.74574,0.809906,0.871841,0.83114,0.803074,0.853689
3.2476,0.79591,0.848605,0.714393,0.761701,0.746199,0.809743,0.872794,0.831702,0.801853,0.854706
3.2478,0.796722,0.849654,0.714483,0.761721,0.747844,0.8092,0.874148,0.831002,0.800806,0.855658
3.248,0.797314,0.850012,0.714062,0.762826,0.749657,0.808425,0.87533,0.829787,0.800864,0.856583
3.2482,0.797291,0.849108,0.713202,0.763847,0.751061,0.807844,0.87554,0.828553,0.802558,0.85716
3.2484,0.796558,0.847417,0.7125,0.763957,0.751368,0.807903,0.8747,0.827304,0.8044,0.857387
3.2486,0.795629,0.845904,0.712109,0.763157,0.751261,0.808463,0.873736,0.826377,0.804984,0.857296
3.2488,0.794805,0.845267,0.711959,0.761698,0.751478,0.808822,0.873827,0.826073,0.803837,0.857142
3.249,0.794417,0.845603,0.711615,0.760524,0.751744,0.808578,0.873636,0.826189,0.801919,0.857288
3.2492,0.794512,0.846447,0.711215,0.760128,0.752056,0.807908,0.872946,0.826134,0.800613,0.85811
3.2494,0.79523,0.847054,0.710754,0.761013,0.752201,0.80717,0.871734,0.825561,0.800631,0.859285
3.2496,0.795487,0.847022,0.710742,0.762545,0.752154,0.806896,0.869812,0.824646,0.801854,0.86093
3.2498,0.794902,0.846355,0.710811,0.763851,0.751575,0.807135,0.868579,0.823825,0.803272,0.862259
3.25,0.79338,0.845374,0.710398,0.763634,0.751267,0.807317,0.867463,0.823183,0.803664,0.862831
3.2502,0.791981,0.844548,0.70978,0.762381,0.75178,0.806962,0.866381,0.823507,0.803277,0.863022
3.2504,0.791041,0.844051,0.709247,0.761039,0.752832,0.805817,0.865553,0.824066,0.802814,0.862783
3.2506,0.790277,0.843866,0.708915,0.759825,0.753274,0.804408,0.864284,0.824192,0.802638,0.862512
3.2508,0.789546,0.843698,0.708696,0.758388,0.752618,0.803462,0.861705,0.823344,0.802529,0.862445
3.251,0.78907,0.84331,0.708469,0.757507,0.751508,0.803191,0.858805,0.82172,0.802285,0.86267
3.2512,0.788502,0.842474,0.708147,0.757301,0.750854,0.803157,0.856786,0.820142,0.801604,0.863094
3.2514,0.787555,0.841112,0.70765,0.757258,0.75115,0.802761,0.856717,0.819634,0.800495,0.86326
3.2516,0.786415,0.839611,0.707106,0.756781,0.752044,0.801978,0.85684,0.82003,0.799938,0.862941
3.2518,0.785563,0.838423,0.706584,0.75571,0.752446,0.80099,0.855112,0.82073,0.800547,0.86231
3.252,0.784556,0.837751,0.706054,0.754311,0.75228,0.80062,0.851944,0.820637,0.801623,0.861647
3.2522,0.783173,0.837441,0.705704,0.753097,0.751476,0.80076,0.849258,0.819698,0.801644,0.861286
3.2524,0.781523,0.836958,0.70562,0.752468,0.750343,0.800868,0.84807,0.818245,0.800383,0.861195
3.2526,0.780811,0.835866,0.705911,0.752446,0.749372,0.800293,0.848156,0.81749,0.798113,0.861676
3.2528,0.780839,0.834612,0.706254,0.752592,0.7489,0.799215,0.848327,0.817372,0.796411,0.862067
3.253,0.78076,0.833274,0.706033,0.752408,0.748663,0.797989,0.847877,0.817258,0.796297,0.861838
3.2532,0.780191,0.831846,0.705281,0.751896,0.748117,0.796866,0.847227,0.816828,0.797168,0.860873
3.2534,0.778656,0.830028,0.704216,0.751356,0.747173,0.796722,0.846649,0.81579,0.797532,0.85953
3.2536,0.776641,0.827624,0.703458,0.750839,0.7455,0.797555,0.845868,0.814606,0.796551,0.858073
3.2538,0.77539,0.824745,0.703181,0.750271,0.743429,0.798408,0.845521,0.813608,0.794535,0.857101
3.254,0.775297,0.822189,0.703558,0.750177,0.741455,0.798692,0.84617,0.812992,0.792593,0.856657
3.2542,0.775741,0.82048,0.704033,0.750739,0.740033,0.798043,0.846333,0.812629,0.791558,0.856718
3.2544,0.775945,0.819566,0.704221,0.751415,0.739087,0.797093,0.84489,0.812679,0.791544,0.857053
3.2546,0.775131,0.818674,0.703898,0.751646,0.738014,0.796319,0.842302,0.812808,0.792019,0.856938
3.2548,0.773343,0.817415,0.70288,0.751504,0.736667,0.795899,0.840291,0.812469,0.792236,0.856124
3.255,0.77147,0.815208,0.702044,0.751235,0.735228,0.795642,0.839992,0.811988,0.791941,0.855034
3.2552,0.770447,0.812161,0.701777,0.75096,0.735195,0.795574,0.841018,0.811719,0.791156,0.854141
3.2554,0.770523,0.809288,0.702091,0.75077,0.737044,0.795587,0.842068,0.812166,0.790163,0.853595
3.2556,0.771233,0.807539,0.702514,0.750572,0.738696,0.795144,0.842335,0.812962,0.789297,0.853375
3.2558,0.771711,0.806897,0.702467,0.750087,0.738295,0.7944,0.842073,0.813357,0.788885,0.853016
3.256,0.771895,0.80652,0.701989,0.749298,0.735913,0.793551,0.842031,0.812766,0.788804,0.852513
3.2562,0.771919,0.805538,0.701828,0.748595,0.733468,0.793017,0.842383,0.811831,0.788496,0.852179
3.2564,0.77143,0.805001,0.702102,0.748215,0.732594,0.792699,0.842451,0.811207,0.788257,0.851684
3.2566,0.770651,0.805259,0.702759,0.747698,0.733569,0.792464,0.842081,0.811006,0.788665,0.85109
3.2568,0.770349,0.805539,0.703739,0.74664,0.735327,0.792336,0.841909,0.811102,0.789433,0.850433
3.257,0.770479,0.805614,0.704441,0.745795,0.73673,0.79209,0.841502,0.811539,0.790383,0.849933
3.2572,0.771216,0.805487,0.704569,0.746284,0.737025,0.79188,0.840946,0.812827,0.790722,0.849666
3.2574,0.772222,0.80538,0.704063,0.746865,0.736693,0.7918,0.83953,0.814132,0.790111,0.849027
3.2576,0.772975,0.805355,0.703411,0.746285,0.736283,0.792063,0.838778,0.814675,0.788981,0.848044
3.2578,0.773681,0.806324,0.703339,0.743981,0.735725,0.792892,0.838875,0.814164,0.788146,0.84664
3.258,0.773913,0.807937,0.7037,0.74111,0.735469,0.793644,0.83951,0.813126,0.787822,0.845557
3.2582,0.77336,0.809096,0.704166,0.738817,0.736238,0.794225,0.838915,0.812896,0.78765,0.846358
3.2584,0.772948,0.809901,0.704269,0.737702,0.737549,0.794923,0.836309,0.814709,0.787527,0.848816
3.2586,0.773137,0.810903,0.704314,0.737817,0.738071,0.795245,0.833419,0.817219,0.787458,0.851218
3.2588,0.773543,0.812483,0.704474,0.738329,0.737938,0.79516,0.831096,0.81836,0.787304,0.852137
3.259,0.774165,0.814067,0.704909,0.738162,0.738198,0.794793,0.830695,0.81726,0.78716,0.850835
3.2592,0.774683,0.815004,0.705278,0.736806,0.739306,0.794124,0.831261,0.815106,0.787863,0.848777
3.2594,0.774477,0.815104,0.705295,0.734742,0.74053,0.793461,0.832289,0.814082,0.789064,0.848022
3.2596,0.773761,0.814793,0.705575,0.73279,0.740974,0.793741,0.832571,0.814777,0.790229,0.849108
3.2598,0.772933,0.814862,0.705998,0.731559,0.740487,0.795484,0.830946,0.816939,0.791301,0.851987
3.26,0.77253,0.815685,0.70628,0.732281,0.739593,0.797489,0.828462,0.818846,0.792091,0.855049
3.2602,0.773532,0.817064,0.706027,0.734607,0.73939,0.798614,0.826648,0.819073,0.792676,0.856451
3.2604,0.775804,0.818722,0.705512,0.736433,0.740288,0.798172,0.826098,0.817675,0.793215,0.856741
3.2606,0.778152,0.820121,0.704783,0.736465,0.741682,0.797144,0.826538,0.815931,0.793553,0.856502
3.2608,0.779506,0.820981,0.704509,0.735259,0.742632,0.796452,0.827146,0.815267,0.793389,0.856283
3.261,0.779678,0.821565,0.705061,0.73401,0.743035,0.796533,0.82739,0.816212,0.792987,0.857308
3.2612,0.779117,0.822118,0.70575,0.733349,0.742989,0.797412,0.827451,0.818197,0.792983,0.859045
3.2614,0.77917,0.822834,0.706326,0.733342,0.743012,0.79857,0.82774,0.819798,0.794139,0.860634
3.2616,0.77995,0.823831,0.706133,0.733633,0.74334,0.798993,0.82853,0.82004,0.795462,0.862146
3.2618,0.780491,0.824443,0.704876,0.733723,0.744135,0.79858,0.82942,0.818291,0.795844,0.863127
3.262,0.780186,0.824788,0.703066,0.733339,0.745083,0.797399,0.829857,0.815643,0.795499,0.864201
3.2622,0.778771,0.824744,0.701599,0.732872,0.746098,0.796097,0.830635,0.813316,0.795032,0.866088
3.2624,0.77733,0.82437,0.701124,0.732751,0.746922,0.795525,0.831869,0.812154,0.794775,0.868233
3.2626,0.776612,0.824114,0.701627,0.732923,0.746863,0.795462,0.833074,0.812034,0.795588,0.869935
3.2628,0.777149,0.824033,0.702552,0.733119,0.746268,0.795867,0.834815,0.812052,0.797239,0.871087
3.263,0.777678,0.824032,0.703155,0.733207,0.746267,0.79644,0.837828,0.811667,0.798635,0.871495
3.2632,0.777615,0.823764,0.703009,0.733158,0.747027,0.796788,0.840788,0.810387,0.798807,0.871888
3.2634,0.776201,0.823291,0.702222,0.733035,0.747691,0.796675,0.842474,0.808572,0.797636,0.872726
3.2636,0.773876,0.822634,0.70126,0.73309,0.748022,0.796273,0.843757,0.806521,0.795737,0.873989
3.2638,0.771757,0.822083,0.700593,0.733495,0.748359,0.795775,0.845503,0.805825,0.794416,0.875902
3.264,0.77042,0.821745,0.70047,0.734123,0.748801,0.795925,0.847686,0.806211,0.794584,0.878101
3.2642,0.769884,0.821705,0.700813,0.734629,0.748843,0.796435,0.849676,0.806169,0.795979,0.8799
3.2644,0.769393,0.822227,0.701247,0.734742,0.748665,0.796711,0.851134,0.804974,0.797621,0.881026
3.2646,0.768679,0.823059,0.70123,0.734424,0.748834,0.797057,0.852348,0.802729,0.798633,0.881239
3.2648,0.768036,0.824032,0.700754,0.733889,0.749693,0.797532,0.853638,0.800157,0.798444,0.88092
3.265,0.767896,0.824394,0.699703,0.733684,0.75077,0.79786,0.854555,0.798303,0.797703,0.880749
3.2652,0.768206,0.823948,0.69841,0.733539,0.751456,0.797982,0.854501,0.797427,0.796893,0.88123
3.2654,0.767911,0.823091,0.697284,0.73318,0.751599,0.797615,0.854096,0.797001,0.796709,0.882454
3.2656,0.766472,0.82249,0.696561,0.732638,0.751457,0.797107,0.85434,0.796529,0.797013,0.884101
3.2658,0.764383,0.822516,0.696398,0.731797,0.751232,0.796795,0.854308,0.795864,0.797243,0.885686
3.266,0.762521,0.823109,0.696257,0.730877,0.751063,0.796675,0.853735,0.795107,0.797271,0.886875
3.2662,0.761573,0.82391,0.696092,0.730771,0.750781,0.796539,0.85242,0.79447,0.796548,0.887572
3.2664,0.761588,0.824417,0.695747,0.730908,0.750855,0.796308,0.850443,0.794153,0.795874,0.887867
3.2666,0.762051,0.824107,0.695095,0.73051,0.751245,0.796368,0.849085,0.794274,0.795726,0.887841
3.2668,0.762325,0.823609,0.69402,0.729588,0.751928,0.796189,0.848807,0.794572,0.795982,0.887878
3.267,0.76199,0.823726,0.692726,0.728289,0.752257,0.795325,0.850571,0.794462,0.795999,0.888086
3.2672,0.761011,0.824207,0.691342,0.726801,0.751702,0.794512,0.851125,0.794175,0.795184,0.888095
3.2674,0.75995,0.824269,0.690106,0.725469,0.75026,0.794136,0.848256,0.794268,0.793811,0.888036
3.2676,0.759519,0.823299,0.689345,0.724709,0.74858,0.794142,0.843994,0.794295,0.792412,0.887393
3.2678,0.759555,0.821381,0.68901,0.724317,0.747466,0.794047,0.841341,0.793689,0.79152,0.886361
3.268,0.759552,0.819439,0.688686,0.723888,0.74745,0.79344,0.84275,0.792684,0.79143,0.885452
3.2682,0.759226,0.818463,0.688095,0.723118,0.748,0.792581,0.845999,0.79161,0.791851,0.884448
3.2684,0.758349,0.818669,0.687303,0.722119,0.748208,0.791692,0.847127,0.79079,0.792138,0.883483
3.2686,0.75743,0.819296,0.686591,0.721292,0.747905,0.791219,0.845489,0.79057,0.791729,0.88206
3.2688,0.756965,0.819432,0.686218,0.720942,0.747431,0.791109,0.844223,0.790887,0.790452,0.880303
3.269,0.756996,0.818697,0.686239,0.721012,0.74664,0.790839,0.845664,0.791259,0.788902,0.878694
3.2692,0.757262,0.817245,0.686375,0.721131,0.745118,0.790444,0.847741,0.791308,0.788188,0.877686
3.2694,0.757416,0.815604,0.68623,0.721009,0.743757,0.79019,0.848398,0.791065,0.788252,0.876834
3.2696,0.757081,0.814509,0.685887,0.720577,0.743133,0.789929,0.847665,0.79066,0.788621,0.875559
3.2698,0.756125,0.814021,0.685881,0.71998,0.742745,0.789381,0.846297,0.79019,0.788764,0.873694
3.27,0.754908,0.813468,0.686193,0.719843,0.742564,0.788489,0.844733,0.790016,0.788025,0.871641
3.2702,0.753898,0.812126,0.686432,0.720458,0.742357,0.787236,0.843532,0.790245,0.786545,0.869983
3.2704,0.75322,0.810154,0.686159,0.721516,0.741788,0.786445,0.843374,0.790853,0.784536,0.869204
3.2706,0.752629,0.808043,0.685369,0.721978,0.740598,0.786103,0.843578,0.790765,0.783109,0.868774
3.2708,0.751617,0.806132,0.684519,0.721328,0.739249,0.785985,0.843534,0.789486,0.783327,0.868403
3.271,0.75022,0.804653,0.684165,0.720364,0.738551,0.785989,0.843322,0.787199,0.78487,0.867724
3.2712,0.748767,0.80389,0.684553,0.719704,0.738609,0.785928,0.842731,0.784965,0.786393,0.866701
3.2714,0.747781,0.802955,0.685483,0.720275,0.738823,0.785568,0.842354,0.783948,0.786764,0.865787
3.2716,0.747137,0.801065,0.686714,0.721562,0.738679,0.784934,0.841675,0.784763,0.785629,0.865365
3.2718,0.746442,0.798485,0.687493,0.723102,0.738143,0.784356,0.841009,0.786042,0.783634,0.865273
3.272,0.745219,0.796091,0.687331,0.724108,0.737675,0.784133,0.840542,0.78704,0.782266,0.865352
3.2722,0.743477,0.794841,0.686379,0.723952,0.737463,0.784236,0.841387,0.787948,0.782688,0.865693
3.2724,0.741876,0.796354,0.685215,0.722767,0.737053,0.784557,0.842513,0.787252,0.783869,0.866044
3.2726,0.741096,0.799095,0.684794,0.721402,0.73632,0.7846,0.843498,0.784556,0.784814,0.865982
3.2728,0.741104,0.800388,0.685388,0.720799,0.735256,0.784117,0.843376,0.781467,0.784986,0.865405
3.273,0.74134,0.798962,0.686434,0.721057,0.734096,0.783117,0.843004,0.779436,0.784043,0.864423
3.2732,0.740895,0.795403,0.68699,0.721472,0.733376,0.782108,0.842932,0.778821,0.782548,0.863934
3.2734,0.739703,0.79185,0.687263,0.721528,0.733527,0.78167,0.843564,0.779089,0.781537,0.864394
3.2736,0.73821,0.789964,0.688281,0.720704,0.73425,0.782251,0.843661,0.779158,0.781525,0.865768
3.2738,0.738051,0.790259,0.689812,0.719353,0.73476,0.783109,0.843471,0.77992,0.782244,0.866912
3.274,0.74047,0.791973,0.690228,0.717854,0.734763,0.784049,0.843969,0.781714,0.782918,0.867472
3.2742,0.744184,0.793522,0.688969,0.71721,0.733745,0.784676,0.845176,0.783262,0.782883,0.867325
3.2744,0.746436,0.793954,0.686564,0.717238,0.732368,0.784206,0.845391,0.783708,0.782318,0.866611
3.2746,0.746118,0.793377,0.683907,0.716879,0.731428,0.783056,0.844797,0.783392,0.78171,0.866596
3.2748,0.744426,0.792458,0.682339,0.715881,0.73134,0.782277,0.843754,0.783724,0.781705,0.867301
3.275,0.743013,0.791933,0.682217,0.714397,0.732253,0.782724,0.843797,0.784747,0.782044,0.868381
3.2752,0.743166,0.792205,0.683243,0.712743,0.733108,0.783982,0.845019,0.78579,0.782127,0.8697
3.2754,0.744852,0.793062,0.684261,0.711641,0.733337,0.784748,0.845825,0.786095,0.781642,0.870664
3.2756,0.746274,0.794075,0.684666,0.7112,0.732812,0.784402,0.845983,0.785912,0.780441,0.871135
3.2758,0.746713,0.795535,0.684128,0.711032,0.732098,0.783579,0.846351,0.785579,0.778713,0.871185
3.276,0.746653,0.797555,0.682979,0.710679,0.731651,0.783181,0.847066,0.78548,0.777446,0.870696
3.2762,0.746863,0.799196,0.682123,0.709802,0.731933,0.783478,0.847882,0.785976,0.776994,0.870854
3.2764,0.747592,0.800085,0.681935,0.708703,0.732562,0.784089,0.849798,0.786967,0.778181,0.871814
3.2766,0.748347,0.800154,0.682327,0.708098,0.73313,0.784294,0.85118,0.788568,0.779441,0.873538
3.2768,0.748643,0.800502,0.682907,0.708159,0.733831,0.784199,0.851434,0.790431,0.778955,0.875838
3.277,0.748822,0.801456,0.683316,0.708573,0.734233,0.783499,0.851706,0.791288,0.77632,0.878135
3.2772,0.74864,0.802821,0.683418,0.708882,0.734413,0.782988,0.854053,0.791318,0.772604,0.879743
3.2774,0.748919,0.804078,0.683284,0.708793,0.734346,0.783523,0.857338,0.791439,0.769517,0.88
3.2776,0.749862,0.80472,0.682983,0.708434,0.734494,0.784656,0.860588,0.791527,0.768583,0.879539
3.2778,0.750874,0.80471,0.682563,0.708263,0.735079,0.785369,0.8626,0.791882,0.770037,0.879398
3.278,0.752045,0.804642,0.682479,0.708376,0.735574,0.784858,0.861533,0.793148,0.772,0.880121
3.2782,0.752622,0.805102,0.682994,0.708557,0.73571,0.783815,0.860561,0.794458,0.772534,0.881824
3.2784,0.75216,0.806375,0.683625,0.708822,0.735296,0.782738,0.862256,0.794844,0.770494,0.883876
3.2786,0.751013,0.808095,0.683808,0.709099,0.734681,0.782467,0.864279,0.79442,0.766954,0.885759
3.2788,0.749854,0.80914,0.683389,0.709346,0.73432,0.782893,0.86417,0.794152,0.763633,0.886896
3.279,0.749007,0.809084,0.682999,0.709759,0.734477,0.783484,0.862675,0.794222,0.76189,0.887305
3.2792,0.748833,0.807718,0.683173,0.710463,0.735078,0.78394,0.861467,0.793856,0.762239,0.887144
3.2794,0.749973,0.806318,0.683602,0.711273,0.735785,0.783956,0.861901,0.792861,0.763841,0.88768
3.2796,0.752322,0.805972,0.683821,0.712149,0.736241,0.783354,0.8632,0.791604,0.765221,0.889065
3.2798,0.753892,0.806917,0.683628,0.713368,0.736287,0.782384,0.863513,0.790661,0.765431,0.890506
3.28,0.753509,0.807983,0.683106,0.714808,0.736091,0.78204,0.863522,0.790465,0.764643,0.89198
3.2802,0.752018,0.808147,0.682402,0.715608,0.735999,0.782832,0.864298,0.790302,0.763577,0.892579
3.2804,0.749648,0.807307,0.681801,0.715561,0.736111,0.783716,0.865852,0.78923,0.763123,0.892946
3.2806,0.747413,0.805985,0.681647,0.714746,0.736286,0.784094,0.867533,0.787322,0.763754,0.893155
3.2808,0.74682,0.804971,0.681903,0.713834,0.736407,0.783752,0.867558,0.785102,0.764845,0.893207
3.281,0.747789,0.804637,0.682551,0.713596,0.736555,0.782583,0.86424,0.783599,0.766018,0.893532
3.2812,0.749522,0.804943,0.682952,0.71415,0.736482,0.781223,0.861419,0.783618,0.76682,0.894187
3.2814,0.750153,0.805199,0.68278,0.715215,0.735901,0.780387,0.860586,0.783967,0.767248,0.895064
3.2816,0.749043,0.804917,0.682025,0.716031,0.734657,0.780504,0.861468,0.783251,0.767615,0.895685
3.2818,0.747399,0.804142,0.681205,0.716546,0.732901,0.781505,0.86158,0.781229,0.768371,0.895796
3.282,0.746433,0.80327,0.68095,0.716959,0.731224,0.782181,0.858919,0.778631,0.769524,0.895524
3.2822,0.746883,0.802805,0.681447,0.71733,0.730023,0.782248,0.855739,0.776422,0.770424,0.895297
3.2824,0.747781,0.802955,0.682177,0.717705,0.729203,0.781736,0.853806,0.775256,0.770765,0.895875
3.2826,0.748645,0.803417,0.682299,0.718028,0.728568,0.781393,0.852805,0.775125,0.771075,0.896385
3.2828,0.749294,0.803909,0.681972,0.718308,0.72783,0.781343,0.85203,0.775366,0.77166,0.896226
3.283,0.74951,0.80422,0.681477,0.718046,0.726879,0.781355,0.85065,0.775381,0.772331,0.895443
3.2832,0.748923,0.804167,0.680813,0.717817,0.72663,0.781866,0.849194,0.775096,0.77281,0.894377
3.2834,0.747487,0.803812,0.680233,0.718097,0.726658,0.782293,0.84855,0.774689,0.772615,0.893863
3.2836,0.745984,0.80373,0.680004,0.718227,0.725969,0.781775,0.848754,0.774203,0.771682,0.894152
3.2838,0.744923,0.804181,0.679855,0.717724,0.724264,0.780898,0.84945,0.773494,0.770735,0.89439
3.284,0.745223,0.80456,0.679888,0.717029,0.721816,0.780375,0.849434,0.772982,0.770377,0.894349
3.2842,0.746464,0.804035,0.680035,0.716481,0.719405,0.780056,0.848606,0.773018,0.770697,0.893713
3.2844,0.747603,0.802419,0.68011,0.716445,0.717953,0.779605,0.847945,0.773649,0.77074,0.89231
3.2846,0.747342,0.800452,0.679788,0.716987,0.71759,0.779207,0.847226,0.774333,0.769951,0.890852
3.2848,0.745522,0.799083,0.67914,0.71742,0.717604,0.779209,0.846295,0.774501,0.768419,0.889434
3.285,0.743033,0.798838,0.678576,0.717066,0.717213,0.779507,0.846469,0.773884,0.766508,0.888495
3.2852,0.740993,0.799321,0.678413,0.715883,0.716142,0.779765,0.848115,0.773473,0.765065,0.887678
3.2854,0.740659,0.799657,0.678583,0.714526,0.714736,0.779751,0.849435,0.7735,0.764588,0.886496
3.2856,0.741408,0.799286,0.678672,0.713734,0.713636,0.779437,0.848762,0.773866,0.764631,0.885177
3.2858,0.742341,0.79815,0.678439,0.713807,0.713232,0.778642,0.846133,0.774413,0.763893,0.883766
3.286,0.742022,0.796658,0.678104,0.714208,0.713313,0.777604,0.843579,0.774864,0.761908,0.882509
3.2862,0.739962,0.795344,0.677838,0.714484,0.713238,0.777058,0.843324,0.775616,0.759096,0.88163
3.2864,0.737259,0.794553,0.678197,0.714564,0.71285,0.777273,0.845232,0.775941,0.756273,0.880478
3.2866,0.735664,0.794288,0.678763,0.714601,0.712478,0.777637,0.847041,0.775615,0.754494,0.879272
3.2868,0.736014,0.79372,0.679209,0.7147,0.712019,0.777467,0.846986,0.775182,0.754218,0.878305
3.287,0.736898,0.792354,0.678917,0.714339,0.711425,0.776475,0.845228,0.774673,0.754541,0.877578
3.2872,0.737087,0.790344,0.678115,0.7136,0.710777,0.775169,0.842732,0.77421,0.754317,0.876705
3.2874,0.736372,0.787967,0.677457,0.712706,0.710122,0.774011,0.840583,0.774139,0.752888,0.875484
3.2876,0.735073,0.786184,0.67715,0.712434,0.709555,0.773684,0.838707,0.774608,0.750601,0.873937
3.2878,0.733822,0.785211,0.677563,0.712667,0.709161,0.773916,0.836888,0.776054,0.748528,0.872351
3.288,0.733207,0.784681,0.678058,0.71337,0.708978,0.774723,0.834798,0.777895,0.74751,0.87116
3.2882,0.733279,0.783542,0.678402,0.714036,0.708963,0.775412,0.83231,0.778523,0.747595,0.870141
3.2884,0.733634,0.781602,0.678332,0.713855,0.709199,0.775107,0.830188,0.77805,0.748352,0.869251
3.2886,0.733711,0.779255,0.678221,0.713199,0.70957,0.773717,0.828179,0.777352,0.749472,0.868668
3.2888,0.733172,0.777518,0.678182,0.712432,0.709739,0.771668,0.825792,0.776335,0.750182,0.867676
3.289,0.732361,0.777545,0.677937,0.712238,0.709484,0.770325,0.822294,0.77617,0.749839,0.866351
3.2892,0.732391,0.778322,0.677629,0.713355,0.708732,0.769635,0.818378,0.776976,0.748853,0.86525
3.2894,0.733082,0.77831,0.677427,0.71527,0.707866,0.769503,0.814873,0.777978,0.748024,0.86439
3.2896,0.733391,0.777229,0.677483,0.716623,0.70742,0.769726,0.812467,0.778176,0.7478,0.863295
3.2898,0.732701,0.775457,0.677821,0.716536,0.707346,0.769976,0.811084,0.777159,0.74811,0.862676
3.29,0.730968,0.773569,0.678745,0.715827,0.70823,0.769878,0.809885,0.776229,0.748765,0.862877
3.2902,0.729256,0.772232,0.679602,0.715338,0.70915,0.769173,0.807743,0.777023,0.749215,0.864024
3.2904,0.728696,0.771773,0.679601,0.715044,0.708964,0.768267,0.805009,0.779118,0.749836,0.865369
3.2906,0.730669,0.771991,0.678714,0.715572,0.70798,0.767724,0.802811,0.78088,0.750182,0.865358
3.2908,0.733643,0.772546,0.677568,0.71688,0.706481,0.767839,0.801354,0.781078,0.750329,0.864511
3.291,0.734386,0.773605,0.677023,0.717631,0.705032,0.768181,0.800357,0.779697,0.75076,0.863672
3.2912,0.732198,0.775104,0.677534,0.717665,0.703942,0.768617,0.799491,0.777896,0.751531,0.863621
3.2914,0.728405,0.776198,0.678706,0.717416,0.703063,0.768792,0.798784,0.777036,0.752724,0.86481
3.2916,0.72562,0.776692,0.679657,0.716765,0.702735,0.7689,0.798507,0.777572,0.753985,0.866018
3.2918,0.725276,0.776658,0.679651,0.71617,0.702794,0.769241,0.798914,0.778776,0.754436,0.866698
3.292,0.728504,0.776299,0.678632,0.715861,0.703267,0.769204,0.800123,0.7799,0.754526,0.866939
3.2922,0.732218,0.775954,0.677211,0.71586,0.703606,0.768332,0.801732,0.779851,0.754997,0.86691
3.2924,0.732657,0.776151,0.676309,0.716051,0.703255,0.767335,0.802085,0.778873,0.755792,0.867027
3.2926,0.729202,0.777108,0.676212,0.715992,0.70258,0.767024,0.802346,0.778234,0.756279,0.867809
3.2928,0.724246,0.778367,0.676341,0.715784,0.702683,0.767318,0.803757,0.778635,0.755907,0.869018
3.293,0.720724,0.779517,0.676468,0.716479,0.703331,0.768217,0.805661,0.779637,0.75491,0.870247
3.2932,0.720201,0.780563,0.676525,0.71843,0.703998,0.769335,0.806989,0.78067,0.754748,0.870919
3.2934,0.721698,0.782112,0.676923,0.720333,0.704576,0.770029,0.807724,0.779853,0.756192,0.870977
3.2936,0.723537,0.783532,0.677144,0.720454,0.705169,0.769688,0.807414,0.776882,0.758327,0.871038
3.2938,0.724409,0.784419,0.676469,0.718711,0.705752,0.768691,0.807607,0.772958,0.760304,0.871639
3.294,0.723819,0.784734,0.674901,0.716111,0.706257,0.768048,0.809034,0.77018,0.760819,0.872651
3.2942,0.722468,0.785231,0.673165,0.714248,0.706965,0.768333,0.810661,0.769607,0.760176,0.873572
3.2944,0.721451,0.786368,0.672272,0.714254,0.707627,0.769281,0.812207,0.769805,0.759452,0.873959
3.2946,0.721806,0.788651,0.67342,0.716068,0.708384,0.769653,0.813735,0.769957,0.759768,0.873728
3.2948,0.723509,0.791549,0.675862,0.718465,0.709648,0.76902,0.814988,0.769128,0.760573,0.87314
3.295,0.724987,0.79402,0.677951,0.719448,0.710848,0.767779,0.816004,0.767021,0.761247,0.872706
3.2952,0.725697,0.795576,0.678166,0.718411,0.711682,0.766789,0.817408,0.764593,0.761383,0.872526
3.2954,0.725623,0.795953,0.676697,0.716071,0.712476,0.76629,0.818843,0.762915,0.76072,0.872508
3.2956,0.725272,0.795847,0.674499,0.713931,0.713036,0.766583,0.818673,0.762987,0.759833,0.87292
3.2958,0.724854,0.796034,0.673032,0.713436,0.71346,0.767141,0.816879,0.76373,0.758838,0.873061
3.296,0.724422,0.797266,0.673179,0.715508,0.713411,0.767677,0.814626,0.763935,0.758264,0.872808
3.2962,0.724015,0.79926,0.674598,0.718851,0.713659,0.768321,0.813187,0.763248,0.758417,0.87246
3.2964,0.723122,0.801287,0.676431,0.721458,0.714813,0.768809,0.812872,0.762115,0.758666,0.871494
3.2966,0.722028,0.803306,0.677626,0.721863,0.716342,0.768526,0.813168,0.761196,0.758302,0.870687
3.2968,0.721036,0.804623,0.677631,0.719838,0.717994,0.767486,0.812397,0.760948,0.757695,0.870188
3.297,0.720919,0.804852,0.676607,0.717184,0.719352,0.766285,0.810432,0.761486,0.7567,0.869949
3.2972,0.721108,0.804849,0.675356,0.71564,0.719723,0.765786,0.808703,0.762505,0.755791,0.869809
3.2974,0.720647,0.804905,0.675028,0.716046,0.719187,0.765824,0.80681,0.763138,0.755264,0.869171
3.2976,0.719424,0.805462,0.675729,0.717798,0.718108,0.766372,0.805129,0.763231,0.754356,0.868347
3.2978,0.717509,0.806637,0.676941,0.719068,0.717082,0.767175,0.803606,0.763707,0.752805,0.868012
3.298,0.716006,0.8079,0.677641,0.71914,0.717163,0.767785,0.803666,0.764868,0.751193,0.868183
3.2982,0.715596,0.808829,0.677307,0.718512,0.718524,0.767613,0.804405,0.765604,0.750021,0.868897
3.2984,0.716775,0.809353,0.676403,0.718437,0.720263,0.767157,0.805874,0.76528,0.74989,0.86966
3.2986,0.71898,0.809526,0.675497,0.719291,0.721333,0.766313,0.806445,0.763926,0.750727,0.869713
3.2988,0.720108,0.809593,0.675026,0.720123,0.721336,0.765925,0.804247,0.762454,0.751486,0.869103
3.299,0.719052,0.809809,0.675247,0.720139,0.72044,0.766352,0.801688,0.762134,0.751301,0.868308
3.2992,0.716343,0.810283,0.675879,0.719659,0.719274,0.767172,0.800635,0.76326,0.750106,0.86787
3.2994,0.713665,0.810779,0.676136,0.718784,0.718551,0.767707,0.802175,0.764847,0.748552,0.867974
3.2996,0.712454,0.810998,0.676051,0.7178,0.718401,0.766929,0.804363,0.76571,0.747631,0.868021
3.2998,0.713072,0.81103,0.675963,0.717567,0.718874,0.76512,0.80449,0.765432,0.748352,0.867741
3.3,0.714723,0.810821,0.67591,0.7175,0.719437,0.763339,0.802631,0.764382,0.750098,0.867154
3.3002,0.716014,0.810418,0.676088,0.717222,0.71957,0.762937,0.801089,0.763333,0.751358,0.866185
3.3004,0.715944,0.80995,0.676059,0.716544,0.719013,0.763913,0.801518,0.763115,0.751316,0.865234
3.3006,0.714487,0.809236,0.675605,0.715737,0.717754,0.765107,0.802908,0.763734,0.750272,0.864506
3.3008,0.713082,0.808055,0.675032,0.714862,0.716604,0.765551,0.803509,0.764327,0.749426,0.863824
3.301,0.712862,0.80678,0.674504,0.713939,0.716071,0.764681,0.803056,0.763865,0.749074,0.86303
3.3012,0.713522,0.805779,0.674392,0.713118,0.716019,0.762863,0.801803,0.762179,0.749663,0.861865
3.3014,0.714013,0.804891,0.674439,0.71271,0.716332,0.760892,0.800388,0.759711,0.750461,0.860514
3.3016,0.713428,0.803939,0.674218,0.71246,0.716852,0.759337,0.799798,0.757648,0.75062,0.859489
3.3018,0.711812,0.803302,0.674159,0.712072,0.717409,0.758823,0.799761,0.756525,0.750159,0.858928
3.302,0.710293,0.802954,0.674119,0.711631,0.717091,0.759255,0.799888,0.756318,0.749602,0.858636
3.3022,0.709895,0.802312,0.673464,0.710671,0.715985,0.760082,0.799858,0.75617,0.749271,0.858411
3.3024,0.710563,0.801584,0.672861,0.709477,0.714543,0.760546,0.799699,0.755189,0.74933,0.857849
3.3026,0.711508,0.801144,0.672575,0.709095,0.712917,0.759958,0.79969,0.753711,0.749826,0.856614
3.3028,0.711949,0.800422,0.672361,0.709853,0.711427,0.759094,0.799969,0.751901,0.750268,0.855162
3.303,0.711431,0.799039,0.672473,0.710726,0.711173,0.75824,0.800363,0.751245,0.749964,0.854119
3.3032,0.709975,0.797489,0.673095,0.71087,0.712006,0.757376,0.800527,0.752253,0.749353,0.853175
3.3034,0.708805,0.796486,0.673654,0.710558,0.71277,0.756865,0.800462,0.753147,0.74911,0.851896
3.3036,0.708982,0.796102,0.674031,0.709893,0.712799,0.75652,0.80035,0.752225,0.749096,0.850018
3.3038,0.7097,0.795758,0.674142,0.708972,0.712056,0.756148,0.799896,0.750175,0.748734,0.847385
3.304,0.709729,0.79514,0.674077,0.708045,0.710869,0.755677,0.79863,0.748632,0.747513,0.844789
3.3042,0.708687,0.794297,0.674346,0.707431,0.709936,0.755221,0.797727,0.748106,0.745856,0.842946
3.3044,0.706898,0.79324,0.674423,0.70731,0.710209,0.754872,0.796912,0.748246,0.74415,0.842039
3.3046,0.705278,0.792051,0.674415,0.707553,0.711398,0.754601,0.795436,0.74836,0.743665,0.841896
3.3048,0.704784,0.791037,0.674107,0.707817,0.712497,0.754077,0.793089,0.748019,0.744133,0.841284
3.305,0.705582,0.790551,0.673846,0.707866,0.713017,0.753347,0.790766,0.747513,0.744687,0.839773
3.3052,0.70631,0.790215,0.673702,0.707777,0.712815,0.752676,0.789368,0.74739,0.744073,0.837872
3.3054,0.706029,0.790406,0.674255,0.707661,0.711886,0.752585,0.789388,0.747748,0.742084,0.83637
3.3056,0.704145,0.791575,0.675035,0.707375,0.710754,0.752784,0.788692,0.748672,0.739912,0.835826
3.3058,0.702554,0.793413,0.675284,0.70681,0.710016,0.752482,0.786035,0.749817,0.738357,0.835465
3.306,0.703441,0.794625,0.675123,0.706749,0.710148,0.752231,0.783059,0.750303,0.737875,0.834866
3.3062,0.705355,0.793947,0.674717,0.70719,0.710846,0.752437,0.781824,0.750343,0.737931,0.834074
3.3064,0.705876,0.791329,0.674694,0.70778,0.711432,0.752453,0.782733,0.751158,0.737728,0.834031
3.3066,0.704274,0.788081,0.674844,0.707505,0.711438,0.752515,0.78361,0.753135,0.736868,0.835148
3.3068,0.701319,0.786144,0.675392,0.706832,0.710854,0.752559,0.782528,0.75587,0.736878,0.836351
3.307,0.699636,0.786544,0.676409,0.707164,0.710224,0.752786,0.778843,0.757354,0.737989,0.837357
3.3072,0.701154,0.788347,0.676921,0.707496,0.710369,0.75301,0.775,0.756347,0.73958,0.83731
3.3074,0.704376,0.789878,0.676533,0.706496,0.711344,0.752534,0.773326,0.754117,0.74081,0.836229
3.3076,0.706641,0.790062,0.675355,0.704424,0.711878,0.751829,0.773738,0.753228,0.740927,0.835044
3.3078,0.706579,0.789233,0.674054,0.702187,0.711711,0.75109,0.77456,0.754562,0.740223,0.834248
3.308,0.705056,0.788175,0.673353,0.700713,0.711737,0.751086,0.774101,0.75671,0.739805,0.83441
3.3082,0.703468,0.787653,0.673256,0.701307,0.711867,0.752084,0.772637,0.758749,0.740407,0.835169
3.3084,0.702981,0.788191,0.673791,0.703628,0.712059,0.753173,0.771374,0.759955,0.741417,0.835883
3.3086,0.70411,0.789226,0.674803,0.705615,0.712202,0.753736,0.771551,0.760113,0.742084,0.836618
3.3088,0.705514,0.7897,0.675504,0.705962,0.712143,0.753315,0.773579,0.759622,0.742111,0.837301
3.309,0.706478,0.789503,0.675527,0.704331,0.711865,0.751777,0.775332,0.758797,0.741297,0.838216
3.3092,0.707059,0.790056,0.674893,0.701844,0.712459,0.750211,0.775586,0.757964,0.740249,0.839038
3.3094,0.707707,0.791115,0.673894,0.70067,0.714081,0.749233,0.77577,0.757826,0.739935,0.839556
3.3096,0.708292,0.791269,0.673266,0.701505,0.715372,0.748994,0.775717,0.758299,0.740833,0.840303
3.3098,0.708326,0.790177,0.673157,0.703263,0.715507,0.749631,0.775072,0.758826,0.742152,0.84157
3.31,0.7084,0.788591,0.673727,0.704751,0.714424,0.750899,0.774438,0.759601,0.743166,0.842333
3.3102,0.709151,0.787544,0.674512,0.705467,0.713117,0.75196,0.774307,0.760033,0.743582,0.842313
3.3104,0.709832,0.78719,0.674972,0.704889,0.712751,0.752124,0.775102,0.759859,0.7432,0.841375
3.3106,0.710346,0.787332,0.674746,0.703908,0.713279,0.751407,0.776582,0.75932,0.742555,0.840483
3.3108,0.71129,0.787695,0.674082,0.703423,0.714685,0.750334,0.777742,0.759599,0.742276,0.84069
3.311,0.712331,0.787989,0.673789,0.703179,0.716342,0.749782,0.777784,0.760486,0.742538,0.841199
3.3112,0.712795,0.787774,0.673785,0.703227,0.716971,0.750379,0.777735,0.761845,0.743556,0.841745
3.3114,0.712842,0.787038,0.673581,0.70367,0.716076,0.751693,0.778972,0.762553,0.74481,0.842019
3.3116,0.712474,0.78624,0.673109,0.704105,0.714378,0.752857,0.781347,0.761631,0.745411,0.841908
3.3118,0.711959,0.785976,0.672179,0.703764,0.712878,0.753098,0.783726,0.759832,0.745305,0.842066
3.312,0.7112,0.78698,0.670921,0.70297,0.712897,0.752132,0.785366,0.758782,0.744631,0.842626
3.3122,0.710514,0.789996,0.669806,0.70306,0.714241,0.750903,0.785617,0.758956,0.743877,0.843184
3.3124,0.710057,0.793462,0.66921,0.70395,0.716009,0.750938,0.784568,0.760191,0.743739,0.843399
3.3126,0.70977,0.795649,0.66912,0.705138,0.716868,0.752038,0.782966,0.761322,0.744428,0.843512
3.3128,0.709488,0.796051,0.668891,0.706713,0.716272,0.753818,0.781936,0.76202,0.745864,0.843626
3.313,0.708969,0.795617,0.668177,0.708168,0.714803,0.755185,0.781954,0.762062,0.747066,0.844225
3.3132,0.708601,0.79537,0.667045,0.70869,0.713798,0.755537,0.78266,0.760655,0.747454,0.845451
3.3134,0.708464,0.795971,0.665733,0.708062,0.713702,0.754858,0.783929,0.757759,0.747759,0.846704
3.3136,0.708603,0.797384,0.664712,0.706935,0.7145,0.753797,0.783604,0.755162,0.748174,0.8476
3.3138,0.708116,0.798966,0.663992,0.706382,0.715432,0.753008,0.781864,0.754085,0.748187,0.848303
3.314,0.706771,0.800206,0.663614,0.706854,0.71579,0.752973,0.780094,0.753925,0.747798,0.849033
3.3142,0.705191,0.801232,0.663345,0.70845,0.715303,0.753709,0.779939,0.753922,0.747314,0.850113
3.3144,0.703963,0.802303,0.664176,0.710266,0.714133,0.754846,0.780595,0.753142,0.747022,0.851048
3.3146,0.703447,0.803161,0.666189,0.711303,0.713238,0.755703,0.781182,0.75138,0.747109,0.851646
3.3148,0.70345,0.803806,0.668033,0.711457,0.713177,0.756113,0.781088,0.748995,0.747685,0.852186
3.315,0.70318,0.804183,0.66827,0.711039,0.714096,0.755721,0.780485,0.746862,0.748782,0.852957
3.3152,0.702279,0.804154,0.667182,0.710521,0.71522,0.754826,0.779616,0.745581,0.749746,0.853903
3.3154,0.700872,0.804092,0.665716,0.709875,0.715675,0.754015,0.778066,0.745092,0.750088,0.854959
3.3156,0.699414,0.804284,0.66457,0.709311,0.715229,0.753437,0.777305,0.745037,0.749726,0.855853
3.3158,0.698489,0.804827,0.664084,0.709298,0.714214,0.753957,0.777167,0.744946,0.748654,0.856406
3.316,0.698243,0.805522,0.664427,0.709858,0.713152,0.755188,0.776857,0.744513,0.748046,0.856444
3.3162,0.698357,0.805957,0.664974,0.710184,0.712346,0.755515,0.775953,0.743678,0.748305,0.85583
3.3164,0.698333,0.805795,0.664938,0.710343,0.71201,0.754908,0.774778,0.742769,0.748569,0.854903
3.3166,0.697887,0.804979,0.66459,0.710329,0.712303,0.754471,0.774106,0.742407,0.748582,0.854136
3.3168,0.69715,0.80384,0.664564,0.709645,0.712353,0.754119,0.774301,0.742818,0.748146,0.85367
3.317,0.69655,0.80288,0.664853,0.708382,0.711952,0.753058,0.775161,0.743259,0.747174,0.853613
3.3172,0.696219,0.802316,0.66522,0.708007,0.71171,0.751701,0.776105,0.743472,0.745894,0.853673
3.3174,0.696113,0.801694,0.665187,0.708583,0.711286,0.751078,0.775836,0.743984,0.744744,0.853009
3.3176,0.696423,0.801023,0.664293,0.709173,0.71041,0.751499,0.774897,0.744472,0.744233,0.851644
3.3178,0.697052,0.799681,0.662775,0.709151,0.709065,0.752232,0.774938,0.744119,0.744488,0.849367
3.318,0.697143,0.797664,0.661648,0.707952,0.707891,0.752309,0.775391,0.742794,0.745013,0.846841
3.3182,0.696239,0.795675,0.661649,0.706122,0.70722,0.751592,0.775173,0.741201,0.745082,0.845026
3.3184,0.694686,0.793723,0.66254,0.705278,0.707895,0.750247,0.774203,0.740282,0.744347,0.843771
3.3186,0.693305,0.792302,0.663504,0.70628,0.709694,0.748851,0.772856,0.74054,0.742953,0.843166
3.3188,0.692832,0.791277,0.66388,0.707754,0.710771,0.747867,0.771739,0.741633,0.74156,0.842519
3.319,0.693412,0.790458,0.663442,0.708205,0.709755,0.747169,0.771437,0.742681,0.74088,0.841117
3.3192,0.694449,0.78914,0.662444,0.707121,0.707352,0.747383,0.771972,0.743,0.740755,0.838809
3.3194,0.695064,0.787503,0.66153,0.705035,0.704785,0.748161,0.772845,0.742632,0.7413,0.836253
3.3196,0.694811,0.785639,0.661302,0.703085,0.70333,0.748471,0.773585,0.74206,0.742129,0.834103
3.3198,0.693852,0.783338,0.661824,0.702453,0.70363,0.748314,0.774036,0.741655,0.742855,0.83284
3.32,0.692783,0.781013,0.662365,0.703392,0.704804,0.747287,0.774141,0.741647,0.742814,0.832158
3.3202,0.692167,0.778896,0.662506,0.704697,0.705984,0.745895,0.774175,0.741946,0.741893,0.831125
3.3204,0.692284,0.77711,0.662498,0.705344,0.706173,0.744609,0.774423,0.742537,0.740479,0.829446
3.3206,0.692894,0.7757,0.66214,0.704566,0.705258,0.743912,0.774249,0.742912,0.73973,0.827347
3.3208,0.693638,0.77453,0.661615,0.702902,0.703979,0.743795,0.773117,0.742528,0.739667,0.825262
3.321,0.693644,0.773471,0.661314,0.701461,0.703309,0.7446,0.771331,0.741498,0.740612,0.823909
3.3212,0.692242,0.772462,0.661269,0.70108,0.70334,0.74526,0.769707,0.740144,0.741917,0.823479
3.3214,0.690251,0.77151,0.661046,0.701523,0.703706,0.74546,0.768557,0.739047,0.742983,0.82357
3.3216,0.688817,0.770742,0.660572,0.702015,0.704066,0.744869,0.767892,0.738364,0.742788,0.823841
3.3218,0.688989,0.770217,0.660107,0.702248,0.70425,0.74351,0.767709,0.73765,0.741954,0.823738
3.322,0.689757,0.76998,0.659657,0.702278,0.70455,0.742014,0.767292,0.737751,0.741086,0.822999
3.3222,0.690202,0.770285,0.658918,0.70188,0.704824,0.741008,0.76554,0.739127,0.740734,0.822309
3.3224,0.690934,0.77044,0.658022,0.701676,0.70459,0.740501,0.763186,0.740918,0.74139,0.821912
3.3226,0.69216,0.770631,0.657195,0.701926,0.703976,0.74069,0.760889,0.741,0.743228,0.82159
3.3228,0.692748,0.770696,0.656928,0.702462,0.703128,0.741311,0.759586,0.73867,0.744942,0.821185
3.323,0.691344,0.770136,0.657691,0.702132,0.702303,0.741724,0.759961,0.735521,0.745908,0.820541
3.3232,0.688626,0.769205,0.658656,0.701257,0.702093,0.741573,0.759491,0.733344,0.745647,0.820036
3.3234,0.686097,0.768205,0.658742,0.700544,0.702602,0.740885,0.757154,0.733036,0.744132,0.820024
3.3236,0.685014,0.767931,0.657932,0.700689,0.703455,0.739984,0.754119,0.734103,0.74258,0.820548
3.3238,0.685161,0.768543,0.656898,0.701074,0.704427,0.739223,0.752219,0.735016,0.741929,0.821392
3.324,0.68584,0.76983,0.656284,0.700979,0.70512,0.739038,0.751915,0.734867,0.742241,0.82211
3.3242,0.686209,0.770484,0.656362,0.699649,0.704905,0.739511,0.751946,0.733898,0.743415,0.822415
3.3244,0.685907,0.769912,0.65712,0.697838,0.704036,0.740255,0.751441,0.732926,0.744488,0.822278
3.3246,0.685223,0.768709,0.658092,0.697032,0.703333,0.740591,0.750506,0.732572,0.74517,0.821944
3.3248,0.684729,0.7683,0.658451,0.697487,0.703241,0.740043,0.749789,0.732786,0.745249,0.821803
3.325,0.684715,0.769309,0.658175,0.698622,0.703757,0.739406,0.749897,0.733585,0.744271,0.822822
3.3252,0.685068,0.770999,0.658218,0.699099,0.70453,0.739171,0.750917,0.734391,0.742426,0.825164
3.3254,0.685793,0.772577,0.658731,0.698664,0.704972,0.738941,0.752419,0.734871,0.740307,0.827336
3.3256,0.686159,0.773494,0.659214,0.697594,0.704658,0.738717,0.753198,0.735243,0.73842,0.827883
3.3258,0.686121,0.773721,0.659377,0.696431,0.703812,0.738872,0.752833,0.73577,0.737302,0.825903
3.326,0.686573,0.773593,0.659533,0.695724,0.703205,0.739606,0.752764,0.736412,0.736768,0.822969
3.3262,0.687568,0.773958,0.659819,0.696148,0.703742,0.740059,0.753964,0.73696,0.736338,0.820438
3.3264,0.688229,0.774976,0.66005,0.697887,0.705213,0.740408,0.755457,0.737079,0.736035,0.819393
3.3266,0.687979,0.776383,0.660625,0.699188,0.706448,0.740711,0.756077,0.736881,0.735504,0.821032
3.3268,0.686984,0.778115,0.661664,0.698758,0.706915,0.740616,0.755342,0.736657,0.734795,0.825186
3.327,0.686005,0.779457,0.662422,0.696803,0.706104,0.740381,0.754483,0.736802,0.734064,0.829246
3.3272,0.685781,0.780855,0.662327,0.694538,0.704745,0.740966,0.755023,0.737441,0.733428,0.830854
3.3274,0.686548,0.782396,0.66146,0.693239,0.703819,0.741585,0.756512,0.738308,0.733133,0.828947
3.3276,0.687896,0.783373,0.660136,0.693416,0.704128,0.74123,0.757766,0.739084,0.733359,0.824868
3.3278,0.689251,0.78393,0.658968,0.694837,0.705061,0.740224,0.758421,0.739671,0.734313,0.821884
3.328,0.69058,0.78421,0.658864,0.696672,0.706415,0.738896,0.758968,0.739698,0.735559,0.821348
3.3282,0.691135,0.784725,0.659756,0.697259,0.707813,0.737627,0.76027,0.739079,0.736102,0.823447
3.3284,0.690414,0.786249,0.660711,0.695717,0.708691,0.737542,0.762177,0.738005,0.736164,0.826705
3.3286,0.688869,0.788462,0.660943,0.692618,0.708422,0.738775,0.763573,0.737243,0.735942,0.828476
3.3288,0.687429,0.790458,0.659891,0.689901,0.70702,0.740109,0.763608,0.737381,0.734983,0.828198
3.329,0.68686,0.791193,0.658511,0.689226,0.705589,0.740322,0.762726,0.737826,0.734126,0.827422
3.3292,0.687463,0.790495,0.658532,0.691368,0.705856,0.739496,0.761541,0.73819,0.734168,0.826916
3.3294,0.688431,0.78944,0.659967,0.695101,0.707582,0.738322,0.761192,0.739347,0.735317,0.827592
3.3296,0.689474,0.789256,0.661071,0.697764,0.709697,0.7375,0.761648,0.740395,0.737328,0.829244
3.3298,0.690388,0.790531,0.660849,0.698109,0.711123,0.737535,0.764036,0.739835,0.738982,0.830868
3.33,0.690549,0.79298,0.658734,0.696194,0.710787,0.738425,0.766519,0.737821,0.739792,0.832646
3.3302,0.690194,0.795425,0.655685,0.693296,0.708863,0.739127,0.766932,0.73521,0.739409,0.833475
3.3304,0.690099,0.796675,0.653229,0.691053,0.707014,0.739467,0.763715,0.732829,0.738022,0.833578
3.3306,0.690798,0.796935,0.652208,0.691031,0.70641,0.739646,0.759235,0.732014,0.736566,0.833736
3.3308,0.691963,0.796754,0.65278,0.692963,0.707542,0.739326,0.757177,0.732277,0.736032,0.833756
3.331,0.692957,0.796814,0.654982,0.695147,0.709603,0.73877,0.758156,0.733242,0.736467,0.834109
3.3312,0.693452,0.797413,0.657184,0.696414,0.711036,0.738252,0.759933,0.733662,0.737754,0.834606
3.3314,0.693515,0.798201,0.657456,0.695879,0.710817,0.737781,0.759101,0.732212,0.7398,0.834714
3.3316,0.693325,0.798868,0.655538,0.694221,0.709481,0.737512,0.756712,0.729246,0.741278,0.834756
3.3318,0.692852,0.798992,0.652778,0.692652,0.708168,0.737659,0.754389,0.726606,0.741529,0.834655
3.332,0.692538,0.799185,0.650631,0.691768,0.707717,0.737706,0.754858,0.725629,0.740487,0.834562
3.3322,0.692482,0.799589,0.650007,0.692003,0.708322,0.737766,0.757815,0.726049,0.738765,0.834682
3.3324,0.692496,0.800115,0.65099,0.693037,0.709371,0.737897,0.759874,0.726741,0.737725,0.83487
3.3326,0.692561,0.800265,0.652595,0.693815,0.70982,0.738288,0.758634,0.726604,0.737691,0.835132
3.3328,0.692384,0.799939,0.65347,0.69384,0.709003,0.738456,0.756411,0.725495,0.7385,0.835337
3.333,0.692398,0.798811,0.653065,0.693347,0.707899,0.738789,0.75545,0.724245,0.739674,0.8351
3.3332,0.692139,0.797855,0.651932,0.69309,0.707331,0.739073,0.759122,0.723734,0.740623,0.834823
3.3334,0.691888,0.797701,0.650883,0.692872,0.707243,0.738608,0.763236,0.724236,0.740241,0.834501
3.3336,0.691152,0.798047,0.650364,0.691919,0.707068,0.73856,0.763115,0.725231,0.738415,0.834134
3.3338,0.690547,0.798442,0.650388,0.690688,0.706561,0.739408,0.761771,0.725662,0.736423,0.83333
3.334,0.69055,0.798035,0.650651,0.689849,0.705557,0.740254,0.76121,0.725477,0.735558,0.83196
3.3342,0.690811,0.796338,0.650952,0.689573,0.704211,0.739693,0.761577,0.725454,0.73619,0.830384
3.3344,0.69072,0.793816,0.651226,0.689776,0.703827,0.737726,0.762103,0.725538,0.737415,0.828653
3.3346,0.690231,0.791945,0.651648,0.689952,0.704548,0.73507,0.762242,0.725783,0.738062,0.826999
3.3348,0.689546,0.791447,0.651934,0.689642,0.70524,0.733372,0.762126,0.725845,0.737312,0.825446
3.335,0.688911,0.791907,0.652034,0.688666,0.704669,0.733812,0.762818,0.725542,0.735591,0.823856
3.3352,0.688413,0.792291,0.651793,0.687287,0.702648,0.735813,0.763414,0.72501,0.734291,0.822414
3.3354,0.687979,0.791704,0.651261,0.6863,0.700713,0.737855,0.763445,0.724635,0.734671,0.820994
3.3356,0.687351,0.790047,0.650721,0.686105,0.700345,0.738173,0.763717,0.724573,0.736577,0.819197
3.3358,0.686575,0.787871,0.65029,0.686291,0.70175,0.736203,0.76358,0.724754,0.738314,0.817179
3.336,0.686365,0.786561,0.649971,0.686144,0.703308,0.732838,0.764206,0.725236,0.738502,0.815029
3.3362,0.686979,0.786465,0.649875,0.686052,0.703722,0.729872,0.764904,0.72579,0.737419,0.8132
3.3364,0.687426,0.786578,0.650215,0.686006,0.702384,0.728958,0.764052,0.725768,0.735838,0.812384
3.3366,0.687545,0.785983,0.650474,0.686085,0.699834,0.730461,0.762079,0.725812,0.734871,0.811703
3.3368,0.686793,0.784201,0.650305,0.686604,0.697447,0.73266,0.761495,0.726357,0.73489,0.810921
3.337,0.685401,0.781964,0.64971,0.686731,0.696528,0.733593,0.762195,0.727482,0.735337,0.81001
3.3372,0.684801,0.780481,0.648634,0.686293,0.697037,0.732146,0.762448,0.728042,0.735662,0.809048
3.3374,0.685163,0.780158,0.647794,0.685347,0.698114,0.729242,0.761504,0.727023,0.735427,0.808637
3.3376,0.685659,0.780329,0.647623,0.684384,0.698793,0.726497,0.759596,0.724977,0.734468,0.808049
3.3378,0.685494,0.779696,0.648132,0.683964,0.698148,0.725825,0.758181,0.722993,0.733623,0.807045
3.338,0.68472,0.778119,0.648669,0.684258,0.696319,0.727835,0.757372,0.722729,0.73377,0.806038
3.3382,0.683702,0.775817,0.648325,0.684707,0.694358,0.73128,0.756011,0.724126,0.73406,0.80527
3.3384,0.683,0.773916,0.647121,0.685526,0.693249,0.733488,0.75373,0.726029,0.733914,0.804794
3.3386,0.682928,0.77316,0.645406,0.686781,0.692821,0.732994,0.751596,0.728021,0.733282,0.804335
3.3388,0.683419,0.77382,0.643879,0.687349,0.692418,0.730405,0.75033,0.730153,0.732173,0.803724
3.339,0.684157,0.775585,0.643401,0.686784,0.691745,0.728016,0.749623,0.73081,0.731125,0.803125
3.3392,0.685126,0.776732,0.643873,0.685487,0.690782,0.727454,0.747535,0.729817,0.730916,0.802696
3.3394,0.686015,0.776449,0.644613,0.68418,0.690551,0.728384,0.744698,0.728189,0.731145,0.802897
3.3396,0.685802,0.775178,0.644903,0.68334,0.690988,0.729528,0.742591,0.726977,0.731188,0.803393
3.3398,0.68473,0.773894,0.644366,0.683248,0.6913,0.729998,0.741629,0.726883,0.731238,0.80385
3.34,0.683312,0.772892,0.644005,0.68348,0.691174,0.729737,0.74053,0.727641,0.731509,0.803961
3.3402,0.682169,0.77214,0.644497,0.683668,0.690585,0.729024,0.739008,0.728127,0.732014,0.803717
3.3404,0.682096,0.771632,0.64534,0.684181,0.690311,0.728109,0.736986,0.727476,0.732126,0.803673
3.3406,0.683602,0.771773,0.645884,0.684459,0.690484,0.727317,0.735081,0.726263,0.732141,0.803627
3.3408,0.685701,0.772167,0.646017,0.684443,0.691378,0.727093,0.734055,0.725159,0.73207,0.803981
3.341,0.686838,0.7727,0.645989,0.683849,0.692623,0.727385,0.733486,0.724191,0.731848,0.80466
3.3412,0.685969,0.772613,0.645876,0.68298,0.69331,0.72765,0.732668,0.723661,0.731789,0.80507
3.3414,0.683823,0.772127,0.645621,0.681622,0.69338,0.727613,0.731386,0.723477,0.731922,0.805314
3.3416,0.682062,0.771897,0.645261,0.680566,0.693066,0.727562,0.730435,0.723546,0.732074,0.805609
3.3418,0.682008,0.772428,0.645093,0.680223,0.692582,0.727592,0.730652,0.723495,0.732123,0.806494
3.342,0.683086,0.77362,0.64514,0.680737,0.692483,0.727371,0.73209,0.722457,0.731767,0.807765
3.3422,0.685183,0.774808,0.645486,0.681537,0.693195,0.72689,0.733811,0.720722,0.730709,0.808638
3.3424,0.687137,0.776009,0.646328,0.68182,0.694246,0.726408,0.734485,0.719746,0.729595,0.808407
3.3426,0.687441,0.777067,0.647375,0.681426,0.694856,0.725737,0.734382,0.72007,0.728496,0.808338
3.3428,0.686055,0.777412,0.647861,0.68099,0.69488,0.725214,0.734305,0.721528,0.727301,0.808993
3.343,0.684195,0.776913,0.647441,0.68058,0.694536,0.725454,0.734118,0.722912,0.72605,0.81014
3.3432,0.683175,0.776132,0.646424,0.680166,0.694263,0.726243,0.73395,0.722707,0.724499,0.811423
3.3434,0.683653,0.776026,0.645553,0.680272,0.694449,0.72683,0.734822,0.721275,0.723166,0.812014
3.3436,0.685486,0.777234,0.645424,0.68104,0.695147,0.727232,0.736152,0.719894,0.721985,0.812284
3.3438,0.687314,0.779123,0.646032,0.681985,0.696057,0.727006,0.737473,0.719526,0.72084,0.812634
3.344,0.687956,0.781214,0.646848,0.682211,0.696797,0.726581,0.738304,0.720509,0.719904,0.813274
3.3442,0.687134,0.782499,0.647275,0.681443,0.697296,0.725978,0.738611,0.72233,0.718981,0.814286
3.3444,0.685598,0.782521,0.647072,0.680279,0.697681,0.726009,0.739188,0.724511,0.718919,0.815498
3.3446,0.685067,0.781872,0.646288,0.68003,0.697818,0.726709,0.740886,0.726163,0.720407,0.816578
3.3448,0.685984,0.781388,0.645517,0.680747,0.69719,0.726941,0.743377,0.72635,0.721659,0.817257
3.345,0.688041,0.781898,0.645127,0.681962,0.696013,0.726438,0.745407,0.725834,0.720973,0.817678
3.3452,0.689575,0.783825,0.645029,0.68295,0.695053,0.725819,0.746395,0.72522,0.718361,0.818019
3.3454,0.689323,0.786065,0.645249,0.683281,0.694365,0.725704,0.746589,0.725641,0.715231,0.818521
3.3456,0.687782,0.787813,0.645072,0.682794,0.693944,0.726484,0.746413,0.726944,0.71322,0.819315
3.3458,0.686058,0.788184,0.644174,0.682287,0.694963,0.727393,0.745592,0.728205,0.712932,0.820118
3.346,0.685898,0.787729,0.642809,0.682187,0.696969,0.728172,0.745345,0.729227,0.714564,0.820962
3.3462,0.688017,0.787022,0.641643,0.682575,0.69801,0.728297,0.745382,0.730007,0.717361,0.821851
3.3464,0.690803,0.787037,0.641281,0.683315,0.696617,0.727889,0.745195,0.73097,0.718743,0.8227
3.3466,0.692015,0.787943,0.641662,0.683975,0.693478,0.727325,0.744437,0.731519,0.717906,0.823619
3.3468,0.691227,0.789812,0.642571,0.684244,0.690088,0.727585,0.743731,0.731614,0.716353,0.824442
3.347,0.688912,0.79156,0.643152,0.683945,0.688928,0.728654,0.742486,0.731555,0.715463,0.824949
3.3472,0.687318,0.792301,0.64284,0.683117,0.690393,0.729273,0.741523,0.731106,0.715548,0.825299
3.3474,0.687393,0.791451,0.641774,0.682404,0.692479,0.729001,0.740563,0.730688,0.716416,0.825537
3.3476,0.688903,0.790058,0.640849,0.682502,0.693148,0.727994,0.740443,0.730837,0.717337,0.825868
3.3478,0.690338,0.789516,0.64059,0.683235,0.691698,0.727063,0.741046,0.731717,0.71737,0.82619
3.348,0.690557,0.790384,0.640633,0.683897,0.688806,0.727406,0.739859,0.732567,0.716775,0.826185
3.3482,0.689609,0.792074,0.640492,0.684329,0.685939,0.728614,0.737329,0.732895,0.716844,0.825815
3.3484,0.688088,0.793325,0.639925,0.684085,0.684257,0.729816,0.734844,0.732545,0.717957,0.824935
3.3486,0.686796,0.793469,0.639108,0.683788,0.684077,0.729972,0.734642,0.731466,0.719351,0.823926
3.3488,0.686672,0.792605,0.638409,0.683529,0.684869,0.729487,0.735656,0.730204,0.720372,0.823055
3.349,0.687552,0.791621,0.638074,0.68336,0.685579,0.729191,0.736451,0.729551,0.72042,0.822705
3.3492,0.68842,0.791005,0.638147,0.683249,0.685454,0.72918,0.735558,0.729047,0.719549,0.822433
3.3494,0.688426,0.791089,0.638483,0.683151,0.684468,0.729129,0.734683,0.728156,0.718883,0.82207
3.3496,0.687551,0.7915,0.638805,0.683009,0.683108,0.728802,0.734518,0.72652,0.719196,0.821076
3.3498,0.686415,0.792158,0.638755,0.68272,0.682092,0.728291,0.735109,0.724863,0.720421,0.819419
3.35,0.685681,0.792554,0.638366,0.682085,0.681722,0.727613,0.736131,0.724024,0.721815,0.817281
3.3502,0.685708,0.792354,0.638146,0.681088,0.681779,0.726516,0.737138,0.724076,0.722619,0.815211
3.3504,0.685943,0.79126,0.638317,0.680534,0.682323,0.725568,0.738088,0.724153,0.722576,0.813705
3.3506,0.686202,0.789808,0.638547,0.680315,0.683169,0.724975,0.738742,0.724276,0.722079,0.812743
3.3508,0.686261,0.788257,0.638508,0.67996,0.683794,0.724853,0.738921,0.723818,0.722231,0.811712
3.351,0.68583,0.787102,0.638147,0.6788,0.683696,0.725283,0.739484,0.722113,0.723113,0.810385
3.3512,0.685233,0.786515,0.637677,0.676899,0.682654,0.725711,0.740654,0.719752,0.723867,0.808654
3.3514,0.68455,0.786318,0.637425,0.675219,0.681348,0.725757,0.741724,0.718417,0.724314,0.806821
3.3516,0.683959,0.785743,0.63762,0.674112,0.680638,0.724768,0.741686,0.718522,0.724172,0.805512
3.3518,0.683755,0.784653,0.638215,0.673776,0.680895,0.723046,0.740615,0.719106,0.723912,0.804817
3.352,0.683749,0.78343,0.638924,0.67354,0.681943,0.721115,0.74007,0.719216,0.724155,0.804607
3.3522,0.6842,0.782636,0.639427,0.672251,0.683165,0.720439,0.741141,0.718422,0.72564,0.804695
3.3524,0.684489,0.782132,0.63946,0.669949,0.683598,0.721534,0.743415,0.717135,0.727622,0.804396
3.3526,0.683997,0.781739,0.63891,0.667462,0.682729,0.723022,0.746316,0.716326,0.728359,0.803473
3.3528,0.682769,0.781297,0.638031,0.665824,0.680974,0.723481,0.748088,0.716668,0.72771,0.802531
3.353,0.68132,0.780574,0.637403,0.665034,0.679371,0.72217,0.748153,0.717724,0.726313,0.802048
3.3532,0.680959,0.779326,0.637392,0.664221,0.678642,0.720416,0.747426,0.718259,0.725331,0.801807
3.3534,0.681632,0.777554,0.637763,0.663319,0.67868,0.718755,0.746918,0.717885,0.72601,0.801339
3.3536,0.682021,0.775634,0.638337,0.662636,0.678921,0.717761,0.747641,0.717216,0.727663,0.800117
3.3538,0.681271,0.774008,0.638388,0.661918,0.678757,0.71778,0.748929,0.716675,0.729001,0.798364
3.354,0.679964,0.772899,0.637859,0.660856,0.677877,0.718323,0.749058,0.716549,0.728889,0.796839
3.3542,0.678996,0.772273,0.637076,0.659588,0.676432,0.718806,0.747108,0.716856,0.727926,0.796033
3.3544,0.678778,0.771614,0.636705,0.658608,0.675114,0.719095,0.745308,0.717134,0.727205,0.796097
3.3546,0.678741,0.77084,0.636601,0.658221,0.674346,0.718495,0.745106,0.716895,0.727795,0.796766
3.3548,0.678853,0.770027,0.636561,0.658341,0.673825,0.717737,0.745426,0.716245,0.729248,0.797259
3.355,0.678428,0.769575,0.636127,0.658694,0.673449,0.717204,0.744491,0.715785,0.730976,0.797152
3.3552,0.678106,0.76879,0.635449,0.659098,0.67397,0.717222,0.741406,0.716054,0.731831,0.796461
3.3554,0.678467,0.767655,0.634771,0.659304,0.674571,0.717286,0.73887,0.717462,0.730619,0.795368
3.3556,0.679188,0.766573,0.634244,0.659135,0.674006,0.716704,0.738607,0.719214,0.728881,0.79461
3.3558,0.679914,0.765815,0.633846,0.658558,0.672332,0.715645,0.738625,0.720167,0.72797,0.794725
3.356,0.679816,0.765482,0.633615,0.65801,0.670231,0.715027,0.736429,0.719658,0.728277,0.794995
3.3562,0.678774,0.765661,0.633466,0.658362,0.668646,0.715049,0.733071,0.718199,0.729546,0.795092
3.3564,0.677033,0.765825,0.633296,0.659555,0.669042,0.715757,0.732064,0.717555,0.730645,0.79484
3.3566,0.675475,0.765693,0.633201,0.660733,0.671506,0.716107,0.736585,0.717998,0.730472,0.793968
3.3568,0.675057,0.765146,0.634067,0.661266,0.674044,0.715836,0.7416,0.718716,0.729769,0.793905
3.357,0.676104,0.764246,0.635386,0.660721,0.674898,0.715162,0.741833,0.718463,0.729696,0.79476
3.3572,0.678552,0.763354,0.636014,0.659643,0.674015,0.715155,0.738296,0.716784,0.730317,0.795459
3.3574,0.680264,0.762903,0.635721,0.659015,0.67254,0.715675,0.734861,0.714607,0.731623,0.795799
3.3576,0.679184,0.762806,0.635149,0.659274,0.671561,0.716198,0.734995,0.713486,0.73233,0.79483
3.3578,0.676431,0.763037,0.634923,0.660088,0.671644,0.716079,0.738122,0.713515,0.731896,0.792888
3.358,0.673508,0.763492,0.63521,0.660784,0.672638,0.715481,0.740643,0.714396,0.73042,0.791348
3.3582,0.671527,0.763728,0.635727,0.661894,0.67381,0.714833,0.74122,0.715995,0.728964,0.790383
3.3584,0.671598,0.76389,0.636024,0.662997,0.674335,0.714606,0.739498,0.716413,0.728559,0.79095
3.3586,0.674988,0.764048,0.636149,0.663708,0.674323,0.714855,0.738557,0.714346,0.729177,0.792595
3.3588,0.679363,0.763678,0.636245,0.663617,0.674249,0.715125,0.740511,0.710882,0.730433,0.793842
3.359,0.681718,0.762966,0.636544,0.662826,0.674374,0.715452,0.743393,0.708131,0.730937,0.79423
3.3592,0.681178,0.762311,0.636958,0.662375,0.674597,0.715569,0.74433,0.70754,0.730217,0.793628
3.3594,0.678963,0.761848,0.637196,0.662627,0.674804,0.715607,0.74329,0.708517,0.72859,0.792889
3.3596,0.676803,0.762132,0.637115,0.663777,0.674986,0.716246,0.742571,0.710116,0.727325,0.79416
3.3598,0.67611,0.762535,0.636765,0.666263,0.675678,0.717129,0.743182,0.711497,0.727822,0.797573
3.36,0.677221,0.76282,0.636473,0.66915,0.676425,0.717948,0.744393,0.713101,0.729842,0.801372
3.3602,0.679837,0.764047,0.636561,0.670533,0.676873,0.718272,0.745047,0.714301,0.731884,0.804201
3.3604,0.681986,0.765704,0.637049,0.669809,0.676829,0.71795,0.745463,0.714548,0.732201,0.804396
3.3606,0.682488,0.766693,0.637598,0.66778,0.67657,0.717599,0.746215,0.714204,0.730456,0.803382
3.3608,0.68097,0.766488,0.637764,0.66586,0.676983,0.717452,0.747665,0.713857,0.728273,0.802652
3.361,0.679312,0.765288,0.637633,0.665174,0.678185,0.716942,0.747914,0.71356,0.726558,0.802701
3.3612,0.679014,0.764383,0.637804,0.66616,0.679172,0.715474,0.747561,0.713382,0.725857,0.804417
3.3614,0.680406,0.764393,0.638195,0.668473,0.679575,0.71321,0.747102,0.713652,0.726392,0.807269
3.3616,0.682104,0.765294,0.63818,0.670456,0.679694,0.711072,0.747626,0.714032,0.726984,0.80984
3.3618,0.68271,0.766555,0.637256,0.670899,0.680015,0.709622,0.748016,0.714234,0.726912,0.811171
3.362,0.681373,0.767483,0.635913,0.669604,0.680625,0.70874,0.747534,0.714723,0.725792,0.811542
3.3622,0.679214,0.76716,0.634912,0.667525,0.681633,0.708392,0.746647,0.715424,0.723695,0.811677
3.3624,0.678176,0.76581,0.634637,0.666342,0.682637,0.708482,0.74669,0.716361,0.722245,0.8121
3.3626,0.678834,0.764075,0.635043,0.667129,0.683094,0.708552,0.74747,0.716981,0.722696,0.812634
3.3628,0.679826,0.762875,0.635432,0.669326,0.682875,0.708195,0.748518,0.717202,0.723832,0.813228
3.363,0.679968,0.7629,0.635353,0.6712,0.682555,0.707293,0.749673,0.71653,0.724842,0.814325
3.3632,0.679138,0.763959,0.63436,0.671802,0.682711,0.706215,0.751357,0.715688,0.724457,0.815262
3.3634,0.678738,0.765171,0.632952,0.67099,0.683175,0.705548,0.752753,0.715928,0.722752,0.815938
3.3636,0.679161,0.765067,0.631737,0.669323,0.68364,0.705623,0.75319,0.716918,0.72041,0.817161
3.3638,0.679802,0.763374,0.631422,0.668412,0.683749,0.706477,0.753228,0.717988,0.718856,0.818875
3.364,0.680275,0.760978,0.6323,0.668994,0.683228,0.70737,0.753822,0.719137,0.719456,0.82047
3.3642,0.679829,0.759323,0.634104,0.670545,0.682909,0.707892,0.754452,0.719553,0.721159,0.821295
3.3644,0.678789,0.75888,0.636224,0.671837,0.683231,0.708053,0.755644,0.71921,0.72235,0.820901
3.3646,0.677966,0.759714,0.637283,0.671859,0.683893,0.707709,0.756592,0.719567,0.722006,0.819896
3.3648,0.678116,0.761182,0.636609,0.670985,0.684439,0.70685,0.757323,0.720329,0.720112,0.819333
3.365,0.678726,0.761875,0.634826,0.669918,0.684617,0.705938,0.758751,0.720627,0.717847,0.819945
3.3652,0.678896,0.761594,0.633054,0.669555,0.684237,0.705422,0.760672,0.720444,0.716585,0.821428
3.3654,0.678332,0.76074,0.632036,0.669509,0.683473,0.705427,0.76109,0.720312,0.71714,0.823328
3.3656,0.67716,0.760541,0.63215,0.669573,0.682582,0.705721,0.759265,0.720388,0.718612,0.824406
3.3658,0.676154,0.761507,0.633129,0.669146,0.682535,0.705966,0.758583,0.720865,0.719588,0.823913
3.366,0.675566,0.762996,0.634135,0.668598,0.683672,0.705859,0.761116,0.721744,0.719217,0.822207
3.3662,0.676111,0.763748,0.634474,0.668724,0.684772,0.705411,0.765228,0.722321,0.717618,0.820026
3.3664,0.676845,0.764037,0.63412,0.669053,0.684901,0.704972,0.76601,0.722238,0.715685,0.819076
3.3666,0.677107,0.764215,0.633612,0.669562,0.683638,0.704827,0.764216,0.722188,0.714689,0.819728
3.3668,0.67624,0.764065,0.633329,0.669532,0.681984,0.704892,0.762959,0.722415,0.714955,0.82045
3.367,0.674819,0.763364,0.633249,0.668599,0.680915,0.704781,0.763836,0.722639,0.715769,0.820663
3.3672,0.674292,0.76249,0.633297,0.666953,0.68121,0.704209,0.76555,0.722919,0.716532,0.819898
3.3674,0.67481,0.761684,0.633415,0.665223,0.682373,0.703553,0.766158,0.723107,0.716379,0.818259
3.3676,0.67523,0.761462,0.633757,0.664324,0.68326,0.702991,0.765643,0.723612,0.715315,0.817242
3.3678,0.674809,0.761788,0.634226,0.664188,0.683165,0.702458,0.764856,0.723879,0.713931,0.817032
3.368,0.673366,0.762329,0.634641,0.664719,0.682084,0.701837,0.763298,0.723876,0.713145,0.816683
3.3682,0.671546,0.762577,0.634946,0.664732,0.681004,0.700803,0.761965,0.723243,0.71345,0.816001
3.3684,0.670085,0.762018,0.635059,0.664128,0.681074,0.699269,0.762327,0.722643,0.714097,0.814452
3.3686,0.669773,0.760755,0.635093,0.663288,0.681991,0.697444,0.762978,0.722722,0.714577,0.812634
3.3688,0.669939,0.759428,0.635129,0.662581,0.682085,0.696137,0.763399,0.723096,0.715124,0.811618
3.369,0.669907,0.758526,0.635103,0.66244,0.681463,0.695528,0.762411,0.72303,0.715272,0.811119
3.3692,0.669153,0.758419,0.63514,0.662295,0.680846,0.695309,0.760887,0.722702,0.715232,0.810916
3.3694,0.668575,0.759127,0.635446,0.661688,0.680649,0.694806,0.760061,0.722881,0.715043,0.810725
3.3696,0.668248,0.759881,0.63582,0.660421,0.681227,0.694411,0.760249,0.72337,0.714665,0.809663
3.3698,0.668344,0.759906,0.635691,0.659301,0.681577,0.693687,0.759656,0.723436,0.714253,0.808121
3.37,0.668651,0.758664,0.634798,0.65872,0.681276,0.692284,0.759179,0.723159,0.713848,0.807098
3.3702,0.668146,0.756413,0.633623,0.658305,0.680336,0.690612,0.759227,0.722863,0.713214,0.806476
3.3704,0.667067,0.754741,0.633023,0.658171,0.679443,0.689131,0.758415,0.722703,0.712938,0.806374
3.3706,0.666384,0.754157,0.633222,0.658207,0.679159,0.687976,0.75666,0.722723,0.712827,0.805807
3.3708,0.666284,0.754503,0.634038,0.658125,0.679855,0.687087,0.755296,0.722945,0.713227,0.804402
3.371,0.666465,0.755034,0.634451,0.657818,0.680638,0.686324,0.754977,0.72279,0.713776,0.802512
3.3712,0.666913,0.754983,0.633938,0.65737,0.680549,0.685836,0.754804,0.722561,0.713933,0.800755
3.3714,0.667394,0.75391,0.632608,0.657014,0.679767,0.685791,0.75396,0.722961,0.713533,0.800156
3.3716,0.667026,0.752762,0.630963,0.656816,0.678495,0.686075,0.752186,0.723608,0.712371,0.800123
3.3718,0.665937,0.75211,0.629666,0.656661,0.677763,0.686363,0.750209,0.723652,0.711275,0.800159
3.372,0.66522,0.752374,0.629416,0.656891,0.678025,0.68642,0.749151,0.722676,0.710878,0.799459
3.3722,0.665313,0.752834,0.629789,0.65682,0.679147,0.686154,0.749265,0.721198,0.711717,0.798025
3.3724,0.665959,0.752774,0.630533,0.656146,0.680074,0.68553,0.750162,0.720766,0.712831,0.796505
3.3726,0.666652,0.752335,0.630946,0.655387,0.679849,0.685223,0.750393,0.721179,0.713009,0.795654
3.3728,0.666653,0.752068,0.630441,0.654927,0.678571,0.685756,0.749001,0.722438,0.71188,0.795486
3.373,0.665938,0.752148,0.62927,0.654793,0.677029,0.686585,0.747695,0.723714,0.709964,0.7961
3.3732,0.664707,0.752084,0.628362,0.655077,0.676042,0.687002,0.747826,0.723842,0.708388,0.796533
3.3734,0.663767,0.751625,0.629118,0.655353,0.675909,0.686701,0.748335,0.723484,0.708458,0.796179
3.3736,0.663691,0.750837,0.630995,0.655081,0.676331,0.685929,0.748704,0.722859,0.710346,0.795196
3.3738,0.663917,0.749719,0.632562,0.654586,0.676711,0.685319,0.747698,0.722114,0.712452,0.794191
3.374,0.664016,0.749014,0.632791,0.654745,0.676647,0.685395,0.745861,0.721826,0.71323,0.794318
3.3742,0.66376,0.74911,0.632042,0.654833,0.676199,0.686175,0.744621,0.721757,0.712697,0.795742
3.3744,0.663191,0.750029,0.631363,0.654464,0.675773,0.687307,0.745183,0.722053,0.711069,0.797275
3.3746,0.66249,0.750934,0.631304,0.653774,0.675722,0.688269,0.745328,0.722269,0.710007,0.797981
3.3748,0.662147,0.751064,0.631676,0.652937,0.675909,0.688681,0.745128,0.722076,0.710074,0.797894
3.375,0.662623,0.750033,0.632094,0.652658,0.675949,0.688535,0.744887,0.721591,0.710777,0.797172
3.3752,0.664024,0.749123,0.632146,0.653269,0.675528,0.688156,0.744529,0.721117,0.711882,0.796966
3.3754,0.66505,0.749381,0.631837,0.654199,0.674862,0.688024,0.744785,0.721071,0.712645,0.797835
3.3756,0.665099,0.750831,0.631605,0.654696,0.674533,0.688395,0.744455,0.721549,0.712489,0.799759
3.3758,0.664496,0.752176,0.6319,0.654665,0.675081,0.688841,0.744647,0.722088,0.711462,0.801825
3.376,0.663601,0.752404,0.632474,0.654728,0.677064,0.688794,0.745509,0.72205,0.710364,0.802697
3.3762,0.662967,0.751559,0.632819,0.654673,0.678799,0.688151,0.746312,0.721548,0.710008,0.801878
3.3764,0.662828,0.750728,0.632658,0.654539,0.678565,0.687648,0.745304,0.720126,0.710645,0.800646
3.3766,0.663714,0.750313,0.632164,0.654439,0.676088,0.68765,0.743317,0.71854,0.711607,0.800658
3.3768,0.665071,0.750527,0.631811,0.654458,0.672724,0.688048,0.74225,0.718021,0.711983,0.801739
3.377,0.666324,0.751913,0.631904,0.654519,0.670781,0.688004,0.742799,0.718661,0.711311,0.802671
3.3772,0.66711,0.753543,0.632353,0.654551,0.671601,0.687377,0.743686,0.71933,0.710334,0.80247
3.3774,0.667024,0.754879,0.632803,0.654637,0.673673,0.686421,0.743723,0.718816,0.710166,0.801216
3.3776,0.666612,0.755463,0.632894,0.654916,0.674461,0.686107,0.744429,0.716693,0.710991,0.799492
3.3778,0.666217,0.755778,0.633302,0.655737,0.673104,0.687118,0.745873,0.71367,0.712174,0.798751
3.378,0.665877,0.755852,0.634298,0.656657,0.6701,0.689747,0.747699,0.712263,0.712719,0.799407
3.3782,0.665865,0.75592,0.635062,0.656651,0.667153,0.692854,0.749159,0.713193,0.71209,0.800773
3.3784,0.665912,0.756044,0.634611,0.655673,0.665743,0.694453,0.749217,0.715108,0.710501,0.801777
3.3786,0.665976,0.755877,0.632977,0.654311,0.666623,0.694218,0.748378,0.716359,0.709088,0.801578
3.3788,0.666311,0.755304,0.630981,0.653273,0.668883,0.693364,0.748499,0.715737,0.708453,0.800423
3.379,0.66699,0.755258,0.629674,0.652869,0.671209,0.693195,0.749595,0.713322,0.708685,0.79943
3.3792,0.667222,0.756185,0.630821,0.654141,0.672645,0.693635,0.750046,0.711394,0.709281,0.800357
3.3794,0.666619,0.757704,0.633981,0.65669,0.672609,0.6945,0.748948,0.711312,0.709425,0.802901
3.3796,0.66502,0.758607,0.636581,0.658191,0.67166,0.695319,0.74677,0.712817,0.708911,0.805763
3.3798,0.663627,0.75806,0.637025,0.658128,0.671426,0.69641,0.745906,0.714582,0.707582,0.807534
3.38,0.663444,0.75596,0.634876,0.65673,0.672084,0.697344,0.747016,0.715512,0.705572,0.807776
3.3802,0.664827,0.753488,0.631274,0.654234,0.672787,0.698195,0.748835,0.715644,0.703733,0.807387
3.3804,0.666068,0.752105,0.62829,0.652116,0.673366,0.698798,0.748463,0.715549,0.702469,0.807147
3.3806,0.666057,0.752505,0.627521,0.651874,0.673642,0.69892,0.745402,0.715844,0.701999,0.807778
3.3808,0.664669,0.753952,0.629288,0.653252,0.673497,0.699174,0.741971,0.716509,0.702428,0.809174
3.381,0.662785,0.75476,0.63303,0.654506,0.673053,0.699632,0.741481,0.717287,0.702681,0.81053
3.3812,0.661283,0.754081,0.636172,0.65433,0.672608,0.699931,0.744907,0.718234,0.702158,0.811368
3.3814,0.660871,0.752121,0.636344,0.653009,0.67248,0.700404,0.747423,0.719398,0.700812,0.811478
3.3816,0.661186,0.750159,0.633894,0.651397,0.672971,0.701236,0.745793,0.720426,0.699011,0.81119
3.3818,0.661519,0.749281,0.631185,0.650307,0.673778,0.701973,0.741452,0.720961,0.697452,0.811061
3.382,0.66123,0.749663,0.629856,0.649943,0.674378,0.702169,0.737903,0.721142,0.696619,0.811199
3.3822,0.66014,0.750646,0.630494,0.650019,0.674604,0.701737,0.737233,0.721151,0.696508,0.811598
3.3824,0.658796,0.751278,0.632658,0.650148,0.674329,0.701094,0.738549,0.721621,0.696801,0.812139
3.3826,0.657853,0.751006,0.634785,0.650125,0.673898,0.700752,0.73957,0.722692,0.697078,0.812539
3.3828,0.657618,0.750045,0.635438,0.649912,0.673838,0.700992,0.739072,0.72408,0.69704,0.812689
3.383,0.657919,0.749074,0.634632,0.649554,0.673868,0.701561,0.737286,0.725376,0.69662,0.812492
3.3832,0.658319,0.74867,0.633678,0.64913,0.674118,0.701849,0.735449,0.726213,0.696045,0.811941
3.3834,0.658449,0.748796,0.633433,0.648702,0.674456,0.70181,0.734863,0.72632,0.695527,0.811226
3.3836,0.658217,0.749109,0.633898,0.648193,0.67418,0.701851,0.735876,0.725796,0.695146,0.810399
3.3838,0.657698,0.749453,0.634588,0.647695,0.673419,0.701914,0.737775,0.725045,0.695154,0.80926
3.384,0.656899,0.74971,0.634803,0.647566,0.672613,0.702197,0.738746,0.724486,0.695519,0.808134
3.3842,0.656507,0.74964,0.63454,0.6477,0.672113,0.702273,0.737898,0.724019,0.695965,0.806733
3.3844,0.656933,0.749419,0.6341,0.647678,0.671987,0.701959,0.736928,0.723849,0.696061,0.805151
3.3846,0.657441,0.749335,0.634026,0.647419,0.672097,0.70105,0.73647,0.723942,0.695544,0.803416
3.3848,0.65721,0.749453,0.63466,0.647046,0.671878,0.700521,0.735905,0.723533,0.694631,0.801825
3.385,0.656102,0.749669,0.635625,0.646609,0.671348,0.700986,0.734932,0.722154,0.69394,0.800766
3.3852,0.654729,0.750018,0.636221,0.646258,0.670613,0.701863,0.73372,0.720726,0.694029,0.799458
3.3854,0.653934,0.750672,0.636136,0.646068,0.669941,0.702315,0.732764,0.719329,0.694886,0.797529
3.3856,0.654115,0.751356,0.635546,0.646029,0.669509,0.701777,0.732455,0.717887,0.696079,0.795138
3.3858,0.654929,0.751613,0.634805,0.646089,0.669603,0.700627,0.732616,0.716591,0.697042,0.792636
3.386,0.655606,0.751178,0.634423,0.646164,0.669861,0.699355,0.73269,0.715273,0.697322,0.790802
3.3862,0.655584,0.750054,0.634749,0.646102,0.669851,0.698936,0.732572,0.713747,0.69695,0.789697
3.3864,0.65482,0.74882,0.635417,0.645746,0.669439,0.698924,0.732614,0.712138,0.696378,0.788604
3.3866,0.6537,0.748292,0.635648,0.645229,0.668631,0.698936,0.733019,0.710852,0.696186,0.787201
3.3868,0.652868,0.74857,0.635093,0.64484,0.667929,0.698691,0.733445,0.709722,0.696514,0.785532
3.387,0.652832,0.748901,0.633919,0.644717,0.66787,0.698239,0.733611,0.70876,0.697176,0.7838
3.3872,0.653305,0.748728,0.632728,0.644862,0.66864,0.697564,0.733036,0.707925,0.697421,0.78288
3.3874,0.653526,0.747657,0.632108,0.644981,0.669633,0.69701,0.731698,0.707071,0.697063,0.782647
3.3876,0.652821,0.745723,0.63213,0.645038,0.670385,0.69687,0.730025,0.706302,0.696213,0.783005
3.3878,0.651583,0.743806,0.63265,0.644524,0.670537,0.697473,0.728987,0.705644,0.69575,0.783801
3.388,0.650207,0.742419,0.632992,0.643457,0.670117,0.697959,0.728791,0.705089,0.695795,0.783829
3.3882,0.64941,0.742223,0.633042,0.642225,0.66952,0.698171,0.729212,0.704721,0.69635,0.783376
3.3884,0.64972,0.743207,0.632965,0.641543,0.66971,0.698077,0.728748,0.704658,0.69652,0.783083
3.3886,0.651021,0.743875,0.632386,0.641287,0.671282,0.698016,0.727617,0.70512,0.696338,0.78282
3.3888,0.652397,0.743293,0.631477,0.641183,0.673395,0.697696,0.725544,0.706422,0.697014,0.783077
3.389,0.653637,0.741517,0.630984,0.641192,0.674745,0.697385,0.72379,0.707983,0.697399,0.783438
3.3892,0.655434,0.739494,0.631124,0.641116,0.6742,0.697121,0.723232,0.708861,0.69672,0.783305
3.3894,0.656674,0.738085,0.63187,0.641387,0.671827,0.697346,0.722848,0.708956,0.695593,0.783003
3.3896,0.655815,0.737521,0.632479,0.641591,0.668962,0.697639,0.721364,0.708334,0.694212,0.783033
3.3898,0.653239,0.737413,0.632606,0.641225,0.667855,0.697675,0.718732,0.70791,0.693026,0.783517
3.39,0.650328,0.737109,0.632656,0.640344,0.67016,0.697191,0.715848,0.708379,0.692224,0.784542
3.3902,0.648201,0.736253,0.632821,0.639413,0.674797,0.696704,0.713982,0.709914,0.692222,0.785326
3.3904,0.647779,0.735116,0.632662,0.638888,0.677776,0.696562,0.712944,0.711635,0.692798,0.785809
3.3906,0.649066,0.73424,0.632554,0.639105,0.677452,0.696907,0.712718,0.712216,0.693361,0.78578
3.3908,0.650652,0.733939,0.632477,0.63988,0.674383,0.697622,0.713487,0.711382,0.693701,0.785364
3.391,0.651258,0.733902,0.632802,0.640601,0.670651,0.698318,0.714057,0.709975,0.693711,0.784882
3.3912,0.651047,0.734025,0.633322,0.640935,0.668704,0.698482,0.714691,0.709061,0.694082,0.784783
3.3914,0.650664,0.734255,0.63386,0.640844,0.669299,0.697846,0.714819,0.709303,0.694691,0.785489
3.3916,0.650225,0.734248,0.634043,0.640509,0.672048,0.69677,0.716185,0.710515,0.69583,0.786208
3.3918,0.65051,0.734101,0.633416,0.64004,0.674932,0.695865,0.718183,0.711743,0.697527,0.786657
3.392,0.651856,0.734389,0.63255,0.639601,0.675633,0.695558,0.718659,0.71185,0.698657,0.786889
3.3922,0.653059,0.734974,0.632102,0.639295,0.673752,0.69628,0.7192,0.710808,0.698641,0.787001
3.3924,0.653194,0.735401,0.632064,0.639195,0.670603,0.697768,0.71997,0.709767,0.697438,0.787377
3.3926,0.653175,0.735367,0.632186,0.639751,0.668261,0.698983,0.719806,0.709733,0.696282,0.788318
3.3928,0.653357,0.734911,0.632529,0.641017,0.668027,0.69918,0.719214,0.709937,0.696001,0.789267
3.393,0.653702,0.734484,0.633175,0.642562,0.669966,0.698083,0.718328,0.709654,0.696925,0.790283
3.3932,0.654133,0.734524,0.633489,0.643211,0.672681,0.696631,0.716327,0.710119,0.699048,0.791011
3.3934,0.654907,0.735249,0.633641,0.642591,0.674405,0.695788,0.715932,0.712313,0.700874,0.790949
3.3936,0.655254,0.736337,0.633902,0.641284,0.674233,0.695992,0.719013,0.714429,0.701276,0.791079
3.3938,0.655087,0.737237,0.634424,0.640356,0.67286,0.697601,0.721857,0.715238,0.699788,0.79154
3.394,0.655373,0.737886,0.635137,0.640553,0.671156,0.69995,0.722413,0.714291,0.697737,0.792516
3.3942,0.656314,0.738185,0.635827,0.641761,0.670456,0.701858,0.720966,0.712447,0.697056,0.793767
3.3944,0.65677,0.738184,0.636423,0.643197,0.671449,0.702282,0.718361,0.71087,0.697888,0.794739
3.3946,0.656166,0.73817,0.636949,0.64371,0.673099,0.701029,0.71806,0.710257,0.699705,0.795205
3.3948,0.654921,0.738598,0.636995,0.642697,0.673961,0.699057,0.720445,0.711686,0.701075,0.795481
3.395,0.653789,0.740527,0.636379,0.640778,0.673244,0.698001,0.72222,0.713888,0.700785,0.796255
3.3952,0.653665,0.743014,0.635495,0.639418,0.671663,0.698756,0.722399,0.714947,0.698776,0.797497
3.3954,0.654921,0.743888,0.63477,0.638993,0.671085,0.70054,0.721762,0.714165,0.696069,0.799347
3.3956,0.657135,0.742314,0.634334,0.639046,0.671613,0.702096,0.721219,0.712154,0.69385,0.800655
3.3958,0.658964,0.73923,0.634875,0.64014,0.672212,0.702385,0.722301,0.71046,0.693487,0.801373
3.396,0.659592,0.736509,0.636531,0.641801,0.671852,0.701988,0.723745,0.710467,0.694447,0.801461
3.3962,0.659081,0.73637,0.637919,0.643108,0.671078,0.701447,0.724659,0.712138,0.695684,0.801729
3.3964,0.657622,0.738498,0.637997,0.64305,0.670507,0.701654,0.724864,0.714465,0.695583,0.802679
3.3966,0.65618,0.740599,0.636861,0.641904,0.670614,0.702722,0.725478,0.716242,0.694029,0.804005
3.3968,0.655697,0.740687,0.635565,0.641132,0.671077,0.703406,0.726934,0.716753,0.691448,0.805174
3.397,0.656329,0.738427,0.634929,0.641374,0.671495,0.703457,0.72918,0.716828,0.688942,0.805711
3.3972,0.657427,0.735135,0.635283,0.642357,0.671464,0.70332,0.730035,0.717052,0.68751,0.805652
3.3974,0.65785,0.732967,0.636369,0.643073,0.671045,0.703258,0.72944,0.717453,0.686965,0.805193
3.3976,0.657447,0.733255,0.637397,0.64302,0.67051,0.703209,0.730356,0.717923,0.686974,0.80513
3.3978,0.657059,0.735363,0.637307,0.642375,0.670038,0.703473,0.732612,0.718263,0.68686,0.805966
3.398,0.656793,0.737558,0.635628,0.641446,0.669775,0.704242,0.734857,0.718385,0.686326,0.806977
3.3982,0.657024,0.738263,0.633489,0.640687,0.669752,0.705052,0.735762,0.718178,0.68536,0.807511
3.3984,0.657645,0.737414,0.631922,0.640745,0.669778,0.705621,0.734208,0.717734,0.68429,0.807502
3.3986,0.658219,0.735694,0.63163,0.641479,0.66957,0.705989,0.732146,0.717043,0.683458,0.807053
3.3988,0.658195,0.734841,0.632078,0.642604,0.669093,0.706081,0.731856,0.716457,0.683121,0.806503
3.399,0.657631,0.735423,0.632592,0.643287,0.668638,0.706082,0.733774,0.716686,0.683255,0.805873
3.3992,0.656524,0.737664,0.632543,0.643396,0.668448,0.706175,0.736273,0.716811,0.683525,0.805275
3.3994,0.655614,0.739917,0.632096,0.643028,0.668575,0.706454,0.738969,0.715869,0.683802,0.804889
3.3996,0.655324,0.740214,0.631723,0.642421,0.668827,0.706523,0.739468,0.71417,0.684092,0.804444
3.3998,0.655621,0.739294,0.631022,0.641982,0.668859,0.706366,0.737773,0.712601,0.68432,0.804349
3.4,0.655834,0.738677,0.629946,0.641879,0.668311,0.706419,0.734924,0.711792,0.684534,0.804445
3.4002,0.65608,0.738787,0.628792,0.64195,0.6677,0.706365,0.734553,0.711751,0.684556,0.804548
3.4004,0.655654,0.739533,0.628144,0.642313,0.667438,0.706146,0.737211,0.711965,0.684552,0.804024
3.4006,0.654559,0.740272,0.628018,0.642856,0.667666,0.705831,0.740358,0.711383,0.685025,0.802643
3.4008,0.653815,0.740163,0.628223,0.643347,0.667652,0.705272,0.740195,0.709466,0.685908,0.800676
3.401,0.653673,0.739295,0.62826,0.643406,0.667009,0.704498,0.737307,0.706822,0.686587,0.798955
3.4012,0.653478,0.738862,0.627858,0.642929,0.665686,0.704044,0.736136,0.704734,0.686745,0.798574
3.4014,0.65312,0.73988,0.627067,0.64195,0.663865,0.703912,0.738438,0.70375,0.686397,0.799254
3.4016,0.653103,0.741317,0.626262,0.640844,0.66248,0.704139,0.74202,0.703596,0.685952,0.800038
3.4018,0.653515,0.742044,0.625869,0.640343,0.662087,0.703958,0.742232,0.703554,0.685955,0.800093
3.402,0.65378,0.741986,0.625985,0.640827,0.662618,0.703591,0.7392,0.703083,0.68663,0.798386
3.4022,0.653289,0.740858,0.626393,0.641885,0.663361,0.702783,0.736575,0.702195,0.68769,0.796203
3.4024,0.652064,0.739461,0.626763,0.642659,0.663409,0.702125,0.736747,0.701322,0.688678,0.794541
3.4026,0.650775,0.739463,0.626739,0.64255,0.662638,0.70236,0.738946,0.700871,0.689165,0.793126
3.4028,0.650137,0.741242,0.626313,0.641495,0.66145,0.703121,0.740955,0.701012,0.689006,0.792732
3.403,0.650001,0.742936,0.626132,0.639998,0.660369,0.703063,0.74125,0.701399,0.68843,0.792822
3.4032,0.650633,0.742913,0.626434,0.638932,0.659915,0.702114,0.739422,0.701333,0.687842,0.792514
3.4034,0.651544,0.741065,0.62703,0.638799,0.660222,0.700885,0.736798,0.701052,0.687729,0.79172
3.4036,0.651557,0.73836,0.627346,0.639228,0.661235,0.69948,0.735639,0.701101,0.68802,0.79011
3.4038,0.650889,0.736425,0.627178,0.639297,0.662451,0.698041,0.736048,0.701533,0.68811,0.788533
3.404,0.649839,0.736544,0.626964,0.638475,0.663003,0.697003,0.737601,0.701985,0.687792,0.787656
3.4042,0.649037,0.737993,0.626858,0.636671,0.6626,0.695993,0.737764,0.702806,0.687115,0.787127
3.4044,0.648721,0.739712,0.627281,0.634339,0.661607,0.695023,0.736703,0.703983,0.686534,0.786672
3.4046,0.648772,0.74083,0.628072,0.632374,0.660657,0.693661,0.735205,0.704875,0.686211,0.785973
3.4048,0.648575,0.740739,0.628824,0.631273,0.660611,0.692416,0.734578,0.705419,0.686387,0.784928
3.405,0.648464,0.739301,0.629138,0.631319,0.661988,0.691143,0.734181,0.706219,0.686136,0.784035
3.4052,0.648777,0.738068,0.628849,0.6326,0.664285,0.690121,0.733459,0.707394,0.685684,0.78349
3.4054,0.6488,0.73881,0.628173,0.635406,0.665969,0.689142,0.73352,0.708501,0.686624,0.783474
3.4056,0.648962,0.74085,0.627423,0.637434,0.665707,0.687786,0.733423,0.708492,0.688121,0.783824
3.4058,0.649573,0.742374,0.627186,0.636838,0.664116,0.686137,0.732502,0.707584,0.688743,0.783659
3.406,0.650169,0.741973,0.627623,0.634399,0.662492,0.684577,0.730977,0.706727,0.687779,0.782969
3.4062,0.650181,0.739526,0.628141,0.632368,0.662362,0.683422,0.729076,0.706321,0.685823,0.782367
3.4064,0.650033,0.736794,0.628221,0.632038,0.663736,0.68239,0.728954,0.706618,0.683953,0.782016
3.4066,0.649864,0.736136,0.627742,0.633562,0.66592,0.681516,0.729137,0.70809,0.683146,0.782318
3.4068,0.650101,0.738219,0.62836,0.63556,0.667716,0.680806,0.727764,0.71115,0.68358,0.7827
3.407,0.65041,0.741113,0.630491,0.637243,0.66859,0.680217,0.726067,0.713781,0.684341,0.782423
3.4072,0.651029,0.74269,0.632587,0.638078,0.668426,0.679723,0.725056,0.713419,0.684698,0.78171
3.4074,0.651218,0.741683,0.633215,0.637936,0.668206,0.679359,0.725459,0.711134,0.684745,0.780795
3.4076,0.651211,0.739452,0.632265,0.637264,0.668133,0.679151,0.726003,0.708222,0.68485,0.780326
3.4078,0.650938,0.738142,0.630751,0.636742,0.667898,0.679121,0.725723,0.706314,0.685018,0.780589
3.408,0.650281,0.738453,0.629445,0.636482,0.667704,0.679302,0.72494,0.70669,0.685277,0.781276
3.4082,0.649613,0.739787,0.629265,0.636338,0.668135,0.679708,0.723853,0.710641,0.685854,0.782846
3.4084,0.650162,0.740922,0.629748,0.636519,0.668852,0.679918,0.723338,0.715315,0.686161,0.785115
3.4086,0.651385,0.741016,0.630183,0.636968,0.669473,0.679698,0.722646,0.716479,0.6861,0.786227
3.4088,0.652069,0.740064,0.630102,0.63741,0.669418,0.679767,0.722182,0.713503,0.68679,0.785199
3.409,0.652371,0.738562,0.629663,0.63757,0.66883,0.680451,0.722514,0.709242,0.688368,0.782636
3.4092,0.652187,0.737191,0.628965,0.636751,0.66773,0.681359,0.722453,0.706727,0.689803,0.779747
3.4094,0.651364,0.736808,0.628674,0.635315,0.666246,0.682089,0.720803,0.707953,0.69001,0.77843
3.4096,0.65052,0.736878,0.629115,0.633639,0.665225,0.682601,0.71849,0.711424,0.689294,0.780393
3.4098,0.649935,0.736574,0.630133,0.633012,0.665076,0.683157,0.71704,0.714426,0.688293,0.784576
3.41,0.650235,0.735827,0.630874,0.634911,0.666104,0.683588,0.717306,0.714282,0.688441,0.788276
3.4102,0.651507,0.734711,0.631272,0.638067,0.667385,0.684374,0.718169,0.710967,0.689875,0.789929
3.4104,0.653647,0.734165,0.631506,0.639478,0.668494,0.685653,0.717143,0.706328,0.692203,0.788586
3.4106,0.655449,0.735904,0.63134,0.63857,0.668725,0.686737,0.71383,0.70354,0.694378,0.785726
3.4108,0.655884,0.738868,0.631211,0.635805,0.667893,0.687513,0.710993,0.703382,0.695173,0.782929
3.411,0.655078,0.740272,0.631196,0.633027,0.66708,0.687724,0.709819,0.705206,0.694485,0.781465
3.4112,0.653789,0.738771,0.631636,0.632161,0.666772,0.6876,0.709227,0.708451,0.693161,0.782606
3.4114,0.653989,0.735585,0.632517,0.633316,0.667125,0.687411,0.707879,0.710932,0.692576,0.784883
3.4116,0.656622,0.73304,0.633391,0.634986,0.66751,0.687802,0.706684,0.709968,0.693649,0.787114
3.4118,0.659811,0.732628,0.633782,0.635561,0.667237,0.689366,0.705947,0.705513,0.69615,0.788169
3.412,0.66144,0.733985,0.633747,0.634868,0.666513,0.691625,0.704864,0.70102,0.699015,0.787301
3.4122,0.660541,0.735965,0.633222,0.633766,0.665736,0.69349,0.703077,0.700655,0.701261,0.785819
3.4124,0.658223,0.736892,0.632374,0.633822,0.665651,0.694084,0.700354,0.704053,0.701629,0.785847
3.4126,0.656565,0.73596,0.631644,0.635007,0.665774,0.69361,0.697727,0.707684,0.699984,0.787217
3.4128,0.657213,0.734409,0.631437,0.636294,0.665439,0.693394,0.696551,0.70859,0.697888,0.789482
3.413,0.659513,0.733628,0.631824,0.636806,0.664268,0.69382,0.696903,0.707111,0.696672,0.791199
3.4132,0.661793,0.733966,0.632452,0.636945,0.662669,0.69541,0.698122,0.705005,0.697025,0.791591
3.4134,0.66215,0.735221,0.632755,0.637329,0.660989,0.697214,0.69843,0.703322,0.698601,0.791218
3.4136,0.660301,0.736734,0.632324,0.637684,0.659327,0.698702,0.696992,0.703634,0.700208,0.790474
3.4138,0.657365,0.737285,0.631252,0.637654,0.658546,0.698975,0.695165,0.705768,0.700602,0.79014
3.414,0.655521,0.736686,0.630112,0.637291,0.658513,0.698416,0.694991,0.707732,0.699665,0.790693
3.4142,0.65608,0.736544,0.63041,0.636749,0.658736,0.69747,0.697096,0.708218,0.698419,0.791573
3.4144,0.657864,0.737743,0.632571,0.636627,0.658537,0.696772,0.700066,0.708071,0.697849,0.792331
3.4146,0.65919,0.739178,0.634347,0.637913,0.657248,0.697255,0.701237,0.70801,0.698329,0.792637
3.4148,0.659091,0.739864,0.634392,0.640232,0.655073,0.698496,0.700418,0.707618,0.699243,0.792294
3.415,0.65771,0.739514,0.632409,0.642125,0.653103,0.699539,0.69961,0.706878,0.699835,0.791868
3.4152,0.655813,0.7381,0.629138,0.642186,0.652191,0.699715,0.699803,0.706305,0.699723,0.791563
3.4154,0.65449,0.736813,0.626288,0.640365,0.65237,0.699307,0.701132,0.705876,0.699056,0.791603
3.4156,0.65451,0.737276,0.625164,0.638107,0.653018,0.69961,0.703345,0.705829,0.698026,0.792056
3.4158,0.655287,0.739226,0.625511,0.637115,0.653291,0.700737,0.704582,0.706575,0.69731,0.792545
3.416,0.656248,0.741151,0.626498,0.638034,0.652732,0.701775,0.704662,0.707661,0.697691,0.792923
3.4162,0.656171,0.741966,0.627024,0.640113,0.651638,0.702756,0.704562,0.708194,0.698537,0.793028
3.4164,0.655509,0.74146,0.626849,0.641918,0.650652,0.703037,0.705167,0.708049,0.699095,0.792759
3.4166,0.654714,0.739965,0.626285,0.642294,0.65021,0.702307,0.706724,0.70774,0.699188,0.792461
3.4168,0.654001,0.738639,0.625448,0.641043,0.650321,0.701456,0.708997,0.707451,0.698562,0.791993
3.417,0.654011,0.73907,0.624494,0.63907,0.650806,0.700797,0.711156,0.707389,0.697582,0.791301
3.4172,0.654378,0.74095,0.623472,0.637864,0.651191,0.700607,0.712249,0.707871,0.69699,0.790652
3.4174,0.654339,0.742398,0.62244,0.63799,0.651124,0.700705,0.712158,0.708543,0.696915,0.789667
3.4176,0.653892,0.741911,0.621756,0.639162,0.650838,0.7009,0.711907,0.708395,0.697204,0.788316
3.4178,0.65414,0.739453,0.621601,0.639954,0.650687,0.700644,0.712335,0.706954,0.697633,0.786684
3.418,0.654677,0.736178,0.621915,0.639806,0.650942,0.700051,0.71255,0.705144,0.698091,0.785037
3.4182,0.65513,0.734438,0.622395,0.638709,0.651551,0.700105,0.71284,0.703626,0.698928,0.784013
3.4184,0.654815,0.73486,0.622664,0.637502,0.652154,0.701316,0.712283,0.702962,0.699614,0.783157
3.4186,0.65393,0.736619,0.622606,0.636408,0.65284,0.702857,0.711332,0.703048,0.69965,0.78207
3.4188,0.652814,0.737648,0.622443,0.635817,0.653367,0.703599,0.711384,0.703774,0.699075,0.780438
3.419,0.652459,0.736881,0.622498,0.635827,0.65356,0.703449,0.711971,0.703589,0.698347,0.778651
3.4192,0.653353,0.734627,0.62294,0.636297,0.653795,0.702699,0.711866,0.702228,0.698003,0.777194
3.4194,0.654689,0.732615,0.623428,0.636397,0.653992,0.70173,0.709566,0.699862,0.698237,0.776112
3.4196,0.655091,0.732298,0.623827,0.635612,0.654089,0.70142,0.70672,0.697876,0.69911,0.775116
3.4198,0.654572,0.734193,0.624307,0.634358,0.654343,0.701403,0.704696,0.697285,0.700494,0.773671
3.42,0.653493,0.73694,0.624753,0.632856,0.654736,0.701424,0.706462,0.697135,0.701518,0.771754
3.4202,0.652661,0.738269,0.624839,0.631499,0.655335,0.701136,0.709893,0.696741,0.701504,0.769541
3.4204,0.652576,0.737205,0.624581,0.630679,0.65596,0.700558,0.709963,0.695653,0.700996,0.767549
3.4206,0.653709,0.735246,0.624257,0.630398,0.656318,0.699683,0.705976,0.694105,0.700657,0.766306
3.4208,0.655049,0.734049,0.624157,0.630544,0.656219,0.69909,0.700804,0.692421,0.700579,0.765679
3.421,0.655461,0.734237,0.624408,0.630861,0.655943,0.699573,0.697573,0.691034,0.701069,0.765327
3.4212,0.654078,0.735388,0.624904,0.630812,0.656201,0.700893,0.697186,0.690229,0.701909,0.764781
3.4214,0.652207,0.736441,0.625408,0.630271,0.656599,0.701967,0.697911,0.689978,0.702469,0.763827
3.4216,0.651217,0.736485,0.625718,0.629466,0.656893,0.701083,0.697894,0.690065,0.702493,0.762719
3.4218,0.651675,0.73536,0.625714,0.628919,0.656908,0.698186,0.696822,0.690094,0.702035,0.76176
3.422,0.653456,0.734291,0.625324,0.629426,0.657209,0.69527,0.695011,0.689623,0.701627,0.760999
3.4222,0.654588,0.734024,0.624608,0.630913,0.657891,0.694246,0.693322,0.688935,0.701894,0.76059
3.4224,0.654461,0.734432,0.62382,0.632109,0.658639,0.694971,0.692812,0.688669,0.702859,0.760412
3.4226,0.65348,0.734596,0.623361,0.632088,0.658627,0.695806,0.693569,0.688566,0.703228,0.760097
3.4228,0.651869,0.733717,0.623612,0.631141,0.657769,0.696258,0.694626,0.68868,0.702205,0.759484
3.423,0.650315,0.732283,0.624277,0.630179,0.657515,0.695801,0.695348,0.689522,0.699927,0.758615
3.4232,0.649857,0.731358,0.624484,0.629732,0.658344,0.694302,0.695716,0.690624,0.69718,0.757664
3.4234,0.650445,0.731661,0.624126,0.630684,0.65953,0.692663,0.695296,0.690997,0.69554,0.75713
3.4236,0.651262,0.732679,0.623919,0.632237,0.660253,0.691635,0.694073,0.690805,0.696991,0.757527
3.4238,0.652169,0.733385,0.623719,0.633328,0.659941,0.691513,0.692991,0.690385,0.700805,0.758285
3.424,0.652781,0.733268,0.623686,0.633666,0.658868,0.692246,0.694457,0.690317,0.703338,0.758973
3.4242,0.652502,0.732564,0.62334,0.63339,0.65783,0.693115,0.698142,0.690854,0.70322,0.759131
3.4244,0.651266,0.731611,0.623123,0.633144,0.657571,0.693382,0.701354,0.691908,0.700539,0.758787
3.4246,0.649867,0.731251,0.624491,0.633152,0.658532,0.692991,0.702562,0.692891,0.697168,0.758392
3.4248,0.649603,0.731724,0.626795,0.633802,0.66007,0.692295,0.702192,0.69376,0.695681,0.758668
3.425,0.650743,0.732509,0.62798,0.634384,0.66118,0.691662,0.701319,0.694087,0.696762,0.759962
3.4252,0.652773,0.733306,0.62671,0.635126,0.661323,0.69147,0.702311,0.693437,0.699296,0.761869
3.4254,0.65395,0.735123,0.623789,0.63649,0.660377,0.691664,0.704882,0.69287,0.701482,0.76375
3.4256,0.653395,0.737437,0.621104,0.637566,0.658867,0.691902,0.706808,0.693288,0.701606,0.764415
3.4258,0.651872,0.73837,0.619927,0.637547,0.657506,0.692068,0.707487,0.694503,0.699458,0.763844
3.426,0.650548,0.737335,0.620916,0.636616,0.657261,0.692378,0.707335,0.695915,0.696615,0.762927
3.4262,0.650137,0.734937,0.623612,0.635563,0.657986,0.692422,0.705917,0.69669,0.694891,0.762484
3.4264,0.651199,0.732668,0.625708,0.635359,0.658695,0.692273,0.704743,0.696508,0.69505,0.76376
3.4266,0.652844,0.732392,0.6258,0.636348,0.658566,0.692158,0.704549,0.697065,0.696788,0.766112
3.4268,0.654013,0.734396,0.624988,0.638404,0.657193,0.69233,0.704264,0.698874,0.698189,0.768718
3.427,0.654389,0.736991,0.624645,0.640128,0.655347,0.692666,0.703253,0.701033,0.698761,0.770834
3.4272,0.654094,0.737415,0.624725,0.640892,0.653639,0.693404,0.701649,0.701731,0.69821,0.772032
3.4274,0.653774,0.734568,0.625354,0.640401,0.652483,0.694026,0.700721,0.700677,0.697019,0.772202
3.4276,0.653785,0.730176,0.62636,0.639247,0.651496,0.694318,0.700872,0.698927,0.696663,0.771854
3.4278,0.654099,0.726596,0.627115,0.63898,0.651112,0.694075,0.700516,0.698323,0.697665,0.77161
3.428,0.654478,0.725561,0.627541,0.639914,0.651976,0.693667,0.698688,0.699516,0.699238,0.772202
3.4282,0.654347,0.727024,0.62815,0.641416,0.652979,0.693034,0.696649,0.70168,0.700452,0.773777
3.4284,0.653879,0.729147,0.629336,0.642388,0.652707,0.692552,0.695411,0.703006,0.700752,0.775903
3.4286,0.653817,0.731062,0.6305,0.642245,0.650943,0.693242,0.69433,0.702749,0.699845,0.777751
3.4288,0.65451,0.732143,0.6306,0.641688,0.649466,0.694915,0.693139,0.701766,0.69853,0.778854
3.429,0.654777,0.731912,0.629775,0.641555,0.649858,0.696306,0.691567,0.700983,0.69725,0.778806
3.4292,0.654057,0.730806,0.629066,0.642589,0.651762,0.696706,0.689997,0.701866,0.696513,0.777997
3.4294,0.653122,0.729913,0.628808,0.644157,0.653879,0.696153,0.688597,0.704426,0.696687,0.776711
3.4296,0.653822,0.730266,0.629381,0.644923,0.654968,0.695064,0.687474,0.706617,0.69784,0.775737
3.4298,0.656956,0.731869,0.630864,0.645066,0.654815,0.694189,0.687427,0.707501,0.699368,0.775729
3.43,0.659755,0.733813,0.633047,0.644961,0.654107,0.694335,0.688236,0.707011,0.700419,0.776367
3.4302,0.660566,0.734965,0.634333,0.644843,0.653267,0.695376,0.688696,0.705947,0.700081,0.777449
3.4304,0.659478,0.734774,0.633679,0.644831,0.652545,0.696326,0.687968,0.70577,0.698513,0.778028
3.4306,0.657288,0.733985,0.631626,0.644849,0.652417,0.696865,0.6863,0.707043,0.69668,0.778292
3.4308,0.655773,0.733614,0.629761,0.64468,0.652944,0.69749,0.685366,0.708675,0.695547,0.778197
3.431,0.655786,0.734256,0.629288,0.64457,0.653681,0.698316,0.686827,0.709146,0.695991,0.777987
3.4312,0.656795,0.735744,0.630461,0.644536,0.654148,0.698749,0.689638,0.707905,0.697518,0.778199
3.4314,0.657937,0.73703,0.63255,0.645148,0.654604,0.69851,0.691359,0.705434,0.699249,0.779117
3.4316,0.658424,0.736906,0.634063,0.646398,0.655091,0.698124,0.69133,0.703359,0.699777,0.780293
3.4318,0.657501,0.735468,0.633885,0.647236,0.654752,0.697699,0.6899,0.702836,0.698829,0.781025
3.432,0.656467,0.733819,0.632168,0.64694,0.653877,0.69754,0.688332,0.703672,0.697262,0.780769
3.4322,0.656269,0.733134,0.630138,0.645468,0.653259,0.698035,0.689038,0.704177,0.696211,0.780087
3.4324,0.656441,0.733795,0.629087,0.644032,0.653438,0.698919,0.692503,0.703438,0.696444,0.779748
3.4326,0.657003,0.735219,0.629477,0.643461,0.653867,0.69946,0.696869,0.701076,0.697729,0.779762
3.4328,0.65777,0.73645,0.630761,0.643947,0.65448,0.699388,0.699447,0.698488,0.698973,0.779928
3.433,0.657313,0.73669,0.631785,0.644828,0.655275,0.698966,0.698854,0.696827,0.699528,0.779954
3.4332,0.655987,0.735739,0.631646,0.645029,0.65572,0.698467,0.697436,0.696356,0.699302,0.779588
3.4334,0.654598,0.734469,0.630513,0.644325,0.655569,0.698158,0.697663,0.695936,0.698568,0.77907
3.4336,0.653303,0.733726,0.629103,0.643099,0.654906,0.698344,0.700664,0.69498,0.69811,0.778722
3.4338,0.652455,0.733574,0.628094,0.642369,0.654148,0.698807,0.704114,0.693291,0.698015,0.778769
3.434,0.652389,0.733623,0.627728,0.642322,0.653707,0.698987,0.705504,0.691953,0.698071,0.779247
3.4342,0.652831,0.733218,0.627607,0.643114,0.65416,0.698079,0.705569,0.691179,0.698298,0.779621
3.4344,0.653121,0.732075,0.627401,0.644119,0.655245,0.69673,0.704971,0.690203,0.698839,0.779118
3.4346,0.652616,0.730432,0.626918,0.644364,0.656524,0.695851,0.703671,0.688703,0.699611,0.777976
3.4348,0.651389,0.728769,0.626548,0.64375,0.657028,0.695075,0.702645,0.686954,0.700409,0.776565
3.435,0.650302,0.72748,0.626388,0.642549,0.656509,0.694221,0.702206,0.685397,0.701053,0.775879
3.4352,0.649749,0.726519,0.626227,0.642056,0.655567,0.693397,0.703361,0.684464,0.700466,0.776232
3.4354,0.650575,0.725934,0.625649,0.643019,0.655104,0.692478,0.704795,0.684302,0.699196,0.776539
3.4356,0.652299,0.72554,0.624773,0.644501,0.65552,0.690894,0.705839,0.684551,0.698523,0.776606
3.4358,0.65336,0.725074,0.623922,0.645709,0.656696,0.688869,0.703751,0.684634,0.699173,0.775976
3.436,0.653152,0.724063,0.623495,0.645796,0.658083,0.68668,0.699487,0.684334,0.700363,0.77521
3.4362,0.651514,0.722972,0.623671,0.64498,0.659378,0.684848,0.695606,0.683927,0.701222,0.775064
3.4364,0.649359,0.722104,0.623683,0.644138,0.660129,0.683351,0.693569,0.683695,0.701138,0.774842
3.4366,0.647771,0.72178,0.623125,0.643543,0.660165,0.68222,0.693948,0.683699,0.699816,0.774549
3.4368,0.647806,0.721599,0.622084,0.643445,0.660025,0.681244,0.695506,0.684124,0.698545,0.773769
3.437,0.649546,0.720917,0.620954,0.643997,0.659871,0.680053,0.695198,0.684581,0.698273,0.772475
3.4372,0.651405,0.720329,0.620179,0.644538,0.659884,0.678704,0.69206,0.684451,0.699041,0.771187
3.4374,0.652114,0.720106,0.619881,0.644563,0.660576,0.677629,0.687389,0.683679,0.699989,0.770324
3.4376,0.651171,0.719919,0.619926,0.644203,0.661766,0.676636,0.684025,0.682733,0.700544,0.769811
3.4378,0.649328,0.719498,0.620088,0.644166,0.662996,0.675598,0.683317,0.682179,0.700283,0.769215
3.438,0.647639,0.718805,0.620181,0.644563,0.663594,0.674533,0.683776,0.682352,0.699403,0.768109
3.4382,0.646715,0.718053,0.620113,0.644772,0.663117,0.673742,0.683469,0.683049,0.698627,0.766473
3.4384,0.646882,0.717554,0.61986,0.644705,0.662448,0.67346,0.681799,0.683715,0.698386,0.765154
3.4386,0.64744,0.71729,0.619538,0.644813,0.661939,0.67351,0.679657,0.683854,0.699122,0.764515
3.4388,0.647705,0.717207,0.61912,0.644681,0.661529,0.673561,0.678316,0.683622,0.700128,0.764836
3.439,0.646536,0.717152,0.618668,0.644272,0.661494,0.673044,0.678567,0.683327,0.700261,0.765739
3.4392,0.644391,0.717109,0.618662,0.643945,0.661927,0.672365,0.680021,0.683163,0.699277,0.766189
3.4394,0.641918,0.717116,0.619289,0.643715,0.662504,0.672174,0.681302,0.68374,0.69764,0.765585
3.4396,0.639842,0.716785,0.619928,0.643316,0.662964,0.672364,0.681306,0.684698,0.696259,0.76452
3.4398,0.638698,0.716004,0.620007,0.642653,0.663054,0.672445,0.680919,0.684998,0.696013,0.763437
3.44,0.63825,0.715076,0.619438,0.641848,0.662519,0.672084,0.681939,0.684102,0.696661,0.763459
3.4402,0.638127,0.714373,0.618653,0.641011,0.662086,0.671276,0.683349,0.682265,0.698187,0.764607
3.4404,0.639431,0.71412,0.618272,0.641135,0.661762,0.670478,0.684124,0.680563,0.69928,0.766132
3.4406,0.642063,0.714332,0.618639,0.642348,0.661641,0.670156,0.683488,0.679885,0.699649,0.767484
3.4408,0.643779,0.714693,0.619582,0.643849,0.662138,0.670379,0.682,0.680557,0.698981,0.767984
3.441,0.643578,0.715471,0.620455,0.644197,0.663349,0.671006,0.681814,0.681439,0.698064,0.767446
3.4412,0.642172,0.716369,0.620706,0.643078,0.66485,0.671689,0.683352,0.68137,0.697481,0.766129
3.4414,0.640939,0.717336,0.620286,0.641395,0.665874,0.672096,0.684954,0.681447,0.697913,0.765218
3.4416,0.640563,0.717767,0.619505,0.640281,0.665551,0.672065,0.685516,0.683586,0.698791,0.765674
3.4418,0.641588,0.717351,0.618936,0.640306,0.664135,0.671753,0.68549,0.686327,0.699073,0.766977
3.442,0.642891,0.71726,0.618921,0.640724,0.662323,0.671466,0.685995,0.687195,0.698275,0.767863
3.4422,0.643017,0.717742,0.619402,0.641212,0.661581,0.671502,0.687478,0.686129,0.696851,0.767118
3.4424,0.642354,0.71858,0.619767,0.641527,0.662139,0.671683,0.689345,0.684395,0.695716,0.764993
3.4426,0.641415,0.719231,0.619371,0.641825,0.663421,0.671563,0.690518,0.68313,0.695625,0.763144
3.4428,0.64089,0.719327,0.618404,0.641762,0.664573,0.671115,0.689778,0.683684,0.696595,0.762308
3.443,0.641037,0.718964,0.617557,0.641384,0.66475,0.67059,0.687665,0.686114,0.698162,0.762883
3.4432,0.641704,0.719245,0.617112,0.641714,0.663925,0.670474,0.686814,0.688888,0.698957,0.764638
3.4434,0.642419,0.720392,0.617039,0.642605,0.662585,0.670477,0.687346,0.690707,0.69853,0.76632
3.4436,0.642835,0.722001,0.617423,0.64388,0.661834,0.670686,0.687907,0.69127,0.697698,0.767306
3.4438,0.642933,0.723237,0.61793,0.645078,0.661818,0.670838,0.687707,0.690986,0.696636,0.767689
3.444,0.642994,0.723837,0.618373,0.645173,0.662901,0.670613,0.686755,0.690857,0.696496,0.767841
3.4442,0.643309,0.723898,0.618186,0.644596,0.664893,0.669567,0.686067,0.691525,0.697013,0.768139
3.4444,0.643739,0.723554,0.617484,0.644647,0.666772,0.668269,0.685468,0.692793,0.698295,0.768721
3.4446,0.643622,0.723703,0.616527,0.645403,0.667429,0.66743,0.683721,0.693823,0.699536,0.769435
3.4448,0.643713,0.724758,0.615576,0.646373,0.666888,0.667385,0.681198,0.694091,0.699669,0.770138
3.445,0.645129,0.726134,0.615,0.646863,0.665301,0.667754,0.67943,0.693728,0.699133,0.770592
3.4452,0.647272,0.727483,0.614875,0.64667,0.663576,0.668511,0.678833,0.692931,0.698466,0.770847
3.4454,0.648941,0.728264,0.614858,0.646246,0.662892,0.669111,0.678327,0.692355,0.698234,0.771193
3.4456,0.649226,0.72865,0.614746,0.646206,0.66351,0.668911,0.677916,0.69361,0.698803,0.771843
3.4458,0.64825,0.728556,0.614545,0.646491,0.664438,0.667972,0.676656,0.696278,0.699801,0.772607
3.446,0.647141,0.728861,0.614419,0.647081,0.664807,0.667206,0.675452,0.697314,0.700267,0.773382
3.4462,0.646863,0.729733,0.614551,0.647601,0.664683,0.667346,0.67568,0.695765,0.70014,0.773927
3.4464,0.647313,0.73113,0.614949,0.647713,0.663949,0.66842,0.676735,0.692727,0.699656,0.774323
3.4466,0.647978,0.732192,0.615447,0.647056,0.663218,0.669788,0.677379,0.689891,0.699443,0.774815
3.4468,0.648328,0.732704,0.615814,0.646464,0.662667,0.670755,0.677074,0.6887,0.699362,0.775367
3.447,0.647958,0.732172,0.61588,0.646088,0.662664,0.671166,0.676256,0.689193,0.699684,0.775897
3.4472,0.647003,0.7307,0.615624,0.64612,0.662754,0.671245,0.676004,0.689617,0.699733,0.77625
3.4474,0.645687,0.729545,0.615409,0.646395,0.662521,0.671356,0.677223,0.689034,0.699542,0.776234
3.4476,0.645074,0.729549,0.61564,0.646298,0.661838,0.672074,0.679653,0.68706,0.699665,0.775992
3.4478,0.645632,0.730589,0.616113,0.645883,0.660995,0.673453,0.681682,0.685761,0.699828,0.775585
3.448,0.64657,0.732267,0.616412,0.645345,0.660424,0.674815,0.682514,0.686165,0.699852,0.775095
3.4482,0.647006,0.733516,0.616264,0.644895,0.660236,0.675347,0.683262,0.687149,0.700137,0.774298
3.4484,0.646685,0.733578,0.615691,0.644865,0.66008,0.675079,0.683689,0.686794,0.700431,0.773342
3.4486,0.645803,0.7324,0.615157,0.644884,0.659827,0.674924,0.683527,0.685045,0.700346,0.772291
3.4488,0.644998,0.730972,0.615221,0.644832,0.659939,0.675584,0.684162,0.682883,0.699712,0.771836
3.449,0.644462,0.730394,0.615985,0.644615,0.660124,0.676903,0.686662,0.681361,0.698736,0.77166
3.4492,0.644873,0.731086,0.616995,0.644189,0.660468,0.678325,0.689765,0.68098,0.697976,0.771225
3.4494,0.6456,0.732546,0.617611,0.644327,0.660977,0.679403,0.691872,0.681477,0.697776,0.770145
3.4496,0.646372,0.733521,0.617474,0.645131,0.661419,0.679833,0.692524,0.682136,0.698042,0.768068
3.4498,0.646627,0.733558,0.616681,0.64561,0.661487,0.679536,0.69193,0.682373,0.698163,0.76583
3.45,0.64551,0.733109,0.615691,0.645537,0.661381,0.679018,0.691939,0.682011,0.698015,0.76411
3.4502,0.643835,0.732915,0.615163,0.64467,0.661211,0.678522,0.694054,0.681154,0.697577,0.762948
3.4504,0.64272,0.733299,0.615457,0.643845,0.660723,0.678102,0.696926,0.680307,0.697069,0.762416
3.4506,0.64224,0.733502,0.616141,0.643235,0.659951,0.678083,0.698679,0.680235,0.69693,0.761749
3.4508,0.642334,0.733121,0.616679,0.643144,0.659417,0.678119,0.699442,0.680815,0.697049,0.760489
3.451,0.642758,0.732201,0.616441,0.643273,0.65952,0.677708,0.699174,0.68152,0.697183,0.758866
3.4512,0.642812,0.731627,0.615705,0.643547,0.660021,0.676818,0.698266,0.681783,0.696994,0.757245
3.4514,0.642226,0.731758,0.615126,0.644099,0.661058,0.675667,0.6971,0.681371,0.696864,0.756002
3.4516,0.641253,0.732748,0.614841,0.6447,0.661846,0.674761,0.696016,0.680679,0.69659,0.755362
3.4518,0.640629,0.733964,0.614982,0.645144,0.662257,0.673739,0.694792,0.68062,0.696588,0.75505
3.452,0.640416,0.734143,0.615483,0.645714,0.662168,0.672568,0.694428,0.681265,0.696462,0.754847
3.4522,0.640761,0.733251,0.615954,0.646094,0.661349,0.671128,0.695187,0.682632,0.696221,0.754633
3.4524,0.64113,0.731343,0.6161,0.645928,0.660616,0.669704,0.694645,0.683905,0.696154,0.754201
3.4526,0.641737,0.729467,0.615679,0.64531,0.660614,0.668323,0.6916,0.684693,0.695497,0.753589
3.4528,0.641923,0.729093,0.614506,0.644622,0.661254,0.667286,0.687952,0.685029,0.694774,0.753159
3.453,0.641302,0.729875,0.612994,0.644457,0.661964,0.666497,0.685414,0.684788,0.694375,0.753087
3.4532,0.640088,0.730723,0.611812,0.64455,0.662116,0.66602,0.685829,0.684582,0.694501,0.753052
3.4534,0.638778,0.730929,0.611444,0.644427,0.661895,0.66523,0.686838,0.68491,0.695199,0.752673
3.4536,0.63798,0.730253,0.611777,0.643573,0.661625,0.664015,0.685258,0.685525,0.695786,0.751668
3.4538,0.638236,0.729178,0.612311,0.642468,0.661495,0.663086,0.68276,0.686218,0.695598,0.750266
3.454,0.63893,0.728157,0.612658,0.641276,0.661297,0.662433,0.681368,0.686642,0.694974,0.749162
3.4542,0.639574,0.727366,0.612653,0.640193,0.660989,0.662373,0.680671,0.6866,0.694322,0.74881
3.4544,0.639997,0.726847,0.612458,0.63924,0.660569,0.662516,0.680034,0.686039,0.693999,0.749025
3.4546,0.639427,0.726462,0.612388,0.638415,0.660278,0.662407,0.678372,0.685537,0.694161,0.749497
3.4548,0.638319,0.72607,0.612624,0.637432,0.660237,0.661891,0.676542,0.685672,0.69453,0.749746
3.455,0.637387,0.725674,0.613097,0.636312,0.660377,0.661198,0.675826,0.686226,0.69461,0.749446
3.4552,0.636825,0.725462,0.613578,0.635167,0.660702,0.660727,0.676086,0.68754,0.694166,0.748792
3.4554,0.636871,0.725735,0.61371,0.635176,0.660763,0.660734,0.676517,0.689421,0.693877,0.74799
3.4556,0.63841,0.725926,0.613443,0.63553,0.660828,0.660888,0.676423,0.690727,0.693475,0.747305
3.4558,0.640488,0.726294,0.613463,0.634869,0.660923,0.661218,0.675956,0.691083,0.692673,0.747194
3.456,0.641751,0.72614,0.614055,0.63314,0.660464,0.661732,0.676179,0.691011,0.692168,0.747857
3.4562,0.640922,0.725158,0.61495,0.631049,0.659328,0.662133,0.677506,0.69066,0.691914,0.749247
3.4564,0.638582,0.723246,0.615516,0.62924,0.657765,0.662071,0.678609,0.690886,0.691389,0.750608
3.4566,0.636175,0.720958,0.615456,0.628022,0.656096,0.661637,0.679164,0.692229,0.69107,0.750894
3.4568,0.635215,0.719347,0.615364,0.62816,0.655339,0.661248,0.679857,0.693549,0.691132,0.749907
3.457,0.636032,0.719145,0.615827,0.630217,0.65674,0.661239,0.680185,0.693658,0.691136,0.748474
3.4572,0.63831,0.720184,0.616802,0.632499,0.658891,0.661613,0.679501,0.692368,0.691003,0.748009
3.4574,0.640259,0.720874,0.618015,0.633234,0.659169,0.662267,0.678105,0.690958,0.690994,0.74887
3.4576,0.64083,0.720043,0.618632,0.632448,0.657497,0.663242,0.677257,0.690267,0.690752,0.750622
3.4578,0.639781,0.719321,0.618671,0.631307,0.654849,0.664429,0.677592,0.69055,0.690067,0.752622
3.458,0.638498,0.718946,0.618142,0.630471,0.653667,0.665378,0.678676,0.691727,0.689265,0.7537
3.4582,0.638074,0.71826,0.617402,0.63033,0.654273,0.665437,0.679505,0.693106,0.68856,0.753889
3.4584,0.639778,0.717191,0.617168,0.630835,0.655116,0.664645,0.679797,0.693749,0.688056,0.753457
3.4586,0.642243,0.716888,0.617496,0.631441,0.654906,0.663909,0.680267,0.693571,0.688446,0.752466
3.4588,0.643307,0.718461,0.617813,0.631818,0.653788,0.664235,0.681279,0.69319,0.689735,0.751999
3.459,0.642159,0.720298,0.618128,0.632604,0.652246,0.665481,0.682154,0.69295,0.691102,0.752513
3.4592,0.640397,0.720448,0.618536,0.633723,0.650775,0.66663,0.682642,0.692806,0.691742,0.753939
3.4594,0.639272,0.718538,0.619172,0.634618,0.649866,0.666749,0.68265,0.69273,0.691742,0.75594
3.4596,0.639447,0.71581,0.619807,0.635356,0.650045,0.666027,0.682524,0.692577,0.691419,0.757756
3.4598,0.640284,0.714076,0.62064,0.635602,0.651855,0.665642,0.682381,0.692179,0.690989,0.759013
3.46,0.64051,0.71427,0.621577,0.635413,0.653504,0.665412,0.681652,0.691758,0.691193,0.759459
3.4602,0.639341,0.715781,0.622303,0.635427,0.653777,0.665318,0.680423,0.691754,0.692054,0.759529
3.4604,0.637012,0.717214,0.622472,0.635837,0.653219,0.66546,0.678869,0.692233,0.692805,0.759601
3.4606,0.634699,0.717943,0.622394,0.6364,0.652425,0.665808,0.678663,0.692875,0.692954,0.760121
3.4608,0.633685,0.717863,0.622183,0.636728,0.651896,0.665901,0.680763,0.693354,0.692237,0.761006
3.461,0.634049,0.717405,0.62221,0.636209,0.652594,0.665298,0.682546,0.693689,0.69118,0.761898
3.4612,0.635824,0.71733,0.622668,0.63537,0.65385,0.663993,0.681797,0.693789,0.69124,0.762627
3.4614,0.638947,0.718044,0.623042,0.634924,0.654295,0.662594,0.678656,0.693786,0.69264,0.763481
3.4616,0.640989,0.719386,0.623103,0.634932,0.654225,0.661616,0.675919,0.693687,0.694319,0.764033
3.4618,0.639805,0.721521,0.622957,0.635532,0.654334,0.661295,0.67574,0.693181,0.695128,0.764456
3.462,0.63634,0.723377,0.622866,0.636607,0.65469,0.661373,0.676831,0.692517,0.69504,0.765397
3.4622,0.633477,0.724161,0.623305,0.637488,0.655786,0.661579,0.676693,0.691814,0.694367,0.766494
3.4624,0.63245,0.723733,0.624054,0.637935,0.656891,0.661673,0.674851,0.691446,0.693627,0.76756
3.4626,0.633029,0.723238,0.624834,0.63816,0.65724,0.661854,0.672501,0.691655,0.693805,0.768187
3.4628,0.634069,0.723436,0.625539,0.638081,0.656954,0.662124,0.67135,0.691957,0.694694,0.768077
3.463,0.634244,0.724975,0.625825,0.638175,0.65682,0.662455,0.671735,0.691292,0.695952,0.767976
3.4632,0.633398,0.72684,0.625661,0.638257,0.657003,0.662825,0.672355,0.689721,0.696875,0.767866
3.4634,0.632503,0.727151,0.625213,0.637933,0.657174,0.663273,0.672346,0.687984,0.69707,0.76776
3.4636,0.632221,0.726299,0.62477,0.637819,0.656995,0.663915,0.671984,0.687069,0.696562,0.768151
3.4638,0.632485,0.725513,0.624689,0.638289,0.65671,0.664735,0.672002,0.686913,0.695694,0.768868
3.464,0.633091,0.725478,0.625059,0.63874,0.656328,0.665456,0.673037,0.686406,0.694974,0.76931
3.4642,0.633559,0.726624,0.625445,0.638554,0.656804,0.666038,0.674796,0.685256,0.694716,0.769953
3.4644,0.633141,0.727829,0.625532,0.637913,0.657985,0.666525,0.676464,0.683545,0.694815,0.770056
3.4646,0.632311,0.728247,0.625419,0.637322,0.659127,0.667122,0.677364,0.681645,0.695081,0.769425
3.4648,0.63258,0.728038,0.625254,0.637269,0.65906,0.667651,0.677777,0.680234,0.69478,0.768619
3.465,0.633952,0.727868,0.624964,0.637926,0.657845,0.668207,0.678096,0.679662,0.694091,0.767736
3.4652,0.635041,0.727957,0.624535,0.63894,0.655958,0.668816,0.678503,0.68007,0.692903,0.767327
3.4654,0.635096,0.728743,0.624122,0.63958,0.654716,0.669818,0.678694,0.680699,0.691184,0.767625
3.4656,0.633978,0.729596,0.623909,0.639126,0.654745,0.671145,0.678664,0.680896,0.689435,0.767986
3.4658,0.632772,0.729524,0.6239,0.637821,0.655627,0.672222,0.678964,0.68049,0.687699,0.768149
3.466,0.632421,0.728837,0.623948,0.636826,0.656482,0.672876,0.679839,0.679807,0.686374,0.76809
3.4662,0.633269,0.728285,0.623807,0.636522,0.656539,0.673098,0.680582,0.679254,0.685718,0.767497
3.4664,0.634863,0.728366,0.62351,0.637303,0.655733,0.673494,0.681005,0.679236,0.685374,0.767252
3.4666,0.636107,0.728724,0.623294,0.638302,0.654848,0.673994,0.68153,0.679959,0.684351,0.767273
3.4668,0.635973,0.728893,0.623231,0.639124,0.654356,0.673924,0.682542,0.680958,0.682751,0.767146
3.467,0.634335,0.728437,0.623619,0.638878,0.654521,0.673577,0.684229,0.681571,0.680574,0.766585
3.4672,0.632123,0.727404,0.624059,0.637434,0.655445,0.673497,0.686203,0.682037,0.678982,0.765671
3.4674,0.630841,0.726828,0.62415,0.635832,0.656328,0.673474,0.687594,0.682513,0.678636,0.764682
3.4676,0.630931,0.726987,0.623816,0.635128,0.656545,0.673577,0.6877,0.682515,0.678826,0.763848
3.4678,0.631862,0.727664,0.622986,0.635734,0.655698,0.67405,0.68677,0.681923,0.678635,0.763513
3.468,0.632414,0.728014,0.622326,0.637218,0.654581,0.674739,0.686126,0.681255,0.677863,0.763017
3.4682,0.631635,0.727517,0.622182,0.63845,0.653746,0.675174,0.686878,0.680901,0.676752,0.762137
3.4684,0.630005,0.726596,0.622674,0.638847,0.653614,0.675267,0.687289,0.681126,0.675515,0.761273
3.4686,0.628589,0.726023,0.623775,0.638427,0.654123,0.675316,0.686239,0.681961,0.674436,0.76053
3.4688,0.62796,0.726085,0.624605,0.637553,0.654657,0.67552,0.685685,0.682996,0.673911,0.760213
3.469,0.627547,0.72643,0.624059,0.637092,0.654738,0.675697,0.68548,0.68367,0.673954,0.760278
3.4692,0.627794,0.726402,0.622698,0.637202,0.654376,0.675685,0.684071,0.683814,0.674231,0.759918
3.4694,0.62812,0.726127,0.621775,0.637655,0.653764,0.675493,0.681102,0.683727,0.674453,0.759441
3.4696,0.627623,0.725583,0.621732,0.637855,0.6537,0.675051,0.678353,0.683648,0.67457,0.758865
3.4698,0.625857,0.725058,0.622459,0.637809,0.653792,0.675243,0.677289,0.68372,0.674559,0.75825
3.47,0.623682,0.72509,0.623288,0.637987,0.653492,0.676143,0.676943,0.684119,0.674446,0.757887
3.4702,0.622042,0.725241,0.623538,0.638266,0.652937,0.677038,0.676306,0.68487,0.674405,0.757741
3.4704,0.621581,0.724936,0.623185,0.638193,0.65241,0.677186,0.675128,0.685183,0.674428,0.757282
3.4706,0.621623,0.724015,0.622904,0.637602,0.65206,0.676882,0.672941,0.684667,0.67431,0.756663
3.4708,0.621476,0.722898,0.622641,0.636684,0.652105,0.676036,0.670931,0.6837,0.674087,0.755904
3.471,0.620801,0.721965,0.622472,0.635861,0.652473,0.67539,0.6694,0.68286,0.673973,0.755282
3.4712,0.619859,0.721668,0.622523,0.635572,0.652607,0.675289,0.669788,0.682113,0.674168,0.754914
3.4714,0.619049,0.722534,0.62282,0.635838,0.652108,0.675969,0.671051,0.681637,0.67461,0.755027
3.4716,0.618641,0.72341,0.623207,0.636272,0.651896,0.67745,0.671607,0.681029,0.67498,0.754845
3.4718,0.618649,0.723195,0.62345,0.636442,0.652022,0.67857,0.671195,0.680603,0.675235,0.754851
3.472,0.618871,0.72201,0.623014,0.636177,0.652112,0.678029,0.670558,0.679623,0.675476,0.755035
3.4722,0.619054,0.720046,0.622228,0.635508,0.652138,0.676624,0.670318,0.678671,0.675597,0.754681
3.4724,0.619544,0.718057,0.621882,0.634598,0.651944,0.67543,0.671121,0.678037,0.675584,0.753955
3.4726,0.620248,0.71726,0.622068,0.633782,0.651355,0.674915,0.672462,0.677141,0.67556,0.753255
3.4728,0.620754,0.717575,0.622175,0.633282,0.650638,0.675574,0.672899,0.676265,0.675553,0.75311
3.473,0.6211,0.717972,0.622276,0.632969,0.650038,0.677284,0.673,0.676153,0.675502,0.753481
3.4732,0.62126,0.717398,0.622305,0.632339,0.649676,0.678538,0.673939,0.676527,0.674939,0.753883
3.4734,0.621203,0.715976,0.622424,0.632258,0.649677,0.678934,0.675696,0.67741,0.673428,0.753856
3.4736,0.620912,0.714982,0.623198,0.63315,0.65022,0.67891,0.676549,0.677851,0.671654,0.754021
3.4738,0.620665,0.715153,0.624066,0.633422,0.651277,0.678473,0.675428,0.677435,0.67029,0.754083
3.474,0.620935,0.715981,0.624253,0.632381,0.652017,0.678318,0.674303,0.676348,0.669782,0.753876
3.4742,0.621762,0.717228,0.623698,0.629972,0.652164,0.678464,0.675814,0.675418,0.670376,0.75381
3.4744,0.622818,0.71823,0.623052,0.627513,0.651256,0.678251,0.679034,0.675308,0.671269,0.753755
3.4746,0.62353,0.718204,0.622781,0.626035,0.64993,0.67783,0.682279,0.675947,0.671965,0.753942
3.4748,0.623729,0.717523,0.623587,0.627153,0.648889,0.67752,0.684147,0.676742,0.672073,0.754864
3.475,0.62394,0.71717,0.625001,0.630057,0.648123,0.677848,0.683751,0.677521,0.671073,0.756034
3.4752,0.624458,0.718159,0.625954,0.631477,0.647089,0.678382,0.682404,0.678131,0.669242,0.756981
3.4754,0.625009,0.719887,0.625989,0.630074,0.645985,0.678986,0.682467,0.678461,0.667568,0.756816
3.4756,0.625265,0.721422,0.625242,0.626637,0.645013,0.679317,0.685129,0.67885,0.666833,0.755148
3.4758,0.625123,0.722164,0.624203,0.623708,0.644587,0.679193,0.688141,0.679456,0.667466,0.75321
3.476,0.625144,0.722033,0.623458,0.62325,0.644495,0.679195,0.688663,0.68006,0.668514,0.751694
3.4762,0.62543,0.721818,0.623865,0.625101,0.644147,0.67968,0.687092,0.680861,0.668675,0.751619
3.4764,0.625847,0.721631,0.625234,0.628468,0.64327,0.680399,0.685858,0.682016,0.667925,0.754209
3.4766,0.625911,0.72121,0.626527,0.631311,0.642395,0.680921,0.686365,0.683404,0.666854,0.757102
3.4768,0.624968,0.721085,0.62692,0.631745,0.641907,0.681684,0.688194,0.684766,0.665995,0.758677
3.477,0.623002,0.721853,0.626281,0.630278,0.641906,0.682325,0.691356,0.685772,0.665828,0.758631
3.4772,0.620886,0.722745,0.625177,0.628743,0.642271,0.682905,0.693028,0.686259,0.666496,0.757085
3.4774,0.619639,0.723988,0.624288,0.628093,0.642531,0.683007,0.692601,0.686456,0.667533,0.756186
3.4776,0.619681,0.725212,0.624523,0.628474,0.64239,0.682431,0.692155,0.686775,0.668395,0.756295
3.4778,0.620547,0.725686,0.62583,0.629802,0.642071,0.681596,0.69279,0.68732,0.668818,0.757235
3.478,0.620723,0.725439,0.627103,0.631148,0.641905,0.680851,0.694473,0.687632,0.668873,0.758978
3.4782,0.620462,0.7246,0.627315,0.631634,0.642135,0.680742,0.697651,0.687769,0.668976,0.760505
3.4784,0.620309,0.723964,0.626442,0.632025,0.642602,0.681476,0.700329,0.687933,0.669477,0.761099
3.4786,0.619969,0.724366,0.625447,0.632495,0.642959,0.682486,0.700802,0.687915,0.670092,0.760764
3.4788,0.619711,0.726257,0.625013,0.632619,0.643076,0.682927,0.699582,0.68736,0.67053,0.759978
3.479,0.61948,0.728726,0.625892,0.632294,0.643823,0.682384,0.699668,0.686436,0.670625,0.75979
3.4792,0.619791,0.730635,0.627489,0.632264,0.645227,0.681065,0.702194,0.685218,0.670571,0.760806
3.4794,0.620296,0.731054,0.62836,0.632131,0.646651,0.679678,0.704748,0.684054,0.670901,0.76245
3.4796,0.620334,0.730053,0.628086,0.632016,0.647325,0.679088,0.705087,0.683821,0.671707,0.764044
3.4798,0.619804,0.728694,0.626803,0.632538,0.646955,0.679696,0.704488,0.684102,0.672582,0.7651
3.48,0.61933,0.728259,0.625613,0.633947,0.646075,0.681093,0.704002,0.684289,0.673248,0.765198
3.4802,0.619375,0.729002,0.625523,0.635317,0.645561,0.682351,0.704706,0.683517,0.673712,0.764737
3.4804,0.619877,0.730518,0.626304,0.635567,0.645762,0.682646,0.706122,0.681344,0.674022,0.764256
3.4806,0.620583,0.732229,0.627277,0.634363,0.646995,0.681727,0.706653,0.678562,0.67426,0.764058
3.4808,0.621167,0.733179,0.627643,0.632695,0.648959,0.680195,0.70606,0.676243,0.674646,0.764312
3.481,0.621133,0.73278,0.627178,0.631985,0.650496,0.679244,0.705491,0.675416,0.675232,0.764602
3.4812,0.620638,0.73136,0.626013,0.632517,0.650406,0.679414,0.706251,0.675794,0.675638,0.764899
3.4814,0.620905,0.730048,0.624916,0.633483,0.648765,0.680171,0.708776,0.676204,0.67561,0.765004
3.4816,0.622173,0.729915,0.624127,0.634382,0.646747,0.680672,0.710576,0.675955,0.674964,0.764834
3.4818,0.623395,0.730837,0.623977,0.635263,0.645533,0.680009,0.710599,0.67494,0.673958,0.764953
3.482,0.623573,0.731967,0.624398,0.635647,0.645825,0.678198,0.709933,0.673555,0.67284,0.765066
3.4822,0.622618,0.732507,0.624759,0.635944,0.647162,0.676415,0.709482,0.672478,0.671929,0.764747
3.4824,0.621185,0.732073,0.624917,0.636114,0.648295,0.675631,0.71033,0.672161,0.671327,0.764128
3.4826,0.620513,0.7311,0.624997,0.635947,0.648407,0.675766,0.712073,0.672631,0.670945,0.763223
3.4828,0.621257,0.730973,0.624913,0.635916,0.647516,0.676006,0.713118,0.673523,0.670415,0.763504
3.483,0.622841,0.73162,0.625036,0.636079,0.646105,0.67574,0.713892,0.674362,0.669856,0.764869
3.4832,0.62413,0.732792,0.62529,0.636611,0.644741,0.674626,0.713397,0.674857,0.668935,0.765774
3.4834,0.624385,0.734142,0.625264,0.637082,0.644053,0.672854,0.712222,0.675104,0.668548,0.765938
3.4836,0.623606,0.734632,0.624829,0.637183,0.643931,0.671281,0.711613,0.675226,0.668932,0.765046
3.4838,0.622218,0.734408,0.624276,0.636839,0.643977,0.670282,0.711713,0.675179,0.669155,0.763172
3.484,0.621229,0.733975,0.623862,0.636082,0.643845,0.670384,0.7141,0.675571,0.668555,0.761895
3.4842,0.621535,0.733201,0.623853,0.635577,0.64326,0.671055,0.716814,0.676777,0.667206,0.761666
3.4844,0.622732,0.732016,0.624188,0.635606,0.642368,0.671419,0.717234,0.678295,0.666073,0.762267
3.4846,0.623709,0.730732,0.625167,0.635955,0.64146,0.670982,0.715441,0.679254,0.665452,0.763045
3.4848,0.623312,0.729853,0.625972,0.636476,0.640856,0.669995,0.713471,0.679754,0.665836,0.76288
3.485,0.621437,0.729542,0.626107,0.636775,0.640635,0.669118,0.713947,0.680052,0.66638,0.761647
3.4852,0.619308,0.729714,0.625165,0.636391,0.640618,0.668787,0.717616,0.680419,0.666855,0.760355
3.4854,0.618247,0.729988,0.623707,0.635481,0.640593,0.66909,0.72143,0.681096,0.66714,0.759616
3.4856,0.618502,0.729988,0.622473,0.634668,0.640426,0.669826,0.722391,0.682064,0.667238,0.759684
3.4858,0.619376,0.729466,0.622492,0.634508,0.640115,0.670607,0.721617,0.683034,0.667349,0.760087
3.486,0.620392,0.728301,0.623442,0.634777,0.639613,0.670567,0.72083,0.683558,0.667454,0.75996
3.4862,0.620123,0.727267,0.6247,0.635118,0.639062,0.670102,0.721269,0.683406,0.667524,0.759367
3.4864,0.618634,0.7268,0.625287,0.63558,0.638868,0.66976,0.723586,0.682689,0.6678,0.758335
3.4866,0.616741,0.726607,0.625078,0.636016,0.639304,0.669618,0.725163,0.681905,0.668444,0.757358
3.4868,0.615044,0.72634,0.623885,0.636154,0.640008,0.66948,0.7249,0.682148,0.668883,0.756684
3.487,0.613932,0.725866,0.622291,0.635378,0.640467,0.669225,0.723942,0.682939,0.668985,0.756389
3.4872,0.613814,0.725342,0.621056,0.634276,0.640221,0.668855,0.723272,0.683526,0.668947,0.756214
3.4874,0.614328,0.724694,0.621117,0.633438,0.639313,0.668592,0.722615,0.682833,0.668827,0.755865
3.4876,0.614695,0.724018,0.622368,0.633111,0.63828,0.668707,0.721595,0.681196,0.669184,0.755159
3.4878,0.614309,0.723231,0.624117,0.633974,0.637712,0.669205,0.719787,0.679508,0.669704,0.754653
3.488,0.613512,0.722662,0.625075,0.635807,0.63785,0.669779,0.718112,0.67915,0.670552,0.754451
3.4882,0.612988,0.7223,0.625019,0.637129,0.638497,0.670106,0.718019,0.679421,0.671143,0.754919
3.4884,0.613092,0.7218,0.624515,0.636996,0.639197,0.670196,0.718037,0.679456,0.671645,0.755424
3.4886,0.613706,0.720486,0.623916,0.635652,0.639388,0.670232,0.717059,0.680166,0.672259,0.755284
3.4888,0.6145,0.718796,0.623428,0.634012,0.638743,0.67026,0.7137,0.681615,0.673115,0.754892
3.489,0.615179,0.716845,0.623728,0.633155,0.637684,0.670302,0.709555,0.681904,0.674491,0.754051
3.4892,0.615404,0.714976,0.624699,0.633507,0.637123,0.670651,0.70628,0.68026,0.67547,0.752964
3.4894,0.615235,0.713332,0.62553,0.634645,0.63703,0.670965,0.703923,0.677465,0.675211,0.752417
3.4896,0.615293,0.711853,0.625549,0.635278,0.637024,0.670816,0.702578,0.674843,0.673938,0.752026
3.4898,0.615901,0.710821,0.624616,0.634767,0.636868,0.670365,0.701489,0.673168,0.673465,0.751678
3.49,0.616604,0.710246,0.623721,0.633632,0.636376,0.669632,0.699638,0.672773,0.674674,0.750885
3.4902,0.616864,0.709861,0.623572,0.632852,0.635543,0.669256,0.696309,0.6734,0.676926,0.749669
3.4904,0.61658,0.709596,0.624044,0.632827,0.634592,0.669198,0.692574,0.674053,0.678796,0.748462
3.4906,0.616202,0.709527,0.62512,0.632985,0.633367,0.669025,0.689897,0.674105,0.679149,0.747954
3.4908,0.6163,0.709619,0.626268,0.63316,0.63239,0.668777,0.689445,0.673516,0.678621,0.747762
3.491,0.617158,0.710347,0.626854,0.633029,0.631822,0.66804,0.690483,0.672803,0.678556,0.747643
3.4912,0.618486,0.711881,0.627054,0.633112,0.632304,0.66715,0.691228,0.672583,0.679173,0.747353
3.4914,0.619656,0.71326,0.6274,0.633284,0.63369,0.666023,0.690272,0.673867,0.680693,0.747082
3.4916,0.620345,0.713744,0.627901,0.633182,0.634496,0.665047,0.688171,0.675658,0.682625,0.746752
3.4918,0.620971,0.713563,0.628197,0.632441,0.633645,0.664597,0.68694,0.677177,0.683296,0.746183
3.492,0.621376,0.713184,0.627947,0.631256,0.63171,0.66493,0.687921,0.677621,0.682684,0.745081
3.4922,0.621441,0.712938,0.627165,0.630144,0.62999,0.665296,0.690235,0.677168,0.682403,0.743884
3.4924,0.62104,0.713179,0.626478,0.629656,0.629167,0.665379,0.691826,0.676961,0.683227,0.743394
3.4926,0.620595,0.714092,0.627193,0.629729,0.629238,0.665365,0.69192,0.678059,0.684764,0.743441
3.4928,0.620885,0.715251,0.628811,0.629795,0.630051,0.664972,0.691764,0.680459,0.685907,0.744195
3.493,0.621616,0.715961,0.629564,0.629347,0.631898,0.664371,0.691894,0.682307,0.68608,0.74532
3.4932,0.622258,0.716205,0.628559,0.628454,0.633348,0.663653,0.692808,0.682728,0.685263,0.746116
3.4934,0.621955,0.716628,0.625885,0.627277,0.633429,0.663261,0.693659,0.682282,0.684511,0.746479
3.4936,0.620908,0.717774,0.623243,0.626144,0.632678,0.663412,0.693738,0.682236,0.684733,0.746739
3.4938,0.619611,0.718845,0.621956,0.625173,0.632133,0.663997,0.693275,0.682703,0.685734,0.746794
3.494,0.619226,0.719427,0.622506,0.624174,0.632195,0.66466,0.693217,0.683315,0.686768,0.747422
3.4942,0.620126,0.718751,0.624365,0.623814,0.632644,0.664999,0.694624,0.683567,0.687256,0.748277
3.4944,0.621792,0.717977,0.627113,0.624027,0.633053,0.664865,0.697422,0.683513,0.686958,0.749102
3.4946,0.622874,0.718374,0.629685,0.625984,0.633262,0.664725,0.700422,0.683646,0.685765,0.749766
3.4948,0.624245,0.720079,0.630139,0.628513,0.633596,0.665385,0.702035,0.684501,0.684779,0.749914
3.495,0.62514,0.722315,0.628298,0.629386,0.634357,0.666715,0.701899,0.685627,0.685092,0.750004
3.4952,0.624459,0.723837,0.625993,0.628419,0.635426,0.667991,0.70141,0.686994,0.686256,0.75027
3.4954,0.622424,0.724195,0.624986,0.627298,0.636809,0.668604,0.702421,0.688192,0.686604,0.750844
3.4956,0.620251,0.723797,0.625612,0.627171,0.638051,0.668368,0.704357,0.688509,0.685413,0.752195
3.4958,0.619269,0.723366,0.627402,0.628293,0.638403,0.667816,0.704705,0.687889,0.682882,0.753548
3.496,0.619729,0.723803,0.629152,0.629772,0.637813,0.667972,0.702777,0.68796,0.680973,0.754558
3.4962,0.620896,0.725411,0.629401,0.630427,0.636996,0.669238,0.700247,0.689243,0.681633,0.755229
3.4964,0.62187,0.727768,0.628281,0.629991,0.63687,0.671087,0.700131,0.691129,0.683476,0.755157
3.4966,0.62215,0.729689,0.626853,0.629468,0.637652,0.672869,0.702057,0.692442,0.684644,0.754896
3.4968,0.621862,0.730167,0.625918,0.629541,0.638753,0.67339,0.70361,0.693052,0.68327,0.754896
3.497,0.621478,0.729178,0.625836,0.629958,0.639529,0.672904,0.702054,0.693376,0.679434,0.755019
3.4972,0.621438,0.727783,0.626545,0.630501,0.63986,0.672145,0.699755,0.693729,0.675175,0.755779
3.4974,0.621967,0.727153,0.627503,0.631372,0.640076,0.671826,0.698948,0.694273,0.672777,0.756902
3.4976,0.622733,0.727651,0.627896,0.632172,0.640117,0.672533,0.698043,0.69468,0.673253,0.757658
3.4978,0.62316,0.728567,0.627612,0.63204,0.639814,0.673623,0.696583,0.69479,0.67503,0.758371
3.498,0.623514,0.728641,0.626785,0.632037,0.638992,0.674492,0.695586,0.694646,0.676009,0.758715
3.4982,0.624094,0.72734,0.626188,0.632925,0.638001,0.675254,0.695966,0.694681,0.674871,0.758946
3.4984,0.624593,0.725187,0.626043,0.634195,0.637367,0.675528,0.697067,0.694901,0.67205,0.759409
3.4986,0.624603,0.723372,0.626044,0.634833,0.637316,0.675812,0.69574,0.695148,0.669232,0.759326
3.4988,0.624274,0.72302,0.62626,0.634332,0.63755,0.676237,0.692305,0.694691,0.667938,0.759136
3.499,0.62382,0.723905,0.62622,0.633399,0.638073,0.676909,0.689994,0.693505,0.668603,0.75889
3.4992,0.623543,0.724578,0.626185,0.633175,0.637963,0.677386,0.689768,0.692084,0.670295,0.75909
3.4994,0.62392,0.72422,0.626506,0.633716,0.637277,0.678211,0.690681,0.691017,0.671648,0.759771
3.4996,0.625002,0.722225,0.626883,0.634813,0.635913,0.679148,0.69125,0.690352,0.671813,0.760353
3.4998,0.626074,0.719301,0.627242,0.636022,0.634369,0.679818,0.69086,0.68984,0.670902,0.760285
3.5,0.626479,0.716984,0.627053,0.636314,0.633579,0.68014,0.689928,0.689485,0.669694,0.759687
3.5002,0.626204,0.715889,0.626147,0.635463,0.633988,0.680046,0.690041,0.688587,0.668908,0.759134
3.5004,0.625458,0.715608,0.624881,0.634052,0.635236,0.679689,0.69188,0.687661,0.669035,0.758904
3.5006,0.624571,0.715379,0.624188,0.633224,0.636054,0.679707,0.69379,0.686865,0.669817,0.759184
3.5008,0.624312,0.714337,0.624196,0.633252,0.635795,0.680146,0.69461,0.686166,0.670514,0.759497
3.501,0.625258,0.712632,0.624735,0.634116,0.634266,0.680824,0.695423,0.685386,0.670881,0.759607
3.5012,0.626693,0.710878,0.625225,0.634943,0.63216,0.681822,0.69577,0.684203,0.670894,0.759301
3.5014,0.627288,0.709623,0.624848,0.635654,0.630522,0.682419,0.695081,0.682762,0.67106,0.758387
3.5016,0.626232,0.709066,0.623463,0.635632,0.630085,0.682276,0.694491,0.681256,0.671608,0.757477
3.5018,0.624055,0.708833,0.622184,0.635479,0.630782,0.681932,0.694251,0.679948,0.672323,0.756863
3.502,0.62166,0.708495,0.621869,0.635029,0.631783,0.681369,0.694405,0.679107,0.67272,0.756502
3.5022,0.620505,0.707921,0.622246,0.634196,0.63222,0.68127,0.695529,0.678806,0.672916,0.756577
3.5024,0.621183,0.707135,0.623297,0.633176,0.631736,0.68139,0.696886,0.678809,0.672698,0.756605
3.5026,0.62291,0.706486,0.624454,0.632873,0.630787,0.681937,0.697603,0.678829,0.672363,0.756377
3.5028,0.62392,0.706199,0.625234,0.633027,0.629909,0.682454,0.698057,0.67874,0.67201,0.756341
3.503,0.623322,0.706155,0.624637,0.633658,0.629598,0.682032,0.69885,0.678452,0.671665,0.755859
3.5032,0.621018,0.706388,0.622787,0.6343,0.63045,0.680502,0.700029,0.677946,0.671507,0.755165
3.5034,0.618091,0.70682,0.620454,0.634377,0.63202,0.679182,0.701105,0.677735,0.671604,0.754385
3.5036,0.616202,0.706681,0.618968,0.63398,0.633178,0.678922,0.702247,0.678226,0.671585,0.753751
3.5038,0.615787,0.705995,0.618724,0.633224,0.633035,0.679207,0.703237,0.679524,0.671071,0.753411
3.504,0.616371,0.704785,0.619213,0.632757,0.632178,0.67944,0.702815,0.680824,0.670305,0.753244
3.5042,0.616949,0.703501,0.619687,0.632643,0.631697,0.678821,0.700898,0.681061,0.66909,0.752898
3.5044,0.61684,0.702869,0.619643,0.633376,0.632142,0.677217,0.698363,0.680049,0.668154,0.752851
3.5046,0.616041,0.703026,0.618727,0.635061,0.633645,0.675281,0.696705,0.678715,0.667539,0.752494
3.5048,0.61509,0.703587,0.617873,0.636627,0.635265,0.67393,0.696832,0.678111,0.667627,0.751358
3.505,0.614597,0.704047,0.617349,0.636398,0.63596,0.673726,0.697245,0.678717,0.667667,0.750143
3.5052,0.614856,0.704043,0.617341,0.634949,0.635665,0.674576,0.697001,0.680269,0.66708,0.74901
3.5054,0.615721,0.703495,0.617835,0.633936,0.635396,0.675747,0.695601,0.682011,0.665831,0.748114
3.5056,0.617254,0.702637,0.618357,0.634142,0.63545,0.676128,0.694534,0.683128,0.664109,0.748068
3.5058,0.618132,0.701744,0.618502,0.634993,0.635891,0.675521,0.692697,0.683286,0.662857,0.748672
3.506,0.618163,0.701167,0.617999,0.635912,0.636545,0.674992,0.6896,0.68275,0.662493,0.75
3.5062,0.61759,0.700845,0.616949,0.636283,0.636864,0.675153,0.687203,0.682201,0.662666,0.751031
3.5064,0.61731,0.700379,0.615893,0.635606,0.636656,0.675785,0.686898,0.68249,0.662946,0.750657
3.5066,0.617487,0.699836,0.616241,0.633985,0.636638,0.676427,0.687333,0.683102,0.663027,0.748658
3.5068,0.618015,0.699153,0.617817,0.632146,0.636944,0.67648,0.686031,0.683166,0.664035,0.745793
3.507,0.618978,0.698713,0.619274,0.631729,0.637905,0.675938,0.683001,0.683037,0.665486,0.743382
3.5072,0.620542,0.698683,0.619627,0.632793,0.63882,0.675287,0.680023,0.682712,0.666325,0.743184
3.5074,0.622033,0.698809,0.619033,0.634619,0.638983,0.675172,0.678293,0.681732,0.666266,0.744282
3.5076,0.622594,0.698391,0.618489,0.635487,0.638413,0.675841,0.677959,0.680478,0.665972,0.745609
3.5078,0.622241,0.697396,0.618926,0.635238,0.637444,0.676954,0.678172,0.679634,0.666161,0.745598
3.508,0.621978,0.696465,0.619917,0.635152,0.637071,0.677869,0.678043,0.679434,0.66673,0.743705
3.5082,0.622296,0.696303,0.620607,0.635206,0.637763,0.678003,0.67734,0.681286,0.667378,0.741137
3.5084,0.622779,0.69704,0.620451,0.635327,0.639313,0.677218,0.676643,0.683965,0.667627,0.739653
3.5086,0.623131,0.697706,0.619974,0.635068,0.640598,0.676039,0.676786,0.684751,0.667436,0.739621
3.5088,0.623972,0.698,0.619515,0.63448,0.640617,0.675802,0.678306,0.682788,0.667355,0.74078
3.509,0.625557,0.697549,0.619515,0.633821,0.640175,0.676529,0.679886,0.679273,0.668016,0.741431
3.5092,0.627154,0.696558,0.62017,0.634484,0.640069,0.677072,0.680787,0.67623,0.669607,0.740923
3.5094,0.628348,0.695715,0.621314,0.637143,0.640552,0.676469,0.681714,0.675685,0.671659,0.740538
3.5096,0.628818,0.695434,0.622184,0.6393,0.641397,0.674754,0.682953,0.679088,0.673253,0.741354
3.5098,0.628649,0.695872,0.622598,0.639169,0.642167,0.672888,0.68359,0.683938,0.673471,0.74312
3.51,0.628784,0.696932,0.622239,0.637177,0.642441,0.671716,0.683231,0.686673,0.672396,0.745229
3.5102,0.629943,0.698209,0.621642,0.634427,0.64216,0.671469,0.682663,0.686135,0.671554,0.745979
3.5104,0.631391,0.699264,0.621381,0.633043,0.641747,0.671458,0.682946,0.684126,0.671698,0.7454
3.5106,0.63274,0.699834,0.62174,0.634144,0.641797,0.670874,0.683827,0.682508,0.673209,0.744746
3.5108,0.633637,0.699975,0.622267,0.63651,0.642515,0.669246,0.684778,0.682459,0.675363,0.745096
3.511,0.634289,0.700191,0.622978,0.638426,0.643645,0.66703,0.685473,0.68469,0.676705,0.746839
3.5112,0.634767,0.700579,0.62354,0.63871,0.644661,0.665058,0.686403,0.687622,0.67753,0.74883
3.5114,0.63483,0.701521,0.623518,0.637932,0.645444,0.663913,0.687992,0.688722,0.677785,0.74966
3.5116,0.634383,0.70391,0.622812,0.636557,0.64576,0.663703,0.689506,0.688446,0.677155,0.749161
3.5118,0.634028,0.707066,0.621836,0.635387,0.645585,0.663669,0.690009,0.688001,0.67645,0.748127
3.512,0.634107,0.709249,0.621572,0.635128,0.645082,0.663274,0.689404,0.688288,0.676135,0.747526
3.5122,0.634696,0.709573,0.622295,0.635874,0.645094,0.662381,0.689109,0.688903,0.676278,0.748387
3.5124,0.635494,0.708097,0.623096,0.637089,0.645492,0.66116,0.69093,0.688861,0.676755,0.750016
3.5126,0.636661,0.706307,0.623395,0.638,0.646172,0.660184,0.692291,0.687503,0.677247,0.751539
3.5128,0.637766,0.706325,0.623028,0.637982,0.647002,0.659786,0.691605,0.685624,0.677645,0.752398
3.513,0.638233,0.708532,0.622373,0.63772,0.647514,0.65998,0.689735,0.684881,0.677705,0.752211
3.5132,0.637878,0.711574,0.622006,0.637725,0.648039,0.660534,0.688257,0.685543,0.67766,0.751632
3.5134,0.637273,0.713607,0.62201,0.637788,0.648398,0.661025,0.687669,0.686674,0.677463,0.751449
3.5136,0.63696,0.713577,0.622303,0.637654,0.648526,0.661197,0.688505,0.687439,0.67762,0.75182
3.5138,0.637224,0.712095,0.62281,0.637315,0.648401,0.661058,0.688542,0.687481,0.677571,0.75265
3.514,0.637751,0.71084,0.623148,0.636901,0.648197,0.660758,0.686947,0.686569,0.677443,0.753515
3.5142,0.637896,0.711482,0.623229,0.637214,0.648317,0.660651,0.684489,0.685554,0.678089,0.754261
3.5144,0.638285,0.71386,0.622834,0.639013,0.648862,0.660885,0.683438,0.685683,0.679026,0.754319
3.5146,0.639224,0.716511,0.622086,0.640728,0.649073,0.661293,0.683495,0.687106,0.679427,0.754045
3.5148,0.640369,0.717739,0.62172,0.640188,0.648829,0.661649,0.682684,0.688666,0.679348,0.753052
3.515,0.640956,0.716946,0.621719,0.637715,0.648394,0.661845,0.681064,0.68916,0.679029,0.751823
3.5152,0.640475,0.714966,0.621899,0.634732,0.647881,0.661787,0.680378,0.688746,0.678489,0.750703
3.5154,0.639134,0.713646,0.62186,0.63258,0.647842,0.661557,0.679852,0.687822,0.678135,0.75012
3.5156,0.637593,0.713869,0.621438,0.631936,0.648576,0.661407,0.678662,0.68692,0.678665,0.75
3.5158,0.636637,0.715823,0.620804,0.632651,0.649542,0.661593,0.67696,0.686629,0.679857,0.749982
3.516,0.63692,0.718484,0.620873,0.633382,0.650086,0.662176,0.675759,0.68702,0.680593,0.749529
3.5162,0.638422,0.719489,0.621657,0.632705,0.649654,0.663024,0.676226,0.687647,0.680337,0.748102
3.5164,0.639994,0.718222,0.622388,0.630591,0.64825,0.663885,0.678182,0.688033,0.679549,0.746591
3.5166,0.640433,0.716686,0.6225,0.628066,0.646871,0.664379,0.679904,0.687671,0.678589,0.745156
3.5168,0.639437,0.716336,0.622346,0.626328,0.646774,0.664342,0.680325,0.686934,0.677792,0.744505
3.517,0.637513,0.717439,0.621947,0.625402,0.647643,0.663942,0.68041,0.686573,0.677921,0.744724
3.5172,0.636007,0.719158,0.621435,0.624925,0.648894,0.663846,0.681439,0.686734,0.679075,0.74466
3.5174,0.636027,0.720226,0.620937,0.624576,0.649826,0.664613,0.683282,0.687714,0.680043,0.743835
3.5176,0.637266,0.719952,0.620835,0.624082,0.649961,0.66548,0.686093,0.68877,0.679474,0.74237
3.5178,0.638522,0.718814,0.620869,0.623158,0.649151,0.665779,0.689246,0.689149,0.677165,0.740716
3.518,0.638791,0.718014,0.620532,0.62186,0.648136,0.664867,0.690666,0.688961,0.674137,0.739509
3.5182,0.638094,0.717644,0.619846,0.620677,0.647803,0.663357,0.689634,0.688445,0.671833,0.738948
3.5184,0.636819,0.718012,0.619314,0.620059,0.648409,0.661951,0.687634,0.68796,0.671048,0.738888
3.5186,0.635179,0.718958,0.619417,0.620063,0.649557,0.661979,0.687026,0.687809,0.67175,0.739041
3.5188,0.634061,0.718893,0.620239,0.62043,0.650358,0.662776,0.68896,0.688896,0.672601,0.739061
3.519,0.633996,0.717684,0.621353,0.620803,0.650272,0.66343,0.691825,0.690808,0.672074,0.738949
3.5192,0.635391,0.716692,0.622017,0.620895,0.649955,0.66329,0.693444,0.691847,0.670071,0.738704
3.5194,0.637134,0.716518,0.6221,0.620645,0.649668,0.662155,0.693318,0.691576,0.667139,0.738267
3.5196,0.63763,0.717003,0.621688,0.620173,0.649684,0.660197,0.692864,0.690464,0.664665,0.737902
3.5198,0.636852,0.717218,0.621163,0.61963,0.650271,0.658305,0.693758,0.68904,0.663473,0.737748
3.52,0.63543,0.716447,0.620966,0.619434,0.650862,0.657161,0.695949,0.688512,0.663608,0.737861
3.5202,0.634599,0.715231,0.620806,0.620009,0.651135,0.657071,0.697655,0.689791,0.66462,0.737876
3.5204,0.63468,0.714701,0.620998,0.620954,0.650916,0.657508,0.697988,0.692092,0.665094,0.737669
3.5206,0.635145,0.71494,0.621729,0.621673,0.650367,0.657664,0.697568,0.693905,0.664553,0.737417
3.5208,0.635174,0.715496,0.622112,0.621639,0.649753,0.657204,0.697001,0.69421,0.663119,0.737284
3.521,0.634576,0.715693,0.621851,0.620931,0.649924,0.656404,0.695939,0.693392,0.66148,0.73723
3.5212,0.634197,0.715102,0.621269,0.619979,0.650851,0.655696,0.694225,0.692373,0.660524,0.737268
3.5214,0.633939,0.713921,0.620778,0.619558,0.651617,0.655409,0.69244,0.691602,0.660667,0.737288
3.5216,0.633934,0.712786,0.620626,0.62,0.652078,0.655719,0.691151,0.691558,0.661571,0.737319
3.5218,0.634129,0.712548,0.620937,0.620909,0.652031,0.656449,0.691257,0.692359,0.66251,0.737271
3.522,0.633939,0.713133,0.621379,0.621685,0.651155,0.657227,0.691726,0.693218,0.662897,0.736947
3.5222,0.633629,0.713765,0.621651,0.621884,0.65033,0.657668,0.690133,0.693297,0.662655,0.736493
3.5224,0.633445,0.713818,0.622116,0.621407,0.650199,0.657598,0.687055,0.693656,0.661916,0.735943
3.5226,0.633138,0.713798,0.622517,0.620608,0.650319,0.657695,0.683979,0.694327,0.661401,0.735237
3.5228,0.633344,0.713922,0.622892,0.620021,0.650524,0.658481,0.681655,0.694649,0.661727,0.734673
3.523,0.633565,0.713669,0.622881,0.619861,0.650615,0.659449,0.680786,0.694299,0.662683,0.734321
3.5232,0.63362,0.713358,0.622697,0.61984,0.650421,0.659876,0.680749,0.693466,0.663504,0.734446
3.5234,0.633662,0.713011,0.622421,0.619231,0.65,0.659414,0.681526,0.692391,0.663709,0.734736
3.5236,0.63413,0.712413,0.622679,0.618063,0.649975,0.658519,0.681214,0.691301,0.663495,0.735095
3.5238,0.634728,0.711991,0.623586,0.617019,0.650776,0.657994,0.678942,0.690843,0.664064,0.735344
3.524,0.635302,0.712061,0.624404,0.616569,0.651602,0.658304,0.675967,0.690659,0.665374,0.735385
3.5242,0.635905,0.712839,0.62493,0.61631,0.651379,0.659354,0.673903,0.689631,0.666875,0.735438
3.5244,0.636039,0.713453,0.625039,0.615861,0.650738,0.660671,0.673868,0.687868,0.667996,0.735353
3.5246,0.635716,0.713226,0.62454,0.614388,0.650025,0.66167,0.675195,0.685866,0.668403,0.735674
3.5248,0.635489,0.712681,0.623787,0.611917,0.648732,0.661896,0.676614,0.686452,0.66873,0.736813
3.525,0.635194,0.712142,0.623229,0.609728,0.647076,0.661454,0.677182,0.689121,0.669388,0.738473
3.5252,0.63498,0.711752,0.623075,0.608474,0.64619,0.66115,0.676932,0.69035,0.670099,0.739694
3.5254,0.635092,0.712134,0.623226,0.608499,0.646263,0.661415,0.67718,0.688476,0.670547,0.739675
3.5256,0.63576,0.712753,0.623156,0.609198,0.646411,0.662468,0.678357,0.685087,0.671006,0.738344
3.5258,0.636417,0.71355,0.622524,0.610199,0.646368,0.663467,0.679689,0.682032,0.671841,0.73693
3.526,0.636234,0.714255,0.621602,0.610687,0.646061,0.663586,0.682031,0.681123,0.672518,0.736825
3.5262,0.635168,0.714443,0.620957,0.61019,0.645446,0.662632,0.684636,0.682491,0.672975,0.738324
3.5264,0.633875,0.714075,0.620963,0.609072,0.645447,0.661263,0.68633,0.684047,0.673641,0.740672
3.5266,0.63318,0.714181,0.62135,0.608177,0.646676,0.66016,0.686894,0.683768,0.674937,0.742574
3.5268,0.63348,0.714821,0.621422,0.608197,0.648038,0.659635,0.687681,0.682211,0.676547,0.742661
3.527,0.633908,0.715956,0.621051,0.609238,0.648655,0.659882,0.689959,0.681047,0.678034,0.741799
3.5272,0.633781,0.717222,0.620346,0.610682,0.64843,0.660598,0.692511,0.680724,0.678636,0.740837
3.5274,0.633178,0.718528,0.619412,0.611719,0.647811,0.660777,0.694533,0.681228,0.678473,0.740631
3.5276,0.632329,0.719677,0.61863,0.611966,0.647333,0.660221,0.696122,0.682667,0.678278,0.741991
3.5278,0.631549,0.719865,0.619134,0.612333,0.64736,0.659245,0.697614,0.684742,0.679231,0.744177
3.528,0.632403,0.719689,0.620908,0.613286,0.647854,0.657874,0.699288,0.685586,0.681503,0.745978
3.5282,0.634866,0.719795,0.622634,0.614367,0.648683,0.656798,0.700242,0.685442,0.683922,0.746565
3.5284,0.636566,0.720612,0.622686,0.614978,0.649551,0.656345,0.700929,0.685408,0.684782,0.745858
3.5286,0.635662,0.721782,0.621388,0.615335,0.649962,0.656241,0.701895,0.685591,0.683683,0.745229
3.5288,0.63271,0.723408,0.619726,0.615742,0.649623,0.656068,0.702798,0.685763,0.681492,0.745452
3.529,0.62991,0.725221,0.618519,0.616141,0.648986,0.655689,0.703484,0.685783,0.680451,0.746515
3.5292,0.62856,0.726353,0.618264,0.616314,0.64881,0.655172,0.704276,0.68591,0.682048,0.747843
3.5294,0.629013,0.726436,0.618912,0.616494,0.649211,0.654621,0.705645,0.685664,0.68541,0.748301
3.5296,0.63041,0.726461,0.619789,0.617331,0.649923,0.654212,0.707648,0.684856,0.68795,0.747881
3.5298,0.631317,0.726622,0.620252,0.618015,0.650518,0.654106,0.709386,0.68496,0.688021,0.747235
3.53,0.631016,0.726596,0.620225,0.617982,0.650668,0.654389,0.710024,0.686773,0.685678,0.746707
3.5302,0.630047,0.726562,0.61996,0.617481,0.650316,0.654964,0.709516,0.688676,0.682808,0.747269
3.5304,0.629281,0.726015,0.619528,0.617026,0.649672,0.655608,0.709276,0.689367,0.681747,0.747784
3.5306,0.629134,0.725263,0.619083,0.617145,0.649819,0.655971,0.710745,0.687563,0.683095,0.748121
3.5308,0.629775,0.724944,0.619084,0.617398,0.651017,0.655799,0.712964,0.684291,0.68602,0.748164
3.531,0.630706,0.724958,0.619684,0.617322,0.651844,0.655599,0.71464,0.682615,0.688957,0.74789
3.5312,0.630827,0.724896,0.620335,0.616872,0.650908,0.655842,0.715478,0.68372,0.689863,0.747708
3.5314,0.630361,0.724606,0.620592,0.616059,0.648659,0.656859,0.715233,0.686842,0.687716,0.747768
3.5316,0.630275,0.724023,0.620553,0.615314,0.646458,0.65836,0.715663,0.68947,0.684327,0.747711
3.5318,0.630714,0.723643,0.620414,0.615071,0.644918,0.65948,0.716837,0.690019,0.682401,0.748032
3.532,0.631094,0.723659,0.620139,0.615165,0.644363,0.659412,0.717551,0.68826,0.682659,0.748186
3.5322,0.631043,0.723886,0.619742,0.615013,0.644597,0.658487,0.717945,0.68585,0.684229,0.74844
3.5324,0.630449,0.723921,0.619405,0.614072,0.644693,0.657957,0.717935,0.684831,0.685629,0.748732
3.5326,0.629566,0.723591,0.619307,0.612483,0.644541,0.658539,0.718918,0.685759,0.685444,0.748809
3.5328,0.629197,0.722892,0.619433,0.611028,0.643358,0.660125,0.720601,0.687832,0.683602,0.748507
3.533,0.629783,0.722216,0.61954,0.610538,0.641439,0.662024,0.72259,0.689684,0.681708,0.748354
3.5332,0.630844,0.72212,0.619394,0.610883,0.639517,0.663372,0.72459,0.69022,0.680968,0.748541
3.5334,0.631559,0.722853,0.619058,0.611039,0.638172,0.663771,0.725593,0.689407,0.681245,0.748952
3.5336,0.631453,0.723905,0.618685,0.610477,0.637538,0.663407,0.723673,0.688381,0.681754,0.749601
3.5338,0.630337,0.723881,0.618229,0.609055,0.637486,0.66293,0.721939,0.688352,0.681476,0.749934
3.534,0.628862,0.722602,0.617836,0.607365,0.637322,0.662869,0.722599,0.689093,0.680092,0.749948
3.5342,0.628412,0.72066,0.617358,0.606267,0.637041,0.663425,0.724738,0.689736,0.678674,0.749839
3.5344,0.629377,0.719015,0.616963,0.606308,0.636698,0.663998,0.72624,0.689988,0.678501,0.749578
3.5346,0.630739,0.718255,0.616822,0.607355,0.636369,0.664436,0.725793,0.68927,0.678687,0.749349
3.5348,0.631155,0.718813,0.616677,0.60863,0.636174,0.664771,0.724178,0.687763,0.67824,0.74919
3.535,0.630695,0.719998,0.616691,0.609343,0.636169,0.664984,0.723574,0.686726,0.676952,0.748959
3.5352,0.629422,0.720911,0.616616,0.609208,0.636284,0.665246,0.724393,0.686994,0.675008,0.748901
3.5354,0.627515,0.720434,0.616365,0.608723,0.636443,0.666159,0.726577,0.68797,0.67321,0.749161
3.5356,0.625929,0.718857,0.615972,0.608595,0.636561,0.667984,0.728042,0.688198,0.672334,0.749785
3.5358,0.625404,0.716928,0.615717,0.609211,0.636529,0.669621,0.727596,0.688062,0.672175,0.750504
3.536,0.62567,0.715691,0.615948,0.610305,0.636372,0.670722,0.726186,0.687908,0.671935,0.750902
3.5362,0.626579,0.716249,0.616642,0.611315,0.636154,0.670764,0.725628,0.686976,0.671012,0.750809
3.5364,0.626631,0.718193,0.617401,0.611654,0.636536,0.670308,0.72674,0.685761,0.669389,0.750173
3.5366,0.625189,0.719642,0.617683,0.611876,0.637515,0.670746,0.727953,0.684663,0.668225,0.749158
3.5368,0.623387,0.719254,0.617357,0.612742,0.638332,0.672045,0.729471,0.684375,0.667721,0.748201
3.537,0.622175,0.717406,0.616644,0.614035,0.638406,0.67383,0.730977,0.685033,0.667478,0.747856
3.5372,0.62177,0.715458,0.615963,0.614717,0.637955,0.674854,0.731034,0.68598,0.667079,0.747795
3.5374,0.621872,0.714334,0.615718,0.614498,0.637694,0.674545,0.729113,0.687247,0.666599,0.747581
3.5376,0.621879,0.714199,0.61608,0.613605,0.637864,0.67321,0.72695,0.688048,0.665902,0.746994
3.5378,0.621306,0.71457,0.616782,0.612791,0.638378,0.671957,0.726723,0.688152,0.665113,0.746417
3.538,0.620325,0.714702,0.617271,0.612773,0.638898,0.671576,0.728626,0.688011,0.664571,0.745964
3.5382,0.619526,0.714245,0.617307,0.613565,0.639027,0.67229,0.729705,0.68787,0.664163,0.74556
3.5384,0.619309,0.713334,0.61697,0.614616,0.638699,0.673604,0.728888,0.688423,0.663974,0.745403
3.5386,0.619629,0.712516,0.616549,0.615313,0.638187,0.674598,0.72674,0.688949,0.663951,0.745361
3.5388,0.620201,0.712323,0.616464,0.615359,0.637769,0.6746,0.726084,0.688567,0.663959,0.745443
3.539,0.620768,0.712381,0.616871,0.614586,0.637464,0.674347,0.728212,0.687551,0.663916,0.745414
3.5392,0.620907,0.71235,0.6173,0.613332,0.637414,0.673977,0.730117,0.686552,0.663751,0.74528
3.5394,0.620482,0.712243,0.617515,0.612704,0.637864,0.673469,0.727568,0.685978,0.663608,0.745231
3.5396,0.62013,0.71162,0.617341,0.613312,0.638269,0.672987,0.723434,0.686142,0.663741,0.745258
3.5398,0.620478,0.710703,0.616908,0.614301,0.638194,0.673081,0.720265,0.686344,0.664203,0.744831
3.54,0.621217,0.710183,0.616525,0.61597,0.637397,0.673712,0.720497,0.686025,0.664902,0.744085
3.5402,0.621657,0.710238,0.616674,0.617248,0.635885,0.674142,0.72281,0.685414,0.665965,0.74325
3.5404,0.621537,0.711067,0.617249,0.616563,0.635423,0.674227,0.724159,0.685589,0.667107,0.742747
3.5406,0.62104,0.712368,0.618389,0.614656,0.637036,0.673989,0.722767,0.685714,0.667751,0.743052
3.5408,0.620676,0.713304,0.619358,0.612958,0.638952,0.673468,0.720756,0.685078,0.668023,0.743882
3.541,0.62095,0.713383,0.619847,0.612247,0.639099,0.672882,0.721516,0.684305,0.668073,0.744636
3.5412,0.621918,0.713178,0.619516,0.612553,0.638404,0.67275,0.725103,0.683455,0.668081,0.74464
3.5414,0.623094,0.712829,0.618537,0.613044,0.638037,0.672983,0.728062,0.683533,0.668831,0.743555
3.5416,0.624001,0.71285,0.617553,0.614367,0.637624,0.673448,0.726446,0.684686,0.670075,0.742241
3.5418,0.624266,0.712914,0.617021,0.61512,0.636611,0.674125,0.721749,0.68566,0.671139,0.741014
3.542,0.623744,0.712875,0.617194,0.614241,0.635508,0.674701,0.719071,0.685445,0.671375,0.740177
3.5422,0.622826,0.712406,0.61765,0.612631,0.634589,0.674699,0.71964,0.684756,0.67072,0.739728
3.5424,0.622619,0.711373,0.618239,0.611259,0.634508,0.674261,0.721059,0.684516,0.669423,0.739318
3.5426,0.623405,0.710332,0.618472,0.610615,0.635206,0.673766,0.72243,0.684901,0.668191,0.73892
3.5428,0.624655,0.709745,0.619016,0.610842,0.635839,0.673616,0.723484,0.68577,0.667654,0.738454
3.543,0.625346,0.709488,0.619741,0.612036,0.635633,0.673654,0.724166,0.686655,0.667932,0.738866
3.5432,0.625299,0.709347,0.619883,0.614175,0.634825,0.674196,0.724139,0.687248,0.668539,0.740187
3.5434,0.62467,0.708793,0.618946,0.615609,0.634783,0.675337,0.724177,0.687553,0.668559,0.741675
3.5436,0.623856,0.707631,0.616946,0.615404,0.635417,0.676139,0.726401,0.687815,0.668086,0.743297
3.5438,0.623338,0.706306,0.615066,0.614456,0.636215,0.676336,0.728475,0.688228,0.667265,0.744159
3.544,0.623163,0.705685,0.614086,0.614106,0.636892,0.675675,0.728385,0.688947,0.666713,0.744724
3.5442,0.623737,0.705731,0.614639,0.614622,0.637651,0.674884,0.726745,0.689998,0.666489,0.745263
3.5444,0.624422,0.706109,0.616153,0.615623,0.638735,0.674494,0.72673,0.691348,0.666502,0.745749
3.5446,0.62585,0.706222,0.617038,0.616497,0.639367,0.674998,0.727822,0.692676,0.666451,0.746136
3.5448,0.626722,0.705994,0.616553,0.616783,0.639375,0.67582,0.728962,0.693042,0.666023,0.746653
3.545,0.626206,0.705382,0.615046,0.616788,0.639091,0.676851,0.731441,0.692376,0.6651,0.747256
3.5452,0.624613,0.704791,0.613479,0.617187,0.639088,0.6776,0.735084,0.691249,0.664393,0.747833
3.5454,0.623302,0.704487,0.612705,0.618165,0.639392,0.67769,0.737531,0.690641,0.664073,0.748214
3.5456,0.62295,0.704525,0.613067,0.619725,0.640465,0.677195,0.737726,0.690709,0.664537,0.748627
3.5458,0.623506,0.704561,0.614283,0.62103,0.641939,0.676532,0.736399,0.691821,0.665404,0.748831
3.546,0.624024,0.704428,0.61545,0.62129,0.643231,0.676554,0.73644,0.693366,0.666206,0.748903
3.5462,0.6241,0.704193,0.61588,0.620413,0.643621,0.677368,0.738133,0.693543,0.666466,0.749473
3.5464,0.62374,0.703982,0.615649,0.619814,0.643211,0.67849,0.740359,0.692022,0.666389,0.7505
3.5466,0.623268,0.704073,0.615216,0.620133,0.64231,0.679438,0.741193,0.689289,0.666466,0.751747
3.5468,0.62307,0.704476,0.614914,0.621776,0.641852,0.679651,0.740064,0.686814,0.66688,0.752896
3.547,0.6234,0.704939,0.614901,0.623795,0.642313,0.67961,0.739597,0.685762,0.667512,0.752961
3.5472,0.624169,0.705333,0.614942,0.624476,0.643571,0.679432,0.74136,0.686035,0.667994,0.75244
3.5474,0.624958,0.705383,0.615172,0.623843,0.644938,0.679883,0.743334,0.687971,0.668154,0.751981
3.5476,0.625267,0.705535,0.615981,0.623004,0.645248,0.680672,0.744837,0.691529,0.667986,0.751684
3.5478,0.624897,0.706313,0.616883,0.622883,0.644433,0.681316,0.745344,0.693931,0.667653,0.752775
3.548,0.624449,0.707062,0.617083,0.624029,0.643218,0.681452,0.744366,0.692957,0.667641,0.75426
3.5482,0.624461,0.70724,0.61684,0.625464,0.642263,0.681077,0.742935,0.689727,0.6679,0.755124
3.5484,0.624879,0.706845,0.616401,0.6264,0.641757,0.680361,0.74355,0.687131,0.667932,0.755175
3.5486,0.625315,0.70597,0.616183,0.626053,0.642087,0.680252,0.745591,0.686044,0.667379,0.754565
3.5488,0.625363,0.705283,0.616614,0.624727,0.642555,0.680714,0.747471,0.686505,0.666416,0.753965
3.549,0.624813,0.705579,0.617399,0.623373,0.643032,0.681857,0.746865,0.687805,0.665599,0.753648
3.5492,0.62414,0.706684,0.618222,0.622888,0.64317,0.682589,0.744232,0.688284,0.665417,0.753777
3.5494,0.623971,0.707749,0.618432,0.623417,0.642823,0.682488,0.741549,0.687161,0.665955,0.754077
3.5496,0.62445,0.708169,0.618129,0.624447,0.642282,0.681327,0.74192,0.685286,0.666751,0.754216
3.5498,0.625164,0.707761,0.617358,0.62512,0.64178,0.680154,0.74468,0.68391,0.667171,0.753959
3.55,0.625646,0.706604,0.616609,0.624951,0.641489,0.679792,0.745306,0.683703,0.666817,0.753662
3.5502,0.625619,0.705782,0.616025,0.624281,0.640971,0.679921,0.743678,0.684415,0.665675,0.753632
3.5504,0.625001,0.706095,0.615908,0.623844,0.640542,0.680318,0.742011,0.684933,0.664383,0.753536
3.5506,0.624159,0.70731,0.616468,0.623699,0.640602,0.680415,0.740479,0.68476,0.6638,0.75339
3.5508,0.623783,0.707893,0.617237,0.624104,0.640964,0.679957,0.740218,0.684132,0.664174,0.752814
3.551,0.62397,0.706947,0.617675,0.624555,0.64125,0.679553,0.74011,0.683645,0.66473,0.752139
3.5512,0.62453,0.7046,0.617592,0.62457,0.641266,0.679287,0.73814,0.683433,0.664809,0.751757
3.5514,0.624956,0.701975,0.617259,0.624241,0.641015,0.679288,0.736298,0.683423,0.663534,0.751908
3.5516,0.624415,0.700626,0.617036,0.62367,0.640628,0.67904,0.736614,0.683392,0.661161,0.752022
3.5518,0.622826,0.701021,0.617113,0.623131,0.640422,0.678867,0.738816,0.683201,0.658756,0.752195
3.552,0.621222,0.702058,0.617393,0.62359,0.640528,0.678822,0.740758,0.682966,0.65733,0.75161
3.5522,0.620599,0.702477,0.617667,0.625303,0.640756,0.679283,0.740444,0.683032,0.656947,0.750848
3.5524,0.621018,0.701495,0.617642,0.627551,0.640839,0.680431,0.738242,0.683575,0.657042,0.750465
3.5526,0.621376,0.699494,0.617522,0.629035,0.6408,0.681552,0.735671,0.684417,0.656776,0.750198
3.5528,0.621194,0.69775,0.617599,0.628792,0.640579,0.681611,0.73431,0.685257,0.655569,0.750365
3.553,0.620441,0.696643,0.618096,0.627515,0.640782,0.680877,0.735498,0.685638,0.653828,0.750505
3.5532,0.619842,0.696212,0.61898,0.627017,0.641143,0.68025,0.736975,0.6855,0.652323,0.750249
3.5534,0.619973,0.696382,0.619729,0.627023,0.641509,0.680458,0.737231,0.685784,0.651552,0.749529
3.5536,0.620624,0.69645,0.620078,0.62702,0.641559,0.68121,0.737116,0.686718,0.651502,0.748522
3.5538,0.621459,0.695879,0.619797,0.626824,0.641448,0.682048,0.736902,0.687838,0.652146,0.747755
3.554,0.622198,0.694625,0.619603,0.62584,0.641169,0.68223,0.73712,0.68789,0.65271,0.747522
3.5542,0.622253,0.693148,0.619703,0.624211,0.641441,0.681426,0.737022,0.68644,0.652817,0.747908
3.5544,0.621642,0.692099,0.620464,0.623134,0.642156,0.680064,0.736318,0.684046,0.652705,0.74881
3.5546,0.621287,0.691801,0.621415,0.623249,0.642477,0.678971,0.735081,0.682162,0.652776,0.749353
3.5548,0.621969,0.692123,0.621863,0.623309,0.64202,0.679161,0.733795,0.681744,0.653048,0.748833
3.555,0.623032,0.692576,0.621446,0.622659,0.641173,0.680561,0.733604,0.682703,0.653333,0.747582
3.5552,0.624272,0.69315,0.620578,0.621078,0.640307,0.682068,0.733914,0.683288,0.653781,0.74619
3.5554,0.624886,0.693774,0.620067,0.618827,0.639933,0.682646,0.733749,0.683004,0.654445,0.744943
3.5556,0.624891,0.693911,0.619946,0.617136,0.640155,0.681844,0.732746,0.681203,0.654974,0.744218
3.5558,0.624853,0.693631,0.620276,0.616512,0.640405,0.680724,0.730928,0.678967,0.655504,0.744436
3.556,0.624974,0.693354,0.62103,0.616689,0.640551,0.680061,0.729993,0.67757,0.656606,0.745206
3.5562,0.624532,0.693615,0.621782,0.616699,0.640526,0.679961,0.730288,0.677277,0.658172,0.745432
3.5564,0.623792,0.694171,0.621906,0.615654,0.640552,0.680197,0.73108,0.6777,0.659123,0.745215
3.5566,0.622656,0.694544,0.621319,0.613607,0.64085,0.680383,0.730556,0.677904,0.658992,0.744454
3.5568,0.621952,0.694513,0.62102,0.612178,0.641824,0.679978,0.728373,0.677242,0.658343,0.743278
3.557,0.622097,0.694728,0.6211,0.612069,0.642844,0.679081,0.72703,0.675563,0.658654,0.742598
3.5572,0.624567,0.695228,0.621502,0.613336,0.643371,0.679046,0.727379,0.673443,0.660195,0.742085
3.5574,0.628153,0.695973,0.621793,0.615323,0.642943,0.680413,0.728235,0.671845,0.662217,0.742181
3.5576,0.630493,0.696886,0.622055,0.616607,0.642251,0.682475,0.728318,0.671435,0.664246,0.743059
3.5578,0.630404,0.698099,0.62282,0.61633,0.641857,0.683843,0.727241,0.672014,0.664887,0.743671
3.558,0.628745,0.698939,0.623909,0.615072,0.642252,0.683245,0.725584,0.673055,0.664222,0.743941
3.5582,0.626893,0.699219,0.624561,0.614179,0.643538,0.681221,0.72434,0.674256,0.663542,0.74344
3.5584,0.627248,0.698987,0.624708,0.613948,0.645137,0.679265,0.724107,0.674628,0.66329,0.742297
3.5586,0.629433,0.698358,0.62413,0.614681,0.646041,0.678829,0.724271,0.67366,0.664258,0.74129
3.5588,0.631513,0.698045,0.622991,0.615932,0.645275,0.680055,0.724568,0.672192,0.666608,0.740921
3.559,0.631908,0.698861,0.621985,0.617243,0.643535,0.682159,0.724633,0.671152,0.668871,0.741054
3.5592,0.630838,0.700512,0.621618,0.617583,0.642568,0.683487,0.723501,0.67092,0.67022,0.741608
3.5594,0.629341,0.701812,0.622049,0.616897,0.642805,0.682746,0.721453,0.67147,0.670488,0.741859
3.5596,0.628464,0.702059,0.622965,0.615798,0.644074,0.680668,0.719464,0.672831,0.670315,0.74182
3.5598,0.628867,0.701318,0.624213,0.615296,0.64536,0.679159,0.718843,0.674133,0.670472,0.742184
3.56,0.631064,0.700874,0.624907,0.615798,0.645577,0.678989,0.719385,0.674678,0.671615,0.742906
3.5602,0.633719,0.701242,0.624531,0.617554,0.644687,0.67987,0.72079,0.674116,0.672993,0.743484
3.5604,0.635069,0.70262,0.623359,0.619541,0.643858,0.681165,0.721017,0.673127,0.673875,0.743689
3.5606,0.634436,0.704073,0.622097,0.620331,0.643846,0.681565,0.720085,0.672205,0.674529,0.743319
3.5608,0.63266,0.70475,0.621446,0.619562,0.644357,0.680472,0.718674,0.672343,0.675316,0.742619
3.561,0.631313,0.70529,0.621238,0.617842,0.645498,0.679358,0.718539,0.673366,0.675824,0.742625
3.5612,0.631694,0.705726,0.621143,0.616267,0.646665,0.679297,0.71888,0.675061,0.675263,0.743357
3.5614,0.633833,0.706264,0.621226,0.615887,0.646822,0.679638,0.719425,0.676099,0.673449,0.74457
3.5616,0.63606,0.70677,0.62143,0.616963,0.646307,0.679753,0.719268,0.67593,0.671171,0.745471
3.5618,0.636432,0.707148,0.621386,0.618262,0.645925,0.679881,0.719054,0.674738,0.669369,0.745664
3.562,0.634676,0.707508,0.620842,0.618435,0.646061,0.679627,0.72033,0.673363,0.668814,0.745024
3.5622,0.631733,0.70801,0.620135,0.617173,0.646831,0.679277,0.721623,0.67314,0.669233,0.743895
3.5624,0.629746,0.709275,0.619174,0.614967,0.647439,0.679044,0.723065,0.674301,0.670066,0.743163
3.5626,0.631111,0.7111,0.618543,0.612658,0.647065,0.679858,0.724627,0.675903,0.671049,0.74324
3.5628,0.635353,0.712754,0.618345,0.611719,0.646107,0.681582,0.724449,0.677492,0.672601,0.74418
3.563,0.638386,0.713474,0.618364,0.612419,0.645279,0.683261,0.724051,0.678309,0.673701,0.745924
3.5632,0.638154,0.712762,0.618124,0.614697,0.645373,0.684086,0.723512,0.678183,0.673823,0.747689
3.5634,0.635278,0.711695,0.617617,0.616293,0.645903,0.683148,0.723063,0.677109,0.67326,0.748756
3.5636,0.631296,0.711881,0.616921,0.615396,0.646552,0.681159,0.724215,0.676581,0.672608,0.748679
3.5638,0.628284,0.713584,0.616011,0.61222,0.646879,0.67999,0.726253,0.676639,0.672528,0.748026
3.564,0.627536,0.715576,0.615249,0.60878,0.646456,0.680446,0.728516,0.676383,0.673088,0.747759
3.5642,0.628859,0.716903,0.615244,0.607344,0.645553,0.681716,0.730826,0.676082,0.67381,0.747919
3.5644,0.630309,0.716733,0.616273,0.608608,0.644792,0.682513,0.732188,0.676449,0.674077,0.748201
3.5646,0.63039,0.715382,0.617198,0.611117,0.644607,0.682462,0.731967,0.677695,0.67359,0.748867
3.5648,0.628877,0.713854,0.617005,0.612491,0.644903,0.681305,0.731721,0.678782,0.672492,0.749606
3.565,0.627158,0.713384,0.615889,0.611644,0.645423,0.680266,0.732992,0.679085,0.671605,0.74992
3.5652,0.627007,0.71409,0.614756,0.609732,0.645366,0.680108,0.734579,0.678741,0.671914,0.749889
3.5654,0.628537,0.71506,0.614184,0.608559,0.644554,0.680353,0.735286,0.67829,0.672915,0.749363
3.5656,0.630784,0.715435,0.614271,0.608745,0.643693,0.680904,0.73424,0.678811,0.673959,0.748777
3.5658,0.63235,0.715806,0.614807,0.610076,0.643509,0.681096,0.732032,0.679915,0.674043,0.748765
3.566,0.632228,0.716369,0.615347,0.611516,0.6439,0.680956,0.729703,0.681269,0.673316,0.74913
3.5662,0.630928,0.716571,0.615499,0.612038,0.644301,0.680342,0.729744,0.681866,0.672153,0.749502
3.5664,0.629813,0.716513,0.615265,0.611496,0.644382,0.679995,0.731775,0.68112,0.671697,0.750036
3.5666,0.629636,0.716332,0.615004,0.610642,0.643852,0.680114,0.732396,0.680385,0.671841,0.750336
3.5668,0.630178,0.716184,0.615097,0.610363,0.642757,0.680817,0.730272,0.679883,0.672509,0.750294
3.567,0.630818,0.716094,0.615417,0.610831,0.641867,0.68167,0.727203,0.679738,0.672726,0.749741
3.5672,0.631151,0.715793,0.615544,0.6116,0.641691,0.682125,0.725768,0.680604,0.672477,0.74867
3.5674,0.631115,0.715489,0.615336,0.612266,0.641855,0.681318,0.726667,0.682363,0.671319,0.747997
3.5676,0.631288,0.715582,0.615149,0.612709,0.641556,0.680324,0.727347,0.683642,0.670124,0.747701
3.5678,0.631626,0.715706,0.615067,0.613293,0.640235,0.680454,0.727439,0.683266,0.669177,0.747855
3.568,0.631549,0.715734,0.615278,0.614438,0.638077,0.68203,0.726423,0.681963,0.668197,0.748328
3.5682,0.63074,0.715258,0.615786,0.615344,0.63588,0.683931,0.724036,0.680987,0.667272,0.748554
3.5684,0.630122,0.714383,0.616432,0.615417,0.634521,0.684336,0.722115,0.681279,0.666069,0.748708
3.5686,0.629616,0.713407,0.616941,0.61473,0.634823,0.682996,0.721656,0.683047,0.665087,0.74825
3.5688,0.629791,0.712581,0.617072,0.613948,0.63567,0.680883,0.722222,0.684716,0.664548,0.747113
3.569,0.631091,0.71227,0.616757,0.613782,0.635696,0.680245,0.722723,0.685312,0.663837,0.745941
3.5692,0.632261,0.712057,0.616073,0.614338,0.633761,0.681761,0.722052,0.685184,0.663,0.744627
3.5694,0.632234,0.712311,0.615338,0.615177,0.630637,0.684163,0.720396,0.684839,0.661992,0.744105
3.5696,0.631325,0.712749,0.615111,0.615943,0.627793,0.685858,0.719385,0.684535,0.660711,0.744394
3.5698,0.629958,0.712713,0.615591,0.616285,0.627177,0.685969,0.719452,0.684306,0.659217,0.744774
3.57,0.629414,0.711591,0.616469,0.616299,0.628704,0.684463,0.719447,0.684393,0.657885,0.744549
3.5702,0.630224,0.709922,0.61683,0.61634,0.630336,0.682536,0.719973,0.684804,0.656926,0.743179
3.5704,0.632079,0.709062,0.616543,0.616222,0.630221,0.681754,0.720848,0.685265,0.656369,0.741289
3.5706,0.633617,0.709313,0.615656,0.61631,0.628472,0.68232,0.721043,0.6857,0.656053,0.73964
3.5708,0.633646,0.710019,0.61486,0.616688,0.626696,0.683453,0.720327,0.686484,0.655699,0.739294
3.571,0.631976,0.710537,0.614272,0.617316,0.625927,0.68453,0.719025,0.687024,0.655176,0.740195
3.5712,0.630257,0.710457,0.614041,0.617572,0.626586,0.684472,0.71814,0.686878,0.654676,0.740857
3.5714,0.629506,0.709665,0.613822,0.617676,0.627849,0.683379,0.717817,0.686164,0.654425,0.740795
3.5716,0.630626,0.708838,0.613589,0.618254,0.628899,0.682233,0.717521,0.68544,0.654542,0.739537
3.5718,0.632752,0.708098,0.613228,0.619111,0.62904,0.681814,0.717224,0.685263,0.654903,0.737709
3.572,0.634565,0.707527,0.612655,0.620237,0.628431,0.682285,0.71824,0.685738,0.655267,0.73666
3.5722,0.634867,0.707317,0.611736,0.620604,0.627801,0.682753,0.719173,0.68647,0.655505,0.736278
3.5724,0.633227,0.70721,0.610712,0.619886,0.627743,0.682849,0.718041,0.68678,0.655558,0.736603
3.5726,0.630854,0.706868,0.609818,0.618341,0.62848,0.682547,0.71689,0.686273,0.655654,0.737202
3.5728,0.629392,0.70585,0.60948,0.617093,0.629442,0.682164,0.716556,0.685217,0.656334,0.737776
3.573,0.629127,0.704112,0.609867,0.61748,0.630001,0.682452,0.716122,0.684169,0.657407,0.738297
3.5732,0.630127,0.702155,0.610448,0.619143,0.629725,0.683115,0.715366,0.683664,0.658309,0.738344
3.5734,0.631646,0.700482,0.610825,0.620946,0.628916,0.683734,0.714835,0.683289,0.65873,0.737893
3.5736,0.63288,0.699293,0.610622,0.621899,0.62844,0.683479,0.714332,0.683006,0.658968,0.737844
3.5738,0.633294,0.698641,0.610134,0.621802,0.628932,0.682671,0.714222,0.682198,0.659498,0.738186
3.574,0.632461,0.698251,0.609714,0.621484,0.630101,0.68136,0.713893,0.680538,0.660382,0.738826
3.5742,0.630701,0.697497,0.609635,0.621831,0.631286,0.680357,0.714021,0.678583,0.661633,0.73925
3.5744,0.629403,0.696672,0.610105,0.622626,0.631925,0.680102,0.713915,0.676724,0.662924,0.739171
3.5746,0.629057,0.697701,0.611249,0.623769,0.632278,0.680732,0.713162,0.676177,0.66391,0.739119
3.5748,0.629548,0.700242,0.612483,0.624673,0.633,0.681295,0.712533,0.678118,0.66466,0.739447
3.575,0.630788,0.702739,0.613111,0.624529,0.634118,0.681302,0.712573,0.681172,0.665176,0.740499
3.5752,0.631854,0.703856,0.613122,0.624033,0.635484,0.680244,0.713445,0.681602,0.66563,0.741971
3.5754,0.631257,0.703196,0.61298,0.624189,0.636486,0.678725,0.71341,0.678246,0.666133,0.742755
3.5756,0.62927,0.702079,0.612776,0.624686,0.636565,0.677804,0.713575,0.673164,0.666664,0.742323
3.5758,0.626818,0.701335,0.612974,0.625139,0.635892,0.677639,0.713609,0.669512,0.666776,0.741462
3.576,0.625839,0.701291,0.61332,0.625421,0.635409,0.678021,0.713896,0.66869,0.666795,0.741354
3.5762,0.627067,0.701677,0.613885,0.625939,0.636015,0.67853,0.713655,0.670108,0.667379,0.742171
3.5764,0.628983,0.701951,0.61456,0.62624,0.638176,0.679313,0.712848,0.671649,0.668117,0.743215
3.5766,0.630019,0.701875,0.615212,0.626508,0.640945,0.679575,0.713724,0.671558,0.668479,0.74377
3.5768,0.629571,0.701753,0.616079,0.626732,0.642477,0.679446,0.714938,0.670092,0.667888,0.743137
3.577,0.62811,0.702626,0.61671,0.626974,0.642458,0.67912,0.713245,0.668675,0.666337,0.742525
3.5772,0.626516,0.704218,0.616548,0.627128,0.641796,0.678794,0.709661,0.668203,0.664597,0.742502
3.5774,0.625642,0.705531,0.616054,0.627512,0.641461,0.678428,0.706708,0.66887,0.663512,0.743035
3.5776,0.625956,0.706096,0.615386,0.628396,0.641386,0.677897,0.70672,0.670162,0.663796,0.744122
3.5778,0.627117,0.705505,0.615111,0.629213,0.64203,0.677237,0.707336,0.670949,0.666373,0.744457
3.578,0.628693,0.70442,0.61552,0.628787,0.643569,0.676954,0.706303,0.670618,0.669986,0.743788
3.5782,0.630049,0.704086,0.616284,0.626967,0.644689,0.676872,0.703954,0.669831,0.671691,0.742912
3.5784,0.63086,0.705005,0.616889,0.625482,0.644325,0.676845,0.702443,0.669925,0.669977,0.74214
3.5786,0.630809,0.706492,0.616946,0.625122,0.642524,0.67721,0.701325,0.671,0.66604,0.741671
3.5788,0.630121,0.70743,0.616346,0.62505,0.640704,0.677659,0.699397,0.672022,0.662897,0.741648
3.579,0.629337,0.707197,0.6157,0.624983,0.63986,0.678007,0.697163,0.672045,0.662421,0.741453
3.5792,0.628949,0.706784,0.615707,0.624736,0.64047,0.677628,0.695271,0.671104,0.664948,0.740876
3.5794,0.629274,0.706885,0.616257,0.625417,0.641466,0.676471,0.695829,0.670022,0.66811,0.740128
3.5796,0.63005,0.708075,0.617111,0.626612,0.642301,0.675369,0.69769,0.669861,0.670059,0.738845
3.5798,0.631338,0.710274,0.617797,0.627564,0.641848,0.675829,0.698324,0.671027,0.669898,0.737934
3.58,0.632634,0.711993,0.617821,0.627913,0.639759,0.677983,0.696763,0.6728,0.668666,0.737751
3.5802,0.633826,0.712139,0.617734,0.627527,0.637175,0.679974,0.694856,0.674026,0.66763,0.737586
3.5804,0.634717,0.711661,0.617892,0.626544,0.635472,0.680706,0.694427,0.674163,0.667312,0.73785
3.5806,0.63523,0.711342,0.618217,0.625449,0.636444,0.679618,0.695699,0.673741,0.668371,0.737627
3.5808,0.635384,0.711776,0.618759,0.624741,0.63853,0.677263,0.697841,0.674018,0.670091,0.73642
3.581,0.634988,0.712848,0.619037,0.624671,0.639401,0.675722,0.699056,0.675422,0.671311,0.734847
3.5812,0.63431,0.714099,0.618693,0.624998,0.637767,0.675888,0.698535,0.676798,0.671438,0.73334
3.5814,0.634077,0.714413,0.617684,0.625323,0.634619,0.677976,0.698069,0.676866,0.670541,0.732424
3.5816,0.634026,0.713884,0.616719,0.625535,0.631849,0.680356,0.698755,0.675608,0.669526,0.732134
3.5818,0.633742,0.71358,0.61657,0.62536,0.630631,0.681322,0.699618,0.673764,0.669203,0.731878
3.582,0.633374,0.714112,0.617742,0.624833,0.631096,0.68062,0.699825,0.672569,0.670427,0.731382
3.5822,0.633172,0.715242,0.619259,0.624322,0.632297,0.678743,0.699276,0.672395,0.672659,0.730619
3.5824,0.633638,0.71591,0.620384,0.624066,0.633024,0.677116,0.69861,0.673174,0.674314,0.729803
3.5826,0.634543,0.715758,0.620727,0.62402,0.632654,0.676884,0.698786,0.673868,0.674798,0.729433
3.5828,0.635074,0.71485,0.620257,0.624077,0.631536,0.677635,0.699484,0.673239,0.673929,0.729613
3.583,0.634701,0.713693,0.619544,0.624135,0.630351,0.678151,0.700045,0.67149,0.672461,0.73003
3.5832,0.633593,0.713909,0.619476,0.624051,0.629752,0.678479,0.700154,0.669499,0.671846,0.730226
3.5834,0.632416,0.715296,0.619916,0.623614,0.629865,0.678698,0.700185,0.668407,0.672067,0.729885
3.5836,0.631531,0.71685,0.620233,0.622746,0.630175,0.678393,0.700902,0.668199,0.672672,0.729366
3.5838,0.631663,0.717128,0.619951,0.621674,0.6305,0.67786,0.702103,0.668357,0.673391,0.729008
3.584,0.632983,0.715737,0.618953,0.620785,0.630937,0.677589,0.702556,0.668101,0.674084,0.728978
3.5842,0.634254,0.713441,0.617376,0.620336,0.631559,0.677848,0.702841,0.666895,0.674298,0.729086
3.5844,0.634731,0.711756,0.615927,0.620135,0.63191,0.678016,0.702777,0.66512,0.673842,0.728793
3.5846,0.634331,0.711833,0.61516,0.619536,0.631614,0.677666,0.701822,0.663666,0.673186,0.728119
3.5848,0.633156,0.712995,0.615022,0.618238,0.631619,0.677226,0.700036,0.663088,0.672743,0.72728
3.585,0.631948,0.713872,0.615017,0.616505,0.632233,0.677028,0.699373,0.663248,0.672523,0.726659
3.5852,0.631678,0.713662,0.615042,0.614976,0.633105,0.676726,0.699669,0.663603,0.672513,0.726788
3.5854,0.632288,0.712796,0.614696,0.614424,0.633842,0.676173,0.70022,0.66368,0.672602,0.727447
3.5856,0.633739,0.711816,0.61465,0.614722,0.634995,0.675731,0.698991,0.663398,0.672535,0.728087
3.5858,0.634847,0.711277,0.615202,0.615155,0.63655,0.675277,0.695568,0.663088,0.67222,0.728392
3.586,0.634982,0.711179,0.615603,0.614919,0.63764,0.674879,0.691616,0.663149,0.671926,0.727849
3.5862,0.633691,0.711425,0.615476,0.614122,0.637349,0.675451,0.689353,0.663753,0.671391,0.7267
3.5864,0.632148,0.711963,0.614753,0.613199,0.635839,0.676499,0.68896,0.6643,0.671312,0.725916
3.5866,0.630987,0.711931,0.613686,0.612161,0.634473,0.677142,0.689045,0.664486,0.671885,0.725437
3.5868,0.630788,0.711547,0.612631,0.611145,0.634019,0.677102,0.688807,0.664735,0.672275,0.725448
3.587,0.631864,0.711047,0.612049,0.610381,0.634977,0.67674,0.688131,0.665458,0.672071,0.725279
3.5872,0.633218,0.710988,0.612195,0.610272,0.636617,0.676071,0.687107,0.666129,0.671132,0.724833
3.5874,0.633905,0.71147,0.612693,0.610518,0.638088,0.67602,0.684925,0.666194,0.670045,0.724149
3.5876,0.633432,0.712074,0.613091,0.610683,0.638087,0.677097,0.681858,0.665628,0.669642,0.723182
3.5878,0.631944,0.712256,0.613168,0.610577,0.636548,0.678641,0.679443,0.664875,0.670156,0.722133
3.588,0.630613,0.711708,0.612939,0.610288,0.634418,0.679628,0.678641,0.664507,0.671006,0.720871
3.5882,0.630173,0.710708,0.612579,0.609985,0.633586,0.679689,0.678687,0.664842,0.671486,0.72029
3.5884,0.630761,0.709767,0.612298,0.609828,0.634516,0.678174,0.678257,0.665717,0.671262,0.720058
3.5886,0.632244,0.709452,0.61227,0.609961,0.636518,0.675399,0.677018,0.666612,0.670501,0.719369
3.5888,0.633043,0.709682,0.612275,0.610299,0.637805,0.673002,0.675634,0.667102,0.669707,0.718193
3.589,0.63316,0.709842,0.612262,0.610617,0.63756,0.672203,0.67499,0.667077,0.669338,0.716368
3.5892,0.632888,0.710378,0.612622,0.610579,0.636164,0.673265,0.675498,0.666692,0.669439,0.714965
3.5894,0.632786,0.710964,0.613269,0.610691,0.63463,0.675148,0.676741,0.666234,0.669751,0.714645
3.5896,0.632257,0.710981,0.613658,0.611501,0.633911,0.676464,0.67706,0.66615,0.669872,0.714557
3.5898,0.631852,0.709944,0.613459,0.612759,0.634498,0.676471,0.676505,0.666639,0.66984,0.714339
3.59,0.631687,0.708189,0.612787,0.613367,0.636237,0.675173,0.676438,0.667066,0.669248,0.714453
3.5902,0.631357,0.706918,0.612133,0.612965,0.637903,0.673361,0.677182,0.667128,0.668552,0.71461
3.5904,0.631094,0.707032,0.612037,0.611966,0.638515,0.672479,0.677468,0.666499,0.667626,0.714949
3.5906,0.631871,0.708356,0.612692,0.611494,0.63793,0.672977,0.676847,0.665663,0.666953,0.715301
3.5908,0.633161,0.709868,0.613759,0.612259,0.636781,0.67383,0.675806,0.664704,0.666503,0.715379
3.591,0.63398,0.710628,0.614834,0.613806,0.636026,0.67472,0.675263,0.664329,0.666363,0.715634
3.5912,0.633597,0.709969,0.616064,0.6151,0.636385,0.674958,0.675501,0.664383,0.666479,0.716074
3.5914,0.632112,0.708022,0.616695,0.615569,0.637718,0.674442,0.676175,0.664191,0.666655,0.717028
3.5916,0.631055,0.706232,0.616099,0.615083,0.639194,0.673954,0.676915,0.663616,0.666248,0.718074
3.5918,0.6316,0.705605,0.614376,0.61399,0.640091,0.674142,0.677719,0.662423,0.665205,0.718984
3.592,0.632795,0.706448,0.612676,0.61309,0.63987,0.674636,0.678823,0.661389,0.664044,0.719525
3.5922,0.633927,0.708063,0.612098,0.613101,0.639208,0.674882,0.680163,0.660819,0.663076,0.719444
3.5924,0.634643,0.709153,0.612967,0.614092,0.638708,0.674996,0.68094,0.661371,0.662671,0.719488
3.5926,0.63461,0.708868,0.614589,0.615047,0.638747,0.674969,0.680734,0.662877,0.662685,0.719763
3.5928,0.633634,0.707907,0.61557,0.61544,0.639214,0.674769,0.680123,0.664126,0.662638,0.720214
3.593,0.632329,0.707484,0.615215,0.614549,0.639705,0.674469,0.680014,0.664968,0.662419,0.721213
3.5932,0.632104,0.707832,0.614127,0.612767,0.64013,0.674116,0.680244,0.665261,0.662078,0.722663
3.5934,0.633595,0.708616,0.612887,0.611549,0.640225,0.674605,0.680287,0.665342,0.661842,0.723908
3.5936,0.635941,0.709458,0.612533,0.611678,0.640033,0.675469,0.680431,0.665454,0.661922,0.724688
3.5938,0.637713,0.710015,0.61332,0.612835,0.639844,0.675746,0.680022,0.666392,0.662341,0.724965
3.594,0.637322,0.710246,0.614702,0.613728,0.639829,0.675819,0.679732,0.668263,0.662962,0.724875
3.5942,0.635551,0.711039,0.615652,0.613652,0.639947,0.676197,0.679425,0.669747,0.663578,0.72509
3.5944,0.633532,0.712407,0.61555,0.612544,0.640174,0.676793,0.6798,0.670214,0.664057,0.725296
3.5946,0.632542,0.713258,0.614193,0.612334,0.640574,0.676979,0.679488,0.669517,0.664298,0.725709
3.5948,0.63343,0.713539,0.612322,0.613265,0.641162,0.676347,0.67727,0.669004,0.664477,0.726479
3.595,0.635411,0.713012,0.610917,0.614731,0.641594,0.675085,0.674335,0.669814,0.665022,0.726884
3.5952,0.637014,0.711975,0.610583,0.616134,0.641908,0.67475,0.672551,0.671146,0.665892,0.727316
3.5954,0.637395,0.711242,0.611065,0.617174,0.641694,0.675725,0.671813,0.671593,0.666753,0.72817
3.5956,0.636882,0.711658,0.611747,0.617495,0.641388,0.67703,0.671697,0.671348,0.66722,0.728717
3.5958,0.636146,0.713056,0.612067,0.617027,0.641372,0.67726,0.671141,0.671034,0.667405,0.729036
3.596,0.635394,0.714152,0.611934,0.616611,0.6414,0.676611,0.669993,0.671699,0.667822,0.729381
3.5962,0.634981,0.713875,0.611604,0.61721,0.641926,0.675446,0.668497,0.673464,0.668705,0.729124
3.5964,0.635045,0.712384,0.611315,0.618119,0.642422,0.674611,0.667189,0.675112,0.670222,0.729322
3.5966,0.635083,0.71099,0.611206,0.618847,0.642291,0.674242,0.666639,0.674877,0.671708,0.729816
3.5968,0.635175,0.710592,0.611357,0.619349,0.64129,0.674839,0.66672,0.673811,0.672408,0.730407
3.597,0.635054,0.712134,0.611559,0.619969,0.640356,0.675865,0.667235,0.673335,0.672428,0.731181
3.5972,0.635461,0.714797,0.611434,0.620008,0.639466,0.676125,0.667843,0.674127,0.671632,0.73173
3.5974,0.636076,0.716964,0.611191,0.619381,0.638884,0.675488,0.668497,0.674842,0.671065,0.731668
3.5976,0.636729,0.717385,0.611348,0.618668,0.638882,0.674058,0.669346,0.675365,0.671225,0.731421
3.5978,0.636491,0.715739,0.611742,0.618112,0.639719,0.672564,0.670288,0.675302,0.672261,0.731308
3.598,0.6357,0.713582,0.611954,0.618309,0.640605,0.67239,0.670489,0.674836,0.673621,0.731351
3.5982,0.63436,0.712563,0.611797,0.619283,0.640709,0.673369,0.670636,0.674458,0.674202,0.732018
3.5984,0.633221,0.713056,0.61134,0.62024,0.639841,0.674517,0.672075,0.674701,0.673386,0.732303
3.5986,0.6332,0.714251,0.61091,0.620296,0.638557,0.675086,0.673731,0.675444,0.672123,0.732216
3.5988,0.633699,0.714948,0.611047,0.619352,0.637526,0.67452,0.674228,0.676073,0.671405,0.731735
3.599,0.634294,0.71449,0.611853,0.618184,0.637537,0.673192,0.673335,0.676547,0.671172,0.731338
3.5992,0.634357,0.713102,0.612767,0.617622,0.638131,0.671848,0.672128,0.676625,0.671639,0.7316
3.5994,0.633438,0.711758,0.613199,0.617745,0.638639,0.670759,0.671731,0.676348,0.671883,0.73217
3.5996,0.6321,0.711307,0.612931,0.618122,0.638635,0.670487,0.672429,0.676707,0.670957,0.732724
3.5998,0.631362,0.71179,0.612111,0.61836,0.63832,0.671013,0.673781,0.677654,0.668762,0.732526
3.6,0.631518,0.712635,0.611155,0.618154,0.637644,0.672298,0.675145,0.678732,0.666623,0.731782
3.6002,0.63209,0.713287,0.610674,0.617396,0.636702,0.673194,0.676217,0.679443,0.665667,0.730739
3.6004,0.632238,0.713168,0.610888,0.616563,0.635941,0.672491,0.677199,0.679312,0.666291,0.730106
3.6006,0.631643,0.71234,0.611658,0.616215,0.635646,0.670554,0.678104,0.678913,0.667672,0.730441
3.6008,0.63054,0.711345,0.612213,0.616243,0.635772,0.668375,0.678604,0.678618,0.668311,0.731525
3.601,0.629758,0.710574,0.612395,0.616046,0.636318,0.667042,0.679026,0.678846,0.66746,0.732863
3.6012,0.629876,0.710161,0.612,0.615718,0.637056,0.666913,0.679359,0.680022,0.665917,0.734018
3.6014,0.630561,0.71035,0.611115,0.614872,0.637239,0.667702,0.679506,0.681047,0.664511,0.734304
3.6016,0.631296,0.710782,0.61029,0.614342,0.636905,0.668774,0.679159,0.681334,0.663909,0.733892
3.6018,0.631196,0.711246,0.609753,0.614364,0.636783,0.669446,0.678436,0.681316,0.664362,0.732991
3.602,0.63071,0.71168,0.609926,0.614521,0.636711,0.669391,0.677465,0.681568,0.66525,0.731992
3.6022,0.630279,0.711467,0.610506,0.614224,0.636842,0.668556,0.677981,0.681716,0.665942,0.73129
3.6024,0.629732,0.710382,0.610961,0.612862,0.63783,0.667357,0.678819,0.68239,0.666255,0.731088
3.6026,0.629684,0.708857,0.610807,0.610896,0.639097,0.666564,0.678693,0.683238,0.66617,0.731205
3.6028,0.62997,0.708008,0.61002,0.609437,0.639701,0.666426,0.677082,0.683231,0.665824,0.731497
3.603,0.629626,0.707955,0.608818,0.609024,0.639112,0.666871,0.674876,0.682804,0.665439,0.731704
3.6032,0.628909,0.708056,0.607945,0.609133,0.637507,0.668005,0.67417,0.682307,0.665329,0.731573
3.6034,0.62876,0.707966,0.607681,0.609284,0.636177,0.668908,0.674421,0.681888,0.66574,0.731008
3.6036,0.629271,0.707247,0.608259,0.608982,0.635931,0.668858,0.673803,0.681746,0.666341,0.730068
3.6038,0.630254,0.706305,0.60913,0.608446,0.637129,0.667722,0.672447,0.681647,0.666629,0.729617
3.604,0.630876,0.705948,0.609578,0.607778,0.638809,0.666023,0.670695,0.681814,0.666428,0.7296
3.6042,0.630834,0.70622,0.609341,0.607061,0.64005,0.665002,0.668634,0.681983,0.665832,0.729964
3.6044,0.630233,0.706455,0.60881,0.606528,0.639735,0.665768,0.666836,0.6821,0.6653,0.730252
3.6046,0.630212,0.705926,0.608536,0.60641,0.638141,0.667449,0.665755,0.682268,0.665092,0.730147
3.6048,0.630723,0.704547,0.60872,0.606764,0.636188,0.669085,0.665376,0.682507,0.665277,0.729439
3.605,0.631535,0.703434,0.609211,0.607367,0.635051,0.669397,0.665165,0.683135,0.665676,0.728551
3.6052,0.631194,0.703595,0.609694,0.607782,0.635329,0.668645,0.664571,0.683623,0.666032,0.727943
3.6054,0.629501,0.704472,0.609674,0.607731,0.636658,0.66769,0.663688,0.68296,0.666139,0.727309
3.6056,0.626986,0.705297,0.609178,0.607274,0.637976,0.667126,0.663216,0.681908,0.665971,0.727
3.6058,0.625373,0.705092,0.609122,0.606701,0.637941,0.667099,0.663632,0.68113,0.665556,0.727034
3.606,0.625914,0.703599,0.609791,0.606503,0.636651,0.667631,0.664856,0.680877,0.66483,0.727531
3.6062,0.628407,0.70146,0.6107,0.607183,0.635157,0.668425,0.666043,0.680976,0.664014,0.72819
3.6064,0.630696,0.699579,0.61147,0.60831,0.634443,0.669124,0.666201,0.681578,0.663645,0.728438
3.6066,0.630613,0.698988,0.611976,0.60937,0.634749,0.669192,0.666201,0.681852,0.663243,0.728009
3.6068,0.629076,0.700031,0.612232,0.610335,0.636044,0.668705,0.66669,0.681473,0.662627,0.727033
3.607,0.62796,0.701657,0.612154,0.610657,0.637664,0.667849,0.667642,0.681239,0.662961,0.725786
3.6072,0.628137,0.702513,0.612144,0.610732,0.638833,0.667017,0.668505,0.681772,0.663817,0.724946
3.6074,0.629354,0.701995,0.612632,0.610826,0.639099,0.666543,0.669785,0.682823,0.663859,0.72499
3.6076,0.63084,0.700503,0.613466,0.611677,0.638652,0.666576,0.670967,0.683909,0.663168,0.72574
3.6078,0.631231,0.69928,0.614143,0.61254,0.637832,0.667769,0.671338,0.684497,0.661271,0.726825
3.608,0.630605,0.699059,0.61423,0.612045,0.637034,0.669481,0.671655,0.684238,0.659432,0.727553
3.6082,0.629902,0.699669,0.613609,0.61074,0.637234,0.670243,0.672604,0.684506,0.660282,0.727433
3.6084,0.630501,0.700878,0.612531,0.61017,0.638403,0.669285,0.674303,0.684718,0.663077,0.726585
3.6086,0.631697,0.701777,0.611713,0.611349,0.639942,0.667715,0.676918,0.684064,0.666209,0.725373
3.6088,0.63224,0.701763,0.611742,0.613656,0.640878,0.666623,0.678732,0.683222,0.668294,0.724338
3.609,0.63148,0.701266,0.612326,0.615861,0.640035,0.666781,0.678433,0.682232,0.667862,0.72396
3.6092,0.629726,0.701192,0.61248,0.61672,0.637492,0.667907,0.678357,0.681593,0.665701,0.724342
3.6094,0.628816,0.701852,0.611991,0.616192,0.63484,0.669104,0.6795,0.682235,0.663857,0.7251
3.6096,0.62966,0.702907,0.611133,0.615412,0.633224,0.669565,0.680874,0.683693,0.664011,0.726516
3.6098,0.631412,0.703923,0.610399,0.61553,0.633371,0.66911,0.68116,0.684495,0.666427,0.727812
3.61,0.633774,0.704483,0.610446,0.617111,0.635012,0.668473,0.680025,0.684015,0.670022,0.72803
3.6102,0.634916,0.704669,0.611285,0.619996,0.636691,0.668231,0.678039,0.683315,0.67258,0.727164
3.6104,0.633611,0.704932,0.612342,0.622941,0.636578,0.668837,0.677841,0.683167,0.673265,0.725795
3.6106,0.630683,0.705596,0.612853,0.624328,0.634719,0.670148,0.679564,0.683517,0.67208,0.72507
3.6108,0.627826,0.706391,0.61302,0.623904,0.632798,0.67159,0.681504,0.684496,0.670734,0.725508
3.611,0.627227,0.706773,0.612319,0.622791,0.633471,0.672315,0.680956,0.685319,0.670722,0.726615
3.6112,0.629326,0.707212,0.610874,0.622682,0.636486,0.671544,0.679281,0.685325,0.672555,0.727969
3.6114,0.633807,0.707859,0.609792,0.623659,0.639264,0.669658,0.677056,0.684326,0.675432,0.728948
3.6116,0.637346,0.708578,0.609588,0.625369,0.640037,0.668027,0.675923,0.68448,0.677863,0.72961
3.6118,0.636746,0.709195,0.610021,0.626639,0.638788,0.667565,0.676287,0.685769,0.678804,0.72994
3.612,0.632262,0.709715,0.610568,0.627101,0.63692,0.66822,0.676778,0.687112,0.678022,0.730461
3.6122,0.627301,0.710316,0.61048,0.627325,0.635246,0.668896,0.675589,0.687066,0.676336,0.731286
3.6124,0.625547,0.710893,0.610041,0.627519,0.635027,0.668777,0.67338,0.685791,0.675472,0.732632
3.6126,0.628792,0.710926,0.609734,0.627935,0.635794,0.667386,0.67151,0.684622,0.676196,0.733843
3.6128,0.634662,0.710965,0.609766,0.628456,0.636534,0.665448,0.670992,0.684814,0.678013,0.734261
3.613,0.638535,0.711306,0.61024,0.628865,0.636358,0.664237,0.671404,0.685948,0.67987,0.733839
3.6132,0.63766,0.711691,0.610765,0.629165,0.635399,0.663984,0.671623,0.687512,0.681062,0.732999
3.6134,0.634545,0.712177,0.611402,0.629561,0.633855,0.663615,0.671027,0.688206,0.681339,0.732278
3.6136,0.63255,0.712612,0.61174,0.629914,0.632603,0.662712,0.670047,0.687463,0.680694,0.732054
3.6138,0.63204,0.712329,0.611861,0.629889,0.632241,0.661476,0.669827,0.686099,0.680231,0.73251
3.614,0.633562,0.711938,0.611698,0.629434,0.634041,0.660319,0.671045,0.685934,0.68022,0.733231
3.6142,0.636163,0.712292,0.612253,0.629425,0.636982,0.658939,0.673292,0.687155,0.68051,0.733788
3.6144,0.637332,0.713341,0.613732,0.629842,0.638401,0.657389,0.675046,0.688356,0.680958,0.73423
3.6146,0.636333,0.714193,0.614979,0.629864,0.637623,0.656031,0.674918,0.688474,0.681368,0.734109
3.6148,0.635814,0.714372,0.614832,0.629306,0.636632,0.654996,0.674378,0.687757,0.681913,0.733437
3.615,0.636821,0.71396,0.613227,0.628264,0.636176,0.65412,0.675462,0.68679,0.682578,0.732678
3.6152,0.638139,0.713344,0.611042,0.627003,0.63613,0.65318,0.678143,0.686809,0.68283,0.732213
3.6154,0.638701,0.713425,0.609402,0.625361,0.636433,0.652319,0.680495,0.687948,0.682355,0.732513
3.6156,0.638616,0.714453,0.609536,0.624129,0.636773,0.651902,0.682488,0.689188,0.681813,0.733396
3.6158,0.637472,0.715389,0.611077,0.623506,0.63676,0.651903,0.68394,0.689968,0.68146,0.734166
3.616,0.636137,0.71537,0.612915,0.623306,0.636636,0.651981,0.685385,0.690138,0.682216,0.734596
3.6162,0.636726,0.714409,0.613423,0.622764,0.636888,0.651927,0.68785,0.690002,0.683962,0.734438
3.6164,0.638832,0.713144,0.61218,0.622145,0.637484,0.651738,0.690587,0.689911,0.685476,0.733755
3.6166,0.640323,0.712319,0.610096,0.621093,0.637785,0.65153,0.692703,0.689663,0.685549,0.733198
3.6168,0.640347,0.712284,0.608328,0.619361,0.637413,0.651356,0.694727,0.689245,0.684273,0.733
3.617,0.63915,0.712815,0.607924,0.617254,0.636674,0.651518,0.696663,0.688981,0.682317,0.733376
3.6172,0.63682,0.713207,0.608775,0.6155,0.635944,0.652185,0.698302,0.68893,0.68105,0.733774
3.6174,0.635521,0.712903,0.610124,0.614721,0.635649,0.652852,0.700463,0.689162,0.681382,0.733369
3.6176,0.637075,0.711721,0.610901,0.614665,0.636423,0.652881,0.70267,0.68917,0.682547,0.732356
3.6178,0.639897,0.709911,0.610631,0.615284,0.638025,0.652065,0.703469,0.688827,0.683449,0.73093
3.618,0.640974,0.70804,0.609778,0.616258,0.639255,0.650859,0.702201,0.688253,0.68368,0.729875
3.6182,0.639314,0.706705,0.609152,0.616692,0.639215,0.650143,0.69989,0.687649,0.683176,0.72966
3.6184,0.63607,0.70607,0.609243,0.616324,0.638024,0.650478,0.698458,0.687514,0.682497,0.72993
3.6186,0.632946,0.706227,0.61008,0.615431,0.636618,0.651677,0.699329,0.688208,0.682348,0.730067
3.6188,0.631574,0.706104,0.611307,0.614804,0.63597,0.652984,0.70173,0.689099,0.682871,0.729256
3.619,0.632685,0.705138,0.612353,0.615026,0.636501,0.653674,0.703919,0.689226,0.684165,0.72774
3.6192,0.634898,0.703263,0.612818,0.616045,0.637677,0.653584,0.70285,0.688235,0.684902,0.726204
3.6194,0.635927,0.700949,0.612715,0.617159,0.638444,0.653056,0.699184,0.686717,0.684261,0.72516
3.6196,0.634121,0.699223,0.612668,0.617513,0.638674,0.652667,0.695495,0.686144,0.682851,0.724709
3.6198,0.630504,0.698602,0.613165,0.616967,0.638486,0.652776,0.693885,0.686704,0.681501,0.724579
3.62,0.627094,0.699008,0.613959,0.616435,0.638291,0.653477,0.695296,0.688003,0.68148,0.724209
3.6202,0.626037,0.699262,0.614597,0.616567,0.6381,0.654183,0.697897,0.688363,0.682803,0.723277
3.6204,0.627381,0.698432,0.614784,0.617207,0.637587,0.654311,0.698438,0.687519,0.685076,0.721907
3.6206,0.62913,0.696647,0.614594,0.617909,0.636956,0.653811,0.69572,0.686519,0.686571,0.720511
3.6208,0.629481,0.694646,0.614454,0.618186,0.636376,0.65293,0.691397,0.686187,0.68593,0.719669
3.621,0.627995,0.693185,0.614781,0.617836,0.635603,0.652345,0.68838,0.686723,0.684592,0.719534
3.6212,0.625612,0.692642,0.615562,0.617229,0.634536,0.652013,0.688432,0.688398,0.683543,0.719797
3.6214,0.623782,0.692851,0.616424,0.617007,0.633688,0.652061,0.690119,0.690307,0.683083,0.720108
3.6216,0.623404,0.6932,0.61702,0.617445,0.633445,0.652327,0.690806,0.691052,0.683594,0.72013
3.6218,0.624364,0.693448,0.617115,0.618313,0.633688,0.652459,0.689758,0.690905,0.684614,0.719828
3.622,0.625674,0.693763,0.616658,0.619156,0.633879,0.651974,0.6881,0.690478,0.684861,0.71937
3.6222,0.62637,0.693929,0.615942,0.619361,0.633304,0.650711,0.687032,0.689924,0.684697,0.718894
3.6224,0.626539,0.693693,0.615522,0.618565,0.632245,0.649702,0.687563,0.689671,0.684906,0.718857
3.6226,0.626147,0.692932,0.615761,0.617402,0.631174,0.649571,0.689597,0.68952,0.685356,0.71968
3.6228,0.625259,0.692098,0.616235,0.617058,0.630546,0.650317,0.691154,0.689388,0.685585,0.720609
3.623,0.624569,0.691478,0.616604,0.617629,0.630065,0.650887,0.691327,0.689169,0.685207,0.720961
3.6232,0.62421,0.691996,0.616948,0.617914,0.629415,0.65044,0.691501,0.688407,0.684236,0.720348
3.6234,0.624264,0.6931,0.617088,0.616783,0.62854,0.6494,0.692095,0.687032,0.683292,0.718876
3.6236,0.624595,0.69371,0.617103,0.615417,0.627986,0.648511,0.692563,0.685201,0.683784,0.71734
3.6238,0.62546,0.693305,0.616631,0.615332,0.628059,0.648235,0.692887,0.683532,0.686061,0.716187
3.624,0.627051,0.692098,0.615757,0.616887,0.62853,0.648523,0.693302,0.684197,0.688795,0.715399
3.6242,0.628141,0.69109,0.614827,0.61918,0.62902,0.649069,0.693277,0.686011,0.690315,0.715599
3.6244,0.628234,0.691148,0.614581,0.620737,0.62925,0.649649,0.693435,0.686776,0.68931,0.715896
3.6246,0.627508,0.692744,0.615043,0.620858,0.629031,0.65011,0.694234,0.685908,0.686679,0.71558
3.6248,0.626539,0.694926,0.615459,0.619821,0.628626,0.650491,0.695332,0.683438,0.684406,0.714999
3.625,0.626293,0.696716,0.615623,0.618273,0.628384,0.650844,0.696606,0.680408,0.683994,0.713953
3.6252,0.627173,0.697635,0.615218,0.617513,0.628625,0.651059,0.698282,0.678237,0.685454,0.712804
3.6254,0.628718,0.697958,0.614507,0.61831,0.629207,0.651396,0.700165,0.677548,0.687499,0.712144
3.6256,0.629395,0.69776,0.613793,0.62025,0.629686,0.652019,0.701609,0.677675,0.688202,0.711719
3.6258,0.629021,0.697847,0.613435,0.622246,0.629771,0.652899,0.702232,0.6778,0.686922,0.711784
3.626,0.62849,0.698284,0.613998,0.622994,0.629498,0.653889,0.702126,0.677141,0.684564,0.711933
3.6262,0.628394,0.698927,0.615877,0.622556,0.629219,0.654875,0.70179,0.676498,0.683444,0.711513
3.6264,0.628632,0.69978,0.617723,0.622338,0.629221,0.655733,0.701626,0.677178,0.68501,0.710831
3.6266,0.629526,0.70052,0.618281,0.623696,0.629533,0.655999,0.701362,0.678325,0.68701,0.710394
3.6268,0.630832,0.700865,0.617502,0.625909,0.630013,0.65598,0.700463,0.678877,0.687705,0.710475
3.627,0.631268,0.701471,0.616364,0.627191,0.630357,0.656311,0.699274,0.678721,0.686308,0.711549
3.6272,0.631049,0.702375,0.615832,0.627264,0.630379,0.657026,0.698159,0.678392,0.682948,0.712958
3.6274,0.630911,0.703243,0.616147,0.626898,0.63026,0.657799,0.698559,0.678309,0.679697,0.714034
3.6276,0.630922,0.703697,0.616918,0.626956,0.630611,0.658036,0.698318,0.678568,0.677876,0.714454
3.6278,0.631307,0.703599,0.617639,0.627788,0.631321,0.657788,0.69655,0.679432,0.678793,0.714255
3.628,0.631677,0.702967,0.617941,0.629193,0.631613,0.657342,0.693953,0.6799,0.681643,0.714245
3.6282,0.631351,0.702172,0.617794,0.630327,0.6312,0.657007,0.692469,0.679619,0.683089,0.714748
3.6284,0.630482,0.701447,0.617497,0.630678,0.630043,0.65715,0.691044,0.678925,0.681868,0.715492
3.6286,0.629381,0.70078,0.61726,0.630094,0.628483,0.657826,0.68961,0.678736,0.679225,0.716268
3.6288,0.627952,0.700103,0.617093,0.629179,0.627361,0.658501,0.68839,0.679518,0.677643,0.716816
3.629,0.626696,0.70016,0.616873,0.628739,0.627411,0.658655,0.687579,0.680361,0.678518,0.717449
3.6292,0.627674,0.70045,0.61654,0.629814,0.62868,0.658298,0.686371,0.680193,0.681006,0.718592
3.6294,0.630284,0.700806,0.616172,0.631966,0.629626,0.657798,0.684318,0.67966,0.683228,0.719709
3.6296,0.632086,0.700671,0.61599,0.633864,0.629154,0.657631,0.682156,0.679419,0.683505,0.720691
3.6298,0.632479,0.699593,0.616152,0.634692,0.62744,0.658091,0.681179,0.680225,0.681948,0.720998
3.63,0.63191,0.698169,0.616528,0.634226,0.625051,0.659041,0.681329,0.681488,0.680205,0.721026
3.6302,0.630953,0.696731,0.616744,0.633319,0.623452,0.660089,0.681739,0.682118,0.679589,0.721173
3.6304,0.630294,0.695928,0.616461,0.632943,0.623282,0.660765,0.681754,0.681711,0.680194,0.722022
3.6306,0.630583,0.695707,0.615761,0.634051,0.624782,0.660763,0.681558,0.681031,0.681327,0.723237
3.6308,0.631007,0.696059,0.615271,0.635805,0.62629,0.660105,0.68218,0.680466,0.682509,0.724446
3.631,0.631282,0.696521,0.615226,0.637312,0.626159,0.659462,0.683943,0.679817,0.68271,0.725419
3.6312,0.631986,0.695981,0.615574,0.637988,0.624713,0.6594,0.685631,0.679379,0.682002,0.725915
3.6314,0.632778,0.694409,0.616034,0.637338,0.623343,0.659692,0.686537,0.679067,0.681107,0.726034
3.6316,0.632846,0.692395,0.615786,0.635712,0.622763,0.659835,0.686913,0.678516,0.680657,0.725855
3.6318,0.632152,0.690811,0.614965,0.634252,0.623538,0.659059,0.686534,0.677604,0.680864,0.725837
3.632,0.630949,0.690173,0.614138,0.633982,0.625398,0.658142,0.68608,0.676311,0.681559,0.726419
3.6322,0.629917,0.690341,0.613795,0.635039,0.627118,0.657477,0.686221,0.675227,0.682027,0.727363
3.6324,0.629293,0.690794,0.613769,0.63657,0.628238,0.656633,0.687058,0.674849,0.682226,0.72839
3.6326,0.629218,0.691024,0.613946,0.63738,0.628338,0.655477,0.688793,0.675079,0.682862,0.729084
3.6328,0.630321,0.690844,0.613735,0.636911,0.627642,0.654238,0.690716,0.675377,0.683256,0.7291
3.633,0.631675,0.690419,0.613619,0.635344,0.627637,0.652778,0.691648,0.675463,0.682912,0.728956
3.6332,0.632367,0.69001,0.613578,0.633832,0.628721,0.65136,0.691838,0.67546,0.682495,0.728932
3.6334,0.631977,0.689759,0.613092,0.633185,0.630242,0.65024,0.692301,0.675465,0.682117,0.729391
3.6336,0.630679,0.68955,0.612332,0.633442,0.631526,0.649753,0.694029,0.675541,0.68186,0.730089
3.6338,0.629592,0.689525,0.611651,0.633959,0.631776,0.649314,0.696682,0.675693,0.682227,0.730414
3.634,0.629676,0.689934,0.611141,0.634,0.631004,0.649066,0.698682,0.675969,0.68268,0.730231
3.6342,0.631094,0.69058,0.61081,0.633456,0.630099,0.64905,0.700146,0.676128,0.682807,0.729417
3.6344,0.632941,0.690904,0.610581,0.632494,0.629905,0.648698,0.700444,0.675966,0.682704,0.72891
3.6346,0.633345,0.690558,0.610372,0.631721,0.630817,0.647636,0.69916,0.675547,0.682245,0.72882
3.6348,0.631799,0.689593,0.610233,0.631276,0.632151,0.64627,0.697149,0.675048,0.681504,0.72937
3.635,0.629313,0.6885,0.610359,0.631182,0.632822,0.645374,0.696,0.674746,0.680939,0.730193
3.6352,0.62761,0.687927,0.610832,0.631551,0.632992,0.645194,0.696113,0.674864,0.680487,0.730586
3.6354,0.62775,0.688167,0.611442,0.631487,0.633011,0.645493,0.696901,0.675382,0.680438,0.730177
3.6356,0.629357,0.688886,0.611874,0.630786,0.632739,0.645811,0.697342,0.675979,0.680758,0.729178
3.6358,0.631485,0.689383,0.611915,0.629917,0.632686,0.645829,0.696026,0.676385,0.681183,0.728092
3.636,0.632334,0.689113,0.611546,0.629306,0.633523,0.64557,0.692879,0.676571,0.681736,0.727147
3.6362,0.630852,0.687988,0.611126,0.628769,0.634261,0.645182,0.689099,0.676436,0.682164,0.726761
3.6364,0.628572,0.686496,0.611422,0.62834,0.633963,0.645052,0.686616,0.675886,0.681956,0.726622
3.6366,0.626696,0.685562,0.612491,0.628354,0.633068,0.64586,0.686987,0.675937,0.681407,0.726394
3.6368,0.625994,0.685511,0.613622,0.628317,0.63211,0.647178,0.689292,0.676552,0.680827,0.726135
3.637,0.626418,0.685654,0.614344,0.628149,0.631699,0.64806,0.689764,0.677317,0.680749,0.725655
3.6372,0.627078,0.685406,0.614343,0.62822,0.632257,0.647737,0.686293,0.677225,0.681491,0.725052
3.6374,0.627198,0.684206,0.613743,0.628555,0.633701,0.646513,0.681052,0.676058,0.682232,0.724448
3.6376,0.626655,0.682302,0.61315,0.628567,0.63488,0.645344,0.677362,0.674332,0.682092,0.723816
3.6378,0.626237,0.680566,0.613115,0.628144,0.635395,0.645137,0.676468,0.672726,0.681001,0.72343
3.638,0.626138,0.679709,0.613722,0.627583,0.635127,0.646101,0.677351,0.672325,0.679493,0.723398
3.6382,0.625876,0.679756,0.614618,0.627714,0.634599,0.647698,0.678097,0.672907,0.678473,0.723535
3.6384,0.625871,0.67984,0.615289,0.62826,0.634178,0.649024,0.677342,0.673103,0.678653,0.723572
3.6386,0.625957,0.679541,0.615307,0.628963,0.634416,0.649503,0.675376,0.672008,0.679872,0.723592
3.6388,0.626399,0.678392,0.614677,0.629162,0.63523,0.649141,0.673723,0.670177,0.681139,0.723355
3.639,0.626961,0.676514,0.613961,0.628429,0.636126,0.648366,0.673834,0.668755,0.681355,0.723001
3.6392,0.626909,0.674677,0.613697,0.626947,0.636578,0.64778,0.675853,0.667809,0.680073,0.722949
3.6394,0.626314,0.673511,0.613906,0.626127,0.636149,0.647752,0.678507,0.667106,0.678065,0.722742
3.6396,0.625967,0.673041,0.614479,0.626543,0.635222,0.648349,0.679351,0.666892,0.676628,0.72221
3.6398,0.625868,0.673275,0.614869,0.627884,0.635034,0.649007,0.679173,0.666927,0.676276,0.721135
3.64,0.625736,0.674407,0.615301,0.62901,0.635889,0.648964,0.679845,0.667096,0.676827,0.720439
3.6402,0.625471,0.67628,0.616257,0.629421,0.637172,0.648137,0.681535,0.666979,0.677724,0.720303
3.6404,0.625067,0.677899,0.61677,0.629049,0.638862,0.646996,0.682852,0.666218,0.677779,0.720214
3.6406,0.624722,0.678426,0.61633,0.628836,0.640575,0.646269,0.682657,0.665306,0.676248,0.719584
3.6408,0.624808,0.678012,0.6151,0.628996,0.641336,0.646817,0.681657,0.664898,0.674046,0.71817
3.641,0.625349,0.677826,0.613567,0.629749,0.640828,0.647727,0.681773,0.66512,0.672374,0.71667
3.6412,0.625993,0.678988,0.612535,0.630366,0.639829,0.648112,0.683178,0.665703,0.671358,0.715584
3.6414,0.626356,0.681155,0.612218,0.631052,0.639413,0.647555,0.685021,0.667048,0.671787,0.715447
3.6416,0.62672,0.682877,0.61234,0.631953,0.639697,0.646522,0.6866,0.668446,0.673745,0.716744
3.6418,0.627647,0.683545,0.61244,0.632382,0.640711,0.645299,0.687779,0.669119,0.674597,0.718012
3.642,0.628349,0.68375,0.612338,0.632333,0.642052,0.644884,0.689018,0.669105,0.673381,0.718257
3.6422,0.627981,0.684112,0.611809,0.631934,0.642587,0.645202,0.69023,0.669384,0.670735,0.717112
3.6424,0.62659,0.685394,0.610995,0.63104,0.642335,0.645523,0.691349,0.670306,0.668321,0.715205
3.6426,0.624824,0.687121,0.610233,0.629995,0.641484,0.64544,0.692563,0.671068,0.667336,0.713868
3.6428,0.623566,0.688126,0.609697,0.629312,0.640919,0.645012,0.693014,0.67159,0.667712,0.714114
3.643,0.623555,0.687721,0.609685,0.630872,0.641117,0.644301,0.692871,0.672179,0.668396,0.715324
3.6432,0.625399,0.686427,0.610218,0.633734,0.642148,0.643525,0.69245,0.67315,0.668489,0.716585
3.6434,0.628784,0.685501,0.611016,0.635223,0.643563,0.643068,0.692221,0.674555,0.667883,0.717149
3.6436,0.630614,0.686144,0.611694,0.634696,0.644952,0.643255,0.694311,0.676058,0.667009,0.716949
3.6438,0.629567,0.688518,0.611969,0.632046,0.645232,0.644017,0.696946,0.677726,0.666422,0.71683
3.644,0.62663,0.691222,0.611812,0.628736,0.64418,0.645011,0.696552,0.679035,0.666281,0.717086
3.6442,0.62315,0.692906,0.611437,0.626607,0.642421,0.645844,0.693435,0.679006,0.666533,0.717672
3.6444,0.621107,0.693053,0.611734,0.625856,0.641544,0.646213,0.690674,0.67861,0.666742,0.718653
3.6446,0.620956,0.692541,0.612957,0.626283,0.642131,0.645983,0.690124,0.678603,0.666522,0.719907
3.6448,0.622214,0.692391,0.614314,0.627063,0.643539,0.645587,0.692568,0.679853,0.666117,0.720688
3.645,0.623343,0.693108,0.614984,0.626985,0.644589,0.645752,0.694774,0.68135,0.666062,0.720987
3.6452,0.62348,0.694356,0.614796,0.625961,0.644608,0.646699,0.696351,0.682461,0.666481,0.720706
3.6454,0.623234,0.695475,0.614032,0.624426,0.644091,0.647971,0.696719,0.682366,0.666951,0.72052
3.6456,0.622576,0.695705,0.613556,0.622937,0.643829,0.649233,0.69446,0.681264,0.667068,0.720799
3.6458,0.621784,0.695392,0.614012,0.621959,0.643771,0.649633,0.691868,0.680347,0.666601,0.721584
3.646,0.62113,0.695546,0.615028,0.622017,0.643728,0.649598,0.691578,0.680478,0.665716,0.722806
3.6462,0.620766,0.696235,0.615786,0.622664,0.64389,0.649471,0.692733,0.68144,0.665051,0.724185
3.6464,0.620566,0.696974,0.615842,0.623156,0.643999,0.650106,0.694024,0.682524,0.665264,0.725164
3.6466,0.620341,0.697298,0.615219,0.623076,0.644089,0.651097,0.693673,0.682301,0.666319,0.725572
3.6468,0.619995,0.697396,0.61434,0.622491,0.643609,0.652305,0.692129,0.680199,0.667599,0.725685
3.647,0.619654,0.697174,0.613903,0.621713,0.642629,0.653017,0.690965,0.677451,0.668441,0.725566
3.6472,0.619521,0.697572,0.614416,0.621123,0.641971,0.65335,0.691404,0.675686,0.668478,0.726291
3.6474,0.619647,0.698395,0.615306,0.621137,0.642195,0.653979,0.693268,0.675466,0.667826,0.727184
3.6476,0.61996,0.699211,0.615985,0.62205,0.643383,0.654365,0.695464,0.675935,0.66699,0.727682
3.6478,0.619983,0.699078,0.615562,0.623328,0.644543,0.653874,0.696456,0.675969,0.666905,0.728075
3.648,0.619859,0.69803,0.613903,0.623989,0.644766,0.65307,0.695807,0.674725,0.667555,0.727969
3.6482,0.620075,0.696645,0.611907,0.623711,0.644187,0.652397,0.695188,0.672986,0.667901,0.727738
3.6484,0.620765,0.695872,0.610807,0.622883,0.643254,0.652436,0.695846,0.671623,0.667294,0.727881
3.6486,0.62119,0.696284,0.611051,0.622101,0.642414,0.653055,0.697136,0.671115,0.665608,0.728174
3.6488,0.621066,0.69733,0.612073,0.622067,0.642035,0.653966,0.698377,0.671205,0.663588,0.728611
3.649,0.620229,0.698569,0.613141,0.622835,0.642225,0.654722,0.699159,0.671361,0.662336,0.729148
3.6492,0.619223,0.698942,0.613227,0.623556,0.642775,0.655162,0.699029,0.671251,0.662596,0.729337
3.6494,0.618837,0.698547,0.612409,0.623592,0.643173,0.655777,0.699643,0.670966,0.663292,0.729541
3.6496,0.619257,0.697904,0.611022,0.62287,0.64289,0.656175,0.701832,0.670918,0.663529,0.729775
3.6498,0.619989,0.697003,0.609822,0.621957,0.642537,0.656243,0.704099,0.67135,0.662644,0.730425
3.65,0.620463,0.696295,0.609299,0.621512,0.642354,0.655928,0.705075,0.672178,0.660736,0.731781
3.6502,0.620413,0.696062,0.60924,0.621726,0.642268,0.655538,0.704466,0.673106,0.658545,0.733117
3.6504,0.619684,0.696025,0.609359,0.622586,0.642452,0.655846,0.704095,0.673457,0.657385,0.733296
3.6506,0.618619,0.696115,0.609397,0.623625,0.642465,0.656767,0.704732,0.6734,0.657407,0.732628
3.6508,0.618178,0.695963,0.609142,0.62421,0.642289,0.657341,0.706541,0.673882,0.658399,0.73123
3.651,0.618982,0.695657,0.608781,0.624286,0.642167,0.657631,0.708495,0.674755,0.659022,0.729887
3.6512,0.620514,0.69511,0.608536,0.624249,0.642022,0.65763,0.708637,0.67532,0.658391,0.729837
3.6514,0.621109,0.694739,0.608463,0.624593,0.642098,0.657769,0.70744,0.675218,0.656992,0.730872
3.6516,0.620167,0.694404,0.608503,0.624801,0.641802,0.65781,0.707015,0.674536,0.655731,0.732148
3.6518,0.617885,0.694463,0.608611,0.625055,0.641037,0.658255,0.707306,0.673733,0.655251,0.733052
3.652,0.616173,0.694546,0.608762,0.62533,0.640153,0.659002,0.708554,0.67344,0.655614,0.732477
3.6522,0.61575,0.694558,0.608933,0.625871,0.639776,0.659722,0.709868,0.673912,0.65641,0.73087
3.6524,0.616164,0.694943,0.609108,0.62682,0.639906,0.659682,0.711421,0.6748,0.657016,0.729213
3.6526,0.616495,0.695342,0.609217,0.627372,0.640139,0.658697,0.713771,0.675573,0.657103,0.728093
3.6528,0.615713,0.695105,0.609217,0.626755,0.639987,0.657612,0.714377,0.675898,0.656799,0.728187
3.653,0.613656,0.694371,0.609315,0.62558,0.63921,0.657209,0.713249,0.675642,0.656556,0.729028
3.6532,0.611358,0.693637,0.609633,0.624609,0.637843,0.657525,0.712229,0.674959,0.65679,0.729434
3.6534,0.610032,0.69316,0.610326,0.624535,0.636742,0.658342,0.712646,0.674432,0.657628,0.728911
3.6536,0.609867,0.693231,0.611273,0.625324,0.636526,0.659033,0.714093,0.674477,0.658423,0.727647
3.6538,0.610535,0.693644,0.612082,0.626528,0.637087,0.65928,0.714431,0.674719,0.658614,0.726206
3.654,0.610972,0.694074,0.612444,0.627175,0.637938,0.658864,0.714414,0.674426,0.658138,0.725392
3.6542,0.610521,0.693958,0.612198,0.627183,0.638552,0.65812,0.714858,0.673179,0.657583,0.725229
3.6544,0.609449,0.69311,0.611619,0.626293,0.638269,0.657463,0.715056,0.671726,0.657651,0.724891
3.6546,0.608531,0.692128,0.611261,0.625488,0.637515,0.657247,0.715388,0.670393,0.658468,0.724368
3.6548,0.608208,0.691587,0.611507,0.625457,0.636928,0.657524,0.71576,0.669474,0.659581,0.723213
3.655,0.60849,0.691668,0.612103,0.626117,0.636583,0.657978,0.715423,0.669112,0.660482,0.722233
3.6552,0.609048,0.692304,0.613029,0.626593,0.636762,0.658162,0.715594,0.669042,0.660906,0.72213
3.6554,0.609547,0.692813,0.613867,0.625928,0.637048,0.657694,0.716531,0.668839,0.660817,0.723122
3.6556,0.609902,0.692439,0.614417,0.624767,0.637129,0.657602,0.717469,0.667906,0.660546,0.72405
3.6558,0.609896,0.692201,0.614414,0.624387,0.637364,0.658143,0.7178,0.666179,0.660534,0.72417
3.656,0.609589,0.692505,0.613883,0.62483,0.63749,0.65872,0.716771,0.664297,0.660823,0.722709
3.6562,0.609213,0.69265,0.613316,0.625774,0.637236,0.658944,0.715802,0.663274,0.661097,0.720299
3.6564,0.609474,0.692283,0.613135,0.626575,0.636704,0.658597,0.715705,0.663203,0.660897,0.718585
3.6566,0.610595,0.691407,0.613338,0.626814,0.636136,0.658184,0.717373,0.663285,0.660106,0.71863
3.6568,0.611746,0.690166,0.614173,0.626794,0.635929,0.65804,0.718979,0.662736,0.658686,0.720329
3.657,0.612071,0.689437,0.615478,0.626593,0.636187,0.658367,0.719142,0.661875,0.657721,0.722256
3.6572,0.612317,0.690106,0.616848,0.626318,0.636756,0.65904,0.717473,0.661327,0.657766,0.722983
3.6574,0.612978,0.691747,0.617307,0.625955,0.637358,0.659864,0.715312,0.661385,0.65806,0.72205
3.6576,0.613634,0.69297,0.616975,0.625654,0.638022,0.659979,0.713953,0.66202,0.657996,0.720403
3.6578,0.613785,0.693102,0.616705,0.625653,0.638243,0.659454,0.71491,0.662989,0.656974,0.719334
3.658,0.613781,0.692392,0.616804,0.625913,0.638118,0.658777,0.716279,0.664124,0.655567,0.71943
3.6582,0.613711,0.691425,0.617,0.6264,0.637698,0.658903,0.717256,0.665098,0.654544,0.720451
3.6584,0.614161,0.69101,0.617152,0.626472,0.637471,0.659812,0.716628,0.665423,0.654246,0.721454
3.6586,0.614694,0.692117,0.617092,0.626285,0.637498,0.660322,0.714514,0.665082,0.654669,0.721613
3.6588,0.615089,0.695218,0.616747,0.625852,0.63792,0.660396,0.713583,0.664819,0.654751,0.720789
3.659,0.616009,0.698272,0.616598,0.624944,0.638507,0.660374,0.713934,0.665333,0.653939,0.719856
3.6592,0.617333,0.698703,0.616874,0.623996,0.63861,0.660777,0.713772,0.666636,0.65252,0.719273
3.6594,0.618639,0.696145,0.617779,0.623293,0.63834,0.661319,0.713536,0.668276,0.651207,0.72032
3.6596,0.619429,0.691976,0.619264,0.623546,0.63797,0.662448,0.714469,0.669997,0.650561,0.721683
3.6598,0.619258,0.688805,0.620147,0.625393,0.63791,0.663995,0.714822,0.671369,0.651585,0.72246
3.66,0.619024,0.688731,0.620171,0.627773,0.638204,0.665551,0.714927,0.672327,0.653862,0.722643
3.6602,0.619206,0.691427,0.61967,0.628136,0.638632,0.66624,0.714711,0.672634,0.655547,0.721917
3.6604,0.620508,0.695076,0.619478,0.625539,0.63897,0.665467,0.714969,0.672753,0.655777,0.721289
3.6606,0.622471,0.696521,0.619637,0.621474,0.638992,0.664257,0.716683,0.672762,0.655155,0.720759
3.6608,0.624335,0.694743,0.620137,0.618061,0.63873,0.663814,0.718447,0.672931,0.654703,0.719993
3.661,0.625372,0.690743,0.620494,0.61716,0.638678,0.664276,0.718932,0.673346,0.655052,0.719924
3.6612,0.625186,0.686805,0.621012,0.619914,0.638641,0.665308,0.718169,0.674475,0.656363,0.719888
3.6614,0.62476,0.685275,0.621547,0.624183,0.638809,0.666176,0.716617,0.675583,0.657708,0.719594
3.6616,0.624412,0.686541,0.621959,0.626035,0.639201,0.666221,0.716347,0.675757,0.658399,0.719398
3.6618,0.624421,0.688768,0.621973,0.62391,0.639454,0.66592,0.718104,0.675549,0.658195,0.71902
3.662,0.625055,0.690685,0.621968,0.620181,0.639133,0.665789,0.72027,0.675659,0.657999,0.718747
3.6622,0.625754,0.691943,0.621811,0.617708,0.638434,0.665969,0.72241,0.676181,0.658632,0.718579
3.6624,0.625979,0.691889,0.62134,0.617616,0.637805,0.666537,0.722487,0.676923,0.659457,0.71828
3.6626,0.626253,0.690841,0.620835,0.619442,0.637793,0.666988,0.720573,0.677806,0.659605,0.718339
3.6628,0.626678,0.689754,0.620682,0.621276,0.638886,0.667381,0.720078,0.678609,0.659323,0.718773
3.663,0.627266,0.689477,0.620963,0.621483,0.640316,0.667399,0.722243,0.678951,0.65863,0.719329
3.6632,0.628178,0.690236,0.621789,0.620601,0.641054,0.667349,0.726429,0.678857,0.658636,0.720086
3.6634,0.628723,0.691462,0.622487,0.619946,0.641044,0.667649,0.72855,0.678655,0.659676,0.720814
3.6636,0.628646,0.692177,0.622594,0.619606,0.640492,0.667708,0.728187,0.678473,0.661561,0.721193
3.6638,0.628579,0.691861,0.622013,0.619647,0.639821,0.66746,0.728137,0.678565,0.663091,0.721227
3.664,0.62855,0.69103,0.620787,0.620342,0.63955,0.667214,0.728851,0.679551,0.663631,0.721191
3.6642,0.628021,0.690567,0.619923,0.621141,0.639579,0.666582,0.729856,0.680676,0.663038,0.721549
3.6644,0.627419,0.690844,0.62003,0.621413,0.639645,0.665661,0.729374,0.681212,0.661933,0.722251
3.6646,0.627566,0.691671,0.620833,0.622795,0.639593,0.665543,0.727913,0.681259,0.661233,0.722974
3.6648,0.628027,0.692741,0.621407,0.624512,0.639172,0.66593,0.727472,0.680896,0.661706,0.72323
3.665,0.628118,0.693091,0.621824,0.625444,0.638452,0.666099,0.728276,0.680665,0.663138,0.7229
3.6652,0.628412,0.692381,0.621962,0.624945,0.638198,0.665971,0.730543,0.680854,0.664336,0.722445
3.6654,0.628657,0.691347,0.621752,0.623232,0.638558,0.665766,0.731917,0.681675,0.664537,0.72227
3.6656,0.628973,0.690885,0.621144,0.62136,0.638989,0.665471,0.732604,0.68224,0.663881,0.722573
3.6658,0.62914,0.69124,0.620656,0.620813,0.639143,0.665108,0.732768,0.682054,0.663026,0.723448
3.666,0.62932,0.692071,0.620477,0.621969,0.63938,0.664918,0.733272,0.681159,0.662702,0.724478
3.6662,0.629824,0.692849,0.620603,0.623826,0.639626,0.664974,0.733677,0.680929,0.663207,0.725219
3.6664,0.629895,0.693046,0.620968,0.625115,0.639538,0.664749,0.733421,0.68154,0.664054,0.725508
3.6666,0.629202,0.692366,0.621978,0.625245,0.639161,0.664917,0.733054,0.682452,0.664923,0.725307
3.6668,0.627765,0.691466,0.622945,0.624139,0.638651,0.665898,0.733031,0.683114,0.665555,0.72495
3.667,0.626759,0.69139,0.622937,0.622894,0.637929,0.666645,0.732927,0.682524,0.665612,0.724764
3.6672,0.626506,0.691858,0.621796,0.622434,0.637341,0.666512,0.731966,0.680879,0.66553,0.724667
3.6674,0.62639,0.692221,0.620254,0.623082,0.637538,0.665533,0.730891,0.679667,0.665378,0.724388
3.6676,0.626559,0.69174,0.619447,0.624261,0.638517,0.664165,0.730662,0.679357,0.66535,0.724069
3.6678,0.626867,0.690793,0.619802,0.62504,0.639305,0.663411,0.731203,0.679724,0.665291,0.7235
3.668,0.626898,0.689666,0.621132,0.624896,0.639188,0.663743,0.731777,0.680203,0.665248,0.72321
3.6682,0.626383,0.688607,0.622341,0.624353,0.637879,0.664753,0.732496,0.680525,0.665184,0.722968
3.6684,0.625696,0.687978,0.622882,0.623818,0.636088,0.666234,0.732421,0.680696,0.66514,0.722509
3.6686,0.62535,0.687323,0.622412,0.623803,0.63497,0.667582,0.732262,0.680546,0.665274,0.72155
3.6688,0.625411,0.686596,0.62127,0.624149,0.634985,0.667549,0.732357,0.680184,0.665492,0.720299
3.669,0.625786,0.685794,0.620572,0.625153,0.636329,0.666481,0.732177,0.679965,0.665636,0.71906
3.6692,0.625817,0.685268,0.620648,0.626083,0.63778,0.664973,0.732583,0.679794,0.665511,0.718277
3.6694,0.625824,0.684857,0.621494,0.626537,0.638451,0.664401,0.732775,0.679974,0.665964,0.717767
3.6696,0.625497,0.684137,0.622316,0.626833,0.637497,0.665039,0.732927,0.680372,0.666539,0.717267
3.6698,0.625552,0.682824,0.62261,0.627165,0.635541,0.665924,0.732704,0.681063,0.666747,0.716571
3.67,0.625743,0.681345,0.622586,0.627272,0.634089,0.666436,0.731637,0.681556,0.666429,0.715391
3.6702,0.625558,0.680236,0.622125,0.627539,0.634043,0.666355,0.731516,0.681554,0.666167,0.714054
3.6704,0.625114,0.679561,0.622038,0.627619,0.635033,0.665727,0.731172,0.680941,0.666592,0.712854
3.6706,0.62453,0.67922,0.622547,0.627063,0.636144,0.664624,0.73029,0.679737,0.66751,0.71198
3.6708,0.624093,0.679029,0.623172,0.626344,0.636563,0.663565,0.730586,0.678758,0.668072,0.711553
3.671,0.624046,0.678761,0.623496,0.625881,0.636048,0.662979,0.731367,0.679049,0.667972,0.711323
3.6712,0.624366,0.678324,0.623346,0.626028,0.635037,0.663001,0.731625,0.679998,0.667112,0.711104
3.6714,0.625107,0.677789,0.622917,0.626795,0.634126,0.663336,0.731988,0.680591,0.665935,0.71084
3.6716,0.625618,0.677339,0.622428,0.627634,0.633769,0.663566,0.731488,0.680186,0.665284,0.710481
3.6718,0.62584,0.677024,0.622161,0.62787,0.633816,0.663531,0.730832,0.679062,0.665505,0.710153
3.672,0.625472,0.67683,0.622638,0.627317,0.63435,0.663141,0.730973,0.677984,0.666373,0.709837
3.6722,0.624918,0.676812,0.623373,0.626438,0.63503,0.663075,0.731671,0.677625,0.667246,0.709483
3.6724,0.624681,0.676805,0.623572,0.625549,0.635628,0.663028,0.731896,0.678227,0.667576,0.709473
3.6726,0.62494,0.677264,0.62362,0.625334,0.635729,0.662826,0.731178,0.679426,0.6674,0.709888
3.6728,0.625845,0.678593,0.623564,0.62617,0.635173,0.662406,0.729087,0.680202,0.667002,0.710428
3.673,0.626686,0.680035,0.623476,0.627735,0.634243,0.662035,0.727833,0.679963,0.666557,0.710573
3.6732,0.626976,0.680572,0.623226,0.628854,0.6335,0.662229,0.728139,0.679089,0.666207,0.709957
3.6734,0.627204,0.680033,0.623289,0.628272,0.633061,0.662819,0.728324,0.678647,0.666047,0.709416
3.6736,0.627466,0.678644,0.623473,0.626782,0.633701,0.663384,0.728245,0.678702,0.666112,0.709336
3.6738,0.628299,0.67783,0.623692,0.62577,0.635145,0.663718,0.727228,0.679753,0.667146,0.709832
3.674,0.629324,0.678806,0.623925,0.625457,0.636366,0.663344,0.725787,0.680818,0.668546,0.710697
3.6742,0.629893,0.681018,0.624024,0.625779,0.63654,0.662457,0.724865,0.680845,0.669666,0.711342
3.6744,0.629442,0.683301,0.624228,0.626884,0.635641,0.661543,0.724138,0.680144,0.669721,0.711513
3.6746,0.628044,0.684274,0.624539,0.62819,0.634644,0.660926,0.724064,0.679211,0.669361,0.711142
3.6748,0.626971,0.684015,0.624937,0.628394,0.633934,0.661195,0.723691,0.679152,0.669591,0.710612
3.675,0.627451,0.68275,0.62527,0.626614,0.634134,0.661997,0.723313,0.679922,0.670384,0.710417
3.6752,0.628919,0.681708,0.625328,0.623415,0.635111,0.662434,0.723452,0.680729,0.671244,0.710709
3.6754,0.630347,0.681482,0.625002,0.620108,0.63584,0.662113,0.722434,0.681176,0.671587,0.711417
3.6756,0.631369,0.682268,0.624993,0.618351,0.636091,0.661183,0.720859,0.681079,0.671151,0.712021
3.6758,0.631944,0.683105,0.625521,0.618899,0.635918,0.66,0.71939,0.680886,0.670115,0.712482
3.676,0.631837,0.683317,0.626045,0.620783,0.635612,0.659326,0.71953,0.68043,0.668968,0.712896
3.6762,0.631502,0.683454,0.625899,0.622133,0.635708,0.659515,0.720627,0.679365,0.667933,0.713489
3.6764,0.631409,0.683425,0.625352,0.621808,0.636074,0.660645,0.721453,0.677863,0.667223,0.714025
3.6766,0.632171,0.683509,0.624663,0.620663,0.636401,0.661967,0.721754,0.67685,0.667625,0.714421
3.6768,0.633662,0.683974,0.624364,0.619265,0.6363,0.662508,0.721479,0.677044,0.668002,0.714804
3.677,0.635083,0.68517,0.624652,0.618274,0.636447,0.662267,0.720551,0.678121,0.66749,0.715176
3.6772,0.6361,0.686136,0.625213,0.61835,0.6372,0.661547,0.719424,0.678927,0.666379,0.715415
3.6774,0.63676,0.686977,0.625788,0.619514,0.637881,0.660834,0.719079,0.678717,0.665269,0.716004
3.6776,0.636937,0.687881,0.626299,0.620695,0.638277,0.660616,0.72076,0.677136,0.66485,0.716769
3.6778,0.636697,0.688858,0.626731,0.621358,0.639372,0.661581,0.722489,0.675383,0.665247,0.71765
3.678,0.636248,0.689563,0.626664,0.621201,0.640669,0.662992,0.723558,0.674234,0.665514,0.718486
3.6782,0.635818,0.689544,0.62623,0.62049,0.641053,0.663827,0.722514,0.673907,0.66479,0.718709
3.6784,0.63549,0.689231,0.625517,0.619598,0.640524,0.663992,0.721441,0.674276,0.663372,0.71875
3.6786,0.63543,0.689563,0.625082,0.619066,0.639748,0.663569,0.722773,0.674491,0.661849,0.718626
3.6788,0.636254,0.6911,0.624918,0.619379,0.639088,0.662836,0.724591,0.674408,0.661294,0.718592
3.679,0.637288,0.693682,0.625206,0.620783,0.639338,0.66212,0.724412,0.675414,0.662887,0.719402
3.6792,0.638329,0.696163,0.626004,0.622631,0.640525,0.662172,0.722457,0.676335,0.664796,0.720876
3.6794,0.639615,0.696883,0.627345,0.623213,0.641661,0.662522,0.720996,0.676083,0.665358,0.722561
3.6796,0.639902,0.695793,0.628487,0.622178,0.642357,0.66329,0.722214,0.675263,0.664588,0.724199
3.6798,0.638941,0.694269,0.628725,0.620546,0.642227,0.664072,0.724435,0.674852,0.663529,0.724808
3.68,0.637913,0.693689,0.627736,0.619966,0.641853,0.664162,0.725442,0.674961,0.663005,0.72489
3.6802,0.637071,0.694784,0.626129,0.620762,0.641936,0.664185,0.724386,0.675421,0.66319,0.72469
3.6804,0.637232,0.697306,0.624888,0.621882,0.642404,0.664685,0.721885,0.676114,0.66422,0.72473
3.6806,0.637877,0.699695,0.624862,0.622194,0.643024,0.6656,0.720833,0.676927,0.665687,0.725092
3.6808,0.63829,0.700202,0.625867,0.621568,0.643488,0.666568,0.722527,0.677702,0.667082,0.725759
3.681,0.638073,0.69892,0.627261,0.620234,0.643881,0.666955,0.724746,0.677789,0.66804,0.726449
3.6812,0.63696,0.696984,0.628479,0.619179,0.644273,0.666329,0.725937,0.677796,0.669368,0.726713
3.6814,0.635788,0.695861,0.628735,0.619265,0.644725,0.665309,0.725245,0.67829,0.670315,0.726756
3.6816,0.63536,0.696263,0.627755,0.620136,0.645355,0.664625,0.724227,0.678842,0.670091,0.726741
3.6818,0.635405,0.697494,0.626285,0.620842,0.645357,0.664464,0.723703,0.678655,0.668727,0.727019
3.682,0.63581,0.698261,0.625126,0.621155,0.644703,0.664396,0.724049,0.677936,0.667496,0.727424
3.6822,0.636458,0.697786,0.624729,0.620962,0.6436,0.664025,0.724147,0.677725,0.66715,0.728074
3.6824,0.636788,0.696287,0.625056,0.620475,0.642782,0.663368,0.723493,0.67824,0.667755,0.728355
3.6826,0.636308,0.695055,0.625652,0.619954,0.643142,0.66279,0.723111,0.67913,0.669157,0.728418
3.6828,0.63533,0.694403,0.625934,0.619767,0.643936,0.662542,0.723001,0.679737,0.670779,0.728052
3.683,0.634488,0.694806,0.625566,0.619841,0.644519,0.662634,0.723901,0.679771,0.671732,0.727887
3.6832,0.634164,0.695652,0.624661,0.61984,0.644161,0.662711,0.724768,0.679516,0.671285,0.728187
3.6834,0.63402,0.696432,0.62378,0.620689,0.642785,0.66277,0.725387,0.679244,0.669871,0.72875
3.6836,0.634051,0.696368,0.623171,0.622013,0.64159,0.662896,0.725555,0.678995,0.668798,0.729234
3.6838,0.634042,0.695494,0.622889,0.622995,0.641266,0.662978,0.726473,0.679383,0.668713,0.729361
3.684,0.633746,0.694739,0.622771,0.62301,0.641358,0.663033,0.727227,0.680049,0.669894,0.728706
3.6842,0.633416,0.694266,0.622353,0.622248,0.641458,0.66323,0.726928,0.68008,0.671684,0.727644
3.6844,0.632926,0.693639,0.621786,0.621325,0.641215,0.663181,0.725296,0.679379,0.672919,0.72699
3.6846,0.632474,0.69317,0.620984,0.62096,0.640716,0.662759,0.723918,0.678061,0.673176,0.727124
3.6848,0.632437,0.692874,0.620404,0.621506,0.640349,0.662501,0.723786,0.676841,0.672642,0.727837
3.685,0.632662,0.692798,0.620381,0.622673,0.639797,0.662246,0.723938,0.676047,0.671663,0.728513
3.6852,0.63299,0.693409,0.620927,0.623867,0.639317,0.662077,0.722592,0.676427,0.671267,0.72861
3.6854,0.633275,0.694206,0.621449,0.624595,0.639142,0.662736,0.720339,0.677437,0.671522,0.728094
3.6856,0.632962,0.694706,0.62106,0.624897,0.63919,0.664324,0.719025,0.677537,0.672505,0.72715
3.6858,0.632764,0.694216,0.619643,0.624633,0.639018,0.665523,0.717743,0.676364,0.673736,0.726475
3.686,0.632881,0.693225,0.617907,0.624595,0.638876,0.665788,0.716488,0.673956,0.675052,0.726682
3.6862,0.632696,0.692033,0.616435,0.624975,0.638912,0.665412,0.714725,0.671708,0.675849,0.727357
3.6864,0.63258,0.691254,0.616028,0.625914,0.638925,0.664467,0.713495,0.670669,0.675807,0.728087
3.6866,0.632573,0.691421,0.616795,0.626684,0.638446,0.663328,0.712,0.67136,0.675559,0.728115
3.6868,0.632842,0.692157,0.617853,0.626924,0.63761,0.663043,0.70936,0.672859,0.675286,0.726898
3.687,0.632903,0.692965,0.61842,0.62689,0.63668,0.663897,0.706508,0.673621,0.675444,0.725266
3.6872,0.632696,0.692887,0.617951,0.626757,0.636084,0.665196,0.703811,0.672592,0.675776,0.723969
3.6874,0.632485,0.691555,0.617168,0.626724,0.636326,0.665711,0.703775,0.670032,0.676216,0.723634
3.6876,0.632031,0.689623,0.616788,0.626954,0.637645,0.664956,0.705591,0.667449,0.676618,0.724474
3.6878,0.631607,0.688546,0.616834,0.626937,0.639032,0.663403,0.705894,0.66637,0.676897,0.725453
3.688,0.63144,0.688629,0.617523,0.627008,0.639343,0.662182,0.703622,0.666945,0.67657,0.725749
3.6882,0.632095,0.68987,0.618513,0.627109,0.638449,0.662165,0.700588,0.668281,0.676408,0.725378
3.6884,0.633119,0.691369,0.618965,0.627433,0.636497,0.66321,0.698198,0.66914,0.676497,0.724354
3.6886,0.634241,0.69178,0.618478,0.627318,0.635203,0.664086,0.697396,0.66895,0.676763,0.723162
3.6888,0.634746,0.69059,0.617386,0.626764,0.635472,0.664274,0.698154,0.668113,0.676931,0.722204
3.689,0.634305,0.688509,0.616686,0.626373,0.636682,0.664124,0.698907,0.667476,0.676614,0.721906
3.6892,0.633196,0.686605,0.616967,0.625946,0.637522,0.663566,0.698659,0.667413,0.676223,0.722125
3.6894,0.631895,0.685636,0.617824,0.625262,0.637684,0.662635,0.6978,0.667725,0.675638,0.722476
3.6896,0.631012,0.685402,0.618483,0.624871,0.636943,0.66212,0.696871,0.668464,0.675183,0.722277
3.6898,0.630935,0.68522,0.618454,0.625143,0.636106,0.66188,0.696612,0.669126,0.675027,0.720946
3.69,0.631224,0.684477,0.617857,0.62625,0.635932,0.661891,0.697488,0.669129,0.675118,0.719192
3.6902,0.631311,0.683501,0.617709,0.627844,0.636835,0.661863,0.698411,0.66879,0.675294,0.718343
3.6904,0.631034,0.682868,0.618467,0.628877,0.638421,0.661778,0.698747,0.669183,0.675387,0.719446
3.6906,0.63066,0.682548,0.619651,0.628868,0.63985,0.662237,0.69878,0.66991,0.67515,0.721603
3.6908,0.630658,0.682341,0.620845,0.627528,0.640366,0.66326,0.698851,0.67073,0.674893,0.722965
3.691,0.630977,0.682174,0.621501,0.625887,0.639815,0.663855,0.700034,0.671362,0.674476,0.722323
3.6912,0.630907,0.681735,0.62168,0.625357,0.638997,0.663629,0.701917,0.672224,0.674335,0.71969
3.6914,0.630536,0.681138,0.62177,0.626314,0.639002,0.662903,0.703398,0.672977,0.674512,0.717437
3.6916,0.630304,0.68055,0.621863,0.627843,0.639798,0.661959,0.70394,0.673093,0.674703,0.718084
3.6918,0.631711,0.680235,0.621823,0.628764,0.640595,0.661641,0.704391,0.673058,0.674779,0.72153
3.692,0.63402,0.6805,0.621733,0.628279,0.640429,0.662645,0.705758,0.672901,0.67473,0.725519
3.6922,0.635458,0.680546,0.622029,0.626748,0.639039,0.664393,0.707694,0.672821,0.674745,0.727072
3.6924,0.635035,0.679772,0.622553,0.625268,0.637137,0.665797,0.709385,0.673617,0.67448,0.725987
3.6926,0.633681,0.679366,0.623059,0.625013,0.6359,0.6661,0.709647,0.675016,0.673692,0.724152
3.6928,0.632737,0.680002,0.623612,0.62643,0.636897,0.665879,0.708364,0.676048,0.672454,0.72311
3.693,0.632636,0.681138,0.624697,0.628499,0.639185,0.665402,0.706593,0.676742,0.670993,0.723795
3.6932,0.633381,0.681927,0.625815,0.629547,0.6403,0.664962,0.706587,0.678046,0.669623,0.725545
3.6934,0.634937,0.681912,0.626374,0.629054,0.639739,0.665168,0.708241,0.679319,0.668768,0.727064
3.6936,0.635879,0.681501,0.6262,0.627625,0.637497,0.666347,0.708649,0.679976,0.668166,0.727401
3.6938,0.63625,0.681823,0.62551,0.626436,0.634607,0.667906,0.706436,0.679937,0.667831,0.726838
3.694,0.635989,0.683255,0.624774,0.626238,0.632698,0.668862,0.702677,0.679419,0.667182,0.725676
3.6942,0.635355,0.685109,0.624526,0.626886,0.632374,0.668876,0.700695,0.680065,0.665934,0.72448
3.6944,0.63554,0.686424,0.625749,0.627725,0.633632,0.668178,0.700803,0.682051,0.664019,0.723658
3.6946,0.636567,0.686708,0.628296,0.62799,0.635368,0.667227,0.701088,0.684979,0.6627,0.722904
3.6948,0.637585,0.68655,0.630238,0.627492,0.635628,0.666835,0.700046,0.686719,0.662329,0.722183
3.695,0.638197,0.686977,0.629679,0.626491,0.634441,0.667386,0.697702,0.686316,0.662787,0.721736
3.6952,0.638012,0.688637,0.626916,0.625321,0.632763,0.668549,0.694704,0.685168,0.664208,0.721657
3.6954,0.637728,0.690799,0.623451,0.624574,0.631517,0.669121,0.692498,0.68499,0.665212,0.721996
3.6956,0.637778,0.692717,0.621363,0.62385,0.631553,0.66844,0.691693,0.686003,0.664832,0.723255
3.6958,0.638763,0.693569,0.622179,0.622928,0.633507,0.666478,0.692468,0.687742,0.663718,0.724694
3.696,0.640271,0.693268,0.625422,0.621759,0.635788,0.664908,0.693666,0.689453,0.66259,0.725782
3.6962,0.641722,0.692731,0.628249,0.620829,0.636615,0.664485,0.693623,0.68993,0.662211,0.726068
3.6964,0.642279,0.692957,0.628753,0.620743,0.635752,0.664498,0.69258,0.688903,0.662957,0.725825
3.6966,0.641312,0.694073,0.626395,0.62114,0.634391,0.664234,0.691301,0.687422,0.664239,0.726077
3.6968,0.639341,0.695507,0.622992,0.621101,0.633755,0.663167,0.6903,0.68677,0.665333,0.72694
3.697,0.638409,0.696503,0.62077,0.619978,0.634363,0.661337,0.690514,0.687463,0.665775,0.727924
3.6972,0.63894,0.696423,0.620317,0.617955,0.635944,0.659625,0.692124,0.689158,0.665368,0.728573
3.6974,0.640145,0.695328,0.621172,0.616019,0.637919,0.658353,0.694434,0.69144,0.665189,0.728455
3.6976,0.641375,0.694673,0.621871,0.615065,0.639195,0.657638,0.696664,0.693614,0.665713,0.727919
3.6978,0.641859,0.695139,0.621568,0.615561,0.639505,0.657147,0.697834,0.694135,0.666175,0.727727
3.698,0.640923,0.696083,0.620621,0.616597,0.639111,0.656409,0.697314,0.692077,0.666828,0.728236
3.6982,0.638802,0.696422,0.61945,0.617127,0.638524,0.655255,0.696244,0.689461,0.667321,0.729231
3.6984,0.63655,0.695833,0.618486,0.61636,0.638489,0.65415,0.69634,0.687596,0.667968,0.730046
3.6986,0.635191,0.694257,0.618008,0.614805,0.638916,0.65333,0.698059,0.686794,0.668754,0.730296
3.6988,0.634915,0.692629,0.617983,0.613464,0.63934,0.652909,0.701231,0.687796,0.669482,0.729987
3.699,0.635303,0.692101,0.618168,0.613107,0.639453,0.652748,0.704417,0.689676,0.669775,0.729489
3.6992,0.63558,0.692289,0.618337,0.613799,0.639524,0.652694,0.706273,0.690322,0.669926,0.729401
3.6994,0.635156,0.692226,0.618313,0.614905,0.639822,0.652606,0.706112,0.688983,0.670898,0.729987
3.6996,0.634049,0.691156,0.618029,0.615573,0.640157,0.652415,0.705262,0.686051,0.672291,0.730993
3.6998,0.632835,0.689269,0.617635,0.615363,0.640144,0.652229,0.705677,0.682365,0.673748,0.731922
3.7,0.632126,0.68713,0.617144,0.614487,0.639587,0.652305,0.708242,0.679548,0.674359,0.732184
3.7002,0.632118,0.685716,0.616959,0.613667,0.63898,0.652564,0.711954,0.678974,0.674621,0.731779
3.7004,0.632427,0.685846,0.617395,0.61339,0.63864,0.653035,0.714749,0.680054,0.675112,0.73102
3.7006,0.632577,0.6866,0.618093,0.613888,0.638862,0.653645,0.715332,0.681196,0.675608,0.73023
3.7008,0.632574,0.686411,0.618378,0.614803,0.639905,0.653953,0.714515,0.680565,0.67637,0.729619
3.701,0.632539,0.684703,0.617976,0.615529,0.64106,0.653547,0.713711,0.677802,0.676926,0.729039
3.7012,0.632529,0.682661,0.617021,0.615698,0.641397,0.652567,0.713492,0.674196,0.677294,0.728239
3.7014,0.632406,0.681238,0.616131,0.615371,0.640563,0.65159,0.714176,0.671356,0.677342,0.727319
3.7016,0.632628,0.681178,0.615945,0.614885,0.639055,0.651392,0.714333,0.670237,0.67791,0.726341
3.7018,0.63322,0.682396,0.616523,0.614688,0.638048,0.652042,0.713728,0.670494,0.679534,0.725221
3.702,0.633912,0.68368,0.617365,0.61502,0.63805,0.652913,0.712378,0.671003,0.681174,0.724025
3.7022,0.634168,0.684006,0.61787,0.615809,0.638884,0.65338,0.710639,0.671016,0.681324,0.722795
3.7024,0.633868,0.683289,0.617654,0.616706,0.640521,0.653341,0.708849,0.670477,0.680286,0.72138
3.7026,0.633256,0.682318,0.616625,0.617243,0.642187,0.653036,0.70691,0.66962,0.678508,0.720054
3.7028,0.632787,0.681985,0.615599,0.617065,0.643056,0.652587,0.705663,0.668964,0.677665,0.718639
3.703,0.632499,0.682449,0.61549,0.616109,0.642379,0.652505,0.705004,0.669026,0.678083,0.717347
3.7032,0.632364,0.683175,0.616388,0.615206,0.640816,0.653125,0.705043,0.669331,0.678953,0.716721
3.7034,0.632646,0.683393,0.617367,0.61525,0.639382,0.653745,0.703854,0.669943,0.67978,0.716281
3.7036,0.633266,0.682922,0.617268,0.616113,0.638957,0.653679,0.701023,0.671129,0.68025,0.715568
3.7038,0.633641,0.682301,0.615954,0.617068,0.639972,0.652552,0.697786,0.672235,0.679933,0.714338
3.704,0.632925,0.681795,0.61411,0.617333,0.642213,0.650667,0.694983,0.672153,0.679271,0.712834
3.7042,0.631703,0.682094,0.612907,0.616464,0.644029,0.649258,0.693506,0.670835,0.678748,0.711546
3.7044,0.630907,0.682833,0.613411,0.61512,0.643929,0.649128,0.692939,0.669253,0.67872,0.710847
3.7046,0.630866,0.683765,0.614797,0.614293,0.642346,0.649688,0.692487,0.668559,0.678958,0.710774
3.7048,0.631253,0.684377,0.616001,0.614563,0.6409,0.649969,0.692062,0.669295,0.679047,0.711074
3.705,0.63183,0.684201,0.616103,0.615099,0.640642,0.649696,0.691539,0.671066,0.678905,0.711456
3.7052,0.631554,0.683928,0.614888,0.615375,0.641841,0.648872,0.691027,0.672845,0.678538,0.711569
3.7054,0.630166,0.684091,0.613485,0.615031,0.643394,0.648231,0.69085,0.673751,0.678075,0.711246
3.7056,0.628302,0.684688,0.612773,0.614097,0.644403,0.648566,0.69135,0.673591,0.678315,0.710827
3.7058,0.626498,0.68566,0.612853,0.612891,0.644298,0.649453,0.692717,0.672682,0.679262,0.710959
3.706,0.625801,0.686169,0.613256,0.611789,0.643551,0.650398,0.694704,0.672212,0.680313,0.711578
3.7062,0.626185,0.68565,0.613488,0.611345,0.64289,0.651175,0.696554,0.673098,0.680541,0.71242
3.7064,0.62767,0.684137,0.613232,0.611465,0.642537,0.651222,0.697361,0.675035,0.679712,0.712847
3.7066,0.629433,0.682248,0.612426,0.61159,0.642915,0.650805,0.697473,0.676604,0.678344,0.712201
3.7068,0.63055,0.681017,0.611618,0.611964,0.643558,0.65074,0.697635,0.676504,0.677395,0.711246
3.707,0.630341,0.680782,0.611316,0.613112,0.642868,0.651156,0.698017,0.674932,0.677623,0.710648
3.7072,0.629077,0.681334,0.611682,0.614217,0.640683,0.651906,0.698974,0.672919,0.678498,0.711027
3.7074,0.627548,0.681522,0.612479,0.614512,0.63838,0.652785,0.700421,0.671663,0.679299,0.712563
3.7076,0.627221,0.68153,0.613291,0.614184,0.636845,0.653501,0.701364,0.671421,0.679245,0.714299
3.7078,0.628148,0.682833,0.613839,0.613932,0.636165,0.653914,0.701867,0.671962,0.678543,0.715438
3.708,0.629566,0.684947,0.613884,0.614119,0.635344,0.654133,0.703304,0.672694,0.678343,0.715365
3.7082,0.630629,0.685568,0.613672,0.61457,0.634381,0.654354,0.704697,0.673888,0.679125,0.714942
3.7084,0.631094,0.683382,0.613691,0.614835,0.633461,0.654925,0.705959,0.673975,0.67977,0.715357
3.7086,0.630654,0.679619,0.614053,0.614798,0.632584,0.656011,0.705346,0.672368,0.679607,0.716605
3.7088,0.629897,0.677197,0.61447,0.614673,0.631623,0.65694,0.703848,0.670357,0.678476,0.717702
3.709,0.629229,0.678956,0.61468,0.614782,0.630578,0.657589,0.703713,0.669285,0.677132,0.718084
3.7092,0.628941,0.683699,0.614649,0.615217,0.629702,0.657715,0.70529,0.670159,0.675959,0.717415
3.7094,0.629356,0.687861,0.614616,0.616406,0.629099,0.657525,0.70655,0.672531,0.675141,0.716142
3.7096,0.630199,0.688477,0.61488,0.617645,0.629649,0.657624,0.706343,0.675021,0.67443,0.715762
3.7098,0.630721,0.686264,0.61543,0.617936,0.630723,0.657569,0.706419,0.676143,0.674229,0.717134
3.71,0.630586,0.684002,0.616048,0.617415,0.631192,0.657244,0.707173,0.67632,0.675483,0.719456
3.7102,0.629612,0.683215,0.616484,0.61671,0.631003,0.657105,0.708263,0.675685,0.676806,0.721581
3.7104,0.62754,0.684126,0.616627,0.616443,0.630772,0.657447,0.708634,0.675388,0.677052,0.722104
3.7106,0.625263,0.686237,0.616492,0.617379,0.630594,0.658117,0.708224,0.676251,0.676005,0.721113
3.7108,0.623877,0.688257,0.616141,0.619253,0.630467,0.658745,0.707839,0.677651,0.674217,0.719753
3.711,0.623973,0.688899,0.616345,0.62096,0.630825,0.658769,0.708358,0.678196,0.672698,0.718721
3.7112,0.625121,0.688356,0.617638,0.621643,0.630854,0.658775,0.710051,0.677003,0.672365,0.719258
3.7114,0.627696,0.687739,0.618913,0.621117,0.630447,0.659213,0.712419,0.6741,0.673153,0.72134
3.7116,0.630053,0.68759,0.618881,0.619724,0.630346,0.659786,0.714251,0.671507,0.674203,0.723713
3.7118,0.630595,0.688002,0.617566,0.618647,0.630627,0.659879,0.714578,0.670571,0.674595,0.725203
3.712,0.629267,0.688674,0.615391,0.61825,0.631617,0.659383,0.713592,0.670839,0.673948,0.725305
3.7122,0.627201,0.689046,0.613817,0.618608,0.632835,0.658583,0.712459,0.671277,0.672784,0.724633
3.7124,0.626479,0.688917,0.614736,0.619328,0.633311,0.658171,0.711748,0.670812,0.671966,0.724251
3.7126,0.627243,0.688712,0.618051,0.619979,0.632567,0.658153,0.711453,0.670118,0.672611,0.724298
3.7128,0.629107,0.689038,0.6208,0.620357,0.631241,0.658506,0.711545,0.670775,0.674042,0.725462
3.713,0.630914,0.689754,0.621266,0.620776,0.630427,0.658772,0.711165,0.672088,0.675474,0.727411
3.7132,0.6315,0.690385,0.618906,0.621105,0.630648,0.658869,0.709608,0.673083,0.675685,0.72867
3.7134,0.630572,0.690788,0.615285,0.621444,0.631656,0.658877,0.707184,0.67339,0.674744,0.729187
3.7136,0.628867,0.690785,0.61282,0.621232,0.632703,0.658857,0.704631,0.673199,0.673326,0.728872
3.7138,0.627591,0.690315,0.612552,0.620418,0.632979,0.659022,0.702623,0.672755,0.67238,0.728352
3.714,0.627396,0.689888,0.613983,0.620095,0.632864,0.659462,0.701097,0.672905,0.67292,0.728244
3.7142,0.628441,0.690029,0.615176,0.620591,0.633295,0.659967,0.700126,0.673817,0.674995,0.728161
3.7144,0.629948,0.69043,0.615034,0.621118,0.633948,0.659993,0.699356,0.674687,0.677016,0.728578
3.7146,0.630563,0.690575,0.613573,0.620863,0.633554,0.659331,0.698755,0.675289,0.677575,0.729429
3.7148,0.629794,0.690191,0.611777,0.619561,0.632313,0.658441,0.698637,0.675311,0.676322,0.729835
3.715,0.628064,0.689109,0.610527,0.617936,0.630659,0.658429,0.69753,0.674508,0.674381,0.729897
3.7152,0.626134,0.687409,0.61042,0.616827,0.629599,0.658955,0.69481,0.673336,0.673183,0.729932
3.7154,0.625167,0.686005,0.611318,0.616265,0.629455,0.659585,0.691799,0.672308,0.673511,0.729928
3.7156,0.625365,0.685541,0.612537,0.616261,0.629947,0.660016,0.690829,0.672175,0.675269,0.730104
3.7158,0.626122,0.686021,0.613417,0.616364,0.630318,0.660022,0.692027,0.672899,0.677055,0.730372
3.716,0.626668,0.686067,0.613617,0.61593,0.629548,0.660095,0.693387,0.674402,0.677819,0.730463
3.7162,0.626842,0.685138,0.613166,0.615157,0.627825,0.660355,0.693131,0.675564,0.677267,0.730515
3.7164,0.626769,0.683432,0.612548,0.614494,0.625965,0.661084,0.691495,0.676117,0.676587,0.730947
3.7166,0.626486,0.681674,0.612132,0.613985,0.624702,0.661398,0.690448,0.676468,0.676245,0.731867
3.7168,0.625707,0.6802,0.612114,0.61302,0.624177,0.661087,0.691578,0.676118,0.676413,0.733384
3.717,0.624655,0.679326,0.612728,0.611799,0.624399,0.66071,0.694667,0.675927,0.67729,0.734066
3.7172,0.624256,0.678759,0.613749,0.61043,0.624695,0.661177,0.697482,0.676413,0.678012,0.733329
3.7174,0.624117,0.677982,0.61453,0.609615,0.624325,0.662208,0.698413,0.677001,0.678121,0.731751
3.7176,0.623752,0.676687,0.614625,0.609568,0.623041,0.663381,0.698244,0.677551,0.678305,0.730219
3.7178,0.623027,0.675238,0.614082,0.609991,0.621268,0.664007,0.698031,0.677898,0.678577,0.729592
3.718,0.621979,0.674167,0.613367,0.610201,0.619977,0.664392,0.698114,0.677551,0.678716,0.730236
3.7182,0.620909,0.673531,0.613002,0.609766,0.619651,0.664135,0.698477,0.676684,0.679211,0.731786
3.7184,0.620135,0.673156,0.61325,0.608902,0.620195,0.663854,0.699028,0.676078,0.679384,0.732858
3.7186,0.619785,0.672822,0.613941,0.608208,0.620991,0.663617,0.699907,0.676251,0.679297,0.73294
3.7188,0.619831,0.672369,0.614593,0.608143,0.621377,0.663486,0.701092,0.677043,0.679255,0.731548
3.719,0.620123,0.671891,0.614764,0.608666,0.621085,0.663475,0.702082,0.677871,0.679701,0.729686
3.7192,0.620364,0.671489,0.614304,0.609341,0.620426,0.663605,0.702489,0.678234,0.680124,0.727969
3.7194,0.620263,0.671218,0.613415,0.609698,0.619881,0.663467,0.702687,0.677817,0.67942,0.726914
3.7196,0.619804,0.670914,0.612539,0.609513,0.619563,0.663201,0.703624,0.677678,0.677745,0.726803
3.7198,0.619361,0.670513,0.611928,0.608857,0.619802,0.662913,0.705519,0.678882,0.67557,0.726837
3.72,0.618975,0.670324,0.611745,0.608393,0.620753,0.66244,0.70717,0.680738,0.67364,0.726451
3.7202,0.619091,0.670402,0.611736,0.608856,0.621697,0.662105,0.707682,0.681463,0.672434,0.725509
3.7204,0.620118,0.670402,0.611614,0.610026,0.621839,0.662345,0.707712,0.680512,0.672087,0.724137
3.7206,0.621634,0.67043,0.611187,0.61119,0.620925,0.662804,0.707109,0.678816,0.672359,0.723148
3.7208,0.622332,0.67057,0.61072,0.611745,0.619468,0.663347,0.706137,0.677771,0.672458,0.722434
3.721,0.621815,0.670757,0.610924,0.611982,0.618405,0.663753,0.704864,0.677825,0.671612,0.722151
3.7212,0.62044,0.670993,0.611245,0.612174,0.61844,0.663821,0.704175,0.678664,0.670065,0.721865
3.7214,0.619199,0.671475,0.611163,0.612486,0.619509,0.663579,0.703231,0.679499,0.668546,0.721652
3.7216,0.619132,0.672205,0.610484,0.613061,0.620915,0.663306,0.702651,0.679678,0.667841,0.721203
3.7218,0.620353,0.672813,0.609531,0.613902,0.621845,0.663364,0.701812,0.679196,0.668262,0.720598
3.722,0.621922,0.672968,0.608889,0.614744,0.621785,0.663775,0.700975,0.67857,0.669286,0.719982
3.7222,0.622779,0.672596,0.608614,0.61516,0.620898,0.664225,0.69905,0.678379,0.670011,0.719544
3.7224,0.622513,0.671984,0.608606,0.614953,0.619889,0.664401,0.696708,0.678758,0.669844,0.719264
3.7226,0.621349,0.671632,0.608535,0.614361,0.619524,0.664307,0.694782,0.679319,0.669011,0.719216
3.7228,0.620066,0.671753,0.60821,0.613955,0.619911,0.664481,0.695268,0.679485,0.66832,0.719098
3.723,0.619742,0.671953,0.607824,0.614549,0.620447,0.664409,0.697714,0.67909,0.668266,0.718666
3.7232,0.621017,0.67185,0.607571,0.615618,0.620456,0.664055,0.699984,0.678123,0.668803,0.718161
3.7234,0.622809,0.671184,0.608024,0.616418,0.62024,0.66319,0.700809,0.676841,0.669524,0.718466
3.7236,0.624094,0.67,0.609375,0.616129,0.620087,0.662463,0.699743,0.675884,0.669991,0.719322
3.7238,0.625187,0.668758,0.610717,0.61494,0.619975,0.661897,0.699688,0.675206,0.670005,0.720228
3.724,0.625706,0.668322,0.611367,0.614111,0.619983,0.661475,0.70222,0.674686,0.669886,0.720556
3.7242,0.625343,0.669029,0.611545,0.614127,0.619968,0.661455,0.707122,0.673986,0.670053,0.720025
3.7244,0.624247,0.67053,0.612221,0.61453,0.619585,0.661531,0.710601,0.673537,0.670693,0.719435
3.7246,0.622769,0.671685,0.613542,0.614879,0.619791,0.661179,0.710339,0.673549,0.671602,0.719261
3.7248,0.621631,0.671412,0.614604,0.615969,0.62126,0.659829,0.708064,0.673933,0.672788,0.719923
3.725,0.621202,0.670202,0.615272,0.617764,0.622442,0.657981,0.706588,0.674072,0.673943,0.722055
3.7252,0.622919,0.669036,0.615467,0.618816,0.62219,0.65688,0.708269,0.672843,0.674848,0.724139
3.7254,0.6255,0.668668,0.615265,0.617959,0.620657,0.657271,0.712169,0.670678,0.674939,0.724983
3.7256,0.626411,0.669001,0.615491,0.61636,0.618738,0.658842,0.714749,0.668658,0.674028,0.724471
3.7258,0.625192,0.669424,0.616636,0.615034,0.617449,0.659778,0.716616,0.668279,0.673032,0.723207
3.726,0.62321,0.669516,0.618231,0.615552,0.617349,0.659348,0.718155,0.670182,0.672306,0.722279
3.7262,0.621787,0.669294,0.61909,0.617398,0.619202,0.657838,0.71872,0.672636,0.671799,0.722235
3.7264,0.621479,0.668921,0.618675,0.618821,0.622205,0.656027,0.717725,0.67376,0.671758,0.722938
3.7266,0.622216,0.66875,0.617703,0.618795,0.624263,0.654727,0.716965,0.67295,0.672084,0.724256
3.7268,0.62358,0.668982,0.616838,0.618043,0.624301,0.654432,0.718233,0.671181,0.671877,0.725707
3.727,0.625086,0.669605,0.616874,0.617273,0.623132,0.655078,0.721192,0.669976,0.670829,0.725882
3.7272,0.626019,0.67054,0.617695,0.616706,0.622068,0.656035,0.722488,0.669988,0.668792,0.725027
3.7274,0.626252,0.671436,0.619062,0.616833,0.622019,0.656547,0.7212,0.671236,0.666464,0.723813
3.7276,0.626302,0.672053,0.619926,0.617869,0.623004,0.656264,0.719742,0.673013,0.664602,0.723192
3.7278,0.626015,0.672328,0.619676,0.61941,0.624511,0.655433,0.721113,0.673953,0.663366,0.723757
3.728,0.626436,0.672304,0.618264,0.620249,0.625501,0.654705,0.723668,0.673822,0.66313,0.724666
3.7282,0.627071,0.672488,0.616982,0.620331,0.625532,0.654727,0.724077,0.673526,0.663313,0.725381
3.7284,0.627417,0.673064,0.616789,0.620436,0.625507,0.655412,0.721725,0.673861,0.662902,0.725857
3.7286,0.627346,0.673698,0.617377,0.621046,0.62646,0.65627,0.720652,0.674547,0.66163,0.725755
3.7288,0.627574,0.674184,0.618155,0.621461,0.627617,0.656723,0.722788,0.675051,0.660025,0.725579
3.729,0.628666,0.674552,0.618282,0.621365,0.628196,0.656693,0.726275,0.675077,0.658941,0.725403
3.7292,0.630262,0.674715,0.617614,0.620734,0.628122,0.65638,0.727865,0.674611,0.658446,0.725124
3.7294,0.631375,0.675012,0.617105,0.620324,0.627796,0.656507,0.726491,0.674226,0.65836,0.725112
3.7296,0.631244,0.675651,0.616638,0.620204,0.627442,0.65682,0.724459,0.674485,0.658357,0.725315
3.7298,0.629729,0.676614,0.616149,0.620948,0.6279,0.657268,0.724849,0.675288,0.658241,0.725653
3.73,0.628472,0.677644,0.615721,0.621906,0.629252,0.657403,0.726102,0.676105,0.658038,0.726234
3.7302,0.628927,0.678347,0.615038,0.622555,0.630855,0.657292,0.727905,0.676563,0.657951,0.72674
3.7304,0.630474,0.67853,0.614147,0.62272,0.631374,0.657046,0.730512,0.676653,0.658107,0.727087
3.7306,0.631877,0.678272,0.613194,0.622218,0.63129,0.656934,0.731875,0.676483,0.658499,0.727045
3.7308,0.632356,0.677935,0.612262,0.620796,0.631068,0.657267,0.730151,0.676164,0.658954,0.72641
3.731,0.632063,0.678064,0.611645,0.61889,0.630595,0.657633,0.727929,0.676144,0.659268,0.725729
3.7312,0.631658,0.678766,0.611906,0.617795,0.630124,0.657908,0.726463,0.676663,0.659946,0.724964
3.7314,0.631439,0.67937,0.612778,0.618195,0.630012,0.658002,0.726464,0.677335,0.661031,0.724506
3.7316,0.631612,0.679665,0.61343,0.620115,0.630445,0.657899,0.728182,0.677247,0.662208,0.724265
3.7318,0.632406,0.679046,0.613339,0.621996,0.630989,0.657537,0.730057,0.676734,0.662876,0.724263
3.732,0.633,0.677648,0.612701,0.621972,0.631115,0.657456,0.729289,0.67572,0.663044,0.724124
3.7322,0.632723,0.67615,0.612093,0.619875,0.630996,0.658075,0.726885,0.674249,0.662966,0.723902
3.7324,0.631948,0.675125,0.611994,0.617113,0.63115,0.659055,0.725254,0.672837,0.663186,0.72313
3.7326,0.631769,0.675313,0.612546,0.614901,0.631565,0.659942,0.725006,0.671978,0.664087,0.721844
3.7328,0.632283,0.676021,0.613487,0.614183,0.631905,0.660437,0.724455,0.671504,0.665535,0.720314
3.733,0.633757,0.676624,0.614274,0.614836,0.631798,0.660446,0.723673,0.671408,0.666997,0.718827
3.7332,0.63574,0.676682,0.614459,0.615528,0.631358,0.660336,0.722821,0.671555,0.667826,0.717812
3.7334,0.6371,0.676032,0.614268,0.615329,0.631396,0.660562,0.722466,0.671383,0.667787,0.717322
3.7336,0.636562,0.674876,0.614388,0.61392,0.632013,0.661284,0.722189,0.670641,0.66719,0.71724
3.7338,0.635026,0.673814,0.615002,0.611991,0.632795,0.662208,0.720524,0.66913,0.666887,0.717343
3.734,0.634333,0.672998,0.615738,0.610684,0.633487,0.662725,0.71851,0.667661,0.667234,0.71701
3.7342,0.635106,0.672386,0.616396,0.610497,0.63357,0.663011,0.716027,0.666814,0.668106,0.715788
3.7344,0.636226,0.671955,0.616619,0.611051,0.633053,0.663267,0.713228,0.667128,0.668583,0.714082
3.7346,0.636822,0.671708,0.61633,0.611485,0.63243,0.663389,0.711993,0.667894,0.668317,0.7125
3.7348,0.636386,0.671555,0.616048,0.611218,0.632084,0.663956,0.712539,0.668298,0.667274,0.711621
3.735,0.63557,0.671385,0.616335,0.61043,0.632011,0.664902,0.712668,0.667895,0.666556,0.711579
3.7352,0.635512,0.671143,0.617136,0.609816,0.632365,0.665401,0.710844,0.666925,0.666651,0.711946
3.7354,0.635975,0.670885,0.617916,0.60992,0.632622,0.66542,0.707797,0.666052,0.667057,0.712184
3.7356,0.636583,0.670714,0.618218,0.610603,0.632346,0.665225,0.705399,0.665928,0.667374,0.711965
3.7358,0.637344,0.670706,0.617825,0.611246,0.632204,0.665537,0.70474,0.666776,0.666595,0.711327
3.736,0.637392,0.670778,0.616813,0.611237,0.632215,0.665883,0.705244,0.668193,0.664715,0.710487
3.7362,0.636923,0.670671,0.6158,0.610526,0.632121,0.66607,0.705816,0.669452,0.662589,0.70985
3.7364,0.636027,0.670406,0.61574,0.609651,0.63221,0.665514,0.706038,0.669919,0.660751,0.709919
3.7366,0.635601,0.670479,0.616468,0.60974,0.63214,0.664549,0.706235,0.669815,0.659809,0.710318
3.7368,0.63561,0.670849,0.617061,0.611138,0.632131,0.664058,0.706242,0.669983,0.65961,0.710301
3.737,0.635646,0.671073,0.617061,0.613099,0.632301,0.664156,0.705862,0.670525,0.659499,0.709531
3.7372,0.636018,0.670682,0.616157,0.614042,0.632366,0.664492,0.70585,0.671199,0.659192,0.708072
3.7374,0.636317,0.669727,0.614822,0.613433,0.632619,0.664812,0.706893,0.671609,0.65881,0.706712
3.7376,0.636693,0.668769,0.613514,0.611915,0.632834,0.664977,0.70759,0.671532,0.658279,0.706229
3.7378,0.636677,0.668422,0.612992,0.610987,0.632856,0.664724,0.707297,0.671323,0.658062,0.706546
3.738,0.636323,0.668947,0.613194,0.611544,0.633037,0.664258,0.70598,0.67182,0.657965,0.707341
3.7382,0.635707,0.669981,0.613768,0.613235,0.633482,0.663778,0.704821,0.672958,0.658469,0.708067
3.7384,0.635603,0.67081,0.61414,0.614971,0.633621,0.663586,0.70485,0.674047,0.659234,0.70813
3.7386,0.636476,0.671005,0.614042,0.615752,0.632573,0.663705,0.705924,0.674597,0.6602,0.707623
3.7388,0.637915,0.670488,0.61312,0.615331,0.631192,0.663949,0.707399,0.674535,0.660931,0.706917
3.739,0.638661,0.669534,0.612107,0.614175,0.630592,0.664476,0.708505,0.674121,0.661004,0.706416
3.7392,0.637758,0.668806,0.611592,0.613244,0.630543,0.664785,0.709085,0.673825,0.660871,0.70677
3.7394,0.636457,0.66855,0.61147,0.613187,0.630178,0.664358,0.709047,0.674006,0.660698,0.707401
3.7396,0.635913,0.669286,0.611484,0.614085,0.629087,0.664122,0.708643,0.674374,0.660933,0.707603
3.7398,0.635994,0.670888,0.611487,0.615513,0.627947,0.664485,0.70965,0.674258,0.661738,0.707304
3.74,0.636298,0.672663,0.611589,0.616394,0.628386,0.664921,0.710774,0.674505,0.663137,0.706616
3.7402,0.636489,0.674036,0.611652,0.616447,0.630177,0.664796,0.711311,0.676278,0.664078,0.707393
3.7404,0.637199,0.674889,0.611629,0.615804,0.63191,0.663896,0.71002,0.678231,0.663779,0.709015
3.7406,0.63834,0.675068,0.611665,0.614674,0.632488,0.663055,0.708234,0.679022,0.662326,0.710391
3.7408,0.639404,0.675189,0.611925,0.613926,0.631764,0.662647,0.707394,0.678305,0.66108,0.710209
3.741,0.639655,0.676015,0.612361,0.613464,0.630531,0.662838,0.708468,0.676812,0.661249,0.707928
3.7412,0.639448,0.677821,0.612749,0.613371,0.629753,0.663263,0.709644,0.676238,0.662966,0.705136
3.7414,0.638515,0.680021,0.613078,0.613385,0.630219,0.663498,0.709121,0.677031,0.665102,0.703042
3.7416,0.637067,0.681038,0.61321,0.61484,0.631873,0.663113,0.706442,0.679055,0.666461,0.703077
3.7418,0.636203,0.680033,0.613247,0.616805,0.633607,0.662197,0.70387,0.680874,0.666326,0.704792
3.742,0.636449,0.678572,0.613556,0.618084,0.6347,0.661024,0.702082,0.681272,0.665622,0.70639
3.7422,0.637938,0.678076,0.614218,0.618123,0.634489,0.66036,0.702514,0.680515,0.665016,0.70658
3.7424,0.639685,0.679247,0.614945,0.617316,0.633237,0.660602,0.704098,0.679417,0.665564,0.705423
3.7426,0.640292,0.681431,0.615368,0.61663,0.631896,0.66135,0.703002,0.678745,0.666955,0.704799
3.7428,0.639452,0.683062,0.615309,0.617058,0.631659,0.661857,0.699362,0.678695,0.66829,0.705357
3.743,0.638244,0.683557,0.614895,0.618529,0.63269,0.661488,0.695389,0.679281,0.669177,0.707046
3.7432,0.637988,0.683358,0.614541,0.619892,0.633884,0.660687,0.694055,0.680237,0.669726,0.708851
3.7434,0.638494,0.683058,0.614624,0.620453,0.634223,0.659935,0.694843,0.680891,0.66998,0.709815
3.7436,0.639382,0.683364,0.615175,0.620185,0.633582,0.659623,0.696357,0.681104,0.670082,0.710148
3.7438,0.64002,0.684541,0.61583,0.6195,0.632528,0.659854,0.696343,0.680407,0.670036,0.710456
3.744,0.639595,0.685968,0.616084,0.619021,0.631667,0.660311,0.694499,0.679433,0.670295,0.71088
3.7442,0.638807,0.686962,0.615674,0.619033,0.631358,0.660335,0.692268,0.678672,0.670986,0.711537
3.7444,0.638416,0.687157,0.615085,0.619302,0.631925,0.660499,0.691175,0.678814,0.672096,0.71228
3.7446,0.638098,0.686943,0.614835,0.620134,0.632502,0.660771,0.692338,0.680247,0.673974,0.712563
3.7448,0.637875,0.687023,0.614947,0.62132,0.632053,0.661079,0.694933,0.681673,0.675457,0.712502
3.745,0.638188,0.687141,0.615108,0.622253,0.630992,0.661063,0.696129,0.681777,0.674875,0.712507
3.7452,0.638953,0.686908,0.614917,0.622633,0.629806,0.660958,0.695637,0.681188,0.672502,0.712792
3.7454,0.639374,0.686002,0.614358,0.622242,0.62875,0.661125,0.696262,0.680501,0.669735,0.713983
3.7456,0.638967,0.684887,0.614052,0.621492,0.62788,0.661273,0.697717,0.679952,0.667783,0.715827
3.7458,0.63841,0.684183,0.615153,0.621159,0.627357,0.661827,0.698686,0.679658,0.668011,0.717451
3.746,0.638077,0.684196,0.616679,0.621395,0.62707,0.662874,0.698467,0.680303,0.670514,0.718323
3.7462,0.638405,0.684321,0.617379,0.622139,0.626941,0.663899,0.696968,0.681843,0.673232,0.717779
3.7464,0.639437,0.683931,0.617083,0.622947,0.627182,0.664286,0.696818,0.6831,0.673963,0.716954
3.7466,0.640313,0.68279,0.615766,0.62324,0.627947,0.664684,0.698984,0.683373,0.671934,0.717019
3.7468,0.640544,0.682809,0.614307,0.622843,0.628696,0.664685,0.701306,0.682757,0.66792,0.717883
3.747,0.640257,0.684247,0.613263,0.622258,0.628895,0.663785,0.702062,0.68198,0.664244,0.719677
3.7472,0.640271,0.68543,0.612874,0.622054,0.628798,0.663774,0.701474,0.681883,0.662445,0.721494
3.7474,0.640666,0.685781,0.613319,0.622414,0.628932,0.665237,0.701221,0.682176,0.662531,0.722206
3.7476,0.64045,0.684896,0.615034,0.62269,0.629058,0.666785,0.702834,0.682546,0.663972,0.72171
3.7478,0.639842,0.682738,0.616875,0.6221,0.629881,0.667527,0.70571,0.683254,0.665106,0.720847
3.748,0.640001,0.680112,0.617426,0.620739,0.631543,0.667451,0.707746,0.683792,0.664791,0.720414
3.7482,0.640693,0.678417,0.616438,0.619931,0.632796,0.666805,0.707659,0.684497,0.663125,0.720862
3.7484,0.64094,0.678447,0.615299,0.620059,0.632692,0.666244,0.706216,0.685019,0.660917,0.721573
3.7486,0.640314,0.679571,0.615004,0.620716,0.631811,0.666683,0.704841,0.684438,0.659402,0.722479
3.7488,0.6396,0.68061,0.615516,0.620587,0.631253,0.667909,0.704168,0.68328,0.65945,0.72298
3.749,0.639789,0.68067,0.616553,0.619455,0.631412,0.669015,0.703982,0.682641,0.660752,0.722826
3.7492,0.640569,0.679752,0.617663,0.617513,0.632435,0.669293,0.704224,0.682111,0.662231,0.722242
3.7494,0.641687,0.678634,0.618194,0.615805,0.63403,0.668849,0.705077,0.681565,0.663004,0.721635
3.7496,0.642087,0.678194,0.617967,0.615031,0.635381,0.66803,0.705626,0.68082,0.662798,0.721759
3.7498,0.64091,0.678652,0.617661,0.615426,0.635539,0.667606,0.704527,0.680024,0.662024,0.722352
3.75,0.63919,0.679481,0.618015,0.616436,0.634659,0.668749,0.702985,0.679133,0.661565,0.722929
3.7502,0.637982,0.679978,0.619025,0.617499,0.633482,0.670602,0.701274,0.67776,0.661813,0.723373
3.7504,0.638077,0.68005,0.619992,0.61787,0.632911,0.671955,0.700948,0.676202,0.662967,0.723005
3.7506,0.639136,0.680029,0.620607,0.617313,0.633778,0.671989,0.701291,0.674621,0.664696,0.7222
3.7508,0.639857,0.680009,0.620575,0.616635,0.6355,0.670596,0.7002,0.673312,0.666293,0.72142
3.751,0.639584,0.680114,0.619872,0.616302,0.636902,0.66858,0.696562,0.672528,0.66694,0.720791
3.7512,0.639008,0.680136,0.619364,0.616317,0.637037,0.667377,0.692301,0.672084,0.666673,0.720433
3.7514,0.638454,0.679701,0.619536,0.616594,0.635758,0.668508,0.689676,0.671678,0.666027,0.720185
3.7516,0.638069,0.678884,0.620447,0.617317,0.633862,0.670667,0.68928,0.671051,0.665646,0.719806
3.7518,0.637996,0.678248,0.621341,0.617911,0.632954,0.671927,0.689484,0.670119,0.666032,0.719315
3.752,0.637982,0.678171,0.621819,0.618116,0.633349,0.671512,0.688442,0.669101,0.667205,0.718567
3.7522,0.637707,0.678575,0.621614,0.617738,0.635021,0.669976,0.685944,0.668402,0.668618,0.717853
3.7524,0.637289,0.679096,0.620917,0.617142,0.636679,0.668052,0.68373,0.668298,0.669467,0.717231
3.7526,0.636981,0.679339,0.620104,0.616709,0.637222,0.666835,0.682942,0.668723,0.66937,0.716734
3.7528,0.637327,0.679012,0.61988,0.616548,0.63612,0.666617,0.683627,0.669329,0.668497,0.716086
3.753,0.637621,0.678152,0.620223,0.617077,0.634499,0.667114,0.685219,0.669581,0.667375,0.71512
3.7532,0.637425,0.677434,0.620773,0.618015,0.633731,0.667939,0.686597,0.669287,0.666671,0.71445
3.7534,0.636905,0.67746,0.621138,0.618806,0.634067,0.668241,0.686793,0.669075,0.666842,0.714047
3.7536,0.636073,0.677659,0.621099,0.618926,0.635237,0.667598,0.686269,0.669601,0.667243,0.713917
3.7538,0.635536,0.677366,0.620641,0.618133,0.636208,0.666733,0.686185,0.670604,0.667239,0.713945
3.754,0.63611,0.676225,0.619935,0.617167,0.63627,0.666266,0.686502,0.671485,0.66674,0.71384
3.7542,0.636837,0.674927,0.619839,0.616664,0.635226,0.666474,0.686578,0.671599,0.665519,0.713557
3.7544,0.637333,0.674471,0.620337,0.617339,0.633874,0.66685,0.686435,0.670987,0.664089,0.713121
3.7546,0.636949,0.675094,0.621473,0.61862,0.633182,0.666781,0.686406,0.670427,0.662656,0.712751
3.7548,0.635554,0.676097,0.622637,0.619796,0.633406,0.666294,0.686744,0.67069,0.661723,0.71262
3.755,0.634235,0.675988,0.622846,0.62041,0.634566,0.665814,0.68743,0.67184,0.661249,0.712489
3.7552,0.634105,0.674438,0.62229,0.620187,0.635529,0.66558,0.688071,0.673393,0.661078,0.712495
3.7554,0.634738,0.671899,0.621736,0.619486,0.635505,0.665629,0.688569,0.674757,0.661058,0.712661
3.7556,0.635336,0.669651,0.621596,0.618977,0.63517,0.665906,0.689391,0.675513,0.660916,0.712782
3.7558,0.635629,0.668733,0.621938,0.619266,0.634721,0.66601,0.690834,0.675558,0.660676,0.712945
3.756,0.635144,0.669374,0.622407,0.620007,0.634453,0.665932,0.692531,0.675372,0.660368,0.713036
3.7562,0.633874,0.670808,0.622578,0.620988,0.634439,0.665883,0.693977,0.675594,0.660081,0.712673
3.7564,0.633219,0.67239,0.62245,0.621692,0.634308,0.665817,0.695019,0.676345,0.659712,0.711683
3.7566,0.633722,0.673744,0.622418,0.621659,0.633997,0.66596,0.69551,0.67699,0.659681,0.709658
3.7568,0.634637,0.67387,0.622773,0.621204,0.633375,0.665964,0.695734,0.678562,0.661029,0.708065
3.757,0.63518,0.672911,0.623251,0.620738,0.633017,0.666016,0.695211,0.680078,0.663005,0.707906
3.7572,0.635576,0.671923,0.623215,0.620731,0.633074,0.666055,0.694925,0.679689,0.664236,0.708615
3.7574,0.635829,0.671937,0.622565,0.621373,0.633891,0.665668,0.694682,0.678264,0.664388,0.709374
3.7576,0.635652,0.673006,0.621454,0.622744,0.635007,0.665379,0.693954,0.676561,0.663627,0.709191
3.7578,0.635402,0.674947,0.621221,0.623798,0.63496,0.665425,0.692819,0.674847,0.662982,0.708005
3.758,0.63494,0.677079,0.622159,0.624257,0.633659,0.665429,0.691069,0.673903,0.663373,0.706417
3.7582,0.634696,0.678345,0.623798,0.624311,0.632166,0.665346,0.689967,0.675621,0.664886,0.705941
3.7584,0.634546,0.678264,0.624938,0.62403,0.63152,0.665017,0.689173,0.678949,0.666081,0.707123
3.7586,0.634836,0.67721,0.625339,0.623645,0.63189,0.664419,0.690345,0.68075,0.666867,0.708622
3.7588,0.636116,0.67578,0.624873,0.623615,0.632785,0.663772,0.692816,0.679019,0.667342,0.708876
3.759,0.637332,0.674898,0.624625,0.624515,0.633841,0.663336,0.692331,0.675262,0.667856,0.707422
3.7592,0.637546,0.675292,0.625,0.626017,0.634536,0.663286,0.690237,0.672366,0.668604,0.705617
3.7594,0.636495,0.676588,0.6261,0.626869,0.634407,0.663778,0.688734,0.671598,0.669115,0.70588
3.7596,0.634799,0.679065,0.626812,0.626944,0.63357,0.664346,0.688605,0.672461,0.669877,0.708213
3.7598,0.634145,0.681498,0.626287,0.627153,0.632549,0.664434,0.688504,0.673261,0.670576,0.711301
3.76,0.634951,0.681852,0.625059,0.627484,0.63191,0.664102,0.687649,0.672954,0.670829,0.71351
3.7602,0.636708,0.679628,0.624024,0.628009,0.631902,0.663527,0.686167,0.671992,0.670733,0.713517
3.7604,0.638045,0.67563,0.623752,0.628089,0.632337,0.663122,0.684836,0.671206,0.670513,0.71232
3.7606,0.638038,0.672614,0.62466,0.627984,0.632755,0.66311,0.684132,0.670918,0.670405,0.712237
3.7608,0.636784,0.672595,0.625819,0.62788,0.632781,0.663314,0.684171,0.671189,0.670628,0.713419
3.761,0.635276,0.675729,0.626165,0.62762,0.632869,0.663966,0.684966,0.671688,0.670797,0.715317
3.7612,0.634694,0.680014,0.625984,0.627944,0.633517,0.664436,0.686179,0.671882,0.671394,0.716795
3.7614,0.635305,0.682826,0.625645,0.629102,0.634374,0.664061,0.687245,0.671618,0.672537,0.716908
3.7616,0.636406,0.682708,0.625379,0.630214,0.634067,0.663194,0.687696,0.671386,0.673651,0.715986
3.7618,0.636946,0.680724,0.625168,0.630527,0.632755,0.662706,0.686979,0.671639,0.674207,0.715379
3.762,0.636518,0.679019,0.624766,0.629888,0.630794,0.662699,0.686271,0.672107,0.673867,0.716709
3.7622,0.635314,0.678939,0.624112,0.629041,0.629233,0.663184,0.686532,0.672166,0.672963,0.719469
3.7624,0.633895,0.680483,0.624005,0.628605,0.628621,0.663734,0.687494,0.671608,0.672617,0.721511
3.7626,0.632999,0.682342,0.625038,0.628499,0.628871,0.663916,0.688812,0.670985,0.672892,0.721973
3.7628,0.633791,0.683411,0.626587,0.628985,0.630041,0.663844,0.689661,0.670607,0.673938,0.720702
3.763,0.635932,0.683865,0.627356,0.629528,0.630938,0.663998,0.689498,0.67071,0.675572,0.718685
3.7632,0.636846,0.684711,0.626845,0.629504,0.630976,0.664812,0.688987,0.671277,0.676731,0.718071
3.7634,0.636209,0.685671,0.62528,0.62897,0.629476,0.665546,0.688907,0.671936,0.676922,0.719238
3.7636,0.634607,0.686396,0.62389,0.62835,0.626879,0.666352,0.689477,0.672331,0.676364,0.721416
3.7638,0.63211,0.686753,0.623694,0.627732,0.624779,0.66711,0.690274,0.672365,0.675519,0.722657
3.764,0.629809,0.686538,0.624425,0.62767,0.624139,0.667529,0.691164,0.67201,0.674989,0.721918
3.7642,0.629785,0.686065,0.625388,0.627989,0.62444,0.667824,0.692509,0.671408,0.674956,0.72005
3.7644,0.632479,0.685774,0.626102,0.628811,0.624605,0.66844,0.694194,0.671074,0.675237,0.718565
3.7646,0.63514,0.685963,0.626242,0.629323,0.624049,0.669586,0.695497,0.671419,0.675166,0.718302
3.7648,0.634809,0.686746,0.626211,0.62944,0.622818,0.670786,0.695831,0.672712,0.674408,0.719244
3.765,0.632094,0.687584,0.626079,0.629462,0.62149,0.671314,0.69507,0.673696,0.673533,0.720334
3.7652,0.629226,0.687746,0.626109,0.629287,0.620722,0.671054,0.694618,0.673337,0.672793,0.720606
3.7654,0.627582,0.687083,0.626231,0.628521,0.620804,0.670815,0.695117,0.672091,0.672823,0.719998
3.7656,0.627565,0.686041,0.626699,0.627632,0.621433,0.670836,0.695553,0.67069,0.673291,0.718877
3.7658,0.628597,0.685429,0.627243,0.627813,0.622037,0.671909,0.696104,0.669565,0.673506,0.71797
3.766,0.629304,0.685787,0.627555,0.629004,0.622129,0.674119,0.696037,0.669515,0.672665,0.717999
3.7662,0.629053,0.686889,0.627308,0.630331,0.621624,0.675803,0.694223,0.67066,0.67062,0.718497
3.7664,0.628517,0.688015,0.626512,0.631034,0.620937,0.675695,0.691106,0.671346,0.66804,0.719258
3.7666,0.628259,0.688348,0.625536,0.631065,0.620872,0.674023,0.689285,0.670885,0.666284,0.719936
3.7668,0.628169,0.687532,0.624856,0.630825,0.621566,0.672475,0.690062,0.669273,0.665771,0.720117
3.767,0.628388,0.685968,0.624764,0.630146,0.622745,0.671883,0.691782,0.667723,0.666019,0.719895
3.7672,0.628542,0.684624,0.624883,0.629096,0.624015,0.672385,0.690717,0.667655,0.666279,0.71939
3.7674,0.628021,0.684589,0.624806,0.628564,0.624799,0.673573,0.686869,0.668511,0.665743,0.718909
3.7676,0.627777,0.685202,0.624626,0.629189,0.624837,0.674802,0.684082,0.668908,0.664333,0.718409
3.7678,0.628551,0.685412,0.624169,0.630726,0.624422,0.675069,0.683767,0.668202,0.66301,0.718185
3.768,0.62979,0.684096,0.623521,0.632021,0.623987,0.674264,0.685941,0.666786,0.662299,0.717925
3.7682,0.630433,0.681502,0.622874,0.63192,0.624045,0.672963,0.687356,0.665474,0.662302,0.717904
3.7684,0.630046,0.678612,0.622101,0.630389,0.624701,0.671706,0.685543,0.664863,0.662711,0.71813
3.7686,0.628897,0.676889,0.621802,0.628855,0.625592,0.670937,0.682897,0.665059,0.663019,0.718283
3.7688,0.627701,0.676563,0.621916,0.628778,0.62625,0.670842,0.681942,0.665692,0.662998,0.718161
3.769,0.627497,0.676962,0.621565,0.629919,0.626479,0.671316,0.682745,0.666264,0.662774,0.717763
3.7692,0.628656,0.676958,0.620582,0.631144,0.626333,0.672116,0.684466,0.66654,0.662561,0.716877
3.7694,0.630321,0.67576,0.619379,0.631842,0.625812,0.672722,0.685695,0.666608,0.662574,0.716264
3.7696,0.631263,0.673739,0.618471,0.631828,0.625443,0.672408,0.68612,0.666775,0.662616,0.716637
3.7698,0.630822,0.67162,0.617886,0.630942,0.625753,0.671597,0.686786,0.666963,0.662797,0.717382
3.77,0.629131,0.670206,0.61762,0.62962,0.626368,0.670849,0.687921,0.667112,0.663418,0.717852
3.7702,0.627379,0.669589,0.617602,0.628813,0.62666,0.670621,0.688674,0.667462,0.664499,0.717497
3.7704,0.626878,0.66916,0.617462,0.628712,0.626247,0.671182,0.689047,0.668025,0.665271,0.716471
3.7706,0.628086,0.668466,0.617158,0.629267,0.625741,0.671757,0.689609,0.668403,0.665391,0.715756
3.7708,0.629914,0.667353,0.616804,0.63036,0.625187,0.671514,0.689998,0.668432,0.664742,0.715333
3.771,0.630749,0.666251,0.616585,0.631099,0.624293,0.670319,0.690219,0.668251,0.663791,0.715611
3.7712,0.629719,0.66569,0.616625,0.631402,0.623285,0.669083,0.691232,0.668126,0.663334,0.71644
3.7714,0.627202,0.665796,0.616882,0.631508,0.622672,0.668936,0.692441,0.668238,0.663772,0.716873
3.7716,0.625031,0.666373,0.617201,0.631084,0.622044,0.670342,0.693064,0.66864,0.664812,0.716558
3.7718,0.624682,0.666954,0.617388,0.629612,0.62125,0.671904,0.693044,0.669296,0.665859,0.715767
3.772,0.625802,0.667187,0.617307,0.627373,0.620319,0.672196,0.693282,0.670083,0.666348,0.715058
3.7722,0.626736,0.667116,0.616979,0.62595,0.619312,0.67134,0.694789,0.670809,0.666042,0.714992
3.7724,0.62643,0.666862,0.616852,0.625743,0.618552,0.669787,0.697364,0.671274,0.665292,0.71547
3.7726,0.624581,0.667149,0.61715,0.625899,0.618089,0.668603,0.69996,0.671432,0.664738,0.716027
3.7728,0.622446,0.668376,0.617658,0.625735,0.618339,0.668433,0.701549,0.671294,0.664825,0.716287
3.773,0.621427,0.669887,0.618128,0.624996,0.619225,0.669242,0.702311,0.671321,0.665603,0.716102
3.7732,0.621943,0.670883,0.618355,0.623972,0.620351,0.67006,0.703147,0.671971,0.66673,0.716078
3.7734,0.622987,0.670976,0.618666,0.623627,0.621738,0.670066,0.704396,0.673821,0.668487,0.716269
3.7736,0.623773,0.670498,0.619517,0.624891,0.622856,0.668952,0.704716,0.675544,0.669898,0.716206
3.7738,0.62336,0.670425,0.620671,0.626843,0.623245,0.667354,0.703759,0.675458,0.669438,0.716438
3.774,0.622068,0.671077,0.621706,0.628039,0.623012,0.665921,0.702165,0.673826,0.667656,0.716438
3.7742,0.621045,0.672372,0.622162,0.627899,0.623156,0.665822,0.701272,0.671385,0.665632,0.71633
3.7744,0.620948,0.673781,0.62206,0.627095,0.623763,0.667152,0.701316,0.6697,0.664723,0.716622
3.7746,0.621698,0.674565,0.62161,0.626494,0.624336,0.668631,0.701392,0.669859,0.66509,0.716836
3.7748,0.622749,0.67464,0.621083,0.626558,0.624931,0.668556,0.700363,0.671819,0.666344,0.717729
3.775,0.623706,0.674133,0.62075,0.627045,0.625539,0.667377,0.698003,0.675457,0.668565,0.71837
3.7752,0.624545,0.673642,0.621097,0.627438,0.625935,0.666109,0.696245,0.677794,0.670155,0.718076
3.7754,0.624762,0.674225,0.622291,0.627457,0.625686,0.665353,0.694936,0.676319,0.670472,0.717399
3.7756,0.624745,0.676654,0.62352,0.62726,0.625223,0.665469,0.693667,0.671921,0.669908,0.716453
3.7758,0.625006,0.679267,0.624229,0.62721,0.625338,0.666101,0.69233,0.66876,0.669161,0.715994
3.776,0.625239,0.679845,0.624374,0.627474,0.625824,0.666758,0.690227,0.670423,0.669047,0.716796
3.7762,0.625265,0.677909,0.623865,0.627565,0.626412,0.666908,0.687825,0.675744,0.669121,0.718087
3.7764,0.624784,0.674843,0.622976,0.627137,0.626363,0.666135,0.685647,0.680435,0.669131,0.718822
3.7766,0.624785,0.673115,0.622287,0.626333,0.626,0.664877,0.684164,0.68104,0.669471,0.719146
3.7768,0.625736,0.6741,0.62219,0.625784,0.625747,0.664386,0.683068,0.678356,0.669991,0.718927
3.777,0.626792,0.677085,0.62253,0.625999,0.625497,0.664742,0.682099,0.675677,0.670534,0.718423
3.7772,0.627722,0.680048,0.623084,0.626748,0.624986,0.665185,0.681083,0.674538,0.670805,0.718622
3.7774,0.627797,0.681058,0.623697,0.627377,0.62477,0.665497,0.68032,0.675782,0.670418,0.718887
3.7776,0.627392,0.680099,0.62455,0.627338,0.624895,0.665166,0.680104,0.678689,0.669794,0.719213
3.7778,0.626697,0.67866,0.625099,0.626451,0.62587,0.664283,0.680469,0.68107,0.670076,0.719561
3.778,0.626426,0.677771,0.624663,0.62503,0.627429,0.66324,0.68115,0.681727,0.671295,0.719163
3.7782,0.626739,0.67831,0.623332,0.623905,0.628565,0.662773,0.682074,0.681038,0.672288,0.718549
3.7784,0.627868,0.6804,0.622095,0.624078,0.628393,0.662855,0.682752,0.680198,0.672742,0.718388
3.7786,0.629533,0.682846,0.621845,0.624853,0.626963,0.662966,0.682933,0.679965,0.672991,0.718734
3.7788,0.630576,0.684468,0.622645,0.624577,0.625633,0.663165,0.684025,0.680295,0.672841,0.719977
3.779,0.631264,0.684621,0.624123,0.622808,0.625214,0.662871,0.686121,0.680622,0.673191,0.721544
3.7792,0.631409,0.683812,0.625831,0.620157,0.626258,0.662442,0.687836,0.680194,0.674014,0.722164
3.7794,0.630549,0.683026,0.626784,0.618325,0.62838,0.661949,0.688796,0.679221,0.674559,0.72181
3.7796,0.629831,0.683062,0.626186,0.617702,0.629943,0.66124,0.689608,0.679238,0.674975,0.720682
3.7798,0.630022,0.684168,0.624453,0.618073,0.629856,0.660243,0.689979,0.680195,0.675015,0.719755
3.78,0.630974,0.685879,0.622892,0.617993,0.628808,0.659336,0.690938,0.680919,0.674432,0.719885
3.7802,0.632406,0.687499,0.622718,0.617328,0.628037,0.658352,0.693443,0.680881,0.673874,0.720703
3.7804,0.63318,0.688637,0.623713,0.61591,0.628049,0.657243,0.696727,0.680083,0.673704,0.721488
3.7806,0.632926,0.688476,0.624833,0.614577,0.628943,0.656135,0.699393,0.678656,0.673771,0.721432
3.7808,0.632374,0.687023,0.625461,0.615326,0.63026,0.655161,0.700243,0.678741,0.674548,0.720818
3.781,0.632134,0.685167,0.625296,0.617731,0.631285,0.654233,0.699549,0.680832,0.675085,0.720317
3.7812,0.6324,0.68366,0.624518,0.619069,0.631619,0.653496,0.698731,0.683177,0.675132,0.720304
3.7814,0.632836,0.6831,0.624029,0.617837,0.631503,0.652733,0.699223,0.683584,0.675522,0.72099
3.7816,0.632802,0.684044,0.624373,0.615406,0.631337,0.652116,0.701108,0.681631,0.675919,0.72193
3.7818,0.632188,0.68583,0.624927,0.614007,0.631299,0.651883,0.70308,0.67897,0.67606,0.72265
3.782,0.631699,0.686651,0.624975,0.61402,0.631645,0.651736,0.703657,0.677624,0.675741,0.722886
3.7822,0.631368,0.685465,0.624711,0.615476,0.63192,0.651506,0.702809,0.678169,0.675182,0.722513
3.7824,0.631895,0.682884,0.624356,0.61709,0.632296,0.651206,0.702014,0.679743,0.674558,0.722221
3.7826,0.633565,0.679818,0.62396,0.617499,0.632789,0.650946,0.701003,0.680828,0.674966,0.722398
3.7828,0.635345,0.677392,0.624114,0.616778,0.633069,0.650865,0.700807,0.680511,0.675883,0.723055
3.783,0.635492,0.676651,0.62459,0.616082,0.6333,0.651035,0.700932,0.67915,0.676881,0.72377
3.7832,0.634199,0.677136,0.624812,0.615921,0.633407,0.651393,0.700508,0.677804,0.67705,0.723819
3.7834,0.632895,0.677634,0.624399,0.616225,0.633008,0.651683,0.700759,0.677272,0.676549,0.723622
3.7836,0.632168,0.676872,0.623397,0.616504,0.632784,0.65183,0.700005,0.677695,0.675629,0.72323
3.7838,0.632266,0.67464,0.622343,0.616452,0.633184,0.652277,0.697975,0.678396,0.674923,0.722984
3.784,0.633533,0.67177,0.621982,0.616379,0.63392,0.652974,0.695404,0.678924,0.674601,0.72339
3.7842,0.63478,0.669579,0.622206,0.616748,0.63455,0.65361,0.693297,0.679108,0.674794,0.723797
3.7844,0.634576,0.668822,0.622675,0.617425,0.63457,0.653907,0.691674,0.678756,0.675023,0.723963
3.7846,0.633323,0.669069,0.623003,0.617853,0.633852,0.653945,0.69074,0.678521,0.675199,0.723509
3.7848,0.63178,0.669439,0.623233,0.617654,0.632862,0.653659,0.690115,0.678612,0.674879,0.722445
3.785,0.631335,0.669303,0.623384,0.61693,0.632222,0.653409,0.689172,0.678878,0.674486,0.721602
3.7852,0.632388,0.668426,0.623321,0.616186,0.632235,0.653393,0.687482,0.678553,0.673793,0.721028
3.7854,0.633785,0.667167,0.623423,0.61602,0.632986,0.653721,0.685286,0.678026,0.673432,0.721367
3.7856,0.634445,0.666097,0.623311,0.616579,0.633868,0.654175,0.683554,0.677949,0.673246,0.72215
3.7858,0.634105,0.665725,0.622604,0.617379,0.634063,0.654475,0.683044,0.677926,0.673259,0.722732
3.786,0.633518,0.666126,0.622044,0.617683,0.633913,0.654798,0.683514,0.678302,0.673242,0.722469
3.7862,0.633107,0.666578,0.622084,0.617138,0.633727,0.654966,0.684256,0.678737,0.672871,0.721472
3.7864,0.632352,0.666984,0.622526,0.615841,0.633289,0.654873,0.68476,0.679109,0.672239,0.719799
3.7866,0.631639,0.667665,0.622732,0.614358,0.632537,0.655031,0.685155,0.679553,0.671312,0.718064
3.7868,0.631325,0.668303,0.622238,0.613503,0.631707,0.655296,0.685046,0.680119,0.670605,0.717164
3.787,0.631234,0.668204,0.621331,0.61381,0.63094,0.655386,0.685013,0.680088,0.670178,0.716968
3.7872,0.631161,0.667454,0.620751,0.61461,0.630559,0.655207,0.686197,0.679758,0.669673,0.717164
3.7874,0.631142,0.66651,0.621073,0.614574,0.63094,0.654964,0.688129,0.679837,0.669082,0.717225
3.7876,0.63096,0.665851,0.62235,0.613455,0.63141,0.654472,0.689271,0.680393,0.668084,0.716921
3.7878,0.630302,0.6662,0.623465,0.611758,0.631934,0.654417,0.689926,0.681151,0.666787,0.716244
3.788,0.629568,0.667666,0.623626,0.610809,0.6324,0.654788,0.690095,0.681672,0.665689,0.715209
3.7882,0.629495,0.669363,0.622852,0.610588,0.632182,0.65527,0.690241,0.681683,0.665253,0.714152
3.7884,0.630079,0.670219,0.621852,0.610604,0.631353,0.655532,0.691095,0.681345,0.665088,0.713376
3.7886,0.63071,0.670012,0.62149,0.610159,0.630645,0.655852,0.692318,0.68182,0.66467,0.713278
3.7888,0.630927,0.669216,0.621987,0.60901,0.630335,0.656296,0.693789,0.682862,0.663756,0.713932
3.789,0.63041,0.668433,0.623011,0.607888,0.630873,0.656652,0.695904,0.68387,0.662673,0.71539
3.7892,0.629174,0.668009,0.623854,0.607282,0.631675,0.656848,0.698295,0.684358,0.6618,0.716497
3.7894,0.628944,0.668645,0.624275,0.607134,0.63214,0.656724,0.699951,0.684057,0.661048,0.716399
3.7896,0.630107,0.670788,0.624471,0.607005,0.632128,0.656359,0.70056,0.683586,0.660387,0.714882
3.7898,0.632021,0.673251,0.624329,0.606766,0.632084,0.656434,0.700871,0.683524,0.659838,0.712572
3.79,0.633415,0.674607,0.62403,0.606459,0.632286,0.657026,0.701439,0.684465,0.659206,0.711095
3.7902,0.633476,0.674487,0.623685,0.606197,0.632557,0.657882,0.701718,0.686226,0.659599,0.711536
3.7904,0.632184,0.673554,0.623427,0.606137,0.632572,0.658406,0.701298,0.687297,0.661159,0.713349
3.7906,0.63078,0.672978,0.623557,0.606347,0.631926,0.65829,0.701652,0.686678,0.662714,0.715698
3.7908,0.630455,0.674097,0.624056,0.606758,0.631238,0.657758,0.702134,0.684852,0.663475,0.716889
3.791,0.631399,0.676946,0.62485,0.607206,0.631455,0.657386,0.702179,0.683699,0.663369,0.716115
3.7912,0.632832,0.679852,0.625348,0.607624,0.632139,0.656902,0.700411,0.683784,0.663011,0.714121
3.7914,0.633597,0.680928,0.625212,0.608469,0.632821,0.656463,0.698473,0.685013,0.663145,0.712084
3.7916,0.633308,0.679878,0.625018,0.609723,0.633135,0.656791,0.697207,0.687255,0.6642,0.711867
3.7918,0.632309,0.677856,0.624613,0.610543,0.633269,0.657351,0.695379,0.689189,0.664954,0.713742
3.792,0.631006,0.676918,0.624125,0.610503,0.633063,0.657123,0.692604,0.689042,0.665522,0.715547
3.7922,0.630763,0.677709,0.624486,0.609926,0.632703,0.656587,0.69032,0.686826,0.666133,0.715397
3.7924,0.632062,0.679298,0.625573,0.609037,0.632489,0.655958,0.689301,0.683802,0.666894,0.713126
3.7926,0.633881,0.680129,0.626897,0.608296,0.632811,0.655406,0.688617,0.681534,0.667301,0.709645
3.7928,0.635127,0.679563,0.627436,0.607954,0.633758,0.655328,0.687309,0.681471,0.667389,0.707079
3.793,0.635293,0.678181,0.627308,0.607944,0.634819,0.655559,0.684864,0.684197,0.667663,0.708063
3.7932,0.635074,0.677129,0.626789,0.607495,0.635363,0.65584,0.682499,0.687183,0.668148,0.712039
3.7934,0.63505,0.67689,0.626085,0.606379,0.63529,0.656553,0.68129,0.686993,0.668855,0.715556
3.7936,0.635991,0.677207,0.625851,0.605099,0.635066,0.657411,0.681297,0.683572,0.669865,0.716578
3.7938,0.637427,0.678374,0.626422,0.604184,0.634719,0.657525,0.681887,0.679051,0.670955,0.715128
3.794,0.638397,0.680197,0.627311,0.603765,0.634139,0.657072,0.682291,0.67633,0.67187,0.712781
3.7942,0.638248,0.681117,0.628044,0.60385,0.633863,0.656493,0.681957,0.676453,0.672101,0.710925
3.7944,0.637213,0.68086,0.628384,0.603695,0.634507,0.656577,0.681468,0.67755,0.672034,0.710943
3.7946,0.63667,0.679779,0.628084,0.604507,0.635529,0.657339,0.682056,0.678146,0.672352,0.712358
3.7948,0.637548,0.67809,0.627788,0.606148,0.63584,0.657618,0.683843,0.677461,0.673364,0.713879
3.795,0.639405,0.676562,0.628036,0.607721,0.635181,0.657362,0.686002,0.676327,0.674536,0.713935
3.7952,0.641047,0.675895,0.628441,0.608318,0.633864,0.657504,0.686911,0.675531,0.675368,0.712124
3.7954,0.641388,0.676092,0.628872,0.608243,0.633107,0.65817,0.687328,0.675156,0.675483,0.710965
3.7956,0.640194,0.676616,0.62888,0.60838,0.633566,0.658742,0.688189,0.674822,0.67497,0.711108
3.7958,0.638676,0.676967,0.628651,0.608953,0.634749,0.658555,0.689285,0.675836,0.674762,0.712131
3.796,0.638447,0.676866,0.628183,0.609603,0.635549,0.65775,0.689881,0.677251,0.675702,0.713334
3.7962,0.640085,0.676274,0.627672,0.610042,0.635739,0.657099,0.68955,0.677292,0.677389,0.713691
3.7964,0.642214,0.675575,0.627663,0.610154,0.634924,0.657002,0.68911,0.675582,0.679132,0.713308
3.7966,0.643705,0.675311,0.627709,0.609962,0.633448,0.657277,0.68967,0.673425,0.67999,0.712858
3.7968,0.64384,0.676029,0.627724,0.609634,0.631988,0.657593,0.690816,0.672302,0.679355,0.712617
3.797,0.642341,0.677622,0.627719,0.609432,0.631921,0.657357,0.691682,0.67272,0.677868,0.712674
3.7972,0.640654,0.679483,0.627343,0.609422,0.633653,0.656919,0.692229,0.674235,0.676737,0.712892
3.7974,0.640159,0.680503,0.626794,0.609836,0.636059,0.656623,0.693244,0.676068,0.67694,0.713027
3.7976,0.64124,0.680181,0.626395,0.610928,0.637631,0.656565,0.695176,0.676525,0.678446,0.713065
3.7978,0.642729,0.67874,0.626064,0.612164,0.637382,0.656748,0.69721,0.675892,0.680372,0.713241
3.798,0.643335,0.677214,0.625687,0.61269,0.635741,0.656946,0.69815,0.674661,0.681373,0.713714
3.7982,0.642693,0.676538,0.624639,0.612181,0.634021,0.656715,0.697916,0.673314,0.68065,0.714282
3.7984,0.641086,0.676787,0.622923,0.611013,0.633357,0.656044,0.697164,0.672725,0.679092,0.714536
3.7986,0.64014,0.67779,0.62129,0.610227,0.633615,0.655397,0.696144,0.673007,0.677953,0.714161
3.7988,0.640255,0.678784,0.620321,0.610973,0.634233,0.655473,0.695382,0.673311,0.677598,0.713125
3.799,0.641543,0.678916,0.620142,0.613475,0.634548,0.655957,0.694926,0.673243,0.678043,0.712218
3.7992,0.642946,0.678146,0.620495,0.61622,0.634078,0.656446,0.694712,0.673187,0.678913,0.712092
3.7994,0.643497,0.677879,0.62066,0.617516,0.63369,0.656559,0.694541,0.67332,0.679383,0.712674
3.7996,0.642384,0.678381,0.620022,0.616862,0.634109,0.656173,0.693916,0.673495,0.679217,0.713675
3.7998,0.640404,0.678931,0.618592,0.615194,0.634703,0.655177,0.693219,0.673785,0.678924,0.714378
3.8,0.638672,0.67944,0.616973,0.613862,0.634445,0.65462,0.692028,0.673727,0.6788,0.714032
3.8002,0.638221,0.679615,0.615934,0.614305,0.633698,0.655244,0.69165,0.673433,0.67867,0.712925
3.8004,0.639587,0.679277,0.615835,0.616407,0.633016,0.656202,0.690632,0.673874,0.678102,0.712066
3.8006,0.641213,0.679217,0.616497,0.618665,0.632688,0.656727,0.688407,0.67501,0.677,0.711588
3.8008,0.641554,0.679722,0.617194,0.619981,0.633307,0.656806,0.6861,0.676037,0.675907,0.711699
3.801,0.640718,0.68025,0.617217,0.619838,0.634565,0.656436,0.684582,0.676535,0.675329,0.711829
3.8012,0.639527,0.680338,0.616411,0.618885,0.635721,0.655839,0.684398,0.676613,0.675303,0.711123
3.8014,0.638979,0.680094,0.615252,0.617927,0.635803,0.655509,0.684789,0.67636,0.675143,0.710135
3.8016,0.639143,0.679803,0.614424,0.617616,0.634712,0.655767,0.684373,0.676234,0.67438,0.708986
3.8018,0.639472,0.679853,0.61437,0.618526,0.633247,0.656488,0.682916,0.676241,0.672997,0.708389
3.802,0.639941,0.680295,0.615033,0.619997,0.632424,0.657267,0.681479,0.676654,0.671646,0.708458
3.8022,0.640128,0.680881,0.615872,0.620783,0.632707,0.657728,0.68086,0.677526,0.670574,0.707959
3.8024,0.639108,0.681153,0.616257,0.62049,0.633679,0.657728,0.681149,0.678644,0.670002,0.706725
3.8026,0.637478,0.681335,0.615898,0.619416,0.63453,0.657306,0.681973,0.679697,0.669843,0.704794
3.8028,0.636238,0.681773,0.615084,0.618495,0.63512,0.657627,0.682765,0.680047,0.669328,0.70242
3.803,0.635752,0.682316,0.61454,0.618481,0.635041,0.6587,0.683399,0.680235,0.66808,0.7007
3.8032,0.636089,0.682565,0.614687,0.619485,0.634456,0.659391,0.684321,0.68093,0.666051,0.699845
3.8034,0.636775,0.682321,0.615336,0.62054,0.633712,0.659047,0.685431,0.682074,0.663577,0.699454
3.8036,0.636915,0.681711,0.616023,0.620953,0.633175,0.658336,0.686164,0.68281,0.661541,0.699113
3.8038,0.63628,0.680911,0.616455,0.620641,0.632943,0.657725,0.686869,0.683025,0.660455,0.698248
3.804,0.634951,0.680693,0.616336,0.620099,0.632791,0.657582,0.687769,0.683241,0.66035,0.69681
3.8042,0.633348,0.681408,0.615973,0.619607,0.632686,0.65806,0.687984,0.683511,0.660605,0.695307
3.8044,0.632313,0.683054,0.615882,0.619995,0.632737,0.65851,0.687373,0.684206,0.660577,0.694234
3.8046,0.632164,0.684497,0.616265,0.620912,0.633157,0.65908,0.68695,0.684975,0.66001,0.693829
3.8048,0.633032,0.685057,0.616882,0.621911,0.633513,0.65992,0.687448,0.68566,0.659044,0.694067
3.805,0.633948,0.684967,0.617375,0.62209,0.63335,0.660536,0.688489,0.685675,0.658157,0.694501
3.8052,0.63452,0.684741,0.617428,0.62208,0.632751,0.661222,0.68955,0.685681,0.657815,0.694664
3.8054,0.634198,0.68436,0.616904,0.622195,0.631754,0.661455,0.690265,0.686077,0.658072,0.694334
3.8056,0.633112,0.683639,0.616097,0.622359,0.63164,0.660746,0.690775,0.686275,0.658486,0.693636
3.8058,0.631799,0.683158,0.6156,0.622434,0.632369,0.659886,0.691617,0.685656,0.658682,0.693035
3.806,0.630838,0.682939,0.615852,0.621859,0.633002,0.659265,0.693135,0.684736,0.658968,0.69287
3.8062,0.631094,0.682461,0.616335,0.620683,0.632918,0.658722,0.694934,0.684307,0.659273,0.693051
3.8064,0.631932,0.681296,0.616973,0.620167,0.632162,0.658959,0.696151,0.684342,0.659365,0.69323
3.8066,0.632808,0.680153,0.617589,0.620634,0.631096,0.659697,0.696352,0.684562,0.659571,0.693165
3.8068,0.633554,0.680381,0.617559,0.621617,0.630371,0.660319,0.696127,0.685325,0.659888,0.693156
3.807,0.633775,0.681689,0.616841,0.622056,0.630687,0.66027,0.695362,0.685815,0.660224,0.69381
3.8072,0.633157,0.68308,0.615556,0.621603,0.631663,0.659609,0.695825,0.685364,0.660173,0.695198
3.8074,0.632383,0.683476,0.614347,0.620808,0.632673,0.659081,0.698429,0.68438,0.660425,0.696564
3.8076,0.631663,0.682803,0.61375,0.620314,0.632851,0.658846,0.699934,0.68371,0.661328,0.697129
3.8078,0.631409,0.6818,0.61406,0.620489,0.632477,0.659151,0.698011,0.683691,0.662411,0.69704
3.808,0.63193,0.681279,0.614726,0.621171,0.631512,0.659717,0.695037,0.684453,0.663194,0.696707
3.8082,0.63286,0.681661,0.614797,0.621892,0.630656,0.660194,0.692804,0.685816,0.663186,0.696668
3.8084,0.633915,0.68263,0.614207,0.622196,0.630827,0.660763,0.693329,0.686167,0.66283,0.697192
3.8086,0.634658,0.683429,0.613105,0.621959,0.631684,0.660819,0.694706,0.685436,0.662664,0.697852
3.8088,0.634502,0.68346,0.612361,0.621791,0.632273,0.660347,0.693798,0.684798,0.663286,0.698547
3.809,0.633491,0.683197,0.612333,0.622438,0.632051,0.659543,0.690776,0.684538,0.664366,0.698904
3.8092,0.632567,0.683109,0.612749,0.623566,0.631026,0.659188,0.68732,0.684419,0.665241,0.698816
3.8094,0.632516,0.683334,0.613114,0.625101,0.629849,0.659382,0.685349,0.684001,0.665902,0.698917
3.8096,0.633714,0.683687,0.613374,0.626496,0.629734,0.659761,0.685664,0.683607,0.666409,0.699148
3.8098,0.63518,0.683804,0.614056,0.627133,0.630757,0.660127,0.685963,0.68322,0.666479,0.699698
3.81,0.63539,0.683839,0.614635,0.626462,0.632276,0.660469,0.684366,0.683082,0.666228,0.70053
3.8102,0.633915,0.683872,0.614665,0.625496,0.633,0.660725,0.681486,0.683363,0.666036,0.70116
3.8104,0.631472,0.684096,0.61423,0.624929,0.632542,0.660807,0.679241,0.684189,0.666227,0.701927
3.8106,0.62916,0.684768,0.613832,0.625194,0.632018,0.661232,0.678899,0.684418,0.66678,0.702755
3.8108,0.62831,0.685528,0.61383,0.626083,0.631681,0.661157,0.680011,0.684025,0.667678,0.703441
3.811,0.629026,0.685898,0.614554,0.626814,0.631672,0.660084,0.681132,0.682736,0.667974,0.704508
3.8112,0.629766,0.685367,0.615725,0.626729,0.632254,0.659514,0.681534,0.681289,0.667963,0.705435
3.8114,0.629672,0.684103,0.616711,0.626358,0.633423,0.660222,0.681709,0.681123,0.667921,0.70592
3.8116,0.628471,0.68336,0.616828,0.626379,0.63407,0.661795,0.682374,0.68252,0.668226,0.705995
3.8118,0.627107,0.683749,0.616269,0.626644,0.634173,0.662913,0.683181,0.684009,0.668835,0.705447
3.812,0.626565,0.685042,0.615643,0.626784,0.63397,0.663286,0.683784,0.684376,0.669251,0.705119
3.8122,0.626563,0.686483,0.615859,0.62687,0.63363,0.662797,0.685221,0.683371,0.669641,0.705631
3.8124,0.627118,0.687239,0.616652,0.626799,0.633465,0.661727,0.687376,0.681432,0.670608,0.706608
3.8126,0.628152,0.68717,0.617278,0.626952,0.633632,0.66122,0.689227,0.679931,0.67234,0.707892
3.8128,0.629889,0.686571,0.617301,0.627311,0.633723,0.661886,0.689307,0.679783,0.673467,0.708873
3.813,0.631056,0.686122,0.616667,0.627621,0.633782,0.663084,0.688115,0.680968,0.673321,0.70889
3.8132,0.630813,0.686383,0.615781,0.627767,0.633616,0.6631,0.687577,0.682495,0.672504,0.708794
3.8134,0.629597,0.68699,0.615387,0.627708,0.633362,0.661692,0.689748,0.683066,0.671453,0.708475
3.8136,0.628362,0.687428,0.61629,0.627393,0.633209,0.659977,0.693164,0.682232,0.671476,0.708852
3.8138,0.6278,0.687808,0.617627,0.626745,0.633007,0.658966,0.695371,0.680674,0.672759,0.709853
3.814,0.628168,0.687994,0.618306,0.625672,0.632438,0.659032,0.696552,0.679533,0.674891,0.710455
3.8142,0.628945,0.687584,0.61818,0.624391,0.632294,0.660105,0.697356,0.679667,0.67689,0.710932
3.8144,0.62935,0.686331,0.61739,0.62364,0.632749,0.66091,0.69801,0.680627,0.677228,0.710966
3.8146,0.629615,0.684524,0.615933,0.623623,0.633,0.660574,0.698413,0.680989,0.676113,0.710571
3.8148,0.630239,0.683131,0.614827,0.624127,0.63229,0.659585,0.698224,0.679965,0.674429,0.710484
3.815,0.630956,0.682429,0.614514,0.624334,0.630503,0.658963,0.698146,0.677595,0.67343,0.710689
3.8152,0.631275,0.682392,0.614883,0.623824,0.628071,0.659392,0.6989,0.675349,0.67413,0.711344
3.8154,0.631676,0.682704,0.615036,0.622266,0.626184,0.660549,0.699384,0.674406,0.675998,0.712378
3.8156,0.631928,0.682914,0.61468,0.620965,0.625711,0.661637,0.69841,0.674824,0.677327,0.713063
3.8158,0.631829,0.682245,0.613892,0.620256,0.626514,0.662013,0.697111,0.675912,0.677778,0.713442
3.816,0.631856,0.680726,0.613108,0.620218,0.627549,0.661774,0.696581,0.676052,0.677331,0.71383
3.8162,0.632326,0.678883,0.612755,0.620611,0.627504,0.661516,0.696502,0.674498,0.67673,0.713814
3.8164,0.632893,0.677439,0.612865,0.621095,0.625975,0.661421,0.696284,0.67193,0.676563,0.714166
3.8166,0.633198,0.67707,0.613188,0.62103,0.623799,0.662185,0.696131,0.669472,0.677521,0.714778
3.8168,0.632997,0.677481,0.613459,0.620044,0.621695,0.663608,0.695965,0.668239,0.678926,0.71507
3.817,0.632385,0.677925,0.613287,0.618651,0.620516,0.664728,0.69507,0.668783,0.680057,0.714983
3.8172,0.632057,0.677582,0.613055,0.617419,0.620423,0.665315,0.693252,0.670218,0.679999,0.714317
3.8174,0.632597,0.676258,0.613054,0.61734,0.620894,0.665308,0.691245,0.671113,0.679012,0.713477
3.8176,0.634322,0.674318,0.613132,0.618111,0.621117,0.664927,0.690062,0.67024,0.678269,0.713145
3.8178,0.635943,0.672598,0.613136,0.618642,0.620717,0.664419,0.689962,0.668007,0.678077,0.713435
3.818,0.636415,0.671949,0.613078,0.618257,0.6199,0.664655,0.690251,0.665581,0.678618,0.713633
3.8182,0.635488,0.672326,0.613042,0.617184,0.618892,0.665521,0.691628,0.664255,0.679121,0.713387
3.8184,0.634052,0.673041,0.612982,0.616019,0.618108,0.666548,0.692807,0.664537,0.679604,0.712856
3.8186,0.632868,0.673303,0.612861,0.61527,0.617847,0.667055,0.692415,0.665672,0.67968,0.712258
3.8188,0.633271,0.672826,0.612741,0.615192,0.618097,0.666923,0.690893,0.666497,0.679278,0.711872
3.819,0.635543,0.671947,0.612667,0.615622,0.618537,0.666718,0.689491,0.666428,0.678861,0.711728
3.8192,0.638014,0.671142,0.612586,0.616075,0.6187,0.665995,0.689317,0.665662,0.678747,0.711427
3.8194,0.638526,0.670764,0.612429,0.616068,0.618489,0.665261,0.69069,0.664855,0.678943,0.711194
3.8196,0.636662,0.670734,0.612467,0.615568,0.618019,0.665363,0.69243,0.664568,0.67856,0.710952
3.8198,0.633709,0.670884,0.613036,0.614873,0.617642,0.666529,0.693336,0.664531,0.677677,0.710591
3.82,0.631226,0.671133,0.613668,0.614615,0.617376,0.667263,0.693398,0.664928,0.676666,0.710029
3.8202,0.630879,0.67137,0.613788,0.615081,0.617182,0.666781,0.693168,0.665726,0.675644,0.709451
3.8204,0.63256,0.671211,0.613262,0.615746,0.61744,0.665796,0.693502,0.666345,0.675427,0.708578
3.8206,0.634783,0.670659,0.612463,0.615963,0.617885,0.665057,0.694565,0.666157,0.675576,0.707334
3.8208,0.635713,0.669941,0.611995,0.615489,0.618426,0.664673,0.695878,0.665325,0.675456,0.706532
3.821,0.634963,0.669315,0.61226,0.614681,0.618812,0.664406,0.696021,0.664547,0.675014,0.705878
3.8212,0.633121,0.669241,0.613178,0.614212,0.619396,0.664072,0.695292,0.664374,0.674221,0.705971
3.8214,0.631129,0.669881,0.614234,0.61444,0.620005,0.663652,0.694692,0.664789,0.673425,0.70646
3.8216,0.63012,0.670818,0.614895,0.615189,0.620612,0.663381,0.695906,0.665498,0.673076,0.706613
3.8218,0.630593,0.671562,0.614894,0.615961,0.621047,0.663421,0.698189,0.666109,0.673252,0.706143
3.822,0.631826,0.671758,0.614264,0.616254,0.621229,0.663469,0.69973,0.666393,0.673629,0.705271
3.8222,0.632714,0.671285,0.613385,0.615865,0.621939,0.663371,0.699951,0.666463,0.673601,0.703869
3.8224,0.632726,0.670498,0.612833,0.615049,0.623009,0.662884,0.699846,0.666536,0.673371,0.703128
3.8226,0.6324,0.669997,0.612908,0.614439,0.623796,0.661944,0.700551,0.666553,0.673184,0.703332
3.8228,0.632136,0.671322,0.613742,0.614527,0.62389,0.661304,0.702011,0.666478,0.672972,0.704298
3.823,0.631891,0.674042,0.614496,0.615108,0.623577,0.661146,0.702815,0.666523,0.672664,0.705361
3.8232,0.631921,0.675558,0.614566,0.615417,0.623363,0.661414,0.702506,0.667355,0.672717,0.706274
3.8234,0.632205,0.674863,0.614827,0.615153,0.623436,0.661493,0.701915,0.669499,0.673214,0.706633
3.8236,0.632375,0.672252,0.616376,0.614314,0.624016,0.661263,0.702618,0.67085,0.673692,0.706525
3.8238,0.633009,0.669001,0.618142,0.613433,0.625057,0.660716,0.703271,0.669932,0.673859,0.705951
3.824,0.634816,0.666826,0.61844,0.613192,0.626186,0.660148,0.702653,0.667709,0.673821,0.705613
3.8242,0.63686,0.667369,0.616796,0.613556,0.626884,0.659874,0.701605,0.66511,0.673577,0.706022
3.8244,0.637642,0.670424,0.613875,0.614149,0.626958,0.660188,0.700751,0.663506,0.6736,0.706943
3.8246,0.636942,0.673243,0.611746,0.614244,0.626601,0.660941,0.699706,0.663437,0.673899,0.707705
3.8248,0.635503,0.673478,0.611882,0.614797,0.626265,0.66151,0.698996,0.665096,0.675032,0.708456
3.825,0.634589,0.670851,0.614555,0.616649,0.626376,0.662015,0.697164,0.668311,0.677013,0.709367
3.8252,0.635847,0.66692,0.618166,0.618719,0.627046,0.662028,0.695696,0.670096,0.678631,0.710057
3.8254,0.638863,0.664353,0.620206,0.619413,0.628296,0.661382,0.694868,0.668393,0.679306,0.710196
3.8256,0.640747,0.66454,0.619799,0.618683,0.629164,0.660591,0.695253,0.664366,0.678785,0.710013
3.8258,0.640167,0.666868,0.618042,0.617446,0.628753,0.660024,0.696335,0.66096,0.677585,0.709855
3.826,0.637629,0.669524,0.616683,0.616272,0.6276,0.659849,0.695374,0.660086,0.677125,0.710418
3.8262,0.634822,0.670565,0.616485,0.615765,0.626425,0.660668,0.691958,0.661434,0.678269,0.711566
3.8264,0.634489,0.670445,0.617617,0.616008,0.626514,0.661838,0.689342,0.663249,0.680344,0.712445
3.8266,0.637536,0.669662,0.619527,0.616712,0.628163,0.662677,0.689153,0.663709,0.682073,0.712948
3.8268,0.642023,0.668797,0.621058,0.617846,0.62968,0.66287,0.690705,0.662592,0.682383,0.712934
3.827,0.644948,0.668583,0.621424,0.619101,0.629716,0.66239,0.691764,0.661188,0.681163,0.712464
3.8272,0.643925,0.669388,0.620563,0.619694,0.627814,0.661968,0.690338,0.66049,0.679354,0.712687
3.8274,0.640405,0.67076,0.619424,0.619194,0.62458,0.662088,0.687592,0.660719,0.678264,0.713315
3.8276,0.637258,0.671917,0.618806,0.618204,0.622454,0.662523,0.686191,0.661655,0.678435,0.714313
3.8278,0.636856,0.672178,0.619078,0.618066,0.623477,0.662601,0.687304,0.663017,0.680105,0.715205
3.828,0.639302,0.671441,0.619569,0.618736,0.626212,0.662024,0.690243,0.663983,0.682594,0.715226
3.8282,0.642745,0.670811,0.619855,0.619909,0.627699,0.661093,0.692997,0.663745,0.684296,0.714623
3.8284,0.644453,0.671019,0.619734,0.621429,0.626644,0.660479,0.693082,0.663149,0.68403,0.714013
3.8286,0.643453,0.671979,0.619087,0.622632,0.623672,0.660664,0.691587,0.664044,0.681899,0.713761
3.8288,0.641298,0.673272,0.618566,0.622635,0.620644,0.661339,0.692101,0.66644,0.679058,0.714415
3.829,0.639627,0.673958,0.618923,0.621779,0.61899,0.661534,0.694455,0.6685,0.677203,0.715763
3.8292,0.639323,0.673512,0.619846,0.620405,0.619261,0.660834,0.696586,0.669053,0.677339,0.716719
3.8294,0.640091,0.672388,0.620558,0.619775,0.620704,0.659755,0.6972,0.668033,0.679026,0.716826
3.8296,0.640539,0.671628,0.620386,0.620501,0.621883,0.659116,0.695757,0.667219,0.680758,0.716221
3.8298,0.640582,0.671917,0.619924,0.621761,0.622004,0.659269,0.694345,0.667718,0.68154,0.715392
3.83,0.641323,0.673596,0.619656,0.622495,0.621413,0.659994,0.695136,0.669378,0.680727,0.715167
3.8302,0.642369,0.676137,0.62011,0.622053,0.620604,0.660777,0.697383,0.671143,0.679381,0.715549
3.8304,0.642536,0.677832,0.620908,0.621092,0.619909,0.661022,0.699592,0.671172,0.678033,0.716416
3.8306,0.641455,0.67753,0.62134,0.620538,0.61948,0.660461,0.701232,0.669861,0.677033,0.717398
3.8308,0.639208,0.675464,0.621451,0.620582,0.619537,0.659532,0.702164,0.668714,0.676934,0.717912
3.831,0.637041,0.672908,0.620967,0.620824,0.619934,0.658943,0.702492,0.669278,0.677349,0.717794
3.8312,0.636798,0.67152,0.620075,0.621049,0.620491,0.658622,0.703155,0.670771,0.677819,0.71716
3.8314,0.638318,0.671887,0.61953,0.621169,0.621317,0.658209,0.7047,0.67186,0.677879,0.716228
3.8316,0.639957,0.673405,0.619864,0.621411,0.622158,0.657275,0.706177,0.671844,0.677459,0.715342
3.8318,0.640505,0.674393,0.62056,0.622004,0.622872,0.655806,0.706439,0.670779,0.676987,0.7153
3.832,0.63964,0.673778,0.621083,0.622305,0.622929,0.654087,0.704928,0.669911,0.676798,0.71587
3.8322,0.638296,0.671835,0.620842,0.622142,0.622661,0.652892,0.703045,0.670979,0.676819,0.716674
3.8324,0.637349,0.670146,0.619971,0.621636,0.622658,0.652633,0.702403,0.6735,0.676972,0.717435
3.8326,0.637944,0.669561,0.619173,0.620924,0.623213,0.652457,0.703059,0.675534,0.677341,0.717535
3.8328,0.639256,0.670002,0.618983,0.621483,0.624055,0.651937,0.703491,0.675857,0.677838,0.717291
3.833,0.640538,0.67088,0.619413,0.623461,0.624788,0.650678,0.703028,0.674665,0.678564,0.716943
3.8332,0.640986,0.670789,0.62014,0.62577,0.624943,0.649975,0.702973,0.673202,0.678874,0.716753
3.8334,0.640087,0.669444,0.620648,0.626751,0.62468,0.64996,0.702255,0.672645,0.678366,0.717075
3.8336,0.6384,0.667335,0.620741,0.625975,0.624369,0.64951,0.701163,0.673493,0.677432,0.717537
3.8338,0.63707,0.665402,0.620567,0.624018,0.624782,0.648199,0.699184,0.675082,0.676533,0.717715
3.834,0.636828,0.66448,0.620219,0.622523,0.626009,0.646393,0.696853,0.676095,0.676252,0.71763
3.8342,0.637664,0.664385,0.619962,0.622862,0.627327,0.644902,0.694725,0.675692,0.676763,0.717013
3.8344,0.638902,0.664457,0.619849,0.624717,0.62803,0.643897,0.692617,0.673929,0.677728,0.716047
3.8346,0.639379,0.664346,0.620231,0.626567,0.627814,0.643607,0.691195,0.671955,0.678665,0.715224
3.8348,0.638601,0.663926,0.620556,0.627362,0.627427,0.64405,0.690551,0.670832,0.67881,0.714962
3.835,0.636951,0.663402,0.621075,0.626949,0.627328,0.644494,0.689983,0.671172,0.678697,0.715195
3.8352,0.635547,0.663105,0.621765,0.625785,0.627765,0.644758,0.689049,0.67164,0.6788,0.716347
3.8354,0.63522,0.662963,0.622087,0.624764,0.628583,0.644523,0.687617,0.671264,0.679046,0.716982
3.8356,0.635877,0.663,0.621988,0.624552,0.629472,0.643954,0.686221,0.669726,0.679715,0.716451
3.8358,0.636748,0.663283,0.621783,0.625197,0.629823,0.64344,0.685503,0.667249,0.680449,0.715004
3.836,0.637074,0.663598,0.621547,0.625945,0.629393,0.643392,0.685662,0.664835,0.680521,0.712859
3.8362,0.636521,0.663716,0.621521,0.625937,0.628873,0.643651,0.686382,0.663161,0.679836,0.711164
3.8364,0.635292,0.663849,0.621466,0.625318,0.62877,0.643993,0.687295,0.662391,0.679027,0.71076
3.8366,0.633995,0.664368,0.621295,0.624965,0.628789,0.644639,0.688246,0.661997,0.678539,0.711275
3.8368,0.633344,0.665122,0.621266,0.624985,0.628901,0.645477,0.688594,0.66153,0.678899,0.711884
3.837,0.633318,0.665406,0.620966,0.625328,0.62907,0.646035,0.688628,0.660781,0.67964,0.711781
3.8372,0.633225,0.664882,0.620547,0.625547,0.629491,0.645842,0.689462,0.660376,0.680003,0.710471
3.8374,0.632696,0.663892,0.620238,0.625127,0.630042,0.64548,0.69159,0.660206,0.679763,0.708616
3.8376,0.632012,0.663263,0.620219,0.62463,0.630241,0.645438,0.693277,0.659829,0.678739,0.707404
3.8378,0.631033,0.663676,0.620623,0.624247,0.629793,0.645781,0.694345,0.659066,0.677766,0.70699
3.838,0.630353,0.66508,0.621208,0.624805,0.629167,0.646487,0.694391,0.65816,0.677933,0.707666
3.8382,0.629719,0.666649,0.621619,0.626369,0.628753,0.647555,0.695505,0.657413,0.678743,0.708845
3.8384,0.629301,0.667578,0.621698,0.627532,0.628781,0.648627,0.697618,0.657173,0.679932,0.709465
3.8386,0.629102,0.667673,0.621416,0.6278,0.629212,0.649204,0.699542,0.657642,0.680691,0.709131
3.8388,0.629015,0.667171,0.621486,0.626924,0.629856,0.649215,0.70065,0.658392,0.680342,0.708359
3.839,0.628687,0.666648,0.621967,0.625642,0.630418,0.648727,0.701528,0.658847,0.679652,0.707627
3.8392,0.627402,0.666423,0.622414,0.625335,0.63079,0.648159,0.703006,0.658691,0.679147,0.707588
3.8394,0.625559,0.666638,0.622467,0.626185,0.630631,0.648089,0.704953,0.658523,0.678587,0.707861
3.8396,0.624189,0.667718,0.621987,0.627814,0.630459,0.64843,0.706458,0.658983,0.678263,0.708132
3.8398,0.623577,0.669178,0.621526,0.628613,0.630711,0.649163,0.706869,0.659862,0.678341,0.707915
3.84,0.623587,0.670466,0.621703,0.628097,0.630978,0.650247,0.706808,0.660544,0.678811,0.707049
3.8402,0.62355,0.671241,0.622697,0.626818,0.631098,0.650507,0.706222,0.661348,0.679279,0.706315
3.8404,0.623421,0.671505,0.624036,0.626165,0.631191,0.649456,0.706393,0.6622,0.679709,0.706481
3.8406,0.623159,0.671294,0.624735,0.626565,0.631417,0.647561,0.70704,0.662436,0.679264,0.707441
3.8408,0.622949,0.671067,0.62467,0.627644,0.632083,0.646145,0.706746,0.662867,0.678518,0.708441
3.841,0.623064,0.671914,0.624075,0.628675,0.632715,0.645544,0.705095,0.663627,0.677907,0.708644
3.8412,0.623409,0.673946,0.623828,0.62925,0.633327,0.645608,0.702681,0.664701,0.67715,0.707757
3.8414,0.623628,0.676098,0.624288,0.630219,0.634691,0.645773,0.701479,0.665607,0.677063,0.70698
3.8416,0.623466,0.676891,0.624994,0.631069,0.635945,0.64572,0.701494,0.666387,0.678453,0.706528
3.8418,0.622995,0.675809,0.62543,0.631492,0.636507,0.645705,0.701856,0.667157,0.680301,0.706437
3.842,0.622561,0.674098,0.625228,0.631017,0.635973,0.645701,0.69995,0.66779,0.680886,0.706752
3.8422,0.622312,0.672987,0.624468,0.630091,0.634812,0.64612,0.696634,0.668368,0.680053,0.706515
3.8424,0.622536,0.673152,0.623653,0.630108,0.633636,0.646742,0.694138,0.668463,0.678418,0.70571
3.8426,0.62326,0.674639,0.623223,0.630875,0.633435,0.646852,0.693759,0.668275,0.676928,0.704988
3.8428,0.623992,0.676418,0.623376,0.631898,0.633983,0.646245,0.693544,0.667902,0.676765,0.705453
3.843,0.624271,0.678099,0.623864,0.632217,0.634178,0.645635,0.691687,0.668154,0.678175,0.706559
3.8432,0.624387,0.679204,0.624235,0.631987,0.633415,0.646031,0.688953,0.669113,0.679933,0.707214
3.8434,0.624718,0.679058,0.624179,0.631376,0.631325,0.647207,0.686888,0.669616,0.680675,0.706841
3.8436,0.625105,0.678897,0.623687,0.630916,0.628801,0.648546,0.686114,0.669235,0.679973,0.705159
3.8438,0.625391,0.680199,0.623028,0.630616,0.627297,0.64989,0.686063,0.669107,0.678671,0.703638
3.844,0.625725,0.68208,0.622538,0.630486,0.626864,0.650847,0.685946,0.669577,0.677554,0.703343
3.8442,0.626267,0.683805,0.622522,0.630466,0.627161,0.650881,0.685506,0.670163,0.677107,0.704522
3.8444,0.6267,0.684385,0.623395,0.630706,0.627207,0.650584,0.685235,0.671373,0.677363,0.706112
3.8446,0.627067,0.683264,0.624467,0.631688,0.626566,0.650394,0.685728,0.673151,0.677968,0.70652
3.8448,0.627137,0.682176,0.624585,0.632574,0.625734,0.650809,0.687038,0.674063,0.678332,0.705179
3.845,0.626684,0.682574,0.623407,0.632356,0.624799,0.651079,0.688586,0.673554,0.678643,0.702838
3.8452,0.625867,0.684163,0.62157,0.631289,0.623867,0.650843,0.689238,0.672885,0.678887,0.700473
3.8454,0.624958,0.685675,0.620028,0.630375,0.623151,0.650171,0.689893,0.672455,0.678838,0.700098
3.8456,0.624492,0.685927,0.619504,0.630764,0.622687,0.649594,0.691048,0.672557,0.678456,0.702731
3.8458,0.624487,0.684948,0.620597,0.632465,0.622399,0.649201,0.691977,0.673903,0.677815,0.706324
3.846,0.624471,0.683715,0.622075,0.63449,0.622206,0.649336,0.691835,0.675411,0.677544,0.708967
3.8462,0.624861,0.683708,0.622588,0.6354,0.622022,0.64928,0.691313,0.676506,0.677573,0.709203
3.8464,0.62583,0.685065,0.621381,0.635141,0.621988,0.648822,0.691948,0.676465,0.677995,0.707529
3.8466,0.626991,0.687225,0.61896,0.634004,0.622271,0.647989,0.693897,0.675592,0.679125,0.705924
3.8468,0.627976,0.689006,0.616855,0.633117,0.622729,0.647334,0.695669,0.675148,0.680486,0.705491
3.847,0.62826,0.689294,0.616149,0.633559,0.623022,0.647116,0.696208,0.67541,0.680996,0.706476
3.8472,0.628573,0.687988,0.61711,0.634636,0.622998,0.647047,0.696033,0.676414,0.680384,0.708466
3.8474,0.629723,0.686184,0.618818,0.635487,0.622766,0.64698,0.696768,0.677709,0.679218,0.710049
3.8476,0.631607,0.685219,0.62095,0.636468,0.622636,0.646372,0.699369,0.677881,0.678129,0.710856
3.8478,0.63287,0.685555,0.622131,0.636974,0.622982,0.645065,0.70273,0.676633,0.677942,0.711216
3.848,0.632871,0.686357,0.621429,0.636728,0.623748,0.643806,0.70454,0.674653,0.678907,0.711423
3.8482,0.632004,0.686542,0.61934,0.635763,0.624429,0.643145,0.703823,0.673564,0.68005,0.711523
3.8484,0.631047,0.685357,0.617336,0.634863,0.624617,0.642847,0.701967,0.674055,0.680527,0.711896
3.8486,0.631049,0.683514,0.61645,0.634272,0.624322,0.642636,0.701466,0.6756,0.679415,0.712322
3.8488,0.63196,0.682463,0.616828,0.634738,0.624012,0.642327,0.70285,0.676768,0.677082,0.712955
3.849,0.632784,0.682695,0.617985,0.636486,0.624106,0.641917,0.703927,0.676565,0.674783,0.713464
3.8492,0.632784,0.683607,0.619071,0.638777,0.624722,0.641602,0.703448,0.67459,0.673744,0.713894
3.8494,0.632008,0.684023,0.619394,0.639715,0.625629,0.641577,0.702541,0.671966,0.674307,0.71421
3.8496,0.631054,0.683844,0.618953,0.638872,0.626398,0.641889,0.701058,0.670422,0.675467,0.714199
3.8498,0.630541,0.683165,0.618334,0.636782,0.626661,0.642461,0.699888,0.670852,0.676352,0.713749
3.85,0.630719,0.682494,0.618076,0.634955,0.626336,0.643061,0.699321,0.672547,0.675448,0.712938
3.8502,0.631307,0.682265,0.618348,0.634843,0.625698,0.643274,0.698191,0.674192,0.672977,0.712051
3.8504,0.63154,0.682137,0.618899,0.636155,0.625147,0.643252,0.696233,0.674679,0.670518,0.711476
3.8506,0.631071,0.682102,0.619239,0.63763,0.625165,0.643591,0.694858,0.674167,0.66894,0.71109
3.8508,0.630719,0.682396,0.619065,0.638105,0.625457,0.644177,0.694291,0.673312,0.668557,0.710841
3.851,0.630686,0.682619,0.618611,0.637139,0.625966,0.644648,0.69351,0.672671,0.668972,0.709969
3.8512,0.630596,0.68238,0.618298,0.63572,0.625959,0.644786,0.692105,0.673036,0.669063,0.708481
3.8514,0.630016,0.681861,0.618423,0.634901,0.62505,0.644611,0.690255,0.674286,0.668266,0.706826
3.8516,0.628707,0.681601,0.618903,0.635426,0.623561,0.644417,0.688661,0.67549,0.667003,0.70518
3.8518,0.627293,0.681868,0.619436,0.636617,0.621908,0.644633,0.687519,0.67574,0.665972,0.704041
3.852,0.626096,0.682403,0.619787,0.637441,0.621027,0.64544,0.687747,0.675048,0.665674,0.703861
3.8522,0.625884,0.682844,0.619879,0.637329,0.620918,0.646607,0.689118,0.674178,0.666148,0.70366
3.8524,0.626312,0.683103,0.619709,0.63654,0.621748,0.647784,0.690391,0.673839,0.666907,0.70303
3.8526,0.627401,0.682819,0.619301,0.635699,0.62247,0.648607,0.690775,0.674351,0.667385,0.701688
3.8528,0.627808,0.682847,0.618901,0.635154,0.6219,0.648959,0.690552,0.675144,0.667269,0.699739
3.853,0.626329,0.683953,0.618773,0.635548,0.620459,0.648971,0.690974,0.675443,0.666784,0.697859
3.8532,0.624,0.685551,0.61887,0.636349,0.619388,0.649035,0.692877,0.675438,0.666591,0.696643
3.8534,0.622453,0.68644,0.618962,0.636786,0.619389,0.649321,0.695172,0.67544,0.6669,0.696009
3.8536,0.622268,0.68636,0.618764,0.636634,0.620532,0.649465,0.696863,0.675434,0.667303,0.695784
3.8538,0.623135,0.685219,0.618068,0.636138,0.621752,0.649282,0.698405,0.67553,0.667446,0.695387
3.854,0.623832,0.684225,0.617065,0.635954,0.622494,0.6493,0.700164,0.675839,0.667156,0.69435
3.8542,0.623441,0.684838,0.616393,0.636197,0.622482,0.649605,0.70101,0.676046,0.666589,0.693119
3.8544,0.621824,0.687252,0.616391,0.636705,0.622349,0.650017,0.700911,0.676152,0.666267,0.691889
3.8546,0.619987,0.689842,0.616895,0.636742,0.622313,0.65051,0.7002,0.675975,0.66657,0.690889
3.8548,0.61894,0.690652,0.617503,0.635992,0.62235,0.651391,0.700587,0.676316,0.667376,0.690537
3.855,0.619075,0.689124,0.617388,0.635297,0.622528,0.652044,0.702584,0.676636,0.668085,0.690643
3.8552,0.62003,0.686336,0.616741,0.63524,0.62285,0.652564,0.704846,0.676549,0.668352,0.690866
3.8554,0.620957,0.684303,0.615767,0.635456,0.623083,0.65309,0.706131,0.67583,0.668203,0.690986
3.8556,0.621143,0.684411,0.615149,0.635631,0.623113,0.653296,0.706476,0.675618,0.667722,0.690901
3.8558,0.620523,0.686254,0.615377,0.635433,0.623363,0.653235,0.707163,0.676016,0.667156,0.691012
3.856,0.619738,0.688435,0.615672,0.634688,0.623793,0.653234,0.70925,0.676856,0.666993,0.691231
3.8562,0.619454,0.689684,0.615565,0.634062,0.624358,0.653994,0.712051,0.677553,0.667182,0.691208
3.8564,0.620132,0.689219,0.615285,0.633978,0.624979,0.655231,0.713432,0.677537,0.667302,0.690866
3.8566,0.62163,0.687442,0.614951,0.634446,0.625079,0.656014,0.712385,0.676966,0.666816,0.690277
3.8568,0.622793,0.686156,0.61495,0.63495,0.62475,0.655488,0.710097,0.67655,0.665456,0.68994
3.857,0.622931,0.686675,0.61509,0.635508,0.62422,0.654206,0.709764,0.676893,0.665012,0.690093
3.8572,0.622831,0.688639,0.6156,0.635687,0.624054,0.653531,0.710813,0.676945,0.665483,0.690716
3.8574,0.622979,0.691232,0.616455,0.635661,0.624285,0.654335,0.712472,0.676565,0.665867,0.691599
3.8576,0.623345,0.692733,0.617006,0.635439,0.625023,0.655436,0.712216,0.676383,0.6661,0.692294
3.8578,0.624291,0.692135,0.616793,0.635002,0.626328,0.656476,0.709252,0.676682,0.665057,0.692498
3.858,0.625557,0.691558,0.616036,0.634661,0.627709,0.656983,0.706625,0.677729,0.662565,0.692344
3.8582,0.626203,0.692102,0.615392,0.634628,0.628276,0.656508,0.705459,0.679505,0.660052,0.691941
3.8584,0.626203,0.692744,0.615329,0.634463,0.627812,0.655541,0.704153,0.680647,0.658872,0.691579
3.8586,0.62568,0.693195,0.615922,0.634147,0.62722,0.654849,0.702006,0.680438,0.659099,0.691661
3.8588,0.624952,0.693016,0.616738,0.634084,0.626714,0.65517,0.700023,0.679666,0.660107,0.692033
3.859,0.624519,0.691813,0.617213,0.634148,0.626448,0.656525,0.69808,0.67987,0.660502,0.69238
3.8592,0.624584,0.690697,0.61711,0.633676,0.626776,0.65761,0.696926,0.680953,0.659715,0.692835
3.8594,0.624888,0.691148,0.616753,0.632336,0.627791,0.657494,0.696065,0.682394,0.65814,0.692904
3.8596,0.625492,0.692595,0.616621,0.630578,0.62859,0.656347,0.696055,0.682584,0.657122,0.692318
3.8598,0.625638,0.693658,0.616922,0.628684,0.628931,0.65527,0.696339,0.681304,0.658281,0.69176
3.86,0.62498,0.693356,0.617589,0.627242,0.629386,0.655102,0.695634,0.679662,0.661152,0.691539
3.8602,0.624049,0.691606,0.618351,0.627062,0.629887,0.655851,0.694205,0.679461,0.664021,0.691888
3.8604,0.623801,0.689466,0.618919,0.628023,0.630503,0.656944,0.693228,0.681018,0.665508,0.69294
3.8606,0.624113,0.688523,0.619127,0.628743,0.63072,0.657741,0.693353,0.68314,0.665457,0.693458
3.8608,0.624575,0.689384,0.618935,0.627876,0.630874,0.657916,0.694516,0.684986,0.664953,0.693295
3.861,0.624997,0.691212,0.618837,0.625761,0.631028,0.657369,0.696155,0.684974,0.664503,0.6926
3.8612,0.625528,0.692212,0.619733,0.623489,0.630982,0.656738,0.697574,0.683677,0.6644,0.691648
3.8614,0.625781,0.691368,0.620919,0.622278,0.631322,0.656789,0.698708,0.683229,0.664999,0.691416
3.8616,0.625508,0.689018,0.621444,0.622593,0.63225,0.657386,0.699891,0.684238,0.666013,0.69224
3.8618,0.624976,0.687117,0.620833,0.623937,0.63317,0.658381,0.701073,0.68624,0.66668,0.693404
3.862,0.624868,0.687124,0.619657,0.624879,0.633748,0.658973,0.702291,0.68778,0.667063,0.694216
3.8622,0.625502,0.689016,0.618879,0.624407,0.633581,0.658592,0.704152,0.687975,0.667965,0.69511
3.8624,0.626054,0.691456,0.619399,0.622984,0.632651,0.657781,0.706549,0.686788,0.668892,0.695767
3.8626,0.626785,0.692588,0.620989,0.621505,0.632183,0.657264,0.70868,0.686374,0.670091,0.696155
3.8628,0.628109,0.691781,0.623114,0.620751,0.632791,0.656863,0.709572,0.687176,0.671094,0.696417
3.863,0.628676,0.690153,0.624464,0.620855,0.63382,0.656786,0.709531,0.688368,0.670788,0.6965
3.8632,0.628072,0.688667,0.624308,0.621365,0.634443,0.657008,0.709651,0.68972,0.66987,0.69695
3.8634,0.627291,0.688229,0.623256,0.621698,0.634056,0.657069,0.71146,0.689813,0.669047,0.697806
3.8636,0.62701,0.689194,0.622159,0.621456,0.632561,0.656626,0.714225,0.688101,0.668872,0.698384
3.8638,0.627174,0.69074,0.621552,0.620721,0.631278,0.655928,0.716179,0.686194,0.669592,0.698529
3.864,0.627761,0.691643,0.621296,0.620042,0.631235,0.65532,0.717401,0.68573,0.671041,0.698457
3.8642,0.628761,0.690875,0.621401,0.62007,0.632252,0.655038,0.71837,0.687151,0.672124,0.698245
3.8644,0.629341,0.688846,0.621486,0.620736,0.633171,0.654902,0.718747,0.689045,0.671916,0.6983
3.8646,0.629244,0.687023,0.620884,0.621562,0.632857,0.654601,0.718925,0.689741,0.670537,0.698612
3.8648,0.628896,0.686279,0.619661,0.622282,0.631454,0.654338,0.719058,0.688854,0.668909,0.698764
3.865,0.628567,0.686698,0.618307,0.622339,0.629852,0.654193,0.718755,0.686808,0.667841,0.698614
3.8652,0.628476,0.687538,0.61716,0.621524,0.629336,0.653693,0.718476,0.684921,0.668028,0.698189
3.8654,0.628775,0.687806,0.616499,0.620276,0.630316,0.653007,0.718269,0.684088,0.668875,0.697677
3.8656,0.629358,0.68704,0.616238,0.6197,0.632087,0.652668,0.71773,0.684452,0.669905,0.697483
3.8658,0.629491,0.685596,0.616416,0.620306,0.633169,0.652748,0.716695,0.68535,0.670247,0.697831
3.866,0.629399,0.684281,0.616682,0.621785,0.633036,0.653251,0.715105,0.686013,0.669664,0.698474
3.8662,0.629537,0.683799,0.616437,0.623233,0.631622,0.653681,0.714287,0.686076,0.668891,0.699106
3.8664,0.630562,0.684247,0.615728,0.62394,0.629684,0.653739,0.714213,0.685533,0.66848,0.699422
3.8666,0.631578,0.684895,0.614948,0.623898,0.628516,0.65388,0.713495,0.684763,0.668509,0.699112
3.8668,0.63166,0.68492,0.614327,0.62352,0.628528,0.654375,0.71202,0.684239,0.669225,0.698403
3.867,0.630591,0.684591,0.613896,0.623523,0.629393,0.655174,0.712255,0.683971,0.67032,0.697915
3.8672,0.629154,0.684091,0.613911,0.624339,0.630416,0.655646,0.712178,0.683723,0.671202,0.697981
3.8674,0.628236,0.683477,0.614064,0.625721,0.630801,0.655828,0.709722,0.683542,0.671234,0.698445
3.8676,0.628419,0.682531,0.61405,0.627086,0.630046,0.655968,0.706406,0.683301,0.670618,0.698743
3.8678,0.629875,0.681456,0.613742,0.627521,0.628564,0.656274,0.704447,0.682983,0.670117,0.698229
3.868,0.631514,0.6803,0.61321,0.627267,0.627255,0.656894,0.704597,0.682085,0.670274,0.697193
3.8682,0.632361,0.679535,0.612721,0.626505,0.626806,0.657035,0.705131,0.680849,0.670801,0.695919
3.8684,0.631732,0.679242,0.612488,0.62573,0.627386,0.656579,0.705443,0.679307,0.671767,0.694973
3.8686,0.630226,0.679304,0.612561,0.625261,0.628432,0.655882,0.705046,0.677834,0.672173,0.694467
3.8688,0.629295,0.679055,0.612879,0.625411,0.629135,0.655626,0.70442,0.67683,0.672313,0.693985
3.869,0.629677,0.678491,0.613206,0.626394,0.628983,0.656113,0.704171,0.676752,0.672318,0.693286
3.8692,0.630933,0.677574,0.613292,0.628286,0.628078,0.657067,0.704513,0.676799,0.672165,0.692057
3.8694,0.632175,0.675965,0.613114,0.629825,0.627022,0.657625,0.70527,0.676438,0.672384,0.690543
3.8696,0.632402,0.674156,0.613069,0.629922,0.626487,0.657496,0.706171,0.674947,0.672711,0.68931
3.8698,0.631417,0.673202,0.61338,0.628941,0.626516,0.657221,0.707197,0.672376,0.672644,0.68861
3.87,0.630652,0.673481,0.613885,0.627625,0.626719,0.657215,0.707881,0.669973,0.67253,0.688786
3.8702,0.630814,0.674633,0.614338,0.626865,0.626587,0.657493,0.708288,0.668487,0.67239,0.689044
3.8704,0.631937,0.675128,0.614691,0.627341,0.625817,0.657936,0.708668,0.667891,0.672511,0.688622
3.8706,0.633061,0.674621,0.614699,0.62868,0.624771,0.658959,0.708724,0.66793,0.673223,0.687378
3.8708,0.632868,0.673815,0.614548,0.630086,0.623787,0.660066,0.708442,0.667633,0.673995,0.685797
3.871,0.632122,0.673392,0.614641,0.630792,0.623095,0.66132,0.708305,0.666588,0.674774,0.684718
3.8712,0.63137,0.673339,0.615163,0.630654,0.622379,0.662543,0.708943,0.665257,0.675088,0.684458
3.8714,0.631135,0.673656,0.615867,0.630177,0.621905,0.662907,0.710098,0.664242,0.67479,0.684881
3.8716,0.631977,0.674132,0.61634,0.629519,0.621221,0.662492,0.711585,0.663867,0.674175,0.685541
3.8718,0.633325,0.674242,0.616345,0.628994,0.620001,0.661745,0.712887,0.664015,0.673775,0.685931
3.872,0.634001,0.673957,0.615811,0.628856,0.618599,0.661841,0.713667,0.664309,0.674098,0.685817
3.8722,0.633419,0.67395,0.614958,0.62919,0.617337,0.662902,0.714411,0.664439,0.674924,0.685548
3.8724,0.632025,0.674605,0.614404,0.629399,0.616148,0.664106,0.715794,0.664411,0.675926,0.686075
3.8726,0.630609,0.675457,0.614754,0.629191,0.615323,0.664687,0.71759,0.664166,0.676272,0.687231
3.8728,0.630289,0.675782,0.615558,0.629031,0.614851,0.66462,0.719045,0.664407,0.675751,0.68824
3.873,0.631585,0.675522,0.616195,0.629636,0.614551,0.664156,0.719694,0.665389,0.674963,0.688457
3.8732,0.63329,0.675133,0.616189,0.630879,0.614628,0.663807,0.719041,0.666363,0.674476,0.688285
3.8734,0.634084,0.674893,0.616562,0.631629,0.615979,0.663779,0.717212,0.666541,0.674448,0.687809
3.8736,0.633744,0.6752,0.616894,0.631057,0.617674,0.663744,0.715564,0.665802,0.674879,0.687747
3.8738,0.632323,0.675826,0.6165,0.629118,0.618472,0.66352,0.714944,0.664658,0.675227,0.688558
3.874,0.630378,0.67648,0.615536,0.626745,0.618168,0.663286,0.715174,0.664175,0.675185,0.690362
3.8742,0.628971,0.676551,0.614545,0.625327,0.617526,0.663934,0.716252,0.664802,0.674826,0.692124
3.8744,0.628638,0.67648,0.613965,0.625285,0.617278,0.665438,0.715896,0.666035,0.674396,0.693339
3.8746,0.628781,0.676731,0.615219,0.625667,0.618062,0.666515,0.715192,0.66717,0.674348,0.693574
3.8748,0.628671,0.677653,0.617461,0.626563,0.619452,0.666503,0.714654,0.667776,0.674536,0.69313
3.875,0.627323,0.67872,0.618643,0.627877,0.620534,0.665569,0.712834,0.667744,0.6748,0.692768
3.8752,0.625653,0.67928,0.61779,0.628378,0.620825,0.664895,0.710947,0.66739,0.67491,0.693363
3.8754,0.624712,0.679798,0.615784,0.626975,0.620579,0.664842,0.709936,0.667142,0.675077,0.695145
3.8756,0.625277,0.680723,0.613978,0.62452,0.620245,0.66545,0.709104,0.667175,0.675298,0.697122
3.8758,0.626822,0.68146,0.613614,0.622308,0.620425,0.665664,0.707715,0.667634,0.675857,0.698342
3.876,0.628103,0.681537,0.615474,0.621684,0.621524,0.66515,0.705748,0.668025,0.676405,0.698471
3.8762,0.628187,0.680985,0.617936,0.62218,0.622838,0.664556,0.704188,0.667745,0.676531,0.698244
3.8764,0.627615,0.680252,0.619101,0.623324,0.623407,0.664905,0.702997,0.666937,0.676185,0.698434
3.8766,0.628063,0.680511,0.618702,0.623803,0.622785,0.665665,0.702158,0.666215,0.675555,0.699687
3.8768,0.629253,0.681316,0.617938,0.623604,0.622024,0.666487,0.701434,0.666198,0.675699,0.701727
3.877,0.630211,0.682418,0.617474,0.623413,0.621931,0.666502,0.700522,0.66624,0.676293,0.70324
3.8772,0.630645,0.683946,0.617439,0.623106,0.623208,0.66557,0.699224,0.666089,0.676888,0.704279
3.8774,0.630763,0.684958,0.618045,0.623138,0.625182,0.664123,0.697919,0.665827,0.677488,0.704192
3.8776,0.630533,0.684876,0.618617,0.623247,0.626861,0.66281,0.697143,0.665807,0.677504,0.703575
3.8778,0.630485,0.683683,0.618515,0.623379,0.627932,0.662697,0.697399,0.665969,0.677393,0.7031
3.878,0.63081,0.68229,0.618273,0.623475,0.62762,0.663408,0.698727,0.665307,0.67727,0.703322
3.8782,0.630565,0.681984,0.61874,0.623701,0.626277,0.663868,0.700286,0.663951,0.677077,0.704252
3.8784,0.63037,0.682727,0.620219,0.624343,0.625049,0.663381,0.70069,0.662494,0.677245,0.705067
3.8786,0.630778,0.683928,0.621601,0.625323,0.625013,0.661952,0.700217,0.661246,0.677675,0.705305
3.8788,0.631756,0.685428,0.62212,0.625631,0.626083,0.660249,0.700849,0.660466,0.677966,0.705059
3.879,0.63226,0.686066,0.621281,0.624965,0.627574,0.659337,0.702288,0.660041,0.67807,0.704966
3.8792,0.632204,0.685646,0.619658,0.623782,0.628309,0.659593,0.703335,0.659664,0.678007,0.705236
3.8794,0.632069,0.684551,0.618374,0.623345,0.627601,0.660414,0.703142,0.659246,0.677742,0.706154
3.8796,0.632214,0.683275,0.618286,0.624035,0.626153,0.660997,0.701473,0.658876,0.677467,0.707181
3.8798,0.632813,0.683009,0.61953,0.624976,0.625631,0.660797,0.700473,0.658667,0.677357,0.708183
3.88,0.633173,0.683726,0.621202,0.62574,0.626331,0.659861,0.701503,0.658664,0.677473,0.708542
3.8802,0.633212,0.685034,0.621867,0.626143,0.627832,0.658782,0.703413,0.658886,0.677575,0.708341
3.8804,0.633167,0.685528,0.621159,0.625544,0.628827,0.658157,0.704606,0.659323,0.677574,0.708132
3.8806,0.633015,0.685289,0.619488,0.62427,0.629109,0.658117,0.704719,0.660171,0.677526,0.708072
3.8808,0.633015,0.685014,0.618391,0.623663,0.629217,0.658375,0.704827,0.66144,0.677292,0.708013
3.881,0.633621,0.684847,0.618623,0.624339,0.629292,0.658291,0.706005,0.662486,0.676853,0.707657
3.8812,0.634462,0.685041,0.619465,0.626116,0.629284,0.657324,0.707682,0.663045,0.6767,0.706828
3.8814,0.634589,0.685664,0.620061,0.627718,0.629428,0.655667,0.708839,0.662923,0.676779,0.70558
3.8816,0.634122,0.686159,0.619868,0.628379,0.629791,0.654067,0.708942,0.662315,0.676633,0.704247
3.8818,0.634073,0.68613,0.618968,0.628063,0.630021,0.653199,0.708234,0.66186,0.676541,0.703574
3.882,0.634355,0.685716,0.617876,0.627552,0.63023,0.652952,0.707064,0.662254,0.676267,0.703327
3.8822,0.634587,0.685748,0.617151,0.627341,0.63051,0.653042,0.705645,0.663218,0.676265,0.703488
3.8824,0.634579,0.685512,0.617146,0.628095,0.631097,0.652336,0.704486,0.664231,0.676645,0.70333
3.8826,0.634367,0.684272,0.617826,0.629358,0.63176,0.650883,0.704208,0.664707,0.676613,0.702406
3.8828,0.634218,0.682356,0.618709,0.630351,0.632177,0.649204,0.705807,0.664445,0.676095,0.701267
3.883,0.634224,0.68004,0.619206,0.63051,0.632194,0.647762,0.706899,0.664533,0.675423,0.699975
3.8832,0.634455,0.678532,0.61914,0.629809,0.631847,0.647003,0.705945,0.66498,0.675422,0.69903
3.8834,0.634812,0.678522,0.618871,0.629275,0.631568,0.646695,0.703321,0.665349,0.676241,0.698399
3.8836,0.635034,0.679874,0.618878,0.629583,0.631732,0.647081,0.700786,0.665393,0.676938,0.697504
3.8838,0.635272,0.681202,0.619257,0.630521,0.632427,0.647136,0.699349,0.665564,0.676902,0.696336
3.884,0.635927,0.680783,0.619736,0.631744,0.633692,0.645968,0.699521,0.666212,0.676772,0.695065
3.8842,0.636494,0.678337,0.62005,0.63231,0.634708,0.644146,0.699857,0.666866,0.676667,0.693714
3.8844,0.636767,0.675229,0.620137,0.632156,0.63494,0.642673,0.698777,0.666981,0.676598,0.692814
3.8846,0.636574,0.673154,0.620019,0.631521,0.634613,0.641928,0.696114,0.667092,0.676366,0.692283
3.8848,0.635968,0.67295,0.619997,0.631156,0.634007,0.641716,0.693508,0.667317,0.676055,0.691824
3.885,0.635307,0.674172,0.62038,0.63158,0.633505,0.641617,0.69209,0.66733,0.675612,0.691433
3.8852,0.634993,0.675414,0.620992,0.632126,0.633706,0.641374,0.691899,0.667196,0.675599,0.69078
3.8854,0.635261,0.675525,0.621353,0.632225,0.634367,0.641,0.691924,0.667633,0.675898,0.69
3.8856,0.636253,0.674364,0.621171,0.63165,0.635275,0.640777,0.691433,0.668532,0.676548,0.689525
3.8858,0.637021,0.672648,0.620411,0.631307,0.635522,0.640864,0.690577,0.668878,0.67757,0.68936
3.886,0.637046,0.67144,0.619248,0.631751,0.635242,0.641337,0.690001,0.668571,0.678381,0.689311
3.8862,0.636351,0.671269,0.61835,0.632308,0.634396,0.641781,0.690156,0.668165,0.678213,0.689398
3.8864,0.635262,0.671801,0.618513,0.631878,0.633171,0.641785,0.691088,0.668497,0.67657,0.689533
3.8866,0.63436,0.672528,0.619339,0.630607,0.632223,0.641689,0.692814,0.669098,0.674518,0.689686
3.8868,0.634416,0.67285,0.61968,0.629511,0.631781,0.641942,0.694411,0.669304,0.673608,0.689394
3.887,0.635286,0.672479,0.619003,0.628978,0.631648,0.642269,0.694899,0.669403,0.674074,0.6885
3.8872,0.636075,0.671711,0.617414,0.629189,0.631754,0.642405,0.695311,0.670182,0.674972,0.68734
3.8874,0.63601,0.671008,0.615603,0.629831,0.631992,0.642284,0.696395,0.671106,0.675304,0.686381
3.8876,0.634975,0.670662,0.614525,0.630045,0.632375,0.642066,0.697121,0.671986,0.674678,0.686133
3.8878,0.633674,0.670776,0.614403,0.630006,0.632373,0.641949,0.696973,0.672542,0.673917,0.686701
3.888,0.632599,0.671178,0.614771,0.630076,0.632219,0.642196,0.696391,0.673048,0.673239,0.687565
3.8882,0.632389,0.671697,0.614881,0.630004,0.632029,0.642836,0.696387,0.673212,0.673436,0.688219
3.8884,0.633166,0.672116,0.614478,0.630043,0.631653,0.643663,0.697414,0.673392,0.674474,0.688312
3.8886,0.634236,0.672208,0.613631,0.630408,0.631163,0.644457,0.698657,0.673571,0.675306,0.687835
3.8888,0.635333,0.671973,0.612624,0.630609,0.630921,0.645023,0.69937,0.673598,0.675375,0.687246
3.889,0.635818,0.671508,0.61178,0.630936,0.631036,0.645239,0.699942,0.674533,0.67455,0.686662
3.8892,0.635101,0.670992,0.611207,0.631609,0.63114,0.645071,0.701186,0.675913,0.6734,0.6866
3.8894,0.633773,0.670672,0.611195,0.632231,0.631008,0.645069,0.703185,0.676624,0.672686,0.687678
3.8896,0.632365,0.670665,0.611626,0.632196,0.63047,0.645516,0.704975,0.67618,0.672667,0.689198
3.8898,0.631259,0.670655,0.61198,0.631467,0.629945,0.646067,0.705755,0.675038,0.673085,0.691061
3.89,0.631248,0.670202,0.611983,0.630712,0.629789,0.646252,0.70584,0.673929,0.673437,0.692236
3.8902,0.632238,0.669072,0.611724,0.630036,0.63077,0.645638,0.705374,0.673857,0.673382,0.691989
3.8904,0.633529,0.667848,0.611423,0.630117,0.632516,0.645027,0.704573,0.675395,0.672962,0.690515
3.8906,0.634265,0.666982,0.611384,0.631296,0.633935,0.644677,0.703783,0.677242,0.67266,0.688833
3.8908,0.63375,0.666577,0.611725,0.633336,0.634164,0.64461,0.703759,0.678509,0.672824,0.688256
3.891,0.632753,0.667332,0.612558,0.634684,0.633184,0.644747,0.704033,0.67879,0.673327,0.689616
3.8912,0.632382,0.67023,0.613743,0.634319,0.63207,0.644679,0.705426,0.677928,0.6739,0.691575
3.8914,0.633152,0.673893,0.614462,0.632193,0.632246,0.643808,0.706736,0.67683,0.674429,0.692858
3.8916,0.634215,0.675532,0.614471,0.629798,0.633709,0.642215,0.706923,0.676382,0.674862,0.693636
3.8918,0.634853,0.673883,0.614104,0.629327,0.635458,0.640694,0.706288,0.677188,0.675311,0.693512
3.892,0.634877,0.67085,0.614597,0.631341,0.636754,0.639931,0.707612,0.678468,0.675677,0.692746
3.8922,0.634403,0.668636,0.615831,0.634128,0.636787,0.639942,0.710312,0.678888,0.675423,0.691761
3.8924,0.633703,0.668445,0.617063,0.635441,0.635546,0.640405,0.711455,0.678703,0.674654,0.691144
3.8926,0.633224,0.670403,0.617589,0.634552,0.6341,0.640517,0.711718,0.678574,0.673606,0.691437
3.8928,0.633567,0.673068,0.617494,0.632592,0.633951,0.639987,0.711872,0.678845,0.672715,0.692556
3.893,0.634224,0.674986,0.61696,0.630734,0.635564,0.639367,0.712094,0.679108,0.672367,0.693649
3.8932,0.635283,0.675334,0.616827,0.629768,0.637628,0.638812,0.71262,0.679165,0.672795,0.694254
3.8934,0.636097,0.674389,0.617263,0.629824,0.638541,0.638927,0.712637,0.678812,0.673157,0.694198
3.8936,0.636757,0.673648,0.617901,0.630948,0.637773,0.639493,0.713395,0.678415,0.672775,0.694065
3.8938,0.636853,0.674094,0.618296,0.631644,0.636054,0.640651,0.715055,0.678889,0.671457,0.694369
3.894,0.636257,0.675885,0.618436,0.631646,0.634518,0.641808,0.716651,0.680042,0.669617,0.69473
3.8942,0.635366,0.677737,0.618334,0.631083,0.634163,0.642312,0.716816,0.68099,0.667588,0.695379
3.8944,0.63458,0.678416,0.618257,0.629846,0.635199,0.641933,0.715801,0.681521,0.666672,0.696087
3.8946,0.634691,0.677542,0.618467,0.628887,0.63693,0.641181,0.714978,0.681324,0.668414,0.696463
3.8948,0.63539,0.675963,0.619378,0.628786,0.638063,0.640951,0.716312,0.680328,0.671174,0.697269
3.895,0.636641,0.675112,0.620372,0.629298,0.637954,0.641462,0.717865,0.679229,0.672529,0.69829
3.8952,0.63722,0.676138,0.621034,0.630189,0.636889,0.642547,0.717931,0.679181,0.671206,0.699068
3.8954,0.636708,0.678282,0.620538,0.630667,0.635331,0.6436,0.716312,0.680282,0.668003,0.699744
3.8956,0.63544,0.680313,0.618806,0.630476,0.634063,0.644215,0.71444,0.681312,0.664773,0.70023
3.8958,0.634231,0.681101,0.616874,0.629663,0.633738,0.644595,0.714021,0.681671,0.66312,0.700952
3.896,0.633775,0.680351,0.615523,0.628706,0.634182,0.644669,0.716094,0.681054,0.663485,0.701725
3.8962,0.634148,0.679142,0.615562,0.62819,0.634794,0.644571,0.71805,0.680021,0.664931,0.70194
3.8964,0.635456,0.678654,0.616823,0.628379,0.635106,0.644376,0.717279,0.679729,0.666027,0.701566
3.8966,0.636767,0.679349,0.617957,0.629178,0.634977,0.644755,0.71376,0.680202,0.66601,0.70064
3.8968,0.637589,0.680595,0.617819,0.630054,0.634409,0.64529,0.710301,0.680965,0.665211,0.700197
3.897,0.637288,0.681443,0.61636,0.630294,0.633579,0.645626,0.708927,0.681685,0.664152,0.700474
3.8972,0.636401,0.681409,0.614759,0.629591,0.633116,0.645905,0.709877,0.682112,0.663463,0.70093
3.8974,0.635761,0.680765,0.613634,0.628298,0.633495,0.646305,0.710727,0.682303,0.66416,0.701634
3.8976,0.635624,0.679934,0.613416,0.628474,0.634617,0.646625,0.709304,0.681904,0.665422,0.701876
3.8978,0.636296,0.679204,0.614279,0.630758,0.63516,0.646973,0.705868,0.681164,0.666906,0.701499
3.898,0.637216,0.67875,0.615309,0.633129,0.634097,0.647135,0.703505,0.680104,0.668399,0.700991
3.8982,0.637587,0.678173,0.615886,0.633041,0.631546,0.647238,0.703023,0.67966,0.669558,0.700502
3.8984,0.637623,0.677329,0.615759,0.630312,0.62864,0.647827,0.704432,0.680165,0.669657,0.700443
3.8986,0.637562,0.676393,0.615118,0.626603,0.626512,0.648742,0.705041,0.681559,0.66918,0.700953
3.8988,0.637319,0.675456,0.614449,0.623879,0.625798,0.649517,0.703278,0.68329,0.668665,0.701513
3.899,0.637054,0.674692,0.614282,0.623346,0.626513,0.649965,0.700527,0.68395,0.668405,0.701881
3.8992,0.637135,0.673625,0.614802,0.62488,0.627492,0.649983,0.698676,0.682787,0.668747,0.701975
3.8994,0.637412,0.672216,0.615713,0.626858,0.627315,0.650184,0.6987,0.681199,0.669512,0.70174
3.8996,0.637835,0.670615,0.616444,0.627288,0.625474,0.650449,0.700151,0.680347,0.670224,0.701416
3.8998,0.638722,0.669256,0.616575,0.625255,0.622852,0.651196,0.701605,0.680348,0.670524,0.70137
3.9,0.639539,0.668691,0.616191,0.621665,0.620694,0.651909,0.702233,0.68181,0.67013,0.701895
3.9002,0.639664,0.668984,0.615836,0.618809,0.619696,0.652273,0.702347,0.684199,0.669231,0.702587
3.9004,0.639031,0.66925,0.615849,0.617802,0.619717,0.652062,0.702954,0.685904,0.668497,0.703068
3.9006,0.638643,0.668517,0.616273,0.618328,0.620172,0.651452,0.704274,0.685849,0.668384,0.702948
3.9008,0.638948,0.666612,0.616831,0.619344,0.620191,0.651556,0.705466,0.684301,0.668853,0.702778
3.901,0.639549,0.664119,0.617154,0.619853,0.619393,0.652701,0.707092,0.682354,0.669338,0.702449
3.9012,0.639642,0.662163,0.617044,0.619131,0.618026,0.654265,0.709362,0.681285,0.668817,0.702354
3.9014,0.638985,0.66135,0.616692,0.61757,0.616728,0.655542,0.711702,0.682071,0.667365,0.702218
3.9016,0.638488,0.661557,0.616551,0.616004,0.616142,0.656251,0.712857,0.684225,0.665516,0.702576
3.9018,0.638612,0.662032,0.616846,0.615235,0.616422,0.656348,0.712753,0.686266,0.664453,0.703522
3.902,0.639359,0.662083,0.617392,0.615494,0.617169,0.656136,0.712844,0.686503,0.664222,0.704386
3.9022,0.640516,0.661529,0.617827,0.616294,0.617742,0.6559,0.714093,0.68522,0.664531,0.704236
3.9024,0.641217,0.660606,0.617823,0.616875,0.617734,0.656053,0.715524,0.683621,0.664764,0.703283
3.9026,0.640862,0.659775,0.617231,0.616728,0.61723,0.656744,0.716336,0.682803,0.664414,0.701867
3.9028,0.639596,0.659517,0.616299,0.615938,0.616598,0.657365,0.716598,0.683432,0.663122,0.70084
3.903,0.638019,0.659561,0.615743,0.615192,0.616215,0.657662,0.716912,0.684738,0.661134,0.700344
3.9032,0.637365,0.659922,0.615873,0.614986,0.616524,0.657619,0.717415,0.685483,0.658923,0.700188
3.9034,0.63781,0.66079,0.616173,0.615556,0.617345,0.657505,0.717893,0.685666,0.657446,0.700477
3.9036,0.638468,0.66172,0.616133,0.616853,0.61824,0.657464,0.718069,0.685283,0.656873,0.700504
3.9038,0.638789,0.66211,0.615416,0.617973,0.61864,0.657599,0.718095,0.684495,0.656976,0.700039
3.904,0.638286,0.661853,0.614231,0.618328,0.618558,0.657934,0.717939,0.683994,0.657073,0.699474
3.9042,0.63755,0.661106,0.613108,0.617773,0.618112,0.658126,0.717905,0.684277,0.656657,0.698883
3.9044,0.636974,0.66049,0.612525,0.616891,0.618058,0.658115,0.718544,0.685046,0.655786,0.698444
3.9046,0.637007,0.660703,0.612517,0.61651,0.618606,0.65751,0.720501,0.685571,0.654851,0.698252
3.9048,0.637155,0.66191,0.612689,0.616969,0.619909,0.656749,0.723052,0.685549,0.654329,0.698296
3.905,0.637375,0.663435,0.612534,0.617954,0.621138,0.656202,0.725093,0.685099,0.654488,0.698312
3.9052,0.637856,0.664429,0.612004,0.618812,0.621866,0.656759,0.724989,0.684557,0.655178,0.69817
3.9054,0.637751,0.664481,0.611353,0.619079,0.621777,0.657878,0.723364,0.684186,0.655927,0.697998
3.9056,0.63726,0.663689,0.610597,0.618594,0.621205,0.658781,0.722778,0.683981,0.656315,0.697942
3.9058,0.637195,0.662687,0.609871,0.617685,0.620734,0.658413,0.724812,0.684301,0.656182,0.698329
3.906,0.637507,0.662341,0.609356,0.617046,0.621058,0.657138,0.728312,0.684919,0.655908,0.698982
3.9062,0.637313,0.663005,0.609105,0.61706,0.621985,0.656191,0.730802,0.685607,0.656011,0.699235
3.9064,0.636674,0.664227,0.608955,0.617853,0.623043,0.655833,0.731003,0.685696,0.656705,0.699018
3.9066,0.635988,0.664938,0.608749,0.618602,0.623646,0.656055,0.729364,0.684826,0.657542,0.698743
3.9068,0.635454,0.664673,0.608409,0.618652,0.623977,0.656753,0.727736,0.68375,0.658286,0.698745
3.907,0.635964,0.663327,0.608235,0.617819,0.624577,0.65767,0.726941,0.683158,0.658732,0.699383
3.9072,0.637648,0.661699,0.608448,0.616331,0.625394,0.658007,0.727874,0.683346,0.658705,0.700406
3.9074,0.639339,0.660641,0.609005,0.615127,0.626301,0.657828,0.728516,0.684129,0.658608,0.701718
3.9076,0.64034,0.660868,0.609647,0.614987,0.626689,0.657422,0.728266,0.684783,0.658989,0.702957
3.9078,0.640167,0.662773,0.610002,0.615222,0.626882,0.657167,0.726529,0.68464,0.659938,0.703929
3.908,0.638908,0.664426,0.610125,0.615526,0.627397,0.656951,0.725517,0.683935,0.661147,0.703984
3.9082,0.637571,0.664559,0.610092,0.615209,0.629008,0.65711,0.724992,0.683436,0.662062,0.703666
3.9084,0.6374,0.663218,0.610178,0.614227,0.63062,0.657347,0.72431,0.682934,0.662103,0.70316
3.9086,0.639216,0.661115,0.610763,0.613279,0.6309,0.657581,0.722953,0.682446,0.66129,0.702935
3.9088,0.641698,0.660002,0.611848,0.61255,0.629879,0.657857,0.721805,0.682584,0.660239,0.704169
3.909,0.642905,0.66061,0.612809,0.611994,0.628179,0.658331,0.719853,0.683766,0.660123,0.706156
3.9092,0.642263,0.662438,0.613146,0.61193,0.626873,0.658632,0.717223,0.685607,0.660892,0.707499
3.9094,0.640224,0.664944,0.612905,0.612087,0.627575,0.658601,0.714423,0.686628,0.662063,0.70766
3.9096,0.63836,0.667578,0.612526,0.612435,0.630673,0.658026,0.712256,0.686699,0.662603,0.705982
3.9098,0.638458,0.669148,0.612518,0.612606,0.633275,0.657813,0.711183,0.68667,0.662898,0.703423
3.91,0.640335,0.669127,0.613112,0.612879,0.633394,0.658569,0.710306,0.686787,0.664103,0.701538
3.9102,0.64231,0.668372,0.614117,0.613665,0.630947,0.659893,0.709153,0.686503,0.664974,0.700667
3.9104,0.643001,0.668719,0.615048,0.614747,0.627115,0.661193,0.707544,0.684829,0.664645,0.700924
3.9106,0.641653,0.670639,0.615484,0.615629,0.624013,0.661811,0.705621,0.682674,0.662886,0.701486
3.9108,0.640042,0.672947,0.615334,0.616102,0.623162,0.661469,0.703932,0.681084,0.660496,0.701897
3.911,0.639342,0.674355,0.615348,0.615794,0.624031,0.660398,0.703297,0.680218,0.658926,0.701567
3.9112,0.640214,0.674299,0.61584,0.615387,0.625611,0.659394,0.703876,0.681639,0.658888,0.700947
3.9114,0.641993,0.673728,0.616156,0.615642,0.626566,0.659322,0.705301,0.685097,0.659708,0.700219
3.9116,0.643444,0.674033,0.615949,0.616522,0.625559,0.65985,0.706719,0.687523,0.660034,0.699514
3.9118,0.643526,0.675498,0.615086,0.617698,0.622904,0.660803,0.706686,0.686395,0.65937,0.699007
3.912,0.642004,0.677745,0.614443,0.618328,0.620549,0.661865,0.705908,0.682721,0.658224,0.698539
3.9122,0.640076,0.679893,0.614859,0.617905,0.620801,0.662559,0.706135,0.680752,0.65839,0.698485
3.9124,0.638981,0.680647,0.616959,0.616708,0.623661,0.662321,0.707891,0.68176,0.659819,0.699724
3.9126,0.639146,0.680023,0.619927,0.615954,0.626749,0.661314,0.710268,0.684212,0.661439,0.701265
3.9128,0.64021,0.679768,0.621975,0.616182,0.627752,0.660516,0.711024,0.685774,0.662313,0.702444
3.913,0.641861,0.680521,0.622306,0.617626,0.626097,0.660582,0.710206,0.685122,0.662315,0.702568
3.9132,0.643003,0.681874,0.621009,0.619105,0.623413,0.661346,0.709112,0.683121,0.662143,0.701823
3.9134,0.643423,0.683704,0.619132,0.619854,0.621749,0.662133,0.708972,0.681512,0.662119,0.701336
3.9136,0.643116,0.684997,0.617952,0.619247,0.621913,0.662114,0.709933,0.681115,0.662245,0.701381
3.9138,0.642274,0.684546,0.618293,0.618268,0.623231,0.661144,0.711357,0.681992,0.662362,0.701883
3.914,0.641346,0.682642,0.619533,0.61727,0.624326,0.66036,0.712668,0.683492,0.662394,0.702392
3.9142,0.640654,0.680381,0.620947,0.61718,0.624257,0.660403,0.713724,0.684117,0.662531,0.702339
3.9144,0.640181,0.679072,0.621432,0.618101,0.623099,0.661368,0.714176,0.683378,0.663358,0.701883
3.9146,0.640443,0.678952,0.620432,0.61949,0.622211,0.662321,0.713683,0.682574,0.66464,0.701481
3.9148,0.640718,0.679297,0.618671,0.620529,0.622349,0.662376,0.712413,0.682756,0.665445,0.701513
3.915,0.640204,0.679169,0.617224,0.621131,0.62317,0.661361,0.711663,0.683323,0.665164,0.702122
3.9152,0.638675,0.678162,0.616835,0.621446,0.623715,0.660201,0.712088,0.683468,0.663924,0.702854
3.9154,0.637067,0.676276,0.617217,0.621223,0.623312,0.659703,0.712813,0.682657,0.662587,0.703332
3.9156,0.636524,0.674402,0.618023,0.621376,0.622065,0.660701,0.712836,0.681135,0.662229,0.703484
3.9158,0.636862,0.672934,0.618525,0.621842,0.620852,0.662545,0.712441,0.680036,0.663071,0.703387
3.916,0.637071,0.67208,0.618299,0.622865,0.620533,0.663713,0.713293,0.680141,0.66454,0.703497
3.9162,0.636897,0.6714,0.617419,0.623802,0.621223,0.663384,0.714344,0.681139,0.665797,0.704071
3.9164,0.636386,0.670887,0.616501,0.62486,0.62234,0.661605,0.713522,0.682215,0.666191,0.704854
3.9166,0.635495,0.670398,0.615784,0.626078,0.62299,0.660465,0.711402,0.68271,0.665642,0.705487
3.9168,0.633938,0.670342,0.61547,0.626701,0.622422,0.660853,0.71216,0.682305,0.664726,0.706049
3.917,0.632528,0.670767,0.615367,0.626963,0.620955,0.662118,0.714303,0.681304,0.66417,0.706122
3.9172,0.631816,0.671476,0.615164,0.62688,0.620031,0.663635,0.714363,0.68065,0.664222,0.706154
3.9174,0.632071,0.671725,0.614869,0.626632,0.620228,0.664911,0.711768,0.680835,0.664659,0.705579
3.9176,0.632342,0.671212,0.61456,0.627173,0.620732,0.665536,0.708808,0.681556,0.664883,0.7047
3.9178,0.631928,0.670683,0.614395,0.628862,0.62096,0.665214,0.709955,0.681857,0.66438,0.703624
3.918,0.63088,0.670471,0.614411,0.630542,0.620554,0.664665,0.71392,0.681517,0.663611,0.702473
3.9182,0.629618,0.671192,0.614533,0.631598,0.61953,0.664699,0.717667,0.680652,0.662813,0.701638
3.9184,0.628713,0.67241,0.614707,0.631502,0.618411,0.665248,0.719787,0.679294,0.661953,0.701012
3.9186,0.628396,0.673313,0.614897,0.630658,0.617586,0.665961,0.720145,0.678074,0.661352,0.700545
3.9188,0.628515,0.673369,0.615034,0.629924,0.617491,0.666624,0.721226,0.677223,0.661131,0.699784
3.919,0.628824,0.672725,0.615063,0.629933,0.61778,0.666973,0.723725,0.676689,0.661245,0.698539
3.9192,0.629055,0.671803,0.615032,0.630737,0.618231,0.666797,0.725274,0.676398,0.661475,0.69713
3.9194,0.629032,0.67183,0.615074,0.631626,0.617843,0.666642,0.725171,0.676297,0.661309,0.696047
3.9196,0.628739,0.672957,0.615345,0.631957,0.6162,0.667537,0.724878,0.67634,0.660272,0.695107
3.9198,0.62827,0.674387,0.615785,0.631786,0.614455,0.668821,0.725943,0.676588,0.65863,0.694277
3.92,0.627782,0.6752,0.616124,0.631236,0.613917,0.669605,0.727794,0.676539,0.657313,0.693254
3.9202,0.627554,0.674713,0.616143,0.630848,0.614851,0.669518,0.728825,0.676448,0.656581,0.691953
3.9204,0.627849,0.673674,0.615978,0.630916,0.616282,0.668423,0.729526,0.676936,0.656474,0.690718
3.9206,0.628447,0.672747,0.615811,0.631255,0.616841,0.667021,0.730229,0.677699,0.656498,0.689544
3.9208,0.628858,0.672685,0.615827,0.631676,0.6162,0.667042,0.731245,0.678701,0.656175,0.688632
3.921,0.628938,0.673385,0.616132,0.631841,0.614957,0.668228,0.731669,0.67969,0.655511,0.688191
3.9212,0.628666,0.674142,0.616653,0.631305,0.614064,0.669925,0.731312,0.68003,0.654799,0.687968
3.9214,0.628209,0.675041,0.617112,0.630462,0.61404,0.670729,0.730168,0.679546,0.65438,0.68796
3.9216,0.627974,0.675768,0.617243,0.63037,0.614944,0.670695,0.730429,0.678677,0.654502,0.688027
3.9218,0.628263,0.675975,0.616972,0.630977,0.616249,0.670205,0.732105,0.678112,0.655007,0.687966
3.922,0.628896,0.675491,0.616356,0.63165,0.617134,0.669419,0.733084,0.678223,0.655544,0.688017
3.9222,0.629458,0.674632,0.615595,0.631662,0.617081,0.668441,0.733663,0.678585,0.655873,0.688012
3.9224,0.629635,0.67413,0.615057,0.630934,0.616627,0.667951,0.733835,0.679005,0.655781,0.688496
3.9226,0.629185,0.674298,0.615052,0.630322,0.616636,0.668445,0.733724,0.67965,0.655659,0.68949
3.9228,0.628211,0.675063,0.615529,0.63,0.617277,0.669056,0.732828,0.680422,0.655991,0.69064
3.923,0.627442,0.67601,0.615808,0.629729,0.618167,0.668973,0.732559,0.68046,0.656831,0.690913
3.9232,0.627481,0.67652,0.615232,0.629604,0.618875,0.668464,0.73322,0.679776,0.657458,0.690331
3.9234,0.628226,0.6766,0.613897,0.629672,0.619606,0.668404,0.733949,0.67865,0.657478,0.689211
3.9236,0.628801,0.676576,0.612946,0.629806,0.620381,0.668328,0.733223,0.678535,0.657375,0.687725
3.9238,0.629542,0.677404,0.612892,0.629758,0.621399,0.668082,0.73151,0.679656,0.657874,0.686557
3.924,0.630898,0.678786,0.613953,0.629354,0.622931,0.66755,0.730826,0.680941,0.658752,0.685586
3.9242,0.631908,0.680145,0.615425,0.629399,0.624341,0.667321,0.731746,0.681305,0.659567,0.685135
3.9244,0.631773,0.681172,0.616561,0.629871,0.624958,0.667159,0.732544,0.68078,0.659806,0.685623
3.9246,0.630722,0.681243,0.616764,0.630758,0.625063,0.6668,0.732311,0.680289,0.66008,0.686028
3.9248,0.630391,0.6812,0.615576,0.631724,0.624903,0.666885,0.730307,0.68012,0.660888,0.686332
3.925,0.631237,0.681315,0.613673,0.632219,0.624768,0.666927,0.728292,0.680004,0.662055,0.68652
3.9252,0.632341,0.681641,0.611976,0.631574,0.624831,0.666829,0.727714,0.679985,0.662748,0.686792
3.9254,0.632991,0.682547,0.611404,0.63053,0.625244,0.666547,0.728152,0.680203,0.662872,0.687923
3.9256,0.633642,0.683437,0.611867,0.629904,0.625734,0.665889,0.728974,0.680045,0.662131,0.689085
3.9258,0.63461,0.683345,0.612926,0.630209,0.625905,0.665456,0.730369,0.679622,0.661073,0.690074
3.926,0.635287,0.682561,0.613788,0.630983,0.626403,0.665775,0.730683,0.679174,0.660596,0.690478
3.9262,0.63495,0.681683,0.614753,0.63136,0.626958,0.666484,0.729426,0.679268,0.661176,0.690295
3.9264,0.633667,0.68169,0.615718,0.631023,0.626672,0.666786,0.729123,0.68023,0.663264,0.689465
3.9266,0.632725,0.682462,0.616088,0.629822,0.625914,0.666369,0.730252,0.68139,0.665064,0.688363
3.9268,0.632837,0.683733,0.61579,0.628322,0.624812,0.665637,0.732192,0.681893,0.665016,0.687541
3.927,0.634296,0.68529,0.615262,0.628241,0.623981,0.665092,0.732928,0.681623,0.6627,0.686823
3.9272,0.636553,0.686801,0.615082,0.629503,0.623354,0.664947,0.732862,0.681219,0.659286,0.686733
3.9274,0.637958,0.68748,0.615458,0.63127,0.622911,0.665102,0.732245,0.681154,0.656549,0.688016
3.9276,0.637436,0.686891,0.616179,0.631744,0.622971,0.665157,0.731429,0.681749,0.656296,0.690075
3.9278,0.636016,0.685904,0.616924,0.63107,0.624464,0.665378,0.732208,0.682748,0.658593,0.692595
3.928,0.635439,0.68517,0.617386,0.629877,0.626265,0.665359,0.734226,0.683991,0.661184,0.694541
3.9282,0.636336,0.685011,0.617686,0.628654,0.626507,0.664651,0.735053,0.684733,0.661854,0.694865
3.9284,0.637595,0.685633,0.618004,0.628131,0.624702,0.664385,0.734402,0.684693,0.660114,0.69417
3.9286,0.638101,0.686425,0.618337,0.628532,0.622779,0.664894,0.733056,0.684279,0.657205,0.693128
3.9288,0.637212,0.687159,0.618494,0.629381,0.62256,0.665131,0.7327,0.683721,0.655156,0.69297
3.929,0.635779,0.687749,0.618432,0.630297,0.624111,0.664773,0.733033,0.683069,0.654994,0.694592
3.9292,0.635567,0.687601,0.618289,0.631007,0.626357,0.663917,0.734031,0.682759,0.656328,0.696712
3.9294,0.636722,0.687003,0.618285,0.630341,0.62772,0.663115,0.735006,0.682843,0.657872,0.698261
3.9296,0.638236,0.686271,0.618513,0.62839,0.627395,0.663491,0.734685,0.683235,0.658431,0.698744
3.9298,0.638921,0.685874,0.618866,0.625598,0.626031,0.664566,0.733549,0.683954,0.657976,0.698267
3.93,0.638191,0.685988,0.619137,0.623439,0.624903,0.665259,0.732428,0.684017,0.657192,0.698245
3.9302,0.636685,0.686578,0.619072,0.622569,0.624644,0.665514,0.732599,0.683842,0.656599,0.698788
3.9304,0.635826,0.686891,0.618605,0.623002,0.625222,0.665408,0.733581,0.683597,0.656697,0.699431
3.9306,0.636136,0.686769,0.618299,0.62331,0.626223,0.664455,0.735385,0.683441,0.657822,0.699876
3.9308,0.637507,0.68623,0.619628,0.622446,0.626494,0.663157,0.735452,0.683249,0.65921,0.699952
3.931,0.639183,0.685374,0.621762,0.620634,0.625514,0.66296,0.734667,0.683382,0.659882,0.700373
3.9312,0.640083,0.684392,0.622602,0.618658,0.62425,0.663679,0.734493,0.683694,0.660621,0.701045
3.9314,0.639014,0.683227,0.62126,0.617336,0.623559,0.664373,0.734374,0.683808,0.661531,0.702133
3.9316,0.636758,0.682463,0.618481,0.617102,0.623843,0.664407,0.735479,0.68377,0.661933,0.703078
3.9318,0.635323,0.682039,0.615945,0.617494,0.624301,0.663452,0.7368,0.683636,0.661556,0.703588
3.932,0.634954,0.681289,0.61504,0.617615,0.624596,0.661953,0.736414,0.683386,0.66067,0.704079
3.9322,0.635303,0.679687,0.616336,0.617267,0.624331,0.661127,0.735636,0.682831,0.659836,0.704511
3.9324,0.635527,0.677448,0.618573,0.616963,0.623132,0.661728,0.735971,0.682021,0.660007,0.704692
3.9326,0.634538,0.675139,0.619938,0.617135,0.622115,0.663202,0.737638,0.681357,0.661527,0.705085
3.9328,0.632347,0.673311,0.619136,0.617581,0.62182,0.664424,0.739485,0.681075,0.663513,0.705074
3.933,0.63034,0.672329,0.61677,0.617921,0.622022,0.664779,0.740481,0.681235,0.66478,0.704728
3.9332,0.629234,0.671794,0.614492,0.618057,0.622444,0.664306,0.740781,0.681778,0.664777,0.704456
3.9334,0.62953,0.671088,0.613569,0.618144,0.622605,0.663401,0.740744,0.682297,0.663696,0.704426
3.9336,0.630914,0.670131,0.613934,0.618252,0.621989,0.662784,0.741726,0.682221,0.66294,0.705368
3.9338,0.631508,0.66865,0.614801,0.618639,0.620947,0.663235,0.743479,0.681304,0.663616,0.706637
3.934,0.630312,0.667237,0.615182,0.619754,0.620083,0.664498,0.744276,0.679913,0.665759,0.707459
3.9342,0.62814,0.666519,0.614783,0.621184,0.620073,0.665168,0.742145,0.67847,0.668109,0.70755
3.9344,0.626267,0.666128,0.613908,0.622067,0.621292,0.664472,0.737613,0.6778,0.669378,0.706748
3.9346,0.625579,0.665845,0.613143,0.622078,0.622944,0.662371,0.733857,0.678295,0.668757,0.70597
3.9348,0.625911,0.665486,0.612934,0.621503,0.624099,0.659832,0.733255,0.678878,0.667234,0.705742
3.935,0.626413,0.664985,0.613345,0.621006,0.623978,0.658359,0.736748,0.678318,0.666621,0.705976
3.9352,0.626344,0.664506,0.614074,0.621471,0.622848,0.658111,0.740964,0.676036,0.667615,0.706714
3.9354,0.625673,0.664192,0.61472,0.622768,0.621521,0.658543,0.74153,0.673186,0.669605,0.707291
3.9356,0.624997,0.664092,0.615004,0.62456,0.621609,0.658647,0.738451,0.670831,0.671599,0.707131
3.9358,0.624709,0.66416,0.614878,0.626019,0.623134,0.657623,0.734908,0.670079,0.672198,0.706204
3.936,0.624804,0.664193,0.614494,0.626241,0.624948,0.655775,0.734305,0.670691,0.67166,0.704913
3.9362,0.625216,0.663951,0.61419,0.624957,0.625876,0.653621,0.737583,0.671771,0.670892,0.703895
3.9364,0.62574,0.663608,0.614319,0.623485,0.625386,0.65258,0.741068,0.671882,0.671315,0.703426
3.9366,0.625614,0.663677,0.61516,0.62274,0.623839,0.653031,0.742204,0.670402,0.672917,0.703553
3.9368,0.625129,0.66439,0.616061,0.623145,0.622502,0.653654,0.741254,0.66757,0.674578,0.703716
3.937,0.625469,0.665177,0.616564,0.623799,0.622271,0.653073,0.739862,0.664593,0.675325,0.70329
3.9372,0.626667,0.665259,0.616452,0.623581,0.623126,0.65118,0.738885,0.662758,0.674945,0.70212
3.9374,0.627493,0.664501,0.615976,0.622126,0.624376,0.649101,0.738892,0.662467,0.673841,0.700986
3.9376,0.627241,0.66346,0.61562,0.62009,0.625164,0.647775,0.739423,0.662932,0.672879,0.700376
3.9378,0.626072,0.662993,0.615685,0.618648,0.625143,0.647585,0.739424,0.663071,0.673406,0.700378
3.938,0.624903,0.663556,0.616189,0.618057,0.62456,0.64819,0.738903,0.662415,0.674835,0.700738
3.9382,0.624811,0.664862,0.616936,0.617713,0.623963,0.648865,0.738514,0.661297,0.676431,0.700994
3.9384,0.626076,0.666204,0.617552,0.61704,0.623889,0.649061,0.738898,0.660455,0.676895,0.700622
3.9386,0.62779,0.666958,0.617613,0.615891,0.624433,0.648769,0.740118,0.660413,0.675863,0.700244
3.9388,0.628801,0.666829,0.617072,0.614612,0.625023,0.648387,0.741606,0.661175,0.67454,0.700298
3.939,0.628691,0.666164,0.616781,0.613351,0.62546,0.64824,0.742759,0.662105,0.674002,0.700954
3.9392,0.62775,0.665638,0.617019,0.61223,0.62598,0.64832,0.74365,0.662332,0.674804,0.701616
3.9394,0.626627,0.665456,0.61757,0.611857,0.626395,0.648854,0.74441,0.661962,0.67629,0.701416
3.9396,0.626235,0.665701,0.61775,0.612269,0.626179,0.649579,0.744988,0.662099,0.677534,0.700355
3.9398,0.62697,0.665992,0.617527,0.613256,0.625227,0.650152,0.745234,0.662789,0.677726,0.698702
3.94,0.628344,0.666043,0.616772,0.613797,0.623946,0.65056,0.744962,0.66334,0.676864,0.697505
3.9402,0.629132,0.665541,0.615932,0.613987,0.622475,0.65089,0.743778,0.663317,0.675998,0.697674
3.9404,0.628711,0.664579,0.616092,0.614217,0.621897,0.651343,0.741654,0.662794,0.676068,0.698685
3.9406,0.629301,0.66363,0.617699,0.614552,0.622589,0.652017,0.739653,0.662108,0.677253,0.699711
3.9408,0.63112,0.663237,0.620456,0.615012,0.623641,0.652711,0.739852,0.661884,0.678657,0.699724
3.941,0.632332,0.664659,0.622696,0.615533,0.623735,0.653432,0.740824,0.662659,0.679572,0.698203
3.9412,0.632226,0.668409,0.623557,0.61608,0.622172,0.654567,0.740657,0.664086,0.679366,0.696273
3.9414,0.630644,0.672288,0.622809,0.617081,0.619568,0.656111,0.738026,0.665211,0.678869,0.695147
3.9416,0.628715,0.674186,0.621246,0.618462,0.617794,0.657444,0.733841,0.665758,0.679045,0.695147
3.9418,0.627162,0.673758,0.620489,0.619293,0.618081,0.657874,0.729869,0.665743,0.680025,0.696043
3.942,0.62642,0.672401,0.621375,0.619508,0.620036,0.657138,0.729628,0.66534,0.680946,0.696623
3.9422,0.62659,0.671746,0.623266,0.619152,0.621927,0.655788,0.732053,0.665948,0.680862,0.696126
3.9424,0.627333,0.672624,0.624745,0.618583,0.622444,0.654785,0.732232,0.667788,0.679759,0.694998
3.9426,0.6276,0.674909,0.625036,0.61837,0.62199,0.654817,0.728641,0.670025,0.678564,0.694339
3.9428,0.627501,0.677712,0.624651,0.618864,0.622362,0.65583,0.724491,0.670814,0.67852,0.695301
3.943,0.627671,0.679674,0.624145,0.619915,0.623676,0.656616,0.721554,0.66939,0.679751,0.697323
3.9432,0.628015,0.67969,0.624121,0.621363,0.625212,0.656056,0.720341,0.668064,0.682067,0.699056
3.9434,0.629087,0.677861,0.624781,0.62299,0.626246,0.654112,0.720424,0.669134,0.684164,0.699492
3.9436,0.630509,0.675911,0.625721,0.624107,0.626745,0.651925,0.720103,0.671026,0.684532,0.699103
3.9438,0.631166,0.67547,0.626371,0.624279,0.627102,0.650532,0.718877,0.671464,0.683345,0.698642
3.944,0.630781,0.676786,0.626369,0.623683,0.627453,0.649778,0.717111,0.669472,0.681847,0.698661
3.9442,0.629976,0.678974,0.626152,0.622787,0.627992,0.649509,0.715336,0.666632,0.681012,0.699274
3.9444,0.629594,0.681054,0.625877,0.622133,0.629199,0.649256,0.714214,0.666736,0.681549,0.700094
3.9446,0.630453,0.682385,0.625454,0.622014,0.630526,0.648505,0.714291,0.670905,0.683601,0.700651
3.9448,0.631842,0.68289,0.625,0.622594,0.631306,0.647175,0.715323,0.6756,0.685774,0.700849
3.945,0.632551,0.682311,0.624545,0.623463,0.631079,0.645619,0.715991,0.677897,0.686089,0.701001
3.9452,0.632583,0.681134,0.624511,0.623599,0.630543,0.644371,0.715737,0.677085,0.684101,0.701634
3.9454,0.632349,0.680102,0.625123,0.622527,0.630736,0.644077,0.715518,0.674437,0.680842,0.702548
3.9456,0.63208,0.679847,0.626394,0.620595,0.631377,0.644261,0.715222,0.672429,0.678155,0.703431
3.9458,0.631888,0.68035,0.627694,0.618852,0.631833,0.644259,0.714576,0.672901,0.678027,0.703905
3.946,0.632001,0.681511,0.628304,0.619111,0.631726,0.643985,0.714004,0.675624,0.681612,0.704055
3.9462,0.632947,0.682671,0.627852,0.621237,0.631277,0.643792,0.713398,0.678126,0.685862,0.703937
3.9464,0.634241,0.68342,0.626527,0.622616,0.630558,0.643657,0.712864,0.678733,0.687909,0.704443
3.9466,0.635486,0.683435,0.625379,0.621874,0.630388,0.643424,0.713108,0.678305,0.686921,0.70555
3.9468,0.635955,0.683219,0.625238,0.619072,0.631385,0.643215,0.714055,0.677974,0.683692,0.707193
3.947,0.635368,0.683214,0.626056,0.616243,0.63275,0.643228,0.715101,0.677479,0.680247,0.708691
3.9472,0.634158,0.683373,0.626986,0.615163,0.633376,0.643388,0.715685,0.677443,0.678012,0.709326
3.9474,0.633145,0.683508,0.627246,0.616735,0.63314,0.64359,0.715859,0.678575,0.677583,0.70898
3.9476,0.632776,0.683449,0.626604,0.620768,0.631899,0.644255,0.716038,0.680221,0.678866,0.708192
3.9478,0.63298,0.682935,0.625171,0.623989,0.630368,0.64533,0.716114,0.680769,0.68028,0.70764
3.948,0.633289,0.682037,0.623585,0.624449,0.629684,0.646346,0.716536,0.679887,0.680795,0.70788
3.9482,0.633147,0.680902,0.622319,0.622979,0.630272,0.646718,0.717269,0.67862,0.68032,0.708821
3.9484,0.632398,0.679923,0.621497,0.621526,0.631438,0.646258,0.717317,0.677804,0.678833,0.709574
3.9486,0.631164,0.680281,0.620903,0.620922,0.632423,0.645413,0.716075,0.677452,0.677243,0.709855
3.9488,0.629623,0.681709,0.620566,0.621732,0.63244,0.644688,0.713807,0.677085,0.676707,0.709441
3.949,0.62837,0.683386,0.620533,0.623657,0.631564,0.645033,0.711629,0.676227,0.67743,0.708806
3.9492,0.628057,0.684536,0.620694,0.625394,0.630295,0.646289,0.710838,0.675011,0.678551,0.708916
3.9494,0.628218,0.684279,0.620687,0.626154,0.62938,0.647502,0.711563,0.674438,0.679157,0.709379
3.9496,0.627919,0.683023,0.620614,0.626424,0.629303,0.648084,0.711941,0.674914,0.678592,0.709788
3.9498,0.627336,0.681757,0.620791,0.626768,0.629742,0.648001,0.711538,0.675761,0.677123,0.710003
3.95,0.626536,0.681005,0.62073,0.627156,0.630385,0.647471,0.70986,0.67631,0.676024,0.709402
3.9502,0.626012,0.681165,0.620109,0.627484,0.631171,0.646965,0.707522,0.676049,0.676287,0.708387
3.9504,0.625532,0.681927,0.61924,0.627723,0.631669,0.647251,0.705665,0.674925,0.678295,0.707845
3.9506,0.624658,0.682394,0.618452,0.628032,0.631525,0.648133,0.706591,0.674142,0.680229,0.707731
3.9508,0.623869,0.682221,0.617952,0.62813,0.630806,0.648999,0.707683,0.674779,0.680607,0.707973
3.951,0.623122,0.681817,0.617764,0.628625,0.629847,0.649595,0.706188,0.67642,0.679184,0.708453
3.9512,0.622595,0.681443,0.617751,0.630328,0.629203,0.650344,0.703084,0.677887,0.676816,0.708581
3.9514,0.622675,0.681346,0.617757,0.632085,0.628822,0.651077,0.70072,0.678526,0.675125,0.708274
3.9516,0.622706,0.681181,0.617702,0.63276,0.628577,0.651086,0.700892,0.678047,0.675777,0.707577
3.9518,0.622639,0.68056,0.617613,0.631662,0.628708,0.650203,0.701981,0.676638,0.678294,0.706912
3.952,0.622103,0.679901,0.617521,0.629489,0.629103,0.649486,0.701702,0.675469,0.680914,0.706441
3.9522,0.621263,0.679498,0.617369,0.628209,0.629196,0.649509,0.699878,0.675511,0.6816,0.70651
3.9524,0.620592,0.679875,0.617175,0.628667,0.628661,0.65031,0.697937,0.676668,0.679759,0.707065
3.9526,0.620431,0.680945,0.616953,0.630351,0.627645,0.651396,0.697012,0.678193,0.676726,0.707107
3.9528,0.620721,0.681409,0.616725,0.631513,0.626466,0.651654,0.697813,0.678471,0.674499,0.706336
3.953,0.621101,0.680455,0.616768,0.631308,0.626197,0.651194,0.699893,0.677911,0.674476,0.705348
3.9532,0.620982,0.678645,0.61709,0.629623,0.626985,0.650636,0.701938,0.677266,0.675867,0.704326
3.9534,0.620186,0.676947,0.617441,0.627288,0.628081,0.650493,0.702689,0.677121,0.676994,0.70358
3.9536,0.619657,0.676201,0.617509,0.62589,0.628353,0.650633,0.702177,0.676835,0.676964,0.70318
3.9538,0.620034,0.676688,0.617386,0.626039,0.627639,0.651109,0.701456,0.676376,0.675689,0.702753
3.954,0.620887,0.678019,0.617179,0.627171,0.626332,0.651548,0.701111,0.675978,0.674061,0.702158
3.9542,0.62153,0.678919,0.617152,0.628317,0.62516,0.651552,0.70107,0.675504,0.67308,0.701619
3.9544,0.621576,0.678399,0.617533,0.628649,0.625128,0.651057,0.701367,0.675136,0.672975,0.701046
3.9546,0.620987,0.676834,0.618215,0.62805,0.625903,0.650265,0.701767,0.675457,0.67334,0.701379
3.9548,0.620307,0.675221,0.618843,0.626792,0.627104,0.649691,0.702083,0.676191,0.673629,0.702256
3.955,0.620301,0.674518,0.619128,0.625594,0.627854,0.649724,0.702384,0.676646,0.673421,0.703145
3.9552,0.621155,0.675146,0.618997,0.625113,0.627517,0.65032,0.702366,0.676532,0.672748,0.703768
3.9554,0.622334,0.676849,0.618531,0.625256,0.626215,0.65088,0.702131,0.676004,0.671953,0.703334
3.9556,0.623158,0.678449,0.617965,0.625588,0.62486,0.65181,0.70267,0.676172,0.671687,0.702333
3.9558,0.623174,0.67894,0.617809,0.626323,0.624509,0.652608,0.704348,0.676773,0.672371,0.702032
3.956,0.622327,0.67816,0.618156,0.627034,0.625121,0.652805,0.706369,0.676861,0.673087,0.702206
3.9562,0.621251,0.676704,0.618881,0.627206,0.626027,0.652327,0.707799,0.676982,0.673399,0.70262
3.9564,0.621059,0.676017,0.61959,0.626655,0.626205,0.651693,0.708407,0.677134,0.673434,0.703043
3.9566,0.622171,0.676544,0.6198,0.625666,0.625347,0.651429,0.707923,0.676863,0.67306,0.702603
3.9568,0.623602,0.67792,0.619361,0.624741,0.623914,0.652012,0.706367,0.675872,0.672645,0.702007
3.957,0.624377,0.678964,0.618402,0.625105,0.622509,0.652871,0.704726,0.67496,0.672684,0.701375
3.9572,0.624114,0.67897,0.617572,0.626652,0.622073,0.653914,0.70355,0.674621,0.673692,0.700953
3.9574,0.622796,0.678179,0.617186,0.628501,0.623043,0.654172,0.703231,0.675177,0.675065,0.701539
3.9576,0.62144,0.677346,0.617904,0.62962,0.624665,0.653911,0.703581,0.676226,0.676378,0.702072
3.9578,0.620769,0.677613,0.619249,0.629097,0.626197,0.653712,0.704475,0.677054,0.676921,0.702185
3.958,0.620863,0.678942,0.619926,0.627784,0.626945,0.653626,0.703563,0.677284,0.676574,0.702291
3.9582,0.621795,0.680826,0.619576,0.626983,0.627014,0.65407,0.702873,0.677012,0.675929,0.702402
3.9584,0.623284,0.682393,0.618721,0.627257,0.62648,0.65484,0.703006,0.676477,0.675517,0.70281
3.9586,0.623997,0.682656,0.618003,0.628542,0.625622,0.655543,0.701778,0.676238,0.675513,0.703526
3.9588,0.62324,0.681462,0.617783,0.629575,0.625428,0.656399,0.700039,0.67635,0.675624,0.704265
3.959,0.62187,0.679873,0.61785,0.629562,0.626132,0.657183,0.699079,0.676573,0.675345,0.704938
3.9592,0.620944,0.678841,0.618096,0.629373,0.62711,0.657134,0.697803,0.676498,0.674768,0.70522
3.9594,0.621755,0.678881,0.619238,0.629689,0.628243,0.656031,0.696089,0.675886,0.674176,0.70495
3.9596,0.623912,0.679293,0.620751,0.63049,0.629519,0.654917,0.694267,0.675893,0.674642,0.704902
3.9598,0.626177,0.679217,0.621643,0.631186,0.630312,0.654638,0.692875,0.677777,0.676543,0.705579
3.96,0.627407,0.678232,0.621632,0.631414,0.630446,0.655783,0.69188,0.679259,0.677421,0.70675
3.9602,0.626999,0.677142,0.621065,0.631118,0.629791,0.657681,0.691264,0.678775,0.676365,0.708165
3.9604,0.625873,0.676063,0.620628,0.6306,0.62893,0.658782,0.691608,0.67655,0.673612,0.709046
3.9606,0.62536,0.675386,0.62066,0.630409,0.628491,0.658727,0.691664,0.673969,0.670486,0.709234
3.9608,0.626333,0.675546,0.621179,0.630863,0.628954,0.657762,0.691765,0.672743,0.668796,0.708986
3.961,0.628059,0.675857,0.622123,0.632089,0.630406,0.656722,0.691606,0.67298,0.669104,0.708452
3.9612,0.629555,0.675823,0.622685,0.633481,0.63196,0.656195,0.692425,0.675124,0.671518,0.708206
3.9614,0.630371,0.675367,0.622699,0.633958,0.632618,0.656242,0.693363,0.677945,0.673878,0.708482
3.9616,0.630321,0.675167,0.622517,0.632844,0.632172,0.657154,0.694492,0.678484,0.674208,0.70918
3.9618,0.630307,0.675229,0.622653,0.630923,0.631157,0.658308,0.694833,0.676041,0.672575,0.709691
3.962,0.630849,0.674854,0.622855,0.630208,0.630511,0.658709,0.694704,0.674028,0.671042,0.710046
3.9622,0.632119,0.674132,0.623037,0.631061,0.630938,0.658002,0.694856,0.674514,0.67092,0.709657
3.9624,0.633624,0.673407,0.623195,0.632451,0.632276,0.656687,0.695152,0.676576,0.67164,0.708423
3.9626,0.63445,0.672991,0.623336,0.633008,0.633815,0.655578,0.695152,0.678194,0.672378,0.706732
3.9628,0.634691,0.672975,0.623373,0.632067,0.634561,0.65513,0.695851,0.677873,0.672291,0.705424
3.963,0.634276,0.673348,0.62312,0.630521,0.634182,0.655343,0.697561,0.676231,0.671377,0.70481
3.9632,0.6337,0.673927,0.622659,0.629243,0.633626,0.655837,0.699037,0.674935,0.670421,0.705379
3.9634,0.63305,0.674387,0.622231,0.628877,0.633149,0.656176,0.69926,0.674596,0.669939,0.706065
3.9636,0.632994,0.67486,0.621832,0.629707,0.632975,0.656205,0.698649,0.675182,0.669988,0.706081
3.9638,0.633281,0.675155,0.621868,0.630613,0.633418,0.655949,0.698734,0.676357,0.670264,0.705133
3.964,0.633487,0.675023,0.622833,0.630551,0.634616,0.655503,0.700653,0.677571,0.670958,0.703426
3.9642,0.633101,0.674346,0.62426,0.629296,0.635876,0.654872,0.703895,0.677562,0.671394,0.701846
3.9644,0.633152,0.673339,0.624989,0.627592,0.63619,0.653991,0.70651,0.677795,0.671125,0.700679
3.9646,0.633631,0.672378,0.624327,0.627042,0.635541,0.65346,0.707122,0.678405,0.670947,0.699904
3.9648,0.633928,0.672194,0.622663,0.627935,0.634326,0.653459,0.706229,0.678256,0.6712,0.69962
3.965,0.633251,0.672443,0.621106,0.629455,0.633485,0.6535,0.705238,0.677364,0.671548,0.699471
3.9652,0.632017,0.672641,0.621139,0.630352,0.633495,0.65289,0.704649,0.676331,0.672133,0.699216
3.9654,0.630636,0.672362,0.622844,0.630538,0.634588,0.651328,0.704368,0.675375,0.67247,0.698937
3.9656,0.630205,0.671185,0.624867,0.630669,0.635827,0.649353,0.705015,0.675051,0.672227,0.698611
3.9658,0.631137,0.66935,0.626138,0.630635,0.636727,0.647656,0.706116,0.675857,0.671912,0.698469
3.966,0.632394,0.667679,0.62575,0.630482,0.637002,0.64691,0.706734,0.677155,0.671983,0.698738
3.9662,0.632298,0.666955,0.624237,0.630318,0.636588,0.646858,0.706386,0.677888,0.672512,0.699313
3.9664,0.631436,0.667045,0.622745,0.630078,0.636299,0.647426,0.704323,0.677746,0.673148,0.700104
3.9666,0.630221,0.667379,0.622056,0.629441,0.63623,0.647317,0.701393,0.676891,0.673297,0.700674
3.9668,0.628887,0.666978,0.622511,0.628896,0.636432,0.645957,0.700034,0.675888,0.672944,0.701061
3.967,0.628254,0.665699,0.623928,0.628869,0.636628,0.644386,0.700906,0.675855,0.672355,0.701599
3.9672,0.628447,0.664375,0.625206,0.629631,0.636714,0.643376,0.702542,0.676902,0.672001,0.702133
3.9674,0.628988,0.663483,0.625556,0.630469,0.637065,0.642796,0.702533,0.678036,0.67232,0.702235
3.9676,0.628796,0.663283,0.625048,0.630628,0.637575,0.642378,0.699905,0.678569,0.673145,0.701831
3.9678,0.627423,0.663515,0.624209,0.630196,0.638452,0.641933,0.696074,0.678049,0.673815,0.701015
3.968,0.625434,0.66357,0.623546,0.629445,0.639368,0.641229,0.693891,0.676725,0.673787,0.700248
3.9682,0.62385,0.663069,0.623386,0.628956,0.639548,0.640412,0.694145,0.676,0.673125,0.700097
3.9684,0.623405,0.662127,0.623725,0.629019,0.639039,0.639829,0.695841,0.677122,0.672676,0.700568
3.9686,0.624087,0.661258,0.624248,0.62927,0.638204,0.639666,0.696645,0.679533,0.672499,0.701285
3.9688,0.625107,0.660981,0.624624,0.629578,0.637528,0.63985,0.695682,0.680921,0.672914,0.701808
3.969,0.625558,0.661376,0.624582,0.629734,0.637228,0.640146,0.693741,0.680302,0.673433,0.701766
3.9692,0.625063,0.662081,0.624748,0.629635,0.637137,0.640355,0.692177,0.678459,0.67405,0.70115
3.9694,0.623976,0.662628,0.625102,0.629416,0.636882,0.640297,0.69237,0.676832,0.67443,0.700204
3.9696,0.623073,0.662506,0.625347,0.628997,0.636354,0.640028,0.694262,0.676309,0.67406,0.699319
3.9698,0.622923,0.66207,0.625231,0.628235,0.635648,0.640042,0.696564,0.676718,0.673103,0.699089
3.97,0.623216,0.662064,0.624761,0.627114,0.634966,0.640842,0.697821,0.677576,0.672234,0.699184
3.9702,0.623634,0.662816,0.623928,0.626119,0.634585,0.641868,0.697897,0.678298,0.672037,0.698841
3.9704,0.624389,0.663694,0.623112,0.625707,0.63438,0.642429,0.697628,0.678344,0.672461,0.697776
3.9706,0.625152,0.664127,0.622619,0.626053,0.634255,0.642056,0.697495,0.678096,0.67292,0.696008
3.9708,0.625231,0.663824,0.622868,0.626707,0.634101,0.640985,0.697637,0.67761,0.672924,0.694205
3.971,0.624515,0.663235,0.623402,0.627274,0.633771,0.640037,0.698329,0.67712,0.672228,0.693168
3.9712,0.623516,0.663133,0.623871,0.627168,0.633286,0.63992,0.69962,0.676501,0.671337,0.693045
3.9714,0.622985,0.663902,0.62417,0.62666,0.632929,0.640733,0.700715,0.676412,0.671245,0.693424
3.9716,0.623378,0.665209,0.623896,0.625946,0.632856,0.64203,0.701147,0.67643,0.671585,0.693166
3.9718,0.624554,0.666472,0.623319,0.625798,0.632927,0.643157,0.700824,0.676864,0.672227,0.691923
3.972,0.625809,0.667227,0.622911,0.626133,0.632844,0.643644,0.700471,0.677881,0.672189,0.690144
3.9722,0.626409,0.667216,0.622918,0.627029,0.632357,0.643459,0.701245,0.679226,0.67142,0.688653
3.9724,0.626155,0.666695,0.623307,0.627767,0.631469,0.64305,0.702513,0.680138,0.670384,0.688459
3.9726,0.625379,0.666106,0.623794,0.627707,0.630549,0.643038,0.703625,0.679812,0.669939,0.690482
3.9728,0.624604,0.665909,0.623855,0.626737,0.629954,0.64343,0.704958,0.678566,0.670238,0.693274
3.973,0.624432,0.666715,0.623601,0.625752,0.630538,0.643901,0.705666,0.677706,0.670812,0.695116
3.9732,0.625025,0.668147,0.623427,0.625282,0.63282,0.643787,0.706519,0.67795,0.671134,0.695244
3.9734,0.62578,0.669336,0.62378,0.625783,0.635026,0.642907,0.707116,0.678494,0.671406,0.694754
3.9736,0.62585,0.670254,0.624349,0.626721,0.634955,0.641974,0.706916,0.678659,0.671738,0.694536
3.9738,0.626135,0.670936,0.624728,0.627312,0.632376,0.64145,0.707563,0.677845,0.672667,0.694783
3.974,0.628224,0.671258,0.624747,0.627134,0.629012,0.641449,0.709325,0.676485,0.673744,0.695156
3.9742,0.630879,0.671951,0.624553,0.626599,0.627018,0.641872,0.711841,0.675491,0.674908,0.695546
3.9744,0.63207,0.673024,0.624704,0.625978,0.627454,0.64204,0.713131,0.675183,0.675514,0.695748
3.9746,0.631077,0.673906,0.625098,0.626065,0.630196,0.642018,0.713273,0.675575,0.675723,0.695721
3.9748,0.628634,0.674222,0.625812,0.62665,0.634197,0.641353,0.714045,0.67661,0.676724,0.696491
3.975,0.627397,0.673868,0.626432,0.627227,0.63647,0.640442,0.715068,0.677386,0.677715,0.697974
3.9752,0.628644,0.673396,0.626704,0.627162,0.63517,0.639876,0.714013,0.677141,0.67796,0.699172
3.9754,0.630711,0.673303,0.626667,0.62626,0.631953,0.639421,0.713104,0.676725,0.677215,0.69978
3.9756,0.631078,0.674502,0.626398,0.62536,0.629896,0.639108,0.714138,0.677136,0.675787,0.69931
3.9758,0.629508,0.676251,0.626122,0.625281,0.630771,0.63854,0.715887,0.67806,0.674054,0.698339
3.976,0.627108,0.677258,0.625928,0.626129,0.633921,0.637533,0.714668,0.678616,0.674031,0.697965
3.9762,0.626284,0.676586,0.626319,0.6273,0.636688,0.636443,0.712125,0.678878,0.676543,0.698773
3.9764,0.627927,0.674985,0.627508,0.628055,0.637743,0.635906,0.712182,0.678847,0.679463,0.700395
3.9766,0.630469,0.673638,0.628768,0.628764,0.637215,0.636032,0.715424,0.678326,0.679527,0.701641
3.9768,0.631909,0.673973,0.629378,0.628747,0.635637,0.636358,0.718276,0.678636,0.676866,0.701642
3.977,0.631504,0.675696,0.628853,0.627805,0.634061,0.636542,0.717542,0.679968,0.672569,0.700855
3.9772,0.630245,0.677528,0.627631,0.626142,0.633738,0.63665,0.714978,0.681793,0.668552,0.700074
3.9774,0.629255,0.678326,0.626357,0.624247,0.634625,0.636739,0.713164,0.683332,0.666942,0.700386
3.9776,0.62908,0.677865,0.625779,0.623041,0.635389,0.636904,0.714237,0.683369,0.667416,0.701835
3.9778,0.63004,0.676613,0.626422,0.623073,0.635214,0.637328,0.718397,0.681276,0.668601,0.703478
3.978,0.632046,0.675283,0.627568,0.624581,0.634775,0.637698,0.721236,0.678249,0.669511,0.70412
3.9782,0.633748,0.674634,0.628249,0.626263,0.634613,0.638253,0.721113,0.675978,0.668811,0.703425
3.9784,0.634137,0.675009,0.628382,0.626668,0.634683,0.639072,0.72076,0.675439,0.666605,0.701927
3.9786,0.633695,0.675914,0.627941,0.625341,0.634595,0.639933,0.72073,0.675823,0.663902,0.700753
3.9788,0.633189,0.676522,0.627485,0.623191,0.634576,0.640705,0.721861,0.676422,0.662537,0.700674
3.979,0.633192,0.676438,0.626967,0.621568,0.634771,0.641324,0.723078,0.676296,0.662712,0.701798
3.9792,0.633635,0.675764,0.626563,0.621373,0.634943,0.641601,0.722644,0.67524,0.664157,0.703865
3.9794,0.634113,0.674776,0.626315,0.6227,0.63536,0.641342,0.722365,0.673895,0.665275,0.705613
3.9796,0.634349,0.673945,0.626879,0.624572,0.63582,0.640976,0.722848,0.673232,0.664806,0.706188
3.9798,0.63427,0.673709,0.628048,0.62558,0.636177,0.641192,0.723022,0.673315,0.662962,0.705422
3.98,0.634168,0.674069,0.628602,0.625483,0.635914,0.642121,0.722104,0.673589,0.66095,0.70429
3.9802,0.634445,0.674926,0.627963,0.62459,0.63525,0.643365,0.720688,0.67366,0.659929,0.703608
3.9804,0.634817,0.675813,0.626544,0.623376,0.634532,0.644267,0.720556,0.673317,0.660234,0.703745
3.9806,0.634995,0.676085,0.62495,0.62245,0.634254,0.644234,0.721467,0.672629,0.661236,0.704822
3.9808,0.635076,0.675052,0.624239,0.622298,0.635311,0.643237,0.723613,0.672909,0.662488,0.705989
3.981,0.634748,0.672948,0.624604,0.622415,0.6368,0.642089,0.724849,0.674156,0.663337,0.70663
3.9812,0.634032,0.671157,0.625944,0.622226,0.637573,0.641743,0.723618,0.675279,0.663619,0.707015
3.9814,0.633517,0.670188,0.627328,0.621616,0.637249,0.642205,0.722479,0.675316,0.663683,0.707163
3.9816,0.633252,0.670541,0.62758,0.620932,0.636309,0.64276,0.722389,0.674099,0.663995,0.707307
3.9818,0.632888,0.671259,0.627006,0.620402,0.635792,0.642335,0.722185,0.672544,0.664185,0.707103
3.982,0.632588,0.671674,0.626204,0.619966,0.636237,0.640568,0.721451,0.671747,0.664146,0.707304
3.9822,0.632118,0.670948,0.625943,0.618995,0.637221,0.638077,0.720326,0.672274,0.663669,0.708124
3.9824,0.630865,0.668978,0.626214,0.617365,0.63847,0.636613,0.719945,0.674142,0.663538,0.709203
3.9826,0.628973,0.666835,0.626703,0.615433,0.639289,0.636911,0.720634,0.676164,0.66354,0.710601
3.9828,0.627617,0.66542,0.626979,0.613945,0.639112,0.637909,0.722716,0.676455,0.663569,0.711248
3.983,0.627482,0.665247,0.626812,0.613396,0.638197,0.638166,0.724892,0.674938,0.663939,0.711436
3.9832,0.628085,0.665571,0.626906,0.613766,0.637286,0.637286,0.726825,0.672502,0.664215,0.711154
3.9834,0.628354,0.665441,0.627325,0.614139,0.636999,0.635674,0.727316,0.670523,0.664558,0.710614
3.9836,0.627549,0.664332,0.627776,0.614135,0.63763,0.634972,0.726724,0.670486,0.664655,0.710202
3.9838,0.625619,0.662605,0.628018,0.614055,0.638706,0.635315,0.726128,0.672088,0.664619,0.710298
3.984,0.623499,0.661244,0.627851,0.614124,0.639629,0.635653,0.725762,0.674171,0.664747,0.710997
3.9842,0.622085,0.660787,0.627267,0.614376,0.640156,0.635235,0.727647,0.675084,0.664948,0.711919
3.9844,0.621664,0.661362,0.626691,0.614562,0.640391,0.634464,0.730453,0.674278,0.665083,0.713132
3.9846,0.622235,0.661865,0.626568,0.61451,0.640302,0.633707,0.731361,0.672857,0.665164,0.713391
3.9848,0.622856,0.662177,0.627345,0.614462,0.63976,0.633003,0.730552,0.672889,0.665295,0.712818
3.985,0.622567,0.662088,0.628674,0.614636,0.639111,0.632459,0.730301,0.67444,0.665453,0.711406
3.9852,0.621419,0.662008,0.629757,0.614914,0.638824,0.63226,0.732445,0.676045,0.665537,0.710262
3.9854,0.620086,0.661769,0.629751,0.614963,0.63888,0.632417,0.735162,0.676727,0.665607,0.710464
3.9856,0.619309,0.661834,0.628249,0.614673,0.639058,0.632733,0.736427,0.675957,0.665723,0.711295
3.9858,0.619415,0.662344,0.626626,0.614238,0.639245,0.63302,0.73538,0.675095,0.66568,0.711521
3.986,0.620034,0.662572,0.626039,0.613854,0.639136,0.633249,0.733868,0.674373,0.665578,0.711335
3.9862,0.62047,0.662566,0.626334,0.613639,0.638874,0.633367,0.732728,0.674116,0.665699,0.710577
3.9864,0.620343,0.662847,0.626865,0.613848,0.638511,0.633452,0.732145,0.673774,0.66598,0.70962
3.9866,0.619615,0.663416,0.626881,0.614467,0.637834,0.633749,0.731718,0.673068,0.666745,0.708782
3.9868,0.618954,0.664016,0.626172,0.614766,0.636894,0.634456,0.731287,0.673045,0.667448,0.707919
3.987,0.619072,0.664313,0.625267,0.614603,0.636157,0.634998,0.730646,0.673557,0.667548,0.707671
3.9872,0.619911,0.664458,0.624747,0.613947,0.635787,0.635057,0.730998,0.673623,0.667162,0.70771
3.9874,0.62062,0.664414,0.624747,0.613164,0.635694,0.634557,0.731197,0.673206,0.666374,0.70772
3.9876,0.620531,0.664838,0.625029,0.612838,0.635793,0.633917,0.730994,0.672817,0.666053,0.707886
3.9878,0.619782,0.665705,0.625279,0.613427,0.635525,0.633664,0.73073,0.672589,0.666383,0.707693
3.988,0.619111,0.666435,0.625239,0.614102,0.634991,0.634095,0.730116,0.672657,0.667283,0.707487
3.9882,0.619247,0.667113,0.624883,0.61417,0.634351,0.635011,0.729431,0.672718,0.668005,0.70747
3.9884,0.620221,0.667781,0.624593,0.613677,0.633944,0.635997,0.728291,0.673148,0.667978,0.706756
3.9886,0.621399,0.66835,0.624495,0.613031,0.633544,0.636638,0.728569,0.674246,0.667436,0.705734
3.9888,0.622128,0.668044,0.624636,0.612543,0.633418,0.636775,0.730373,0.675429,0.6666,0.705199
3.989,0.622121,0.667271,0.625174,0.612739,0.633971,0.636542,0.731113,0.67558,0.665798,0.704484
3.9892,0.621487,0.667178,0.625663,0.613492,0.634586,0.636257,0.729825,0.674596,0.665823,0.703438
3.9894,0.620854,0.668231,0.625737,0.614881,0.634754,0.636476,0.727964,0.67318,0.666904,0.701598
3.9896,0.620796,0.670421,0.625464,0.615792,0.634477,0.637,0.726348,0.671911,0.667876,0.699155
3.9898,0.621212,0.672604,0.624857,0.615738,0.633634,0.637329,0.727764,0.671447,0.668088,0.697333
3.99,0.621934,0.673333,0.624054,0.614677,0.632333,0.637557,0.729908,0.672004,0.66728,0.696474
3.9902,0.622892,0.672437,0.623668,0.613601,0.631345,0.637284,0.729284,0.672801,0.666258,0.696642
3.9904,0.623758,0.670847,0.623925,0.61441,0.631365,0.636725,0.727111,0.672932,0.665838,0.697206
3.9906,0.624295,0.66999,0.624684,0.616661,0.63198,0.63571,0.724911,0.672291,0.66618,0.697145
3.9908,0.624174,0.670964,0.624974,0.618656,0.632853,0.634796,0.724384,0.671457,0.666949,0.6964
3.991,0.623717,0.6732,0.624082,0.619463,0.633615,0.634114,0.725598,0.671028,0.667608,0.695272
3.9912,0.622975,0.675471,0.62276,0.618645,0.633624,0.633963,0.726795,0.671211,0.667716,0.694323
3.9914,0.62283,0.676551,0.621988,0.616989,0.633234,0.634003,0.726991,0.672203,0.667315,0.694193
3.9916,0.623079,0.676155,0.62234,0.61598,0.632915,0.633845,0.726148,0.673656,0.667529,0.694734
3.9918,0.624743,0.674823,0.623603,0.616514,0.633061,0.633204,0.725146,0.674249,0.66828,0.695641
3.992,0.626665,0.673732,0.62464,0.618042,0.633368,0.63241,0.726163,0.673436,0.669332,0.696469
3.9922,0.627067,0.673467,0.624643,0.619425,0.633683,0.631681,0.727692,0.67188,0.669797,0.69664
3.9924,0.62629,0.673852,0.623927,0.620063,0.63357,0.631929,0.728156,0.670378,0.669625,0.696323
3.9926,0.625395,0.674162,0.623228,0.619929,0.63289,0.633498,0.727184,0.669977,0.669117,0.696109
3.9928,0.625193,0.673972,0.623103,0.619896,0.632297,0.635019,0.725709,0.670472,0.668238,0.696053
3.993,0.62615,0.673495,0.623789,0.620089,0.632012,0.635453,0.724712,0.671716,0.668162,0.69665
3.9932,0.627925,0.67293,0.624595,0.620698,0.632418,0.634631,0.725311,0.673199,0.669441,0.697401
3.9934,0.63068,0.672212,0.625365,0.621212,0.633192,0.63344,0.727839,0.673387,0.671103,0.698136
3.9936,0.632827,0.671392,0.625572,0.621755,0.634,0.632775,0.730848,0.671699,0.672067,0.69883
3.9938,0.63314,0.670923,0.625327,0.622044,0.634164,0.633049,0.731697,0.66901,0.671906,0.699143
3.994,0.631964,0.672097,0.62495,0.621997,0.633622,0.634249,0.729244,0.666652,0.670927,0.699155
3.9942,0.63055,0.67399,0.624676,0.621864,0.63321,0.635808,0.7257,0.665427,0.669918,0.698969
3.9944,0.630084,0.674798,0.624842,0.621794,0.633144,0.636927,0.724323,0.66611,0.669514,0.698552
3.9946,0.630981,0.674097,0.625263,0.62157,0.633141,0.637033,0.726301,0.66913,0.669818,0.69824
3.9948,0.632369,0.672775,0.625457,0.620986,0.633027,0.636885,0.729951,0.671718,0.670381,0.698453
3.995,0.633314,0.6715,0.625131,0.620374,0.632912,0.637244,0.732083,0.670936,0.670587,0.699009
3.9952,0.633629,0.670713,0.624802,0.61973,0.632672,0.637885,0.730928,0.667482,0.670335,0.699594
3.9954,0.63359,0.670531,0.624902,0.619448,0.632596,0.638372,0.72782,0.6654,0.66947,0.699727
3.9956,0.633366,0.670919,0.625511,0.619338,0.632765,0.638638,0.725475,0.666505,0.667897,0.70013
3.9958,0.633175,0.671447,0.626465,0.620178,0.633446,0.638761,0.72514,0.669656,0.666248,0.700455
3.996,0.633201,0.671935,0.627364,0.621663,0.63423,0.638942,0.725715,0.672081,0.664992,0.700379
3.9962,0.633405,0.672259,0.62817,0.622802,0.63449,0.639486,0.725452,0.671801,0.66461,0.699656
3.9964,0.633808,0.672328,0.628434,0.623264,0.634033,0.640502,0.723389,0.670033,0.665,0.698313
3.9966,0.634353,0.6723,0.62818,0.622919,0.633804,0.64177,0.720491,0.669045,0.665133,0.69741
3.9968,0.634883,0.672424,0.62752,0.622238,0.634029,0.642843,0.717992,0.669337,0.664242,0.697068
3.997,0.635185,0.673097,0.626747,0.621538,0.635084,0.643443,0.71676,0.670881,0.662828,0.697665
3.9972,0.635199,0.673801,0.626377,0.62134,0.636415,0.643433,0.716698,0.673164,0.661098,0.698426
3.9974,0.635121,0.674391,0.626706,0.621165,0.636838,0.642977,0.716952,0.675246,0.660546,0.698369
3.9976,0.635502,0.675064,0.627472,0.620868,0.636217,0.642972,0.715987,0.676205,0.661506,0.697336
3.9978,0.636686,0.675198,0.627819,0.620927,0.63465,0.643939,0.713002,0.677149,0.662179,0.69579
3.998,0.63818,0.674481,0.627335,0.62131,0.633217,0.645127,0.709891,0.678209,0.661508,0.694656
3.9982,0.638172,0.67335,0.626059,0.62174,0.632849,0.645558,0.707525,0.678463,0.659746,0.694343
3.9984,0.636512,0.67243,0.624818,0.621792,0.633939,0.644933,0.705643,0.677658,0.657957,0.69478
3.9986,0.634115,0.672117,0.623906,0.621072,0.635159,0.64423,0.703916,0.67707,0.657076,0.695338
3.9988,0.632462,0.672815,0.623772,0.620372,0.635158,0.643967,0.701858,0.677078,0.65719,0.695573
3.999,0.631965,0.674267,0.624132,0.620212,0.63361,0.643929,0.700221,0.677588,0.65775,0.695369
3.9992,0.633162,0.675414,0.624438,0.621079,0.631166,0.643735,0.699733,0.678648,0.658145,0.694795
3.9994,0.634701,0.675474,0.623924,0.622515,0.629814,0.643256,0.699589,0.679866,0.658103,0.694382
3.9996,0.634864,0.674677,0.622865,0.623495,0.63003,0.642289,0.698736,0.680473,0.657825,0.694595
3.9998,0.633176,0.673772,0.621529,0.623349,0.630773,0.641176,0.697327,0.680321,0.657754,0.695283
4,0.63008,0.673286,0.620821,0.622488,0.63129,0.640451,0.696571,0.679789,0.65814,0.696023
