TIME,B32Irms,I_pu39,I_pu31,I_pu38,I_pu37,I_pu36,I_pu35,I_pu30,I_pu34,I_pu33,I_pu
2.9,1.71832,0.633898,0.650507,0.614954,0.623027,0.624072,0.647829,0.69696,0.682619,0.65683,0.671309
2.9002,1.71839,0.633445,0.649935,0.614316,0.62221,0.624877,0.647733,0.696704,0.682479,0.656553,0.671294
2.9004,1.71875,0.634248,0.649679,0.613322,0.621631,0.626147,0.646759,0.696457,0.682576,0.656103,0.671668
2.9006,1.71889,0.635519,0.649879,0.61239,0.621646,0.627094,0.645008,0.696051,0.68289,0.655789,0.67196
2.9008,1.71824,0.636519,0.650087,0.612047,0.622816,0.627451,0.643284,0.696443,0.682995,0.655958,0.671717
2.901,1.71674,0.636743,0.649849,0.612265,0.624293,0.627271,0.642234,0.697055,0.682895,0.65651,0.670775
2.9012,1.71501,0.636172,0.648934,0.612756,0.625002,0.626722,0.641933,0.696448,0.682403,0.656942,0.669504
2.9014,1.71383,0.635115,0.647441,0.613072,0.624639,0.626178,0.641999,0.69592,0.681689,0.657474,0.66854
2.9016,1.71355,0.634415,0.646289,0.612985,0.623393,0.626286,0.641962,0.696055,0.681522,0.657838,0.66826
2.9018,1.71403,0.634186,0.645729,0.612608,0.622689,0.626856,0.641554,0.696252,0.681972,0.657597,0.66864
2.902,1.71475,0.635163,0.645804,0.61226,0.623396,0.628094,0.640901,0.695795,0.682517,0.657383,0.669326
2.9022,1.71508,0.63659,0.646053,0.612194,0.624865,0.629383,0.640395,0.694847,0.683344,0.657411,0.669793
2.9024,1.715,0.638019,0.645705,0.612456,0.626192,0.629895,0.640347,0.693786,0.684024,0.658161,0.669899
2.9026,1.7147,0.638933,0.644727,0.612963,0.626156,0.629578,0.640794,0.69347,0.683661,0.65948,0.669789
2.9028,1.71453,0.63861,0.643514,0.613313,0.625268,0.628675,0.641583,0.694488,0.682516,0.660463,0.669718
2.903,1.71454,0.63754,0.642313,0.613726,0.624315,0.628014,0.641964,0.695789,0.681636,0.660591,0.669773
2.9032,1.7149,0.63646,0.641012,0.614442,0.6238,0.628113,0.641827,0.695749,0.681669,0.660511,0.670087
2.9034,1.71578,0.636476,0.639822,0.615252,0.623716,0.628704,0.641788,0.695605,0.682336,0.660521,0.670765
2.9036,1.71677,0.637342,0.639091,0.615761,0.623953,0.628999,0.642033,0.695475,0.68244,0.660519,0.671661
2.9038,1.71718,0.638565,0.639007,0.615845,0.624377,0.628451,0.642297,0.694882,0.681585,0.660847,0.672213
2.904,1.71671,0.6391,0.639141,0.615568,0.624645,0.627999,0.642414,0.694741,0.68051,0.661111,0.672072
2.9042,1.71649,0.638226,0.638925,0.615284,0.624687,0.627926,0.642255,0.695084,0.680287,0.661673,0.671808
2.9044,1.71699,0.637167,0.638271,0.615566,0.624523,0.628451,0.641898,0.694915,0.680768,0.66278,0.672157
2.9046,1.71799,0.636882,0.637526,0.616616,0.624277,0.62964,0.64169,0.695024,0.681194,0.663802,0.672929
2.9048,1.71915,0.637667,0.637185,0.617855,0.624332,0.6306,0.641975,0.695459,0.680894,0.664902,0.673904
2.905,1.72001,0.638898,0.637322,0.618628,0.624612,0.630638,0.642716,0.695307,0.680117,0.666058,0.674714
2.9052,1.72038,0.639647,0.637903,0.618614,0.625321,0.630429,0.643613,0.695223,0.679108,0.667013,0.675137
2.9054,1.72069,0.639275,0.638632,0.617776,0.625749,0.630438,0.644325,0.694405,0.678488,0.667763,0.675364
2.9056,1.72119,0.638868,0.639135,0.616871,0.625523,0.630495,0.644522,0.693516,0.678908,0.668136,0.675782
2.9058,1.72184,0.638996,0.639114,0.616984,0.624796,0.630532,0.644131,0.693665,0.679812,0.667773,0.676281
2.906,1.72246,0.639468,0.638692,0.618463,0.624289,0.630433,0.64378,0.693778,0.680611,0.666783,0.676837
2.9062,1.72245,0.640475,0.638687,0.620348,0.625096,0.63014,0.644029,0.693755,0.6807,0.665576,0.676998
2.9064,1.72213,0.641062,0.639615,0.621208,0.626659,0.629704,0.644513,0.692821,0.679677,0.664543,0.676761
2.9066,1.72202,0.640543,0.640915,0.620426,0.627812,0.629975,0.644548,0.690923,0.678541,0.664389,0.676642
2.9068,1.72214,0.639432,0.641772,0.618591,0.6277,0.631163,0.643966,0.689774,0.678799,0.664596,0.676763
2.907,1.7221,0.638514,0.641729,0.616802,0.626428,0.632794,0.642769,0.69072,0.680548,0.665893,0.676758
2.9072,1.72168,0.638019,0.641146,0.616445,0.625206,0.633819,0.641408,0.69201,0.682457,0.667484,0.676582
2.9074,1.72048,0.638104,0.640831,0.617656,0.625585,0.633588,0.640582,0.691998,0.683383,0.667585,0.675803
2.9076,1.71881,0.638607,0.64151,0.620043,0.627143,0.632426,0.640658,0.691715,0.683243,0.666198,0.674596
2.9078,1.71707,0.639109,0.643305,0.622519,0.628611,0.631281,0.641585,0.691301,0.682826,0.664101,0.673232
2.908,1.71607,0.639254,0.645925,0.623138,0.628738,0.631355,0.642001,0.691745,0.682543,0.66261,0.672336
2.9082,1.71531,0.639,0.648195,0.621413,0.627661,0.632612,0.641151,0.693299,0.682783,0.663907,0.6718
2.9084,1.71534,0.638817,0.649091,0.618608,0.626634,0.634578,0.639294,0.694863,0.683595,0.666602,0.671635
2.9086,1.71664,0.639573,0.648733,0.616427,0.626088,0.636132,0.637243,0.695414,0.684402,0.668002,0.672532
2.9088,1.7179,0.640869,0.647957,0.615873,0.625844,0.636318,0.636029,0.695762,0.684968,0.668206,0.67372
2.909,1.71753,0.641506,0.648075,0.616894,0.626045,0.635419,0.635905,0.696733,0.68442,0.667407,0.673861
2.9092,1.71554,0.640626,0.649661,0.61842,0.626643,0.63413,0.636298,0.697113,0.683263,0.665841,0.672581
2.9094,1.7135,0.638504,0.651826,0.619182,0.627138,0.63334,0.636507,0.696736,0.682498,0.665002,0.670935
2.9096,1.71224,0.636059,0.653146,0.618766,0.627138,0.633435,0.636121,0.696512,0.682727,0.666324,0.669842
2.9098,1.7128,0.634504,0.653143,0.617798,0.626712,0.634901,0.635216,0.696273,0.683287,0.668541,0.669961
2.91,1.71504,0.634392,0.652627,0.617046,0.626173,0.636797,0.634114,0.696173,0.683559,0.670156,0.671539
2.9102,1.71759,0.635395,0.652495,0.61697,0.62583,0.638207,0.633323,0.695954,0.68382,0.670105,0.673696
2.9104,1.71857,0.636175,0.653008,0.617588,0.625917,0.638606,0.633189,0.696849,0.684247,0.668534,0.674854
2.9106,1.71829,0.635421,0.654034,0.618405,0.626236,0.63755,0.633672,0.698162,0.683999,0.666863,0.67482
2.9108,1.71777,0.63322,0.655453,0.618751,0.626374,0.635484,0.634442,0.698681,0.68337,0.666147,0.674424
2.911,1.71751,0.630663,0.65676,0.618446,0.625827,0.63432,0.635171,0.699323,0.683772,0.666553,0.674194
2.9112,1.71777,0.628862,0.657677,0.618759,0.625053,0.635048,0.635345,0.700079,0.685852,0.667775,0.674309
2.9114,1.71824,0.629179,0.658586,0.619887,0.624758,0.636891,0.634815,0.700363,0.687557,0.668817,0.674734
2.9116,1.71826,0.631946,0.659537,0.620858,0.625043,0.638378,0.634334,0.699973,0.687356,0.669063,0.674896
2.9118,1.71783,0.634468,0.660022,0.620789,0.625523,0.638678,0.634585,0.698999,0.68547,0.668835,0.674662
2.912,1.71699,0.633858,0.660125,0.619643,0.625745,0.637795,0.63522,0.698386,0.682932,0.668495,0.674102
2.9122,1.71615,0.630039,0.659955,0.618213,0.624984,0.636606,0.635603,0.698341,0.68135,0.668327,0.673427
2.9124,1.71573,0.625954,0.659679,0.617482,0.623612,0.636454,0.635389,0.698398,0.681432,0.668185,0.673068
2.9126,1.71505,0.623977,0.660078,0.618186,0.622355,0.63711,0.634699,0.698521,0.683129,0.667762,0.672704
2.9128,1.71372,0.624832,0.661205,0.619795,0.622425,0.63786,0.634057,0.698138,0.684563,0.667082,0.671804
2.913,1.71223,0.627743,0.662861,0.621527,0.623256,0.638053,0.634053,0.698003,0.684638,0.666661,0.670696
2.9132,1.71109,0.63005,0.663976,0.622284,0.623838,0.63759,0.634794,0.698685,0.683538,0.666917,0.669751
2.9134,1.71067,0.630034,0.66435,0.621529,0.623165,0.636973,0.635923,0.698499,0.682308,0.667569,0.669364
2.9136,1.71084,0.628768,0.663965,0.619823,0.621604,0.636542,0.636922,0.698532,0.681438,0.668016,0.669475
2.9138,1.71091,0.62728,0.66296,0.618638,0.61995,0.636431,0.637324,0.699405,0.681307,0.667869,0.669717
2.914,1.70995,0.626803,0.662414,0.618734,0.619238,0.636651,0.637102,0.699361,0.681854,0.667094,0.669274
2.9142,1.7076,0.627399,0.662663,0.619815,0.619363,0.636895,0.636625,0.698233,0.682065,0.666485,0.667777
2.9144,1.70484,0.628061,0.663472,0.621004,0.619731,0.636779,0.63633,0.697762,0.681636,0.666628,0.665653
2.9146,1.70296,0.628719,0.664223,0.621354,0.619659,0.636681,0.636617,0.697451,0.681125,0.667612,0.664077
2.9148,1.70218,0.629252,0.664049,0.620885,0.618959,0.636966,0.636892,0.696349,0.68097,0.668675,0.663391
2.915,1.70215,0.629553,0.662922,0.620053,0.618482,0.637396,0.637039,0.69557,0.680687,0.668985,0.663392
2.9152,1.70233,0.629058,0.661381,0.619427,0.618784,0.637676,0.636546,0.694842,0.680166,0.668296,0.663664
2.9154,1.70219,0.628118,0.660125,0.619686,0.619269,0.637525,0.63544,0.693875,0.67961,0.667411,0.663775
2.9156,1.70146,0.627318,0.659689,0.620375,0.619552,0.63719,0.634643,0.694137,0.678952,0.667008,0.663449
2.9158,1.7002,0.626674,0.660375,0.621282,0.619189,0.636563,0.634386,0.695201,0.678334,0.667736,0.662664
2.916,1.69903,0.626671,0.661361,0.622029,0.61849,0.636512,0.634184,0.695771,0.677984,0.668762,0.661805
2.9162,1.69858,0.627036,0.662054,0.621787,0.618255,0.637035,0.633494,0.695082,0.677938,0.66947,0.661422
2.9164,1.69898,0.627863,0.661815,0.620567,0.618473,0.637771,0.632503,0.693842,0.678061,0.669239,0.661727
2.9166,1.69998,0.628584,0.660949,0.619306,0.618857,0.637936,0.631291,0.693512,0.678157,0.668122,0.662565
2.9168,1.70081,0.62916,0.660213,0.618534,0.619161,0.637558,0.630343,0.693605,0.677953,0.667034,0.663429
2.917,1.70117,0.629565,0.659946,0.618453,0.618809,0.636435,0.630166,0.694009,0.677439,0.666548,0.663922
2.9172,1.70128,0.629518,0.659798,0.619168,0.617876,0.634995,0.630761,0.694861,0.677351,0.667082,0.664126
2.9174,1.70132,0.628835,0.659421,0.62014,0.616888,0.6349,0.631483,0.695003,0.677586,0.667916,0.664314
2.9176,1.70097,0.628271,0.659017,0.620837,0.616291,0.636589,0.631078,0.694572,0.67774,0.668574,0.66423
2.9178,1.70023,0.628332,0.658352,0.620834,0.616289,0.638593,0.629424,0.694331,0.677484,0.668844,0.663815
2.918,1.69946,0.62895,0.657378,0.62041,0.616769,0.639544,0.627617,0.693562,0.676633,0.668531,0.663292
2.9182,1.69908,0.629761,0.656457,0.620559,0.617167,0.638594,0.626746,0.693368,0.675792,0.667979,0.663004
2.9184,1.69944,0.630103,0.655829,0.621017,0.616909,0.63639,0.627156,0.693849,0.675263,0.667394,0.663247
2.9186,1.70046,0.629655,0.655528,0.621288,0.616091,0.634855,0.628314,0.694963,0.674956,0.667485,0.664055
2.9188,1.70156,0.628771,0.655782,0.621646,0.615242,0.635287,0.629247,0.695855,0.67533,0.668108,0.665054
2.919,1.70215,0.628335,0.656297,0.622087,0.614967,0.637319,0.629326,0.695807,0.675781,0.669419,0.665735
2.9192,1.70213,0.628772,0.656449,0.622194,0.615308,0.639058,0.628735,0.69578,0.676004,0.67057,0.665906
2.9194,1.70169,0.629911,0.655717,0.621938,0.615777,0.639619,0.628333,0.69732,0.675485,0.670801,0.665693
2.9196,1.70127,0.631131,0.654098,0.621701,0.615769,0.638672,0.628551,0.698726,0.674652,0.670282,0.665433
2.9198,1.70119,0.631537,0.652339,0.621777,0.615171,0.637339,0.62929,0.697604,0.674032,0.669186,0.665358
2.92,1.70185,0.630885,0.651566,0.622074,0.614167,0.636324,0.630327,0.694476,0.673901,0.668112,0.665794
2.9202,1.70291,0.630114,0.65231,0.622439,0.613388,0.636499,0.631024,0.691978,0.67398,0.668144,0.666697
2.9204,1.70336,0.62996,0.654205,0.622403,0.613006,0.637617,0.630991,0.692174,0.674238,0.66908,0.6673
2.9206,1.70261,0.630568,0.655793,0.622349,0.612527,0.638295,0.630504,0.693067,0.674481,0.670428,0.667042
2.9208,1.7007,0.631835,0.656464,0.622583,0.611909,0.637891,0.630135,0.692727,0.674526,0.671321,0.665735
2.921,1.6992,0.632952,0.656045,0.622971,0.611226,0.63708,0.630333,0.692176,0.674576,0.671616,0.664504
2.9212,1.69859,0.63332,0.655041,0.623887,0.610804,0.636095,0.631088,0.692844,0.675053,0.67169,0.663884
2.9214,1.69942,0.632815,0.654329,0.62482,0.610174,0.635184,0.632098,0.693271,0.676053,0.671675,0.664366
2.9216,1.70084,0.632294,0.654978,0.62537,0.609533,0.634652,0.633068,0.693699,0.677217,0.671444,0.665531
2.9218,1.70173,0.633036,0.656831,0.625224,0.608411,0.634886,0.633834,0.69431,0.678024,0.671149,0.666517
2.922,1.70118,0.634502,0.658479,0.624747,0.607612,0.635353,0.634366,0.694292,0.678411,0.670538,0.666355
2.9222,1.70123,0.636025,0.658774,0.624944,0.60746,0.635288,0.634778,0.69431,0.67921,0.669784,0.666215
2.9224,1.70205,0.63713,0.657539,0.625696,0.607267,0.634912,0.635226,0.694943,0.679827,0.669102,0.666879
2.9226,1.70232,0.637726,0.655834,0.626584,0.607013,0.634532,0.635813,0.694922,0.679998,0.668314,0.667308
2.9228,1.702,0.637586,0.655109,0.627055,0.606832,0.634129,0.636351,0.695264,0.679826,0.66737,0.667173
2.923,1.70166,0.637092,0.655673,0.627338,0.606406,0.633699,0.636895,0.696746,0.679399,0.666461,0.666962
2.9232,1.70154,0.63652,0.65705,0.627325,0.605548,0.633426,0.637262,0.697715,0.678932,0.665857,0.666824
2.9234,1.70216,0.636426,0.658571,0.627412,0.604766,0.633936,0.637218,0.697902,0.678835,0.665635,0.667207
2.9236,1.70337,0.636779,0.659306,0.62809,0.60448,0.634957,0.636847,0.697349,0.680811,0.666625,0.66811
2.9238,1.70546,0.63715,0.658643,0.628713,0.605557,0.636252,0.636183,0.695888,0.683751,0.668302,0.669617
2.924,1.70748,0.637133,0.657588,0.628931,0.60709,0.636638,0.63586,0.695597,0.685009,0.669357,0.671378
2.9242,1.70807,0.637079,0.656895,0.628826,0.607804,0.635859,0.636095,0.697187,0.68295,0.669367,0.672131
2.9244,1.70766,0.637114,0.657541,0.628144,0.607763,0.634212,0.636554,0.698285,0.678939,0.668745,0.671966
2.9246,1.70709,0.63717,0.659344,0.62659,0.607933,0.63322,0.636405,0.698329,0.675153,0.668253,0.671441
2.9248,1.7076,0.637679,0.660939,0.624812,0.60831,0.633595,0.635496,0.698533,0.674253,0.668421,0.671563
2.925,1.70921,0.638437,0.661755,0.623703,0.608545,0.634915,0.634171,0.698371,0.676087,0.669015,0.672712
2.9252,1.71107,0.638377,0.661614,0.623565,0.608585,0.636579,0.633354,0.699065,0.677864,0.669403,0.674143
2.9254,1.71224,0.637208,0.660515,0.623941,0.608237,0.637403,0.63289,0.700808,0.677574,0.669959,0.675278
2.9256,1.71195,0.635538,0.659077,0.624143,0.607987,0.636578,0.632592,0.701045,0.674804,0.670746,0.675293
2.9258,1.71132,0.634399,0.657925,0.623744,0.60856,0.635137,0.632738,0.700066,0.671144,0.671472,0.674678
2.926,1.71203,0.634331,0.65745,0.622804,0.610236,0.634528,0.633093,0.699656,0.668578,0.671691,0.674905
2.9262,1.71389,0.634659,0.657282,0.621882,0.612027,0.635114,0.633117,0.700747,0.669514,0.671715,0.676195
2.9264,1.7155,0.634755,0.657096,0.62156,0.61327,0.636255,0.632548,0.701387,0.673164,0.671758,0.677582
2.9266,1.71598,0.634252,0.656485,0.621953,0.613458,0.637239,0.631698,0.700754,0.67569,0.671873,0.678134
2.9268,1.71516,0.632861,0.655782,0.622682,0.612961,0.637427,0.63116,0.700237,0.674896,0.672557,0.677707
2.927,1.71347,0.631518,0.655496,0.623187,0.612912,0.636617,0.631237,0.701006,0.672184,0.673515,0.676399
2.9272,1.71224,0.630982,0.655905,0.623148,0.6138,0.635606,0.631837,0.702189,0.669786,0.67442,0.675235
2.9274,1.71227,0.631106,0.656661,0.622744,0.615544,0.63516,0.632606,0.702311,0.668729,0.674724,0.674959
2.9276,1.71324,0.63081,0.657586,0.622385,0.61693,0.635762,0.633287,0.701092,0.669855,0.674352,0.675625
2.9278,1.71323,0.629557,0.659279,0.622347,0.61722,0.637304,0.633637,0.700241,0.672688,0.674047,0.675903
2.928,1.71163,0.627853,0.660885,0.622562,0.616632,0.638482,0.633567,0.701008,0.674485,0.674065,0.674894
2.9282,1.70906,0.62627,0.661269,0.622735,0.61587,0.638139,0.633526,0.702489,0.673992,0.67421,0.672982
2.9284,1.70662,0.625138,0.660501,0.622715,0.615323,0.63638,0.633898,0.702632,0.673384,0.674205,0.67096
2.9286,1.70536,0.624739,0.658965,0.622813,0.615629,0.634718,0.634633,0.702567,0.673573,0.673795,0.669703
2.9288,1.7057,0.625188,0.65724,0.622975,0.616983,0.634296,0.635261,0.703495,0.673793,0.673439,0.669702
2.929,1.70696,0.625444,0.656044,0.623097,0.618263,0.634523,0.635403,0.704932,0.673768,0.673517,0.670636
2.9292,1.70777,0.624644,0.655681,0.623094,0.61863,0.634479,0.635082,0.705535,0.673398,0.6738,0.671475
2.9294,1.70724,0.623084,0.655912,0.622972,0.617862,0.633514,0.634858,0.704989,0.672428,0.674002,0.671357
2.9296,1.7056,0.621599,0.65635,0.622785,0.616721,0.631874,0.635348,0.704149,0.671698,0.674176,0.670241
2.9298,1.7039,0.620771,0.656691,0.622578,0.615987,0.630079,0.636457,0.704954,0.672248,0.673955,0.668853
2.93,1.70328,0.620725,0.656759,0.622389,0.616068,0.629017,0.637661,0.706311,0.673599,0.673609,0.668131
2.9302,1.70412,0.621162,0.656518,0.622167,0.616656,0.628838,0.638527,0.706117,0.674578,0.673172,0.66857
2.9304,1.70585,0.621541,0.656157,0.621829,0.617089,0.628531,0.638952,0.704157,0.674791,0.673561,0.669872
2.9306,1.70719,0.621449,0.656012,0.621376,0.617368,0.627287,0.639029,0.703636,0.67431,0.674775,0.67112
2.9308,1.7072,0.620866,0.656044,0.620938,0.61709,0.625353,0.639055,0.704883,0.673009,0.675787,0.671418
2.931,1.70634,0.620245,0.655997,0.620583,0.61645,0.623232,0.63934,0.704558,0.672193,0.67558,0.670844
2.9312,1.70561,0.619827,0.656161,0.620093,0.61577,0.621834,0.639818,0.702566,0.673239,0.674533,0.670216
2.9314,1.70537,0.619761,0.656707,0.61936,0.615199,0.621933,0.640398,0.699412,0.675019,0.673518,0.669955
2.9316,1.70551,0.620062,0.657043,0.618868,0.615125,0.623,0.64042,0.697545,0.675439,0.673311,0.670044
2.9318,1.70558,0.620511,0.6566,0.618739,0.615628,0.623816,0.640058,0.696622,0.673704,0.674128,0.670169
2.932,1.70531,0.620586,0.655487,0.619018,0.616362,0.623556,0.639296,0.696119,0.670764,0.675295,0.670045
2.9322,1.70491,0.620284,0.654317,0.61939,0.616625,0.622502,0.638405,0.694526,0.668417,0.676239,0.669745
2.9324,1.70488,0.619951,0.653784,0.619188,0.616788,0.621422,0.637838,0.691604,0.668158,0.676476,0.669646
2.9326,1.70553,0.619874,0.654287,0.618464,0.616736,0.620888,0.637536,0.688731,0.669472,0.675705,0.670053
2.9328,1.70663,0.620138,0.655485,0.617442,0.616976,0.621219,0.638221,0.687425,0.670434,0.674825,0.670881
2.933,1.70768,0.620714,0.656548,0.616521,0.617729,0.622101,0.639456,0.687396,0.669546,0.675007,0.67176
2.9332,1.70832,0.621438,0.656812,0.616355,0.618214,0.622883,0.639541,0.68737,0.666832,0.676166,0.672367
2.9334,1.7083,0.622053,0.656207,0.616483,0.617996,0.623015,0.638546,0.686752,0.663583,0.677449,0.672489
2.9336,1.70769,0.622349,0.655132,0.616394,0.617181,0.62296,0.636913,0.685965,0.661794,0.677894,0.672094
2.9338,1.70726,0.622198,0.654164,0.616,0.616365,0.623431,0.635911,0.686152,0.662149,0.677013,0.671662
2.934,1.70754,0.621786,0.653798,0.615444,0.616584,0.62427,0.635914,0.687163,0.663565,0.675477,0.671738
2.9342,1.70832,0.621375,0.65409,0.614854,0.617743,0.624638,0.636262,0.687272,0.6642,0.674627,0.672324
2.9344,1.70857,0.621333,0.65429,0.614329,0.618768,0.62417,0.636317,0.687106,0.663874,0.674922,0.672697
2.9346,1.70756,0.621896,0.653918,0.613979,0.619023,0.62324,0.635957,0.687563,0.662778,0.676233,0.672173
2.9348,1.70561,0.622451,0.652751,0.613936,0.618728,0.622515,0.635415,0.687893,0.661476,0.677183,0.670729
2.935,1.70393,0.622855,0.651667,0.614235,0.618561,0.622496,0.634834,0.687351,0.660765,0.677473,0.669342
2.9352,1.70298,0.622879,0.651137,0.614775,0.618775,0.623261,0.634449,0.686091,0.660904,0.677379,0.668424
2.9354,1.70337,0.623047,0.65124,0.615346,0.619249,0.624331,0.634534,0.685115,0.661387,0.677467,0.668518
2.9356,1.70453,0.623265,0.651199,0.61572,0.619596,0.625034,0.63515,0.685343,0.661608,0.677992,0.669363
2.9358,1.70565,0.62393,0.650641,0.615807,0.619669,0.62504,0.636096,0.686366,0.661386,0.67808,0.670381
2.936,1.70537,0.62427,0.649628,0.615673,0.619624,0.624414,0.636966,0.687402,0.661036,0.677693,0.670498
2.9362,1.70384,0.623891,0.648691,0.615505,0.619727,0.623496,0.637372,0.688085,0.661013,0.676884,0.669483
2.9364,1.70221,0.623105,0.64774,0.615869,0.61983,0.6229,0.637439,0.68845,0.661337,0.676618,0.668162
2.9366,1.70168,0.62213,0.647079,0.616901,0.619722,0.623049,0.637776,0.689064,0.661821,0.676872,0.667492
2.9368,1.7025,0.621422,0.646856,0.618387,0.619727,0.623796,0.638566,0.690226,0.662335,0.677456,0.668003
2.937,1.70357,0.621177,0.646472,0.619851,0.62012,0.624615,0.63958,0.691328,0.662568,0.678298,0.668865
2.9372,1.7046,0.621337,0.645869,0.620587,0.620746,0.624604,0.640458,0.691255,0.662325,0.678629,0.66972
2.9374,1.70501,0.621875,0.64504,0.620492,0.621197,0.6236,0.640981,0.689686,0.662007,0.678422,0.670256
2.9376,1.70437,0.622459,0.644399,0.619822,0.621562,0.621775,0.641315,0.687862,0.661797,0.677713,0.669954
2.9378,1.70329,0.624074,0.644193,0.619404,0.62188,0.619676,0.64186,0.686595,0.661778,0.67712,0.66915
2.938,1.70259,0.625763,0.644402,0.619972,0.621929,0.618202,0.642793,0.686898,0.662029,0.676685,0.668501
2.9382,1.70277,0.626121,0.644802,0.621258,0.621787,0.617688,0.64405,0.687292,0.662516,0.677116,0.668482
2.9384,1.7039,0.625454,0.645198,0.622584,0.621918,0.618344,0.645395,0.686795,0.662977,0.678028,0.669236
2.9386,1.70551,0.624973,0.645511,0.623374,0.622493,0.620513,0.646435,0.68461,0.663908,0.678966,0.670464
2.9388,1.70704,0.625087,0.645709,0.623255,0.623283,0.622045,0.646777,0.681876,0.665008,0.679283,0.671753
2.939,1.70774,0.625936,0.645868,0.622414,0.624559,0.621106,0.6466,0.679726,0.665672,0.678579,0.672499
2.9392,1.70796,0.627388,0.645859,0.621421,0.625448,0.618494,0.646513,0.678063,0.665478,0.677484,0.672644
2.9394,1.70854,0.628419,0.645916,0.621092,0.625393,0.616083,0.646891,0.676386,0.66444,0.676376,0.673016
2.9396,1.70968,0.628224,0.646316,0.621731,0.62433,0.615464,0.647247,0.674612,0.663242,0.675672,0.673795
2.9398,1.71071,0.628216,0.646913,0.62298,0.622922,0.6167,0.646942,0.673249,0.663121,0.676005,0.674665
2.94,1.71118,0.629677,0.647276,0.624154,0.622303,0.618573,0.645965,0.672172,0.663917,0.677309,0.675132
2.9402,1.71133,0.63149,0.647193,0.624719,0.622738,0.619732,0.645277,0.670368,0.666052,0.678685,0.675176
2.9404,1.71184,0.632461,0.646773,0.62457,0.623859,0.619572,0.645471,0.667609,0.668917,0.679169,0.675463
2.9406,1.71314,0.632027,0.646424,0.624072,0.62531,0.618505,0.646332,0.664916,0.669874,0.67844,0.676254
2.9408,1.71537,0.630399,0.646524,0.623975,0.626048,0.61731,0.64709,0.663217,0.667753,0.676807,0.677793
2.941,1.71775,0.628847,0.647146,0.625168,0.625631,0.616849,0.646926,0.662804,0.66393,0.675785,0.679697
2.9412,1.71854,0.629003,0.647998,0.626978,0.624817,0.617854,0.645469,0.663258,0.66103,0.676019,0.680652
2.9414,1.71769,0.630846,0.648695,0.628058,0.624291,0.620264,0.643489,0.663533,0.660451,0.676725,0.680076
2.9416,1.71725,0.632863,0.649004,0.627606,0.62431,0.622202,0.641747,0.662873,0.661617,0.676812,0.679477
2.9418,1.71803,0.634125,0.648853,0.625883,0.624997,0.622814,0.641595,0.661886,0.663284,0.676061,0.679778
2.942,1.72018,0.634244,0.648391,0.623886,0.625319,0.622355,0.642482,0.661658,0.663442,0.675268,0.68112
2.9422,1.7229,0.633115,0.647907,0.62286,0.624609,0.621614,0.643099,0.662476,0.661692,0.675463,0.683149
2.9424,1.72482,0.631336,0.647857,0.62334,0.622882,0.620778,0.642891,0.663974,0.659123,0.676166,0.684804
2.9426,1.72495,0.629765,0.648378,0.624436,0.620883,0.620168,0.641952,0.665714,0.65697,0.676874,0.685138
2.9428,1.72412,0.628863,0.648866,0.624955,0.619679,0.61982,0.640627,0.666942,0.656081,0.677656,0.684444
2.943,1.72391,0.628551,0.64879,0.624555,0.619918,0.619616,0.63942,0.667057,0.657992,0.678553,0.683927
2.9432,1.72544,0.628398,0.647941,0.623593,0.622034,0.619652,0.638768,0.666793,0.661276,0.679062,0.684688
2.9434,1.72799,0.62933,0.646582,0.622641,0.623833,0.620032,0.638825,0.666356,0.663313,0.678828,0.686483
2.9436,1.73,0.632468,0.645499,0.621976,0.623438,0.62,0.639432,0.666878,0.662983,0.678513,0.688095
2.9438,1.73102,0.635467,0.645207,0.621846,0.621218,0.619711,0.640339,0.668728,0.661492,0.678132,0.688997
2.944,1.73054,0.636211,0.645584,0.621916,0.618874,0.61876,0.641183,0.670909,0.660215,0.678548,0.688698
2.9442,1.73009,0.634926,0.646445,0.621575,0.617911,0.617478,0.641666,0.672225,0.660066,0.67974,0.68805
2.9444,1.73105,0.632546,0.646753,0.620985,0.618339,0.61684,0.64183,0.672058,0.661244,0.681337,0.688345
2.9446,1.73315,0.630761,0.645966,0.620655,0.618756,0.617144,0.641889,0.671522,0.662444,0.682603,0.68972
2.9448,1.73558,0.631437,0.644515,0.620539,0.618867,0.617594,0.641922,0.672833,0.66284,0.682703,0.691439
2.945,1.73734,0.633477,0.643151,0.620287,0.618738,0.61727,0.642459,0.676402,0.66299,0.681048,0.692877
2.9452,1.73733,0.634922,0.642402,0.619697,0.618281,0.616312,0.644034,0.679831,0.663413,0.678847,0.693071
2.9454,1.73582,0.634329,0.642426,0.618835,0.617648,0.616467,0.645806,0.680746,0.663742,0.677981,0.69192
2.9456,1.73409,0.631999,0.64277,0.617941,0.616702,0.618119,0.646605,0.679233,0.663446,0.679017,0.690331
2.9458,1.73341,0.629763,0.643009,0.61731,0.616176,0.619664,0.645792,0.677615,0.662634,0.680266,0.689391
2.946,1.73402,0.628946,0.642787,0.617109,0.616977,0.620132,0.644035,0.677225,0.661895,0.680278,0.689498
2.9462,1.73533,0.629978,0.642209,0.61732,0.6183,0.619612,0.642708,0.678137,0.661904,0.678106,0.690316
2.9464,1.73636,0.63205,0.641717,0.61765,0.618999,0.618634,0.642779,0.678392,0.662893,0.674891,0.691097
2.9466,1.73653,0.633765,0.641636,0.617745,0.618982,0.617848,0.644117,0.677465,0.664232,0.672394,0.691255
2.9468,1.73594,0.634404,0.641998,0.617437,0.618759,0.617589,0.645822,0.675353,0.664952,0.6719,0.690757
2.947,1.73508,0.633348,0.642622,0.616807,0.618415,0.618025,0.646936,0.673353,0.664791,0.672645,0.689963
2.9472,1.73436,0.631464,0.643196,0.616156,0.618151,0.619042,0.646959,0.671479,0.664339,0.673103,0.689166
2.9474,1.73474,0.630503,0.643401,0.615852,0.618017,0.620084,0.646099,0.66946,0.664192,0.672042,0.689121
2.9476,1.73566,0.630556,0.643214,0.61604,0.618056,0.620677,0.64501,0.667,0.664602,0.669365,0.689686
2.9478,1.73626,0.631184,0.643214,0.616461,0.618306,0.620831,0.64457,0.665124,0.665587,0.666575,0.690103
2.948,1.7365,0.631504,0.643908,0.616751,0.618786,0.620461,0.645231,0.664332,0.666607,0.665259,0.690239
2.9482,1.73615,0.631268,0.644825,0.617022,0.619282,0.620296,0.64614,0.663159,0.666707,0.665828,0.68996
2.9484,1.73521,0.630596,0.645348,0.617067,0.619266,0.620537,0.646676,0.661144,0.665791,0.667733,0.689173
2.9486,1.73473,0.62999,0.645141,0.617174,0.618634,0.62127,0.646311,0.658747,0.664464,0.668985,0.6885
2.9488,1.73493,0.630043,0.644484,0.617279,0.617728,0.622634,0.644911,0.657187,0.663332,0.66918,0.68845
2.949,1.73568,0.630867,0.644023,0.617638,0.617068,0.624358,0.643258,0.656282,0.663019,0.668439,0.688833
2.9492,1.73625,0.631277,0.6443,0.617969,0.616983,0.625647,0.641894,0.656016,0.66333,0.667335,0.689238
2.9494,1.73684,0.630807,0.645308,0.618423,0.617398,0.62565,0.641879,0.656235,0.663302,0.666634,0.689546
2.9496,1.73768,0.629602,0.646478,0.618575,0.617902,0.624959,0.64263,0.656077,0.662661,0.666838,0.69004
2.9498,1.73857,0.628968,0.647165,0.618453,0.617966,0.624331,0.643403,0.65561,0.66135,0.667883,0.690644
2.95,1.73891,0.629446,0.647053,0.618144,0.617308,0.623755,0.643399,0.655079,0.659649,0.668738,0.690922
2.9502,1.73833,0.630504,0.646278,0.617712,0.615992,0.623589,0.641931,0.655145,0.658477,0.669099,0.690517
2.9504,1.73752,0.631026,0.645369,0.617338,0.614495,0.62423,0.639801,0.656255,0.657862,0.669408,0.68973
2.9506,1.73703,0.631027,0.644946,0.616919,0.613499,0.625059,0.638004,0.657509,0.657131,0.669707,0.689155
2.9508,1.73686,0.630729,0.645229,0.616752,0.613487,0.625396,0.637259,0.657756,0.656087,0.67005,0.688845
2.951,1.73732,0.630452,0.645624,0.616518,0.614216,0.624937,0.637331,0.657842,0.654985,0.670259,0.689005
2.9512,1.73781,0.630166,0.645206,0.616459,0.614414,0.624324,0.6377,0.659059,0.654119,0.670367,0.689297
2.9514,1.73807,0.630562,0.643862,0.616395,0.613659,0.624144,0.637794,0.660588,0.653442,0.670565,0.689461
2.9516,1.73776,0.631088,0.642613,0.616426,0.611873,0.624819,0.637397,0.661101,0.652792,0.670933,0.689238
2.9518,1.73703,0.631822,0.642131,0.616458,0.610168,0.626096,0.636782,0.660293,0.652252,0.671571,0.688604
2.952,1.73654,0.6325,0.642688,0.616686,0.60922,0.627002,0.636388,0.659516,0.651987,0.672371,0.688034
2.9522,1.73668,0.633527,0.643322,0.616764,0.609179,0.627212,0.636562,0.660126,0.652148,0.672788,0.687922
2.9524,1.73722,0.63419,0.643041,0.616785,0.609181,0.626915,0.637317,0.661969,0.652678,0.672697,0.688235
2.9526,1.73774,0.63439,0.641851,0.61696,0.609273,0.626384,0.63837,0.664113,0.653265,0.672386,0.688524
2.9528,1.73836,0.633701,0.640055,0.616955,0.608712,0.626422,0.639241,0.66568,0.653622,0.672292,0.688941
2.953,1.73865,0.632957,0.638661,0.616614,0.607847,0.627092,0.639474,0.666731,0.653638,0.673207,0.689153
2.9532,1.73869,0.632812,0.638104,0.616304,0.607075,0.627903,0.639505,0.667787,0.653198,0.674613,0.68908
2.9534,1.73872,0.633691,0.638757,0.616013,0.60627,0.628151,0.639734,0.669267,0.652923,0.675396,0.68906
2.9536,1.73839,0.634937,0.640304,0.61583,0.605736,0.627715,0.640085,0.670893,0.653605,0.674937,0.688769
2.9538,1.73797,0.63631,0.641656,0.615776,0.605825,0.626952,0.640388,0.671907,0.655034,0.67344,0.68835
2.954,1.73762,0.63698,0.641889,0.615787,0.606042,0.626929,0.640479,0.671886,0.65633,0.671809,0.687995
2.9542,1.7373,0.636849,0.641108,0.615879,0.605917,0.627537,0.64027,0.671407,0.656843,0.671283,0.687598
2.9544,1.73764,0.63616,0.639965,0.616109,0.605372,0.628495,0.640068,0.670993,0.65718,0.672508,0.687677
2.9546,1.7381,0.636203,0.639251,0.616398,0.60493,0.629096,0.640284,0.6708,0.657133,0.674729,0.687979
2.9548,1.73827,0.637278,0.639492,0.616779,0.605066,0.628576,0.641067,0.671172,0.657278,0.676026,0.688119
2.955,1.73793,0.638451,0.640967,0.617172,0.605889,0.627803,0.642135,0.671243,0.658214,0.675809,0.687845
2.9552,1.73753,0.63898,0.642703,0.617522,0.607366,0.627618,0.642992,0.670442,0.659692,0.674417,0.687467
2.9554,1.73691,0.638669,0.643676,0.61767,0.608505,0.628136,0.643303,0.668717,0.661344,0.672731,0.686901
2.9556,1.73644,0.638055,0.643845,0.617678,0.60848,0.628911,0.642954,0.666623,0.662394,0.672319,0.68647
2.9558,1.73579,0.637675,0.643631,0.618136,0.607799,0.629177,0.642379,0.665575,0.662203,0.673407,0.685932
2.956,1.73493,0.637689,0.643524,0.61919,0.607653,0.629045,0.642309,0.665856,0.660762,0.674892,0.685263
2.9562,1.73371,0.637867,0.643647,0.620279,0.608521,0.628436,0.642966,0.665048,0.659618,0.675834,0.684325
2.9564,1.73232,0.637827,0.644181,0.620983,0.609848,0.62767,0.64379,0.662237,0.66023,0.675561,0.683218
2.9566,1.73108,0.637341,0.645589,0.621197,0.611248,0.627102,0.643895,0.659353,0.662307,0.674194,0.682173
2.9568,1.73026,0.636451,0.64745,0.620978,0.611871,0.62749,0.643442,0.6586,0.664132,0.673062,0.681405
2.957,1.73012,0.635679,0.648447,0.620811,0.611705,0.629039,0.64283,0.65922,0.664366,0.672879,0.681161
2.9572,1.73042,0.634695,0.648637,0.621119,0.611173,0.630791,0.64191,0.658926,0.663234,0.673737,0.681335
2.9574,1.7308,0.634008,0.648437,0.621913,0.611347,0.631785,0.640881,0.657539,0.662113,0.675021,0.681636
2.9576,1.73105,0.633746,0.648795,0.623062,0.612528,0.631267,0.640614,0.656106,0.662081,0.676145,0.68185
2.9578,1.73125,0.633981,0.650489,0.624181,0.61396,0.63041,0.641242,0.655713,0.663293,0.676118,0.681997
2.958,1.73146,0.633871,0.652621,0.624499,0.614688,0.63061,0.641683,0.656439,0.66531,0.675797,0.682152
2.9582,1.73216,0.633787,0.654209,0.623824,0.61461,0.631208,0.640959,0.657547,0.667732,0.675523,0.682528
2.9584,1.7334,0.633393,0.654586,0.622827,0.613935,0.631417,0.639612,0.658337,0.669161,0.675254,0.68342
2.9586,1.73439,0.6339,0.653788,0.622184,0.613209,0.630719,0.638337,0.658825,0.66874,0.675177,0.684271
2.9588,1.73516,0.635526,0.652816,0.622238,0.613105,0.628853,0.638345,0.659383,0.667063,0.675036,0.684857
2.959,1.73572,0.635978,0.65278,0.622648,0.613698,0.6264,0.639203,0.660111,0.665395,0.675074,0.685292
2.9592,1.73626,0.634677,0.654249,0.623183,0.614473,0.624533,0.639731,0.661111,0.66483,0.676053,0.685653
2.9594,1.7374,0.632421,0.65665,0.623674,0.614536,0.623929,0.639374,0.662781,0.665979,0.67725,0.68637
2.9596,1.73893,0.63007,0.658426,0.62427,0.61344,0.624774,0.638357,0.66422,0.668256,0.678247,0.687486
2.9598,1.73982,0.628206,0.658924,0.625554,0.612669,0.626934,0.637267,0.664459,0.6706,0.678723,0.688303
2.96,1.73974,0.627042,0.658401,0.626314,0.612854,0.628499,0.636608,0.663953,0.670637,0.678103,0.688374
2.9602,1.73872,0.62738,0.657217,0.625599,0.613178,0.62824,0.636678,0.663639,0.667845,0.677503,0.687636
2.9604,1.73777,0.62875,0.656551,0.623854,0.613284,0.626818,0.637424,0.664269,0.66368,0.677642,0.686735
2.9606,1.73776,0.62988,0.656977,0.622132,0.612444,0.625581,0.638492,0.665912,0.660713,0.678738,0.686469
2.9608,1.73871,0.629891,0.658129,0.621243,0.610644,0.625178,0.639253,0.667848,0.660527,0.6802,0.686977
2.961,1.74044,0.628838,0.659519,0.621054,0.608742,0.625564,0.639428,0.669143,0.662405,0.680708,0.688157
2.9612,1.74222,0.627634,0.660132,0.62097,0.607192,0.626131,0.639161,0.669895,0.663816,0.680085,0.689599
2.9614,1.74272,0.62758,0.659874,0.620804,0.606681,0.62614,0.63885,0.67113,0.662962,0.679581,0.690178
2.9616,1.74228,0.629056,0.659085,0.620145,0.607019,0.625641,0.639046,0.673384,0.659957,0.679473,0.689843
2.9618,1.74195,0.630815,0.65825,0.619092,0.607243,0.625528,0.63979,0.675873,0.656635,0.679688,0.689487
2.962,1.74148,0.631224,0.657818,0.618232,0.606799,0.626602,0.640455,0.677304,0.654664,0.67995,0.689077
2.9622,1.74104,0.630167,0.657577,0.618123,0.605692,0.627852,0.640604,0.677504,0.654793,0.679823,0.688627
2.9624,1.74069,0.628797,0.657275,0.618492,0.604948,0.628445,0.64032,0.677713,0.656446,0.679057,0.688277
2.9626,1.74009,0.627883,0.656839,0.618852,0.60621,0.627902,0.640007,0.677788,0.658053,0.67833,0.687869
2.9628,1.73879,0.628133,0.656309,0.618935,0.608998,0.626784,0.640093,0.678164,0.658316,0.678728,0.686881
2.963,1.73745,0.629078,0.65611,0.61877,0.611364,0.625874,0.640626,0.67763,0.657143,0.679704,0.685786
2.9632,1.73636,0.630092,0.655814,0.618541,0.61212,0.625887,0.641379,0.676643,0.655585,0.680855,0.684771
2.9634,1.73625,0.630471,0.655068,0.6184,0.611601,0.62677,0.64208,0.676647,0.654559,0.680935,0.684492
2.9636,1.73632,0.630323,0.653874,0.61842,0.610764,0.627737,0.642627,0.676514,0.654759,0.680268,0.684547
2.9638,1.73603,0.629908,0.6529,0.618423,0.610218,0.628246,0.643048,0.674726,0.656147,0.679266,0.684404
2.964,1.7351,0.63038,0.652611,0.618414,0.610636,0.628296,0.643392,0.671956,0.657639,0.678552,0.683758
2.9642,1.73396,0.631819,0.653379,0.618759,0.611855,0.627865,0.643602,0.669434,0.658021,0.678819,0.682873
2.9644,1.73262,0.633164,0.654793,0.619535,0.613176,0.627411,0.643767,0.668179,0.657751,0.679234,0.681869
2.9646,1.73112,0.633234,0.656018,0.620133,0.613958,0.627199,0.644206,0.667975,0.658053,0.679405,0.680703
2.9648,1.72989,0.632532,0.656241,0.620101,0.614278,0.627384,0.644523,0.667657,0.658945,0.679544,0.679669
2.965,1.72908,0.631914,0.65546,0.619563,0.614161,0.627845,0.644803,0.665694,0.659527,0.679669,0.678997
2.9652,1.7284,0.631623,0.654601,0.619008,0.614083,0.628457,0.644594,0.663524,0.659294,0.679557,0.678497
2.9654,1.72746,0.63165,0.654408,0.618885,0.613994,0.628646,0.643747,0.661919,0.658338,0.67934,0.677866
2.9656,1.72627,0.632114,0.654866,0.61929,0.613729,0.628697,0.64267,0.662376,0.657468,0.678903,0.677005
2.9658,1.72516,0.633181,0.65558,0.619958,0.613293,0.629187,0.641615,0.66382,0.657607,0.678398,0.676142
2.966,1.72449,0.634454,0.656116,0.620467,0.613035,0.629688,0.641848,0.66404,0.658747,0.678042,0.675569
2.9662,1.72436,0.635128,0.656223,0.62052,0.613211,0.629704,0.643405,0.662816,0.660016,0.677995,0.675431
2.9664,1.72461,0.635271,0.655905,0.620051,0.613561,0.629239,0.644452,0.661782,0.660672,0.67834,0.675637
2.9666,1.72482,0.634763,0.655422,0.619305,0.61364,0.628941,0.64425,0.661622,0.660623,0.678594,0.675911
2.9668,1.72452,0.634488,0.654966,0.618566,0.613129,0.628816,0.6427,0.662289,0.660152,0.678345,0.67585
2.967,1.72378,0.634317,0.655212,0.618052,0.61201,0.62864,0.640191,0.663616,0.659727,0.677999,0.67537
2.9672,1.72351,0.634815,0.655908,0.618022,0.610671,0.628608,0.63817,0.664595,0.659796,0.677486,0.675076
2.9674,1.7239,0.636247,0.656596,0.618522,0.610154,0.628729,0.638029,0.664797,0.660267,0.676928,0.675331
2.9676,1.72456,0.637489,0.656789,0.619091,0.610537,0.628756,0.639255,0.665587,0.66078,0.676559,0.675906
2.9678,1.7248,0.637824,0.656308,0.619422,0.61077,0.628657,0.640894,0.667029,0.660636,0.676292,0.676281
2.968,1.72414,0.637278,0.655555,0.619407,0.610101,0.628414,0.641846,0.668619,0.659768,0.676569,0.675994
2.9682,1.72281,0.636605,0.654962,0.619123,0.608662,0.628388,0.641779,0.669486,0.658189,0.676876,0.675086
2.9684,1.72167,0.636156,0.654693,0.618726,0.606736,0.628507,0.641085,0.669362,0.656739,0.677054,0.674137
2.9686,1.72161,0.636517,0.65519,0.618189,0.605977,0.628726,0.640495,0.669074,0.655849,0.677553,0.673915
2.9688,1.72267,0.637346,0.656081,0.617622,0.606481,0.629179,0.64068,0.670072,0.655876,0.678579,0.674634
2.969,1.72423,0.638846,0.657124,0.617489,0.606855,0.629359,0.641775,0.671699,0.656358,0.679901,0.675887
2.9692,1.72534,0.640809,0.658028,0.617623,0.605978,0.629239,0.643384,0.673364,0.656633,0.680812,0.676958
2.9694,1.72537,0.641923,0.658273,0.618387,0.603946,0.629019,0.644476,0.674112,0.655734,0.680697,0.677257
2.9696,1.72434,0.641131,0.657634,0.619288,0.601914,0.628863,0.644969,0.675245,0.654222,0.680256,0.676658
2.9698,1.72298,0.639218,0.656655,0.619379,0.600885,0.629224,0.645118,0.676015,0.65287,0.679564,0.675614
2.97,1.72247,0.637415,0.656453,0.618498,0.600804,0.63005,0.64518,0.676665,0.652923,0.679097,0.675028
2.9702,1.72315,0.637547,0.657176,0.617329,0.60113,0.630545,0.64558,0.677618,0.654482,0.679065,0.675433
2.9704,1.72414,0.639977,0.658324,0.616678,0.601162,0.63012,0.646254,0.679285,0.656868,0.679286,0.676276
2.9706,1.7243,0.643099,0.659762,0.616829,0.600746,0.629233,0.647081,0.680966,0.658358,0.679318,0.676686
2.9708,1.72314,0.644255,0.660652,0.617525,0.60055,0.628491,0.647584,0.682227,0.658093,0.679285,0.676062
2.971,1.72109,0.642903,0.661116,0.618285,0.600562,0.628226,0.647485,0.682764,0.656947,0.678892,0.674616
2.9712,1.71889,0.641658,0.661247,0.618873,0.600986,0.628422,0.647026,0.682285,0.656788,0.67878,0.672915
2.9714,1.71781,0.642078,0.661232,0.619184,0.601392,0.628823,0.64709,0.681604,0.657715,0.678943,0.671833
2.9716,1.71811,0.643955,0.661588,0.619348,0.602017,0.629056,0.64767,0.681952,0.659638,0.67916,0.671956
2.9718,1.71881,0.645629,0.662663,0.619455,0.60265,0.62926,0.64896,0.68345,0.661959,0.679238,0.672563
2.972,1.71901,0.645471,0.663779,0.619521,0.603042,0.62923,0.6499,0.685063,0.663765,0.67908,0.672967
2.9722,1.7182,0.644198,0.664639,0.619514,0.603029,0.628829,0.650247,0.685529,0.664116,0.678786,0.672597
2.9724,1.71639,0.643956,0.664838,0.619479,0.6027,0.628727,0.649955,0.685066,0.663633,0.678578,0.671445
2.9726,1.71412,0.644246,0.664672,0.619722,0.602411,0.629039,0.649202,0.685273,0.662681,0.678468,0.66977
2.9728,1.71237,0.644034,0.664281,0.620341,0.603061,0.629068,0.64893,0.686829,0.661975,0.6782,0.668338
2.973,1.71151,0.643393,0.66437,0.621104,0.604581,0.628692,0.649936,0.688523,0.661896,0.678154,0.667617
2.9732,1.71135,0.64257,0.665081,0.622101,0.606213,0.628394,0.651703,0.689141,0.66229,0.678461,0.667504
2.9734,1.7113,0.641485,0.665869,0.623085,0.607198,0.628228,0.65302,0.68857,0.66258,0.678609,0.667633
2.9736,1.71064,0.640971,0.66599,0.623429,0.607659,0.628481,0.653209,0.688004,0.663445,0.679003,0.667355
2.9738,1.70968,0.641893,0.665067,0.62318,0.607862,0.629269,0.652841,0.687568,0.663928,0.680161,0.666735
2.974,1.70905,0.643644,0.663754,0.622758,0.608085,0.630064,0.652964,0.686379,0.66296,0.681354,0.666264
2.9742,1.7092,0.644635,0.663217,0.62268,0.608947,0.629953,0.653678,0.68517,0.66096,0.682054,0.666341
2.9744,1.71012,0.644266,0.663906,0.623006,0.610383,0.62936,0.654398,0.684073,0.658789,0.681943,0.667056
2.9746,1.71145,0.642897,0.665306,0.623588,0.611382,0.629218,0.654902,0.682927,0.658203,0.680885,0.668168
2.9748,1.71263,0.641331,0.666525,0.624122,0.611554,0.629811,0.655272,0.682702,0.659774,0.680066,0.669277
2.975,1.71308,0.640758,0.666831,0.624151,0.611158,0.630312,0.655211,0.683298,0.661186,0.680308,0.669884
2.9752,1.71293,0.641771,0.66602,0.623649,0.610512,0.630736,0.655162,0.684016,0.66064,0.681435,0.66992
2.9754,1.71306,0.64357,0.665062,0.623401,0.610169,0.630745,0.65542,0.685347,0.657933,0.683135,0.669997
2.9756,1.71385,0.644214,0.665327,0.623393,0.610661,0.630101,0.655926,0.687623,0.654756,0.684129,0.67058
2.9758,1.71492,0.643078,0.667066,0.623841,0.611519,0.629586,0.656289,0.688334,0.652727,0.68369,0.671493
2.976,1.71587,0.64097,0.668989,0.624215,0.611841,0.62972,0.656207,0.688182,0.65248,0.682033,0.672324
2.9762,1.71649,0.638918,0.66975,0.623918,0.611242,0.630114,0.655495,0.688409,0.653383,0.680455,0.672966
2.9764,1.71656,0.637902,0.668795,0.623323,0.610217,0.630754,0.655126,0.688604,0.654009,0.680492,0.673169
2.9766,1.71649,0.638616,0.666938,0.622893,0.609624,0.63135,0.656155,0.689519,0.653432,0.682206,0.673144
2.9768,1.71693,0.640273,0.665726,0.6229,0.609294,0.631726,0.658059,0.691156,0.653475,0.685183,0.673401
2.977,1.71815,0.641257,0.66607,0.622906,0.609023,0.631641,0.659344,0.69175,0.655068,0.68695,0.674263
2.9772,1.71981,0.640868,0.667636,0.62263,0.608537,0.630887,0.659592,0.69148,0.65699,0.686321,0.675554
2.9774,1.72129,0.639474,0.669314,0.622055,0.607482,0.630184,0.658622,0.691851,0.658073,0.684427,0.676818
2.9776,1.72203,0.638031,0.670078,0.621315,0.606217,0.630466,0.657321,0.692689,0.658107,0.682501,0.677577
2.9778,1.72192,0.637376,0.669465,0.620667,0.605261,0.631405,0.65657,0.69395,0.658133,0.681138,0.677649
2.978,1.72128,0.638411,0.66779,0.620487,0.604934,0.632152,0.656623,0.695726,0.658892,0.680885,0.677211
2.9782,1.72093,0.640127,0.666176,0.620463,0.605062,0.632213,0.657368,0.696565,0.659637,0.681738,0.676825
2.9784,1.7214,0.640629,0.665843,0.620614,0.60502,0.631961,0.65857,0.69643,0.659965,0.683246,0.677049
2.9786,1.72229,0.640039,0.666494,0.620669,0.604286,0.631468,0.659147,0.697316,0.659631,0.684393,0.677738
2.9788,1.72287,0.639438,0.667101,0.620385,0.603106,0.631133,0.658895,0.699144,0.659103,0.684922,0.678269
2.979,1.72282,0.638911,0.666842,0.619975,0.601987,0.630966,0.657753,0.700131,0.659259,0.684317,0.678399
2.9792,1.72183,0.638241,0.665286,0.619667,0.601558,0.631429,0.6568,0.700312,0.66008,0.683155,0.677773
2.9794,1.72028,0.637704,0.663477,0.619558,0.601625,0.632372,0.656391,0.699293,0.660947,0.681557,0.676646
2.9796,1.71878,0.637336,0.662082,0.619565,0.601946,0.632809,0.656987,0.698791,0.661127,0.680541,0.675386
2.9798,1.71855,0.637123,0.661545,0.619564,0.602375,0.632015,0.657884,0.699916,0.660784,0.679958,0.674948
2.98,1.71939,0.637567,0.661709,0.619533,0.60274,0.63047,0.65859,0.701537,0.660993,0.679731,0.675476
2.9802,1.72025,0.63866,0.66158,0.619482,0.603007,0.629532,0.658725,0.701771,0.661597,0.679759,0.676295
2.9804,1.71977,0.639475,0.660692,0.619355,0.603197,0.62988,0.658289,0.701956,0.662394,0.679656,0.676209
2.9806,1.71826,0.639413,0.659204,0.61916,0.603228,0.631127,0.657184,0.703411,0.662904,0.679052,0.675217
2.9808,1.71633,0.638789,0.657498,0.619237,0.603013,0.632314,0.655908,0.705112,0.662786,0.678172,0.673704
2.981,1.71547,0.637907,0.656027,0.619798,0.602669,0.632491,0.655383,0.704977,0.662948,0.677595,0.672794
2.9812,1.71581,0.63689,0.655085,0.6206,0.602858,0.631891,0.656036,0.704845,0.663274,0.677134,0.672936
2.9814,1.71631,0.636574,0.654445,0.621382,0.603812,0.630996,0.6571,0.704795,0.663629,0.676631,0.673418
2.9816,1.71606,0.637553,0.653645,0.621919,0.605244,0.63028,0.657655,0.704385,0.664152,0.676204,0.673457
2.9818,1.71481,0.638923,0.652776,0.622101,0.606279,0.630064,0.657306,0.703706,0.664784,0.675963,0.672693
2.982,1.71309,0.639032,0.65242,0.621815,0.606226,0.630168,0.656407,0.702841,0.664916,0.676022,0.671428
2.9822,1.71171,0.637533,0.652537,0.62147,0.605552,0.630741,0.655554,0.703958,0.664488,0.676087,0.670282
2.9824,1.71127,0.635287,0.65335,0.621578,0.604785,0.631166,0.65537,0.706294,0.664045,0.675715,0.669802
2.9826,1.71179,0.633381,0.654357,0.622117,0.60458,0.631231,0.655904,0.707003,0.664192,0.674793,0.670119
2.9828,1.71281,0.633448,0.655127,0.622617,0.605229,0.630808,0.656445,0.706863,0.664938,0.673676,0.670941
2.983,1.71365,0.635144,0.655183,0.622676,0.606378,0.630533,0.656451,0.706049,0.665848,0.672774,0.671735
2.9832,1.71389,0.636245,0.654478,0.622075,0.607308,0.630509,0.656136,0.705771,0.666129,0.672152,0.672093
2.9834,1.71371,0.635214,0.653786,0.620995,0.607377,0.630295,0.656296,0.706665,0.666124,0.672501,0.672079
2.9836,1.71339,0.632213,0.654075,0.620238,0.606485,0.630021,0.657263,0.706796,0.666225,0.67342,0.671844
2.9838,1.7135,0.628859,0.655341,0.620427,0.605137,0.629762,0.657901,0.705899,0.666631,0.674045,0.671868
2.984,1.71438,0.626994,0.6565,0.621273,0.604186,0.629914,0.657551,0.705757,0.66711,0.673899,0.672463
2.9842,1.71537,0.627318,0.656957,0.622464,0.604418,0.630524,0.656463,0.708254,0.667052,0.672987,0.673329
2.9844,1.71583,0.628733,0.656504,0.62311,0.605277,0.630914,0.655283,0.711485,0.666748,0.671912,0.673862
2.9846,1.71543,0.629889,0.655713,0.622693,0.606473,0.630599,0.65464,0.71237,0.666453,0.671153,0.673748
2.9848,1.71446,0.629729,0.655395,0.621385,0.607369,0.62976,0.654918,0.710145,0.666383,0.671578,0.673065
2.985,1.7138,0.628584,0.656061,0.619773,0.606969,0.62905,0.655594,0.708204,0.666417,0.67268,0.672465
2.9852,1.71403,0.627459,0.657346,0.61884,0.604937,0.629023,0.656427,0.709553,0.666612,0.67403,0.672496
2.9854,1.71504,0.627127,0.65839,0.61891,0.60243,0.629471,0.656534,0.71283,0.666708,0.675121,0.673211
2.9856,1.71626,0.627669,0.658561,0.619572,0.600986,0.630384,0.656051,0.716506,0.667311,0.675647,0.674204
2.9858,1.71715,0.628593,0.658074,0.620372,0.600944,0.63113,0.65522,0.718284,0.668563,0.675272,0.675024
2.986,1.71727,0.629253,0.657998,0.620391,0.601749,0.631171,0.654788,0.718357,0.669337,0.673866,0.675303
2.9862,1.71664,0.629327,0.658541,0.619418,0.601998,0.63087,0.654761,0.718534,0.669196,0.672677,0.674929
2.9864,1.71589,0.628964,0.659285,0.618135,0.601206,0.630433,0.655029,0.71969,0.669056,0.672888,0.674328
2.9866,1.71564,0.6286,0.6596,0.617339,0.599914,0.630009,0.655022,0.721667,0.669062,0.674537,0.674016
2.9868,1.71638,0.628387,0.659676,0.617246,0.59889,0.629974,0.654801,0.722894,0.668602,0.676217,0.674432
2.987,1.71723,0.62873,0.659856,0.617589,0.598642,0.630156,0.654729,0.722747,0.668164,0.677202,0.67519
2.9872,1.71738,0.629811,0.660475,0.617959,0.598952,0.630342,0.655438,0.721776,0.668168,0.677048,0.675497
2.9874,1.71631,0.631113,0.661338,0.618045,0.599401,0.63038,0.656134,0.720477,0.668386,0.676281,0.674914
2.9876,1.71426,0.631791,0.662141,0.617967,0.599693,0.630357,0.656578,0.719216,0.668707,0.675727,0.673466
2.9878,1.71207,0.6315,0.662688,0.618275,0.599964,0.630418,0.656537,0.719431,0.668992,0.675646,0.671728
2.988,1.71093,0.630534,0.662944,0.619507,0.600397,0.630514,0.656472,0.719872,0.669042,0.676051,0.670593
2.9882,1.71106,0.629832,0.663341,0.620848,0.600969,0.63042,0.65713,0.719662,0.668814,0.676676,0.67057
2.9884,1.71174,0.630147,0.6644,0.621424,0.602324,0.630208,0.658085,0.71754,0.668589,0.677019,0.671092
2.9886,1.71197,0.631346,0.665755,0.62102,0.604619,0.630105,0.658553,0.714089,0.669071,0.677552,0.671515
2.9888,1.71122,0.632606,0.666742,0.620436,0.606548,0.629826,0.658181,0.710574,0.669744,0.677605,0.671099
2.989,1.71035,0.63353,0.666919,0.620567,0.60682,0.629991,0.657554,0.709281,0.6703,0.677182,0.670462
2.9892,1.70927,0.63381,0.666548,0.62137,0.606816,0.630674,0.657345,0.71092,0.671057,0.675744,0.66973
2.9894,1.70862,0.633364,0.666092,0.622235,0.607761,0.631095,0.657381,0.710555,0.67161,0.673348,0.669098
2.9896,1.70911,0.632358,0.66603,0.622718,0.609466,0.630803,0.657708,0.706816,0.671542,0.671028,0.669348
2.9898,1.70994,0.631179,0.666732,0.622668,0.611064,0.630055,0.658634,0.701946,0.671119,0.669644,0.670087
2.99,1.71003,0.630268,0.667891,0.62242,0.611614,0.629142,0.659527,0.697933,0.670933,0.669381,0.670417
2.9902,1.70921,0.629761,0.668765,0.622999,0.611018,0.629099,0.659902,0.695976,0.6714,0.670003,0.669964
2.9904,1.70804,0.629876,0.668914,0.624356,0.610613,0.629873,0.65973,0.695253,0.672934,0.670866,0.669128
2.9906,1.70724,0.631408,0.668358,0.62582,0.611441,0.631075,0.659308,0.694402,0.674652,0.67103,0.668439
2.9908,1.70736,0.633759,0.667598,0.626472,0.613217,0.631964,0.658805,0.692958,0.676102,0.670269,0.668414
2.991,1.70826,0.634427,0.667304,0.626339,0.615162,0.632402,0.658765,0.691303,0.676361,0.668963,0.669067
2.9912,1.70948,0.632912,0.668117,0.625462,0.616355,0.632084,0.659133,0.68958,0.675711,0.667884,0.670062
2.9914,1.71048,0.630201,0.670038,0.624933,0.616409,0.631023,0.660092,0.688061,0.675357,0.6678,0.670981
2.9916,1.71137,0.62803,0.672339,0.625209,0.615838,0.629694,0.66092,0.68694,0.675894,0.668857,0.671729
2.9918,1.71201,0.627093,0.673583,0.625777,0.615329,0.628522,0.661154,0.686377,0.676748,0.669991,0.672344
2.992,1.71237,0.628907,0.672916,0.626197,0.615706,0.628001,0.660796,0.686709,0.677549,0.670125,0.672647
2.9922,1.71331,0.631815,0.670733,0.62638,0.616794,0.628162,0.659953,0.687567,0.677755,0.66987,0.673296
2.9924,1.71445,0.632601,0.668185,0.626155,0.617505,0.628306,0.658853,0.687862,0.677005,0.669646,0.674192
2.9926,1.71541,0.630446,0.666496,0.625648,0.617458,0.62787,0.658007,0.686803,0.675954,0.669928,0.675036
2.9928,1.71583,0.626789,0.666063,0.625,0.616863,0.626722,0.658058,0.685603,0.675446,0.670625,0.675466
2.993,1.71573,0.62372,0.666435,0.624704,0.61625,0.625168,0.658583,0.685173,0.675717,0.670795,0.675478
2.9932,1.71586,0.622738,0.666715,0.624989,0.616762,0.623909,0.658776,0.685728,0.676268,0.66964,0.675436
2.9934,1.71676,0.623905,0.666016,0.62618,0.618752,0.623189,0.658059,0.686121,0.676563,0.667454,0.676041
2.9936,1.71807,0.625754,0.664178,0.627675,0.621341,0.623203,0.657146,0.68563,0.676482,0.665248,0.676925
2.9938,1.72017,0.626868,0.661837,0.62844,0.622813,0.623021,0.656428,0.684648,0.676421,0.663883,0.678462
2.994,1.72216,0.626628,0.659876,0.628715,0.622241,0.622313,0.655499,0.683983,0.676689,0.663564,0.680037
2.9942,1.72389,0.625374,0.658977,0.628489,0.620375,0.621297,0.654574,0.684314,0.677226,0.663931,0.681389
2.9944,1.72534,0.623975,0.660172,0.627936,0.618729,0.620589,0.654103,0.685634,0.678113,0.663944,0.682527
2.9946,1.72627,0.623549,0.66311,0.627782,0.618397,0.621241,0.654203,0.687336,0.679169,0.664307,0.683306
2.9948,1.72675,0.624665,0.665179,0.627951,0.619495,0.622046,0.653871,0.688754,0.679686,0.663975,0.683645
2.995,1.72735,0.626153,0.664211,0.628435,0.620985,0.621767,0.652872,0.689652,0.679314,0.663308,0.683986
2.9952,1.72802,0.626894,0.661081,0.628882,0.622069,0.620419,0.651601,0.69012,0.67821,0.662677,0.684436
2.9954,1.72849,0.627274,0.657659,0.628821,0.622224,0.618756,0.650508,0.690405,0.676917,0.661978,0.68478
2.9956,1.72875,0.62781,0.655301,0.628633,0.620953,0.617602,0.64971,0.690361,0.675994,0.661434,0.68492
2.9958,1.72869,0.628007,0.654776,0.629174,0.618868,0.617205,0.64904,0.690142,0.676343,0.661347,0.684835
2.996,1.72822,0.628067,0.655554,0.629994,0.616708,0.617408,0.648476,0.689443,0.67831,0.661255,0.684485
2.9962,1.72734,0.628166,0.656249,0.630396,0.614986,0.617762,0.648078,0.689341,0.680128,0.66089,0.683756
2.9964,1.72651,0.628573,0.656249,0.629606,0.614022,0.617848,0.647931,0.688978,0.680176,0.66046,0.682996
2.9966,1.72598,0.629226,0.655985,0.627918,0.614069,0.617475,0.64793,0.687782,0.678272,0.660239,0.682438
2.9968,1.72563,0.630028,0.655742,0.626599,0.614798,0.616807,0.64794,0.68606,0.676172,0.660361,0.682119
2.997,1.72493,0.630832,0.655426,0.626345,0.615558,0.616245,0.647921,0.683876,0.675683,0.660604,0.681596
2.9972,1.72387,0.631018,0.655402,0.626972,0.615495,0.616046,0.647924,0.682266,0.67687,0.660641,0.680761
2.9974,1.7226,0.630404,0.65584,0.628081,0.614219,0.616136,0.64786,0.681427,0.678695,0.660298,0.679778
2.9976,1.72128,0.629575,0.655904,0.628903,0.612309,0.616511,0.647775,0.67995,0.679345,0.659814,0.678667
2.9978,1.72048,0.628662,0.655996,0.628776,0.610768,0.617112,0.64818,0.677931,0.678816,0.659889,0.677912
2.998,1.72023,0.628112,0.65713,0.62763,0.609824,0.617894,0.648954,0.675566,0.677637,0.660669,0.677599
2.9982,1.72021,0.628655,0.658849,0.62638,0.609648,0.618535,0.649673,0.674395,0.676234,0.661596,0.677576
2.9984,1.71979,0.629977,0.659763,0.625969,0.610183,0.618613,0.649996,0.674384,0.67553,0.662445,0.677346
2.9986,1.71879,0.630852,0.65942,0.626721,0.610922,0.61846,0.649649,0.674334,0.67598,0.662924,0.676662
2.9988,1.71757,0.630021,0.65819,0.627782,0.611137,0.618634,0.649026,0.672888,0.676856,0.662519,0.675701
2.999,1.71677,0.627644,0.656795,0.628501,0.610487,0.619159,0.648653,0.670895,0.677258,0.661759,0.67496
2.9992,1.7168,0.625582,0.656523,0.628295,0.609308,0.619801,0.648634,0.669686,0.676953,0.661792,0.674828
2.9994,1.71759,0.625105,0.658015,0.627291,0.608354,0.620518,0.648969,0.669576,0.676126,0.66247,0.675339
2.9996,1.71864,0.626014,0.660218,0.626148,0.608224,0.621227,0.649341,0.670003,0.675194,0.663308,0.676173
2.9998,1.71931,0.62701,0.661525,0.625583,0.609023,0.621612,0.649373,0.670147,0.674793,0.663671,0.676809
3,1.7194,0.627108,0.661254,0.625903,0.610102,0.6214,0.649598,0.669787,0.674884,0.663009,0.676902
3.0002,1.72164,0.625592,0.659781,0.626717,0.610694,0.620421,0.650015,0.669405,0.674948,0.661955,0.678046
3.0004,1.72663,0.623099,0.658488,0.627448,0.610331,0.619085,0.650529,0.669732,0.675113,0.661341,0.681486
3.0006,1.73414,0.620982,0.658721,0.627625,0.609532,0.618482,0.651153,0.670992,0.675583,0.661427,0.686731
3.0008,1.74413,0.620534,0.662193,0.627122,0.609356,0.618723,0.651461,0.672504,0.676032,0.662279,0.694113
3.001,1.75583,0.62213,0.667715,0.626285,0.610485,0.619723,0.651503,0.674014,0.676447,0.663357,0.702688
3.0012,1.76983,0.62459,0.674094,0.625908,0.612331,0.620618,0.651995,0.676366,0.676388,0.663816,0.713025
3.0014,1.78598,0.626975,0.680317,0.626426,0.614263,0.620391,0.653525,0.67899,0.676133,0.664221,0.724794
3.0016,1.80521,0.628608,0.686999,0.627294,0.615485,0.619642,0.655983,0.681809,0.676704,0.665044,0.738794
3.0018,1.82766,0.629063,0.695414,0.628027,0.616181,0.61935,0.659104,0.685696,0.677745,0.666525,0.755126
3.002,1.853,0.629304,0.706267,0.628287,0.617299,0.620142,0.662135,0.691527,0.679527,0.668974,0.77373
3.0022,1.88031,0.630612,0.718995,0.62813,0.619708,0.622146,0.665097,0.699239,0.681841,0.672263,0.793831
3.0024,1.90896,0.63366,0.732639,0.627898,0.623474,0.624606,0.667765,0.708221,0.6843,0.675934,0.814994
3.0026,1.93764,0.63829,0.746546,0.62802,0.628274,0.62721,0.671418,0.718131,0.686868,0.679716,0.836157
3.0028,1.96698,0.64387,0.760657,0.628782,0.633521,0.629883,0.676137,0.728976,0.689024,0.683462,0.857422
3.003,1.99761,0.649521,0.775247,0.630171,0.638421,0.63285,0.681176,0.7415,0.691173,0.687219,0.879418
3.0032,2.03009,0.654382,0.791399,0.631838,0.642739,0.636051,0.686428,0.756118,0.694261,0.691186,0.902559
3.0034,2.06414,0.659046,0.808958,0.633467,0.647302,0.638974,0.691368,0.771822,0.698903,0.695482,0.926876
3.0036,2.0993,0.664785,0.827059,0.634781,0.652637,0.641874,0.696024,0.787276,0.704037,0.700161,0.951861
3.0038,2.13536,0.671542,0.845226,0.636095,0.658547,0.645015,0.701422,0.802241,0.70868,0.704969,0.977412
3.004,2.17251,0.678427,0.863259,0.637927,0.664308,0.648752,0.707996,0.816929,0.712786,0.709777,1.00345
3.0042,2.21097,0.6848,0.881498,0.639996,0.669595,0.653018,0.715314,0.832206,0.716291,0.714421,1.03035
3.0044,2.25043,0.690894,0.900296,0.641612,0.674555,0.657488,0.722266,0.848093,0.719978,0.718759,1.05785
3.0046,2.29003,0.6974,0.919928,0.643328,0.679509,0.66197,0.728995,0.864484,0.725216,0.722931,1.08541
3.0048,2.32957,0.704317,0.940358,0.646188,0.684997,0.666327,0.735415,0.881152,0.731381,0.726992,1.11265
3.005,2.36904,0.711484,0.961363,0.649232,0.690952,0.670704,0.741395,0.89769,0.737488,0.731562,1.13968
3.0052,2.40808,0.71865,0.982691,0.651285,0.697064,0.675306,0.747294,0.914915,0.742837,0.737038,1.16613
3.0054,2.44708,0.72572,1.00429,0.651705,0.702703,0.680134,0.753321,0.931969,0.7472,0.742366,1.19228
3.0056,2.48619,0.732827,1.02624,0.651016,0.707515,0.68503,0.759876,0.949128,0.751395,0.746921,1.21828
3.0058,2.52506,0.740202,1.04844,0.650283,0.711195,0.689656,0.76686,0.966441,0.755758,0.750497,1.24398
3.006,2.56354,0.747665,1.0702,0.650644,0.714478,0.694013,0.77352,0.983238,0.760249,0.753721,1.26918
3.0062,2.60135,0.754264,1.09157,0.652629,0.718163,0.698023,0.779705,0.999934,0.765026,0.757416,1.29371
3.0064,2.63806,0.760304,1.11252,0.655189,0.722826,0.702262,0.785181,1.01521,0.76937,0.761211,1.31731
3.0066,2.67341,0.766246,1.13309,0.656856,0.728359,0.706547,0.790319,1.02959,0.77301,0.764478,1.33965
3.0068,2.70759,0.772128,1.15341,0.656901,0.733493,0.710037,0.795161,1.0442,0.776827,0.767954,1.36089
3.007,2.74086,0.777777,1.17322,0.655656,0.737362,0.713048,0.80015,1.06035,0.781281,0.772618,1.38118
3.0072,2.77368,0.783342,1.19207,0.65414,0.739864,0.715622,0.805538,1.07896,0.78583,0.776843,1.40089
3.0074,2.80677,0.789456,1.20983,0.65408,0.741633,0.718047,0.81056,1.09708,0.789762,0.779701,1.42048
3.0076,2.84109,0.795525,1.22648,0.655937,0.744099,0.720717,0.81483,1.11124,0.792798,0.781107,1.4408
3.0078,2.87612,0.800617,1.24221,0.658108,0.749514,0.72408,0.818508,1.12144,0.795021,0.781841,1.46167
3.008,2.91147,0.804403,1.25776,0.659342,0.757149,0.727229,0.821555,1.131,0.797643,0.78326,1.48279
3.0082,2.94555,0.807103,1.27406,0.65934,0.763881,0.729252,0.824104,1.1433,0.802081,0.785689,1.50311
3.0084,2.97686,0.809301,1.29097,0.658511,0.767113,0.730402,0.826739,1.15911,0.80692,0.787912,1.52137
3.0086,3.00504,0.811307,1.30634,0.657253,0.766996,0.731159,0.829092,1.17627,0.809732,0.788861,1.53705
3.0088,3.03066,0.813621,1.31839,0.655812,0.765647,0.731616,0.831085,1.19184,0.809835,0.788522,1.55053
3.009,3.05425,0.816417,1.32763,0.654285,0.765756,0.731557,0.832885,1.20414,0.807389,0.787717,1.56219
3.0092,3.07682,0.81902,1.33627,0.652709,0.768105,0.731628,0.833951,1.21314,0.803887,0.788809,1.57285
3.0094,3.09859,0.820419,1.34636,0.650973,0.771316,0.731584,0.834545,1.2213,0.800982,0.79128,1.58285
3.0096,3.11908,0.82057,1.35789,0.649537,0.773555,0.7312,0.835481,1.23068,0.799547,0.79284,1.59197
3.0098,3.13804,0.819963,1.36877,0.648398,0.773659,0.730343,0.836094,1.24124,0.799307,0.791761,1.59985
3.01,3.15541,0.819114,1.37739,0.64733,0.772463,0.72886,0.835592,1.25174,0.799197,0.787778,1.60651
3.0102,3.17147,0.818785,1.38336,0.645457,0.770557,0.726724,0.83395,1.26003,0.797864,0.782505,1.61205
3.0104,3.18686,0.818941,1.38765,0.642457,0.768986,0.724355,0.832213,1.26596,0.794731,0.77881,1.61696
3.0106,3.20186,0.81912,1.39178,0.638146,0.768616,0.721925,0.83117,1.27069,0.791475,0.778303,1.62157
3.0108,3.21631,0.818589,1.39645,0.63326,0.768335,0.719119,0.830353,1.27565,0.790205,0.78001,1.62585
3.011,3.22964,0.816766,1.40118,0.628629,0.766794,0.715691,0.828808,1.28172,0.789571,0.781112,1.62939
3.0112,3.24118,0.814102,1.40462,0.624741,0.764393,0.711645,0.826254,1.28872,0.78843,0.778953,1.63173
3.0114,3.24994,0.811643,1.40566,0.621437,0.761721,0.707129,0.822408,1.29575,0.786877,0.773558,1.63213
3.0116,3.25556,0.809627,1.4036,0.618069,0.759076,0.702493,0.817921,1.30119,0.784884,0.766862,1.63011
3.0118,3.25845,0.807198,1.3994,0.614143,0.75662,0.697742,0.813454,1.30352,0.781252,0.761167,1.62598
3.012,3.25909,0.804015,1.39515,0.610753,0.753949,0.6933,0.809009,1.30312,0.776062,0.757977,1.62002
3.0122,3.25886,0.799992,1.39163,0.608397,0.750869,0.689594,0.804578,1.30126,0.770843,0.756671,1.61325
3.0124,3.25849,0.794545,1.38858,0.606143,0.747248,0.685845,0.799884,1.29962,0.76584,0.755164,1.60643
3.0126,3.2575,0.788698,1.38423,0.60302,0.742895,0.680941,0.794815,1.29806,0.761871,0.751821,1.59945
3.0128,3.25483,0.7836,1.37742,0.598828,0.738463,0.674501,0.78965,1.29658,0.759089,0.745608,1.59146
3.013,3.24984,0.779137,1.36857,0.594455,0.734014,0.667281,0.784715,1.29326,0.755653,0.737448,1.58189
3.0132,3.24261,0.774379,1.35846,0.590873,0.729159,0.660679,0.779364,1.2873,0.750756,0.729646,1.57063
3.0134,3.23412,0.768695,1.34763,0.588212,0.724339,0.655842,0.772811,1.27955,0.745536,0.723731,1.55832
3.0136,3.22563,0.761956,1.33703,0.585755,0.719526,0.65284,0.765756,1.27102,0.74172,0.719306,1.54595
3.0138,3.218,0.754776,1.32657,0.582881,0.714808,0.649965,0.759396,1.26238,0.738838,0.715106,1.53433
3.014,3.21086,0.748198,1.31527,0.579518,0.710259,0.645586,0.753991,1.25404,0.735319,0.710005,1.52344
3.0142,3.20289,0.742735,1.30226,0.576042,0.705798,0.63998,0.749183,1.245,0.730945,0.703653,1.51235
3.0144,3.19238,0.737842,1.28736,0.573057,0.700965,0.634221,0.744209,1.23394,0.725885,0.696784,1.49977
3.0146,3.17833,0.732261,1.27095,0.570978,0.696182,0.62881,0.738558,1.22084,0.720983,0.690119,1.48466
3.0148,3.16085,0.725051,1.25372,0.569627,0.691794,0.624108,0.732315,1.20657,0.717166,0.684049,1.46703
3.015,3.14082,0.717213,1.23782,0.568373,0.687574,0.620049,0.725701,1.19208,0.713776,0.678609,1.44732
3.0152,3.1202,0.710695,1.22377,0.567011,0.683725,0.616152,0.719454,1.17784,0.710105,0.673687,1.42704
3.0154,3.10017,0.706208,1.21001,0.565283,0.680339,0.612277,0.713649,1.1634,0.706468,0.669183,1.40725
3.0156,3.08144,0.70251,1.19481,0.563332,0.677215,0.608925,0.708891,1.14822,0.703024,0.665165,1.38869
3.0158,3.06357,0.697971,1.17849,0.561844,0.674299,0.606329,0.704813,1.13226,0.700137,0.66179,1.37109
3.016,3.04601,0.692045,1.16286,0.560955,0.671473,0.604321,0.701448,1.11613,0.697674,0.65893,1.35413
3.0162,3.02788,0.685964,1.149,0.559973,0.668688,0.602643,0.698125,1.10033,0.695704,0.656384,1.337
3.0164,3.00939,0.681339,1.13683,0.558729,0.666464,0.601257,0.694982,1.08511,0.694343,0.65426,1.31973
3.0166,2.99109,0.678703,1.12579,0.55767,0.665001,0.59989,0.691608,1.07128,0.692793,0.652676,1.30266
3.0168,2.97395,0.677691,1.11492,0.556882,0.66355,0.598414,0.688027,1.0593,0.690097,0.651457,1.2865
3.017,2.95841,0.677298,1.10418,0.556482,0.661567,0.597348,0.684462,1.049,0.68714,0.650523,1.27176
3.0172,2.9442,0.676178,1.09463,0.556372,0.659244,0.597222,0.681227,1.0402,0.68493,0.650341,1.2583
3.0174,2.93115,0.673845,1.0867,0.556301,0.65735,0.597494,0.679664,1.03205,0.684206,0.651165,1.2459
3.0176,2.91927,0.671531,1.08079,0.556066,0.656941,0.597407,0.679761,1.02308,0.684307,0.652171,1.23456
3.0178,2.90882,0.670598,1.07666,0.556099,0.658056,0.596484,0.680422,1.0135,0.684353,0.653039,1.2244
3.018,2.90002,0.670976,1.07317,0.557127,0.659737,0.59515,0.6807,1.00515,0.683356,0.653442,1.21562
3.0182,2.89301,0.671831,1.06934,0.558849,0.660809,0.594564,0.680488,0.998333,0.681877,0.654028,1.20831
3.0184,2.88792,0.672262,1.06548,0.560454,0.660795,0.595295,0.680081,0.992564,0.681191,0.655681,1.20258
3.0186,2.88473,0.672702,1.0623,0.56162,0.660284,0.597678,0.679966,0.987402,0.681488,0.658684,1.19842
3.0188,2.88321,0.673315,1.06099,0.561786,0.660499,0.600414,0.680952,0.982496,0.682626,0.662345,1.19569
3.019,2.88302,0.673928,1.06207,0.561193,0.66232,0.601773,0.682926,0.977937,0.684128,0.665685,1.1941
3.0192,2.88393,0.674726,1.06528,0.561131,0.6657,0.6019,0.685767,0.974242,0.685136,0.668135,1.19344
3.0194,2.88581,0.675823,1.06924,0.562379,0.669787,0.601744,0.688489,0.971905,0.68657,0.669743,1.19356
3.0196,2.88881,0.677701,1.07303,0.565093,0.673299,0.60235,0.690776,0.971064,0.688894,0.671178,1.19453
3.0198,2.89306,0.680272,1.07595,0.567993,0.675541,0.60393,0.692523,0.971738,0.691083,0.673354,1.19646
3.02,2.89859,0.683732,1.07833,0.569907,0.676984,0.606429,0.694261,0.973782,0.692373,0.676841,1.19941
3.0202,2.90513,0.687817,1.08119,0.57047,0.678611,0.609203,0.697261,0.97631,0.693324,0.681316,1.20316
3.0204,2.91254,0.692388,1.08536,0.570426,0.681059,0.611357,0.701665,0.977904,0.694837,0.685604,1.20763
3.0206,2.92042,0.697292,1.09162,0.570884,0.684161,0.612822,0.706223,0.978341,0.696933,0.688707,1.21251
3.0208,2.92841,0.701493,1.09957,0.572711,0.687212,0.614115,0.709644,0.978507,0.699583,0.690348,1.2175
3.021,2.93639,0.704482,1.10828,0.575741,0.689775,0.615988,0.711905,0.98021,0.703014,0.691726,1.22245
3.0212,2.94461,0.707769,1.11636,0.578771,0.691878,0.618837,0.713888,0.983798,0.707121,0.69429,1.22747
3.0214,2.95349,0.712469,1.12313,0.580684,0.693727,0.62253,0.716645,0.987987,0.710445,0.698173,1.23289
3.0216,2.96345,0.718279,1.12939,0.581488,0.695933,0.626627,0.720981,0.991306,0.712557,0.702531,1.23904
3.0218,2.97475,0.723497,1.13684,0.581859,0.698797,0.630522,0.726554,0.993519,0.714068,0.706453,1.24616
3.022,2.98751,0.727343,1.14611,0.582575,0.702023,0.63433,0.732392,0.995454,0.716121,0.709053,1.25435
3.0222,3.0017,0.730598,1.15602,0.584042,0.704511,0.638024,0.737393,0.99778,0.719331,0.711098,1.26362
3.0224,3.01704,0.73399,1.16574,0.585949,0.706138,0.64114,0.740959,1.00104,0.723395,0.713347,1.27378
3.0226,3.0329,0.73829,1.17449,0.587865,0.707381,0.644227,0.743779,1.00435,0.72762,0.715555,1.28443
3.0228,3.04828,0.742627,1.18181,0.589552,0.708834,0.648072,0.746512,1.00797,0.731729,0.71735,1.29481
3.023,3.06234,0.745724,1.18877,0.590843,0.710673,0.652336,0.749107,1.01105,0.735083,0.718566,1.30422
3.0232,3.07453,0.747899,1.19656,0.592002,0.713411,0.656048,0.751784,1.01328,0.737485,0.719456,1.31215
3.0234,3.08568,0.751813,1.20559,0.592986,0.717899,0.658842,0.754948,1.01519,0.739526,0.721605,1.31894
3.0236,3.09691,0.757389,1.21544,0.593982,0.723666,0.660759,0.757986,1.01756,0.741172,0.725,1.32556
3.0238,3.10898,0.762163,1.22488,0.594716,0.728197,0.662261,0.760635,1.02118,0.742418,0.728784,1.33269
3.024,3.12175,0.764452,1.23328,0.595387,0.729985,0.664023,0.762609,1.02521,0.743545,0.731889,1.34041
3.0242,3.13456,0.764802,1.24048,0.59574,0.729419,0.666559,0.763934,1.02881,0.74472,0.733601,1.34827
3.0244,3.14643,0.765058,1.24723,0.596219,0.729153,0.669811,0.765639,1.03197,0.745957,0.734287,1.35552
3.0246,3.1567,0.76689,1.25409,0.596882,0.730929,0.673341,0.767873,1.03486,0.746608,0.735065,1.36157
3.0248,3.1653,0.770832,1.26095,0.596813,0.734513,0.676326,0.77027,1.03783,0.747056,0.736757,1.36623
3.025,3.17242,0.776317,1.26812,0.595937,0.738274,0.678322,0.771904,1.04176,0.747241,0.739034,1.36967
3.0252,3.17865,0.782224,1.27545,0.595117,0.740832,0.679371,0.772397,1.04726,0.746689,0.741867,1.37225
3.0254,3.18464,0.786663,1.28212,0.594598,0.741418,0.680307,0.772232,1.05379,0.745825,0.7446,1.37455
3.0256,3.19078,0.789373,1.28786,0.594229,0.740611,0.681583,0.771779,1.0592,0.745042,0.745857,1.3769
3.0258,3.19713,0.790545,1.2929,0.594213,0.740534,0.683293,0.771906,1.06165,0.745004,0.745423,1.37945
3.026,3.20317,0.790641,1.29723,0.594751,0.741843,0.685005,0.772312,1.06254,0.746347,0.744616,1.38187
3.0262,3.20928,0.791604,1.30059,0.595319,0.743728,0.685929,0.7731,1.06447,0.749061,0.744557,1.38417
3.0264,3.21603,0.793783,1.3026,0.595249,0.745287,0.685606,0.773515,1.06741,0.750245,0.745826,1.38692
3.0266,3.22293,0.796551,1.30388,0.594163,0.745846,0.684475,0.772929,1.06913,0.747963,0.748181,1.38997
3.0268,3.2287,0.798724,1.30588,0.592731,0.744842,0.683168,0.77188,1.07046,0.743097,0.75025,1.39238
3.027,3.23248,0.799573,1.30852,0.591808,0.742697,0.682221,0.770816,1.07341,0.738597,0.750972,1.39334
3.0272,3.23446,0.799328,1.31035,0.591604,0.740652,0.682124,0.769221,1.07748,0.736822,0.750033,1.39277
3.0274,3.23558,0.798628,1.31081,0.591772,0.739691,0.683694,0.767053,1.08075,0.738901,0.748363,1.39138
3.0276,3.23637,0.798098,1.30968,0.592166,0.740332,0.685241,0.765023,1.08195,0.742745,0.747638,1.38972
3.0278,3.2371,0.797831,1.30764,0.592726,0.741574,0.684309,0.763826,1.08207,0.744258,0.747663,1.38798
3.028,3.23791,0.797267,1.30562,0.59262,0.741524,0.680617,0.762424,1.08341,0.742824,0.747832,1.38635
3.0282,3.23848,0.796748,1.30355,0.591281,0.739962,0.675569,0.760779,1.0862,0.740022,0.747484,1.38468
3.0284,3.23789,0.796188,1.30122,0.589284,0.737351,0.671139,0.75894,1.08816,0.737444,0.74578,1.38234
3.0286,3.23544,0.795146,1.29824,0.587654,0.73527,0.669308,0.756584,1.08802,0.736169,0.743671,1.37869
3.0288,3.23079,0.793816,1.29386,0.587123,0.735511,0.669909,0.753268,1.08529,0.736505,0.742202,1.37338
3.029,3.22469,0.791628,1.28809,0.587482,0.737648,0.670885,0.749505,1.08173,0.73744,0.741215,1.3668
3.0292,3.21805,0.788463,1.28141,0.587823,0.739249,0.670125,0.746379,1.07769,0.737555,0.740114,1.35973
3.0294,3.21143,0.78518,1.2744,0.587786,0.738987,0.666826,0.744507,1.07483,0.736509,0.738325,1.35269
3.0296,3.20482,0.782609,1.26763,0.587363,0.73675,0.662015,0.743199,1.07269,0.735142,0.735806,1.3458
3.0298,3.19781,0.780915,1.26108,0.586467,0.733945,0.657829,0.741585,1.06973,0.733699,0.733219,1.33875
3.03,3.19007,0.77948,1.25417,0.585158,0.732779,0.656006,0.739122,1.06491,0.732486,0.73146,1.33126
3.0302,3.18176,0.777399,1.2464,0.583659,0.733895,0.65675,0.735801,1.05869,0.730985,0.730908,1.32335
3.0304,3.17351,0.774303,1.23787,0.582888,0.735371,0.658277,0.731952,1.05119,0.729444,0.730839,1.31544
3.0306,3.16572,0.77071,1.22854,0.582838,0.735067,0.658265,0.727682,1.04389,0.727659,0.730261,1.30794
3.0308,3.15818,0.76724,1.21857,0.582826,0.733185,0.65635,0.724233,1.03715,0.726097,0.72905,1.30082
3.031,3.15024,0.764011,1.20873,0.582751,0.731115,0.653639,0.722526,1.03157,0.725468,0.726625,1.2936
3.0312,3.14121,0.761883,1.19868,0.582234,0.729978,0.650888,0.721868,1.02611,0.725803,0.723435,1.28573
3.0314,3.13044,0.76056,1.18825,0.581215,0.730471,0.648529,0.720289,1.01735,0.725725,0.720954,1.27671
3.0316,3.11805,0.758417,1.17774,0.580003,0.731641,0.646937,0.716887,1.00549,0.724081,0.719817,1.26642
3.0318,3.1049,0.755366,1.16688,0.578922,0.731905,0.646037,0.712514,0.99266,0.721401,0.719698,1.25542
3.032,3.09202,0.751498,1.15566,0.578991,0.730398,0.64528,0.708361,0.981559,0.718984,0.720417,1.24458
3.0322,3.07999,0.747436,1.14475,0.580028,0.727572,0.644377,0.705225,0.973167,0.718256,0.720313,1.23447
3.0324,3.06835,0.743833,1.13464,0.580593,0.725326,0.643613,0.70333,0.965903,0.718706,0.718928,1.22492
3.0326,3.05619,0.741327,1.12553,0.580444,0.725454,0.643213,0.702264,0.957318,0.719573,0.717101,1.21525
3.0328,3.0429,0.739806,1.11689,0.579844,0.727626,0.643152,0.701484,0.946565,0.71989,0.71633,1.20484
3.033,3.02851,0.738622,1.1083,0.579129,0.729012,0.643528,0.700726,0.935267,0.719837,0.716866,1.19366
3.0332,3.01343,0.73761,1.09941,0.578947,0.728658,0.644188,0.699964,0.925873,0.719876,0.717609,1.1819
3.0334,2.99891,0.736231,1.09061,0.57957,0.727162,0.644535,0.699042,0.919927,0.719499,0.717772,1.17044
3.0336,2.98587,0.734701,1.08236,0.580653,0.725665,0.644512,0.697869,0.91644,0.718098,0.71687,1.16012
3.0338,2.97466,0.733225,1.07494,0.581654,0.725179,0.644824,0.69656,0.913229,0.716382,0.715778,1.1513
3.034,2.96489,0.732416,1.06908,0.582222,0.725792,0.64564,0.695322,0.908742,0.715824,0.71565,1.14383
3.0342,2.95588,0.731924,1.06495,0.582412,0.726866,0.646507,0.694499,0.902852,0.717294,0.716394,1.13712
3.0344,2.94752,0.731656,1.06145,0.582453,0.727462,0.646876,0.694397,0.896661,0.719746,0.717198,1.13099
3.0346,2.93991,0.73189,1.05756,0.582736,0.72761,0.646643,0.694745,0.891821,0.722306,0.717617,1.12545
3.0348,2.9332,0.732368,1.05342,0.583379,0.728017,0.64635,0.695709,0.888255,0.723947,0.717652,1.12067
3.035,2.92751,0.732938,1.0498,0.584655,0.72929,0.646401,0.696674,0.884737,0.724714,0.717814,1.11667
3.0352,2.9228,0.733288,1.0471,0.586314,0.730952,0.647436,0.696849,0.881172,0.725192,0.718721,1.11353
3.0354,2.91918,0.733601,1.04524,0.587955,0.732711,0.649156,0.695912,0.878132,0.725689,0.720475,1.11117
3.0356,2.91695,0.734235,1.04428,0.588951,0.733873,0.651368,0.694988,0.875647,0.726649,0.722787,1.10993
3.0358,2.91592,0.735811,1.04459,0.589594,0.734451,0.653212,0.69504,0.873528,0.727872,0.724961,1.10965
3.036,2.91574,0.738478,1.04604,0.590167,0.734913,0.653679,0.696596,0.872005,0.729297,0.726615,1.11014
3.0362,2.91583,0.741448,1.04725,0.591125,0.736227,0.652949,0.698693,0.871476,0.731179,0.728444,1.11094
3.0364,2.91586,0.743956,1.04809,0.592292,0.738314,0.652342,0.700359,0.872152,0.73327,0.731015,1.1117
3.0366,2.91625,0.745836,1.04901,0.593378,0.740134,0.653274,0.70121,0.873898,0.735501,0.733864,1.11258
3.0368,2.91777,0.74778,1.05017,0.594427,0.741629,0.655684,0.7018,0.876009,0.737112,0.736224,1.11422
3.037,2.92068,0.749668,1.05231,0.595544,0.742957,0.658407,0.70256,0.8773,0.737995,0.737697,1.11688
3.0372,2.92502,0.751706,1.05611,0.596598,0.743932,0.660307,0.703519,0.877488,0.739473,0.738609,1.12069
3.0374,2.92993,0.754388,1.06051,0.597489,0.745161,0.66104,0.704692,0.877426,0.742123,0.739747,1.12507
3.0376,2.93484,0.757503,1.06459,0.598275,0.747093,0.661262,0.706225,0.877954,0.745147,0.741617,1.1295
3.0378,2.93931,0.760681,1.06823,0.599143,0.749675,0.662021,0.708054,0.879207,0.748233,0.744118,1.1336
3.038,2.94343,0.763983,1.07205,0.600601,0.752371,0.663982,0.709948,0.88063,0.750849,0.746662,1.13732
3.0382,2.94781,0.767332,1.07669,0.602198,0.754355,0.667107,0.71184,0.88166,0.752911,0.748757,1.14105
3.0384,2.95337,0.770392,1.08221,0.603877,0.755979,0.670838,0.713946,0.882101,0.754893,0.749638,1.14549
3.0386,2.96066,0.773319,1.08804,0.605257,0.758263,0.674316,0.716608,0.882701,0.757276,0.749588,1.15116
3.0388,2.96976,0.776472,1.09374,0.606338,0.761259,0.677044,0.719801,0.883615,0.759591,0.749742,1.15822
3.039,2.98005,0.779855,1.09909,0.606892,0.764362,0.679265,0.722904,0.885628,0.761817,0.751948,1.16631
3.0392,2.99047,0.783177,1.10411,0.607004,0.767064,0.681454,0.725654,0.887286,0.764116,0.756986,1.17466
3.0394,2.99976,0.786867,1.10969,0.60759,0.76897,0.683778,0.728058,0.887136,0.76666,0.76216,1.18225
3.0396,3.00736,0.790339,1.11589,0.608759,0.769817,0.68681,0.729869,0.886351,0.768844,0.764469,1.1885
3.0398,3.0133,0.79316,1.12181,0.610104,0.770532,0.69007,0.731257,0.886347,0.7704,0.762834,1.19334
3.04,3.01827,0.794812,1.12715,0.611456,0.772106,0.692469,0.733139,0.887242,0.771765,0.760041,1.19719
3.0402,3.02312,0.79569,1.13229,0.612594,0.774313,0.693832,0.735999,0.88811,0.773757,0.760253,1.20076
3.0404,3.02875,0.797805,1.13743,0.61335,0.776427,0.694787,0.739493,0.888605,0.775845,0.763634,1.20476
3.0406,3.03536,0.801384,1.14275,0.613972,0.777672,0.695728,0.742435,0.888587,0.777148,0.768198,1.20949
3.0408,3.04253,0.804981,1.14879,0.614725,0.778533,0.696619,0.74418,0.888192,0.777539,0.771285,1.21474
3.041,3.0496,0.807503,1.15541,0.615959,0.780155,0.697247,0.745105,0.887504,0.77763,0.771548,1.22001
3.0412,3.0556,0.808925,1.16117,0.617748,0.781899,0.697486,0.74658,0.886645,0.778376,0.770655,1.22454
3.0414,3.06058,0.810101,1.16486,0.619274,0.78311,0.697768,0.749304,0.886187,0.779938,0.770209,1.22819
3.0416,3.06465,0.811708,1.16694,0.620306,0.783638,0.698426,0.752626,0.88708,0.781472,0.77126,1.23108
3.0418,3.06791,0.813904,1.16851,0.621116,0.783941,0.699387,0.755459,0.889465,0.782576,0.773311,1.23327
3.042,3.07057,0.81628,1.17031,0.621486,0.784673,0.700241,0.757037,0.892468,0.782946,0.7748,1.23494
3.0422,3.07289,0.818528,1.17301,0.621109,0.785952,0.701446,0.757731,0.8951,0.782983,0.775187,1.23629
3.0424,3.07485,0.81977,1.17647,0.620416,0.787534,0.703747,0.758177,0.896241,0.78307,0.77519,1.23736
3.0426,3.07642,0.820173,1.17964,0.620286,0.788902,0.70598,0.758371,0.896016,0.783628,0.775786,1.23813
3.0428,3.07748,0.821133,1.18106,0.621393,0.790023,0.706674,0.758518,0.896915,0.785063,0.777308,1.23853
3.043,3.07797,0.823491,1.18024,0.623845,0.790456,0.705503,0.758793,0.899023,0.786322,0.778626,1.23848
3.0432,3.07806,0.826375,1.17799,0.626386,0.789804,0.703555,0.759193,0.900115,0.786533,0.779099,1.23807
3.0434,3.07801,0.828082,1.17579,0.627204,0.789002,0.702304,0.759121,0.900899,0.786034,0.779155,1.23752
3.0436,3.07793,0.827628,1.17494,0.626286,0.789355,0.702647,0.758733,0.903126,0.785582,0.778893,1.23695
3.0438,3.0778,0.825876,1.1756,0.625145,0.790647,0.704498,0.758012,0.906653,0.785903,0.778825,1.23636
3.044,3.07761,0.824712,1.17679,0.624964,0.791741,0.706826,0.757267,0.909766,0.787173,0.779265,1.23572
3.0442,3.07748,0.82517,1.17713,0.625382,0.792016,0.70889,0.757109,0.911284,0.788746,0.780616,1.23511
3.0444,3.07768,0.827018,1.17597,0.625776,0.79196,0.709934,0.756509,0.911993,0.789919,0.782146,1.23471
3.0446,3.0784,0.829367,1.17365,0.626262,0.792466,0.709663,0.754655,0.913856,0.790778,0.782264,1.23471
3.0448,3.07931,0.830995,1.17078,0.626757,0.793146,0.709142,0.751952,0.91697,0.791107,0.780531,1.23498
3.045,3.0798,0.831292,1.16803,0.627446,0.793226,0.709597,0.749156,0.919347,0.790396,0.777466,1.23503
3.0452,3.07935,0.830353,1.16549,0.628372,0.792747,0.710697,0.746794,0.920526,0.789475,0.775388,1.23444
3.0454,3.07754,0.829243,1.16282,0.629481,0.79247,0.712255,0.745117,0.920972,0.789497,0.777019,1.23287
3.0456,3.07412,0.828967,1.1597,0.630265,0.792605,0.713289,0.743755,0.920803,0.79049,0.781179,1.23008
3.0458,3.06926,0.829713,1.15564,0.630826,0.792946,0.713721,0.742093,0.919972,0.792515,0.784843,1.22613
3.046,3.06363,0.830198,1.15029,0.631187,0.793113,0.714251,0.739714,0.91866,0.79428,0.785376,1.22146
3.0462,3.05816,0.830084,1.14394,0.631913,0.793474,0.715173,0.73683,0.917107,0.794683,0.782416,1.21679
3.0464,3.05351,0.829174,1.13738,0.632845,0.794362,0.71603,0.734146,0.915378,0.793829,0.778599,1.21271
3.0466,3.04976,0.827508,1.13146,0.633817,0.795201,0.716429,0.732438,0.913464,0.793838,0.776942,1.2094
3.0468,3.04654,0.825342,1.12655,0.634758,0.796058,0.716222,0.732022,0.911777,0.794608,0.778508,1.20664
3.047,3.0435,0.823126,1.12237,0.63567,0.796387,0.716038,0.732498,0.909379,0.794656,0.78204,1.2041
3.0472,3.04053,0.821174,1.1183,0.636233,0.796195,0.716359,0.732792,0.906315,0.794184,0.784896,1.20164
3.0474,3.03751,0.820467,1.11357,0.636747,0.795651,0.716454,0.731875,0.902771,0.793684,0.785331,1.19921
3.0476,3.0338,0.82057,1.10768,0.637038,0.79496,0.716371,0.730029,0.898957,0.793799,0.783656,1.19644
3.0478,3.02886,0.819763,1.10064,0.637194,0.795026,0.7167,0.72824,0.894773,0.794141,0.781682,1.19278
3.048,3.02261,0.817355,1.09313,0.637457,0.795744,0.717452,0.72694,0.890689,0.794289,0.780892,1.18813
3.0482,3.01541,0.81382,1.08586,0.637726,0.796422,0.717858,0.726083,0.887048,0.794188,0.781724,1.18267
3.0484,3.00789,0.810198,1.07884,0.638348,0.796855,0.717264,0.725309,0.884313,0.79372,0.783279,1.17689
3.0486,3.00069,0.807689,1.07192,0.63941,0.796826,0.71601,0.724196,0.881047,0.793012,0.784229,1.1713
3.0488,2.99409,0.80641,1.06489,0.640654,0.796415,0.715069,0.722685,0.875555,0.792323,0.783658,1.16622
3.049,2.98784,0.805948,1.05754,0.641749,0.796038,0.715079,0.721239,0.868715,0.791856,0.782357,1.16155
3.0492,2.98128,0.80566,1.04992,0.642568,0.796628,0.716055,0.720454,0.86263,0.79172,0.781808,1.15682
3.0494,2.97402,0.804847,1.04226,0.643101,0.797703,0.717495,0.720548,0.858522,0.791928,0.782515,1.15162
3.0496,2.96599,0.803506,1.03484,0.643576,0.798952,0.718483,0.721348,0.856049,0.792449,0.784288,1.14585
3.0498,2.95743,0.802151,1.02777,0.644301,0.79994,0.718535,0.722487,0.853922,0.793255,0.78664,1.13967
3.05,2.94867,0.801526,1.02092,0.645186,0.800022,0.718362,0.723323,0.851282,0.793778,0.788507,1.13332
3.0502,2.9401,0.802164,1.01422,0.646152,0.799344,0.718427,0.723401,0.848693,0.793873,0.789125,1.1271
3.0504,2.932,0.803732,1.00779,0.646847,0.798444,0.719039,0.723339,0.847411,0.794166,0.789124,1.12126
3.0506,2.92456,0.805057,1.00169,0.646874,0.798603,0.719665,0.723618,0.847408,0.794543,0.789573,1.11596
3.0508,2.91777,0.805662,0.99601,0.64698,0.799546,0.720008,0.724606,0.84685,0.794881,0.79057,1.11124
3.051,2.91137,0.806252,0.990761,0.647435,0.800134,0.720049,0.725345,0.845363,0.795192,0.791288,1.1069
3.0512,2.90542,0.807172,0.985836,0.648431,0.800849,0.720118,0.725306,0.84388,0.795448,0.791184,1.10293
3.0514,2.90006,0.807905,0.981347,0.649647,0.801637,0.720485,0.724997,0.842233,0.795849,0.79029,1.09943
3.0516,2.89534,0.808042,0.977364,0.650621,0.802598,0.721444,0.72481,0.840506,0.796924,0.789675,1.09643
3.0518,2.89133,0.808032,0.973988,0.651103,0.803591,0.722796,0.725015,0.839109,0.798348,0.789915,1.09402
3.052,2.88813,0.808412,0.971338,0.651417,0.804355,0.724668,0.725539,0.838363,0.800069,0.79163,1.09222
3.0522,2.88582,0.809565,0.969473,0.651554,0.804657,0.727034,0.725983,0.838351,0.802311,0.79349,1.09112
3.0524,2.88453,0.811593,0.968404,0.651854,0.804257,0.729045,0.725991,0.838531,0.804619,0.793911,1.09079
3.0526,2.88436,0.814147,0.96814,0.652563,0.803319,0.730316,0.725515,0.838661,0.805989,0.79257,1.09131
3.0528,2.88524,0.816707,0.968636,0.653711,0.803139,0.730672,0.724924,0.839352,0.806827,0.790152,1.09269
3.053,2.88674,0.819077,0.969517,0.655212,0.805048,0.730897,0.724629,0.841099,0.807342,0.788082,1.09463
3.0532,2.88835,0.821267,0.970333,0.656693,0.807985,0.73228,0.725219,0.84373,0.807882,0.787735,1.09671
3.0534,2.88987,0.823261,0.971214,0.657715,0.809965,0.735167,0.726779,0.846571,0.809006,0.788933,1.09873
3.0536,2.89109,0.825208,0.972318,0.657815,0.810591,0.738393,0.728891,0.848915,0.810551,0.79046,1.10052
3.0538,2.89198,0.827434,0.973633,0.65777,0.810412,0.740585,0.730755,0.850478,0.812925,0.790896,1.10201
3.054,2.89276,0.829873,0.975214,0.658668,0.810164,0.741294,0.731604,0.851275,0.815806,0.789809,1.10333
3.0542,2.89382,0.832058,0.977086,0.660385,0.810438,0.741687,0.731355,0.851569,0.81856,0.78796,1.10478
3.0544,2.89552,0.833628,0.979198,0.662221,0.811461,0.742801,0.730723,0.851711,0.821116,0.786591,1.10664
3.0546,2.89808,0.834622,0.981584,0.663538,0.812926,0.744973,0.730714,0.852887,0.822968,0.786595,1.10911
3.0548,2.90153,0.835711,0.984373,0.664345,0.814319,0.746787,0.732022,0.85508,0.823805,0.787994,1.11226
3.055,2.9059,0.837614,0.988047,0.664691,0.815332,0.747374,0.734715,0.857211,0.824079,0.790114,1.11609
3.0552,2.91121,0.84014,0.992388,0.665166,0.816232,0.747275,0.738264,0.857898,0.824394,0.792093,1.1206
3.0554,2.91748,0.842563,0.996988,0.666213,0.817666,0.747525,0.741663,0.85689,0.825284,0.793485,1.12581
3.0556,2.92455,0.844015,1.0008,0.66762,0.819246,0.748992,0.743814,0.855409,0.826886,0.794653,1.13166
3.0558,2.93184,0.844417,1.00362,0.669065,0.820442,0.751259,0.744736,0.854794,0.828546,0.795636,1.13776
3.056,2.93848,0.844625,1.00612,0.670368,0.820941,0.753423,0.745583,0.855444,0.829095,0.796431,1.14344
3.0562,2.944,0.845366,1.00975,0.67144,0.820628,0.754855,0.747087,0.856379,0.829368,0.797961,1.14825
3.0564,2.94845,0.847326,1.01457,0.672144,0.819986,0.755142,0.749314,0.857085,0.829827,0.800119,1.1521
3.0566,2.95272,0.850909,1.01982,0.672576,0.820415,0.755061,0.751499,0.857381,0.830292,0.801981,1.15558
3.0568,2.95742,0.854549,1.02475,0.672987,0.822082,0.756042,0.752829,0.85787,0.83154,0.803115,1.15926
3.057,2.96278,0.85615,1.02925,0.673622,0.823883,0.757543,0.75322,0.859447,0.833005,0.80348,1.16345
3.0572,2.96829,0.855245,1.03344,0.67503,0.82514,0.758772,0.753427,0.86117,0.834077,0.804089,1.16781
3.0574,2.9734,0.853369,1.03675,0.676613,0.825739,0.75912,0.754455,0.86151,0.834719,0.805807,1.17194
3.0576,2.97764,0.852528,1.03949,0.677708,0.826208,0.758349,0.756655,0.860309,0.834812,0.808457,1.17542
3.0578,2.98072,0.853743,1.04205,0.678124,0.826951,0.758016,0.759566,0.859083,0.835133,0.810433,1.17796
3.058,2.98331,0.856627,1.0448,0.677645,0.827416,0.759303,0.762446,0.85925,0.836542,0.811112,1.17994
3.0582,2.98581,0.859828,1.04836,0.676452,0.827482,0.7607,0.764701,0.861133,0.837661,0.810443,1.18178
3.0584,2.98837,0.862125,1.05227,0.675113,0.827866,0.760911,0.766038,0.863866,0.836759,0.809582,1.18363
3.0586,2.99101,0.863319,1.05588,0.674442,0.828459,0.759613,0.767137,0.866469,0.833611,0.80994,1.18555
3.0588,2.99323,0.863953,1.05903,0.674425,0.828871,0.757774,0.768832,0.868757,0.83027,0.811455,1.18724
3.059,2.99465,0.86453,1.06097,0.675033,0.828972,0.756738,0.770804,0.870546,0.82919,0.813407,1.18834
3.0592,2.9952,0.865417,1.0619,0.676193,0.8288,0.757035,0.771983,0.871744,0.830649,0.814902,1.18874
3.0594,2.99517,0.866411,1.06303,0.677399,0.828441,0.759649,0.77216,0.873463,0.832836,0.815225,1.18859
3.0596,2.99513,0.867002,1.065,0.678027,0.828194,0.763159,0.771407,0.875691,0.834097,0.814893,1.18834
3.0598,2.99538,0.867231,1.06743,0.677799,0.828343,0.764948,0.770244,0.876966,0.834144,0.815345,1.18829
3.06,2.99579,0.867402,1.06934,0.677031,0.828801,0.764035,0.769839,0.876965,0.833238,0.816706,1.18842
3.0602,2.99608,0.867596,1.07001,0.676422,0.829365,0.761747,0.770287,0.876632,0.832461,0.818471,1.1885
3.0604,2.99608,0.867808,1.06947,0.676708,0.829743,0.76014,0.771057,0.876881,0.832564,0.820196,1.18837
3.0606,2.99604,0.867941,1.06877,0.678146,0.8302,0.760426,0.771079,0.87787,0.833668,0.82094,1.18813
3.0608,2.99646,0.868008,1.06909,0.6802,0.830273,0.762432,0.769786,0.879,0.834299,0.820475,1.18815
3.061,2.99789,0.868201,1.06978,0.681894,0.829837,0.764824,0.76757,0.879936,0.833246,0.820237,1.18888
3.0612,3.00028,0.8688,1.06952,0.682946,0.829178,0.765883,0.765821,0.881088,0.831073,0.820651,1.19043
3.0614,3.00251,0.869895,1.06811,0.683641,0.829081,0.765231,0.765362,0.883122,0.829667,0.821557,1.19211
3.0616,3.0036,0.871032,1.06518,0.684068,0.829994,0.763499,0.765583,0.886002,0.829768,0.82292,1.19302
3.0618,3.00321,0.871525,1.06134,0.68406,0.830995,0.761902,0.765471,0.888389,0.831351,0.82422,1.1928
3.062,3.00136,0.871046,1.05835,0.683707,0.83086,0.761924,0.764356,0.889215,0.833183,0.824695,1.1914
3.0622,2.9985,0.869891,1.05668,0.683757,0.829726,0.763259,0.763146,0.889044,0.833478,0.824096,1.18912
3.0624,2.99525,0.868558,1.05531,0.684446,0.829079,0.764939,0.762863,0.888735,0.832234,0.823197,1.18643
3.0626,2.99217,0.867285,1.05262,0.685628,0.829192,0.765534,0.762855,0.888524,0.830611,0.823133,1.18381
3.0628,2.98958,0.865868,1.04781,0.686722,0.829771,0.76461,0.762595,0.888201,0.830183,0.823653,1.18157
3.063,2.98746,0.864177,1.04169,0.687471,0.830183,0.762899,0.76216,0.887228,0.830793,0.824472,1.17973
3.0632,2.98563,0.862368,1.03607,0.688055,0.8306,0.76153,0.761293,0.885534,0.831779,0.824593,1.17818
3.0634,2.98406,0.860798,1.03222,0.688238,0.831168,0.76133,0.76013,0.88396,0.832369,0.823775,1.17683
3.0636,2.9829,0.859342,1.03003,0.688009,0.830977,0.761835,0.75884,0.882288,0.8318,0.82271,1.17578
3.0638,2.98236,0.85768,1.02771,0.687695,0.829775,0.762217,0.757295,0.880205,0.830947,0.822946,1.1752
3.064,2.98216,0.855635,1.0237,0.687698,0.828763,0.762248,0.75598,0.877538,0.830989,0.824603,1.175
3.0642,2.9814,0.853102,1.01826,0.688038,0.828221,0.761802,0.754989,0.874425,0.831594,0.825724,1.17456
3.0644,2.97937,0.85016,1.01232,0.688669,0.828043,0.761032,0.754618,0.872423,0.831657,0.825064,1.17323
3.0646,2.97608,0.847603,1.00636,0.689296,0.828511,0.760193,0.754315,0.87114,0.831516,0.823489,1.17084
3.0648,2.97224,0.846128,1.0007,0.690024,0.82876,0.759394,0.753532,0.868589,0.831444,0.822048,1.16789
3.065,2.96843,0.84613,0.995443,0.690499,0.828463,0.759118,0.752699,0.864805,0.831197,0.821518,1.16493
3.0652,2.96512,0.846528,0.990279,0.690843,0.828212,0.759242,0.752122,0.86095,0.831561,0.821781,1.16227
3.0654,2.96245,0.845392,0.985196,0.691329,0.828171,0.758973,0.751476,0.858174,0.83247,0.822016,1.1602
3.0656,2.95965,0.841929,0.980832,0.691565,0.82821,0.758712,0.7509,0.855993,0.833241,0.821545,1.15822
3.0658,2.95583,0.837331,0.977496,0.691497,0.827807,0.758816,0.7501,0.853113,0.83336,0.820332,1.15562
3.066,2.95058,0.833482,0.974447,0.691171,0.827044,0.758706,0.749297,0.849319,0.833018,0.819014,1.15192
3.0662,2.94431,0.831683,0.970509,0.691308,0.826628,0.75805,0.748987,0.845733,0.83288,0.818362,1.14736
3.0664,2.93798,0.831929,0.965457,0.692211,0.826356,0.756843,0.749106,0.843272,0.833266,0.81851,1.14257
3.0666,2.93249,0.833077,0.959711,0.693422,0.825766,0.756047,0.749871,0.842166,0.833556,0.819007,1.13835
3.0668,2.92814,0.833809,0.954474,0.693865,0.824747,0.755874,0.750806,0.842099,0.833925,0.819475,1.13504
3.067,2.92466,0.833594,0.950659,0.693217,0.823882,0.755754,0.751041,0.842573,0.83435,0.819306,1.13256
3.0672,2.92127,0.832601,0.948213,0.692262,0.823337,0.755714,0.750579,0.843045,0.833928,0.818734,1.13029
3.0674,2.91768,0.831196,0.946938,0.691855,0.822645,0.755685,0.749871,0.84272,0.833501,0.818043,1.12792
3.0676,2.91382,0.830258,0.945666,0.692192,0.822096,0.75524,0.75012,0.841845,0.833338,0.817141,1.12535
3.0678,2.90986,0.830461,0.943118,0.692865,0.822136,0.754791,0.750909,0.84126,0.833591,0.816503,1.1227
3.068,2.90611,0.831227,0.939139,0.693439,0.822167,0.754563,0.751349,0.840949,0.833894,0.816646,1.12013
3.0682,2.90298,0.831537,0.935365,0.693555,0.821572,0.754554,0.750659,0.841021,0.834048,0.817053,1.11802
3.0684,2.90057,0.830783,0.932984,0.693131,0.820818,0.754797,0.749124,0.840826,0.834197,0.817681,1.11648
3.0686,2.89887,0.829414,0.931677,0.692602,0.820737,0.755292,0.747858,0.839726,0.833947,0.818301,1.11552
3.0688,2.89782,0.828352,0.930573,0.692573,0.820813,0.75586,0.747785,0.83818,0.833454,0.818567,1.11507
3.069,2.89753,0.828238,0.929367,0.69333,0.820198,0.755936,0.749067,0.837253,0.833455,0.818371,1.11519
3.0692,2.89819,0.82917,0.928058,0.694352,0.819142,0.755456,0.751046,0.837555,0.833597,0.817453,1.11601
3.0694,2.89965,0.830788,0.927069,0.695389,0.818471,0.755041,0.752402,0.839152,0.83362,0.816358,1.11753
3.0696,2.90121,0.832524,0.926594,0.695952,0.817859,0.75502,0.753146,0.841356,0.833604,0.815377,1.11923
3.0698,2.90264,0.833935,0.926318,0.695761,0.817161,0.755369,0.75349,0.843517,0.83436,0.815023,1.12083
3.07,2.90385,0.834824,0.926446,0.695017,0.81665,0.755732,0.753556,0.845345,0.835018,0.815387,1.12225
3.0702,2.90485,0.83542,0.927182,0.694502,0.816104,0.755607,0.753323,0.84649,0.834404,0.815808,1.12349
3.0704,2.9056,0.835949,0.92814,0.694886,0.815859,0.755253,0.753453,0.84789,0.833096,0.815965,1.12451
3.0706,2.90623,0.836852,0.928883,0.696122,0.816218,0.754809,0.754036,0.848983,0.832173,0.815635,1.12539
3.0708,2.90694,0.837656,0.929158,0.697461,0.816782,0.754747,0.754927,0.849539,0.832233,0.814997,1.12627
3.071,2.90811,0.838137,0.929056,0.698251,0.81699,0.755175,0.755789,0.849323,0.833417,0.814421,1.12742
3.0712,2.91013,0.838206,0.929058,0.698685,0.816537,0.75586,0.756921,0.848727,0.834829,0.814013,1.12915
3.0714,2.91323,0.837806,0.929785,0.699301,0.816475,0.755957,0.75865,0.848339,0.835127,0.814129,1.13168
3.0716,2.91735,0.837621,0.931616,0.700205,0.817221,0.755759,0.760241,0.848694,0.834247,0.814784,1.13502
3.0718,2.92221,0.838043,0.934741,0.700724,0.817779,0.755747,0.761418,0.849619,0.833109,0.815661,1.13896
3.072,2.92751,0.838644,0.93878,0.700332,0.817869,0.755912,0.761578,0.850344,0.832936,0.816249,1.14326
3.0722,2.93288,0.838902,0.942879,0.699465,0.817077,0.756645,0.76084,0.849402,0.834527,0.816217,1.14765
3.0724,2.93776,0.838466,0.94604,0.6988,0.815938,0.757145,0.76071,0.847305,0.836801,0.815745,1.15172
3.0726,2.94203,0.837797,0.947907,0.698796,0.815811,0.756482,0.761707,0.845798,0.838322,0.81505,1.15526
3.0728,2.94587,0.837256,0.949395,0.699675,0.816773,0.755065,0.763415,0.845739,0.838404,0.814562,1.15838
3.073,2.94961,0.83822,0.951451,0.701176,0.81743,0.754016,0.765327,0.846538,0.836818,0.814468,1.16132
3.0732,2.95349,0.841827,0.954109,0.702749,0.817544,0.754115,0.766511,0.846828,0.835046,0.814598,1.16431
3.0734,2.95743,0.845531,0.956993,0.70385,0.817168,0.755176,0.766279,0.846218,0.834746,0.814589,1.16737
3.0736,2.96102,0.846111,0.959558,0.704188,0.81704,0.756605,0.76502,0.84417,0.835172,0.814173,1.17018
3.0738,2.96434,0.843009,0.961379,0.703755,0.817697,0.757466,0.763959,0.841392,0.835564,0.813579,1.17276
3.074,2.96702,0.838637,0.962558,0.703361,0.818371,0.757576,0.764143,0.839066,0.836072,0.813201,1.17485
3.0742,2.9694,0.83596,0.963635,0.703383,0.818567,0.757037,0.765704,0.838074,0.836767,0.813251,1.17662
3.0744,2.97153,0.836467,0.965114,0.704207,0.818422,0.756723,0.767971,0.838415,0.837449,0.813836,1.17816
3.0746,2.97355,0.839404,0.966985,0.705535,0.818089,0.756825,0.769903,0.839089,0.838067,0.814908,1.1796
3.0748,2.97539,0.842546,0.969012,0.706684,0.817587,0.757101,0.77038,0.839158,0.838245,0.816201,1.18088
3.075,2.97702,0.84398,0.970572,0.706949,0.817286,0.756985,0.770071,0.838805,0.837236,0.817284,1.18203
3.0752,2.9781,0.843334,0.971275,0.706706,0.817127,0.756645,0.769942,0.839143,0.836446,0.817919,1.18279
3.0754,2.97851,0.842288,0.970984,0.70621,0.817527,0.756049,0.769813,0.841255,0.836992,0.818394,1.18303
3.0756,2.97841,0.842069,0.970011,0.705929,0.817845,0.755407,0.770087,0.844349,0.837721,0.818601,1.18282
3.0758,2.97815,0.842852,0.968911,0.706553,0.817482,0.754873,0.770641,0.846571,0.837137,0.818796,1.18242
3.076,2.97787,0.844428,0.968159,0.708077,0.816843,0.754574,0.770831,0.847565,0.835465,0.818668,1.18199
3.0762,2.97762,0.845934,0.967765,0.709703,0.816245,0.754802,0.770363,0.847922,0.834035,0.818177,1.1816
3.0764,2.97729,0.846394,0.967375,0.710537,0.815733,0.755431,0.769705,0.84819,0.833868,0.817322,1.18118
3.0766,2.97676,0.845618,0.966651,0.710313,0.81576,0.756044,0.769017,0.848585,0.834652,0.816588,1.18063
3.0768,2.97611,0.84422,0.96551,0.709614,0.816596,0.756166,0.768663,0.84898,0.836126,0.816144,1.17995
3.077,2.97567,0.842997,0.964136,0.709414,0.817446,0.756182,0.76883,0.849282,0.837288,0.816232,1.17936
3.0772,2.9759,0.842538,0.962892,0.710118,0.817381,0.756022,0.769404,0.849887,0.837152,0.816412,1.17921
3.0774,2.97712,0.842936,0.962165,0.711473,0.816729,0.75551,0.769372,0.851211,0.835748,0.816034,1.17981
3.0776,2.97927,0.843715,0.962179,0.712892,0.816248,0.754882,0.768387,0.853165,0.8342,0.814531,1.18118
3.0778,2.98151,0.844605,0.9628,0.713803,0.816479,0.754923,0.767449,0.855404,0.833553,0.812454,1.18283
3.078,2.9829,0.845567,0.963219,0.713732,0.817411,0.755444,0.767483,0.857793,0.834905,0.810747,1.18394
3.0782,2.98291,0.84649,0.962655,0.713141,0.818664,0.755316,0.768247,0.860352,0.836861,0.810576,1.18404
3.0784,2.98167,0.846946,0.961227,0.712792,0.819455,0.754447,0.768836,0.862716,0.837387,0.811569,1.18306
3.0786,2.98017,0.846531,0.959425,0.713352,0.819161,0.75371,0.768651,0.864625,0.836953,0.811985,1.18167
3.0788,2.97919,0.845434,0.957609,0.715279,0.818247,0.753539,0.767396,0.865931,0.836516,0.810525,1.18061
3.079,2.97877,0.844311,0.956081,0.717588,0.817331,0.753826,0.76586,0.866247,0.836204,0.807356,1.18004
3.0792,2.97862,0.843813,0.954698,0.718588,0.817298,0.754383,0.764751,0.866008,0.835832,0.803906,1.17973
3.0794,2.97851,0.843505,0.953096,0.717818,0.817622,0.754577,0.764585,0.866235,0.835464,0.801774,1.17951
3.0796,2.97829,0.842828,0.951036,0.71619,0.817692,0.753733,0.765168,0.866463,0.83508,0.801621,1.17921
3.0798,2.9781,0.841518,0.948894,0.715262,0.817069,0.752581,0.76579,0.866772,0.834767,0.80283,1.17891
3.08,2.97831,0.839608,0.947057,0.715859,0.815897,0.75205,0.765246,0.866535,0.834898,0.804103,1.17882
3.0802,2.97856,0.837719,0.94591,0.717587,0.8152,0.751882,0.76354,0.866598,0.835685,0.80449,1.17899
3.0804,2.9779,0.836176,0.944957,0.719524,0.815335,0.751559,0.761352,0.866312,0.836738,0.804001,1.17852
3.0806,2.97642,0.834752,0.943769,0.720614,0.815706,0.751682,0.75985,0.864613,0.836958,0.803247,1.17742
3.0808,2.97407,0.833559,0.941405,0.72045,0.815705,0.752098,0.759416,0.862389,0.836002,0.802687,1.17557
3.081,2.97187,0.832419,0.938406,0.719553,0.814974,0.752208,0.75944,0.860521,0.834826,0.802842,1.17366
3.0812,2.97034,0.831393,0.935483,0.718354,0.8141,0.751973,0.759155,0.860247,0.834201,0.80371,1.17225
3.0814,2.96911,0.830048,0.933294,0.717647,0.813455,0.751686,0.758098,0.860585,0.83482,0.804399,1.17123
3.0816,2.96759,0.827843,0.931402,0.718082,0.813216,0.751521,0.756933,0.859815,0.836197,0.804186,1.17006
3.0818,2.96551,0.825218,0.92889,0.719269,0.813704,0.751473,0.755975,0.857173,0.836841,0.803058,1.16853
3.082,2.96299,0.822871,0.925195,0.720603,0.814355,0.750975,0.755132,0.854806,0.835874,0.80166,1.16656
3.0822,2.96093,0.821146,0.920708,0.721071,0.814259,0.750066,0.754173,0.853827,0.833728,0.800831,1.16479
3.0824,2.96013,0.819829,0.916688,0.720626,0.813165,0.749019,0.753213,0.853792,0.83162,0.800964,1.1639
3.0826,2.96044,0.818486,0.91415,0.720132,0.811772,0.748507,0.75287,0.853205,0.830574,0.801836,1.16401
3.0828,2.9607,0.816903,0.913114,0.719814,0.810981,0.74893,0.752906,0.851542,0.831033,0.802936,1.16434
3.083,2.95987,0.81529,0.912415,0.719629,0.811209,0.749277,0.752778,0.849761,0.832185,0.803871,1.16397
3.0832,2.95772,0.814111,0.911077,0.71911,0.811881,0.748834,0.752248,0.848984,0.832324,0.804533,1.16253
3.0834,2.9552,0.813763,0.908583,0.718727,0.812022,0.747853,0.751128,0.849857,0.83114,0.804978,1.16056
3.0836,2.95374,0.814345,0.905224,0.718559,0.811756,0.746467,0.750367,0.852178,0.829347,0.805277,1.15917
3.0838,2.9538,0.815314,0.902351,0.71849,0.811048,0.745079,0.749886,0.854056,0.827888,0.805448,1.15904
3.084,2.95414,0.81553,0.900672,0.718383,0.810109,0.744429,0.749042,0.853733,0.827712,0.805387,1.15944
3.0842,2.95378,0.81482,0.899646,0.718226,0.809494,0.744896,0.747954,0.852884,0.828984,0.8049,1.15935
3.0844,2.95302,0.814164,0.898369,0.718158,0.80893,0.745723,0.747197,0.85327,0.830349,0.804358,1.15889
3.0846,2.95183,0.813714,0.896203,0.718259,0.808242,0.746108,0.747166,0.854172,0.830998,0.803755,1.15811
3.0848,2.95019,0.813083,0.893453,0.718446,0.807139,0.745429,0.747577,0.854247,0.830941,0.803073,1.15697
3.085,2.94865,0.812145,0.891982,0.718595,0.805748,0.743991,0.74814,0.852791,0.830797,0.802218,1.15577
3.0852,2.94797,0.81106,0.892553,0.718611,0.804488,0.742688,0.748734,0.851096,0.830205,0.801295,1.15516
3.0854,2.94809,0.810181,0.893391,0.718901,0.804034,0.742126,0.748722,0.851016,0.829609,0.800235,1.15521
3.0856,2.94831,0.809947,0.893495,0.719287,0.804139,0.742353,0.748095,0.852512,0.829329,0.799013,1.15557
3.0858,2.94688,0.810481,0.892434,0.719632,0.804032,0.742612,0.747414,0.854169,0.829216,0.797469,1.15497
3.086,2.94301,0.811472,0.889905,0.719508,0.803147,0.742348,0.746913,0.855036,0.829088,0.795762,1.15253
3.0862,2.93663,0.812528,0.886994,0.718704,0.802171,0.741594,0.747027,0.855475,0.829308,0.794065,1.14813
3.0864,2.92853,0.813466,0.884797,0.717667,0.801672,0.741094,0.747844,0.856472,0.829614,0.7926,1.14219
3.0866,2.92099,0.814082,0.882972,0.717445,0.800956,0.740708,0.748261,0.858091,0.829304,0.791406,1.13613
3.0868,2.91632,0.814149,0.880693,0.717946,0.799913,0.740188,0.747617,0.859477,0.828018,0.790452,1.13221
3.087,2.91281,0.813937,0.876921,0.718552,0.798686,0.739718,0.746634,0.859596,0.826087,0.78973,1.12977
3.0872,2.90738,0.813694,0.871124,0.718768,0.797216,0.739178,0.746106,0.857963,0.824212,0.788612,1.12646
3.0874,2.89717,0.813217,0.863976,0.718614,0.795376,0.737998,0.745793,0.855258,0.822974,0.786576,1.11992
3.0876,2.88137,0.8123,0.856751,0.71792,0.793177,0.736054,0.745452,0.852071,0.823144,0.78356,1.10897
3.0878,2.86303,0.810783,0.850257,0.716853,0.790527,0.733907,0.744915,0.848512,0.824173,0.780115,1.09526
3.088,2.84664,0.8089,0.844347,0.716335,0.788085,0.732112,0.743817,0.84428,0.82461,0.777154,1.08249
3.0882,2.83374,0.80674,0.838115,0.716643,0.786038,0.730853,0.742387,0.839259,0.823822,0.775178,1.07254
3.0884,2.82253,0.804482,0.83086,0.717357,0.783942,0.730083,0.741161,0.834401,0.821589,0.774059,1.06449
3.0886,2.80985,0.802231,0.82247,0.717798,0.781842,0.729366,0.73994,0.829266,0.818434,0.773329,1.05607
3.0888,2.7925,0.800355,0.813781,0.717381,0.779521,0.728268,0.738259,0.823214,0.815324,0.772717,1.04449
3.089,2.77185,0.798565,0.806478,0.716529,0.776992,0.726776,0.736342,0.816357,0.813648,0.77184,1.02977
3.0892,2.75213,0.79574,0.800389,0.715562,0.774033,0.725148,0.734373,0.809296,0.812747,0.770285,1.01518
3.0894,2.73512,0.791904,0.7943,0.714645,0.770916,0.723183,0.733045,0.80246,0.811765,0.768118,1.00267
3.0896,2.72076,0.788163,0.787477,0.714188,0.768532,0.721064,0.73252,0.796397,0.810589,0.765775,0.992462
3.0898,2.70793,0.785038,0.780163,0.714523,0.766877,0.718907,0.731914,0.790295,0.808585,0.763789,0.983816
3.09,2.69465,0.782531,0.773713,0.715122,0.765315,0.717501,0.73042,0.784726,0.805638,0.762491,0.975284
3.0902,2.68048,0.780404,0.768925,0.715771,0.763583,0.716958,0.72812,0.780883,0.802834,0.761772,0.965926
3.0904,2.66742,0.778309,0.765971,0.716119,0.762274,0.716933,0.72598,0.778108,0.801572,0.76126,0.957175
3.0906,2.65635,0.776184,0.764277,0.716229,0.761465,0.717099,0.72484,0.775363,0.801585,0.760879,0.949998
3.0908,2.64636,0.774201,0.7623,0.71617,0.761155,0.716754,0.72487,0.772522,0.802127,0.761212,0.943978
3.091,2.63608,0.772632,0.75891,0.716359,0.761516,0.716024,0.72576,0.770243,0.801956,0.761809,0.937992
3.0912,2.62521,0.771685,0.754578,0.717088,0.76201,0.715523,0.726792,0.769257,0.801517,0.762623,0.931606
3.0914,2.61368,0.771367,0.750926,0.717972,0.761757,0.715275,0.72715,0.769578,0.801679,0.763375,0.924701
3.0916,2.60254,0.771429,0.749277,0.719146,0.760863,0.715601,0.727172,0.770657,0.802278,0.76358,0.917869
3.0918,2.59286,0.771374,0.749392,0.720591,0.7602,0.71643,0.727608,0.77181,0.802625,0.76384,0.912114
3.092,2.58481,0.771389,0.749699,0.721763,0.760414,0.717798,0.728398,0.77262,0.802686,0.764784,0.907664
3.0922,2.57776,0.771528,0.749063,0.722314,0.761548,0.719272,0.729139,0.773373,0.802057,0.766899,0.904222
3.0924,2.57027,0.771916,0.747147,0.722494,0.762846,0.720426,0.729794,0.774663,0.801262,0.769613,0.900724
3.0926,2.56182,0.772754,0.744615,0.722614,0.763586,0.720988,0.731022,0.777041,0.801461,0.771733,0.896484
3.0928,2.55306,0.773814,0.743068,0.723102,0.763798,0.721259,0.732527,0.780253,0.802741,0.772673,0.891873
3.093,2.54446,0.774779,0.743162,0.723865,0.764006,0.721473,0.733889,0.783729,0.804266,0.772766,0.887305
3.0932,2.53707,0.77555,0.744474,0.724879,0.764613,0.72252,0.734904,0.786347,0.805092,0.773143,0.883485
3.0934,2.53105,0.776451,0.745181,0.726138,0.765777,0.72443,0.73636,0.788352,0.805188,0.774524,0.880863
3.0936,2.5258,0.77759,0.744547,0.727412,0.767475,0.726676,0.737857,0.790837,0.805013,0.777195,0.878894
3.0938,2.5209,0.779445,0.742966,0.728717,0.768882,0.729135,0.739278,0.794378,0.805609,0.78029,0.877359
3.094,2.5153,0.781639,0.741879,0.729668,0.76998,0.731685,0.740296,0.798558,0.807883,0.782765,0.875461
3.0942,2.50898,0.784023,0.742036,0.730413,0.770669,0.733837,0.741038,0.802589,0.810869,0.784065,0.872843
3.0944,2.50257,0.785975,0.743217,0.731153,0.771446,0.735108,0.74211,0.806098,0.81281,0.785515,0.87014
3.0946,2.49615,0.787735,0.744466,0.732049,0.772517,0.735641,0.743396,0.809246,0.812839,0.787965,0.867348
3.0948,2.49056,0.789438,0.744881,0.733418,0.7741,0.736096,0.744737,0.812495,0.811834,0.791209,0.865047
3.095,2.48596,0.790705,0.744314,0.734846,0.776235,0.737692,0.74607,0.815617,0.811225,0.794526,0.8636
3.0952,2.48165,0.791657,0.743723,0.735979,0.778396,0.740384,0.747275,0.818773,0.812641,0.796985,0.862439
3.0954,2.47785,0.792436,0.743658,0.736608,0.780066,0.743142,0.748945,0.822663,0.81522,0.797879,0.86168
3.0956,2.47339,0.793038,0.744059,0.736696,0.780878,0.744784,0.750988,0.826138,0.817503,0.798427,0.860634
3.0958,2.46837,0.793753,0.744728,0.73676,0.781464,0.745212,0.752911,0.828824,0.818744,0.799654,0.859013
3.096,2.46302,0.794674,0.745596,0.737469,0.782718,0.745152,0.754479,0.830109,0.818592,0.802249,0.8571
3.0962,2.45791,0.795759,0.746215,0.739073,0.784575,0.74557,0.755512,0.831329,0.81831,0.805523,0.855253
3.0964,2.45319,0.796772,0.746448,0.7413,0.786427,0.74723,0.756662,0.833837,0.819183,0.80851,0.853711
3.0966,2.44868,0.797363,0.746284,0.743563,0.787817,0.750124,0.757721,0.837951,0.820627,0.810147,0.852397
3.0968,2.44397,0.79765,0.746143,0.745429,0.788967,0.752882,0.7587,0.841174,0.822142,0.81098,0.850967
3.097,2.43921,0.797709,0.74626,0.746669,0.790352,0.754571,0.759605,0.841834,0.823233,0.81181,0.849438
3.0972,2.43434,0.797882,0.746579,0.747427,0.791925,0.754913,0.761051,0.840409,0.824152,0.813031,0.847854
3.0974,2.42949,0.798374,0.746658,0.748343,0.793413,0.7546,0.763087,0.839198,0.825394,0.814585,0.846222
3.0976,2.42497,0.79885,0.746205,0.749848,0.794682,0.754559,0.764785,0.840799,0.827017,0.815972,0.844782
3.0978,2.42058,0.799436,0.74567,0.751522,0.794987,0.756019,0.765768,0.845272,0.828141,0.816834,0.84355
3.098,2.41594,0.800414,0.745573,0.752742,0.794423,0.758467,0.765885,0.849522,0.828308,0.817378,0.842141
3.0982,2.41087,0.801827,0.745697,0.75322,0.793466,0.760622,0.765667,0.851144,0.828113,0.818077,0.840441
3.0984,2.40497,0.803215,0.745528,0.75324,0.792756,0.761866,0.765471,0.849992,0.828354,0.819009,0.838144
3.0986,2.39879,0.803804,0.745332,0.753489,0.793092,0.762307,0.765788,0.848579,0.829333,0.820186,0.835444
3.0988,2.39272,0.803834,0.744913,0.754469,0.794677,0.762485,0.76676,0.848707,0.831077,0.821256,0.832856
3.099,2.38697,0.804134,0.74411,0.756128,0.796495,0.763353,0.767907,0.850443,0.832823,0.822555,0.830397
3.0992,2.38175,0.806024,0.743087,0.758024,0.797396,0.765243,0.768728,0.852646,0.834503,0.824296,0.828414
3.0994,2.37676,0.808985,0.742468,0.759656,0.79698,0.767418,0.769608,0.854415,0.835796,0.825691,0.826621
3.0996,2.37165,0.811262,0.741727,0.760683,0.795643,0.768657,0.770597,0.855224,0.835791,0.826199,0.824868
3.0998,2.36574,0.811787,0.740272,0.761064,0.794293,0.769134,0.771062,0.855172,0.834843,0.826078,0.822581
3.1,2.35869,0.811135,0.738329,0.761087,0.793813,0.769061,0.770753,0.855155,0.834018,0.825573,0.819457
3.1002,2.3509,0.810422,0.736143,0.761276,0.794129,0.768809,0.770084,0.855946,0.833848,0.825735,0.815588
3.1004,2.34342,0.810243,0.733878,0.761941,0.79461,0.768487,0.769419,0.857694,0.834762,0.826259,0.811783
3.1006,2.33702,0.810774,0.732339,0.762997,0.794429,0.768342,0.769398,0.859604,0.836047,0.826024,0.808756
3.1008,2.33114,0.811322,0.73194,0.763795,0.793584,0.768794,0.770452,0.860848,0.836995,0.824428,0.806325
3.101,2.32511,0.811229,0.731882,0.763661,0.792185,0.769324,0.771735,0.861035,0.837084,0.822448,0.803881
3.1012,2.3185,0.811023,0.731081,0.762724,0.790775,0.769348,0.772385,0.860236,0.836624,0.821302,0.801062
3.1014,2.31094,0.811404,0.728968,0.761817,0.78956,0.76931,0.771946,0.859285,0.83644,0.821122,0.797527
3.1016,2.30325,0.812344,0.726078,0.761613,0.788239,0.769077,0.770725,0.858944,0.836604,0.821591,0.793696
3.1018,2.29576,0.813214,0.722974,0.761941,0.786844,0.768753,0.769609,0.85937,0.836604,0.821728,0.790051
3.102,2.28851,0.81326,0.720515,0.762718,0.785247,0.768616,0.769363,0.860106,0.836657,0.821078,0.786565
3.1022,2.28167,0.812326,0.719021,0.76322,0.783866,0.768268,0.770126,0.860533,0.836681,0.819988,0.783428
3.1024,2.27447,0.810608,0.717985,0.762869,0.782733,0.767868,0.771231,0.860399,0.836007,0.819075,0.780208
3.1026,2.2667,0.809094,0.716468,0.761906,0.78177,0.767375,0.771627,0.860054,0.835449,0.818668,0.776459
3.1028,2.25942,0.808405,0.71392,0.760868,0.780212,0.767172,0.771564,0.860108,0.836103,0.818619,0.772916
3.103,2.25266,0.808614,0.711193,0.760015,0.778157,0.766922,0.771158,0.860793,0.837028,0.818468,0.769884
3.1032,2.24584,0.809084,0.708853,0.759524,0.776356,0.766111,0.770369,0.86143,0.836946,0.817874,0.766915
3.1034,2.23837,0.808669,0.707005,0.759259,0.775311,0.764987,0.769958,0.860894,0.835982,0.817047,0.763569
3.1036,2.22995,0.807441,0.705497,0.759075,0.775114,0.764246,0.769909,0.86025,0.834601,0.816105,0.759472
3.1038,2.22133,0.806225,0.703954,0.758869,0.775443,0.763781,0.770149,0.859781,0.833554,0.815156,0.755044
3.104,2.21338,0.805457,0.70211,0.758624,0.775704,0.763455,0.770184,0.859392,0.833647,0.814387,0.751019
3.1042,2.20647,0.80561,0.700286,0.758418,0.776159,0.763315,0.76988,0.858105,0.83468,0.813827,0.747793
3.1044,2.20037,0.806448,0.698501,0.758364,0.776612,0.763033,0.769417,0.855272,0.83582,0.813336,0.745306
3.1046,2.1944,0.806878,0.696707,0.758545,0.776131,0.762737,0.769186,0.851552,0.83582,0.812965,0.743063
3.1048,2.18794,0.805734,0.695026,0.759627,0.774952,0.762239,0.768907,0.848742,0.834967,0.812807,0.740522
3.105,2.18072,0.803431,0.693377,0.761097,0.774506,0.761309,0.768708,0.847948,0.833489,0.812847,0.737431
3.1052,2.17349,0.801603,0.691777,0.76189,0.775098,0.760555,0.768426,0.847244,0.832599,0.812994,0.734046
3.1054,2.16726,0.801988,0.690489,0.761905,0.776307,0.760054,0.76813,0.845078,0.832978,0.813087,0.731406
3.1056,2.16177,0.803683,0.689574,0.761596,0.777491,0.760146,0.767877,0.84201,0.833434,0.813012,0.729395
3.1058,2.15657,0.804682,0.688922,0.761387,0.777637,0.760639,0.767483,0.839686,0.833481,0.813189,0.727743
3.106,2.15095,0.803671,0.688268,0.761777,0.776818,0.760572,0.76722,0.838502,0.832996,0.813956,0.725828
3.1062,2.1453,0.801659,0.687415,0.762607,0.776128,0.759596,0.76713,0.837091,0.832937,0.814557,0.723803
3.1064,2.13962,0.800462,0.686563,0.763288,0.776045,0.758079,0.767364,0.835223,0.833469,0.813841,0.721725
3.1066,2.13461,0.800498,0.685974,0.763565,0.776312,0.756767,0.767984,0.833353,0.834615,0.811886,0.720043
3.1068,2.13004,0.801143,0.685687,0.763888,0.776698,0.755951,0.768609,0.832229,0.835345,0.809508,0.718793
3.107,2.12596,0.801671,0.685868,0.764843,0.776918,0.75577,0.768972,0.832869,0.834826,0.80776,0.717877
3.1072,2.122,0.80167,0.685947,0.766255,0.776952,0.755909,0.769378,0.833955,0.83331,0.807597,0.717134
3.1074,2.1182,0.801161,0.685415,0.767223,0.776996,0.75578,0.770127,0.835131,0.832034,0.809253,0.716488
3.1076,2.11417,0.800584,0.684826,0.767475,0.778002,0.754676,0.771057,0.835643,0.831935,0.811162,0.715714
3.1078,2.11004,0.800392,0.684612,0.767055,0.779972,0.752974,0.772051,0.836574,0.833243,0.811289,0.714811
3.108,2.1057,0.800775,0.68503,0.766415,0.781446,0.751622,0.772992,0.837776,0.835449,0.809436,0.71374
3.1082,2.10163,0.801686,0.686553,0.766063,0.78092,0.751979,0.774031,0.839799,0.837468,0.806517,0.712755
3.1084,2.09838,0.802839,0.688423,0.766151,0.778168,0.75407,0.77464,0.842736,0.838758,0.804281,0.712252
3.1086,2.09637,0.803936,0.689473,0.766293,0.774766,0.756845,0.775081,0.845431,0.839431,0.803819,0.712752
3.1088,2.09469,0.805157,0.689762,0.766203,0.772976,0.758557,0.776139,0.846942,0.839398,0.805035,0.713634
3.109,2.09285,0.806215,0.689861,0.765935,0.773617,0.758481,0.777566,0.848206,0.838711,0.806609,0.714498
3.1092,2.09007,0.80693,0.690495,0.765734,0.775618,0.757543,0.778908,0.850513,0.837987,0.80721,0.714649
3.1094,2.08701,0.807283,0.69225,0.765873,0.777382,0.756804,0.779867,0.854424,0.838482,0.806489,0.714411
3.1096,2.08437,0.807397,0.694753,0.766306,0.777568,0.757012,0.78073,0.858289,0.840316,0.804988,0.714314
3.1098,2.08271,0.808021,0.696988,0.767028,0.776313,0.758392,0.78144,0.860935,0.842396,0.803876,0.714954
3.11,2.08187,0.808956,0.698324,0.767921,0.774929,0.760747,0.782126,0.862132,0.843548,0.80407,0.716181
3.1102,2.08155,0.80994,0.699116,0.768889,0.774635,0.762805,0.783003,0.863147,0.843351,0.805659,0.717988
3.1104,2.08073,0.811481,0.700064,0.769928,0.775783,0.764106,0.784287,0.865434,0.842416,0.807963,0.719425
3.1106,2.07983,0.813047,0.701852,0.771079,0.77786,0.764658,0.785795,0.868986,0.841958,0.810023,0.720715
3.1108,2.07846,0.814494,0.704168,0.772372,0.779905,0.764992,0.787063,0.872644,0.842883,0.811297,0.72171
3.111,2.07693,0.815672,0.706363,0.773489,0.78124,0.765877,0.788126,0.875578,0.844962,0.812056,0.722359
3.1112,2.07614,0.81616,0.707872,0.774518,0.782312,0.767359,0.789264,0.877756,0.847483,0.812871,0.723474
3.1114,2.07589,0.816393,0.708493,0.775616,0.78354,0.769011,0.790269,0.879699,0.849205,0.813824,0.725068
3.1116,2.07581,0.817029,0.70884,0.776631,0.784983,0.770165,0.791021,0.881874,0.849449,0.815245,0.726795
3.1118,2.07557,0.818237,0.709627,0.777349,0.786491,0.770961,0.791379,0.884224,0.848689,0.817259,0.72848
3.112,2.07461,0.819903,0.711297,0.777683,0.787504,0.771751,0.791481,0.886227,0.847644,0.819188,0.729621
3.1122,2.07334,0.821895,0.713657,0.777786,0.787724,0.77253,0.791905,0.887822,0.84732,0.820432,0.730363
3.1124,2.07219,0.823418,0.716283,0.77807,0.787756,0.773788,0.792637,0.88897,0.84812,0.820971,0.731119
3.1126,2.07147,0.823707,0.718169,0.778762,0.788293,0.775349,0.793676,0.889772,0.849567,0.821245,0.732109
3.1128,2.07148,0.823306,0.719368,0.779842,0.789759,0.776702,0.795588,0.890749,0.851139,0.821849,0.733632
3.113,2.0718,0.823553,0.720403,0.781171,0.792048,0.777246,0.797906,0.891429,0.85194,0.823198,0.735491
3.1132,2.0719,0.82489,0.721162,0.782545,0.794377,0.777413,0.799985,0.892797,0.851535,0.825248,0.737228
3.1134,2.07139,0.826942,0.721999,0.78375,0.796209,0.777451,0.801266,0.894633,0.850242,0.827574,0.738478
3.1136,2.07094,0.828927,0.723152,0.784583,0.797217,0.777679,0.801619,0.895679,0.849782,0.829712,0.739607
3.1138,2.07046,0.830202,0.724259,0.784943,0.797528,0.778354,0.8016,0.894743,0.851088,0.831165,0.740737
3.114,2.07006,0.830577,0.725004,0.785011,0.797617,0.779834,0.80189,0.893692,0.853065,0.831793,0.741874
3.1142,2.06944,0.8306,0.725741,0.785207,0.798167,0.781803,0.802641,0.894088,0.854915,0.832518,0.74292
3.1144,2.0687,0.831374,0.726354,0.785758,0.799312,0.783464,0.803442,0.896581,0.856222,0.833398,0.743717
3.1146,2.06811,0.832673,0.726838,0.786477,0.800544,0.784282,0.803717,0.898607,0.856902,0.834796,0.744655
3.1148,2.06755,0.833639,0.727353,0.787161,0.801698,0.784439,0.803362,0.898245,0.856882,0.835868,0.745555
3.115,2.06702,0.834044,0.728148,0.787241,0.802302,0.784351,0.802543,0.89672,0.856497,0.836558,0.746538
3.1152,2.06602,0.834374,0.728764,0.786592,0.802251,0.784687,0.801739,0.896607,0.856024,0.83674,0.747175
3.1154,2.06459,0.834802,0.728884,0.785504,0.802014,0.785589,0.801128,0.898393,0.855641,0.836591,0.747448
3.1156,2.0629,0.835808,0.728479,0.784586,0.802317,0.786646,0.800596,0.901616,0.855744,0.836279,0.747433
3.1158,2.06111,0.83712,0.727847,0.784491,0.80301,0.787701,0.799941,0.903904,0.856692,0.836125,0.747341
3.116,2.05945,0.838184,0.727533,0.78502,0.803848,0.78866,0.799193,0.904047,0.858031,0.836105,0.747247
3.1162,2.05752,0.83814,0.727811,0.785954,0.804143,0.78948,0.798346,0.903335,0.859283,0.836386,0.747138
3.1164,2.05491,0.837428,0.728138,0.786165,0.804338,0.79005,0.797474,0.902914,0.859754,0.836159,0.746407
3.1166,2.0523,0.837241,0.7285,0.785026,0.805055,0.790732,0.796598,0.904065,0.859849,0.835339,0.745589
3.1168,2.04992,0.838327,0.728772,0.78315,0.806397,0.791595,0.795961,0.906463,0.859684,0.834208,0.744886
3.117,2.04773,0.839937,0.728616,0.781541,0.807445,0.792305,0.795862,0.908471,0.859476,0.833378,0.744403
3.1172,2.04544,0.840428,0.727768,0.780843,0.807251,0.792213,0.795482,0.909487,0.859408,0.832861,0.743877
3.1174,2.04221,0.840076,0.726215,0.780868,0.805975,0.791364,0.794095,0.91009,0.859485,0.832896,0.7428
3.1176,2.03816,0.839094,0.724774,0.78097,0.804401,0.790426,0.791895,0.91025,0.859627,0.833157,0.740931
3.1178,2.03401,0.837663,0.723703,0.780613,0.803554,0.79008,0.78991,0.909979,0.859847,0.833012,0.738904
3.118,2.03034,0.836445,0.722779,0.77969,0.80379,0.790147,0.788734,0.910346,0.860454,0.832082,0.737076
3.1182,2.02783,0.836412,0.721646,0.778638,0.804329,0.789853,0.78831,0.91088,0.861088,0.830548,0.736162
3.1184,2.02547,0.837453,0.720599,0.777986,0.804597,0.788849,0.788242,0.911221,0.861146,0.829216,0.735585
3.1186,2.02237,0.838295,0.719356,0.777966,0.804049,0.787175,0.788114,0.911403,0.861012,0.828874,0.734603
3.1188,2.01807,0.838668,0.718403,0.778473,0.80286,0.78533,0.787752,0.911327,0.861309,0.829298,0.732638
3.119,2.01326,0.838386,0.718088,0.779183,0.801745,0.784,0.787282,0.910935,0.862041,0.829925,0.730156
3.1192,2.0086,0.837472,0.718207,0.779605,0.801103,0.783399,0.786959,0.910438,0.863216,0.830191,0.727681
3.1194,2.00442,0.835885,0.717635,0.77937,0.800601,0.783199,0.786784,0.910194,0.864101,0.829588,0.725562
3.1196,2.00051,0.83474,0.715705,0.778969,0.800284,0.782493,0.786507,0.910521,0.863737,0.82853,0.723754
3.1198,1.99651,0.83459,0.712926,0.778982,0.79994,0.780735,0.786405,0.911143,0.862136,0.828142,0.721892
3.12,1.99236,0.834933,0.710287,0.779382,0.79914,0.777925,0.786525,0.911297,0.860077,0.828544,0.719983
3.1202,1.98805,0.834798,0.708258,0.779644,0.798082,0.774799,0.786646,0.910407,0.859074,0.829024,0.717874
3.1204,1.98404,0.834077,0.706867,0.779503,0.797174,0.772344,0.786692,0.908466,0.859804,0.828698,0.71593
3.1206,1.98025,0.832969,0.705615,0.779523,0.796524,0.770992,0.786915,0.906159,0.861358,0.82715,0.714264
3.1208,1.9767,0.831798,0.704113,0.780049,0.79586,0.770381,0.787269,0.904922,0.862896,0.825021,0.712677
3.121,1.97341,0.830918,0.702534,0.780981,0.795169,0.769833,0.787609,0.904449,0.862979,0.823523,0.711415
3.1212,1.96994,0.830508,0.701139,0.782087,0.79486,0.768884,0.787977,0.903609,0.86125,0.823403,0.710002
3.1214,1.96646,0.83031,0.699982,0.783298,0.795051,0.767538,0.78851,0.901375,0.858967,0.824362,0.708607
3.1216,1.96272,0.829669,0.698916,0.784249,0.795579,0.766177,0.789196,0.898169,0.857772,0.825441,0.707025
3.1218,1.95913,0.82845,0.697811,0.784232,0.796011,0.765282,0.789788,0.895429,0.858218,0.825796,0.705444
3.122,1.9559,0.827052,0.696493,0.783386,0.796088,0.765457,0.789933,0.893857,0.859384,0.82522,0.704186
3.1222,1.95266,0.825717,0.695913,0.782408,0.795565,0.766673,0.789447,0.892598,0.859631,0.824109,0.702966
3.1224,1.94957,0.824525,0.696461,0.781784,0.79439,0.7678,0.788637,0.890719,0.859245,0.823238,0.701771
3.1226,1.94689,0.823541,0.69751,0.781899,0.793161,0.767801,0.788096,0.888427,0.858581,0.823174,0.700935
3.1228,1.94422,0.823279,0.697936,0.783113,0.792185,0.767043,0.787999,0.88662,0.857916,0.823773,0.700133
3.123,1.94188,0.82393,0.696498,0.784904,0.791869,0.766073,0.788164,0.885772,0.857553,0.824358,0.699515
3.1232,1.93984,0.824431,0.693483,0.785762,0.792427,0.76542,0.788254,0.884983,0.85729,0.824309,0.699174
3.1234,1.93788,0.823985,0.690181,0.785699,0.793203,0.766168,0.788026,0.883807,0.856826,0.823377,0.698891
3.1236,1.93617,0.823039,0.688416,0.785071,0.793194,0.768022,0.787203,0.882827,0.856479,0.822136,0.698772
3.1238,1.93452,0.821995,0.689057,0.784529,0.791645,0.769695,0.785943,0.882326,0.856581,0.820945,0.69875
3.124,1.93293,0.821156,0.691172,0.784439,0.78917,0.770746,0.78534,0.882625,0.856699,0.82032,0.698698
3.1242,1.93174,0.820787,0.693068,0.785254,0.787054,0.771168,0.785401,0.883622,0.856874,0.820445,0.698941
3.1244,1.93067,0.821139,0.694961,0.786359,0.786392,0.77171,0.785478,0.884866,0.856631,0.82095,0.699281
3.1246,1.93009,0.822534,0.696105,0.78758,0.787314,0.772383,0.785174,0.885827,0.856276,0.821016,0.699909
3.1248,1.93017,0.824084,0.695657,0.788541,0.787844,0.773169,0.784588,0.886508,0.856295,0.820156,0.701061
3.125,1.93045,0.825299,0.69394,0.788577,0.787135,0.774442,0.783748,0.887671,0.857283,0.819746,0.702404
3.1252,1.93082,0.825492,0.692488,0.787854,0.785458,0.775885,0.783218,0.889749,0.85887,0.821124,0.703848
3.1254,1.93083,0.825328,0.692557,0.786949,0.783838,0.776793,0.783142,0.892352,0.859675,0.823026,0.705069
3.1256,1.93011,0.825185,0.694153,0.786374,0.782883,0.777598,0.783764,0.894419,0.859107,0.824294,0.705732
3.1258,1.92919,0.825187,0.696151,0.786672,0.782828,0.778827,0.784537,0.895739,0.858165,0.824084,0.706053
3.126,1.92883,0.825646,0.697641,0.787513,0.783409,0.779919,0.785163,0.897297,0.857531,0.822454,0.706691
3.1262,1.92915,0.826489,0.698088,0.788242,0.783774,0.780876,0.785258,0.899785,0.857972,0.820794,0.707839
3.1264,1.93059,0.827466,0.698073,0.788528,0.783406,0.781758,0.785543,0.902138,0.85959,0.820268,0.709759
3.1266,1.93224,0.828588,0.698593,0.788518,0.782646,0.782171,0.786229,0.903677,0.861317,0.821103,0.712104
3.1268,1.93353,0.830024,0.700109,0.78873,0.782028,0.782875,0.787153,0.904729,0.862422,0.822881,0.714144
3.127,1.93411,0.831368,0.702544,0.789237,0.781921,0.784242,0.788156,0.906202,0.862398,0.824653,0.71567
3.1272,1.93463,0.832123,0.705284,0.789609,0.782476,0.786474,0.789225,0.90856,0.862261,0.8257,0.716917
3.1274,1.93556,0.832414,0.707538,0.789604,0.783546,0.788639,0.790299,0.911468,0.862659,0.826106,0.718433
3.1276,1.93707,0.832801,0.708959,0.789255,0.784755,0.789674,0.791385,0.914144,0.863256,0.826405,0.720382
3.1278,1.93851,0.833753,0.709976,0.789334,0.786002,0.789434,0.792659,0.916188,0.864291,0.82692,0.722404
3.128,1.93975,0.835307,0.711364,0.790348,0.787137,0.788679,0.79415,0.917876,0.865475,0.827862,0.72419
3.1282,1.94093,0.837205,0.7136,0.791351,0.787946,0.788444,0.79529,0.91959,0.866695,0.829116,0.725887
3.1284,1.94224,0.838604,0.716204,0.79139,0.788972,0.789225,0.795723,0.921588,0.867187,0.830326,0.727652
3.1286,1.94335,0.839194,0.718497,0.790309,0.790368,0.791064,0.79579,0.923264,0.866852,0.831306,0.729306
3.1288,1.94422,0.839394,0.71998,0.788666,0.79189,0.792955,0.795903,0.924231,0.865895,0.832126,0.730717
3.129,1.94497,0.840029,0.72078,0.787509,0.792885,0.794144,0.79651,0.924945,0.864999,0.832987,0.732034
3.1292,1.94554,0.841197,0.721666,0.787696,0.793183,0.793774,0.797789,0.925312,0.864933,0.833878,0.7331
3.1294,1.94698,0.842823,0.723419,0.788734,0.793567,0.792142,0.799504,0.9261,0.865619,0.834855,0.734649
3.1296,1.94912,0.844191,0.725918,0.79027,0.794616,0.790554,0.801128,0.92728,0.866356,0.83597,0.736889
3.1298,1.95127,0.845265,0.728541,0.791669,0.796354,0.789693,0.802268,0.929221,0.866554,0.837293,0.739182
3.13,1.95272,0.845931,0.730785,0.791699,0.79833,0.790128,0.803025,0.929872,0.866225,0.838901,0.741109
3.1302,1.95327,0.846749,0.732336,0.790361,0.800038,0.791404,0.803849,0.929787,0.865929,0.84072,0.742167
3.1304,1.95375,0.847791,0.733305,0.788757,0.801076,0.792834,0.805062,0.929507,0.866292,0.842456,0.743063
3.1306,1.95436,0.849054,0.734181,0.788003,0.80148,0.793433,0.806568,0.929345,0.867416,0.843752,0.744036
3.1308,1.95507,0.85021,0.735366,0.788345,0.80177,0.793149,0.808098,0.928756,0.868752,0.844428,0.745046
3.131,1.95606,0.850914,0.736922,0.789402,0.802247,0.792234,0.809292,0.92847,0.869423,0.84466,0.746265
3.1312,1.95672,0.851366,0.738627,0.790329,0.802989,0.790767,0.809913,0.9296,0.869101,0.845,0.747352
3.1314,1.95716,0.851948,0.739758,0.79063,0.803566,0.789215,0.809884,0.932317,0.868185,0.845915,0.748142
3.1316,1.95803,0.852673,0.739984,0.790156,0.803862,0.788203,0.809448,0.934987,0.867178,0.846815,0.749153
3.1318,1.95906,0.852824,0.739443,0.788955,0.803688,0.788072,0.808919,0.934838,0.866489,0.847325,0.750391
3.132,1.96025,0.852196,0.738714,0.78771,0.803248,0.788567,0.808638,0.932497,0.866159,0.84731,0.751681
3.1322,1.96107,0.850975,0.738394,0.787309,0.802766,0.789111,0.808778,0.930787,0.866083,0.846639,0.752853
3.1324,1.96152,0.849899,0.738555,0.788028,0.802245,0.789275,0.809038,0.931578,0.866405,0.845962,0.753593
3.1326,1.96188,0.849715,0.738931,0.789635,0.802024,0.789077,0.809444,0.934295,0.866902,0.845559,0.754295
3.1328,1.96166,0.850336,0.738798,0.790668,0.802193,0.788911,0.809532,0.936864,0.866851,0.845471,0.754577
3.133,1.96178,0.85113,0.737852,0.790529,0.80261,0.789251,0.809395,0.937948,0.865877,0.845415,0.754858
3.1332,1.96262,0.850811,0.736179,0.789806,0.802232,0.790125,0.809474,0.937996,0.864539,0.845414,0.755772
3.1334,1.96328,0.849211,0.734487,0.78884,0.801057,0.790903,0.809086,0.938402,0.863593,0.84554,0.756712
3.1336,1.96314,0.846735,0.733749,0.787895,0.799602,0.791542,0.807892,0.940178,0.863098,0.845687,0.757119
3.1338,1.96199,0.844856,0.734177,0.78724,0.798656,0.792267,0.806358,0.942892,0.862536,0.845281,0.7567
3.134,1.96016,0.844302,0.735269,0.786995,0.798315,0.79277,0.804994,0.944802,0.861836,0.844362,0.755671
3.1342,1.95829,0.845351,0.735738,0.78703,0.798914,0.792863,0.804055,0.945673,0.860817,0.843092,0.754492
3.1344,1.95669,0.846632,0.734519,0.78742,0.799997,0.792516,0.803498,0.946433,0.859558,0.841814,0.753505
3.1346,1.95546,0.84622,0.731859,0.787944,0.800465,0.791848,0.802988,0.946882,0.858331,0.840966,0.752797
3.1348,1.95453,0.843714,0.728981,0.787928,0.799572,0.791209,0.802208,0.946722,0.85725,0.840574,0.75237
3.135,1.95342,0.840272,0.727021,0.787351,0.797982,0.791036,0.801141,0.946305,0.856359,0.840424,0.751915
3.1352,1.95173,0.837467,0.726444,0.786118,0.796437,0.791413,0.800097,0.946004,0.855787,0.84028,0.751049
3.1354,1.94949,0.836296,0.726792,0.784899,0.795512,0.791978,0.799465,0.946186,0.855536,0.839969,0.749734
3.1356,1.94674,0.83659,0.727016,0.784573,0.795433,0.792332,0.799438,0.9467,0.855464,0.839569,0.748032
3.1358,1.94425,0.83731,0.726363,0.785436,0.796026,0.792238,0.799878,0.946961,0.855427,0.839324,0.746277
3.136,1.94273,0.8374,0.724853,0.786575,0.796703,0.79156,0.800238,0.946796,0.855376,0.839304,0.745336
3.1362,1.94127,0.836521,0.722912,0.786952,0.796776,0.790501,0.800012,0.946617,0.855405,0.839223,0.744631
3.1364,1.93929,0.835083,0.721078,0.786156,0.796239,0.789537,0.79936,0.946801,0.855205,0.838929,0.743579
3.1366,1.93653,0.833679,0.719664,0.784478,0.795618,0.789274,0.798705,0.947028,0.854924,0.838582,0.741991
3.1368,1.93287,0.832566,0.71854,0.783064,0.795005,0.789217,0.798407,0.94674,0.855023,0.838125,0.739688
3.137,1.9289,0.831975,0.717614,0.782455,0.794323,0.788354,0.79852,0.945873,0.855518,0.837469,0.736974
3.1372,1.92584,0.831747,0.716725,0.782607,0.794002,0.786767,0.799123,0.944343,0.855762,0.836686,0.734816
3.1374,1.92363,0.831258,0.715685,0.782745,0.793983,0.78468,0.799866,0.941951,0.855564,0.835808,0.733385
3.1376,1.92246,0.830196,0.714606,0.782283,0.7944,0.782555,0.800027,0.940127,0.854638,0.834999,0.73277
3.1378,1.92122,0.82876,0.713644,0.78152,0.794853,0.780841,0.799676,0.938774,0.853383,0.83447,0.732374
3.138,1.91927,0.827375,0.712778,0.781081,0.795148,0.780003,0.798888,0.938169,0.852557,0.834348,0.731496
3.1382,1.91628,0.826425,0.711999,0.781431,0.795456,0.78009,0.798612,0.937328,0.852579,0.834579,0.729815
3.1384,1.91282,0.826038,0.711359,0.782309,0.795551,0.779641,0.799436,0.935346,0.853179,0.834952,0.727654
3.1386,1.90938,0.826066,0.710759,0.782953,0.795478,0.778712,0.800813,0.932008,0.853828,0.835274,0.725368
3.1388,1.90744,0.826216,0.710062,0.782623,0.79523,0.778344,0.80144,0.927902,0.854035,0.835362,0.724035
3.139,1.90682,0.826253,0.709351,0.781342,0.7949,0.777875,0.800999,0.92494,0.85348,0.835174,0.723881
3.1392,1.9065,0.825973,0.709189,0.779725,0.794384,0.776352,0.800025,0.923573,0.852627,0.834833,0.724196
3.1394,1.90553,0.825132,0.710519,0.778999,0.793633,0.773968,0.799302,0.922916,0.852468,0.834409,0.724105
3.1396,1.90369,0.824145,0.711905,0.779598,0.792776,0.771808,0.799594,0.921684,0.853172,0.834109,0.723379
3.1398,1.90133,0.823631,0.711378,0.780678,0.792103,0.770478,0.800884,0.919501,0.853793,0.833727,0.722029
3.14,1.89963,0.823699,0.709001,0.781435,0.791818,0.769916,0.80252,0.916963,0.853323,0.833135,0.721106
3.1402,1.89852,0.823807,0.706099,0.781064,0.791843,0.769702,0.803657,0.914965,0.852013,0.83288,0.720609
3.1404,1.89855,0.82362,0.704433,0.779733,0.792896,0.770185,0.804558,0.914066,0.850422,0.832911,0.72092
3.1406,1.89973,0.823268,0.705405,0.778911,0.794483,0.771683,0.805221,0.914112,0.849985,0.833493,0.722189
3.1408,1.90081,0.822881,0.708364,0.779159,0.794624,0.772862,0.805836,0.914617,0.850332,0.834126,0.723659
3.141,1.90108,0.822367,0.711005,0.780357,0.793105,0.772927,0.806609,0.915256,0.850557,0.834259,0.724522
3.1412,1.90047,0.82182,0.711313,0.781831,0.79098,0.772398,0.80771,0.915893,0.849659,0.834046,0.724635
3.1414,1.90026,0.821422,0.709459,0.782671,0.789823,0.772029,0.808955,0.916526,0.847985,0.833345,0.72478
3.1416,1.90073,0.821523,0.706862,0.782301,0.789999,0.772308,0.809915,0.917291,0.846625,0.833316,0.725471
3.1418,1.90189,0.822477,0.705445,0.781261,0.791114,0.773112,0.810506,0.918316,0.848107,0.835446,0.726722
3.142,1.9032,0.82336,0.706474,0.780557,0.791737,0.77411,0.811061,0.919906,0.85087,0.838393,0.728186
3.1422,1.90413,0.823481,0.709379,0.780728,0.791224,0.774888,0.811642,0.922288,0.851808,0.840165,0.729452
3.1424,1.90452,0.822592,0.712307,0.781227,0.790307,0.775224,0.812231,0.925135,0.850004,0.839609,0.730186
3.1426,1.90552,0.821291,0.713713,0.781577,0.789682,0.775644,0.812494,0.927584,0.846805,0.837414,0.731196
3.1428,1.90716,0.820461,0.713435,0.781244,0.790093,0.776769,0.812665,0.929002,0.844329,0.835852,0.732701
3.143,1.90982,0.820643,0.713214,0.780187,0.791518,0.778722,0.812639,0.929179,0.843935,0.835985,0.734926
3.1432,1.91258,0.821693,0.715133,0.778923,0.793856,0.78073,0.812327,0.929486,0.845235,0.837987,0.73753
3.1434,1.91456,0.822843,0.718859,0.778344,0.796257,0.782625,0.812017,0.931042,0.846794,0.841038,0.739494
3.1436,1.91579,0.823547,0.723268,0.778467,0.797744,0.783765,0.811935,0.933819,0.84736,0.843446,0.740931
3.1438,1.91645,0.823856,0.726782,0.778758,0.79812,0.783641,0.81187,0.936604,0.846834,0.844378,0.7417
3.144,1.91793,0.824201,0.729119,0.778636,0.798001,0.783442,0.812007,0.938377,0.846119,0.844281,0.742892
3.1442,1.92033,0.824983,0.730626,0.777755,0.798272,0.784163,0.812207,0.939315,0.846182,0.844119,0.744877
3.1444,1.92311,0.826391,0.731471,0.775968,0.798799,0.786201,0.812455,0.940488,0.847748,0.844789,0.747202
3.1446,1.92569,0.828499,0.732322,0.77402,0.799767,0.788842,0.812138,0.942784,0.850627,0.846375,0.749516
3.1448,1.92737,0.83075,0.733797,0.773106,0.801295,0.790795,0.811183,0.945855,0.852969,0.848111,0.751181
3.145,1.92836,0.832256,0.735809,0.77335,0.803159,0.791251,0.81011,0.948287,0.853866,0.849342,0.752181
3.1452,1.92968,0.833214,0.73817,0.773734,0.804477,0.79079,0.809537,0.949551,0.85342,0.850231,0.753248
3.1454,1.93203,0.834235,0.74069,0.77344,0.805014,0.790814,0.809368,0.950681,0.852613,0.851144,0.754953
3.1456,1.9354,0.835285,0.743051,0.772351,0.804379,0.792224,0.809328,0.951685,0.852574,0.851894,0.757551
3.1458,1.93904,0.836179,0.744804,0.771865,0.803006,0.794543,0.809196,0.95282,0.853671,0.852315,0.760484
3.146,1.94208,0.836872,0.745846,0.772598,0.801897,0.797125,0.808917,0.953669,0.855518,0.852452,0.763093
3.1462,1.94406,0.837317,0.746616,0.773632,0.801976,0.798673,0.808724,0.954593,0.857473,0.852572,0.764853
3.1464,1.94558,0.837748,0.747803,0.774113,0.802934,0.798833,0.808903,0.954707,0.858802,0.853083,0.766066
3.1466,1.94729,0.838711,0.749771,0.773782,0.803853,0.798273,0.809499,0.955072,0.859403,0.854275,0.767343
3.1468,1.94914,0.840413,0.75236,0.773047,0.804356,0.798053,0.810413,0.955606,0.858979,0.856051,0.768759
3.147,1.95113,0.842389,0.755039,0.772534,0.80427,0.798663,0.811319,0.956148,0.858542,0.857917,0.77025
3.1472,1.95285,0.844093,0.757121,0.772532,0.803353,0.79986,0.811754,0.95655,0.858549,0.859141,0.771664
3.1474,1.95385,0.845384,0.758181,0.772724,0.802099,0.801448,0.811907,0.957092,0.859435,0.859401,0.772489
3.1476,1.95453,0.84622,0.758484,0.773018,0.801375,0.802477,0.812455,0.957794,0.86091,0.859157,0.773014
3.1478,1.95504,0.846684,0.758498,0.77311,0.800946,0.802628,0.813338,0.957911,0.862011,0.858983,0.77333
3.148,1.95569,0.847332,0.75895,0.772781,0.800477,0.802572,0.814051,0.95684,0.86269,0.859325,0.77374
3.1482,1.95635,0.848711,0.759876,0.772382,0.800171,0.802806,0.814153,0.955896,0.862841,0.859944,0.774178
3.1484,1.95669,0.850617,0.760915,0.772352,0.800093,0.803363,0.813588,0.955573,0.86249,0.860416,0.774477
3.1486,1.9567,0.851526,0.76152,0.772953,0.79995,0.80389,0.812836,0.955653,0.86266,0.86024,0.77439
3.1488,1.95675,0.850944,0.761389,0.773558,0.799441,0.803958,0.812585,0.955509,0.863993,0.859776,0.774382
3.149,1.95629,0.849686,0.760849,0.773693,0.798622,0.80384,0.813175,0.95505,0.865976,0.858922,0.77405
3.1492,1.95534,0.848322,0.760498,0.773078,0.797863,0.8045,0.814375,0.954516,0.868048,0.858257,0.773307
3.1494,1.95411,0.847981,0.760868,0.772446,0.797613,0.805519,0.815548,0.954517,0.869117,0.857891,0.772311
3.1496,1.95269,0.849168,0.76169,0.772454,0.798057,0.805863,0.816305,0.955185,0.869383,0.857777,0.771177
3.1498,1.95129,0.85079,0.762587,0.772704,0.798996,0.805683,0.816579,0.956137,0.869039,0.857129,0.769987
3.15,1.94996,0.851032,0.762892,0.772581,0.800011,0.804788,0.816438,0.956988,0.869007,0.855806,0.768939
3.1502,1.94862,0.849737,0.762278,0.772023,0.80051,0.803987,0.816708,0.957681,0.869394,0.854096,0.767813
3.1504,1.94764,0.847299,0.76081,0.77118,0.800113,0.803552,0.817348,0.95839,0.870066,0.852787,0.766988
3.1506,1.94664,0.845894,0.759514,0.770323,0.799388,0.803207,0.818333,0.958998,0.871135,0.853895,0.766208
3.1508,1.94538,0.846486,0.758895,0.769943,0.798981,0.803206,0.818793,0.95966,0.87218,0.856425,0.765309
3.151,1.94394,0.847757,0.759008,0.770156,0.799036,0.803394,0.818005,0.960868,0.872302,0.858257,0.764191
3.1512,1.9427,0.847836,0.758973,0.770542,0.799339,0.803429,0.816038,0.961715,0.871712,0.857713,0.763212
3.1514,1.94157,0.846326,0.75802,0.770588,0.799494,0.803394,0.814214,0.96145,0.870829,0.8549,0.762319
3.1516,1.9407,0.844047,0.756338,0.770208,0.799132,0.802922,0.813192,0.960261,0.870699,0.851763,0.761641
3.1518,1.93962,0.8419,0.754528,0.769719,0.798304,0.80192,0.813302,0.958979,0.871176,0.849885,0.760928
3.152,1.93793,0.840748,0.753,0.769441,0.797474,0.801099,0.813875,0.958586,0.871848,0.849832,0.759787
3.1522,1.93578,0.840613,0.752076,0.769501,0.797086,0.800576,0.813711,0.959258,0.872745,0.851316,0.758216
3.1524,1.93374,0.840941,0.751672,0.769768,0.797296,0.800396,0.812393,0.960079,0.873456,0.853016,0.756631
3.1526,1.93248,0.841093,0.751049,0.769781,0.797944,0.800413,0.810506,0.960154,0.873133,0.853399,0.755563
3.1528,1.93168,0.840799,0.749871,0.769238,0.798541,0.800075,0.808541,0.959512,0.872727,0.852383,0.755003
3.153,1.93055,0.840121,0.748619,0.768386,0.798481,0.799064,0.806766,0.958906,0.872589,0.851291,0.754367
3.1532,1.92819,0.839176,0.747689,0.76763,0.797708,0.79781,0.8056,0.958721,0.872267,0.850788,0.752885
3.1534,1.925,0.838085,0.746766,0.76703,0.796763,0.796689,0.804856,0.958533,0.872453,0.85051,0.750622
3.1536,1.92158,0.837194,0.745374,0.766724,0.796162,0.795882,0.804093,0.959044,0.873086,0.850214,0.748068
3.1538,1.9193,0.836623,0.743525,0.766569,0.795646,0.795891,0.803034,0.959363,0.873139,0.849988,0.746146
3.154,1.91834,0.836366,0.741447,0.766007,0.794938,0.796598,0.8016,0.959193,0.872232,0.849754,0.745364
3.1542,1.91843,0.836646,0.739635,0.764884,0.793651,0.79728,0.800044,0.957627,0.871089,0.849459,0.745451
3.1544,1.91834,0.837299,0.7387,0.763855,0.79226,0.797332,0.798844,0.95577,0.869968,0.849704,0.745742
3.1546,1.91708,0.83756,0.738635,0.763312,0.791478,0.796759,0.798324,0.954021,0.869245,0.850286,0.745181
3.1548,1.91446,0.836865,0.738792,0.763811,0.791323,0.795988,0.798472,0.953232,0.869162,0.850539,0.743563
3.155,1.91165,0.835531,0.738462,0.765342,0.790946,0.795403,0.798973,0.95211,0.86962,0.850247,0.741464
3.1552,1.90986,0.834446,0.737449,0.766222,0.790519,0.795087,0.799482,0.950085,0.870088,0.849829,0.740055
3.1554,1.9094,0.834212,0.735978,0.765503,0.791326,0.794864,0.79982,0.947134,0.870138,0.849505,0.739672
3.1556,1.90944,0.834811,0.734522,0.763309,0.792874,0.794389,0.799804,0.944169,0.869957,0.849683,0.739927
3.1558,1.90963,0.835625,0.733895,0.760702,0.792988,0.793812,0.799697,0.941709,0.869565,0.851251,0.740278
3.156,1.90958,0.835834,0.734327,0.759084,0.790572,0.793152,0.799835,0.940638,0.869127,0.853589,0.740553
3.1562,1.90893,0.835212,0.734829,0.758774,0.787261,0.792324,0.800142,0.94178,0.868646,0.854429,0.740376
3.1564,1.90795,0.834345,0.734244,0.759157,0.785098,0.791177,0.800445,0.942517,0.86821,0.853163,0.739852
3.1566,1.90724,0.833794,0.732317,0.759308,0.784658,0.789899,0.800666,0.940748,0.86828,0.85059,0.739418
3.1568,1.90719,0.833556,0.729816,0.759396,0.785346,0.788571,0.80079,0.937364,0.86872,0.847842,0.739473
3.157,1.90769,0.833139,0.72814,0.760038,0.785708,0.787992,0.800976,0.93457,0.869227,0.846804,0.739993
3.1572,1.90851,0.832389,0.728261,0.760465,0.784954,0.78911,0.801409,0.934248,0.869626,0.848286,0.740789
3.1574,1.90969,0.831365,0.730099,0.760274,0.783601,0.790614,0.802038,0.935873,0.869537,0.851406,0.741892
3.1576,1.91037,0.830452,0.73189,0.760242,0.78272,0.790529,0.802885,0.937243,0.869245,0.853553,0.742725
3.1578,1.9114,0.830096,0.732065,0.760632,0.782968,0.788454,0.804139,0.93753,0.869197,0.852616,0.743573
3.158,1.91276,0.830554,0.730644,0.761373,0.784378,0.786365,0.805825,0.937364,0.869521,0.848585,0.744783
3.1582,1.91419,0.831595,0.72871,0.762315,0.786836,0.786652,0.807415,0.937403,0.869637,0.843771,0.746035
3.1584,1.91561,0.832424,0.727782,0.762748,0.788996,0.78873,0.808265,0.938276,0.869068,0.840526,0.747298
3.1586,1.91692,0.832153,0.72858,0.762356,0.790263,0.790592,0.808446,0.940188,0.86839,0.840873,0.748501
3.1588,1.91808,0.830763,0.730513,0.761645,0.790453,0.791071,0.808842,0.941891,0.86882,0.843799,0.749526
3.159,1.91926,0.829338,0.732469,0.76151,0.790133,0.790259,0.809862,0.942968,0.870134,0.847215,0.750558
3.1592,1.92073,0.829078,0.733554,0.761933,0.79033,0.789399,0.811507,0.944443,0.871043,0.84887,0.751688
3.1594,1.92308,0.829936,0.733683,0.762389,0.791653,0.789954,0.81257,0.946212,0.871504,0.847706,0.753437
3.1596,1.9262,0.831017,0.733591,0.762809,0.79309,0.792219,0.812187,0.947447,0.87224,0.844705,0.75581
3.1598,1.9294,0.832081,0.734984,0.762909,0.79379,0.795161,0.810709,0.948028,0.873009,0.841968,0.758424
3.16,1.93158,0.832559,0.738326,0.762073,0.794265,0.797574,0.809527,0.948346,0.873146,0.841263,0.7604
3.1602,1.93276,0.832709,0.742144,0.760486,0.79564,0.798934,0.809367,0.949022,0.87256,0.842945,0.761438
3.1604,1.93358,0.833494,0.745142,0.759142,0.797273,0.799423,0.810783,0.950798,0.871833,0.845848,0.76212
3.1606,1.9344,0.8353,0.746806,0.75857,0.798701,0.799452,0.81252,0.953553,0.871781,0.848235,0.762689
3.1608,1.93609,0.837799,0.748452,0.75868,0.799249,0.799526,0.813049,0.956064,0.87286,0.849033,0.763755
3.161,1.93901,0.839661,0.750367,0.758962,0.799263,0.800202,0.811947,0.957684,0.874705,0.848563,0.765767
3.1612,1.94315,0.840429,0.752205,0.759516,0.799723,0.801725,0.810139,0.958865,0.876565,0.848507,0.768726
3.1614,1.94735,0.840891,0.753913,0.760509,0.801122,0.8036,0.809006,0.96022,0.877446,0.849196,0.77208
3.1616,1.94986,0.841465,0.755295,0.761452,0.803286,0.804633,0.808887,0.961738,0.876606,0.851147,0.774321
3.1618,1.9505,0.842713,0.756509,0.76191,0.805281,0.804415,0.810264,0.963558,0.875361,0.85331,0.774981
3.162,1.9506,0.844399,0.758293,0.761592,0.806474,0.803401,0.812391,0.965562,0.875013,0.854296,0.774909
3.1622,1.95151,0.845774,0.760959,0.760691,0.806696,0.802133,0.813835,0.967094,0.875802,0.853901,0.775212
3.1624,1.95473,0.846361,0.763898,0.760081,0.806517,0.801719,0.813822,0.967489,0.87734,0.853221,0.777091
3.1626,1.95958,0.846702,0.766129,0.760212,0.807186,0.803607,0.812746,0.966608,0.878572,0.853399,0.780537
3.1628,1.96451,0.847376,0.767282,0.761376,0.808774,0.807428,0.811494,0.964858,0.878476,0.854923,0.784309
3.163,1.96757,0.84936,0.767885,0.76296,0.810545,0.810151,0.810887,0.963905,0.877818,0.857229,0.786966
3.1632,1.96838,0.85153,0.76884,0.764089,0.811728,0.809792,0.811671,0.965225,0.878123,0.859183,0.787708
3.1634,1.96802,0.853252,0.770844,0.764331,0.812044,0.806317,0.813843,0.966749,0.879031,0.860042,0.787311
3.1636,1.96782,0.854672,0.773714,0.763759,0.811934,0.80265,0.81645,0.967458,0.880019,0.859655,0.786761
3.1638,1.96924,0.856059,0.776444,0.762978,0.811962,0.801381,0.818118,0.966564,0.880091,0.85892,0.787246
3.164,1.97218,0.856586,0.778261,0.762705,0.812362,0.802674,0.818472,0.964893,0.879776,0.859226,0.7891
3.1642,1.97526,0.856326,0.778949,0.762735,0.813092,0.804734,0.818311,0.962976,0.879632,0.860815,0.791317
3.1644,1.97744,0.856272,0.779028,0.762668,0.813902,0.80537,0.818391,0.962046,0.880322,0.862997,0.792989
3.1646,1.97836,0.856952,0.779199,0.762328,0.814381,0.803991,0.819189,0.962104,0.881352,0.864797,0.793621
3.1648,1.9787,0.857932,0.779763,0.761976,0.814196,0.801688,0.820872,0.962548,0.881988,0.865056,0.793644
3.165,1.9795,0.859419,0.780504,0.761579,0.813173,0.799586,0.822448,0.961954,0.882378,0.863996,0.793792
3.1652,1.9811,0.860416,0.780995,0.761295,0.811849,0.798521,0.822913,0.960498,0.882193,0.862998,0.794662
3.1654,1.98317,0.860391,0.780817,0.760708,0.810864,0.798666,0.822513,0.959056,0.881586,0.8631,0.795876
3.1656,1.98535,0.860504,0.780128,0.759892,0.810524,0.799479,0.822229,0.958371,0.88119,0.864156,0.797342
3.1658,1.98637,0.86145,0.779828,0.75887,0.81059,0.800126,0.82262,0.958649,0.881447,0.865922,0.798114
3.166,1.98637,0.863038,0.779799,0.758643,0.810923,0.800193,0.82377,0.95939,0.882397,0.867002,0.797902
3.1662,1.98619,0.864018,0.779592,0.759042,0.810811,0.799875,0.825417,0.959819,0.88324,0.867241,0.79744
3.1664,1.98622,0.86397,0.778977,0.758916,0.809684,0.799511,0.82678,0.959746,0.883777,0.867225,0.79711
3.1666,1.98662,0.863646,0.777875,0.758001,0.807886,0.799161,0.827094,0.959864,0.88418,0.867072,0.797027
3.1668,1.987,0.863439,0.776883,0.756517,0.806378,0.798727,0.827146,0.960841,0.884074,0.867026,0.797108
3.167,1.98637,0.863999,0.775972,0.75534,0.805697,0.7985,0.827556,0.962636,0.884114,0.867375,0.79656
3.1672,1.98485,0.865128,0.774899,0.75467,0.805057,0.79851,0.828476,0.964272,0.884595,0.867829,0.795201
3.1674,1.98326,0.866192,0.773597,0.754027,0.803874,0.798593,0.828828,0.964535,0.885194,0.868637,0.793622
3.1676,1.98233,0.866127,0.772065,0.753134,0.802166,0.799066,0.828372,0.964498,0.885022,0.869355,0.792513
3.1678,1.98172,0.865109,0.770378,0.751937,0.800277,0.799895,0.826942,0.965566,0.883596,0.869181,0.791738
3.168,1.98133,0.863655,0.76874,0.750769,0.798596,0.800599,0.825099,0.966809,0.881766,0.867968,0.791186
3.1682,1.98058,0.862338,0.767282,0.749985,0.797313,0.800669,0.823946,0.966727,0.880908,0.866159,0.790523
3.1684,1.97903,0.861729,0.766066,0.749721,0.796433,0.800069,0.8236,0.965593,0.881404,0.864456,0.789176
3.1686,1.97759,0.862526,0.765206,0.749829,0.795829,0.799455,0.823353,0.964921,0.88266,0.863502,0.787853
3.1688,1.97545,0.863804,0.764496,0.750045,0.795309,0.799576,0.822513,0.965493,0.883689,0.863527,0.786157
3.169,1.97305,0.864801,0.763764,0.750158,0.79475,0.800495,0.820545,0.966755,0.883298,0.864186,0.784105
3.1692,1.97069,0.865199,0.763026,0.750036,0.794191,0.801458,0.817987,0.967608,0.88138,0.864675,0.782115
3.1694,1.96832,0.865115,0.762088,0.749559,0.79377,0.801562,0.815877,0.96763,0.878878,0.864506,0.780122
3.1696,1.96643,0.864443,0.760927,0.749144,0.7934,0.800519,0.815183,0.967341,0.877637,0.863964,0.778392
3.1698,1.9655,0.862549,0.759969,0.749204,0.792857,0.798762,0.816096,0.967303,0.8782,0.863342,0.777424
3.17,1.96452,0.860492,0.759529,0.749366,0.792285,0.797058,0.816811,0.967187,0.880072,0.862779,0.776668
3.1702,1.96324,0.859253,0.759188,0.749098,0.791808,0.796018,0.815903,0.967443,0.881542,0.862342,0.775646
3.1704,1.96125,0.858653,0.758891,0.748287,0.79141,0.795684,0.813963,0.967456,0.881017,0.862013,0.774219
3.1706,1.95884,0.858373,0.758049,0.747238,0.790929,0.795696,0.811899,0.966371,0.878711,0.861391,0.772286
3.1708,1.95679,0.858015,0.756958,0.746488,0.790251,0.795231,0.810788,0.96417,0.876804,0.860596,0.77057
3.171,1.95529,0.857231,0.755818,0.746402,0.789434,0.793805,0.811098,0.962505,0.87659,0.859949,0.769297
3.1712,1.95379,0.856443,0.755252,0.746905,0.78871,0.791562,0.812137,0.961643,0.877513,0.859839,0.768155
3.1714,1.95282,0.855617,0.755176,0.747547,0.788374,0.789525,0.813325,0.961451,0.878645,0.859977,0.767256
3.1716,1.95199,0.855355,0.755574,0.748006,0.788518,0.787937,0.813982,0.961096,0.878611,0.860555,0.76671
3.1718,1.95058,0.855136,0.755636,0.748172,0.788978,0.786988,0.813845,0.959317,0.87735,0.860613,0.765741
3.172,1.94878,0.8547,0.754936,0.748089,0.789575,0.786955,0.813216,0.955855,0.875892,0.859941,0.76442
3.1722,1.94705,0.854401,0.753904,0.747875,0.789995,0.788026,0.812619,0.952623,0.875438,0.858961,0.763078
3.1724,1.94575,0.853641,0.753042,0.747712,0.78991,0.788767,0.812609,0.95106,0.875535,0.858578,0.762009
3.1726,1.9453,0.852414,0.752941,0.74774,0.789292,0.78795,0.813526,0.950759,0.875232,0.858887,0.761565
3.1728,1.94524,0.852052,0.75307,0.747765,0.788641,0.786134,0.814741,0.950896,0.874317,0.859352,0.761597
3.173,1.9449,0.852624,0.752617,0.747609,0.788379,0.784901,0.815731,0.951025,0.873242,0.859283,0.761477
3.1732,1.94423,0.85301,0.751598,0.747054,0.788327,0.784983,0.815648,0.950128,0.872879,0.858451,0.761078
3.1734,1.94362,0.852676,0.750228,0.746158,0.788094,0.785631,0.814978,0.948853,0.873239,0.857046,0.760659
3.1736,1.94342,0.851337,0.749233,0.746137,0.787374,0.785519,0.814231,0.94829,0.874032,0.856015,0.760417
3.1738,1.94459,0.849098,0.749345,0.748039,0.786623,0.784797,0.814513,0.948814,0.874451,0.855961,0.76114
3.174,1.94631,0.846872,0.750384,0.750501,0.787343,0.784251,0.815403,0.95082,0.874096,0.856945,0.762577
3.1742,1.94747,0.845959,0.751099,0.751921,0.789032,0.784084,0.816682,0.95324,0.872695,0.857997,0.763686
3.1744,1.94792,0.847002,0.75091,0.751895,0.789888,0.784228,0.817436,0.954434,0.872006,0.858167,0.764243
3.1746,1.94743,0.849632,0.749987,0.750684,0.789388,0.784473,0.817453,0.954744,0.872936,0.857655,0.764072
3.1748,1.94718,0.851756,0.749427,0.749096,0.788145,0.784669,0.817823,0.955546,0.874383,0.856925,0.763736
3.175,1.94849,0.852051,0.749869,0.748187,0.786861,0.784546,0.818585,0.957121,0.874911,0.857073,0.764475
3.1752,1.95131,0.85089,0.751425,0.748462,0.786096,0.784463,0.819192,0.958522,0.874107,0.858643,0.766502
3.1754,1.95426,0.849693,0.753215,0.749639,0.786111,0.784681,0.819502,0.95946,0.872847,0.860318,0.768902
3.1756,1.95624,0.850287,0.754532,0.751163,0.786338,0.784916,0.81994,0.960981,0.871872,0.860727,0.770722
3.1758,1.9565,0.852896,0.75483,0.751878,0.786236,0.784834,0.820478,0.963702,0.871492,0.859482,0.771242
3.176,1.95632,0.8554,0.754783,0.751444,0.785523,0.784396,0.82122,0.966103,0.871944,0.857309,0.770962
3.1762,1.95775,0.856068,0.755268,0.750672,0.784388,0.783771,0.821885,0.96682,0.872933,0.855797,0.771715
3.1764,1.9607,0.85542,0.756617,0.750353,0.783311,0.783415,0.822908,0.967769,0.874158,0.856099,0.773709
3.1766,1.96455,0.85452,0.758688,0.750647,0.783231,0.783651,0.823976,0.969146,0.874891,0.858022,0.776641
3.1768,1.96761,0.854906,0.760919,0.751019,0.785453,0.784525,0.82496,0.971214,0.874868,0.860294,0.779177
3.177,1.96964,0.856967,0.762801,0.751313,0.788497,0.785652,0.826102,0.972994,0.874617,0.861979,0.780824
3.1772,1.971,0.859512,0.76429,0.75133,0.790435,0.786537,0.827432,0.974896,0.874106,0.862274,0.78192
3.1774,1.97173,0.861408,0.765681,0.751462,0.790597,0.786952,0.827973,0.975658,0.87424,0.861082,0.782465
3.1776,1.97264,0.861748,0.767222,0.751522,0.789768,0.786969,0.827456,0.975925,0.875261,0.859657,0.782946
3.1778,1.97436,0.861041,0.768924,0.751659,0.788848,0.786986,0.826259,0.975806,0.87618,0.859394,0.783969
3.178,1.97709,0.860389,0.770918,0.752085,0.788579,0.787613,0.825321,0.976951,0.876969,0.860588,0.785799
3.1782,1.98011,0.861599,0.773078,0.75276,0.789448,0.788485,0.824893,0.978495,0.877535,0.862135,0.788013
3.1784,1.98266,0.864252,0.775132,0.753381,0.791283,0.789022,0.824748,0.979835,0.877693,0.86356,0.789979
3.1786,1.98439,0.866135,0.777244,0.753751,0.793001,0.788816,0.824741,0.98007,0.877493,0.863918,0.791258
3.1788,1.98619,0.866265,0.779624,0.753976,0.793843,0.788187,0.824661,0.981036,0.877196,0.863009,0.792414
3.179,1.98826,0.864941,0.782109,0.754225,0.793953,0.788127,0.824368,0.981902,0.877269,0.862057,0.793729
3.1792,1.99128,0.862992,0.784417,0.754573,0.794491,0.78967,0.823873,0.983451,0.8781,0.862534,0.795698
3.1794,1.99418,0.861819,0.786416,0.754786,0.795053,0.79209,0.823292,0.984738,0.878924,0.864658,0.797842
3.1796,1.99642,0.862142,0.788274,0.755042,0.795252,0.793155,0.822974,0.984999,0.879291,0.866956,0.799472
3.1798,1.99786,0.863217,0.790253,0.755195,0.795222,0.792231,0.823385,0.985292,0.879041,0.867999,0.800459
3.18,1.99926,0.864315,0.792274,0.755089,0.795317,0.789951,0.824638,0.987066,0.878663,0.867361,0.801232
3.1802,2.00102,0.864701,0.79403,0.754661,0.795753,0.787861,0.826313,0.988844,0.878725,0.865718,0.802238
3.1804,2.00298,0.864281,0.795394,0.754121,0.796587,0.786703,0.827627,0.990866,0.879215,0.864359,0.803419
3.1806,2.00526,0.863287,0.796441,0.753878,0.797555,0.786489,0.828029,0.993133,0.879581,0.865046,0.80489
3.1808,2.00717,0.862271,0.797312,0.754119,0.798332,0.786696,0.827907,0.994097,0.879554,0.867357,0.806172
3.181,2.00851,0.861493,0.798411,0.754754,0.799014,0.786658,0.828221,0.994294,0.879148,0.869639,0.807028
3.1812,2.00923,0.860921,0.799632,0.754941,0.799263,0.78587,0.829219,0.993943,0.878717,0.870654,0.807354
3.1814,2.00987,0.86021,0.800484,0.754659,0.799208,0.78453,0.830518,0.99406,0.878775,0.869884,0.807502
3.1816,2.01091,0.859549,0.80069,0.753682,0.799197,0.783337,0.83181,0.996173,0.879349,0.868534,0.807895
3.1818,2.01238,0.859089,0.800204,0.752425,0.799358,0.782619,0.832919,0.998588,0.879758,0.867916,0.808648
3.182,2.01405,0.858753,0.799765,0.751253,0.799719,0.782377,0.833891,0.999702,0.87943,0.86855,0.809608
3.1822,2.01567,0.858395,0.79984,0.750874,0.800336,0.782319,0.834545,0.999004,0.87841,0.869675,0.810566
3.1824,2.01694,0.857787,0.800097,0.750882,0.801033,0.782192,0.834928,0.997146,0.877408,0.870837,0.811309
3.1826,2.01762,0.856951,0.799802,0.750469,0.801412,0.782001,0.835265,0.995171,0.87707,0.871578,0.811634
3.1828,2.01772,0.856232,0.798881,0.749586,0.801864,0.781974,0.835826,0.995031,0.877458,0.871777,0.81143
3.183,2.01781,0.856039,0.797629,0.748185,0.802264,0.782223,0.836561,0.99534,0.878244,0.87138,0.811131
3.1832,2.01812,0.856501,0.796343,0.747249,0.802208,0.782555,0.83703,0.994603,0.879017,0.87125,0.811008
3.1834,2.01832,0.857355,0.795147,0.746954,0.802007,0.782581,0.83709,0.99262,0.879368,0.871293,0.810902
3.1836,2.01827,0.8582,0.794534,0.746537,0.801721,0.782421,0.836953,0.989783,0.879092,0.871277,0.810551
3.1838,2.01798,0.85849,0.794281,0.745549,0.801941,0.782475,0.836937,0.988766,0.878593,0.870878,0.810084
3.184,2.01721,0.857908,0.79384,0.744102,0.802294,0.782661,0.836786,0.98899,0.87822,0.870277,0.809257
3.1842,2.01617,0.857205,0.792891,0.742548,0.802194,0.782753,0.836256,0.98772,0.877938,0.869434,0.808176
3.1844,2.01507,0.857325,0.791427,0.741382,0.801633,0.782597,0.8352,0.985018,0.877492,0.868575,0.807034
3.1846,2.01386,0.857852,0.790173,0.740792,0.800971,0.782185,0.834113,0.982038,0.876407,0.868546,0.805809
3.1848,2.01325,0.857836,0.789696,0.740562,0.801272,0.781648,0.833129,0.979858,0.874802,0.868985,0.804913
3.185,2.01332,0.856834,0.789597,0.740359,0.802471,0.781245,0.832021,0.978168,0.873536,0.869421,0.804611
3.1852,2.01374,0.855254,0.789342,0.740049,0.803543,0.781266,0.830859,0.97637,0.872581,0.86944,0.804685
3.1854,2.01336,0.85392,0.789237,0.739739,0.803496,0.781806,0.829716,0.974461,0.871907,0.868979,0.804406
3.1856,2.01147,0.853434,0.788502,0.73961,0.802423,0.782703,0.82851,0.973226,0.871075,0.86828,0.802944
3.1858,2.00906,0.853775,0.787081,0.739638,0.801291,0.783596,0.827086,0.972639,0.869821,0.867563,0.800868
3.186,2.0068,0.854436,0.785969,0.73953,0.800937,0.784087,0.825575,0.972081,0.868177,0.867243,0.798839
3.1862,2.00513,0.854857,0.785434,0.739202,0.801687,0.783903,0.824045,0.971345,0.866485,0.867105,0.797224
3.1864,2.00405,0.85472,0.785077,0.739064,0.802281,0.783298,0.822891,0.970538,0.864661,0.866981,0.796111
3.1866,2.00341,0.853962,0.784479,0.739423,0.802193,0.782817,0.822515,0.970209,0.863119,0.867041,0.795432
3.1868,2.00247,0.852782,0.783204,0.73986,0.801249,0.782449,0.822187,0.97039,0.861883,0.86679,0.79462
3.187,2.00135,0.851741,0.781448,0.739781,0.799534,0.782089,0.820985,0.970685,0.860896,0.866119,0.793674
3.1872,1.99973,0.851343,0.779825,0.739127,0.798133,0.781559,0.818976,0.97058,0.859639,0.865342,0.792388
3.1874,1.99793,0.850984,0.77894,0.738289,0.797521,0.781115,0.816914,0.96961,0.857907,0.864515,0.790871
3.1876,1.99635,0.850467,0.778558,0.737777,0.797859,0.78066,0.815341,0.968159,0.855962,0.864008,0.789493
3.1878,1.9951,0.849428,0.77838,0.737907,0.798058,0.779961,0.81448,0.968412,0.854339,0.86427,0.788379
3.188,1.99403,0.847718,0.778032,0.73891,0.79815,0.779025,0.814293,0.970867,0.853299,0.864444,0.787453
3.1882,1.99308,0.84629,0.77738,0.7407,0.798465,0.778258,0.81447,0.973521,0.852856,0.864617,0.786642
3.1884,1.99229,0.845195,0.776316,0.742121,0.798187,0.777778,0.81467,0.974626,0.852792,0.864377,0.785943
3.1886,1.99145,0.844566,0.775408,0.742232,0.797376,0.777999,0.814725,0.974406,0.852815,0.863981,0.785269
3.1888,1.99067,0.843891,0.77499,0.741027,0.796601,0.779233,0.814471,0.973854,0.852584,0.863219,0.784619
3.189,1.98993,0.842937,0.775327,0.739263,0.796057,0.779535,0.813845,0.973978,0.852098,0.862368,0.784012
3.1892,1.98906,0.841603,0.77575,0.738082,0.79588,0.777956,0.813361,0.974756,0.851675,0.861561,0.78333
3.1894,1.98828,0.841471,0.776335,0.738244,0.795922,0.775327,0.813456,0.975213,0.851374,0.860882,0.782706
3.1896,1.98757,0.843402,0.776801,0.739761,0.795602,0.772978,0.814093,0.975197,0.851275,0.860266,0.782121
3.1898,1.98672,0.845513,0.776659,0.741497,0.795195,0.771511,0.814793,0.975139,0.851196,0.859606,0.781524
3.19,1.98603,0.845305,0.776023,0.742912,0.795077,0.770896,0.815373,0.975046,0.850909,0.859487,0.780891
3.1902,1.98607,0.842215,0.776163,0.743646,0.795415,0.770699,0.815745,0.97382,0.850414,0.859641,0.780792
3.1904,1.98623,0.838334,0.777316,0.74277,0.795995,0.770598,0.816033,0.971399,0.850332,0.859651,0.78096
3.1906,1.98691,0.837186,0.779503,0.741178,0.796686,0.770467,0.816486,0.968599,0.851452,0.859629,0.78133
3.1908,1.98771,0.839756,0.781599,0.739826,0.797248,0.770237,0.817214,0.967092,0.85289,0.859207,0.782086
3.191,1.98752,0.84386,0.78247,0.740213,0.79711,0.770029,0.818179,0.967376,0.853833,0.859301,0.782103
3.1912,1.9874,0.846627,0.78223,0.742415,0.796412,0.769911,0.819233,0.967191,0.853602,0.860215,0.781912
3.1914,1.98804,0.846622,0.781681,0.744149,0.795662,0.769878,0.820008,0.96464,0.853026,0.860641,0.782266
3.1916,1.98999,0.845722,0.782179,0.744456,0.79595,0.769871,0.820373,0.960412,0.853517,0.860256,0.783488
3.1918,1.99302,0.845239,0.78409,0.743363,0.797238,0.76986,0.82096,0.957411,0.85492,0.859414,0.785741
3.192,1.99549,0.845444,0.786368,0.741247,0.798647,0.769962,0.821745,0.95619,0.855921,0.858969,0.787885
3.1922,1.99614,0.846655,0.788022,0.739022,0.798863,0.770289,0.822661,0.955852,0.855615,0.859385,0.78867
3.1924,1.99639,0.848139,0.789197,0.737869,0.797889,0.770795,0.823066,0.955254,0.854669,0.860318,0.788773
3.1926,1.9967,0.84927,0.790078,0.738415,0.79712,0.771401,0.822807,0.954492,0.853928,0.861004,0.788961
3.1928,1.9974,0.84966,0.791516,0.739807,0.797674,0.772003,0.821941,0.953732,0.853656,0.86145,0.789301
3.193,1.99905,0.849861,0.793702,0.741066,0.799109,0.772438,0.821469,0.952104,0.854421,0.861817,0.790361
3.1932,2.00111,0.850279,0.795654,0.742352,0.800981,0.773109,0.821502,0.949683,0.855367,0.861622,0.791858
3.1934,2.00338,0.851277,0.796819,0.743318,0.802468,0.774225,0.821586,0.948295,0.856362,0.861183,0.793497
3.1936,2.00567,0.852124,0.797646,0.74354,0.803444,0.775521,0.821293,0.948342,0.857712,0.860917,0.795234
3.1938,2.0072,0.852062,0.798766,0.743029,0.803775,0.776518,0.820691,0.949026,0.858755,0.86082,0.796498
3.194,2.00807,0.851137,0.800523,0.742453,0.804096,0.777161,0.81983,0.949592,0.859005,0.861202,0.797121
3.1942,2.00912,0.850262,0.802625,0.742428,0.804297,0.776889,0.819319,0.949726,0.858864,0.861874,0.797721
3.1944,2.0107,0.850494,0.804557,0.743033,0.805119,0.776195,0.819332,0.949507,0.859003,0.862797,0.798703
3.1946,2.01315,0.852009,0.806218,0.744206,0.807141,0.776191,0.820266,0.949757,0.859435,0.863763,0.800277
3.1948,2.01617,0.853995,0.808045,0.745458,0.809421,0.77705,0.82139,0.951171,0.859829,0.864539,0.802447
3.195,2.01855,0.855127,0.810017,0.745946,0.810627,0.778834,0.821363,0.952681,0.8601,0.864798,0.804329
3.1952,2.0201,0.854954,0.811857,0.745454,0.809876,0.781037,0.82006,0.953885,0.861324,0.864166,0.805454
3.1954,2.02132,0.853657,0.813289,0.744406,0.807811,0.782837,0.818196,0.955748,0.863161,0.863226,0.806252
3.1956,2.02257,0.851978,0.814258,0.743883,0.806377,0.783495,0.816757,0.957766,0.864488,0.862668,0.806949
3.1958,2.02444,0.850942,0.81548,0.744199,0.806513,0.783791,0.816347,0.958193,0.86444,0.862812,0.808086
3.196,2.0268,0.851035,0.816914,0.744694,0.808689,0.784077,0.816886,0.957077,0.862694,0.863982,0.809593
3.1962,2.02937,0.852024,0.818762,0.744928,0.81125,0.784924,0.817787,0.955867,0.861262,0.866055,0.811413
3.1964,2.03165,0.852716,0.8209,0.744637,0.812312,0.786193,0.818423,0.956598,0.861596,0.867574,0.81294
3.1966,2.03375,0.852828,0.822846,0.743936,0.81138,0.787138,0.818633,0.959513,0.863495,0.867856,0.814438
3.1968,2.03467,0.852309,0.823639,0.743219,0.809234,0.787134,0.818672,0.962396,0.865696,0.866883,0.815135
3.197,2.03517,0.851491,0.823354,0.742688,0.807279,0.786617,0.818921,0.963323,0.866755,0.865592,0.815202
3.1972,2.03616,0.850342,0.823271,0.742535,0.80665,0.786655,0.81936,0.962937,0.866451,0.864963,0.815598
3.1974,2.03765,0.849358,0.824433,0.742809,0.807863,0.787439,0.819879,0.963341,0.86578,0.864907,0.816377
3.1976,2.0401,0.848922,0.826461,0.743291,0.809873,0.788689,0.820735,0.965542,0.865516,0.865668,0.817787
3.1978,2.04278,0.848776,0.828429,0.743755,0.810999,0.789563,0.821776,0.968524,0.865736,0.867253,0.819699
3.198,2.0443,0.848482,0.829529,0.744069,0.810637,0.789423,0.822751,0.970742,0.86591,0.868938,0.820803
3.1982,2.04473,0.847948,0.829542,0.743907,0.809202,0.78839,0.823133,0.971578,0.865824,0.869734,0.821044
3.1984,2.0443,0.846903,0.828897,0.743554,0.807523,0.787753,0.822712,0.970639,0.865983,0.869526,0.820474
3.1986,2.0443,0.846057,0.828189,0.743109,0.806425,0.788136,0.821826,0.969443,0.866802,0.868374,0.82
3.1988,2.04524,0.845832,0.828238,0.743221,0.806254,0.789297,0.821132,0.969964,0.867751,0.867251,0.820235
3.199,2.0471,0.845977,0.828859,0.744148,0.806706,0.790545,0.821211,0.971586,0.868087,0.867164,0.821266
3.1992,2.04881,0.846028,0.829509,0.745166,0.807192,0.79116,0.822187,0.973362,0.86748,0.867512,0.822366
3.1994,2.05031,0.845792,0.830456,0.745211,0.807249,0.790857,0.823613,0.97349,0.866421,0.867673,0.823286
3.1996,2.0508,0.845342,0.831272,0.744456,0.806813,0.790167,0.824893,0.971364,0.865887,0.867576,0.823613
3.1998,2.04997,0.844859,0.831268,0.743255,0.806013,0.78973,0.825523,0.968416,0.866441,0.867457,0.82284
3.2,2.04897,0.84463,0.829905,0.742019,0.805061,0.789487,0.825251,0.965305,0.867704,0.867311,0.821691
3.2002,2.0483,0.844864,0.827635,0.741498,0.804665,0.789358,0.824443,0.963356,0.868794,0.866935,0.820834
3.2004,2.0479,0.845179,0.825681,0.741565,0.804743,0.789593,0.824059,0.962709,0.869078,0.866277,0.820149
3.2006,2.04786,0.845125,0.825186,0.741927,0.804992,0.789707,0.824251,0.962301,0.868496,0.865318,0.819811
3.2008,2.04747,0.845012,0.825768,0.742017,0.80497,0.789474,0.824667,0.960868,0.867147,0.864697,0.819325
3.201,2.04668,0.845143,0.826426,0.741526,0.804334,0.788883,0.824687,0.958381,0.865843,0.864664,0.81852
3.2012,2.0455,0.845197,0.826386,0.740495,0.803514,0.788609,0.824009,0.955593,0.865072,0.865221,0.817413
3.2014,2.04421,0.84499,0.825254,0.739779,0.80283,0.789014,0.822731,0.952929,0.864281,0.865629,0.81615
3.2016,2.04299,0.8448,0.823811,0.739964,0.802454,0.789363,0.821167,0.950725,0.863076,0.865258,0.814945
3.2018,2.04219,0.844742,0.822493,0.74046,0.802551,0.789279,0.81982,0.948927,0.861664,0.864412,0.814015
3.202,2.04141,0.844528,0.821445,0.740803,0.802498,0.788608,0.819203,0.947589,0.860226,0.863042,0.81325
3.2022,2.04042,0.844214,0.820346,0.740549,0.802108,0.787582,0.818986,0.946839,0.859124,0.862274,0.812289
3.2024,2.03934,0.843775,0.819431,0.739908,0.801849,0.786845,0.818732,0.946396,0.85824,0.863066,0.811339
3.2026,2.03718,0.84316,0.818509,0.738921,0.800937,0.786382,0.817877,0.945417,0.857515,0.86429,0.809706
3.2028,2.03453,0.842305,0.817795,0.737884,0.798993,0.786123,0.816041,0.944125,0.856728,0.864935,0.807467
3.203,2.03236,0.841282,0.817219,0.737053,0.797699,0.785733,0.813841,0.943638,0.855835,0.863968,0.805582
3.2032,2.03016,0.840372,0.816245,0.736356,0.79787,0.784968,0.811948,0.944141,0.85426,0.862168,0.803738
3.2034,2.02845,0.839728,0.814748,0.736235,0.798868,0.783935,0.810671,0.944731,0.852213,0.860488,0.802201
3.2036,2.02684,0.839706,0.812858,0.736771,0.799332,0.782936,0.809887,0.945146,0.850077,0.859698,0.8009
3.2038,2.02506,0.840072,0.811231,0.737533,0.798581,0.782428,0.809017,0.945612,0.84794,0.859678,0.79948
3.204,2.02313,0.840008,0.810256,0.737788,0.797009,0.782536,0.807727,0.94537,0.846291,0.859998,0.79796
3.2042,2.02064,0.839023,0.80968,0.737563,0.795572,0.782716,0.806195,0.944525,0.84516,0.859822,0.796134
3.2044,2.01747,0.837421,0.809561,0.737002,0.794915,0.782757,0.804889,0.943725,0.844205,0.859077,0.793738
3.2046,2.01406,0.835671,0.809355,0.736456,0.795133,0.782329,0.804226,0.943197,0.843281,0.857501,0.791085
3.2048,2.01108,0.834839,0.809044,0.736139,0.795668,0.781261,0.804254,0.944127,0.842457,0.855633,0.788672
3.205,2.00883,0.835163,0.808232,0.73602,0.795637,0.78014,0.804624,0.946082,0.841755,0.854981,0.786798
3.2052,2.00791,0.836324,0.807259,0.736259,0.794841,0.779696,0.804924,0.947747,0.841175,0.855441,0.785889
3.2054,2.00757,0.837638,0.806363,0.73656,0.794517,0.780516,0.804807,0.948362,0.841002,0.856167,0.785723
3.2056,2.00627,0.838229,0.805911,0.736815,0.794953,0.781769,0.804168,0.948203,0.841579,0.856643,0.785039
3.2058,2.00385,0.8374,0.805836,0.736716,0.795571,0.78179,0.803732,0.948028,0.84214,0.855876,0.783415
3.206,2.001,0.836111,0.805492,0.736202,0.796084,0.780064,0.804152,0.948244,0.842414,0.854558,0.78134
3.2062,1.99844,0.834734,0.805005,0.7356,0.796269,0.777443,0.805226,0.948511,0.842838,0.853386,0.779292
3.2064,1.99752,0.833828,0.804421,0.735236,0.796038,0.775464,0.806291,0.948135,0.843071,0.852587,0.778369
3.2066,1.99794,0.834152,0.803835,0.735302,0.79556,0.775109,0.807036,0.946949,0.842851,0.852301,0.778671
3.2068,1.99874,0.835162,0.803591,0.73575,0.795916,0.776382,0.80709,0.944962,0.842916,0.852501,0.779419
3.207,1.99923,0.835595,0.803952,0.736627,0.797355,0.777831,0.806343,0.943669,0.843931,0.852236,0.780072
3.2072,1.99872,0.834951,0.804609,0.737516,0.798526,0.778644,0.805625,0.94392,0.845086,0.851353,0.780003
3.2074,1.99787,0.833814,0.805199,0.738067,0.798677,0.778478,0.805699,0.94366,0.846401,0.850596,0.779445
3.2076,1.99761,0.833035,0.805605,0.73794,0.797971,0.777824,0.806635,0.941557,0.848484,0.850936,0.779242
3.2078,1.99801,0.8332,0.805713,0.737541,0.796685,0.777069,0.808004,0.939145,0.849907,0.851838,0.779569
3.208,1.9991,0.834736,0.80582,0.737152,0.795978,0.776971,0.809215,0.937906,0.849533,0.852702,0.780411
3.2082,2.00069,0.836414,0.806554,0.737294,0.797211,0.777639,0.809671,0.93818,0.848555,0.853122,0.781737
3.2084,2.00199,0.83757,0.807822,0.737742,0.799302,0.778324,0.809418,0.939372,0.84834,0.852795,0.782955
3.2086,2.00287,0.837662,0.80904,0.737952,0.80078,0.778237,0.809209,0.94177,0.848773,0.851812,0.783804
3.2088,2.00354,0.836945,0.809975,0.737691,0.800408,0.777607,0.809692,0.944043,0.849934,0.850674,0.784455
3.209,2.00408,0.836127,0.810865,0.736954,0.798285,0.777102,0.810514,0.945047,0.851562,0.84973,0.784961
3.2092,2.00492,0.836188,0.811836,0.736451,0.795552,0.777457,0.811089,0.944162,0.852376,0.849223,0.785601
3.2094,2.0063,0.837539,0.813222,0.737086,0.793698,0.778594,0.811234,0.942411,0.852015,0.849394,0.786653
3.2096,2.00804,0.838915,0.814772,0.738895,0.793741,0.780123,0.810654,0.941614,0.851272,0.84988,0.788006
3.2098,2.01014,0.839901,0.8167,0.740137,0.796191,0.781587,0.809994,0.942363,0.851248,0.850562,0.789625
3.21,2.0124,0.839777,0.818921,0.739975,0.799815,0.78288,0.80956,0.944296,0.852065,0.851135,0.791417
3.2102,2.01458,0.839007,0.8207,0.738778,0.801679,0.783827,0.809847,0.946164,0.852568,0.851933,0.793151
3.2104,2.01671,0.838404,0.822073,0.736747,0.800984,0.784474,0.810123,0.946815,0.852143,0.852724,0.794819
3.2106,2.01876,0.838572,0.823044,0.734912,0.798556,0.785245,0.810093,0.946266,0.850586,0.853422,0.796409
3.2108,2.02066,0.839272,0.824108,0.734459,0.795925,0.786161,0.809473,0.945598,0.849144,0.854035,0.797901
3.211,2.02255,0.840047,0.82538,0.735435,0.795128,0.787155,0.809569,0.946286,0.848558,0.85357,0.799286
3.2112,2.02474,0.840045,0.826947,0.737592,0.796488,0.78828,0.81046,0.948481,0.850741,0.852308,0.800879
3.2114,2.02694,0.839915,0.828526,0.739737,0.798235,0.78905,0.81101,0.95104,0.854414,0.851234,0.802547
3.2116,2.02877,0.840348,0.82983,0.740288,0.799595,0.789321,0.810517,0.952964,0.856475,0.850624,0.803979
3.2118,2.03008,0.84072,0.831127,0.739326,0.800047,0.78919,0.809333,0.953899,0.855338,0.851448,0.804991
3.212,2.03112,0.83997,0.832593,0.737573,0.799229,0.788885,0.808429,0.954016,0.852279,0.853453,0.805692
3.2122,2.03249,0.837854,0.83416,0.736099,0.797548,0.788549,0.80823,0.954103,0.849227,0.854839,0.806531
3.2124,2.03438,0.835408,0.835834,0.736074,0.795964,0.788385,0.808535,0.953972,0.848457,0.855473,0.807818
3.2126,2.03633,0.834084,0.837614,0.737363,0.795366,0.789175,0.808969,0.954051,0.850103,0.856261,0.80918
3.2128,2.03828,0.83604,0.839312,0.738924,0.795963,0.791542,0.809235,0.954815,0.852115,0.856839,0.810588
3.213,2.03975,0.840051,0.840743,0.740108,0.797204,0.793536,0.809268,0.955681,0.852649,0.856912,0.81169
3.2132,2.0404,0.84284,0.842164,0.740633,0.79817,0.793538,0.809458,0.955458,0.851967,0.856394,0.812208
3.2134,2.04037,0.842852,0.843827,0.74067,0.798273,0.791296,0.810265,0.954378,0.851162,0.855606,0.812075
3.2136,2.04022,0.840945,0.845978,0.740389,0.797605,0.788426,0.81178,0.953284,0.850845,0.855233,0.811785
3.2138,2.04057,0.838835,0.847699,0.739621,0.79679,0.786669,0.813446,0.953361,0.851621,0.855492,0.811706
3.214,2.04189,0.838141,0.848543,0.738609,0.79638,0.786306,0.814246,0.953935,0.853313,0.856205,0.812432
3.2142,2.04333,0.839361,0.848886,0.73789,0.796444,0.786866,0.814371,0.954607,0.854311,0.857122,0.813399
3.2144,2.04449,0.841339,0.84922,0.737805,0.796605,0.787271,0.814769,0.954181,0.8545,0.857517,0.814209
3.2146,2.04492,0.84274,0.849987,0.738333,0.796547,0.786453,0.815688,0.952788,0.855094,0.857187,0.814534
3.2148,2.04442,0.84326,0.851626,0.73887,0.796241,0.784435,0.816741,0.951341,0.855979,0.856337,0.814103
3.215,2.0437,0.843475,0.853295,0.7391,0.795603,0.782167,0.817501,0.950702,0.856183,0.855734,0.813327
3.2152,2.04349,0.843764,0.854003,0.739016,0.794641,0.780632,0.817696,0.950441,0.855659,0.855685,0.812856
3.2154,2.0441,0.843963,0.853541,0.738529,0.793278,0.780208,0.817411,0.949216,0.854719,0.85663,0.812987
3.2156,2.04557,0.843758,0.852622,0.737768,0.791716,0.780537,0.817139,0.947256,0.853687,0.858108,0.813831
3.2158,2.04729,0.84284,0.852057,0.737102,0.790159,0.780917,0.817433,0.945752,0.853237,0.858975,0.815015
3.216,2.04862,0.841632,0.852282,0.736884,0.788951,0.780801,0.818438,0.945387,0.853862,0.85918,0.815971
3.2162,2.04914,0.841257,0.853085,0.737121,0.787981,0.78014,0.81988,0.9458,0.855008,0.858728,0.816385
3.2164,2.0489,0.842006,0.853646,0.737361,0.787349,0.779327,0.821231,0.946275,0.855739,0.857589,0.816085
3.2166,2.0488,0.843093,0.853935,0.737405,0.786757,0.778684,0.821858,0.946444,0.855827,0.856544,0.815716
3.2168,2.04949,0.843834,0.85362,0.737354,0.786191,0.778276,0.82153,0.946617,0.855446,0.855962,0.815944
3.217,2.0504,0.843862,0.85288,0.737057,0.784835,0.778103,0.820783,0.947244,0.854753,0.855729,0.816445
3.2172,2.05122,0.842882,0.851899,0.736375,0.782366,0.777869,0.820497,0.948299,0.854332,0.855988,0.816984
3.2174,2.05104,0.841473,0.850575,0.735346,0.779734,0.777381,0.820672,0.949063,0.8546,0.856298,0.81686
3.2176,2.05025,0.841149,0.84901,0.734283,0.777983,0.776655,0.820952,0.949717,0.855034,0.855799,0.81613
3.2178,2.04936,0.842001,0.847637,0.733506,0.777402,0.775854,0.820658,0.950911,0.85469,0.854572,0.81523
3.218,2.04898,0.842631,0.846395,0.732895,0.77737,0.775184,0.819904,0.951666,0.853036,0.853378,0.814633
3.2182,2.04928,0.84176,0.84557,0.732411,0.777101,0.774717,0.818831,0.951199,0.850534,0.853284,0.814593
3.2184,2.04991,0.839118,0.844893,0.731987,0.776214,0.774448,0.817896,0.949982,0.848056,0.854022,0.814893
3.2186,2.05033,0.835654,0.844392,0.731853,0.774898,0.774352,0.817263,0.949456,0.846612,0.855155,0.815146
3.2188,2.05006,0.832942,0.844003,0.731436,0.773716,0.7744,0.816502,0.950237,0.846531,0.855772,0.81494
3.219,2.04897,0.832444,0.843181,0.730765,0.773237,0.774627,0.815643,0.951613,0.847417,0.85518,0.814058
3.2192,2.04771,0.83342,0.841255,0.729833,0.773623,0.774884,0.81444,0.952541,0.847675,0.853611,0.812896
3.2194,2.04703,0.83464,0.838659,0.728678,0.774572,0.77493,0.812883,0.952757,0.846313,0.852539,0.812092
3.2196,2.04679,0.835328,0.837148,0.727451,0.775306,0.774651,0.811406,0.952964,0.843313,0.852652,0.811745
3.2198,2.04621,0.833838,0.836943,0.726427,0.775185,0.774187,0.810078,0.953801,0.839999,0.853783,0.811284
3.22,2.04474,0.830902,0.837072,0.725757,0.774634,0.77359,0.809,0.955099,0.838495,0.854858,0.810223
3.2202,2.04216,0.828881,0.836752,0.725894,0.77444,0.773173,0.808131,0.955857,0.838653,0.854676,0.808296
3.2204,2.03921,0.828405,0.835518,0.726462,0.774627,0.772906,0.807276,0.955359,0.838923,0.853481,0.805878
3.2206,2.0371,0.828332,0.833735,0.726697,0.774844,0.772263,0.806404,0.954595,0.837941,0.85216,0.803946
3.2208,2.03636,0.827378,0.832298,0.726193,0.774835,0.771394,0.805561,0.953831,0.835476,0.851593,0.803076
3.221,2.036,0.825311,0.831825,0.725259,0.774516,0.770569,0.804839,0.953332,0.832646,0.852197,0.802798
3.2212,2.03491,0.822771,0.832216,0.724532,0.77409,0.769701,0.804308,0.953021,0.830707,0.853317,0.802111
3.2214,2.03261,0.820627,0.832297,0.724603,0.774033,0.768688,0.804021,0.951834,0.83023,0.853697,0.800532
3.2216,2.02958,0.819463,0.831426,0.725619,0.774553,0.767706,0.80407,0.950757,0.830891,0.852878,0.798222
3.2218,2.0268,0.819326,0.829956,0.727047,0.775378,0.766732,0.804467,0.949704,0.831806,0.850916,0.795937
3.222,2.02515,0.819692,0.828649,0.727772,0.776163,0.766373,0.805112,0.948622,0.832135,0.848752,0.79445
3.2222,2.02424,0.81991,0.828005,0.72752,0.776733,0.765825,0.805442,0.946428,0.831388,0.848971,0.793701
3.2224,2.02347,0.819634,0.828061,0.726499,0.776867,0.764389,0.805366,0.943877,0.829972,0.851368,0.793179
3.2226,2.02208,0.818901,0.828303,0.72546,0.776659,0.762365,0.805608,0.941886,0.828792,0.853804,0.792328
3.2228,2.01977,0.818117,0.828071,0.725037,0.77652,0.76036,0.806443,0.940209,0.828521,0.854301,0.790741
3.223,2.01729,0.817956,0.827121,0.725023,0.776517,0.758955,0.807186,0.939335,0.829133,0.852645,0.788858
3.2232,2.01536,0.818437,0.825844,0.725557,0.776312,0.758199,0.807163,0.938868,0.830013,0.850092,0.787307
3.2234,2.01448,0.818943,0.824928,0.726159,0.775592,0.757858,0.806409,0.938608,0.83031,0.848206,0.786495
3.2236,2.01475,0.819091,0.825134,0.726457,0.774956,0.757985,0.805601,0.937472,0.830211,0.848258,0.786641
3.2238,2.0155,0.819098,0.825919,0.726778,0.775438,0.759173,0.805345,0.93489,0.830357,0.850552,0.787322
3.224,2.01616,0.819023,0.826722,0.727437,0.777313,0.760014,0.805739,0.932097,0.830439,0.853082,0.787992
3.2242,2.01653,0.819075,0.826853,0.728063,0.778483,0.759787,0.806589,0.93016,0.830485,0.85356,0.78845
3.2244,2.01669,0.819436,0.826749,0.728589,0.77771,0.759129,0.807585,0.929712,0.830802,0.851575,0.788708
3.2246,2.01684,0.820034,0.827152,0.72887,0.774939,0.758895,0.808546,0.930473,0.831528,0.84832,0.788902
3.2248,2.01736,0.820598,0.827766,0.72877,0.771787,0.759731,0.809173,0.931654,0.832363,0.845927,0.789291
3.225,2.01866,0.820952,0.828418,0.728207,0.770379,0.760926,0.809166,0.932102,0.833019,0.845891,0.790253
3.2252,2.02037,0.820867,0.829065,0.727787,0.771381,0.761505,0.808902,0.931496,0.833737,0.847294,0.791635
3.2254,2.02193,0.820388,0.829461,0.728076,0.773774,0.76102,0.808973,0.931011,0.834193,0.849018,0.792988
3.2256,2.02291,0.820586,0.829935,0.728684,0.776231,0.760365,0.809634,0.931109,0.833912,0.849859,0.793941
3.2258,2.02335,0.821575,0.830999,0.729017,0.777833,0.761126,0.810273,0.932064,0.833742,0.849382,0.7944
3.226,2.02394,0.822803,0.832395,0.728906,0.777958,0.763224,0.810705,0.934156,0.834064,0.847503,0.794816
3.2262,2.02523,0.823225,0.833423,0.728093,0.777051,0.765591,0.810548,0.93606,0.834606,0.845225,0.795697
3.2264,2.02744,0.822788,0.833823,0.72725,0.776751,0.766664,0.809786,0.935799,0.835773,0.843682,0.797268
3.2266,2.03039,0.821459,0.834167,0.72782,0.777861,0.766426,0.808815,0.933727,0.837742,0.843538,0.799478
3.2268,2.03349,0.820269,0.834756,0.729407,0.780285,0.766047,0.808748,0.931957,0.839547,0.844899,0.801902
3.227,2.03624,0.819615,0.836395,0.730219,0.782187,0.765914,0.809086,0.932168,0.840359,0.847034,0.804126
3.2272,2.03832,0.820188,0.839077,0.729553,0.782745,0.766709,0.809152,0.934346,0.840152,0.848638,0.80583
3.2274,2.03987,0.821105,0.841343,0.727325,0.782007,0.768347,0.808322,0.936857,0.840231,0.849058,0.807037
3.2276,2.04152,0.821199,0.842339,0.724855,0.781093,0.76964,0.807296,0.938031,0.841151,0.848393,0.808166
3.2278,2.04359,0.820099,0.842529,0.723652,0.780835,0.77001,0.807026,0.937654,0.842799,0.847229,0.809626
3.228,2.04613,0.817818,0.843114,0.724245,0.781857,0.769741,0.807878,0.937219,0.844266,0.846031,0.811396
3.2282,2.04884,0.815585,0.844598,0.725516,0.78376,0.769586,0.809096,0.938309,0.844669,0.845675,0.813437
3.2284,2.05084,0.815343,0.846712,0.725939,0.785179,0.769956,0.809407,0.940914,0.844042,0.846437,0.815024
3.2286,2.05205,0.816827,0.849262,0.725049,0.785713,0.770809,0.808908,0.943792,0.84276,0.847795,0.815953
3.2288,2.05252,0.818205,0.851496,0.723656,0.785287,0.771799,0.808004,0.945529,0.842226,0.84901,0.816298
3.229,2.05298,0.818453,0.853201,0.722403,0.784567,0.772718,0.807235,0.945383,0.84313,0.849436,0.816352
3.2292,2.05485,0.817498,0.854386,0.721794,0.783891,0.773128,0.806884,0.943603,0.846323,0.848825,0.81738
3.2294,2.05724,0.81643,0.855368,0.721919,0.783123,0.773383,0.806989,0.942558,0.849723,0.847599,0.819071
3.2296,2.05944,0.815775,0.856237,0.722492,0.78295,0.7739,0.80739,0.943217,0.849877,0.846674,0.820638
3.2298,2.06098,0.815663,0.857267,0.723064,0.78338,0.774824,0.807897,0.945236,0.846757,0.84691,0.821864
3.23,2.06098,0.815928,0.858252,0.72333,0.782943,0.776019,0.808424,0.946049,0.842397,0.848345,0.821931
3.2302,2.06041,0.81633,0.859616,0.723237,0.781336,0.777178,0.809035,0.945969,0.839354,0.850136,0.821299
3.2304,2.05986,0.816735,0.861105,0.722898,0.778816,0.777863,0.809752,0.944825,0.838688,0.851192,0.820646
3.2306,2.05998,0.817123,0.862403,0.722534,0.776732,0.777851,0.810354,0.942839,0.840131,0.850846,0.820326
3.2308,2.06134,0.817567,0.863068,0.72249,0.775604,0.777593,0.8108,0.941048,0.841803,0.849356,0.821008
3.231,2.06293,0.818134,0.863155,0.723057,0.775877,0.777576,0.811441,0.940355,0.842215,0.848088,0.822087
3.2312,2.06412,0.818443,0.862865,0.723751,0.777012,0.778157,0.812458,0.939445,0.840412,0.847681,0.822903
3.2314,2.06471,0.818742,0.862937,0.723863,0.777381,0.778531,0.81355,0.938552,0.837559,0.848293,0.823297
3.2316,2.06459,0.81952,0.863632,0.723237,0.775993,0.778174,0.814341,0.93775,0.835314,0.848954,0.823109
3.2318,2.06439,0.820375,0.865169,0.722239,0.773747,0.777078,0.814919,0.937348,0.834365,0.849049,0.822703
3.232,2.06468,0.820684,0.866921,0.721455,0.772093,0.77568,0.815755,0.937016,0.83443,0.847892,0.822614
3.2322,2.06558,0.820096,0.868057,0.721266,0.771535,0.774625,0.81688,0.93569,0.834732,0.845753,0.823
3.2324,2.0671,0.818874,0.867892,0.72166,0.771825,0.774079,0.817684,0.93345,0.834607,0.84329,0.823881
3.2326,2.06883,0.817812,0.866704,0.722323,0.772295,0.774274,0.818212,0.931728,0.833895,0.84146,0.825038
3.2328,2.06996,0.8176,0.865492,0.722856,0.772295,0.774533,0.818652,0.931497,0.832955,0.840801,0.825882
3.233,2.07036,0.818284,0.865073,0.722889,0.771762,0.773613,0.81919,0.932392,0.832364,0.840884,0.826072
3.2332,2.07063,0.819339,0.865358,0.722287,0.771177,0.771533,0.819789,0.933234,0.832602,0.840403,0.826031
3.2334,2.07128,0.820145,0.866107,0.721612,0.771037,0.769446,0.820434,0.93318,0.833586,0.839364,0.826262
3.2336,2.07194,0.820354,0.866417,0.72127,0.771051,0.768416,0.821061,0.932619,0.834414,0.837817,0.826588
3.2338,2.07211,0.81991,0.865583,0.721201,0.770957,0.768459,0.821044,0.932542,0.834642,0.835593,0.826642
3.234,2.07126,0.819029,0.863921,0.720906,0.77081,0.768265,0.821013,0.933076,0.834788,0.833312,0.825969
3.2342,2.06967,0.818354,0.862645,0.71999,0.770554,0.766906,0.821713,0.933893,0.834991,0.831251,0.824605
3.2344,2.06824,0.818262,0.862002,0.718911,0.770065,0.764372,0.822493,0.93502,0.834974,0.829702,0.823187
3.2346,2.0677,0.81828,0.861977,0.718046,0.769521,0.76164,0.822879,0.935556,0.83501,0.828709,0.822386
3.2348,2.0681,0.817711,0.862171,0.717498,0.769151,0.759793,0.822533,0.934984,0.834933,0.827871,0.822374
3.235,2.06892,0.816145,0.862115,0.717208,0.768984,0.759204,0.822125,0.933813,0.83506,0.826884,0.822825
3.2352,2.0694,0.814235,0.861013,0.717017,0.768902,0.759367,0.821842,0.933105,0.835404,0.82568,0.823138
3.2354,2.06913,0.812874,0.859217,0.716842,0.768783,0.75949,0.822231,0.933932,0.836165,0.824381,0.822918
3.2356,2.06813,0.812113,0.857022,0.716615,0.768621,0.759039,0.823423,0.936186,0.837441,0.823246,0.822095
3.2358,2.06679,0.811861,0.855524,0.715844,0.768529,0.758011,0.823948,0.938263,0.838442,0.822565,0.820909
3.236,2.06571,0.811321,0.85486,0.714406,0.768666,0.756814,0.823172,0.939027,0.838532,0.822366,0.819829
3.2362,2.06523,0.809711,0.854169,0.712852,0.768942,0.75598,0.82214,0.938856,0.837667,0.822271,0.819213
3.2364,2.06484,0.807418,0.853228,0.711762,0.769016,0.75586,0.821675,0.938684,0.836208,0.822076,0.818843
3.2366,2.06374,0.805017,0.852081,0.711153,0.768725,0.756045,0.821708,0.938826,0.835114,0.82203,0.818006
3.2368,2.06204,0.803159,0.850693,0.710784,0.76816,0.755902,0.821514,0.939264,0.835173,0.822007,0.816692
3.237,2.0595,0.802225,0.849529,0.710302,0.767524,0.75533,0.821017,0.939499,0.835669,0.821736,0.814749
3.2372,2.05716,0.801733,0.848819,0.709511,0.766878,0.754536,0.82059,0.939389,0.835359,0.821464,0.812711
3.2374,2.05564,0.801058,0.848361,0.708681,0.766548,0.753983,0.820534,0.938793,0.833706,0.821695,0.811286
3.2376,2.05513,0.799864,0.847718,0.708197,0.766466,0.753972,0.820871,0.937853,0.83102,0.822366,0.810673
3.2378,2.05472,0.798251,0.846791,0.708277,0.766232,0.754362,0.820862,0.936457,0.828815,0.823128,0.810397
3.238,2.0534,0.796666,0.845945,0.708819,0.765568,0.755263,0.820386,0.935842,0.82765,0.823864,0.809549
3.2382,2.051,0.795595,0.845304,0.7095,0.764991,0.755934,0.819576,0.936769,0.827254,0.824617,0.807833
3.2384,2.04816,0.795218,0.844681,0.709998,0.764383,0.755919,0.818744,0.937513,0.826941,0.82526,0.805617
3.2386,2.04579,0.795344,0.843993,0.710168,0.764304,0.755638,0.818465,0.936834,0.826163,0.825565,0.803648
3.2388,2.04414,0.795605,0.843099,0.709928,0.765538,0.754951,0.818764,0.935118,0.826176,0.825498,0.802233
3.239,2.04337,0.795709,0.842267,0.709662,0.766529,0.75399,0.819144,0.933406,0.82797,0.824897,0.801526
3.2392,2.04274,0.79607,0.84152,0.709777,0.765654,0.753269,0.819432,0.934259,0.829469,0.823971,0.801132
3.2394,2.04165,0.796644,0.840869,0.710214,0.763088,0.752981,0.81927,0.937035,0.828317,0.823604,0.800434
3.2396,2.04013,0.796992,0.840681,0.710655,0.760362,0.753589,0.818363,0.938769,0.824598,0.824148,0.799386
3.2398,2.03836,0.797143,0.840932,0.710772,0.758668,0.754676,0.817082,0.939484,0.82092,0.825312,0.798084
3.24,2.03706,0.796888,0.84082,0.710457,0.758322,0.755248,0.816359,0.939709,0.819235,0.826999,0.796998
3.2402,2.03674,0.79669,0.840139,0.710027,0.758935,0.755511,0.816571,0.940408,0.819411,0.828025,0.796655
3.2404,2.03717,0.796392,0.838937,0.71001,0.759494,0.756125,0.817095,0.942306,0.820142,0.828095,0.796961
3.2406,2.03818,0.796428,0.83784,0.710598,0.75925,0.756833,0.817197,0.943522,0.820275,0.827041,0.797758
3.2408,2.03918,0.797209,0.837996,0.711594,0.758514,0.757211,0.816561,0.942728,0.81946,0.826104,0.798684
3.241,2.03976,0.797735,0.838968,0.713054,0.75784,0.75721,0.815832,0.941274,0.818163,0.826373,0.799296
3.2412,2.04011,0.797448,0.839717,0.714359,0.757522,0.756932,0.815693,0.940587,0.817122,0.827473,0.799669
3.2414,2.04042,0.796673,0.839715,0.714678,0.757497,0.756721,0.815445,0.940715,0.816941,0.828712,0.799935
3.2416,2.04133,0.796905,0.839284,0.713867,0.757865,0.757854,0.815132,0.941492,0.817504,0.828692,0.800563
3.2418,2.04315,0.798488,0.838732,0.712485,0.758225,0.759921,0.815126,0.942336,0.818374,0.827516,0.801864
3.242,2.04531,0.800657,0.838521,0.711407,0.758426,0.761577,0.815435,0.94229,0.818928,0.826283,0.803605
3.2422,2.04721,0.802301,0.838885,0.71128,0.758686,0.761743,0.815329,0.941943,0.819197,0.825903,0.805179
3.2424,2.04858,0.802171,0.839495,0.71194,0.759037,0.760563,0.814938,0.942372,0.819383,0.82627,0.806388
3.2426,2.04926,0.801275,0.84028,0.712899,0.759253,0.759397,0.814719,0.943692,0.819466,0.826918,0.807026
3.2428,2.04997,0.801095,0.840908,0.713209,0.759119,0.759463,0.814889,0.94435,0.819432,0.827545,0.807493
3.243,2.05147,0.801748,0.841582,0.712686,0.758726,0.761066,0.815191,0.943968,0.819422,0.828041,0.80848
3.2432,2.05375,0.802988,0.842414,0.711396,0.758362,0.763128,0.81503,0.942716,0.819368,0.828078,0.810095
3.2434,2.05668,0.804124,0.843376,0.710105,0.758422,0.764487,0.81459,0.942925,0.819266,0.827652,0.812241
3.2436,2.05962,0.804853,0.844855,0.709456,0.7589,0.764606,0.814415,0.944176,0.81943,0.827031,0.814562
3.2438,2.06178,0.805375,0.846413,0.709415,0.75963,0.763867,0.814818,0.946152,0.820149,0.82665,0.81634
3.244,2.0633,0.806078,0.847421,0.709943,0.760369,0.762969,0.815431,0.947893,0.821186,0.826901,0.817522
3.2442,2.06456,0.806466,0.847794,0.710491,0.760963,0.762897,0.816263,0.947117,0.822125,0.827723,0.8184
3.2444,2.06615,0.806641,0.848097,0.710957,0.761317,0.764633,0.816828,0.945377,0.822812,0.828617,0.81944
3.2446,2.06851,0.807483,0.849203,0.71203,0.761241,0.767812,0.816638,0.945411,0.822984,0.829363,0.820991
3.2448,2.07119,0.808856,0.850879,0.713112,0.760793,0.770706,0.816248,0.946629,0.822995,0.830051,0.822978
3.245,2.07319,0.810006,0.852321,0.713137,0.760422,0.771579,0.815745,0.948273,0.823193,0.830096,0.824541
3.2452,2.07431,0.810768,0.853388,0.71177,0.760643,0.769919,0.815654,0.948466,0.823472,0.829085,0.825424
3.2454,2.07443,0.810888,0.854547,0.709926,0.761347,0.766755,0.816355,0.947896,0.823476,0.827604,0.82554
3.2456,2.07428,0.810565,0.855926,0.708879,0.761441,0.764107,0.817755,0.947023,0.82316,0.826371,0.825155
3.2458,2.07503,0.810342,0.858002,0.708902,0.760614,0.764502,0.819038,0.947257,0.823283,0.825885,0.825404
3.246,2.0765,0.81098,0.86051,0.709576,0.758619,0.767988,0.81919,0.947605,0.823143,0.825631,0.82623
3.2462,2.07871,0.812509,0.862341,0.710257,0.756771,0.771656,0.818165,0.948032,0.822746,0.825612,0.827679
3.2464,2.08092,0.81441,0.863066,0.71048,0.756696,0.773265,0.817426,0.948841,0.822251,0.82546,0.829261
3.2466,2.08257,0.815674,0.863109,0.710309,0.757573,0.771903,0.818143,0.949338,0.821692,0.824527,0.830489
3.2468,2.08338,0.815758,0.863386,0.710207,0.757923,0.767906,0.820079,0.950507,0.821421,0.822937,0.831081
3.247,2.08331,0.815108,0.864275,0.710387,0.756763,0.763895,0.821771,0.951696,0.821411,0.821051,0.830965
3.2472,2.08282,0.814421,0.865644,0.710656,0.754482,0.762554,0.822342,0.95269,0.822115,0.819268,0.830379
3.2474,2.08274,0.814262,0.867262,0.710876,0.752686,0.764031,0.821489,0.953452,0.822497,0.818411,0.829989
3.2476,2.08331,0.815003,0.868513,0.711156,0.752018,0.766639,0.819824,0.95318,0.821837,0.818764,0.830109
3.2478,2.08429,0.81634,0.869506,0.711218,0.752727,0.768012,0.819293,0.952634,0.820803,0.819773,0.830628
3.248,2.08524,0.817456,0.870252,0.711057,0.753784,0.766849,0.820612,0.952392,0.819874,0.820122,0.831195
3.2482,2.08592,0.817747,0.871068,0.710811,0.753738,0.763863,0.82277,0.954048,0.819253,0.819419,0.831586
3.2484,2.0862,0.816868,0.871927,0.710608,0.75223,0.760768,0.824834,0.956246,0.818929,0.817747,0.831672
3.2486,2.08631,0.815696,0.873062,0.710522,0.750179,0.759124,0.825876,0.956949,0.818601,0.815845,0.83155
3.2488,2.08661,0.815018,0.874169,0.710534,0.748714,0.759422,0.825481,0.956551,0.818061,0.814632,0.83152
3.249,2.08735,0.81487,0.874572,0.710606,0.74841,0.760866,0.824186,0.956774,0.817353,0.814547,0.8318
3.2492,2.08862,0.815301,0.873841,0.710747,0.749008,0.762089,0.823201,0.957708,0.816719,0.81529,0.832489
3.2494,2.09005,0.816527,0.873067,0.710962,0.749737,0.762181,0.823412,0.958401,0.816456,0.816084,0.833423
3.2496,2.0909,0.817405,0.873097,0.711169,0.750005,0.761193,0.824541,0.958275,0.816687,0.816261,0.834024
3.2498,2.09121,0.817155,0.873527,0.711173,0.749763,0.759891,0.825544,0.957821,0.817277,0.815722,0.834117
3.25,2.0913,0.816039,0.873467,0.710825,0.749367,0.7588,0.826296,0.957898,0.817947,0.814729,0.834013
3.2502,2.09126,0.814799,0.872382,0.710121,0.749126,0.758215,0.82678,0.958545,0.818282,0.813738,0.833775
3.2504,2.09121,0.813741,0.870822,0.709299,0.748977,0.758313,0.826577,0.958614,0.817945,0.81351,0.83351
3.2506,2.09122,0.81314,0.869408,0.708705,0.749158,0.758682,0.825556,0.957709,0.817453,0.814292,0.833329
3.2508,2.09096,0.813155,0.868663,0.708398,0.749935,0.758715,0.824409,0.957227,0.81737,0.815102,0.832978
3.251,2.09059,0.813188,0.868131,0.708114,0.750756,0.758036,0.823652,0.956955,0.817648,0.814919,0.832502
3.2512,2.09017,0.81311,0.867583,0.707583,0.751358,0.75669,0.823699,0.955894,0.817946,0.813488,0.831991
3.2514,2.08992,0.812612,0.866558,0.7066,0.751367,0.755045,0.824252,0.954403,0.818022,0.81147,0.831546
3.2516,2.09018,0.811385,0.865331,0.705593,0.751039,0.75367,0.824604,0.954074,0.818113,0.809968,0.831474
3.2518,2.09066,0.810157,0.864404,0.70483,0.750621,0.753059,0.824175,0.954868,0.818168,0.809648,0.831675
3.252,2.09092,0.808922,0.86344,0.704682,0.750848,0.753253,0.823515,0.95477,0.818008,0.810344,0.831754
3.2522,2.0908,0.807959,0.861989,0.70459,0.751648,0.753795,0.823335,0.954147,0.817759,0.811361,0.831592
3.2524,2.08994,0.807914,0.860309,0.704354,0.75255,0.754037,0.823043,0.953273,0.817617,0.81194,0.8309
3.2526,2.08862,0.808553,0.859117,0.703769,0.753172,0.753632,0.822254,0.953034,0.817305,0.811682,0.829739
3.2528,2.08775,0.808783,0.858591,0.702509,0.753147,0.752698,0.821031,0.954136,0.817052,0.810774,0.828786
3.253,2.08722,0.807676,0.857992,0.701133,0.75252,0.751571,0.819637,0.954878,0.816877,0.809739,0.828182
3.2532,2.08696,0.805363,0.856809,0.700196,0.751992,0.750442,0.819138,0.952786,0.816891,0.809024,0.827831
3.2534,2.08605,0.803475,0.855205,0.69958,0.752023,0.749418,0.819554,0.950961,0.816914,0.808902,0.827178
3.2536,2.08435,0.802499,0.853743,0.699111,0.752129,0.748408,0.820081,0.951159,0.816532,0.808895,0.825868
3.2538,2.08195,0.802251,0.852433,0.698615,0.751692,0.747251,0.820324,0.952263,0.816026,0.808535,0.823989
3.254,2.07969,0.802547,0.85151,0.69806,0.750657,0.746321,0.819887,0.952843,0.815635,0.807376,0.822034
3.2542,2.07812,0.802412,0.85084,0.697576,0.749683,0.74581,0.818631,0.951316,0.815637,0.805765,0.820599
3.2544,2.07764,0.801201,0.849885,0.69732,0.74897,0.7454,0.817132,0.948249,0.815682,0.804557,0.81994
3.2546,2.07756,0.799322,0.848996,0.697381,0.748325,0.744949,0.816261,0.945521,0.816124,0.804108,0.819865
3.2548,2.07682,0.797925,0.848395,0.697753,0.747864,0.743838,0.816378,0.944255,0.817086,0.803761,0.819419
3.255,2.07494,0.797442,0.847894,0.698334,0.747251,0.742045,0.817243,0.945881,0.817681,0.803215,0.81814
3.2552,2.07224,0.797727,0.847452,0.698921,0.747307,0.73964,0.817927,0.948894,0.817885,0.802091,0.816115
3.2554,2.06934,0.798235,0.84714,0.699179,0.749199,0.737939,0.818043,0.950279,0.817705,0.801112,0.81381
3.2556,2.06736,0.798403,0.847205,0.699077,0.751023,0.73751,0.817848,0.948015,0.817012,0.801211,0.812008
3.2558,2.06703,0.797812,0.84716,0.699194,0.750945,0.737556,0.817639,0.945161,0.816991,0.802535,0.811494
3.256,2.0675,0.797555,0.846705,0.699769,0.749004,0.73714,0.817579,0.944648,0.817863,0.804027,0.811798
3.2562,2.06822,0.798015,0.84601,0.700471,0.746376,0.73609,0.817386,0.945712,0.818634,0.804145,0.8124
3.2564,2.06847,0.798341,0.845533,0.700838,0.744522,0.734824,0.817005,0.947461,0.818792,0.802811,0.812785
3.2566,2.06771,0.797775,0.845056,0.700664,0.744121,0.734068,0.81631,0.948162,0.818228,0.800658,0.812355
3.2568,2.06704,0.796471,0.844769,0.70035,0.744569,0.733964,0.815741,0.946102,0.817183,0.799073,0.811772
3.257,2.06667,0.795077,0.844405,0.700844,0.744577,0.733839,0.815712,0.943244,0.816581,0.798798,0.811457
3.2572,2.06747,0.79443,0.844267,0.701794,0.743883,0.73343,0.816036,0.942707,0.817054,0.799628,0.81181
3.2574,2.06922,0.794689,0.844395,0.702673,0.743037,0.733045,0.816897,0.944921,0.818126,0.800526,0.813154
3.2576,2.07105,0.795429,0.844411,0.703386,0.742712,0.733058,0.81785,0.946696,0.818986,0.800816,0.81459
3.2578,2.07247,0.796018,0.844265,0.703725,0.743079,0.733618,0.81758,0.945335,0.819246,0.800555,0.815847
3.258,2.07306,0.796086,0.844027,0.703662,0.743961,0.734796,0.816123,0.941829,0.819044,0.800166,0.816453
3.2582,2.07328,0.795758,0.843792,0.703321,0.745008,0.736222,0.814692,0.939038,0.819018,0.800211,0.816628
3.2584,2.07363,0.795508,0.843519,0.702963,0.745474,0.736964,0.813907,0.938928,0.819672,0.801035,0.816859
3.2586,2.07425,0.795552,0.843608,0.703202,0.7451,0.736856,0.813988,0.940998,0.821085,0.801968,0.817268
3.2588,2.07515,0.795768,0.844073,0.704003,0.745192,0.736392,0.814574,0.942032,0.822296,0.802568,0.817902
3.259,2.07609,0.796577,0.845378,0.704622,0.746317,0.736378,0.814983,0.941192,0.822311,0.802895,0.81863
3.2592,2.0771,0.797682,0.847663,0.704678,0.747752,0.73699,0.814976,0.940415,0.821021,0.802993,0.819331
3.2594,2.07854,0.798561,0.849642,0.70411,0.748493,0.738396,0.814571,0.940181,0.818911,0.803313,0.82035
3.2596,2.08038,0.798599,0.850001,0.703191,0.748376,0.740035,0.813827,0.94016,0.817557,0.803661,0.821631
3.2598,2.08258,0.797457,0.848864,0.703369,0.74838,0.740937,0.812985,0.939313,0.818266,0.80413,0.823308
3.26,2.08455,0.795308,0.8478,0.705065,0.749396,0.74103,0.812396,0.937502,0.819906,0.804633,0.824776
3.2602,2.08652,0.794038,0.848121,0.706693,0.751575,0.740779,0.812323,0.935607,0.820479,0.805235,0.826268
3.2604,2.08807,0.794259,0.850463,0.706743,0.754013,0.741359,0.812732,0.934325,0.819433,0.806154,0.827464
3.2606,2.08943,0.795689,0.853782,0.705235,0.755426,0.743267,0.813248,0.93505,0.816756,0.807118,0.828409
3.2608,2.09101,0.797111,0.856551,0.702855,0.755381,0.745641,0.813244,0.936326,0.814126,0.807969,0.829485
3.261,2.0929,0.796929,0.857783,0.701048,0.754405,0.747419,0.81309,0.936897,0.81324,0.808385,0.830724
3.2612,2.09567,0.794707,0.857567,0.701846,0.753498,0.748211,0.813122,0.935608,0.814167,0.80865,0.832586
3.2614,2.09888,0.791438,0.856838,0.704542,0.753394,0.748481,0.813486,0.934605,0.815252,0.80926,0.834914
3.2616,2.10159,0.78966,0.85725,0.706598,0.754214,0.748344,0.813782,0.934776,0.814805,0.810103,0.837014
3.2618,2.10367,0.791191,0.859514,0.706222,0.755602,0.748001,0.813486,0.935705,0.812949,0.811206,0.838527
3.262,2.10507,0.795152,0.862576,0.703917,0.756597,0.74836,0.812831,0.936876,0.810363,0.812416,0.839586
3.2622,2.10618,0.798643,0.864987,0.701673,0.756504,0.749088,0.812372,0.937793,0.808089,0.813332,0.840181
3.2624,2.10815,0.799922,0.866092,0.70065,0.755248,0.750179,0.813116,0.938359,0.807993,0.814052,0.841345
3.2626,2.11041,0.79913,0.865972,0.701225,0.754958,0.751248,0.814507,0.938762,0.810591,0.814666,0.842837
3.2628,2.11313,0.797824,0.865505,0.702693,0.755664,0.752126,0.816096,0.939487,0.813027,0.814837,0.844619
3.263,2.11625,0.797362,0.865728,0.703976,0.755989,0.752284,0.816994,0.939648,0.812924,0.814928,0.846793
3.2632,2.11878,0.797706,0.867096,0.704357,0.755062,0.752003,0.816495,0.940002,0.810778,0.814764,0.848634
3.2634,2.1206,0.798875,0.869219,0.703899,0.75281,0.751643,0.815201,0.941597,0.808681,0.81491,0.849943
3.2636,2.12114,0.799977,0.871042,0.703135,0.750098,0.750981,0.814132,0.943982,0.807856,0.81525,0.850308
3.2638,2.12119,0.799903,0.871906,0.702533,0.747917,0.750077,0.814017,0.945039,0.808833,0.816015,0.850029
3.264,2.12178,0.799313,0.872006,0.702457,0.747218,0.748945,0.814545,0.943461,0.81074,0.816914,0.849999
3.2642,2.1239,0.799187,0.871596,0.70321,0.747871,0.748581,0.815308,0.940976,0.811539,0.81745,0.851065
3.2644,2.12714,0.799641,0.870888,0.704323,0.749337,0.748999,0.815867,0.940065,0.81107,0.81699,0.853119
3.2646,2.1304,0.799782,0.870223,0.705085,0.749983,0.749182,0.815846,0.941155,0.810582,0.816011,0.85548
3.2648,2.13217,0.799597,0.86958,0.705027,0.748869,0.74834,0.815617,0.942902,0.810638,0.815301,0.856875
3.265,2.13229,0.799515,0.869238,0.70444,0.747198,0.746885,0.81548,0.944035,0.810811,0.815316,0.856902
3.2652,2.13155,0.799411,0.869219,0.704187,0.746045,0.745827,0.81582,0.94295,0.81076,0.815661,0.856058
3.2654,2.13132,0.799006,0.868995,0.704487,0.745782,0.745461,0.816067,0.940876,0.810207,0.815719,0.855339
3.2656,2.13259,0.798631,0.867973,0.705009,0.746446,0.745794,0.81617,0.938982,0.809232,0.815156,0.855695
3.2658,2.13501,0.79853,0.866318,0.705334,0.747366,0.746196,0.816075,0.939288,0.80867,0.814197,0.857125
3.266,2.13733,0.798674,0.864554,0.705249,0.748245,0.746372,0.81609,0.941048,0.80913,0.813424,0.8587
3.2662,2.13877,0.798971,0.863132,0.70461,0.748485,0.746135,0.816312,0.943038,0.810183,0.81319,0.859687
3.2664,2.13923,0.799143,0.862148,0.703665,0.748068,0.745662,0.81624,0.94291,0.811042,0.813296,0.859864
3.2666,2.13921,0.799581,0.861682,0.702873,0.748313,0.745263,0.816181,0.940048,0.811377,0.81323,0.85953
3.2668,2.13916,0.800368,0.860921,0.702405,0.749016,0.745166,0.816104,0.935919,0.811109,0.813191,0.85914
3.267,2.13942,0.800853,0.859182,0.702707,0.749315,0.745599,0.81555,0.934239,0.810365,0.812825,0.858934
3.2672,2.13984,0.800047,0.856877,0.7035,0.748936,0.746075,0.81451,0.936649,0.809893,0.812091,0.858901
3.2674,2.14052,0.798372,0.854619,0.704077,0.747826,0.746068,0.813995,0.941034,0.810327,0.811508,0.859059
3.2676,2.14093,0.796819,0.852841,0.704001,0.746544,0.745737,0.814056,0.941962,0.810831,0.810946,0.859144
3.2678,2.1412,0.796023,0.851611,0.703364,0.746198,0.745467,0.814351,0.938983,0.810437,0.81027,0.859027
3.268,2.14112,0.795852,0.850811,0.702259,0.746822,0.745327,0.814026,0.935989,0.809095,0.810046,0.858745
3.2682,2.14075,0.796129,0.850088,0.701607,0.747415,0.745295,0.813247,0.934779,0.806998,0.809955,0.858184
3.2684,2.13992,0.796036,0.849151,0.701823,0.747129,0.745356,0.812013,0.934472,0.805642,0.809907,0.857325
3.2686,2.139,0.795874,0.848424,0.702491,0.746089,0.74544,0.810969,0.934099,0.805321,0.810413,0.856289
3.2688,2.13783,0.795576,0.847887,0.703048,0.744852,0.745347,0.810235,0.932434,0.805245,0.811011,0.855181
3.269,2.13609,0.795282,0.847101,0.702958,0.744623,0.745013,0.810173,0.930898,0.804523,0.811417,0.853639
3.2692,2.13442,0.794361,0.845924,0.70215,0.74538,0.744366,0.810421,0.929671,0.802531,0.810874,0.851999
3.2694,2.13347,0.793169,0.844219,0.700965,0.746089,0.743443,0.80997,0.928,0.800263,0.809081,0.850854
3.2696,2.1336,0.791555,0.842493,0.700031,0.74604,0.742616,0.809145,0.926516,0.798206,0.807423,0.850519
3.2698,2.13388,0.789803,0.841446,0.700441,0.745409,0.742524,0.808582,0.925732,0.796636,0.806935,0.850628
3.27,2.13346,0.788611,0.840851,0.701835,0.744271,0.742747,0.808455,0.925637,0.795521,0.807351,0.85022
3.2702,2.13232,0.78846,0.84012,0.703094,0.74311,0.742296,0.808111,0.925527,0.794403,0.808221,0.849252
3.2704,2.13052,0.789405,0.83879,0.703288,0.742597,0.740839,0.807516,0.924304,0.793392,0.808781,0.84775
3.2706,2.12939,0.790474,0.836983,0.701891,0.742857,0.738695,0.807025,0.922268,0.792315,0.808598,0.846413
3.2708,2.12927,0.790337,0.835221,0.699689,0.743416,0.736541,0.806684,0.92021,0.791295,0.807457,0.846065
3.271,2.12907,0.788769,0.833925,0.697992,0.743663,0.73523,0.806329,0.918027,0.790389,0.805888,0.845787
3.2712,2.12841,0.786276,0.83336,0.697842,0.74357,0.73471,0.805867,0.915315,0.789572,0.804629,0.845256
3.2714,2.12694,0.783817,0.833322,0.699136,0.743327,0.73452,0.805443,0.912356,0.788867,0.804269,0.844087
3.2716,2.12509,0.782467,0.833349,0.700682,0.743782,0.734193,0.805309,0.909648,0.78839,0.804882,0.842545
3.2718,2.12334,0.783428,0.833109,0.701786,0.744863,0.733676,0.805371,0.907676,0.788224,0.805842,0.840997
3.272,2.12221,0.785437,0.832475,0.701983,0.745187,0.732484,0.805423,0.906293,0.788554,0.806411,0.839844
3.2722,2.12203,0.78626,0.83256,0.701379,0.74365,0.730601,0.805774,0.90521,0.789959,0.806838,0.839464
3.2724,2.12228,0.785868,0.834246,0.700289,0.741048,0.728598,0.806,0.903319,0.791225,0.806821,0.839526
3.2726,2.12224,0.785158,0.836122,0.6992,0.739235,0.72743,0.80576,0.90105,0.791341,0.806303,0.839555
3.2728,2.12159,0.784399,0.836529,0.698807,0.738856,0.727706,0.80524,0.898801,0.790447,0.805741,0.839034
3.273,2.12067,0.783752,0.834873,0.699206,0.739243,0.728896,0.804528,0.895641,0.789754,0.805158,0.838266
3.2732,2.12019,0.78352,0.832547,0.700197,0.739444,0.730148,0.803885,0.892595,0.790163,0.804859,0.837681
3.2734,2.12032,0.783957,0.830961,0.701038,0.739003,0.730552,0.803713,0.891338,0.791069,0.805301,0.837604
3.2736,2.12109,0.784369,0.831091,0.70203,0.739182,0.73014,0.803806,0.890906,0.791503,0.805939,0.838036
3.2738,2.1218,0.784371,0.833515,0.702722,0.740681,0.730025,0.80375,0.889474,0.791792,0.806612,0.838625
3.274,2.12171,0.784236,0.836908,0.703077,0.742358,0.730492,0.803317,0.885507,0.791596,0.806765,0.83864
3.2742,2.12099,0.783392,0.83995,0.702983,0.74318,0.73135,0.802428,0.88079,0.791752,0.806131,0.838109
3.2744,2.12001,0.782199,0.840926,0.702648,0.742949,0.732227,0.801775,0.878031,0.792467,0.805384,0.837283
3.2746,2.11974,0.781038,0.839391,0.702482,0.742159,0.732686,0.801371,0.877852,0.793584,0.805526,0.836769
3.2748,2.12081,0.78058,0.836757,0.702592,0.74143,0.733109,0.801231,0.878656,0.793897,0.806625,0.837339
3.275,2.12259,0.780646,0.835134,0.703153,0.741397,0.734326,0.80094,0.878458,0.792962,0.808299,0.838593
3.2752,2.12422,0.781294,0.835815,0.703532,0.741977,0.736026,0.800247,0.876963,0.791645,0.809312,0.839896
3.2754,2.12478,0.782835,0.838181,0.703244,0.742801,0.737007,0.79944,0.875616,0.791738,0.808802,0.840513
3.2756,2.12442,0.784122,0.840527,0.702622,0.743506,0.736681,0.798707,0.875265,0.793834,0.80703,0.840265
3.2758,2.12382,0.78457,0.841997,0.702089,0.743772,0.735489,0.798215,0.875235,0.796484,0.8051,0.839695
3.276,2.12368,0.783923,0.842224,0.70196,0.743808,0.734383,0.79821,0.875043,0.798944,0.803878,0.839394
3.2762,2.12479,0.782611,0.841685,0.702743,0.743934,0.734054,0.798596,0.874231,0.800065,0.803938,0.839892
3.2764,2.12715,0.781228,0.84139,0.703918,0.744173,0.734654,0.79925,0.873165,0.800151,0.805388,0.841478
3.2766,2.12975,0.780918,0.842411,0.70492,0.74438,0.735878,0.799573,0.872407,0.799864,0.807115,0.843466
3.2768,2.13172,0.781593,0.844658,0.704967,0.744469,0.737192,0.799439,0.87204,0.799597,0.808183,0.845054
3.277,2.13267,0.782444,0.847226,0.704016,0.744541,0.738029,0.799184,0.87196,0.800227,0.807753,0.845905
3.2772,2.13303,0.782749,0.848647,0.702823,0.744671,0.738166,0.798854,0.872063,0.801248,0.806459,0.846058
3.2774,2.13392,0.782425,0.84891,0.702395,0.744821,0.737922,0.798709,0.872167,0.801647,0.805412,0.846494
3.2776,2.13542,0.781911,0.849155,0.702818,0.745027,0.738024,0.798903,0.872341,0.801438,0.804841,0.847453
3.2778,2.13724,0.781708,0.849939,0.703972,0.745464,0.739473,0.799118,0.872925,0.801859,0.804758,0.848672
3.278,2.13899,0.781569,0.851358,0.704947,0.746389,0.74142,0.79925,0.874047,0.802649,0.805177,0.849957
3.2782,2.14012,0.78146,0.852976,0.705039,0.747787,0.742666,0.799215,0.875511,0.803728,0.805813,0.850839
3.2784,2.14052,0.781456,0.854415,0.703876,0.748452,0.742681,0.798849,0.876423,0.804506,0.806261,0.851093
3.2786,2.14092,0.781478,0.855182,0.701735,0.7476,0.741385,0.798356,0.876179,0.804412,0.806012,0.851171
3.2788,2.14178,0.781605,0.855634,0.700053,0.745628,0.739514,0.798369,0.876014,0.803332,0.805428,0.851563
3.279,2.14356,0.781845,0.855991,0.699542,0.743852,0.737998,0.799215,0.876433,0.802209,0.804876,0.85256
3.2792,2.14647,0.781766,0.856894,0.701069,0.742941,0.73715,0.80017,0.876858,0.80221,0.804488,0.854462
3.2794,2.14937,0.781219,0.858318,0.703232,0.74286,0.737913,0.800908,0.876265,0.803328,0.804516,0.856687
3.2796,2.15119,0.780546,0.860207,0.703864,0.744028,0.740336,0.800819,0.875725,0.804899,0.804974,0.858088
3.2798,2.15189,0.78014,0.861873,0.702851,0.745298,0.743288,0.800498,0.875099,0.80579,0.805454,0.858657
3.28,2.15179,0.78019,0.862744,0.700561,0.745531,0.744945,0.799931,0.874247,0.806114,0.805607,0.858407
3.2802,2.15216,0.78062,0.862819,0.698311,0.744805,0.744847,0.799545,0.873295,0.805938,0.805447,0.858299
3.2804,2.15339,0.781201,0.862487,0.697074,0.74361,0.743485,0.799567,0.872169,0.806019,0.805058,0.858909
3.2806,2.15534,0.781709,0.862425,0.69702,0.742662,0.741903,0.800217,0.870586,0.806191,0.804558,0.86006
3.2808,2.15793,0.782009,0.863049,0.697403,0.742809,0.741758,0.800472,0.871212,0.806523,0.804258,0.861767
3.281,2.16045,0.781922,0.864014,0.697399,0.743916,0.74358,0.799871,0.872572,0.806572,0.80439,0.863602
3.2812,2.16182,0.781417,0.864732,0.697937,0.74496,0.746281,0.799329,0.871202,0.806055,0.805156,0.864647
3.2814,2.16228,0.780849,0.864373,0.698937,0.744927,0.748258,0.799562,0.868112,0.806087,0.805389,0.864878
3.2816,2.16264,0.780755,0.862766,0.699543,0.744111,0.748466,0.800408,0.865643,0.806721,0.804412,0.864794
3.2818,2.1639,0.780816,0.860692,0.699145,0.74347,0.747248,0.801085,0.865954,0.807292,0.802246,0.865351
3.282,2.16578,0.780907,0.859155,0.69797,0.743783,0.745972,0.801125,0.86734,0.807284,0.800102,0.866428
3.2822,2.1681,0.780576,0.858905,0.696806,0.744587,0.745646,0.800455,0.866539,0.806942,0.798902,0.867922
3.2824,2.16995,0.780096,0.85905,0.696252,0.745563,0.746617,0.799422,0.863385,0.806352,0.798675,0.869265
3.2826,2.1708,0.779058,0.858551,0.696475,0.74591,0.748269,0.798645,0.860435,0.806261,0.798936,0.869766
3.2828,2.17098,0.777752,0.856749,0.697146,0.745846,0.749633,0.798703,0.859556,0.806647,0.798242,0.869745
3.283,2.17079,0.776366,0.853928,0.697469,0.745923,0.749977,0.799061,0.860569,0.807519,0.796191,0.869316
3.2832,2.17074,0.775508,0.851068,0.697161,0.746163,0.749337,0.79964,0.861778,0.808567,0.793174,0.868949
3.2834,2.17074,0.774843,0.849256,0.696889,0.746006,0.74824,0.800602,0.861872,0.809013,0.790337,0.868665
3.2836,2.17044,0.77467,0.848997,0.697061,0.745504,0.747189,0.801268,0.861477,0.808399,0.788758,0.868241
3.2838,2.16951,0.774379,0.849749,0.697316,0.74491,0.746479,0.801239,0.861758,0.807277,0.788301,0.867383
3.284,2.16761,0.772964,0.850472,0.697122,0.744391,0.746083,0.800618,0.862772,0.806387,0.788175,0.86583
3.2842,2.16523,0.770848,0.849753,0.696417,0.744297,0.745701,0.799721,0.863831,0.806097,0.787428,0.863711
3.2844,2.16388,0.768855,0.847227,0.695402,0.74465,0.744933,0.799608,0.864586,0.806494,0.785853,0.862134
3.2846,2.16399,0.767473,0.843902,0.694501,0.745176,0.743679,0.800163,0.864445,0.807349,0.783958,0.86178
3.2848,2.16455,0.766697,0.841174,0.694199,0.745237,0.742414,0.801273,0.863795,0.807961,0.782307,0.862012
3.285,2.16474,0.766112,0.839899,0.694583,0.744808,0.741368,0.802886,0.863484,0.807974,0.781309,0.862068
3.2852,2.16414,0.765245,0.840019,0.695228,0.744172,0.7404,0.803687,0.863516,0.807329,0.78106,0.861579
3.2854,2.16261,0.764062,0.840569,0.695614,0.743711,0.738957,0.803617,0.863496,0.806311,0.781164,0.860347
3.2856,2.16082,0.762847,0.840492,0.695496,0.743607,0.737093,0.80318,0.863374,0.805055,0.781176,0.858747
3.2858,2.15998,0.761959,0.839437,0.694891,0.743807,0.735152,0.802629,0.863324,0.80483,0.780949,0.857636
3.286,2.16063,0.761574,0.837746,0.693976,0.744052,0.733927,0.801456,0.863582,0.805871,0.780438,0.857761
3.2862,2.16168,0.761622,0.836058,0.693438,0.743944,0.733092,0.800157,0.864375,0.806584,0.779722,0.858472
3.2864,2.16161,0.761792,0.834988,0.693604,0.743352,0.731892,0.799479,0.865625,0.806049,0.77914,0.858551
3.2866,2.16011,0.761586,0.834498,0.694161,0.74252,0.729998,0.799371,0.866612,0.804567,0.779001,0.857475
3.2868,2.15788,0.760786,0.83401,0.694304,0.741729,0.727606,0.799817,0.866415,0.80249,0.779124,0.855652
3.287,2.15595,0.760031,0.832916,0.693758,0.741019,0.725378,0.800406,0.866148,0.801008,0.779226,0.853894
3.2872,2.15513,0.759603,0.831508,0.692679,0.740124,0.723784,0.800491,0.865905,0.800877,0.779353,0.852884
3.2874,2.15572,0.759191,0.83042,0.69141,0.738818,0.722857,0.799499,0.864714,0.801312,0.779403,0.852996
3.2876,2.1569,0.758583,0.829954,0.69052,0.737923,0.722377,0.797843,0.863595,0.801512,0.779582,0.853813
3.2878,2.15738,0.757731,0.829991,0.690285,0.737314,0.721981,0.796473,0.862304,0.801259,0.780443,0.854306
3.288,2.15637,0.756758,0.830195,0.690568,0.736566,0.721383,0.7961,0.860813,0.800385,0.781566,0.853724
3.2882,2.15401,0.756152,0.830242,0.690762,0.735279,0.720601,0.7967,0.85983,0.79908,0.782641,0.851995
3.2884,2.15134,0.756267,0.829975,0.690405,0.73396,0.719935,0.79746,0.85937,0.798268,0.78358,0.849782
3.2886,2.14959,0.756828,0.829709,0.689614,0.733305,0.719805,0.797374,0.858635,0.79773,0.783921,0.848109
3.2888,2.14917,0.757311,0.830598,0.688797,0.733148,0.720029,0.796906,0.857436,0.797605,0.783965,0.847486
3.289,2.14977,0.757401,0.832488,0.688035,0.73246,0.720172,0.796404,0.855281,0.797675,0.784576,0.847796
3.2892,2.14992,0.75715,0.833514,0.687387,0.731052,0.720338,0.795931,0.851938,0.797866,0.785306,0.848095
3.2894,2.14861,0.756875,0.8329,0.687099,0.72922,0.72077,0.795609,0.849602,0.797271,0.785634,0.847319
3.2896,2.14582,0.757107,0.831123,0.686923,0.727923,0.721078,0.79531,0.848643,0.796025,0.785205,0.845357
3.2898,2.1428,0.757217,0.82959,0.686709,0.727405,0.720894,0.795013,0.847938,0.795016,0.783935,0.842911
3.29,2.14055,0.75697,0.829686,0.686574,0.728068,0.720165,0.794813,0.846286,0.794686,0.782588,0.840977
3.2902,2.13941,0.756106,0.831637,0.686534,0.729271,0.719266,0.79489,0.843243,0.795182,0.781884,0.8399
3.2904,2.1388,0.75519,0.834374,0.686457,0.729638,0.718753,0.794889,0.839875,0.796402,0.78202,0.83945
3.2906,2.13786,0.756321,0.836358,0.686362,0.728701,0.719115,0.794669,0.837859,0.79828,0.782853,0.838857
3.2908,2.13616,0.759496,0.836825,0.686335,0.72744,0.720275,0.794357,0.837691,0.799294,0.783354,0.837744
3.291,2.13411,0.761427,0.836436,0.686323,0.726894,0.721602,0.793666,0.83813,0.79888,0.782522,0.836188
3.2912,2.13249,0.761116,0.835987,0.686474,0.727395,0.722478,0.793113,0.837713,0.797787,0.780687,0.834885
3.2914,2.13199,0.758938,0.836533,0.686908,0.728674,0.722633,0.792912,0.83596,0.796782,0.778735,0.834317
3.2916,2.13248,0.755911,0.8378,0.687348,0.730238,0.722319,0.79269,0.834031,0.796927,0.777393,0.834675
3.2918,2.13285,0.753265,0.839163,0.68772,0.731036,0.722085,0.792656,0.833786,0.798492,0.777841,0.835161
3.292,2.13215,0.751999,0.840378,0.688225,0.730658,0.722532,0.792405,0.835807,0.799921,0.779839,0.834957
3.2922,2.13023,0.752882,0.841198,0.688948,0.730371,0.723657,0.791534,0.838735,0.800212,0.781518,0.833727
3.2924,2.12826,0.754381,0.84177,0.689455,0.730982,0.72518,0.790724,0.839915,0.800456,0.781895,0.83219
3.2926,2.12724,0.754865,0.842621,0.689451,0.731793,0.725909,0.790869,0.838987,0.800947,0.781074,0.83128
3.2928,2.12739,0.753774,0.843869,0.688925,0.732785,0.725388,0.791875,0.838141,0.801654,0.779964,0.831289
3.293,2.12841,0.751773,0.845796,0.688316,0.733453,0.723712,0.792778,0.838851,0.802642,0.779625,0.832092
3.2932,2.12948,0.750317,0.848125,0.688665,0.733109,0.722408,0.793373,0.840206,0.803498,0.780628,0.833087
3.2934,2.13013,0.751865,0.849781,0.68967,0.733067,0.722123,0.79353,0.841008,0.802952,0.782459,0.833778
3.2936,2.13047,0.756035,0.850831,0.690533,0.734222,0.722963,0.793251,0.840773,0.80136,0.784384,0.834178
3.2938,2.13095,0.760149,0.852048,0.690822,0.736163,0.724097,0.792618,0.840075,0.800486,0.785364,0.834571
3.294,2.13176,0.761645,0.853134,0.690588,0.737621,0.724884,0.792035,0.839955,0.800798,0.785141,0.835228
3.2942,2.13297,0.760345,0.85377,0.68996,0.73799,0.725019,0.792182,0.840646,0.802281,0.784163,0.836181
3.2944,2.13454,0.758386,0.854073,0.689726,0.737267,0.72544,0.792606,0.841494,0.803514,0.783374,0.837392
3.2946,2.13627,0.757873,0.853904,0.68997,0.736529,0.727257,0.792852,0.842375,0.80342,0.783453,0.83882
3.2948,2.13756,0.759537,0.853721,0.690628,0.737117,0.729631,0.792551,0.843698,0.802397,0.784101,0.839979
3.295,2.13822,0.762236,0.854417,0.69112,0.738106,0.731332,0.791495,0.844967,0.801172,0.784971,0.840638
3.2952,2.13845,0.763955,0.856238,0.691129,0.738252,0.731083,0.790149,0.845644,0.801233,0.785346,0.840904
3.2954,2.1387,0.763378,0.857822,0.690678,0.737135,0.729421,0.78941,0.846076,0.802262,0.784682,0.841057
3.2956,2.13964,0.761583,0.858301,0.689745,0.734877,0.728425,0.789461,0.84656,0.802909,0.783457,0.841648
3.2958,2.14127,0.760704,0.857135,0.688895,0.732885,0.72892,0.789625,0.847073,0.802374,0.782894,0.842816
3.296,2.14334,0.761963,0.855017,0.689182,0.732374,0.730316,0.789476,0.84667,0.801753,0.783768,0.844364
3.2962,2.14555,0.76398,0.853322,0.690713,0.733278,0.731756,0.78952,0.846038,0.801783,0.785089,0.846086
3.2964,2.14739,0.764958,0.853452,0.692414,0.734029,0.732275,0.789783,0.84526,0.802457,0.785864,0.84759
3.2966,2.14874,0.764076,0.854831,0.693027,0.733532,0.731778,0.790055,0.845083,0.802633,0.785535,0.848675
3.2968,2.14979,0.762031,0.85614,0.692133,0.731792,0.731525,0.789897,0.845792,0.802042,0.784345,0.849511
3.297,2.15048,0.760447,0.855812,0.690488,0.729675,0.732239,0.789187,0.845828,0.801786,0.783668,0.850028
3.2972,2.15139,0.760501,0.854254,0.689329,0.728242,0.73364,0.788353,0.844847,0.802028,0.783996,0.850571
3.2974,2.15266,0.761865,0.852384,0.689498,0.727652,0.734839,0.787699,0.842215,0.801871,0.784888,0.851472
3.2976,2.15366,0.763467,0.850829,0.690858,0.727511,0.735327,0.787718,0.839992,0.80118,0.785731,0.852241
3.2978,2.15435,0.764178,0.850022,0.692529,0.727096,0.734791,0.788067,0.840002,0.800052,0.785605,0.852755
3.298,2.15439,0.763436,0.849973,0.693808,0.725923,0.733862,0.788209,0.842302,0.799384,0.784732,0.852835
3.2982,2.15401,0.76259,0.850204,0.693701,0.724126,0.733472,0.788481,0.843884,0.799173,0.783833,0.852473
3.2984,2.15379,0.762478,0.849957,0.692103,0.722439,0.733876,0.788641,0.84243,0.799187,0.783452,0.852185
3.2986,2.15356,0.762815,0.848852,0.689932,0.721474,0.734283,0.788226,0.838233,0.799812,0.783647,0.851897
3.2988,2.15359,0.763116,0.84727,0.688437,0.721287,0.734245,0.787401,0.834309,0.801151,0.784068,0.851808
3.299,2.15338,0.763521,0.846007,0.688307,0.721404,0.733823,0.786867,0.83332,0.801678,0.784261,0.851626
3.2992,2.15298,0.763468,0.845645,0.689303,0.721236,0.733754,0.787041,0.834537,0.800693,0.783931,0.851268
3.2994,2.15238,0.763388,0.846146,0.690548,0.720648,0.733903,0.787629,0.835645,0.79857,0.783302,0.850734
3.2996,2.15209,0.763579,0.846931,0.690849,0.719942,0.733814,0.787803,0.83513,0.797217,0.782373,0.850363
3.2998,2.15208,0.763693,0.847192,0.690273,0.719534,0.734014,0.787485,0.833348,0.796948,0.781431,0.850236
3.3,2.15247,0.763962,0.846347,0.689349,0.719586,0.73431,0.787173,0.83187,0.797701,0.780623,0.850397
3.3002,2.15261,0.76391,0.844994,0.688732,0.719733,0.734066,0.786838,0.831969,0.798495,0.78102,0.850601
3.3004,2.15162,0.763649,0.844131,0.68854,0.719478,0.733108,0.786598,0.833661,0.798369,0.782013,0.849966
3.3006,2.14998,0.763008,0.843818,0.688848,0.719249,0.73132,0.786501,0.83572,0.797271,0.782495,0.848709
3.3008,2.14834,0.762138,0.843459,0.689031,0.719498,0.729355,0.786236,0.83627,0.795717,0.781478,0.84728
3.301,2.1482,0.761529,0.842385,0.688929,0.720107,0.728147,0.785528,0.835549,0.794792,0.779141,0.84678
3.3012,2.14941,0.760809,0.84047,0.688295,0.720285,0.727802,0.784863,0.835016,0.795134,0.776678,0.847548
3.3014,2.15054,0.760303,0.838383,0.687955,0.719512,0.727751,0.785297,0.834659,0.795808,0.775595,0.848443
3.3016,2.15155,0.759996,0.837021,0.688213,0.718108,0.727123,0.786701,0.834086,0.795347,0.776868,0.849258
3.3018,2.15138,0.759545,0.836548,0.688653,0.716858,0.725829,0.787465,0.833044,0.79356,0.779429,0.849391
3.302,2.14979,0.758705,0.836525,0.688701,0.716459,0.723944,0.786786,0.832093,0.791637,0.781016,0.848279
3.3022,2.14793,0.757904,0.836449,0.68807,0.716939,0.72193,0.785274,0.831768,0.790718,0.780535,0.846805
3.3024,2.14607,0.757622,0.835757,0.687414,0.717741,0.720302,0.784238,0.831859,0.790939,0.777972,0.845303
3.3026,2.14473,0.757448,0.834384,0.687202,0.718189,0.719675,0.783531,0.831885,0.791428,0.77513,0.844057
3.3028,2.14447,0.756785,0.832846,0.68705,0.717947,0.720005,0.78309,0.831726,0.791899,0.773643,0.843699
3.303,2.14463,0.755421,0.831695,0.686815,0.717077,0.720537,0.783245,0.831836,0.791748,0.774094,0.843779
3.3032,2.14494,0.753723,0.831066,0.686551,0.716035,0.720452,0.783144,0.832552,0.790869,0.775739,0.844017
3.3034,2.14487,0.752387,0.830368,0.686114,0.7153,0.719497,0.782595,0.833312,0.789594,0.777085,0.84407
3.3036,2.144,0.752405,0.829023,0.685406,0.715195,0.717733,0.782093,0.833235,0.788673,0.777014,0.843594
3.3038,2.1422,0.753249,0.82683,0.68477,0.715234,0.715972,0.78145,0.832105,0.788349,0.775806,0.842324
3.304,2.14001,0.753608,0.824237,0.684426,0.715562,0.71528,0.780643,0.831108,0.788418,0.773847,0.840672
3.3042,2.13853,0.752784,0.822138,0.684635,0.715857,0.715902,0.779749,0.830176,0.78812,0.772266,0.839291
3.3044,2.1384,0.751089,0.820963,0.684978,0.715347,0.716932,0.778666,0.829247,0.787132,0.772345,0.83902
3.3046,2.13902,0.749241,0.82051,0.685451,0.714101,0.717386,0.777423,0.827895,0.785163,0.774195,0.839435
3.3048,2.13953,0.748898,0.820288,0.685813,0.71222,0.716916,0.776457,0.827083,0.783286,0.776331,0.840006
3.305,2.13932,0.750461,0.819763,0.685775,0.71063,0.715854,0.776094,0.827203,0.783138,0.777277,0.840001
3.3052,2.13871,0.752358,0.818392,0.685304,0.710053,0.714892,0.776274,0.826403,0.784262,0.776609,0.8396
3.3054,2.13806,0.752573,0.81749,0.685145,0.711916,0.714932,0.776452,0.82404,0.785082,0.775724,0.839154
3.3056,2.13691,0.751356,0.818115,0.685266,0.714903,0.71589,0.776031,0.820389,0.785339,0.775489,0.838423
3.3058,2.13547,0.749653,0.819295,0.685434,0.716988,0.716868,0.775197,0.817438,0.784401,0.775648,0.837362
3.306,2.13447,0.747562,0.819414,0.685621,0.717458,0.716999,0.774653,0.816835,0.782566,0.77628,0.836491
3.3062,2.13429,0.745371,0.819213,0.685798,0.716659,0.716504,0.775018,0.816289,0.78122,0.776921,0.836265
3.3064,2.13521,0.744839,0.819154,0.68564,0.715399,0.715472,0.775761,0.814514,0.780983,0.776923,0.836862
3.3066,2.13621,0.746081,0.819126,0.68527,0.714835,0.714513,0.776005,0.811552,0.781193,0.77685,0.837761
3.3068,2.13683,0.747146,0.818914,0.684633,0.715163,0.714474,0.775807,0.80761,0.781208,0.776668,0.838429
3.307,2.1369,0.746587,0.818641,0.684305,0.716089,0.715389,0.775521,0.804365,0.780294,0.776779,0.838619
3.3072,2.1361,0.744707,0.818653,0.684557,0.717467,0.71638,0.77534,0.803177,0.779178,0.777094,0.838277
3.3074,2.13455,0.742611,0.819202,0.68536,0.718348,0.717033,0.775528,0.802835,0.777784,0.777879,0.837144
3.3076,2.13335,0.741258,0.820711,0.686178,0.718701,0.717031,0.776242,0.801971,0.77587,0.779067,0.836168
3.3078,2.13317,0.741004,0.82211,0.686573,0.71844,0.716349,0.777166,0.800324,0.773503,0.779832,0.835841
3.308,2.13444,0.741555,0.822435,0.68616,0.717566,0.716299,0.777653,0.79847,0.771403,0.780123,0.836639
3.3082,2.1361,0.742227,0.821534,0.685384,0.71683,0.717183,0.777222,0.797397,0.770579,0.780545,0.83806
3.3084,2.13717,0.742602,0.820137,0.684635,0.716829,0.718776,0.775974,0.797687,0.770504,0.78126,0.839042
3.3086,2.13767,0.743188,0.819886,0.684329,0.718078,0.719964,0.774481,0.798743,0.770039,0.781682,0.839635
3.3088,2.13744,0.743786,0.82121,0.684569,0.719581,0.719983,0.773651,0.799681,0.769056,0.781498,0.839556
3.309,2.13758,0.744363,0.823845,0.684996,0.720368,0.719395,0.773599,0.800053,0.767359,0.781005,0.839567
3.3092,2.13809,0.74449,0.826421,0.685245,0.720018,0.719333,0.774118,0.79992,0.766155,0.780692,0.840001
3.3094,2.1388,0.743789,0.827222,0.684885,0.7193,0.720111,0.774159,0.799975,0.766625,0.780885,0.840466
3.3096,2.14037,0.742899,0.826805,0.68378,0.719238,0.722198,0.773021,0.800532,0.767677,0.781706,0.841591
3.3098,2.14218,0.74245,0.826517,0.682092,0.719601,0.725003,0.770903,0.801675,0.768222,0.782581,0.843014
3.31,2.14346,0.742358,0.827516,0.680824,0.720327,0.72711,0.768481,0.802549,0.768727,0.782819,0.844189
3.3102,2.1432,0.743611,0.829544,0.680584,0.720849,0.727648,0.767497,0.803219,0.769194,0.781675,0.844335
3.3104,2.14151,0.745964,0.831717,0.681265,0.720639,0.726785,0.768175,0.803788,0.769638,0.779137,0.843172
3.3106,2.13978,0.747926,0.833443,0.682119,0.720311,0.725477,0.768653,0.804339,0.770104,0.776206,0.841747
3.3108,2.13861,0.74826,0.834479,0.682091,0.720212,0.72484,0.767854,0.804941,0.770419,0.77422,0.840718
3.311,2.1381,0.746902,0.834689,0.680406,0.720582,0.726059,0.765946,0.805742,0.77056,0.77417,0.84021
3.3112,2.13803,0.745216,0.834841,0.678161,0.720662,0.728672,0.763795,0.806882,0.771329,0.775776,0.84014
3.3114,2.13793,0.744983,0.835536,0.676654,0.72062,0.73099,0.761778,0.808642,0.772373,0.777196,0.840109
3.3116,2.13761,0.746019,0.837165,0.67626,0.720607,0.731806,0.760529,0.810748,0.773054,0.776974,0.839942
3.3118,2.13711,0.747971,0.839,0.67662,0.720437,0.731382,0.760373,0.812389,0.7736,0.774859,0.839593
3.312,2.13775,0.749461,0.84002,0.677034,0.719906,0.730457,0.760504,0.813074,0.774094,0.77169,0.839736
3.3122,2.14029,0.749419,0.839977,0.677063,0.719119,0.730187,0.760105,0.813031,0.774282,0.769275,0.841481
3.3124,2.14315,0.748159,0.83979,0.676757,0.719823,0.731398,0.759026,0.812861,0.774172,0.768685,0.843767
3.3126,2.14523,0.746653,0.840275,0.676218,0.721797,0.733855,0.757645,0.812746,0.774395,0.770434,0.845622
3.3128,2.14555,0.746643,0.841591,0.675742,0.722834,0.736176,0.756427,0.813012,0.77549,0.773753,0.846212
3.313,2.14489,0.748458,0.843167,0.675561,0.722197,0.737264,0.755848,0.813554,0.77647,0.776006,0.845712
3.3132,2.14487,0.751138,0.844413,0.675764,0.719785,0.736963,0.756095,0.814737,0.776653,0.775913,0.845482
3.3134,2.14582,0.752695,0.844609,0.676198,0.716826,0.735977,0.756833,0.814803,0.776265,0.774116,0.846022
3.3136,2.14756,0.752153,0.844098,0.676511,0.714694,0.735013,0.757509,0.813269,0.775734,0.772147,0.847226
3.3138,2.14916,0.750434,0.844021,0.676484,0.714344,0.735066,0.757745,0.810214,0.775201,0.771085,0.848561
3.314,2.14975,0.7488,0.844668,0.676261,0.715168,0.736077,0.757386,0.807908,0.775735,0.771269,0.84919
3.3142,2.14967,0.748707,0.845902,0.676137,0.71583,0.737159,0.756925,0.807447,0.777221,0.772051,0.849103
3.3144,2.14985,0.750436,0.846832,0.67659,0.715078,0.737899,0.756671,0.809065,0.778251,0.772403,0.849129
3.3146,2.15061,0.75216,0.846494,0.677551,0.712996,0.737815,0.756642,0.810939,0.778074,0.772157,0.849483
3.3148,2.15222,0.752007,0.84536,0.678737,0.710479,0.737168,0.756907,0.811526,0.776572,0.771685,0.850608
3.315,2.15365,0.750112,0.844352,0.679362,0.708569,0.736907,0.757198,0.809732,0.775268,0.771243,0.851705
3.3152,2.15479,0.748279,0.843851,0.678989,0.707788,0.737278,0.757093,0.805855,0.775052,0.77081,0.852582
3.3154,2.15543,0.747779,0.844144,0.677923,0.707946,0.73741,0.75665,0.803197,0.776155,0.770292,0.853111
3.3156,2.15555,0.748393,0.844796,0.677479,0.70829,0.737207,0.756271,0.803739,0.778109,0.769651,0.853177
3.3158,2.15565,0.749378,0.844801,0.677711,0.708133,0.736882,0.756295,0.80547,0.779376,0.768988,0.853133
3.316,2.156,0.749614,0.843828,0.678024,0.707317,0.736643,0.756786,0.805795,0.779468,0.768622,0.853272
3.3162,2.15655,0.748697,0.842509,0.677985,0.70623,0.736089,0.757512,0.803824,0.77828,0.768795,0.853574
3.3164,2.15705,0.74777,0.841691,0.677466,0.705429,0.734838,0.758138,0.801356,0.77655,0.769334,0.853929
3.3166,2.1569,0.747328,0.84118,0.676436,0.705242,0.733169,0.758384,0.800354,0.77514,0.769734,0.853865
3.3168,2.15594,0.747846,0.840568,0.675801,0.705488,0.731962,0.758246,0.801438,0.774254,0.769509,0.853182
3.317,2.15436,0.74885,0.839706,0.67599,0.705617,0.731459,0.757878,0.803759,0.774582,0.768464,0.851926
3.3172,2.15279,0.749004,0.838755,0.676369,0.705568,0.731679,0.757854,0.805402,0.776026,0.766979,0.850593
3.3174,2.15148,0.747639,0.838048,0.676456,0.705798,0.732065,0.758167,0.805185,0.77674,0.765913,0.849422
3.3176,2.15075,0.746056,0.837272,0.675969,0.706035,0.732041,0.758358,0.804439,0.776132,0.765606,0.848723
3.3178,2.15018,0.745319,0.836265,0.6754,0.70577,0.731334,0.758018,0.804457,0.774862,0.765887,0.848202
3.318,2.14969,0.745082,0.835251,0.675009,0.704914,0.729816,0.756703,0.804786,0.773666,0.765632,0.847788
3.3182,2.14882,0.744776,0.834345,0.675192,0.703893,0.727994,0.755247,0.804965,0.773236,0.764644,0.847189
3.3184,2.14703,0.743712,0.833304,0.67551,0.703253,0.727049,0.75439,0.806292,0.773456,0.762669,0.845996
3.3186,2.14397,0.742072,0.832677,0.675928,0.703199,0.727227,0.754039,0.808816,0.774042,0.760604,0.84378
3.3188,2.14069,0.740713,0.832901,0.676206,0.703523,0.727615,0.753951,0.811225,0.774586,0.75916,0.841187
3.319,2.13803,0.74012,0.833559,0.676358,0.703898,0.727976,0.753645,0.812466,0.774603,0.758619,0.838953
3.3192,2.13652,0.740815,0.83351,0.676304,0.704092,0.727678,0.753488,0.813281,0.774007,0.758344,0.837628
3.3194,2.13549,0.741874,0.832569,0.675845,0.704038,0.726676,0.752791,0.813237,0.772891,0.758605,0.836852
3.3196,2.13442,0.742276,0.831555,0.675556,0.703729,0.725567,0.75116,0.813067,0.772201,0.758542,0.836115
3.3198,2.13286,0.741085,0.830937,0.675471,0.703237,0.725081,0.749413,0.81282,0.772164,0.757575,0.835127
3.32,2.13069,0.738713,0.830707,0.675709,0.702867,0.725138,0.748406,0.812446,0.772985,0.755914,0.833565
3.3202,2.12866,0.735885,0.830597,0.675893,0.702542,0.725124,0.748071,0.814386,0.773703,0.753932,0.832025
3.3204,2.12695,0.733979,0.830399,0.675684,0.702274,0.724737,0.747734,0.817538,0.773348,0.752198,0.830739
3.3206,2.12574,0.733941,0.830065,0.675255,0.701666,0.723846,0.747259,0.818605,0.772025,0.751156,0.829811
3.3208,2.12483,0.734987,0.829111,0.674942,0.700791,0.722747,0.746628,0.816562,0.770494,0.7508,0.82922
3.321,2.12377,0.735755,0.827537,0.675027,0.699783,0.72206,0.745787,0.81359,0.769795,0.750724,0.828556
3.3212,2.12283,0.735404,0.825962,0.675211,0.698815,0.721654,0.74492,0.812147,0.770032,0.750481,0.827925
3.3214,2.122,0.733706,0.825006,0.67574,0.698219,0.721755,0.744376,0.814291,0.771341,0.749979,0.82743
3.3216,2.12108,0.731342,0.824805,0.67617,0.698002,0.721574,0.74437,0.817489,0.772619,0.749419,0.826876
3.3218,2.12024,0.729898,0.824945,0.676443,0.698217,0.721055,0.744907,0.819145,0.772869,0.749076,0.826347
3.322,2.11934,0.730214,0.825091,0.676772,0.69836,0.720334,0.745676,0.818236,0.771127,0.749003,0.825855
3.3222,2.11815,0.731443,0.825584,0.676727,0.697762,0.719146,0.746044,0.81587,0.768406,0.749159,0.825129
3.3224,2.11686,0.731766,0.826272,0.676496,0.696294,0.718011,0.745943,0.814901,0.765728,0.749337,0.824309
3.3226,2.11543,0.730024,0.826987,0.676202,0.694095,0.717289,0.745996,0.815467,0.763511,0.749362,0.823395
3.3228,2.11415,0.726803,0.827097,0.676093,0.692222,0.71703,0.746565,0.817318,0.761894,0.749587,0.822471
3.323,2.11395,0.723534,0.826093,0.676011,0.69194,0.716965,0.747073,0.817764,0.761184,0.750005,0.822303
3.3232,2.11466,0.721248,0.824065,0.676263,0.692861,0.71636,0.747206,0.816129,0.760726,0.750267,0.822892
3.3234,2.11569,0.720594,0.822112,0.676858,0.693537,0.71496,0.746836,0.814638,0.76068,0.750213,0.823854
3.3236,2.117,0.721035,0.821501,0.677289,0.692857,0.712912,0.746202,0.81432,0.760938,0.749821,0.825031
3.3238,2.11749,0.721907,0.822397,0.677054,0.691088,0.710866,0.745967,0.815132,0.760642,0.74945,0.82582
3.324,2.11687,0.723734,0.823925,0.676311,0.689436,0.70977,0.746525,0.816428,0.759455,0.749632,0.825675
3.3242,2.11529,0.724963,0.825054,0.675766,0.688949,0.709408,0.747545,0.817495,0.758027,0.750576,0.824757
3.3244,2.11359,0.724513,0.825723,0.675777,0.689844,0.709177,0.748562,0.817706,0.757186,0.751985,0.823513
3.3246,2.11281,0.722889,0.825697,0.676016,0.691602,0.708137,0.749385,0.816495,0.757191,0.753207,0.822792
3.3248,2.11424,0.721344,0.825089,0.676404,0.693179,0.706388,0.750046,0.814727,0.757599,0.753834,0.823657
3.325,2.11687,0.720885,0.82421,0.676388,0.693707,0.704594,0.750454,0.814105,0.757799,0.753865,0.825754
3.3252,2.11934,0.721981,0.823687,0.675685,0.693374,0.703602,0.750597,0.815624,0.757497,0.753501,0.827976
3.3254,2.12018,0.723794,0.824058,0.674781,0.693088,0.703393,0.75077,0.817739,0.756995,0.753163,0.829152
3.3256,2.1191,0.725462,0.825032,0.674543,0.693389,0.70349,0.751315,0.818292,0.756894,0.753217,0.828691
3.3258,2.11791,0.726255,0.826499,0.67473,0.694067,0.703475,0.751644,0.817387,0.757394,0.75352,0.827738
3.326,2.11782,0.726187,0.828175,0.67505,0.694699,0.703245,0.751782,0.816269,0.757973,0.753749,0.82754
3.3262,2.11919,0.725391,0.829024,0.674558,0.695026,0.703298,0.751374,0.815641,0.75814,0.753586,0.82844
3.3264,2.12159,0.724657,0.828654,0.673257,0.694992,0.704643,0.750424,0.81593,0.758363,0.753891,0.830305
3.3266,2.12383,0.724204,0.827841,0.671824,0.694913,0.706407,0.749474,0.817111,0.758958,0.755704,0.832257
3.3268,2.12534,0.724433,0.827363,0.671022,0.695329,0.707425,0.749099,0.817785,0.759185,0.757919,0.833646
3.327,2.12608,0.725806,0.828269,0.670912,0.696282,0.707503,0.749032,0.817764,0.759202,0.758547,0.83444
3.3272,2.12606,0.727508,0.830726,0.671341,0.697432,0.707335,0.749545,0.81751,0.759008,0.75646,0.834583
3.3274,2.12634,0.727997,0.833766,0.671574,0.698421,0.707519,0.749906,0.817252,0.759342,0.752563,0.834706
3.3276,2.12707,0.727158,0.835856,0.671592,0.698977,0.70859,0.749206,0.817372,0.760774,0.749239,0.835258
3.3278,2.12831,0.725479,0.836117,0.672291,0.6991,0.710526,0.747139,0.818037,0.762161,0.749213,0.836161
3.328,2.1295,0.72434,0.835119,0.673203,0.699725,0.712301,0.744938,0.818987,0.762354,0.752457,0.837207
3.3282,2.13,0.724906,0.834597,0.673093,0.701559,0.712849,0.743683,0.820141,0.761936,0.755695,0.837759
3.3284,2.12971,0.727356,0.835277,0.671561,0.703377,0.712257,0.743909,0.82119,0.761409,0.756242,0.837691
3.3286,2.12887,0.730003,0.836683,0.669558,0.703682,0.71146,0.744669,0.821621,0.761571,0.753527,0.837103
3.3288,2.12831,0.731886,0.837979,0.668075,0.702676,0.711262,0.744855,0.821169,0.762737,0.749414,0.836584
3.329,2.12915,0.732248,0.83858,0.667418,0.700637,0.7126,0.74394,0.819841,0.764265,0.746448,0.836855
3.3292,2.132,0.73144,0.838536,0.667367,0.698907,0.715601,0.742296,0.817694,0.765631,0.746146,0.838814
3.3294,2.13476,0.729932,0.838168,0.667516,0.699501,0.718395,0.74079,0.815498,0.767089,0.747966,0.84118
3.3296,2.13541,0.729142,0.837947,0.667613,0.702952,0.719371,0.74013,0.814074,0.767984,0.750041,0.842173
3.3298,2.13297,0.73001,0.838301,0.667662,0.70726,0.718515,0.74049,0.814065,0.768015,0.750628,0.840832
3.33,2.12906,0.732035,0.839318,0.667753,0.709429,0.717233,0.741544,0.813951,0.767566,0.749623,0.837785
3.3302,2.12682,0.733485,0.840595,0.667854,0.708598,0.716866,0.742554,0.812197,0.766883,0.748169,0.835565
3.3304,2.12721,0.733821,0.841437,0.667925,0.705966,0.717677,0.742913,0.809513,0.76672,0.747182,0.835391
3.3306,2.12978,0.732841,0.841636,0.667657,0.704255,0.718926,0.74246,0.807062,0.767562,0.747461,0.837113
3.3308,2.13254,0.731194,0.841442,0.667221,0.704949,0.719702,0.742,0.805792,0.768687,0.748653,0.839453
3.331,2.13306,0.730823,0.840984,0.667269,0.707416,0.71952,0.742482,0.803833,0.769488,0.749918,0.840399
3.3312,2.13111,0.73212,0.840192,0.668193,0.709769,0.718606,0.743597,0.801193,0.769435,0.750747,0.839253
3.3314,2.12802,0.733422,0.839262,0.669545,0.710799,0.718276,0.744342,0.798752,0.768904,0.751287,0.836942
3.3316,2.12553,0.73377,0.83805,0.669804,0.710531,0.71919,0.743943,0.798409,0.767777,0.75164,0.834745
3.3318,2.12516,0.733051,0.836806,0.668711,0.70943,0.721035,0.742544,0.798956,0.767074,0.751668,0.834046
3.332,2.12658,0.731839,0.836158,0.667062,0.708468,0.722518,0.741196,0.797158,0.767247,0.751449,0.834949
3.3322,2.12854,0.731082,0.836094,0.665875,0.708539,0.722576,0.74092,0.792762,0.767715,0.751149,0.836496
3.3324,2.12994,0.731105,0.835768,0.666171,0.709548,0.72131,0.74186,0.788348,0.767532,0.750909,0.837803
3.3326,2.12993,0.731721,0.834741,0.667539,0.711165,0.719933,0.743334,0.78602,0.766563,0.751163,0.838095
3.3328,2.12903,0.731918,0.832788,0.669037,0.712306,0.719535,0.74443,0.785825,0.76536,0.752148,0.837474
3.333,2.12832,0.731261,0.83006,0.669611,0.711975,0.720202,0.744613,0.786172,0.764551,0.753316,0.836846
3.3332,2.12831,0.730066,0.827236,0.669236,0.710596,0.721185,0.74396,0.785715,0.765032,0.753795,0.836713
3.3334,2.12896,0.728981,0.825249,0.668682,0.709121,0.721351,0.743145,0.784577,0.766678,0.753051,0.837121
3.3336,2.1296,0.7283,0.824159,0.668546,0.708385,0.720264,0.742821,0.783556,0.768389,0.751218,0.837731
3.3338,2.12925,0.728072,0.823441,0.668628,0.708516,0.718608,0.743337,0.783446,0.768683,0.749232,0.837695
3.334,2.12796,0.728003,0.82225,0.668654,0.709107,0.717182,0.744132,0.783822,0.767801,0.748582,0.836835
3.3342,2.12641,0.727672,0.820283,0.668724,0.709154,0.716252,0.744331,0.783969,0.766429,0.749469,0.835631
3.3344,2.12543,0.727328,0.817737,0.668749,0.708745,0.715848,0.743664,0.784794,0.764876,0.750683,0.834723
3.3346,2.12549,0.726759,0.815324,0.668622,0.707994,0.715779,0.74254,0.78596,0.764066,0.750823,0.834618
3.3348,2.12605,0.726272,0.813713,0.668431,0.706844,0.715294,0.741965,0.78613,0.763993,0.749147,0.835052
3.335,2.12648,0.726145,0.813085,0.668456,0.70585,0.714086,0.74167,0.785349,0.76406,0.746728,0.83548
3.3352,2.12644,0.725896,0.813071,0.668793,0.705778,0.712606,0.741311,0.784476,0.76421,0.744741,0.835593
3.3354,2.12568,0.724958,0.812965,0.669239,0.706172,0.711409,0.740494,0.78461,0.764542,0.743746,0.835158
3.3356,2.12456,0.72357,0.812289,0.669326,0.70621,0.710936,0.739526,0.786313,0.764695,0.743406,0.834344
3.3358,2.1236,0.722858,0.811079,0.669339,0.70575,0.710286,0.738748,0.788492,0.764465,0.74316,0.833575
3.336,2.12296,0.722448,0.80963,0.669559,0.705165,0.708726,0.738291,0.790015,0.764359,0.74225,0.833046
3.3362,2.12262,0.721635,0.808438,0.66977,0.704609,0.706334,0.737886,0.790874,0.76462,0.740996,0.832844
3.3364,2.12183,0.720878,0.808144,0.669933,0.704091,0.704244,0.737352,0.791562,0.764767,0.739929,0.832365
3.3366,2.1206,0.72031,0.808736,0.669867,0.703875,0.703173,0.736681,0.792093,0.764713,0.739363,0.831564
3.3368,2.11862,0.719595,0.809539,0.669512,0.703606,0.70289,0.735916,0.792245,0.764904,0.738955,0.830219
3.337,2.11622,0.719066,0.809566,0.668931,0.70335,0.702683,0.73575,0.792085,0.76506,0.738258,0.828458
3.3372,2.11392,0.718381,0.808738,0.668412,0.703089,0.701915,0.736118,0.791379,0.764708,0.7373,0.826728
3.3374,2.11191,0.717451,0.807778,0.668244,0.702736,0.700319,0.736557,0.791247,0.763408,0.736363,0.825124
3.3376,2.11129,0.71698,0.807516,0.668568,0.702655,0.698374,0.736678,0.791708,0.761977,0.735961,0.824486
3.3378,2.11113,0.717,0.808137,0.669061,0.702456,0.69692,0.736432,0.791923,0.760441,0.736091,0.824523
3.338,2.11024,0.71721,0.80935,0.669734,0.702219,0.696446,0.735981,0.791393,0.759345,0.736521,0.824138
3.3382,2.10817,0.716852,0.810589,0.670025,0.70233,0.696784,0.735609,0.790102,0.758505,0.736943,0.822914
3.3384,2.10483,0.715634,0.811074,0.670119,0.70295,0.697141,0.735647,0.788553,0.758028,0.73716,0.820622
3.3386,2.10161,0.714149,0.810814,0.669947,0.703871,0.696892,0.73628,0.787031,0.757186,0.737247,0.818122
3.3388,2.0994,0.713068,0.810979,0.669741,0.704151,0.696003,0.737066,0.786213,0.757074,0.737726,0.816388
3.339,2.09797,0.712811,0.811695,0.669681,0.703337,0.694851,0.737603,0.784889,0.757488,0.738525,0.815303
3.3392,2.0973,0.713631,0.812495,0.669437,0.701711,0.694107,0.738149,0.783058,0.756343,0.739505,0.814893
3.3394,2.09643,0.714708,0.81289,0.669266,0.700339,0.694075,0.738757,0.780878,0.753685,0.740303,0.814513
3.3396,2.09517,0.715004,0.812395,0.669333,0.699735,0.694516,0.738894,0.77875,0.7509,0.740447,0.813795
3.3398,2.09399,0.713868,0.811078,0.669167,0.700165,0.695184,0.738326,0.776868,0.748731,0.73977,0.812981
3.34,2.09418,0.712259,0.810061,0.66877,0.700901,0.695929,0.737276,0.775865,0.747486,0.739342,0.813069
3.3402,2.09503,0.711026,0.810405,0.668953,0.701099,0.696644,0.736267,0.774525,0.74854,0.739356,0.813932
3.3404,2.09568,0.710948,0.811877,0.669453,0.701071,0.697239,0.735863,0.772449,0.75059,0.739897,0.814691
3.3406,2.09566,0.711672,0.81329,0.670069,0.701272,0.697826,0.736168,0.770457,0.751235,0.740877,0.815091
3.3408,2.0949,0.711934,0.813882,0.670678,0.701507,0.698018,0.736876,0.768709,0.749587,0.742072,0.814705
3.341,2.09478,0.711169,0.813519,0.670792,0.701548,0.697393,0.737571,0.767068,0.747054,0.74317,0.814641
3.3412,2.09546,0.709088,0.812735,0.66998,0.701374,0.696777,0.738019,0.765491,0.745319,0.743214,0.815196
3.3414,2.09705,0.706326,0.812566,0.669093,0.701187,0.697263,0.738167,0.764237,0.745261,0.742611,0.816536
3.3416,2.09835,0.704058,0.81328,0.669011,0.70101,0.698407,0.737878,0.763906,0.74723,0.742484,0.817827
3.3418,2.09892,0.703378,0.814275,0.669353,0.700745,0.699131,0.737296,0.764639,0.748991,0.743503,0.818596
3.342,2.09862,0.704306,0.814842,0.669239,0.700441,0.699405,0.73686,0.765842,0.749057,0.74488,0.81867
3.3422,2.09795,0.705503,0.814883,0.668541,0.700099,0.699085,0.73688,0.766976,0.747775,0.745589,0.818276
3.3424,2.09828,0.705473,0.814902,0.667543,0.69977,0.698615,0.73729,0.767198,0.746981,0.745165,0.818432
3.3426,2.09942,0.703945,0.815078,0.666895,0.699472,0.698986,0.737397,0.766675,0.746778,0.744126,0.819349
3.3428,2.10136,0.701928,0.815889,0.666945,0.699146,0.700115,0.736667,0.76699,0.746972,0.743583,0.820861
3.343,2.10322,0.700503,0.817284,0.667669,0.699275,0.701409,0.735009,0.769225,0.746808,0.744238,0.822554
3.3432,2.10424,0.700089,0.818864,0.66828,0.700008,0.702689,0.733708,0.771753,0.746054,0.745893,0.823614
3.3434,2.10459,0.701684,0.819962,0.668777,0.70105,0.70348,0.73323,0.773982,0.745813,0.748048,0.824033
3.3436,2.1054,0.704515,0.820719,0.66887,0.702045,0.704156,0.73326,0.774341,0.746403,0.749262,0.824605
3.3438,2.10695,0.706235,0.820976,0.668431,0.702136,0.704776,0.733201,0.774522,0.747237,0.748894,0.825802
3.344,2.10855,0.705997,0.82142,0.667943,0.701598,0.705585,0.732555,0.77545,0.747492,0.747636,0.827149
3.3442,2.10958,0.70504,0.822592,0.66747,0.700904,0.706671,0.731186,0.776902,0.747737,0.746605,0.828159
3.3444,2.10968,0.704393,0.823956,0.667172,0.700781,0.707734,0.729282,0.77739,0.748297,0.747047,0.828477
3.3446,2.1093,0.704656,0.824764,0.66708,0.701108,0.708179,0.727493,0.77743,0.749207,0.748729,0.828219
3.3448,2.10947,0.705802,0.824468,0.667337,0.701542,0.708421,0.726714,0.777423,0.750187,0.749542,0.828252
3.345,2.11035,0.706816,0.822974,0.667733,0.701359,0.708992,0.726487,0.777152,0.750831,0.748629,0.828872
3.3452,2.11149,0.707117,0.821329,0.667864,0.700339,0.709497,0.726288,0.777716,0.751218,0.745914,0.829747
3.3454,2.11266,0.707363,0.821606,0.667672,0.699178,0.709778,0.725612,0.778953,0.751608,0.742357,0.830761
3.3456,2.11284,0.708493,0.824009,0.667957,0.698646,0.710733,0.724475,0.779374,0.75202,0.740626,0.831143
3.3458,2.11219,0.710126,0.826708,0.668377,0.699093,0.712328,0.723291,0.779216,0.75255,0.741515,0.830734
3.346,2.11152,0.711609,0.827393,0.668256,0.700357,0.713469,0.722455,0.779041,0.752452,0.744623,0.830207
3.3462,2.11109,0.71229,0.825094,0.667348,0.701833,0.713675,0.722233,0.779259,0.751844,0.748254,0.829813
3.3464,2.11131,0.712571,0.821431,0.666014,0.702294,0.713121,0.722658,0.779662,0.751436,0.749598,0.829868
3.3466,2.11185,0.71257,0.81848,0.66498,0.701023,0.71252,0.723374,0.780024,0.752495,0.748167,0.830311
3.3468,2.1119,0.712573,0.817477,0.664855,0.698656,0.71262,0.723885,0.781372,0.754352,0.745529,0.830506
3.347,2.11122,0.712713,0.818265,0.665404,0.697376,0.713568,0.723983,0.781933,0.755321,0.743526,0.830116
3.3472,2.11021,0.712817,0.819383,0.666258,0.698607,0.714793,0.723629,0.781146,0.754742,0.743429,0.829377
3.3474,2.10925,0.71254,0.819277,0.6668,0.700908,0.715378,0.723213,0.778245,0.75273,0.745102,0.828603
3.3476,2.10888,0.712475,0.817536,0.666586,0.701888,0.714771,0.723496,0.775074,0.750943,0.747196,0.828202
3.3478,2.10909,0.712427,0.814684,0.665813,0.700601,0.713327,0.72442,0.774087,0.750826,0.748257,0.828321
3.348,2.10937,0.712129,0.812406,0.665052,0.698076,0.712082,0.725381,0.775132,0.752597,0.748292,0.828607
3.3482,2.10923,0.712468,0.811961,0.664996,0.696108,0.711253,0.725987,0.775432,0.754619,0.74823,0.828631
3.3484,2.10852,0.713366,0.812966,0.665316,0.695979,0.710843,0.726103,0.773192,0.755256,0.747797,0.828215
3.3486,2.10746,0.714155,0.814087,0.665724,0.697419,0.710702,0.725901,0.769661,0.753922,0.747264,0.827445
3.3488,2.10677,0.714104,0.814196,0.665856,0.698969,0.71008,0.725862,0.767252,0.752339,0.747008,0.826817
3.349,2.10694,0.713147,0.813123,0.665539,0.699227,0.709124,0.726395,0.766903,0.751748,0.746713,0.826826
3.3492,2.10783,0.712091,0.811461,0.665048,0.697935,0.707767,0.727561,0.767393,0.752189,0.746985,0.827453
3.3494,2.10901,0.711831,0.810108,0.664562,0.696133,0.706556,0.729045,0.767079,0.753528,0.748138,0.828423
3.3496,2.10948,0.712376,0.809716,0.664112,0.69503,0.705395,0.730322,0.765691,0.755139,0.75012,0.829019
3.3498,2.10903,0.713189,0.809986,0.663862,0.695069,0.704082,0.731042,0.764131,0.755591,0.751189,0.828832
3.35,2.10858,0.713187,0.810253,0.664026,0.695678,0.702552,0.731098,0.763612,0.754815,0.750708,0.828423
3.3502,2.1085,0.712484,0.810379,0.66447,0.696162,0.700688,0.730815,0.764631,0.753422,0.749305,0.828342
3.3504,2.10843,0.711204,0.810332,0.664876,0.695907,0.699014,0.730797,0.766576,0.752725,0.747589,0.828344
3.3506,2.10793,0.710086,0.809899,0.664376,0.695218,0.697737,0.731229,0.768222,0.752581,0.746288,0.828104
3.3508,2.10664,0.709469,0.809186,0.662953,0.694818,0.697257,0.731696,0.768112,0.751923,0.746915,0.827282
3.351,2.10487,0.709068,0.808235,0.661188,0.694427,0.697133,0.731623,0.7673,0.750146,0.749456,0.825969
3.3512,2.10349,0.708589,0.807692,0.659935,0.693825,0.696664,0.730996,0.767637,0.74796,0.752002,0.824814
3.3514,2.10288,0.70798,0.807681,0.660024,0.692834,0.695488,0.730044,0.768911,0.746691,0.752901,0.824241
3.3516,2.10302,0.707115,0.807915,0.660648,0.692362,0.693876,0.72906,0.769427,0.747507,0.751381,0.824289
3.3518,2.10342,0.706213,0.808138,0.660681,0.692978,0.692447,0.728503,0.768277,0.749481,0.74843,0.824679
3.352,2.10334,0.705576,0.808052,0.659832,0.693776,0.69163,0.72843,0.766583,0.750692,0.74603,0.82481
3.3522,2.1025,0.705136,0.807453,0.658506,0.694166,0.691515,0.729128,0.765953,0.750007,0.745955,0.824353
3.3524,2.10103,0.70474,0.806456,0.65739,0.693536,0.691772,0.729288,0.766746,0.747947,0.748161,0.823371
3.3526,2.09936,0.704313,0.805229,0.656826,0.692631,0.691947,0.728197,0.768229,0.746124,0.750588,0.822117
3.3528,2.0984,0.703734,0.804053,0.656539,0.692117,0.691595,0.726571,0.769424,0.745374,0.751292,0.821259
3.353,2.09833,0.702668,0.803263,0.656161,0.691681,0.690966,0.725023,0.770037,0.746102,0.750047,0.821167
3.3532,2.09827,0.702188,0.802851,0.655434,0.691712,0.690588,0.723888,0.770612,0.747426,0.747626,0.82125
3.3534,2.0977,0.702616,0.802487,0.65449,0.691978,0.690378,0.723188,0.771368,0.747644,0.74574,0.821071
3.3536,2.09581,0.703113,0.80213,0.653659,0.691953,0.690095,0.722775,0.772012,0.746495,0.745567,0.819945
3.3538,2.09297,0.703046,0.801493,0.653429,0.692024,0.689757,0.722405,0.772202,0.744658,0.746623,0.817942
3.354,2.09025,0.70195,0.800634,0.653715,0.692169,0.689314,0.721874,0.771775,0.742839,0.748056,0.815812
3.3542,2.08867,0.700219,0.799718,0.654135,0.692532,0.688755,0.721113,0.770695,0.742125,0.748627,0.81446
3.3544,2.08849,0.698945,0.798784,0.654334,0.692802,0.688304,0.720304,0.769372,0.742444,0.747699,0.814207
3.3546,2.08897,0.698542,0.798038,0.654264,0.692784,0.688234,0.719762,0.76873,0.743486,0.746327,0.814721
3.3548,2.0889,0.699094,0.797166,0.654077,0.692744,0.688489,0.719709,0.768036,0.74418,0.745101,0.814973
3.355,2.08729,0.699949,0.795969,0.653968,0.693065,0.688774,0.720157,0.767565,0.744535,0.744722,0.814229
3.3552,2.08423,0.700033,0.794937,0.654044,0.693604,0.68904,0.720831,0.767103,0.744123,0.745116,0.812148
3.3554,2.08108,0.699008,0.794599,0.654223,0.694035,0.688924,0.72142,0.766467,0.742709,0.74605,0.80981
3.3556,2.07909,0.69747,0.79453,0.65447,0.693974,0.688854,0.721582,0.766627,0.741178,0.746671,0.808078
3.3558,2.07956,0.696032,0.793996,0.654801,0.693485,0.688503,0.721283,0.767668,0.74066,0.746565,0.808166
3.356,2.08113,0.694928,0.793704,0.655112,0.692721,0.687785,0.721114,0.768124,0.740698,0.745756,0.809598
3.3562,2.08227,0.69415,0.794049,0.655274,0.692026,0.686729,0.721362,0.768328,0.741203,0.744578,0.81073
3.3564,2.08271,0.693805,0.794383,0.655592,0.691594,0.685853,0.72183,0.769233,0.742169,0.743602,0.811462
3.3566,2.08186,0.693349,0.793905,0.655834,0.69118,0.685452,0.722148,0.769455,0.742217,0.743586,0.811177
3.3568,2.08112,0.692854,0.792703,0.656208,0.690897,0.686465,0.722143,0.769008,0.740887,0.743836,0.810592
3.357,2.08129,0.693395,0.791593,0.656859,0.691131,0.688456,0.721773,0.769017,0.738737,0.744133,0.810779
3.3572,2.08203,0.695179,0.791176,0.657331,0.690956,0.690112,0.721336,0.769637,0.736792,0.743819,0.811347
3.3574,2.08388,0.696841,0.791556,0.657639,0.689757,0.690449,0.721367,0.769723,0.735989,0.742283,0.812759
3.3576,2.08577,0.697049,0.792212,0.65763,0.68837,0.690172,0.722095,0.769238,0.73752,0.739852,0.81453
3.3578,2.08636,0.695761,0.792827,0.657352,0.686827,0.689864,0.723161,0.769052,0.740035,0.737175,0.815384
3.358,2.08571,0.694396,0.793319,0.657012,0.685788,0.690368,0.724011,0.769145,0.741774,0.735589,0.815217
3.3582,2.08395,0.694124,0.793549,0.656725,0.687013,0.691857,0.724213,0.769655,0.741148,0.736905,0.814144
3.3584,2.08244,0.694924,0.793907,0.657033,0.689275,0.693391,0.723805,0.770102,0.738673,0.740397,0.81287
3.3586,2.08238,0.696606,0.79525,0.657903,0.690514,0.694434,0.723258,0.770337,0.736105,0.742937,0.812701
3.3588,2.08313,0.698035,0.79704,0.658839,0.690402,0.69479,0.723228,0.770023,0.73497,0.742144,0.813319
3.359,2.08418,0.697914,0.798304,0.65911,0.688842,0.694752,0.724132,0.769824,0.735785,0.738682,0.814248
3.3592,2.08513,0.696232,0.798938,0.658675,0.686736,0.69482,0.724921,0.77068,0.737855,0.734559,0.815109
3.3594,2.08664,0.694922,0.798819,0.658514,0.685564,0.695265,0.724774,0.771566,0.739981,0.732711,0.816239
3.3596,2.08859,0.695209,0.798843,0.658979,0.686065,0.696523,0.723596,0.772227,0.741568,0.734136,0.817866
3.3598,2.09005,0.697107,0.799464,0.659344,0.687412,0.698185,0.721812,0.771469,0.740812,0.73718,0.819199
3.36,2.09072,0.698863,0.800488,0.659834,0.688531,0.699674,0.720439,0.77058,0.737713,0.739366,0.819999
3.3602,2.09056,0.699565,0.801461,0.660656,0.689161,0.70058,0.719927,0.771143,0.734378,0.739544,0.820019
3.3604,2.09043,0.699936,0.801868,0.661094,0.689099,0.700874,0.720399,0.771932,0.73263,0.738595,0.819942
3.3606,2.09058,0.700554,0.801603,0.660986,0.688512,0.701451,0.721075,0.772078,0.732981,0.737411,0.820043
3.3608,2.09127,0.700867,0.801073,0.661382,0.68772,0.702126,0.721412,0.772294,0.734262,0.73664,0.820506
3.361,2.09292,0.700958,0.801211,0.662722,0.686866,0.702503,0.720877,0.772753,0.734956,0.737485,0.821641
3.3612,2.09492,0.701244,0.802537,0.664836,0.686461,0.703634,0.71927,0.773765,0.733648,0.739284,0.823271
3.3614,2.09636,0.701764,0.804398,0.666396,0.686526,0.705193,0.717322,0.776393,0.730786,0.740477,0.824575
3.3616,2.09669,0.701815,0.805718,0.666498,0.68669,0.706149,0.715643,0.778435,0.727862,0.741152,0.825074
3.3618,2.09564,0.70176,0.806084,0.665173,0.686585,0.706637,0.714966,0.778602,0.726117,0.741981,0.824535
3.362,2.09427,0.701667,0.806157,0.663349,0.68606,0.707022,0.715234,0.777872,0.726656,0.742618,0.82337
3.3622,2.09367,0.701475,0.806777,0.662603,0.68518,0.707164,0.715714,0.77708,0.728458,0.742583,0.822801
3.3624,2.09408,0.701406,0.807871,0.663859,0.684398,0.70725,0.715642,0.776394,0.729447,0.74214,0.822829
3.3626,2.09582,0.70152,0.809063,0.666189,0.684452,0.708066,0.714782,0.776587,0.729594,0.74212,0.824086
3.3628,2.09754,0.702214,0.809935,0.667696,0.685302,0.709495,0.713611,0.777567,0.729835,0.742603,0.825521
3.363,2.09885,0.702971,0.80998,0.666984,0.686231,0.710511,0.71293,0.778272,0.729868,0.743155,0.826608
3.3632,2.09951,0.702492,0.80992,0.664214,0.686288,0.710595,0.713223,0.780072,0.729693,0.743795,0.827287
3.3634,2.09943,0.700564,0.810574,0.661095,0.685174,0.710066,0.714305,0.782205,0.729496,0.744691,0.827303
3.3636,2.099,0.697846,0.811836,0.659225,0.683625,0.709255,0.715527,0.781271,0.729629,0.744606,0.827018
3.3638,2.09835,0.696611,0.813255,0.659512,0.682678,0.708396,0.716291,0.779395,0.730276,0.743287,0.826498
3.364,2.0983,0.697452,0.814134,0.661008,0.682699,0.708471,0.716033,0.778422,0.731136,0.741492,0.826241
3.3642,2.09931,0.698383,0.814381,0.662188,0.68355,0.709567,0.71545,0.778969,0.731562,0.739938,0.826875
3.3644,2.10076,0.69781,0.81382,0.662012,0.684804,0.71046,0.715614,0.781282,0.730999,0.739206,0.82792
3.3646,2.10221,0.695613,0.812989,0.660258,0.685278,0.709807,0.716728,0.783379,0.730065,0.740129,0.829087
3.3648,2.10243,0.693021,0.812178,0.657815,0.684618,0.707392,0.718116,0.784079,0.729401,0.741986,0.829579
3.365,2.10136,0.691129,0.812007,0.656411,0.682847,0.704345,0.718904,0.784204,0.729338,0.743339,0.828819
3.3652,2.10057,0.690373,0.812592,0.656804,0.680664,0.701878,0.718638,0.783224,0.730041,0.742928,0.828058
3.3654,2.10022,0.690644,0.813302,0.658738,0.679089,0.700821,0.717752,0.782898,0.731388,0.74079,0.827642
3.3656,2.10124,0.69101,0.813596,0.660505,0.678218,0.700937,0.717168,0.784723,0.73263,0.738267,0.82808
3.3658,2.10338,0.690791,0.813267,0.660624,0.677921,0.701447,0.717632,0.78671,0.733055,0.736872,0.829671
3.366,2.1044,0.689895,0.812866,0.659503,0.67781,0.701089,0.719158,0.78704,0.732685,0.73717,0.830777
3.3662,2.10392,0.6887,0.81277,0.658338,0.677558,0.699398,0.721166,0.78646,0.732239,0.738619,0.830559
3.3664,2.10227,0.687702,0.812238,0.657832,0.676596,0.696902,0.72281,0.785299,0.732363,0.73979,0.8295
3.3666,2.10004,0.687403,0.811174,0.657969,0.674827,0.694055,0.723296,0.785895,0.733074,0.739694,0.827626
3.3668,2.0996,0.68791,0.810492,0.658179,0.672647,0.691575,0.722781,0.788825,0.733856,0.738704,0.826853
3.367,2.1006,0.688691,0.810657,0.65801,0.670485,0.690088,0.722208,0.790778,0.733991,0.737694,0.827461
3.3672,2.10165,0.688914,0.811026,0.657707,0.669196,0.68937,0.72231,0.789992,0.733408,0.737416,0.828331
3.3674,2.10165,0.688382,0.811489,0.657479,0.668988,0.688795,0.723115,0.786984,0.732477,0.73768,0.8286
3.3676,2.0999,0.687865,0.811686,0.657741,0.669711,0.687931,0.723945,0.785651,0.73189,0.738043,0.827522
3.3678,2.09757,0.687828,0.810969,0.657985,0.670128,0.686633,0.724008,0.787998,0.731702,0.737844,0.825658
3.368,2.09604,0.688026,0.809716,0.657882,0.669399,0.685132,0.723041,0.790881,0.731423,0.737059,0.824261
3.3682,2.09558,0.687796,0.80801,0.657415,0.667728,0.683806,0.721493,0.791172,0.730492,0.736487,0.823715
3.3684,2.09604,0.686743,0.806727,0.656423,0.666045,0.682897,0.720227,0.789578,0.729648,0.73647,0.82395
3.3686,2.09636,0.685131,0.806694,0.65539,0.665209,0.682443,0.719946,0.788366,0.72872,0.736936,0.824347
3.3688,2.0961,0.683933,0.807675,0.654499,0.665375,0.682283,0.720251,0.788026,0.727657,0.737476,0.824243
3.369,2.09551,0.68386,0.808249,0.654155,0.666099,0.682196,0.720415,0.788083,0.726265,0.737595,0.823841
3.3692,2.095,0.68463,0.807605,0.654161,0.666718,0.682023,0.72033,0.788162,0.724401,0.737298,0.82341
3.3694,2.09474,0.685384,0.805771,0.654548,0.666829,0.681602,0.719534,0.788328,0.722871,0.736892,0.823218
3.3696,2.09384,0.685432,0.803373,0.655068,0.666468,0.680937,0.718597,0.788736,0.721557,0.736627,0.822694
3.3698,2.09283,0.68453,0.801725,0.655361,0.665701,0.680469,0.717542,0.78825,0.720772,0.736571,0.821877
3.37,2.09179,0.683045,0.801478,0.654899,0.665084,0.680455,0.716356,0.787095,0.720161,0.736451,0.821156
3.3702,2.09086,0.682004,0.801665,0.653842,0.665346,0.6809,0.715449,0.786801,0.718998,0.736011,0.820379
3.3704,2.09054,0.681869,0.801207,0.652708,0.666218,0.681269,0.714946,0.786315,0.717371,0.735499,0.820063
3.3706,2.09101,0.682022,0.800133,0.652469,0.666881,0.681049,0.714646,0.785159,0.715473,0.735043,0.820335
3.3708,2.09186,0.681618,0.798915,0.652912,0.666811,0.680208,0.714214,0.783903,0.713604,0.734716,0.821035
3.371,2.09214,0.680687,0.798307,0.653561,0.666193,0.679344,0.713561,0.78208,0.712168,0.734688,0.821497
3.3712,2.091,0.679496,0.798327,0.654053,0.665568,0.67882,0.712948,0.779505,0.711223,0.734355,0.820925
3.3714,2.08872,0.678372,0.79835,0.654189,0.665388,0.678901,0.712601,0.777352,0.710692,0.733643,0.819332
3.3716,2.0868,0.677515,0.797932,0.653894,0.665796,0.679493,0.712545,0.776688,0.710435,0.732835,0.817728
3.3718,2.08603,0.677331,0.796847,0.653344,0.666663,0.680285,0.712748,0.775775,0.710176,0.732874,0.816932
3.372,2.08688,0.677214,0.796568,0.652879,0.66765,0.680758,0.713136,0.77511,0.709489,0.733751,0.81735
3.3722,2.08906,0.67625,0.797388,0.653131,0.668204,0.680597,0.713307,0.773014,0.708481,0.734527,0.818988
3.3724,2.09059,0.673704,0.798037,0.653669,0.668036,0.679722,0.713281,0.770433,0.707785,0.734639,0.820487
3.3726,2.09051,0.670987,0.797976,0.654038,0.667241,0.678449,0.713726,0.767992,0.707453,0.734319,0.820831
3.3728,2.08873,0.669658,0.797097,0.653795,0.666261,0.677423,0.714649,0.765072,0.707447,0.733574,0.819743
3.373,2.08648,0.669731,0.795483,0.652894,0.665684,0.677203,0.71545,0.761521,0.707735,0.732536,0.818038
3.3732,2.08482,0.670359,0.794106,0.652046,0.666038,0.677514,0.715815,0.758586,0.708066,0.731418,0.816641
3.3734,2.08404,0.670482,0.793791,0.652057,0.666807,0.67783,0.716054,0.756409,0.708102,0.730432,0.815958
3.3736,2.08364,0.669724,0.794451,0.65314,0.667685,0.677261,0.716396,0.754735,0.707596,0.730037,0.815721
3.3738,2.08292,0.668671,0.795481,0.654278,0.66896,0.675631,0.716788,0.753186,0.70673,0.729997,0.815329
3.374,2.08153,0.667817,0.796431,0.654976,0.669107,0.674285,0.71789,0.751112,0.706237,0.730297,0.814495
3.3742,2.07952,0.667425,0.79636,0.655218,0.667812,0.673903,0.719112,0.748871,0.706497,0.730609,0.813065
3.3744,2.07823,0.667517,0.795438,0.655544,0.665692,0.674429,0.720315,0.747112,0.707371,0.730233,0.811942
3.3746,2.07778,0.667864,0.794513,0.655943,0.66375,0.675098,0.720816,0.746155,0.708418,0.729114,0.811605
3.3748,2.0776,0.668188,0.794488,0.655831,0.663832,0.676194,0.720807,0.745833,0.709516,0.728299,0.811568
3.375,2.07709,0.66839,0.795106,0.655438,0.665531,0.677385,0.720716,0.74572,0.710392,0.728674,0.811408
3.3752,2.07607,0.668856,0.795477,0.655295,0.666722,0.67806,0.720801,0.745663,0.710444,0.729616,0.810781
3.3754,2.07529,0.670019,0.794843,0.655433,0.666247,0.678049,0.721282,0.746255,0.709737,0.729561,0.81022
3.3756,2.07527,0.671288,0.79443,0.655572,0.664222,0.677866,0.72182,0.747551,0.709051,0.72789,0.810132
3.3758,2.07602,0.67194,0.795309,0.655453,0.661764,0.677743,0.722155,0.748343,0.708721,0.725003,0.810772
3.376,2.077,0.67187,0.79685,0.654324,0.659972,0.678146,0.722014,0.748645,0.709214,0.722488,0.811564
3.3762,2.07862,0.671527,0.797877,0.652646,0.659297,0.678667,0.721985,0.749009,0.709977,0.722459,0.812863
3.3764,2.08023,0.671416,0.797688,0.651284,0.659498,0.678995,0.722157,0.749316,0.710136,0.724796,0.814277
3.3766,2.08141,0.672522,0.796785,0.650813,0.661005,0.679402,0.723109,0.749544,0.709332,0.727222,0.815392
3.3768,2.08179,0.674337,0.795946,0.651051,0.663047,0.679747,0.724434,0.751065,0.708057,0.727788,0.815941
3.377,2.08137,0.676159,0.795743,0.651308,0.663852,0.679927,0.725295,0.75357,0.706931,0.726267,0.81579
3.3772,2.08089,0.676578,0.796461,0.651256,0.663327,0.680197,0.724987,0.755706,0.706373,0.724492,0.815444
3.3774,2.08088,0.676275,0.797701,0.651192,0.662561,0.680895,0.723985,0.757038,0.706201,0.723732,0.815391
3.3776,2.08144,0.676062,0.798535,0.651112,0.662093,0.682063,0.723484,0.757763,0.706053,0.724133,0.815797
3.3778,2.08244,0.676243,0.798995,0.650957,0.662806,0.683195,0.723368,0.758159,0.707293,0.725077,0.816595
3.378,2.08347,0.67708,0.800324,0.650682,0.66482,0.683611,0.723822,0.758895,0.709853,0.725591,0.817453
3.3782,2.08443,0.677899,0.80215,0.650399,0.667014,0.68325,0.725096,0.759726,0.711243,0.72516,0.818277
3.3784,2.08547,0.678266,0.803088,0.650066,0.667901,0.682949,0.726794,0.760529,0.710419,0.724575,0.819095
3.3786,2.08666,0.678424,0.802993,0.649734,0.667606,0.68321,0.727353,0.761746,0.707683,0.724862,0.820056
3.3788,2.08758,0.678573,0.802419,0.649856,0.667583,0.684109,0.726371,0.762767,0.70432,0.725935,0.820868
3.379,2.08811,0.679018,0.801837,0.650446,0.668532,0.685334,0.725421,0.762158,0.702954,0.726899,0.821379
3.3792,2.08813,0.679412,0.801945,0.651238,0.669508,0.686361,0.725309,0.76004,0.704044,0.726945,0.821504
3.3794,2.08791,0.679609,0.803239,0.651993,0.669753,0.687213,0.726055,0.758002,0.706233,0.725969,0.821334
3.3796,2.08812,0.679467,0.805068,0.651888,0.669909,0.687756,0.726782,0.757163,0.707533,0.724579,0.821391
3.3798,2.08883,0.679147,0.806232,0.650897,0.670449,0.687918,0.726796,0.756847,0.707014,0.724039,0.821882
3.38,2.08977,0.679153,0.806003,0.649749,0.671074,0.687877,0.726135,0.756713,0.705388,0.724818,0.822588
3.3802,2.09076,0.679588,0.804653,0.648844,0.671971,0.687729,0.725408,0.755582,0.704038,0.72629,0.823372
3.3804,2.09138,0.680327,0.803306,0.648656,0.672832,0.687426,0.725077,0.753561,0.703987,0.72729,0.823926
3.3806,2.09198,0.681073,0.802976,0.649221,0.67319,0.686943,0.725319,0.7519,0.705388,0.726931,0.824357
3.3808,2.09206,0.681401,0.803857,0.650353,0.672669,0.686758,0.726058,0.749674,0.707086,0.725279,0.824564
3.381,2.09148,0.681571,0.805347,0.650999,0.671698,0.68697,0.726632,0.746658,0.707881,0.723485,0.824193
3.3812,2.09026,0.681471,0.806573,0.6503,0.671331,0.686898,0.726804,0.743683,0.708099,0.722791,0.823354
3.3814,2.08893,0.681188,0.806464,0.648657,0.67208,0.686297,0.726625,0.741542,0.708421,0.723193,0.822221
3.3816,2.0883,0.681271,0.805286,0.646839,0.673796,0.685166,0.726616,0.739882,0.708899,0.724124,0.821602
3.3818,2.0881,0.682007,0.803906,0.646155,0.675418,0.683485,0.726812,0.73851,0.709405,0.72435,0.821379
3.382,2.08811,0.68279,0.803775,0.646764,0.67607,0.681676,0.7272,0.737241,0.709878,0.723038,0.821393
3.3822,2.08764,0.683318,0.805012,0.648041,0.676062,0.68065,0.727587,0.735653,0.710287,0.72055,0.821192
3.3824,2.0861,0.683305,0.806969,0.648591,0.675696,0.680545,0.728502,0.733855,0.710727,0.718534,0.820206
3.3826,2.08401,0.68351,0.808795,0.647684,0.675147,0.680568,0.729428,0.732186,0.711308,0.717701,0.818625
3.3828,2.08187,0.684197,0.809708,0.64605,0.67462,0.679777,0.72936,0.730846,0.712191,0.717757,0.816989
3.383,2.08006,0.684721,0.809379,0.644693,0.67436,0.678176,0.729145,0.730031,0.713317,0.717704,0.815512
3.3832,2.07887,0.685215,0.808179,0.644216,0.674305,0.676049,0.729937,0.729922,0.714457,0.716804,0.814542
3.3834,2.07794,0.684985,0.807235,0.644943,0.674713,0.674502,0.73135,0.73046,0.715387,0.715012,0.81387
3.3836,2.07681,0.683409,0.807197,0.646165,0.675675,0.673585,0.731976,0.731288,0.715773,0.712924,0.813126
3.3838,2.07534,0.681868,0.80783,0.646761,0.676679,0.672841,0.731506,0.732213,0.715632,0.711217,0.812146
3.384,2.07323,0.681108,0.808179,0.646407,0.677193,0.672078,0.730299,0.732566,0.715514,0.710371,0.810719
3.3842,2.07087,0.681008,0.807937,0.645417,0.676745,0.671107,0.729315,0.731874,0.715744,0.710075,0.80897
3.3844,2.06882,0.681618,0.807215,0.644532,0.675736,0.669762,0.729616,0.73196,0.716019,0.709745,0.807409
3.3846,2.06736,0.682038,0.80641,0.644076,0.674766,0.668132,0.730836,0.733188,0.715973,0.709095,0.806273
3.3848,2.06665,0.681579,0.8063,0.643981,0.67451,0.666642,0.732286,0.734427,0.71526,0.708164,0.805725
3.385,2.06636,0.680851,0.806884,0.644092,0.675059,0.665689,0.732831,0.734191,0.714039,0.707332,0.805612
3.3852,2.06603,0.680248,0.807074,0.644149,0.675725,0.665442,0.732885,0.73326,0.71302,0.706929,0.805533
3.3854,2.06543,0.679958,0.806179,0.643982,0.676193,0.665589,0.732732,0.733736,0.712463,0.706928,0.805284
3.3856,2.06436,0.679561,0.804157,0.643546,0.675608,0.665635,0.732361,0.735808,0.712555,0.707124,0.804696
3.3858,2.06297,0.678821,0.801952,0.643137,0.674227,0.665273,0.73182,0.738106,0.712457,0.707267,0.803794
3.386,2.06186,0.677865,0.800805,0.643418,0.672916,0.664536,0.731439,0.739493,0.711685,0.707278,0.802987
3.3862,2.06134,0.676977,0.800553,0.643948,0.672532,0.663623,0.731639,0.740087,0.709867,0.707055,0.802648
3.3864,2.06114,0.676381,0.800857,0.644194,0.672629,0.663013,0.732114,0.740487,0.707537,0.706738,0.802636
3.3866,2.06071,0.676341,0.800847,0.644206,0.672896,0.663046,0.732431,0.741016,0.705482,0.706857,0.802564
3.3868,2.05961,0.676397,0.799323,0.643822,0.672411,0.663664,0.732292,0.741196,0.704208,0.707474,0.80201
3.387,2.05798,0.676008,0.797017,0.643276,0.671153,0.664337,0.73176,0.740934,0.703419,0.707802,0.800984
3.3872,2.05628,0.675124,0.795167,0.642842,0.669703,0.664478,0.730996,0.740578,0.702758,0.707423,0.799801
3.3874,2.05524,0.673776,0.794389,0.642552,0.668359,0.664291,0.729943,0.740044,0.70179,0.706425,0.799009
3.3876,2.05512,0.672471,0.794434,0.642487,0.667057,0.664253,0.729315,0.73901,0.700319,0.705324,0.79894
3.3878,2.05564,0.672307,0.79451,0.642698,0.665838,0.66456,0.72956,0.737508,0.698691,0.704836,0.799452
3.388,2.05627,0.67303,0.794045,0.643049,0.664483,0.665184,0.730038,0.736876,0.697418,0.705244,0.800161
3.3882,2.05642,0.673676,0.792831,0.643318,0.662802,0.666076,0.730459,0.736201,0.696829,0.706146,0.800588
3.3884,2.05589,0.673572,0.791189,0.64332,0.660859,0.667075,0.730188,0.735265,0.696873,0.706871,0.800467
3.3886,2.05491,0.67248,0.79064,0.643549,0.66006,0.667833,0.729749,0.734523,0.697312,0.70695,0.799936
3.3888,2.05401,0.671564,0.791336,0.643941,0.661649,0.667918,0.729698,0.733252,0.697874,0.706285,0.799361
3.389,2.05361,0.671114,0.79187,0.644176,0.663922,0.667148,0.729876,0.730781,0.698138,0.705296,0.79911
3.3892,2.0538,0.671673,0.791386,0.64447,0.664138,0.665852,0.729753,0.727899,0.697854,0.704556,0.799343
3.3894,2.05436,0.672591,0.789717,0.644892,0.661555,0.664791,0.72911,0.72611,0.697425,0.70471,0.799812
3.3896,2.05589,0.673402,0.788742,0.644997,0.657922,0.664769,0.72878,0.72505,0.697651,0.705513,0.801039
3.3898,2.05759,0.673266,0.789458,0.644575,0.655355,0.665287,0.728823,0.724259,0.698844,0.705831,0.802529
3.39,2.05901,0.672129,0.790344,0.644311,0.654824,0.665526,0.729267,0.723047,0.700042,0.705153,0.803887
3.3902,2.05953,0.671149,0.789451,0.644664,0.655772,0.666473,0.729817,0.721157,0.700731,0.703572,0.804628
3.3904,2.05902,0.671366,0.786507,0.645444,0.657031,0.667883,0.729939,0.718761,0.700751,0.702136,0.804516
3.3906,2.05835,0.672283,0.782596,0.646467,0.657607,0.668323,0.729486,0.716696,0.700949,0.702901,0.804058
3.3908,2.0582,0.673207,0.779466,0.647126,0.657135,0.667315,0.729214,0.715598,0.701367,0.705267,0.803955
3.391,2.05859,0.673408,0.779133,0.647578,0.65605,0.665633,0.729668,0.715379,0.701849,0.706658,0.804267
3.3912,2.05975,0.672724,0.78116,0.647957,0.654989,0.663665,0.729733,0.715128,0.703048,0.705898,0.805136
3.3914,2.06147,0.671705,0.783404,0.648159,0.654298,0.662698,0.729378,0.714334,0.704444,0.702996,0.806497
3.3916,2.06367,0.671139,0.783283,0.648085,0.654082,0.663451,0.728985,0.71364,0.70564,0.699542,0.808209
3.3918,2.06582,0.671706,0.780811,0.647813,0.654393,0.665054,0.728286,0.713706,0.7065,0.699158,0.810098
3.392,2.06665,0.673085,0.777511,0.647396,0.654843,0.665913,0.727644,0.714825,0.707094,0.701513,0.811124
3.3922,2.06591,0.674161,0.775502,0.64693,0.655038,0.665567,0.727412,0.716397,0.707293,0.704052,0.810847
3.3924,2.0645,0.673895,0.776861,0.646492,0.65524,0.664484,0.72816,0.716963,0.707831,0.704557,0.809827
3.3926,2.06379,0.672325,0.780489,0.646259,0.655706,0.663667,0.729295,0.7168,0.70851,0.702732,0.809131
3.3928,2.06413,0.670284,0.783649,0.646271,0.656667,0.664622,0.729847,0.71713,0.708783,0.700544,0.809213
3.393,2.06552,0.668836,0.784218,0.646631,0.65746,0.666793,0.728839,0.717519,0.709081,0.700722,0.810251
3.3932,2.06699,0.668869,0.78246,0.647257,0.657892,0.668424,0.727227,0.717539,0.709429,0.703454,0.811403
3.3934,2.06884,0.671388,0.780702,0.647765,0.657637,0.668708,0.726137,0.718207,0.710191,0.706821,0.812883
3.3936,2.06948,0.674713,0.780971,0.647773,0.657572,0.668269,0.726064,0.719243,0.710738,0.708436,0.813783
3.3938,2.06824,0.675698,0.783116,0.647194,0.658878,0.667843,0.726668,0.72012,0.711429,0.707695,0.813126
3.394,2.066,0.673774,0.785979,0.646402,0.660816,0.667767,0.727246,0.720546,0.711668,0.706398,0.81155
3.3942,2.06355,0.670161,0.787733,0.645783,0.662335,0.668621,0.727806,0.720628,0.712049,0.705592,0.809603
3.3944,2.06233,0.666955,0.788054,0.645847,0.663256,0.669925,0.728041,0.720902,0.713486,0.705713,0.808389
3.3946,2.06282,0.666061,0.788572,0.646598,0.663026,0.670691,0.727456,0.722271,0.714864,0.706577,0.808521
3.3948,2.06437,0.667064,0.790092,0.647475,0.662404,0.671432,0.726548,0.724948,0.715755,0.7073,0.809661
3.395,2.06636,0.668722,0.791982,0.647979,0.662435,0.672741,0.725592,0.727543,0.715646,0.706868,0.811243
3.3952,2.06757,0.669327,0.793393,0.647891,0.663101,0.674528,0.72468,0.728327,0.714571,0.706136,0.812503
3.3954,2.06755,0.669061,0.793619,0.647367,0.663704,0.675984,0.724606,0.727741,0.714278,0.706169,0.812659
3.3956,2.06729,0.669008,0.793196,0.646521,0.663928,0.676425,0.725417,0.727689,0.715283,0.708085,0.812462
3.3958,2.06719,0.669414,0.792881,0.645719,0.664077,0.675632,0.726506,0.728309,0.716635,0.710506,0.812389
3.396,2.06779,0.670074,0.793313,0.644965,0.664267,0.674409,0.726761,0.729426,0.717528,0.712015,0.812658
3.3962,2.06924,0.670434,0.795053,0.644462,0.664896,0.674379,0.725984,0.730254,0.717559,0.711823,0.813747
3.3964,2.07065,0.670842,0.796917,0.644759,0.665341,0.675565,0.724726,0.729475,0.717103,0.710449,0.814874
3.3966,2.07172,0.671363,0.798122,0.645488,0.665642,0.677083,0.72377,0.727182,0.716773,0.708725,0.815836
3.3968,2.07195,0.671627,0.797916,0.646398,0.665913,0.678536,0.723649,0.725167,0.717349,0.708306,0.816168
3.397,2.07151,0.671773,0.79721,0.646849,0.665742,0.679502,0.723969,0.723978,0.718257,0.709543,0.815909
3.3972,2.07075,0.67215,0.797145,0.646187,0.66532,0.679381,0.724625,0.723538,0.719007,0.711236,0.815358
3.3974,2.07038,0.67248,0.798211,0.644779,0.665291,0.678696,0.725053,0.722254,0.718808,0.712007,0.81491
3.3976,2.07105,0.672416,0.799699,0.643921,0.66603,0.678403,0.724735,0.720853,0.718183,0.71083,0.815232
3.3978,2.07237,0.672225,0.800307,0.64434,0.666723,0.678641,0.724241,0.720341,0.717363,0.708663,0.816231
3.398,2.07329,0.672205,0.80006,0.645147,0.66677,0.679704,0.723715,0.720107,0.716859,0.707412,0.817057
3.3982,2.07327,0.672506,0.799847,0.645647,0.666146,0.680733,0.723415,0.719252,0.717081,0.707853,0.817228
3.3984,2.07244,0.673032,0.799875,0.645461,0.665243,0.68122,0.723038,0.71692,0.717446,0.709568,0.81665
3.3986,2.07193,0.673336,0.80022,0.644699,0.665138,0.680855,0.722781,0.713716,0.71733,0.711045,0.816113
3.3988,2.07165,0.673344,0.800285,0.64365,0.666193,0.679762,0.722953,0.710724,0.716554,0.711111,0.815878
3.399,2.07158,0.672673,0.800002,0.642802,0.667331,0.678568,0.723044,0.709196,0.715526,0.709629,0.815743
3.3992,2.07175,0.671706,0.799335,0.642394,0.667548,0.677921,0.723256,0.70888,0.714526,0.707583,0.815817
3.3994,2.07228,0.671074,0.799249,0.642345,0.666665,0.678017,0.72355,0.708818,0.713797,0.70625,0.816179
3.3996,2.07261,0.671109,0.800025,0.642569,0.665404,0.678592,0.723933,0.708446,0.713522,0.706224,0.816512
3.3998,2.07236,0.671708,0.800683,0.642762,0.664621,0.678964,0.723849,0.7077,0.713681,0.707286,0.816383
3.4,2.0719,0.672495,0.800878,0.642633,0.664625,0.678548,0.723118,0.707034,0.713995,0.708748,0.816074
3.4002,2.07099,0.672791,0.799919,0.642313,0.665279,0.677531,0.721783,0.707008,0.714055,0.709115,0.815416
3.4004,2.07001,0.672478,0.797887,0.641625,0.666147,0.676437,0.720167,0.707941,0.713957,0.707979,0.814638
3.4006,2.06941,0.671992,0.79634,0.640973,0.66625,0.67537,0.719486,0.709095,0.713991,0.705988,0.814049
3.4008,2.06923,0.671228,0.796569,0.640608,0.665556,0.67436,0.720021,0.709623,0.714125,0.704486,0.813871
3.401,2.06949,0.670452,0.797879,0.640621,0.664361,0.673432,0.721206,0.710281,0.71389,0.704075,0.813974
3.4012,2.07017,0.669945,0.799261,0.640815,0.663376,0.672503,0.722261,0.711517,0.713189,0.705153,0.814464
3.4014,2.07035,0.669645,0.799024,0.640749,0.66311,0.671433,0.722587,0.71211,0.712146,0.706801,0.814795
3.4016,2.06986,0.669288,0.796712,0.640719,0.663506,0.670148,0.721849,0.711523,0.711087,0.707806,0.814493
3.4018,2.06875,0.668771,0.793511,0.640512,0.663573,0.669104,0.72092,0.709855,0.710562,0.708251,0.813784
3.402,2.0672,0.667887,0.791341,0.640376,0.663214,0.66831,0.720284,0.708582,0.710637,0.707381,0.812595
3.4022,2.0662,0.666862,0.791103,0.640206,0.662568,0.667334,0.720705,0.709065,0.710921,0.705314,0.811678
3.4024,2.06562,0.666314,0.79227,0.639952,0.661595,0.665588,0.721892,0.71057,0.711035,0.70348,0.811226
3.4026,2.06513,0.666145,0.793076,0.639376,0.660733,0.663214,0.722736,0.711635,0.7108,0.702566,0.810843
3.4028,2.06499,0.666057,0.792594,0.638687,0.660457,0.660931,0.722423,0.711791,0.7103,0.702682,0.81068
3.403,2.06526,0.665891,0.790515,0.638115,0.660369,0.659321,0.72122,0.711817,0.70973,0.70354,0.810885
3.4032,2.0652,0.665474,0.788217,0.63763,0.660477,0.658676,0.719949,0.712692,0.709313,0.70411,0.810986
3.4034,2.06459,0.664648,0.786863,0.637544,0.660153,0.658467,0.71916,0.71412,0.709202,0.703877,0.81066
3.4036,2.06349,0.664203,0.786118,0.637862,0.659218,0.658037,0.719127,0.715198,0.709191,0.703291,0.809915
3.4038,2.06196,0.664874,0.785618,0.638407,0.658229,0.657097,0.719576,0.716203,0.708575,0.70272,0.808808
3.404,2.06089,0.665714,0.785061,0.638632,0.658092,0.655761,0.719968,0.716505,0.707251,0.702496,0.807882
3.4042,2.06032,0.666188,0.783728,0.638275,0.658733,0.654457,0.719928,0.715532,0.705516,0.702517,0.807479
3.4044,2.0599,0.665726,0.782465,0.637518,0.659142,0.653681,0.719428,0.713383,0.704128,0.702867,0.807135
3.4046,2.0601,0.664929,0.782294,0.636866,0.65859,0.653641,0.718804,0.710974,0.703179,0.703524,0.807237
3.4048,2.06072,0.664536,0.782785,0.63671,0.657554,0.654095,0.71846,0.709689,0.702554,0.704239,0.807729
3.405,2.0617,0.664529,0.782817,0.637042,0.657099,0.654569,0.718619,0.709381,0.701551,0.704466,0.808517
3.4052,2.0621,0.66492,0.781842,0.637555,0.657329,0.655076,0.71921,0.70941,0.700059,0.703987,0.809099
3.4054,2.06138,0.665014,0.780159,0.638272,0.65781,0.655609,0.719777,0.709052,0.698416,0.703323,0.808751
3.4056,2.06024,0.664509,0.778562,0.638948,0.657728,0.656033,0.719728,0.706964,0.6972,0.703294,0.807969
3.4058,2.05925,0.663511,0.777319,0.63945,0.657437,0.655968,0.719045,0.703741,0.69631,0.703672,0.807166
3.406,2.05833,0.66234,0.776411,0.639403,0.657826,0.655323,0.718267,0.700891,0.695867,0.704382,0.806573
3.4062,2.05696,0.661724,0.775692,0.63891,0.658757,0.654563,0.717824,0.698842,0.695344,0.705046,0.805648
3.4064,2.05565,0.661734,0.774838,0.638472,0.65994,0.654072,0.717392,0.697654,0.69415,0.705323,0.804643
3.4066,2.05459,0.662175,0.773494,0.638347,0.660521,0.654889,0.716586,0.69644,0.692613,0.705651,0.803869
3.4068,2.05374,0.663093,0.771572,0.638553,0.660916,0.657654,0.715294,0.694341,0.692566,0.70622,0.803229
3.407,2.05379,0.663698,0.769489,0.639059,0.661468,0.661052,0.713643,0.692257,0.693752,0.706494,0.803144
3.4072,2.05483,0.663227,0.768075,0.639549,0.66176,0.662335,0.712302,0.690859,0.694786,0.706428,0.803929
3.4074,2.05623,0.662346,0.767376,0.639752,0.66152,0.660706,0.711997,0.689954,0.694812,0.706621,0.805068
3.4076,2.05746,0.661725,0.768034,0.639795,0.661094,0.657547,0.712641,0.689223,0.694174,0.707029,0.806224
3.4078,2.05732,0.662208,0.769809,0.639712,0.660961,0.655477,0.713149,0.688556,0.693766,0.707173,0.806513
3.408,2.05611,0.663654,0.77056,0.639731,0.661363,0.655856,0.713384,0.688253,0.69402,0.706971,0.80574
3.4082,2.05534,0.664923,0.769376,0.640247,0.661961,0.65783,0.71235,0.688555,0.695226,0.706439,0.805029
3.4084,2.05587,0.665089,0.766691,0.640878,0.662046,0.659754,0.710148,0.689381,0.696776,0.706052,0.805222
3.4086,2.05803,0.664092,0.763651,0.641515,0.66186,0.660074,0.708569,0.690613,0.697312,0.706357,0.806697
3.4088,2.06059,0.663074,0.761622,0.641681,0.661959,0.658759,0.708231,0.692172,0.697282,0.707132,0.80885
3.409,2.06159,0.663149,0.76138,0.641319,0.662422,0.656753,0.708467,0.693612,0.697817,0.707914,0.810067
3.4092,2.06074,0.664085,0.763537,0.640526,0.662958,0.655515,0.708389,0.694281,0.69906,0.708658,0.809743
3.4094,2.05898,0.665011,0.767006,0.639485,0.663273,0.655545,0.707487,0.695277,0.700414,0.70938,0.808449
3.4096,2.05785,0.665371,0.769269,0.638822,0.663139,0.656625,0.705913,0.697294,0.70106,0.709721,0.807424
3.4098,2.05837,0.664919,0.768957,0.638784,0.663107,0.658336,0.704341,0.699006,0.700694,0.709584,0.807466
3.41,2.06084,0.664092,0.766845,0.638723,0.663506,0.659655,0.703346,0.699569,0.699985,0.709106,0.809143
3.4102,2.06378,0.663563,0.764725,0.638181,0.663981,0.660041,0.703166,0.698916,0.700023,0.708566,0.811524
3.4104,2.06572,0.663826,0.764259,0.637252,0.663832,0.659785,0.703562,0.698642,0.701515,0.708242,0.813325
3.4106,2.06581,0.664685,0.766018,0.63596,0.662175,0.65958,0.704064,0.700107,0.704043,0.708276,0.813791
3.4108,2.06412,0.665483,0.768654,0.634628,0.659578,0.659804,0.70427,0.702696,0.706201,0.708193,0.81271
3.411,2.06242,0.665732,0.770556,0.634447,0.657571,0.660457,0.704026,0.705106,0.706074,0.708832,0.811244
3.4112,2.0618,0.665766,0.771284,0.636034,0.657594,0.661311,0.703418,0.706738,0.703587,0.709971,0.810573
3.4114,2.06227,0.666232,0.771277,0.637784,0.659171,0.662147,0.702865,0.707948,0.701445,0.710906,0.810704
3.4116,2.06375,0.666895,0.771369,0.637778,0.660861,0.662742,0.702721,0.709463,0.70155,0.710703,0.811801
3.4118,2.06463,0.667,0.772124,0.635793,0.661154,0.663197,0.702967,0.711309,0.703808,0.709242,0.812657
3.412,2.06492,0.666323,0.773977,0.633799,0.659654,0.664137,0.703291,0.713901,0.706956,0.70774,0.81293
3.4122,2.06613,0.664926,0.776746,0.633537,0.657205,0.665548,0.703349,0.715756,0.709011,0.70712,0.813613
3.4124,2.06799,0.663834,0.779187,0.634779,0.655078,0.666955,0.702926,0.715532,0.708583,0.707563,0.815071
3.4126,2.06869,0.663573,0.78042,0.636258,0.654929,0.667851,0.702184,0.713756,0.707409,0.709033,0.815897
3.4128,2.06761,0.665064,0.781054,0.636824,0.657242,0.668102,0.701658,0.712096,0.706949,0.710809,0.815405
3.413,2.06451,0.667807,0.78133,0.636439,0.660009,0.6681,0.701709,0.712336,0.707841,0.711413,0.813287
3.4132,2.06093,0.669024,0.781349,0.635712,0.66119,0.668357,0.702258,0.71372,0.70947,0.710156,0.810412
3.4134,2.05852,0.667774,0.781561,0.635081,0.660708,0.669023,0.702961,0.714398,0.710556,0.708444,0.808254
3.4136,2.05793,0.664656,0.78253,0.634699,0.659532,0.669846,0.703471,0.712824,0.710392,0.707216,0.807453
3.4138,2.05895,0.661177,0.783958,0.634925,0.658479,0.670316,0.703483,0.710532,0.70962,0.706818,0.808086
3.414,2.05975,0.659408,0.785921,0.635534,0.658191,0.670164,0.703047,0.709899,0.709402,0.707512,0.808934
3.4142,2.05903,0.659508,0.787876,0.636141,0.658626,0.669672,0.702801,0.710002,0.709472,0.708255,0.80875
3.4144,2.05678,0.660559,0.789186,0.636718,0.659313,0.66923,0.702818,0.709848,0.709741,0.708252,0.807249
3.4146,2.05422,0.661007,0.7893,0.636923,0.65984,0.669023,0.702915,0.708219,0.710211,0.707638,0.80526
3.4148,2.0526,0.65995,0.788648,0.636503,0.660257,0.668983,0.703255,0.705479,0.710385,0.707119,0.803791
3.415,2.05268,0.657747,0.787943,0.635775,0.660589,0.668683,0.703291,0.702943,0.71044,0.706904,0.803602
3.4152,2.05387,0.655713,0.787861,0.635088,0.660758,0.668046,0.702728,0.702074,0.710867,0.706904,0.804489
3.4154,2.05496,0.655211,0.788754,0.634711,0.660441,0.667283,0.701637,0.702593,0.711076,0.70701,0.805515
3.4156,2.05517,0.656101,0.789996,0.634629,0.659765,0.666826,0.700669,0.703502,0.710766,0.70722,0.805942
3.4158,2.05437,0.657404,0.791457,0.634715,0.659065,0.666448,0.700364,0.703989,0.710068,0.707515,0.805553
3.416,2.05305,0.657872,0.79265,0.634754,0.658815,0.665678,0.700401,0.703551,0.709438,0.707817,0.804626
3.4162,2.05198,0.657146,0.792694,0.634774,0.659233,0.664468,0.700899,0.702553,0.709289,0.707921,0.803775
3.4164,2.05173,0.655845,0.791594,0.634626,0.659838,0.662912,0.701424,0.701919,0.709703,0.707618,0.803437
3.4166,2.05252,0.654774,0.790514,0.634416,0.659946,0.661584,0.700862,0.702388,0.710372,0.706813,0.803979
3.4168,2.05361,0.65455,0.790074,0.63446,0.659292,0.660773,0.69944,0.704006,0.7105,0.706056,0.804923
3.417,2.0541,0.655277,0.79007,0.634483,0.658038,0.660184,0.698342,0.706121,0.710573,0.705758,0.805517
3.4172,2.05357,0.655825,0.790183,0.634276,0.656559,0.659483,0.698177,0.707324,0.710799,0.705821,0.805365
3.4174,2.05253,0.655637,0.789858,0.633965,0.655685,0.658305,0.69889,0.707206,0.711039,0.70599,0.80462
3.4176,2.05167,0.655587,0.788753,0.633603,0.655859,0.656709,0.699844,0.707405,0.710972,0.705815,0.803987
3.4178,2.05127,0.656027,0.786877,0.633492,0.656488,0.655157,0.699872,0.708696,0.710467,0.705195,0.803602
3.418,2.05155,0.656253,0.78505,0.633891,0.656332,0.654051,0.699005,0.709969,0.70981,0.7042,0.803801
3.4182,2.05187,0.655663,0.783902,0.634638,0.654642,0.653492,0.697751,0.710264,0.709827,0.703711,0.804152
3.4184,2.0519,0.654332,0.78351,0.635296,0.652305,0.653282,0.696866,0.709299,0.710307,0.703787,0.804317
3.4186,2.05116,0.652812,0.783522,0.635415,0.650125,0.653082,0.696824,0.709205,0.710384,0.704389,0.803996
3.4188,2.04973,0.651905,0.783204,0.635282,0.648583,0.652678,0.697567,0.711349,0.709651,0.705393,0.802998
3.419,2.04847,0.652152,0.782366,0.63488,0.647356,0.652045,0.69862,0.71561,0.70869,0.706054,0.80202
3.4192,2.04778,0.653167,0.781247,0.634496,0.646494,0.651401,0.699386,0.719846,0.707617,0.705692,0.801436
3.4194,2.04789,0.653947,0.779986,0.634811,0.645797,0.650869,0.699271,0.721826,0.707183,0.704592,0.801446
3.4196,2.04852,0.653835,0.7788,0.63548,0.645015,0.650437,0.698623,0.721463,0.707251,0.702976,0.801995
3.4198,2.04864,0.652828,0.777714,0.635716,0.643487,0.650424,0.6982,0.720445,0.707165,0.701493,0.802334
3.42,2.04767,0.651336,0.776573,0.635166,0.641906,0.650741,0.698156,0.720514,0.706551,0.700659,0.801874
3.4202,2.04595,0.650242,0.775446,0.634307,0.640907,0.6511,0.698303,0.722518,0.705273,0.700381,0.800707
3.4204,2.04403,0.650285,0.774092,0.633735,0.640195,0.651118,0.698455,0.724583,0.704179,0.700259,0.799256
3.4206,2.04346,0.651109,0.772983,0.633771,0.639744,0.650751,0.698471,0.724807,0.703763,0.700031,0.798537
3.4208,2.04474,0.651708,0.772377,0.634242,0.639772,0.650629,0.698309,0.722642,0.703934,0.699939,0.799377
3.421,2.04639,0.651133,0.772082,0.634962,0.639945,0.650737,0.698023,0.720197,0.70386,0.699887,0.800809
3.4212,2.0473,0.649226,0.771353,0.635742,0.640089,0.650949,0.697807,0.719871,0.70319,0.69967,0.801812
3.4214,2.04673,0.64671,0.770135,0.636196,0.639823,0.65126,0.697773,0.720254,0.702143,0.699287,0.801767
3.4216,2.04496,0.645212,0.76843,0.636004,0.6395,0.651775,0.697997,0.720152,0.701264,0.69876,0.800603
3.4218,2.04347,0.645412,0.76698,0.635238,0.63911,0.652441,0.698421,0.719386,0.700981,0.697926,0.799341
3.422,2.04328,0.646393,0.767036,0.634563,0.638909,0.652841,0.698779,0.717719,0.701171,0.697607,0.799045
3.4222,2.04419,0.647013,0.768275,0.634513,0.63921,0.652685,0.698818,0.715093,0.701968,0.698492,0.799681
3.4224,2.04555,0.647117,0.769613,0.635059,0.639664,0.652003,0.698684,0.714105,0.702368,0.700198,0.800801
3.4226,2.04659,0.647841,0.769464,0.636115,0.640009,0.651166,0.69863,0.713844,0.701559,0.701699,0.80181
3.4228,2.0473,0.648937,0.767377,0.637217,0.640274,0.650789,0.698561,0.712447,0.70051,0.701702,0.802474
3.423,2.04816,0.649439,0.764738,0.637772,0.640496,0.651087,0.698268,0.709811,0.700141,0.699955,0.803165
3.4232,2.04883,0.649267,0.763081,0.637445,0.640585,0.652323,0.697525,0.70665,0.700592,0.697617,0.803868
3.4234,2.0486,0.649277,0.76327,0.636884,0.640774,0.653436,0.696376,0.704559,0.700938,0.696535,0.80387
3.4236,2.0476,0.649407,0.765172,0.637037,0.641532,0.653937,0.695501,0.704289,0.700666,0.69743,0.803333
3.4238,2.04575,0.649481,0.767003,0.638206,0.642699,0.653222,0.695198,0.70491,0.700836,0.700037,0.802018
3.424,2.0447,0.650012,0.767425,0.639895,0.643472,0.651836,0.695152,0.705225,0.701258,0.702425,0.800996
3.4242,2.04486,0.650303,0.766555,0.64097,0.644209,0.650893,0.69514,0.703792,0.701409,0.703004,0.80101
3.4244,2.04621,0.64982,0.765407,0.640585,0.644624,0.650887,0.694727,0.702911,0.701224,0.701517,0.801876
3.4246,2.04868,0.648544,0.764669,0.639216,0.644563,0.651561,0.694363,0.703609,0.701384,0.699874,0.803749
3.4248,2.05034,0.647934,0.764368,0.637673,0.644214,0.653633,0.693491,0.704381,0.701344,0.699247,0.805383
3.425,2.05076,0.648637,0.76471,0.636773,0.6439,0.655964,0.69178,0.704576,0.701338,0.699868,0.80595
3.4252,2.04982,0.649952,0.765174,0.636936,0.644253,0.656822,0.690162,0.704466,0.701347,0.701021,0.805504
3.4254,2.04829,0.65074,0.765432,0.637578,0.644918,0.655924,0.689496,0.704658,0.70131,0.701439,0.804332
3.4256,2.04748,0.650356,0.765512,0.638234,0.645683,0.65407,0.689725,0.705866,0.701622,0.70099,0.803567
3.4258,2.04784,0.649293,0.764636,0.638138,0.646811,0.652975,0.689831,0.707366,0.702045,0.700189,0.803635
3.426,2.04942,0.648714,0.762925,0.637333,0.647598,0.653398,0.689058,0.708328,0.702304,0.699751,0.804737
3.4262,2.05098,0.648824,0.761001,0.636514,0.648043,0.655114,0.687713,0.70822,0.702392,0.69991,0.806075
3.4264,2.05187,0.649259,0.760038,0.636487,0.647855,0.656975,0.686463,0.707586,0.703325,0.700608,0.806936
3.4266,2.05231,0.649818,0.760116,0.637555,0.647617,0.657863,0.685778,0.708663,0.704419,0.70094,0.807339
3.4268,2.05268,0.651065,0.760726,0.63883,0.647633,0.657784,0.685778,0.711477,0.705112,0.701093,0.807666
3.427,2.05307,0.652269,0.762016,0.639065,0.647664,0.657291,0.686193,0.713501,0.705517,0.700799,0.807916
3.4272,2.05386,0.652891,0.762591,0.638458,0.647818,0.657043,0.686658,0.713349,0.705058,0.700515,0.80849
3.4274,2.05458,0.652461,0.761326,0.637508,0.648307,0.657549,0.686844,0.712109,0.70405,0.700517,0.809076
3.4276,2.05507,0.651904,0.758796,0.636924,0.648541,0.658906,0.686806,0.711448,0.703546,0.701122,0.809524
3.4278,2.05501,0.651924,0.756361,0.637002,0.648714,0.660252,0.686689,0.712444,0.704371,0.701543,0.809592
3.428,2.05437,0.653084,0.755371,0.637387,0.649265,0.661212,0.686697,0.714929,0.705524,0.701295,0.809149
3.4282,2.0537,0.654551,0.756117,0.637699,0.650376,0.662029,0.687097,0.71742,0.706102,0.700907,0.80862
3.4284,2.05289,0.655028,0.75784,0.637444,0.651285,0.6628,0.687927,0.718486,0.705823,0.700207,0.808003
3.4286,2.05208,0.65377,0.759289,0.636509,0.6517,0.663448,0.688544,0.718299,0.705222,0.699491,0.807369
3.4288,2.05142,0.651647,0.759521,0.635636,0.651688,0.663725,0.688485,0.718,0.704727,0.699724,0.806791
3.429,2.05136,0.650444,0.758632,0.635222,0.651358,0.664199,0.687918,0.717525,0.705394,0.700939,0.806638
3.4292,2.05179,0.650727,0.757493,0.635461,0.651283,0.665338,0.687376,0.717116,0.707421,0.702018,0.806895
3.4294,2.05259,0.652227,0.757149,0.635912,0.652078,0.666635,0.687287,0.717089,0.709536,0.701899,0.807527
3.4296,2.05269,0.653383,0.758059,0.636026,0.653085,0.667629,0.687717,0.717335,0.709946,0.700693,0.807782
3.4298,2.052,0.652733,0.759897,0.635596,0.654112,0.668623,0.688492,0.717252,0.708458,0.699138,0.807409
3.43,2.05033,0.650709,0.761817,0.634804,0.654453,0.669721,0.689369,0.717414,0.706604,0.698307,0.806296
3.4302,2.04821,0.648382,0.763076,0.634064,0.654099,0.670427,0.690123,0.718139,0.706395,0.698571,0.804661
3.4304,2.04673,0.647297,0.763525,0.634218,0.653899,0.670293,0.690591,0.718478,0.707412,0.69965,0.80334
3.4306,2.04658,0.647748,0.763558,0.634898,0.654031,0.669387,0.690809,0.717745,0.708952,0.700692,0.802995
3.4308,2.0473,0.649293,0.763862,0.635452,0.654333,0.668301,0.690878,0.71534,0.710364,0.700686,0.80353
3.431,2.04766,0.650422,0.764791,0.63564,0.65485,0.66752,0.690981,0.712794,0.71039,0.699751,0.804002
3.4312,2.04698,0.650017,0.766421,0.635066,0.655368,0.667891,0.691635,0.711283,0.709339,0.698418,0.803725
3.4314,2.04527,0.647932,0.768062,0.633497,0.655421,0.669029,0.692317,0.710369,0.708216,0.697396,0.802597
3.4316,2.04328,0.645568,0.76895,0.631571,0.655386,0.669513,0.693003,0.709977,0.707895,0.697165,0.801061
3.4318,2.04194,0.64407,0.76896,0.629981,0.655546,0.668512,0.693299,0.709399,0.708024,0.697713,0.799911
3.432,2.04154,0.644125,0.768913,0.629492,0.655514,0.666362,0.693158,0.708072,0.708096,0.698664,0.799488
3.4322,2.04206,0.644986,0.769095,0.630062,0.655429,0.663832,0.69249,0.706359,0.707893,0.699097,0.79981
3.4324,2.04293,0.645449,0.770112,0.630986,0.655045,0.66224,0.692283,0.704712,0.707848,0.69853,0.800571
3.4326,2.04333,0.645039,0.771506,0.631311,0.654587,0.662149,0.692653,0.703656,0.708276,0.697306,0.801071
3.4328,2.04308,0.644146,0.772312,0.630787,0.654202,0.6631,0.692637,0.703334,0.708909,0.696292,0.801084
3.433,2.04219,0.643339,0.772449,0.629274,0.654629,0.663386,0.692285,0.70361,0.709403,0.695581,0.800529
3.4332,2.04128,0.643028,0.772228,0.62744,0.655135,0.662568,0.69185,0.704158,0.709557,0.695533,0.799826
3.4334,2.0411,0.643411,0.771934,0.62615,0.654445,0.660583,0.691337,0.704756,0.709457,0.696177,0.799601
3.4336,2.0413,0.644189,0.771635,0.625574,0.652577,0.658691,0.69067,0.705694,0.70941,0.696388,0.79981
3.4338,2.04121,0.644554,0.771351,0.62559,0.650697,0.658024,0.690006,0.707293,0.709755,0.695807,0.79991
3.434,2.04033,0.644209,0.770949,0.625508,0.650073,0.65828,0.689124,0.708653,0.710178,0.695221,0.799469
3.4342,2.03875,0.643948,0.770325,0.624834,0.651284,0.658403,0.688683,0.70884,0.710435,0.6948,0.798392
3.4344,2.03733,0.644406,0.770134,0.623773,0.653188,0.657779,0.689092,0.708941,0.710017,0.694652,0.797258
3.4346,2.03669,0.645078,0.770442,0.62287,0.65425,0.656357,0.689924,0.709657,0.709222,0.694568,0.796682
3.4348,2.03681,0.645366,0.77091,0.622463,0.653834,0.654517,0.690434,0.711378,0.708716,0.694488,0.796749
3.435,2.03733,0.645202,0.770653,0.622583,0.652563,0.652902,0.690324,0.712557,0.708398,0.694095,0.79721
3.4352,2.03768,0.644355,0.769612,0.622944,0.651675,0.652046,0.689846,0.711972,0.707985,0.693683,0.797656
3.4354,2.03735,0.643393,0.76783,0.623161,0.65159,0.651995,0.689302,0.710566,0.708075,0.693852,0.797627
3.4356,2.03638,0.643341,0.766394,0.623054,0.651583,0.652299,0.689064,0.711114,0.707846,0.694702,0.797048
3.4358,2.03521,0.644119,0.766199,0.622659,0.651431,0.652412,0.689402,0.713707,0.706951,0.695824,0.796227
3.436,2.0343,0.644817,0.766719,0.62215,0.651467,0.652048,0.689884,0.716732,0.705669,0.696032,0.795516
3.4362,2.03427,0.644925,0.766984,0.621851,0.651283,0.651241,0.690075,0.718556,0.704281,0.694745,0.795424
3.4364,2.03422,0.644353,0.766148,0.622196,0.65061,0.650337,0.690392,0.718962,0.703296,0.693314,0.795588
3.4366,2.03354,0.643048,0.764146,0.623023,0.649595,0.64966,0.691007,0.718596,0.703329,0.692759,0.795277
3.4368,2.03201,0.641816,0.761779,0.623729,0.648624,0.649351,0.691544,0.718193,0.703358,0.693292,0.794389
3.437,2.02971,0.641778,0.760392,0.624041,0.648207,0.64958,0.691783,0.717872,0.702742,0.693922,0.79277
3.4372,2.02754,0.643225,0.760508,0.623837,0.648269,0.650164,0.691679,0.717306,0.702156,0.694007,0.791104
3.4374,2.02647,0.644523,0.761672,0.623265,0.64882,0.650906,0.691478,0.716453,0.701678,0.693163,0.790155
3.4376,2.02633,0.644108,0.762582,0.622872,0.649386,0.651478,0.691597,0.716136,0.701089,0.691809,0.790063
3.4378,2.02657,0.641752,0.762285,0.623101,0.649403,0.651501,0.692053,0.715688,0.700928,0.690959,0.790363
3.438,2.02606,0.638911,0.760811,0.623897,0.649237,0.650941,0.692816,0.715404,0.700657,0.690839,0.790372
3.4382,2.02414,0.637706,0.758966,0.62486,0.648914,0.650208,0.69369,0.714089,0.700159,0.69163,0.78924
3.4384,2.02153,0.638798,0.757976,0.625511,0.648668,0.649781,0.694317,0.71235,0.700295,0.692309,0.78743
3.4386,2.01896,0.640589,0.758824,0.625457,0.648923,0.649831,0.69439,0.710264,0.700615,0.691349,0.785511
3.4388,2.01752,0.641506,0.761,0.624748,0.649305,0.650101,0.693814,0.710128,0.701219,0.688861,0.784282
3.439,2.01718,0.641749,0.762943,0.623886,0.648916,0.650514,0.69297,0.710578,0.702055,0.686972,0.784067
3.4392,2.01717,0.642334,0.763343,0.623585,0.648023,0.651193,0.692506,0.709882,0.702466,0.686954,0.78421
3.4394,2.01786,0.642333,0.762068,0.62406,0.647623,0.651771,0.692738,0.706922,0.701579,0.688629,0.784793
3.4396,2.01892,0.640772,0.75986,0.624804,0.648032,0.652335,0.693447,0.703618,0.700053,0.690063,0.785772
3.4398,2.02052,0.638262,0.757725,0.625199,0.6488,0.653301,0.694233,0.701651,0.698438,0.690264,0.787037
3.44,2.02277,0.636613,0.756757,0.62475,0.649402,0.654074,0.693971,0.700601,0.697256,0.689144,0.788953
3.4402,2.024,0.637409,0.756944,0.624708,0.649527,0.654086,0.692377,0.699188,0.696983,0.687625,0.790315
3.4404,2.02378,0.641058,0.75751,0.625675,0.649949,0.653063,0.690295,0.697584,0.698551,0.687505,0.79059
3.4406,2.02209,0.644552,0.757695,0.626477,0.650344,0.651695,0.689147,0.695883,0.700605,0.688717,0.789593
3.4408,2.02059,0.645095,0.756872,0.626506,0.65056,0.650765,0.689475,0.695291,0.700698,0.690517,0.788363
3.441,2.02054,0.642847,0.755435,0.626474,0.650359,0.650765,0.690134,0.695906,0.698989,0.692032,0.788152
3.4412,2.02172,0.640434,0.754423,0.626948,0.649849,0.651636,0.690377,0.696126,0.696141,0.692552,0.789016
3.4414,2.02368,0.639452,0.75466,0.627155,0.649556,0.653631,0.689837,0.69537,0.693451,0.692388,0.790608
3.4416,2.02504,0.640286,0.755634,0.626368,0.649354,0.656277,0.688534,0.694404,0.694015,0.692842,0.791974
3.4418,2.02535,0.642132,0.756842,0.624848,0.649543,0.657911,0.686646,0.694723,0.697324,0.693665,0.792505
3.442,2.02478,0.643493,0.757297,0.623107,0.649999,0.658412,0.684987,0.69693,0.699561,0.694284,0.792302
3.4422,2.02385,0.643495,0.756986,0.62192,0.650675,0.658227,0.684057,0.699238,0.69825,0.694672,0.79168
3.4424,2.02364,0.642854,0.756261,0.62169,0.651002,0.657866,0.683892,0.699575,0.694532,0.694509,0.791405
3.4426,2.02427,0.642907,0.755655,0.622083,0.650789,0.657855,0.683648,0.69959,0.691517,0.694127,0.791852
3.4428,2.02546,0.643569,0.755138,0.622685,0.650135,0.658814,0.683171,0.700861,0.692412,0.694257,0.792774
3.443,2.02716,0.644145,0.754973,0.622915,0.649516,0.660702,0.682605,0.702712,0.696502,0.694479,0.794131
3.4432,2.02848,0.644193,0.754797,0.622653,0.649696,0.662498,0.681996,0.703787,0.699964,0.695064,0.795373
3.4434,2.02961,0.643553,0.754671,0.622243,0.651127,0.663291,0.681492,0.702884,0.700003,0.695537,0.796251
3.4436,2.03112,0.642743,0.754513,0.622034,0.653272,0.663049,0.681322,0.701874,0.697745,0.695638,0.797446
3.4438,2.03221,0.642708,0.754373,0.622148,0.654672,0.66247,0.681579,0.702542,0.69552,0.695524,0.798475
3.444,2.03286,0.643699,0.754461,0.62248,0.654558,0.662384,0.682095,0.704525,0.695189,0.694945,0.799063
3.4442,2.03282,0.644959,0.754835,0.622684,0.653391,0.66329,0.682516,0.706729,0.697231,0.694593,0.799243
3.4444,2.03186,0.645693,0.755047,0.622275,0.652639,0.664726,0.682591,0.70804,0.699794,0.695003,0.79862
3.4446,2.03139,0.645736,0.755051,0.621694,0.652912,0.665647,0.682522,0.708382,0.700816,0.695861,0.798093
3.4448,2.0318,0.645167,0.755207,0.621635,0.653245,0.665848,0.682544,0.708899,0.699754,0.696349,0.798292
3.445,2.03302,0.644409,0.755748,0.622136,0.652922,0.665578,0.682863,0.710193,0.698201,0.695847,0.799088
3.4452,2.03494,0.644077,0.757038,0.622712,0.651675,0.665072,0.683427,0.71178,0.697609,0.694476,0.800577
3.4454,2.03594,0.644508,0.758177,0.622917,0.649927,0.664702,0.683935,0.712653,0.697713,0.693348,0.801606
3.4456,2.03583,0.645373,0.758708,0.622697,0.648616,0.66452,0.684004,0.71218,0.697894,0.693422,0.801693
3.4458,2.03536,0.645553,0.758519,0.622581,0.649524,0.664925,0.683693,0.710696,0.697358,0.694647,0.801351
3.446,2.03486,0.645188,0.758319,0.622888,0.652481,0.665723,0.68344,0.709104,0.6971,0.695949,0.800917
3.4462,2.03514,0.644542,0.758725,0.623919,0.654672,0.666499,0.683562,0.708727,0.697487,0.696045,0.800925
3.4464,2.0362,0.645287,0.760122,0.625121,0.654148,0.66684,0.684177,0.709295,0.697574,0.695146,0.801677
3.4466,2.03743,0.646927,0.762135,0.625929,0.650669,0.666816,0.685174,0.709795,0.696911,0.693892,0.802617
3.4468,2.03855,0.647631,0.763722,0.625515,0.646425,0.666139,0.686299,0.710449,0.695226,0.693764,0.803514
3.447,2.03925,0.646688,0.764074,0.624117,0.643509,0.665144,0.687286,0.710263,0.693523,0.695329,0.804139
3.4472,2.03972,0.644147,0.763577,0.622964,0.643608,0.664573,0.687896,0.7081,0.69221,0.697249,0.804477
3.4474,2.0404,0.641544,0.763199,0.622956,0.645873,0.664775,0.688082,0.704373,0.691935,0.698014,0.804945
3.4476,2.04098,0.640326,0.764013,0.624188,0.64753,0.665318,0.687968,0.701518,0.692236,0.697028,0.805395
3.4478,2.04136,0.640706,0.76557,0.625715,0.647121,0.66577,0.687912,0.701807,0.692073,0.695089,0.805707
3.448,2.0413,0.641682,0.767107,0.626416,0.64479,0.666242,0.687861,0.704081,0.690995,0.693802,0.805687
3.4482,2.04081,0.641908,0.767656,0.626056,0.642333,0.666354,0.687835,0.704996,0.68937,0.693991,0.805359
3.4484,2.04017,0.641004,0.767006,0.625013,0.64089,0.666176,0.688263,0.703193,0.687724,0.695386,0.804767
3.4486,2.04072,0.639437,0.765668,0.624289,0.640632,0.66555,0.68866,0.700117,0.686653,0.696832,0.804855
3.4488,2.04194,0.637934,0.765187,0.624764,0.640958,0.665262,0.6891,0.698579,0.686357,0.697137,0.805804
3.449,2.04275,0.637249,0.766496,0.625938,0.64122,0.665839,0.689094,0.699396,0.686582,0.696369,0.806455
3.4492,2.04278,0.637484,0.769226,0.627076,0.641087,0.667011,0.688197,0.701025,0.686787,0.695164,0.806672
3.4494,2.04121,0.63814,0.771899,0.627128,0.640498,0.667716,0.686738,0.701415,0.686675,0.694284,0.80569
3.4496,2.03904,0.638562,0.772662,0.626352,0.639611,0.667538,0.685532,0.700229,0.686252,0.694077,0.803947
3.4498,2.03737,0.638355,0.771411,0.625154,0.638748,0.666879,0.685329,0.698471,0.685792,0.694477,0.802486
3.45,2.03695,0.637661,0.7692,0.624262,0.638172,0.665765,0.685633,0.697769,0.685715,0.694908,0.801833
3.4502,2.03791,0.637001,0.767418,0.624205,0.637706,0.664829,0.685568,0.699084,0.686135,0.695048,0.802379
3.4504,2.03888,0.636707,0.767261,0.624599,0.637276,0.665029,0.684447,0.701751,0.686457,0.695217,0.803278
3.4506,2.03849,0.636639,0.768688,0.624789,0.637385,0.665773,0.682627,0.703753,0.686462,0.694975,0.803255
3.4508,2.03659,0.636852,0.770029,0.624427,0.637977,0.665965,0.680855,0.703733,0.686694,0.693864,0.802002
3.451,2.03418,0.637679,0.769574,0.623673,0.638289,0.665285,0.679597,0.7027,0.687007,0.692138,0.800112
3.4512,2.03258,0.638548,0.76792,0.623171,0.637866,0.664312,0.679118,0.70143,0.686879,0.690444,0.798618
3.4514,2.03243,0.638651,0.766519,0.623023,0.636863,0.663695,0.679048,0.700735,0.686133,0.689702,0.798249
3.4516,2.03352,0.637645,0.766061,0.623324,0.635735,0.663553,0.678863,0.701111,0.685026,0.69049,0.798963
3.4518,2.03444,0.635998,0.765959,0.623621,0.635077,0.664062,0.678414,0.701878,0.684038,0.691539,0.799854
3.452,2.03414,0.634682,0.766131,0.623829,0.635077,0.664642,0.677853,0.701972,0.684213,0.692429,0.799915
3.4522,2.03227,0.634461,0.766,0.623866,0.635501,0.66419,0.67743,0.701547,0.685591,0.692641,0.798768
3.4524,2.02963,0.635272,0.764914,0.623452,0.63592,0.662952,0.677416,0.701271,0.686596,0.691575,0.796761
3.4526,2.02772,0.636328,0.764145,0.623193,0.635953,0.661851,0.677875,0.701601,0.685891,0.689891,0.795085
3.4528,2.02702,0.63677,0.764294,0.62341,0.635387,0.661213,0.678294,0.702582,0.684336,0.688608,0.794388
3.453,2.02712,0.636276,0.764785,0.623584,0.634321,0.660783,0.678231,0.703939,0.683264,0.687968,0.794408
3.4532,2.02733,0.63506,0.764485,0.623489,0.633082,0.660392,0.678208,0.705119,0.68303,0.687845,0.794699
3.4534,2.02672,0.63383,0.76289,0.623139,0.632066,0.660136,0.67855,0.705677,0.683679,0.687799,0.794498
3.4536,2.02517,0.633476,0.760445,0.622898,0.63144,0.659689,0.678981,0.705925,0.684816,0.687314,0.793463
3.4538,2.02368,0.633927,0.758303,0.622643,0.631067,0.659173,0.67923,0.705953,0.685616,0.68628,0.792331
3.454,2.02263,0.634412,0.757882,0.62267,0.630858,0.659005,0.679205,0.705278,0.685539,0.684761,0.791453
3.4542,2.02254,0.634284,0.759096,0.622862,0.630651,0.659097,0.678914,0.704279,0.684917,0.683453,0.7913
3.4544,2.02299,0.63334,0.760578,0.623252,0.630697,0.659051,0.678557,0.703228,0.684402,0.682158,0.791682
3.4546,2.0234,0.631925,0.760835,0.624036,0.630286,0.658711,0.678586,0.703182,0.684505,0.681141,0.792135
3.4548,2.02342,0.630736,0.759641,0.624946,0.629096,0.658207,0.679315,0.703025,0.685339,0.680282,0.792323
3.455,2.02298,0.630014,0.757551,0.625432,0.62761,0.657764,0.680486,0.702486,0.686382,0.679273,0.792141
3.4552,2.02236,0.62969,0.755979,0.625209,0.626213,0.657541,0.68155,0.701168,0.687618,0.678391,0.791737
3.4554,2.0221,0.62948,0.756142,0.624636,0.626077,0.657599,0.682097,0.701631,0.688563,0.677872,0.791535
3.4556,2.02213,0.629235,0.757565,0.624336,0.627193,0.658113,0.68195,0.7026,0.689059,0.678732,0.791612
3.4558,2.0222,0.630551,0.759015,0.624509,0.628011,0.658639,0.681397,0.702247,0.688686,0.680134,0.791716
3.456,2.02325,0.633033,0.759168,0.625026,0.628025,0.658699,0.681025,0.699519,0.6883,0.680487,0.792391
3.4562,2.02471,0.634511,0.757576,0.625562,0.627439,0.657972,0.681525,0.696717,0.688342,0.679485,0.793642
3.4564,2.02518,0.633319,0.754828,0.625707,0.626879,0.656571,0.682616,0.695681,0.689598,0.678127,0.794359
3.4566,2.02367,0.630494,0.75197,0.625376,0.626676,0.655363,0.68312,0.69543,0.691159,0.677479,0.793645
3.4568,2.02086,0.627921,0.750027,0.625243,0.626734,0.656164,0.682453,0.694129,0.691793,0.678097,0.791535
3.457,2.01961,0.626867,0.749295,0.625345,0.627032,0.658966,0.680585,0.692128,0.690845,0.679774,0.790189
3.4572,2.02042,0.627709,0.749588,0.625975,0.627276,0.661806,0.678678,0.690409,0.689068,0.681506,0.790608
3.4574,2.02174,0.629676,0.749957,0.627245,0.627311,0.663313,0.677796,0.690741,0.687719,0.682444,0.791747
3.4576,2.02191,0.631101,0.75009,0.628186,0.627119,0.662855,0.6781,0.692644,0.687788,0.683,0.792308
3.4578,2.01982,0.631248,0.750276,0.627899,0.62687,0.66119,0.679092,0.693953,0.689678,0.683241,0.791183
3.458,2.01768,0.630837,0.749541,0.627756,0.626655,0.65977,0.679438,0.69352,0.692247,0.682981,0.789269
3.4582,2.01844,0.630592,0.74775,0.628206,0.626712,0.65967,0.679044,0.692523,0.694056,0.682801,0.789354
3.4584,2.0216,0.63058,0.745235,0.62862,0.627155,0.660778,0.677515,0.692646,0.693986,0.68332,0.791552
3.4586,2.02559,0.630962,0.743409,0.628696,0.627696,0.662284,0.675259,0.69452,0.692503,0.68405,0.794782
3.4588,2.02701,0.631586,0.743425,0.628129,0.628021,0.663559,0.673459,0.69707,0.69144,0.684422,0.79668
3.459,2.02464,0.631913,0.7446,0.626952,0.628274,0.663598,0.672804,0.697999,0.691546,0.684456,0.795457
3.4592,2.0216,0.632245,0.746379,0.626228,0.628572,0.662055,0.673197,0.697791,0.692657,0.684142,0.79299
3.4594,2.01975,0.633254,0.748167,0.627276,0.628815,0.660216,0.673777,0.698572,0.693624,0.684054,0.791315
3.4596,2.02031,0.634673,0.748683,0.62936,0.628904,0.660408,0.673738,0.699913,0.693446,0.684475,0.791245
3.4598,2.02344,0.635429,0.747854,0.630251,0.628927,0.663055,0.67275,0.700669,0.692296,0.685821,0.793434
3.46,2.02642,0.635531,0.746373,0.62912,0.629013,0.665391,0.67121,0.700303,0.691135,0.687385,0.796017
3.4602,2.02797,0.635158,0.745871,0.626552,0.629124,0.66531,0.67022,0.699304,0.691282,0.688239,0.797543
3.4604,2.02821,0.635136,0.747096,0.623809,0.629236,0.662415,0.670638,0.699025,0.692029,0.687781,0.797987
3.4606,2.02785,0.63574,0.748969,0.622709,0.629401,0.658655,0.672387,0.699931,0.692821,0.686629,0.797728
3.4608,2.02783,0.63724,0.750076,0.623976,0.629779,0.656055,0.674393,0.701445,0.693143,0.686084,0.797635
3.461,2.02815,0.63916,0.750608,0.626495,0.630551,0.655659,0.675423,0.702772,0.692839,0.686877,0.797866
3.4612,2.02874,0.640344,0.751299,0.628025,0.631335,0.657044,0.675105,0.703603,0.692836,0.688519,0.79823
3.4614,2.02979,0.640999,0.752348,0.627088,0.631644,0.658206,0.674545,0.704291,0.692921,0.68953,0.799031
3.4616,2.03013,0.640756,0.753311,0.62404,0.631018,0.657867,0.675284,0.705296,0.693134,0.689484,0.799491
3.4618,2.02991,0.63986,0.754045,0.620761,0.629901,0.656583,0.677133,0.706214,0.693204,0.688608,0.799348
3.462,2.03023,0.639553,0.754678,0.619187,0.629137,0.65525,0.679074,0.707084,0.692838,0.687824,0.799419
3.4622,2.03128,0.639989,0.754936,0.620411,0.629077,0.654462,0.679829,0.707723,0.692761,0.687862,0.800092
3.4624,2.03283,0.640292,0.755025,0.623971,0.630758,0.654371,0.679153,0.708877,0.693506,0.688868,0.801235
3.4626,2.03385,0.640279,0.7553,0.627215,0.633186,0.654624,0.67805,0.709361,0.694627,0.689967,0.80222
3.4628,2.03394,0.640575,0.755891,0.627996,0.634555,0.654664,0.677724,0.708181,0.695396,0.690315,0.802378
3.463,2.03361,0.64098,0.756535,0.626494,0.633864,0.654288,0.678619,0.707118,0.695308,0.68976,0.802154
3.4632,2.03295,0.641295,0.756908,0.62461,0.632288,0.653853,0.680377,0.707048,0.694551,0.688779,0.801639
3.4634,2.03326,0.641359,0.757079,0.62368,0.631618,0.653718,0.682207,0.70747,0.693746,0.688106,0.801551
3.4636,2.03488,0.641287,0.756965,0.623923,0.632282,0.6539,0.683321,0.706092,0.693518,0.688196,0.802623
3.4638,2.03658,0.641202,0.756921,0.624923,0.633932,0.654091,0.6833,0.702737,0.693965,0.688813,0.803944
3.464,2.03778,0.641393,0.75776,0.625851,0.635477,0.653868,0.682541,0.698979,0.694423,0.689297,0.805022
3.4642,2.03742,0.641806,0.75915,0.625992,0.636156,0.653348,0.68209,0.697164,0.695155,0.688954,0.805001
3.4644,2.03605,0.641994,0.76011,0.625372,0.635695,0.652945,0.682445,0.697063,0.695969,0.687942,0.803986
3.4646,2.03474,0.642336,0.76001,0.624625,0.634851,0.653082,0.683366,0.697023,0.696143,0.686978,0.802789
3.4648,2.03482,0.642792,0.758824,0.624281,0.634231,0.653648,0.68384,0.69578,0.695844,0.686142,0.802493
3.465,2.03647,0.643051,0.757578,0.624325,0.63496,0.654279,0.683552,0.69401,0.695059,0.685902,0.803519
3.4652,2.03814,0.643237,0.757398,0.624493,0.636424,0.65452,0.68311,0.693519,0.694146,0.685587,0.804879
3.4654,2.03901,0.643028,0.758757,0.624507,0.63803,0.654181,0.682911,0.693073,0.694175,0.684916,0.805695
3.4656,2.03887,0.642757,0.761339,0.624293,0.639147,0.653538,0.682857,0.692239,0.695292,0.684053,0.805743
3.4658,2.0378,0.642561,0.763303,0.62404,0.639006,0.653225,0.682496,0.691393,0.696762,0.683034,0.804928
3.466,2.03705,0.642049,0.763686,0.623999,0.638283,0.653714,0.681923,0.691172,0.697596,0.681769,0.804225
3.4662,2.03626,0.642058,0.762061,0.624173,0.637632,0.654824,0.681099,0.691434,0.697664,0.680728,0.803528
3.4664,2.03619,0.642755,0.760002,0.624291,0.636927,0.655833,0.68067,0.691717,0.697278,0.680041,0.803313
3.4666,2.03597,0.64287,0.758722,0.624066,0.636014,0.655866,0.680948,0.691916,0.696781,0.679301,0.80319
3.4668,2.03532,0.642721,0.758818,0.623457,0.635482,0.655042,0.6811,0.692625,0.697208,0.677951,0.802718
3.467,2.03457,0.642788,0.759703,0.622624,0.635684,0.65424,0.680654,0.694098,0.698589,0.676046,0.802075
3.4672,2.03404,0.642473,0.760937,0.622135,0.636091,0.654175,0.679808,0.69515,0.699466,0.674088,0.801634
3.4674,2.03336,0.641713,0.761469,0.622389,0.636193,0.654728,0.678686,0.695271,0.699473,0.672909,0.801086
3.4676,2.03285,0.641029,0.760809,0.622687,0.635877,0.654976,0.677364,0.695928,0.699222,0.672312,0.800643
3.4678,2.0323,0.640525,0.759315,0.622555,0.635441,0.654246,0.676285,0.697235,0.699051,0.671967,0.800217
3.468,2.03164,0.640544,0.758175,0.621712,0.63489,0.652571,0.675906,0.698531,0.699383,0.671759,0.799745
3.4682,2.03081,0.641294,0.757753,0.620935,0.634816,0.650806,0.676213,0.698498,0.699878,0.671294,0.799088
3.4684,2.03011,0.642023,0.758061,0.620448,0.635071,0.649743,0.676745,0.697192,0.699797,0.670991,0.798498
3.4686,2.02997,0.641817,0.758461,0.620027,0.635309,0.649642,0.677003,0.695939,0.698941,0.670921,0.798302
3.4688,2.03007,0.640586,0.758933,0.619627,0.635138,0.650492,0.676848,0.696408,0.697843,0.67095,0.798356
3.469,2.02997,0.639005,0.759295,0.619153,0.635144,0.650775,0.676505,0.698015,0.697239,0.670887,0.798395
3.4692,2.02894,0.63794,0.758755,0.618365,0.635199,0.649396,0.67647,0.699976,0.697419,0.670653,0.79783
3.4694,2.02708,0.637712,0.757364,0.617172,0.635367,0.647027,0.677099,0.701014,0.698082,0.67028,0.796479
3.4696,2.02525,0.638003,0.756405,0.616014,0.635573,0.644916,0.677923,0.701819,0.698416,0.669786,0.794997
3.4698,2.02441,0.638973,0.756175,0.615513,0.635303,0.643732,0.678854,0.702596,0.698208,0.669881,0.794171
3.47,2.02423,0.639643,0.756634,0.615425,0.634325,0.643396,0.679798,0.703353,0.697728,0.670737,0.793984
3.4702,2.02432,0.639383,0.756906,0.615733,0.634047,0.643205,0.680416,0.703747,0.69706,0.671675,0.794094
3.4704,2.02372,0.638226,0.756783,0.615967,0.634958,0.642911,0.680577,0.704176,0.696578,0.671878,0.793869
3.4706,2.0224,0.63638,0.755876,0.615757,0.636168,0.642523,0.680448,0.704469,0.696104,0.671498,0.792985
3.4708,2.02065,0.63541,0.754625,0.615202,0.636629,0.642281,0.680132,0.704236,0.695811,0.671048,0.791768
3.471,2.01854,0.635925,0.753306,0.614774,0.636124,0.64251,0.679762,0.703998,0.695392,0.670745,0.790227
3.4712,2.01711,0.637014,0.752737,0.614773,0.634837,0.642893,0.679723,0.703245,0.694643,0.67095,0.78895
3.4714,2.01674,0.63786,0.753009,0.61511,0.63374,0.642996,0.680284,0.703024,0.694635,0.67165,0.788625
3.4716,2.017,0.638305,0.75339,0.615508,0.633538,0.64272,0.681169,0.702017,0.695785,0.672248,0.788798
3.4718,2.01752,0.638469,0.753456,0.615764,0.634142,0.642567,0.681882,0.699799,0.697224,0.67232,0.789321
3.472,2.01725,0.638202,0.752782,0.615777,0.635077,0.642948,0.682059,0.696757,0.69691,0.672219,0.78942
3.4722,2.01596,0.637257,0.751448,0.615548,0.635674,0.643668,0.681506,0.694487,0.694683,0.672297,0.788663
3.4724,2.01398,0.636717,0.750096,0.615611,0.635414,0.644664,0.680482,0.692871,0.692191,0.672481,0.787324
3.4726,2.01213,0.636624,0.749638,0.616245,0.634827,0.6453,0.679915,0.692217,0.691296,0.672638,0.785874
3.4728,2.01104,0.63658,0.74996,0.616969,0.634204,0.645101,0.680431,0.69122,0.692342,0.672207,0.784971
3.473,2.01125,0.636669,0.750108,0.617258,0.634019,0.644298,0.68139,0.691833,0.694079,0.6714,0.784994
3.4732,2.01203,0.636786,0.749259,0.616989,0.634391,0.643961,0.681768,0.69382,0.694925,0.670837,0.785722
3.4734,2.01267,0.636477,0.747629,0.616504,0.635229,0.644841,0.680845,0.694031,0.694599,0.670472,0.786388
3.4736,2.01256,0.635959,0.745879,0.616769,0.635854,0.646624,0.678908,0.690721,0.694052,0.67027,0.786592
3.4738,2.01214,0.63579,0.744733,0.61771,0.635879,0.648162,0.677057,0.685783,0.693546,0.670736,0.786349
3.474,2.01238,0.635398,0.744453,0.618762,0.635451,0.648754,0.676542,0.682853,0.693964,0.671765,0.786482
3.4742,2.01363,0.63466,0.745214,0.619451,0.635432,0.648262,0.677323,0.683354,0.694977,0.67205,0.787368
3.4744,2.0152,0.634024,0.746323,0.619792,0.636328,0.647437,0.678271,0.685361,0.696164,0.671054,0.788727
3.4746,2.01666,0.633812,0.746523,0.619587,0.637747,0.648071,0.678709,0.685774,0.696469,0.669362,0.789998
3.4748,2.01728,0.633965,0.745372,0.61901,0.638862,0.650228,0.677691,0.684109,0.69635,0.668808,0.790767
3.475,2.01678,0.634234,0.743718,0.61859,0.639045,0.652546,0.675921,0.682327,0.696813,0.671002,0.790638
3.4752,2.01579,0.634246,0.743118,0.618872,0.638512,0.653522,0.674044,0.682411,0.697253,0.674026,0.789956
3.4754,2.01475,0.634015,0.744031,0.61965,0.637987,0.652734,0.672732,0.684954,0.697014,0.6755,0.789221
3.4756,2.01422,0.633578,0.745316,0.620492,0.63778,0.651242,0.672479,0.687774,0.696117,0.675092,0.788686
3.4758,2.01471,0.633522,0.7456,0.620822,0.637899,0.650455,0.672904,0.68826,0.695187,0.673572,0.789025
3.476,2.0155,0.63415,0.744223,0.620472,0.637991,0.650845,0.673091,0.687795,0.694632,0.672418,0.789655
3.4762,2.01701,0.634936,0.741703,0.620378,0.638061,0.65219,0.672361,0.688602,0.6952,0.672352,0.790771
3.4764,2.01841,0.635197,0.739936,0.620577,0.638064,0.653669,0.671024,0.689858,0.696262,0.673281,0.792001
3.4766,2.01959,0.634769,0.7403,0.620692,0.638648,0.654896,0.669892,0.690226,0.695916,0.674711,0.793013
3.4768,2.02045,0.634057,0.742886,0.620634,0.639931,0.655279,0.669448,0.689492,0.693785,0.67595,0.793838
3.477,2.02054,0.633517,0.745577,0.620561,0.641348,0.65479,0.669737,0.688881,0.690596,0.676187,0.794092
3.4772,2.01987,0.633843,0.746699,0.620582,0.641655,0.653946,0.670447,0.689639,0.688118,0.676178,0.793715
3.4774,2.01896,0.635166,0.745673,0.620633,0.641066,0.653564,0.671193,0.691469,0.687184,0.676472,0.793014
3.4776,2.01873,0.636508,0.74321,0.620578,0.639946,0.654383,0.671717,0.692973,0.687816,0.676907,0.792669
3.4778,2.0196,0.636985,0.741352,0.62088,0.639331,0.656025,0.671763,0.693541,0.688382,0.677891,0.793199
3.478,2.02076,0.636664,0.741664,0.621698,0.639988,0.657411,0.671586,0.694148,0.687446,0.678763,0.794153
3.4782,2.02141,0.635828,0.744137,0.622796,0.641521,0.657318,0.671865,0.695929,0.685103,0.679188,0.794833
3.4784,2.02138,0.634843,0.747369,0.623484,0.642853,0.655653,0.673029,0.698145,0.682725,0.679321,0.794934
3.4786,2.02101,0.634525,0.749547,0.623282,0.643263,0.653249,0.67447,0.700027,0.680996,0.67907,0.794671
3.4788,2.02163,0.635411,0.749266,0.622548,0.642507,0.651263,0.675449,0.701342,0.680286,0.678848,0.794876
3.479,2.0232,0.636653,0.747332,0.62166,0.641118,0.651112,0.675427,0.70155,0.680604,0.679141,0.796029
3.4792,2.0246,0.636926,0.745096,0.621071,0.639684,0.652492,0.674622,0.700482,0.682155,0.680337,0.797222
3.4794,2.02512,0.635604,0.744223,0.621073,0.638476,0.653774,0.673934,0.69957,0.684013,0.681672,0.797834
3.4796,2.02454,0.633454,0.745259,0.621554,0.637691,0.6536,0.674293,0.699717,0.684896,0.682489,0.797546
3.4798,2.02371,0.632491,0.747767,0.622178,0.636965,0.651429,0.675846,0.700843,0.684297,0.682271,0.796846
3.48,2.0234,0.633005,0.750253,0.622633,0.636483,0.648539,0.677932,0.703013,0.682935,0.681579,0.796456
3.4802,2.02446,0.633903,0.752079,0.622683,0.636293,0.646369,0.679585,0.704546,0.682032,0.681034,0.796972
3.4804,2.02644,0.634135,0.752762,0.622353,0.636186,0.646272,0.68021,0.70391,0.682304,0.680729,0.798424
3.4806,2.02822,0.633004,0.752542,0.621799,0.6354,0.647959,0.679813,0.700673,0.683217,0.680993,0.799915
3.4808,2.02909,0.630777,0.752094,0.62118,0.634025,0.650046,0.679103,0.69705,0.684547,0.681547,0.800754
3.481,2.02883,0.628963,0.751919,0.620471,0.632362,0.651482,0.679177,0.695902,0.685896,0.682092,0.800737
3.4812,2.02771,0.628538,0.752535,0.620368,0.631811,0.651456,0.68029,0.697119,0.686566,0.682463,0.799932
3.4814,2.02636,0.62928,0.753924,0.621233,0.632532,0.65077,0.681495,0.69889,0.686249,0.68217,0.798843
3.4816,2.02552,0.63024,0.755558,0.622744,0.633495,0.650159,0.682029,0.699138,0.685354,0.681642,0.797997
3.4818,2.02565,0.630263,0.756559,0.623797,0.633643,0.650087,0.68131,0.697865,0.685024,0.681189,0.797907
3.482,2.02658,0.629204,0.756424,0.624103,0.633065,0.650573,0.679872,0.696528,0.685384,0.680949,0.798462
3.4822,2.02775,0.627836,0.755577,0.623974,0.63242,0.65121,0.679018,0.695689,0.686771,0.681331,0.799436
3.4824,2.02796,0.626957,0.75448,0.623495,0.6319,0.651564,0.679405,0.695226,0.688789,0.681688,0.79975
3.4826,2.02729,0.626936,0.754573,0.623316,0.631598,0.651449,0.680776,0.694868,0.690686,0.682171,0.799404
3.4828,2.02558,0.627544,0.75594,0.623673,0.631598,0.651023,0.682318,0.694419,0.691373,0.682541,0.798192
3.483,2.0238,0.628197,0.75765,0.624188,0.631826,0.650682,0.683623,0.693938,0.690429,0.682438,0.796743
3.4832,2.02285,0.628364,0.75905,0.62397,0.631939,0.650363,0.683832,0.69366,0.68876,0.681923,0.795779
3.4834,2.0228,0.627961,0.759221,0.622989,0.63169,0.650343,0.68311,0.693795,0.687738,0.680952,0.795603
3.4836,2.02298,0.627359,0.757982,0.621975,0.63113,0.650323,0.682169,0.694477,0.688305,0.680082,0.795785
3.4838,2.0228,0.626956,0.756423,0.62124,0.63051,0.649986,0.681466,0.695615,0.689314,0.679458,0.795731
3.484,2.02183,0.626794,0.755661,0.620771,0.630051,0.649622,0.681751,0.696499,0.689808,0.679448,0.795168
3.4842,2.02014,0.627087,0.755873,0.62039,0.629678,0.649117,0.682966,0.696485,0.689491,0.679867,0.793989
3.4844,2.01795,0.627788,0.75684,0.620159,0.629258,0.648489,0.683902,0.696517,0.688638,0.680297,0.792361
3.4846,2.01604,0.628532,0.758094,0.620162,0.629015,0.647792,0.683787,0.697058,0.687798,0.679848,0.790778
3.4848,2.01497,0.628853,0.758141,0.620202,0.628876,0.64717,0.682834,0.697751,0.687474,0.678684,0.789832
3.485,2.01466,0.628487,0.756793,0.620222,0.628806,0.646879,0.681889,0.697436,0.687564,0.677275,0.789515
3.4852,2.01468,0.627624,0.755419,0.619974,0.628787,0.646829,0.681492,0.696472,0.688038,0.67681,0.78961
3.4854,2.01405,0.627357,0.755011,0.619592,0.628768,0.646829,0.68176,0.69613,0.688504,0.67784,0.789364
3.4856,2.01277,0.627585,0.755309,0.61916,0.628642,0.646721,0.682505,0.696782,0.688333,0.679248,0.788482
3.4858,2.01176,0.6285,0.755669,0.618677,0.628367,0.646854,0.683038,0.697851,0.688431,0.680455,0.787708
3.486,2.01091,0.629883,0.755717,0.61864,0.628004,0.647227,0.6827,0.698541,0.689131,0.680334,0.787078
3.4862,2.01053,0.63082,0.755245,0.618867,0.627577,0.647526,0.682223,0.698687,0.689404,0.67906,0.786797
3.4864,2.00985,0.630911,0.754533,0.619029,0.627104,0.647622,0.682037,0.698901,0.689024,0.677863,0.786501
3.4866,2.00814,0.629998,0.754086,0.618954,0.626745,0.647245,0.682233,0.699542,0.687953,0.677379,0.785417
3.4868,2.00619,0.62871,0.754206,0.618507,0.626526,0.646226,0.682567,0.700186,0.687532,0.677648,0.783999
3.487,2.00457,0.627933,0.754024,0.618115,0.626552,0.645054,0.682459,0.700456,0.687776,0.678439,0.782735
3.4872,2.00376,0.628095,0.753448,0.618148,0.626374,0.644561,0.681829,0.700426,0.68818,0.678656,0.782038
3.4874,2.00407,0.628801,0.75243,0.618647,0.62576,0.645083,0.680726,0.699756,0.688287,0.678221,0.782223
3.4876,2.00424,0.629773,0.75131,0.619406,0.624819,0.646583,0.679855,0.699064,0.687884,0.677855,0.782638
3.4878,2.00354,0.630688,0.750679,0.619957,0.623571,0.647694,0.68016,0.698172,0.686951,0.678457,0.78237
3.488,2.00194,0.630973,0.751187,0.619968,0.622613,0.647559,0.681833,0.697205,0.686712,0.679014,0.781405
3.4882,2.00027,0.630958,0.751683,0.619711,0.621921,0.646075,0.683778,0.695908,0.687283,0.678785,0.78015
3.4884,1.9997,0.6306,0.751116,0.619831,0.621615,0.645366,0.684945,0.694505,0.688466,0.677862,0.779573
3.4886,2.0008,0.630509,0.749783,0.620662,0.621479,0.646645,0.684129,0.694139,0.689696,0.676738,0.780249
3.4888,2.00254,0.630731,0.748417,0.621269,0.621115,0.649142,0.681982,0.693898,0.689692,0.676263,0.781816
3.489,2.00266,0.630804,0.747204,0.621271,0.620549,0.650858,0.68001,0.693068,0.688541,0.677155,0.782398
3.4892,2.00166,0.631789,0.746652,0.621173,0.619549,0.650492,0.67931,0.690927,0.686851,0.679025,0.781847
3.4894,2.00056,0.63294,0.746757,0.621154,0.61838,0.648225,0.680248,0.690746,0.685462,0.680404,0.781104
3.4896,1.99974,0.633674,0.747329,0.62136,0.617721,0.646273,0.681986,0.692278,0.685179,0.68011,0.780504
3.4898,1.99919,0.634025,0.747373,0.621748,0.617503,0.646575,0.682893,0.694305,0.685979,0.678536,0.780204
3.49,1.99781,0.633512,0.746624,0.622292,0.617781,0.649426,0.681918,0.696833,0.687313,0.676735,0.779498
3.4902,1.9955,0.632644,0.745034,0.622597,0.618705,0.652611,0.679133,0.697738,0.688197,0.676025,0.777934
3.4904,1.9931,0.632518,0.744056,0.622139,0.620495,0.65386,0.676138,0.696394,0.687725,0.676672,0.776179
3.4906,1.99159,0.634004,0.744671,0.621532,0.621696,0.652586,0.674421,0.694585,0.686517,0.678427,0.774919
3.4908,1.99142,0.635798,0.745871,0.620931,0.621522,0.650712,0.674182,0.694124,0.685451,0.680262,0.77472
3.491,1.99188,0.636287,0.746713,0.621062,0.620493,0.64988,0.674424,0.695288,0.684887,0.680644,0.775223
3.4912,1.99142,0.635057,0.746376,0.622004,0.61944,0.650615,0.674318,0.696765,0.685635,0.679915,0.775364
3.4914,1.98889,0.633033,0.745194,0.622819,0.619517,0.652589,0.67348,0.697298,0.687849,0.679237,0.773913
3.4916,1.98556,0.631636,0.744149,0.623007,0.620497,0.654283,0.672547,0.697,0.689957,0.678873,0.77154
3.4918,1.98249,0.632318,0.743646,0.622341,0.621719,0.655138,0.67179,0.697005,0.690002,0.679016,0.769208
3.492,1.98104,0.634706,0.743719,0.621522,0.622383,0.655027,0.670977,0.698609,0.688239,0.680365,0.767898
3.4922,1.98145,0.637359,0.744008,0.621394,0.622281,0.654886,0.66982,0.701357,0.686166,0.682028,0.768146
3.4924,1.98267,0.638278,0.744557,0.622028,0.621764,0.655058,0.668607,0.702986,0.685374,0.682781,0.769261
3.4926,1.98381,0.636918,0.745037,0.623043,0.621397,0.655674,0.667666,0.702833,0.68614,0.68232,0.77037
3.4928,1.9852,0.63466,0.744953,0.623395,0.621508,0.656413,0.667219,0.701968,0.687338,0.680848,0.771669
3.493,1.98585,0.633076,0.74409,0.623058,0.622073,0.657117,0.66718,0.701054,0.687827,0.679159,0.772543
3.4932,1.98588,0.632936,0.742969,0.622499,0.622444,0.657021,0.6673,0.70054,0.687761,0.678312,0.772834
3.4934,1.98544,0.633798,0.742266,0.622354,0.621892,0.65669,0.667479,0.7003,0.687458,0.678924,0.772762
3.4936,1.98499,0.633999,0.7422,0.622838,0.620822,0.656478,0.66762,0.700888,0.687389,0.68053,0.7725
3.4938,1.98536,0.633101,0.742852,0.623869,0.619489,0.656384,0.6677,0.701282,0.687316,0.681849,0.772798
3.494,1.98635,0.631799,0.743874,0.624358,0.618893,0.656887,0.667778,0.701816,0.68737,0.682024,0.773639
3.4942,1.98765,0.630829,0.744519,0.62375,0.618822,0.657839,0.668024,0.7019,0.687896,0.681359,0.774783
3.4944,1.98881,0.63004,0.744217,0.623249,0.618811,0.658924,0.66846,0.700293,0.68865,0.680354,0.775921
3.4946,1.98962,0.629394,0.743434,0.623644,0.620058,0.659641,0.668907,0.697718,0.688832,0.679542,0.776682
3.4948,1.99081,0.628725,0.742706,0.624437,0.621364,0.65959,0.669705,0.695184,0.688364,0.680263,0.777656
3.495,1.99254,0.628286,0.743077,0.625158,0.621207,0.658909,0.670955,0.69388,0.687644,0.682279,0.779033
3.4952,1.99411,0.6281,0.745244,0.625096,0.620028,0.658259,0.672373,0.693814,0.686868,0.684229,0.780429
3.4954,1.9956,0.62864,0.747527,0.6244,0.618808,0.658273,0.673234,0.694473,0.686804,0.684544,0.781689
3.4956,1.99656,0.629266,0.747692,0.623868,0.618229,0.658638,0.6731,0.694774,0.687191,0.682853,0.782647
3.4958,1.99748,0.629172,0.74529,0.624028,0.618749,0.658781,0.672679,0.692996,0.687658,0.680392,0.783367
3.496,1.99886,0.628531,0.74146,0.624752,0.62019,0.658471,0.67263,0.689848,0.687678,0.679635,0.784409
3.4962,2.00059,0.627541,0.738521,0.625287,0.621612,0.65849,0.6733,0.687235,0.686679,0.680628,0.78576
3.4964,2.00217,0.626569,0.738181,0.625261,0.622125,0.659186,0.674442,0.686569,0.684767,0.682509,0.787102
3.4966,2.00292,0.626035,0.739933,0.624578,0.621743,0.66006,0.675501,0.687785,0.682379,0.684338,0.787892
3.4968,2.00311,0.626136,0.742037,0.624035,0.620997,0.660122,0.676098,0.688966,0.680262,0.684627,0.788121
3.497,2.00282,0.626651,0.742702,0.623977,0.620431,0.659304,0.675949,0.688709,0.679194,0.683458,0.787966
3.4972,2.00319,0.627131,0.740963,0.62399,0.620395,0.6584,0.675987,0.687376,0.679323,0.6819,0.788052
3.4974,2.00414,0.627255,0.737695,0.624116,0.620741,0.658314,0.676863,0.686611,0.679492,0.681044,0.788755
3.4976,2.00524,0.626941,0.734771,0.624299,0.621682,0.658619,0.67802,0.687903,0.679422,0.68191,0.789609
3.4978,2.00563,0.626303,0.733914,0.624046,0.622462,0.658948,0.678815,0.690364,0.6788,0.684071,0.790124
3.498,2.00456,0.625857,0.735021,0.623127,0.622871,0.658767,0.679169,0.692047,0.677627,0.686134,0.789579
3.4982,2.00231,0.62616,0.736866,0.62197,0.622719,0.658323,0.679253,0.69308,0.676167,0.686538,0.787963
3.4984,1.99999,0.626965,0.737859,0.621038,0.622272,0.657512,0.679134,0.694297,0.674727,0.685709,0.786077
3.4986,1.99843,0.627574,0.737388,0.62096,0.62186,0.656818,0.679076,0.695036,0.673555,0.684445,0.784706
3.4988,1.99836,0.62761,0.735983,0.621338,0.62215,0.656838,0.679643,0.694782,0.672702,0.684339,0.78434
3.499,1.99928,0.627017,0.734765,0.621958,0.62284,0.65743,0.680247,0.693702,0.672122,0.685242,0.785063
3.4992,1.99918,0.626188,0.734501,0.622303,0.623972,0.657803,0.680835,0.692957,0.671783,0.686099,0.785318
3.4994,1.99734,0.62587,0.735483,0.621954,0.624506,0.657231,0.681067,0.693766,0.671689,0.686048,0.784262
3.4996,1.99388,0.626429,0.73717,0.62099,0.624493,0.655895,0.681066,0.695803,0.671763,0.685051,0.78185
3.4998,1.99031,0.627443,0.738368,0.619905,0.624421,0.654766,0.680954,0.697515,0.671883,0.684301,0.778975
3.5,1.98814,0.62822,0.738526,0.619345,0.62424,0.654183,0.68078,0.698101,0.671951,0.684123,0.777068
3.5002,1.98738,0.62837,0.738325,0.619486,0.624051,0.654286,0.680694,0.698317,0.671917,0.684115,0.776334
3.5004,1.98765,0.627823,0.738453,0.619886,0.623779,0.654436,0.680268,0.699306,0.671814,0.684258,0.776518
3.5006,1.98765,0.626869,0.738698,0.619982,0.623675,0.653969,0.680015,0.701019,0.672016,0.684043,0.776786
3.5008,1.98667,0.626416,0.738649,0.619587,0.624275,0.65315,0.680447,0.702888,0.672795,0.683057,0.776322
3.501,1.98502,0.626922,0.738077,0.618938,0.625174,0.652223,0.681579,0.705128,0.673542,0.681701,0.775226
3.5012,1.98334,0.62781,0.737092,0.618587,0.62566,0.651152,0.682517,0.70581,0.673676,0.680784,0.773993
3.5014,1.98207,0.628077,0.736337,0.618737,0.62551,0.650469,0.683136,0.704208,0.673099,0.680789,0.773047
3.5016,1.98112,0.627323,0.736435,0.619154,0.625362,0.649674,0.683035,0.701854,0.672149,0.681309,0.772398
3.5018,1.98047,0.625543,0.737291,0.619483,0.625338,0.648231,0.682837,0.701348,0.671519,0.681639,0.771968
3.502,1.98005,0.623525,0.738229,0.619558,0.625494,0.646298,0.682623,0.702255,0.671776,0.681736,0.771771
3.5022,1.97945,0.622189,0.738603,0.619353,0.625758,0.643989,0.682914,0.70413,0.672757,0.681771,0.771506
3.5024,1.97878,0.622007,0.73826,0.619013,0.626046,0.642087,0.683695,0.704213,0.673784,0.681563,0.771097
3.5026,1.97872,0.622354,0.737406,0.618754,0.626461,0.640902,0.684373,0.702029,0.674413,0.681187,0.77108
3.5028,1.97884,0.62259,0.736502,0.618445,0.626822,0.640426,0.684376,0.698151,0.674602,0.680705,0.771351
3.503,1.97847,0.622285,0.736262,0.618115,0.627641,0.640466,0.683818,0.695764,0.674459,0.680048,0.771344
3.5032,1.97737,0.621561,0.736919,0.617671,0.628646,0.640267,0.683251,0.695029,0.674345,0.679457,0.770762
3.5034,1.97573,0.62091,0.737506,0.617463,0.629503,0.639402,0.683117,0.696117,0.674675,0.679034,0.769704
3.5036,1.97427,0.620175,0.737157,0.617246,0.629956,0.637875,0.683757,0.697217,0.67524,0.678756,0.76862
3.5038,1.97369,0.619554,0.735511,0.616798,0.629976,0.63629,0.684694,0.69586,0.675621,0.678737,0.768136
3.504,1.97414,0.619403,0.733065,0.616053,0.630144,0.635388,0.685647,0.692899,0.675343,0.678974,0.76848
3.5042,1.97518,0.619408,0.731026,0.615048,0.630367,0.635507,0.686232,0.690868,0.674395,0.679282,0.7694
3.5044,1.97596,0.619204,0.730269,0.614009,0.630513,0.636314,0.685758,0.691005,0.673416,0.679458,0.770283
3.5046,1.97583,0.618743,0.730353,0.613635,0.630648,0.637166,0.685008,0.692884,0.672716,0.679357,0.770522
3.5048,1.97488,0.618257,0.73054,0.61367,0.630748,0.637572,0.684592,0.693634,0.673178,0.679082,0.770052
3.505,1.97354,0.618018,0.730181,0.613598,0.630855,0.637398,0.684401,0.69312,0.673947,0.678873,0.769194
3.5052,1.97248,0.618153,0.730353,0.613119,0.63102,0.636885,0.684932,0.692139,0.674057,0.678871,0.768375
3.5054,1.97242,0.618557,0.730997,0.612091,0.631253,0.636531,0.685827,0.691644,0.674738,0.678991,0.768315
3.5056,1.97321,0.619598,0.731268,0.610833,0.631159,0.636456,0.685822,0.692584,0.676779,0.678913,0.768919
3.5058,1.97443,0.62063,0.730826,0.60987,0.631304,0.636871,0.685146,0.694854,0.678289,0.67826,0.769951
3.506,1.97553,0.621111,0.72965,0.609654,0.63195,0.638117,0.684576,0.696819,0.677703,0.677598,0.77108
3.5062,1.97502,0.621259,0.728344,0.60987,0.632535,0.639669,0.684681,0.697432,0.675925,0.677419,0.771208
3.5064,1.9727,0.620989,0.72733,0.609996,0.632423,0.640477,0.685263,0.697599,0.674187,0.677698,0.769797
3.5066,1.9692,0.62085,0.726746,0.609537,0.631498,0.640118,0.685574,0.697795,0.673974,0.677837,0.767397
3.5068,1.96549,0.621035,0.72605,0.608735,0.630119,0.63903,0.685994,0.697699,0.675453,0.67704,0.764523
3.507,1.96422,0.621256,0.725017,0.608456,0.629372,0.638065,0.686114,0.697408,0.678389,0.675268,0.763122
3.5072,1.96557,0.621392,0.723714,0.608762,0.63019,0.637971,0.686109,0.697822,0.681297,0.67322,0.763951
3.5074,1.96831,0.621189,0.722188,0.609458,0.631807,0.63894,0.685459,0.699223,0.682278,0.671671,0.766101
3.5076,1.9713,0.62139,0.720905,0.610264,0.632909,0.640582,0.684843,0.70125,0.681852,0.670852,0.768676
3.5078,1.9732,0.622,0.719589,0.611258,0.632831,0.642045,0.684362,0.702645,0.680874,0.670775,0.770565
3.508,1.974,0.623489,0.718463,0.612079,0.631749,0.642762,0.684559,0.702609,0.680571,0.670739,0.771489
3.5082,1.97414,0.625597,0.717423,0.612503,0.630422,0.642537,0.684975,0.701924,0.681256,0.66973,0.771781
3.5084,1.97431,0.626579,0.716472,0.612519,0.629623,0.64176,0.685411,0.702155,0.681775,0.66871,0.771964
3.5086,1.9752,0.626119,0.715458,0.612032,0.6302,0.641061,0.685238,0.702626,0.682481,0.668541,0.772598
3.5088,1.97663,0.625048,0.714785,0.611531,0.631472,0.641193,0.684362,0.703701,0.683278,0.668856,0.77375
3.509,1.97772,0.62504,0.714638,0.611733,0.631842,0.642373,0.683622,0.706306,0.683844,0.669684,0.774807
3.5092,1.97821,0.626562,0.715101,0.612755,0.630691,0.643835,0.683353,0.7085,0.684038,0.670952,0.775376
3.5094,1.978,0.628786,0.715522,0.614017,0.628406,0.645124,0.683498,0.709114,0.683517,0.671801,0.775406
3.5096,1.97766,0.630838,0.715383,0.615196,0.626128,0.645965,0.683953,0.708565,0.683129,0.671845,0.775153
3.5098,1.97792,0.631474,0.714747,0.616089,0.626193,0.647161,0.684439,0.707157,0.683428,0.672006,0.775279
3.51,1.97898,0.630439,0.714148,0.61648,0.628899,0.648129,0.684749,0.706416,0.683991,0.672284,0.776015
3.5102,1.98058,0.628778,0.714002,0.616556,0.631022,0.648334,0.684419,0.707605,0.684601,0.672323,0.777257
3.5104,1.98207,0.627843,0.714354,0.616611,0.630467,0.648181,0.683642,0.70948,0.685654,0.672256,0.778551
3.5106,1.98284,0.628328,0.715109,0.61687,0.627077,0.647754,0.683013,0.710618,0.686639,0.672224,0.77934
3.5108,1.98281,0.629823,0.715984,0.617312,0.622935,0.647902,0.682956,0.710658,0.686679,0.672337,0.779469
3.511,1.98233,0.631327,0.716498,0.617837,0.620297,0.649017,0.6831,0.710245,0.686234,0.673359,0.779151
3.5112,1.98222,0.632087,0.71671,0.618215,0.620055,0.650127,0.683119,0.709182,0.685943,0.674811,0.778941
3.5114,1.98321,0.632344,0.717373,0.618269,0.621292,0.650649,0.6832,0.708571,0.685588,0.675932,0.779548
3.5116,1.98436,0.632516,0.718484,0.617899,0.621968,0.650159,0.683423,0.708501,0.685879,0.675995,0.780513
3.5118,1.98477,0.633207,0.719561,0.617377,0.621061,0.649247,0.683733,0.7101,0.6873,0.675009,0.781045
3.512,1.9841,0.633765,0.720472,0.616987,0.61933,0.649123,0.683883,0.713178,0.688499,0.674133,0.780729
3.5122,1.9826,0.633884,0.720957,0.617374,0.617788,0.650267,0.683596,0.714276,0.688402,0.673843,0.779644
3.5124,1.98199,0.633771,0.721134,0.618434,0.617156,0.651939,0.68287,0.711968,0.688224,0.674304,0.778893
3.5126,1.98229,0.633742,0.721388,0.619418,0.61732,0.653025,0.682163,0.709284,0.688684,0.675694,0.779063
3.5128,1.98284,0.633783,0.722086,0.619804,0.617722,0.652606,0.682147,0.708788,0.688272,0.676793,0.77949
3.513,1.98269,0.634061,0.723322,0.619504,0.617914,0.651313,0.682953,0.710728,0.687154,0.677281,0.779637
3.5132,1.98113,0.634693,0.724744,0.618966,0.617889,0.650498,0.684017,0.712987,0.685853,0.676942,0.778671
3.5134,1.97889,0.635053,0.725954,0.618489,0.617736,0.650806,0.684715,0.71317,0.684517,0.675309,0.777009
3.5136,1.97694,0.635082,0.726632,0.618154,0.617494,0.652025,0.684719,0.711732,0.682887,0.674184,0.775395
3.5138,1.97595,0.634723,0.726656,0.61845,0.617302,0.653096,0.684179,0.710737,0.68131,0.674901,0.774473
3.514,1.97577,0.634345,0.72674,0.619165,0.617268,0.653703,0.683719,0.711549,0.680012,0.676998,0.774283
3.5142,1.97577,0.633968,0.72742,0.619893,0.617148,0.653714,0.68372,0.713792,0.679126,0.679322,0.774362
3.5144,1.97521,0.634067,0.728474,0.619916,0.617274,0.652932,0.684093,0.71508,0.678324,0.680302,0.774145
3.5146,1.97386,0.634758,0.729345,0.619113,0.618144,0.651635,0.684408,0.715694,0.677844,0.679469,0.773298
3.5148,1.97201,0.635633,0.729722,0.618015,0.619257,0.650748,0.684236,0.715779,0.677424,0.67792,0.771976
3.515,1.97046,0.636021,0.729548,0.617139,0.619693,0.650676,0.683695,0.714933,0.676402,0.676924,0.770723
3.5152,1.96989,0.635678,0.72894,0.616839,0.619179,0.651332,0.682958,0.714883,0.674803,0.67761,0.770165
3.5154,1.97027,0.634733,0.728222,0.617336,0.618116,0.652082,0.68202,0.715778,0.673261,0.679638,0.770409
3.5156,1.97106,0.634021,0.727642,0.618185,0.617355,0.652895,0.681496,0.717124,0.672266,0.681632,0.771095
3.5158,1.97167,0.634599,0.727311,0.61878,0.617599,0.653237,0.681381,0.717762,0.672123,0.682645,0.771737
3.516,1.97171,0.635909,0.726976,0.618778,0.61888,0.653321,0.681115,0.717176,0.672658,0.681944,0.771978
3.5162,1.97126,0.636957,0.72645,0.618297,0.620422,0.653399,0.680063,0.717353,0.673246,0.68079,0.771775
3.5164,1.97067,0.637129,0.725824,0.617594,0.621256,0.653337,0.678545,0.718598,0.673293,0.680653,0.77139
3.5166,1.97051,0.636155,0.725173,0.617262,0.621024,0.65288,0.676945,0.719381,0.672693,0.681975,0.771239
3.5168,1.97074,0.634738,0.724768,0.617415,0.620096,0.6528,0.675633,0.718859,0.671925,0.683823,0.771465
3.517,1.97089,0.633617,0.724611,0.617756,0.619181,0.653157,0.674775,0.718668,0.671474,0.684691,0.771719
3.5172,1.97076,0.633589,0.724378,0.61801,0.618922,0.653159,0.674246,0.720088,0.671734,0.684534,0.771717
3.5174,1.97045,0.634675,0.723677,0.617812,0.61936,0.652804,0.673704,0.720483,0.673032,0.683633,0.77163
3.5176,1.97006,0.635836,0.7225,0.61732,0.620037,0.652379,0.673021,0.719696,0.674593,0.682429,0.771332
3.5178,1.97036,0.636252,0.721271,0.616828,0.620241,0.652085,0.672257,0.719785,0.675508,0.681771,0.771531
3.518,1.97091,0.635377,0.720455,0.617125,0.619522,0.652093,0.671335,0.722118,0.675469,0.681938,0.772025
3.5182,1.97146,0.633472,0.720205,0.618103,0.617966,0.652717,0.670308,0.724632,0.674458,0.682377,0.772535
3.5184,1.9717,0.631705,0.720336,0.618823,0.61683,0.653372,0.669384,0.726361,0.673127,0.682688,0.772887
3.5186,1.97129,0.631033,0.720447,0.61869,0.616287,0.65343,0.668854,0.727842,0.672379,0.682798,0.772755
3.5188,1.97052,0.63166,0.720323,0.617849,0.616244,0.652937,0.668865,0.729492,0.672659,0.682621,0.772251
3.519,1.96967,0.633042,0.72,0.616932,0.616368,0.651566,0.669216,0.730695,0.673738,0.682021,0.771662
3.5192,1.96887,0.634661,0.719669,0.616212,0.616208,0.650241,0.669611,0.730543,0.674991,0.681128,0.771092
3.5194,1.96825,0.635276,0.719395,0.61594,0.615433,0.650061,0.66967,0.729505,0.6756,0.680313,0.770652
3.5196,1.96778,0.634589,0.71921,0.615991,0.61402,0.650652,0.669124,0.728672,0.67527,0.679708,0.770327
3.5198,1.96727,0.632611,0.719374,0.616152,0.612273,0.651376,0.668398,0.728976,0.674996,0.679575,0.770079
3.52,1.96607,0.630361,0.719959,0.616233,0.610859,0.651614,0.668072,0.731474,0.674881,0.680168,0.76937
3.5202,1.96433,0.629324,0.720435,0.615564,0.610256,0.651285,0.668243,0.733499,0.674954,0.680802,0.768182
3.5204,1.96217,0.630027,0.720248,0.614184,0.61109,0.650289,0.668559,0.733207,0.675543,0.681049,0.766669
3.5206,1.9601,0.632224,0.719416,0.612766,0.612552,0.64948,0.668745,0.730443,0.676249,0.680267,0.765063
3.5208,1.95896,0.634004,0.718497,0.611562,0.613327,0.649124,0.668393,0.727367,0.676763,0.678578,0.764132
3.521,1.95848,0.634547,0.718011,0.610996,0.612933,0.649561,0.667563,0.727416,0.677059,0.676914,0.763755
3.5212,1.95838,0.633365,0.718215,0.611011,0.611971,0.650448,0.666785,0.730954,0.677061,0.675919,0.76384
3.5214,1.95757,0.632137,0.718919,0.611333,0.61126,0.650837,0.666626,0.734259,0.676807,0.676151,0.763493
3.5216,1.95613,0.632016,0.719612,0.611227,0.611323,0.650295,0.667188,0.734709,0.676535,0.677714,0.762642
3.5218,1.95405,0.632786,0.719919,0.610846,0.612367,0.649072,0.668187,0.733335,0.676966,0.678634,0.761223
3.522,1.95231,0.633926,0.719693,0.610154,0.613835,0.648139,0.669072,0.731409,0.677443,0.67729,0.759921
3.5222,1.95086,0.634782,0.718999,0.609958,0.614783,0.64816,0.669188,0.73105,0.677552,0.674837,0.758928
3.5224,1.94989,0.63496,0.718079,0.61026,0.614823,0.649005,0.668497,0.732347,0.677072,0.672703,0.758134
3.5226,1.95105,0.634131,0.717311,0.610346,0.614717,0.650176,0.667814,0.732617,0.675981,0.671643,0.758793
3.5228,1.95323,0.632912,0.716712,0.60973,0.61517,0.650885,0.667771,0.73391,0.674709,0.672053,0.760634
3.523,1.95497,0.632238,0.716187,0.608664,0.615771,0.650614,0.668494,0.736797,0.673589,0.672936,0.7623
3.5232,1.95531,0.632767,0.71581,0.607864,0.616562,0.650051,0.669136,0.737898,0.672917,0.673726,0.763002
3.5234,1.95472,0.633778,0.715179,0.607626,0.617192,0.649924,0.669249,0.735093,0.673261,0.674357,0.762778
3.5236,1.95432,0.634823,0.714446,0.607869,0.617286,0.650306,0.668366,0.730755,0.675752,0.675396,0.762478
3.5238,1.95462,0.635128,0.713765,0.608247,0.617372,0.651587,0.667205,0.728411,0.678542,0.675788,0.762735
3.524,1.9551,0.635187,0.713393,0.608476,0.617878,0.652827,0.666082,0.729327,0.679515,0.675273,0.763228
3.5242,1.95574,0.635583,0.712922,0.608462,0.61833,0.653041,0.665475,0.731426,0.678602,0.674709,0.763815
3.5244,1.95622,0.636451,0.711959,0.608349,0.618379,0.652192,0.665552,0.731939,0.677269,0.674411,0.764404
3.5246,1.9559,0.637406,0.710489,0.608411,0.618426,0.651504,0.666154,0.730152,0.676603,0.674171,0.764404
3.5248,1.9556,0.637904,0.709237,0.608704,0.619195,0.651166,0.666438,0.727615,0.676824,0.674565,0.764187
3.525,1.9561,0.637528,0.708676,0.608962,0.620692,0.650933,0.66582,0.726319,0.677441,0.675787,0.764511
3.5252,1.95729,0.636493,0.708466,0.609116,0.622147,0.650565,0.664133,0.727068,0.67797,0.676945,0.76545
3.5254,1.95853,0.635877,0.708335,0.609511,0.622523,0.650142,0.662613,0.729018,0.678409,0.676674,0.766569
3.5256,1.95905,0.636229,0.707887,0.610225,0.622169,0.649603,0.661965,0.730584,0.679253,0.67448,0.767238
3.5258,1.95873,0.637231,0.707524,0.611052,0.621842,0.648865,0.662937,0.730629,0.680725,0.671922,0.767197
3.526,1.95817,0.637745,0.70852,0.611728,0.622255,0.648189,0.665077,0.729246,0.681895,0.670427,0.76679
3.5262,1.95889,0.637341,0.710271,0.612307,0.623766,0.64789,0.667115,0.726897,0.681889,0.670781,0.767133
3.5264,1.96085,0.63597,0.711635,0.613051,0.626394,0.647745,0.668271,0.725503,0.680869,0.672594,0.768549
3.5266,1.96318,0.634794,0.712186,0.614109,0.62833,0.647769,0.668523,0.72562,0.67961,0.67435,0.770437
3.5268,1.96479,0.635265,0.712331,0.615265,0.628356,0.647706,0.668159,0.726442,0.679156,0.675288,0.771946
3.527,1.96547,0.636765,0.712536,0.616263,0.626908,0.647646,0.668371,0.726853,0.679882,0.674929,0.772645
3.5272,1.96559,0.637378,0.713046,0.616946,0.625388,0.647633,0.66934,0.725535,0.68124,0.673906,0.772838
3.5274,1.9658,0.636325,0.713977,0.617029,0.624954,0.647711,0.67057,0.722489,0.682297,0.673325,0.772964
3.5276,1.96623,0.634202,0.7149,0.616962,0.625887,0.647997,0.671312,0.718552,0.68246,0.673727,0.773269
3.5278,1.96698,0.632051,0.715581,0.617511,0.627521,0.648329,0.671317,0.715919,0.681938,0.675625,0.773783
3.528,1.96867,0.631435,0.716953,0.618078,0.628852,0.648529,0.6712,0.714369,0.681328,0.677623,0.774893
3.5282,1.97073,0.631833,0.719177,0.61814,0.629237,0.648911,0.671333,0.713818,0.681288,0.678629,0.776536
3.5284,1.97259,0.632128,0.721043,0.617925,0.629239,0.649651,0.671935,0.713034,0.681319,0.678736,0.77797
3.5286,1.97386,0.631732,0.721935,0.61767,0.629269,0.650226,0.672533,0.71064,0.681419,0.678034,0.779156
3.5288,1.97409,0.63049,0.721524,0.617734,0.62931,0.650074,0.672696,0.707373,0.68091,0.676893,0.779438
3.529,1.97404,0.628936,0.720689,0.618214,0.629137,0.649238,0.672774,0.704486,0.679793,0.676051,0.779378
3.5292,1.97397,0.62811,0.720511,0.618629,0.629043,0.64821,0.672922,0.703696,0.678961,0.67639,0.779233
3.5294,1.97466,0.627969,0.721587,0.618608,0.629047,0.64758,0.673086,0.703746,0.680287,0.677886,0.779523
3.5296,1.97659,0.628002,0.723596,0.618594,0.629124,0.647699,0.673565,0.702694,0.682504,0.679347,0.780782
3.5298,1.9784,0.627855,0.725463,0.618395,0.629552,0.648394,0.673932,0.700722,0.683675,0.680318,0.782302
3.53,1.97893,0.627523,0.726105,0.618151,0.630328,0.649143,0.67354,0.698899,0.682938,0.680577,0.782866
3.5302,1.97892,0.627122,0.725575,0.618575,0.6309,0.649523,0.672605,0.697722,0.680914,0.680078,0.782863
3.5304,1.97853,0.626762,0.724593,0.619394,0.630765,0.649441,0.672315,0.697574,0.678654,0.679273,0.782509
3.5306,1.97826,0.626602,0.724109,0.619761,0.629835,0.6489,0.672755,0.69827,0.677549,0.678736,0.782177
3.5308,1.9786,0.626736,0.725172,0.619378,0.628464,0.64801,0.673576,0.69904,0.678735,0.678888,0.782229
3.531,1.97918,0.626924,0.727138,0.618397,0.627298,0.647031,0.674624,0.699648,0.680494,0.679731,0.782625
3.5312,1.98001,0.626847,0.728729,0.617101,0.626969,0.64643,0.675368,0.69997,0.681101,0.681326,0.783116
3.5314,1.98055,0.627284,0.729253,0.615998,0.627176,0.645996,0.67591,0.699746,0.680207,0.68284,0.783616
3.5316,1.98045,0.628481,0.72874,0.61566,0.627218,0.64552,0.676297,0.699529,0.678352,0.68323,0.783528
3.5318,1.98031,0.62936,0.727631,0.616043,0.626415,0.6449,0.676498,0.699812,0.676639,0.682182,0.783357
3.532,1.97989,0.629152,0.726678,0.616531,0.624845,0.644066,0.676354,0.700102,0.676217,0.68098,0.782962
3.5322,1.97943,0.627959,0.727175,0.616584,0.622936,0.643,0.676395,0.700183,0.677062,0.680018,0.782567
3.5324,1.97881,0.626434,0.729445,0.616126,0.621386,0.642076,0.676893,0.700161,0.678184,0.680409,0.782025
3.5326,1.97812,0.625712,0.732021,0.615509,0.620267,0.641645,0.677733,0.700266,0.678397,0.682589,0.78144
3.5328,1.97754,0.626464,0.733124,0.615214,0.620278,0.640907,0.678603,0.700885,0.677439,0.684889,0.780883
3.533,1.97728,0.628055,0.732254,0.615458,0.620577,0.639649,0.678953,0.701888,0.676156,0.685923,0.780547
3.5332,1.97781,0.629244,0.730101,0.615974,0.620259,0.638446,0.678832,0.702865,0.675561,0.684946,0.780719
3.5334,1.97889,0.62935,0.728734,0.61625,0.619138,0.6376,0.678855,0.703936,0.675904,0.682541,0.781522
3.5336,1.97903,0.628518,0.729377,0.616094,0.617148,0.636927,0.6792,0.705646,0.676946,0.680946,0.78181
3.5338,1.97838,0.627259,0.731429,0.615597,0.615233,0.636052,0.679956,0.707879,0.677831,0.681007,0.78137
3.534,1.97655,0.626439,0.73301,0.615049,0.614147,0.634976,0.680806,0.709798,0.677999,0.682463,0.78015
3.5342,1.97413,0.626913,0.733179,0.614765,0.613883,0.633847,0.681228,0.710885,0.67753,0.684493,0.778189
3.5344,1.97272,0.628483,0.732162,0.614917,0.613986,0.632781,0.681271,0.710979,0.67665,0.685305,0.776816
3.5346,1.9725,0.629476,0.731098,0.615272,0.614107,0.631889,0.681112,0.71058,0.676003,0.684499,0.776431
3.5348,1.97296,0.629003,0.730499,0.615565,0.614118,0.631258,0.680869,0.709903,0.676357,0.682418,0.776716
3.535,1.97318,0.627359,0.730789,0.615669,0.613997,0.630984,0.680767,0.709248,0.677417,0.68072,0.777012
3.5352,1.97214,0.625761,0.731609,0.615641,0.613784,0.631029,0.681002,0.708941,0.678296,0.680166,0.77646
3.5354,1.97041,0.624969,0.732229,0.615585,0.613553,0.631154,0.681162,0.708516,0.678598,0.68084,0.775126
3.5356,1.96903,0.625389,0.732191,0.615566,0.613544,0.631135,0.681738,0.708667,0.678658,0.681992,0.773987
3.5358,1.96828,0.626259,0.731642,0.615505,0.613851,0.630875,0.682947,0.708827,0.678469,0.682693,0.773224
3.536,1.96887,0.626588,0.731309,0.615225,0.614258,0.630414,0.68424,0.708749,0.678341,0.682668,0.773486
3.5362,1.96955,0.62589,0.731503,0.614582,0.614458,0.629836,0.684298,0.7068,0.678245,0.681724,0.774157
3.5364,1.96915,0.62394,0.731643,0.613958,0.614388,0.62971,0.68328,0.703454,0.678387,0.680107,0.77409
3.5366,1.9676,0.62163,0.731243,0.613808,0.614443,0.630225,0.682484,0.701115,0.678694,0.678535,0.773106
3.5368,1.96605,0.620228,0.730157,0.61378,0.615197,0.630875,0.682223,0.701153,0.678801,0.677483,0.771773
3.537,1.96572,0.619992,0.728656,0.613907,0.616228,0.631476,0.682386,0.701598,0.67885,0.676549,0.771315
3.5372,1.96631,0.620443,0.727514,0.6136,0.616965,0.632003,0.682971,0.700771,0.679007,0.676259,0.771697
3.5374,1.96691,0.620765,0.727303,0.612716,0.617139,0.63259,0.683126,0.698129,0.67941,0.676336,0.772288
3.5376,1.96663,0.620339,0.727763,0.611557,0.616824,0.633026,0.682494,0.694704,0.679784,0.675836,0.772307
3.5378,1.9655,0.619379,0.728104,0.610465,0.61649,0.633259,0.681461,0.692315,0.679938,0.674552,0.771585
3.538,1.96421,0.618649,0.727744,0.6099,0.616631,0.633474,0.680938,0.69184,0.680146,0.672282,0.770586
3.5382,1.96322,0.618568,0.726701,0.609978,0.617303,0.633833,0.680741,0.692315,0.680534,0.670561,0.769811
3.5384,1.96295,0.619026,0.725722,0.610024,0.618224,0.634381,0.68123,0.692279,0.68103,0.670113,0.76946
3.5386,1.96337,0.619593,0.726174,0.6096,0.619041,0.634876,0.68242,0.691389,0.681898,0.669633,0.769785
3.5388,1.96352,0.619818,0.728185,0.608444,0.619485,0.634967,0.683113,0.690371,0.682535,0.668655,0.770074
3.539,1.96337,0.620029,0.73012,0.607158,0.619302,0.634509,0.68324,0.690051,0.682713,0.667408,0.77002
3.5392,1.9631,0.620694,0.73035,0.6063,0.618609,0.633992,0.682692,0.690867,0.683092,0.666144,0.769919
3.5394,1.96236,0.621402,0.72816,0.606176,0.618206,0.633832,0.682018,0.692399,0.68358,0.664929,0.769505
3.5396,1.96099,0.622054,0.724953,0.606372,0.618537,0.634129,0.681316,0.693265,0.683605,0.664225,0.768569
3.5398,1.95914,0.622157,0.722716,0.606403,0.619038,0.63532,0.681018,0.693254,0.683739,0.663931,0.767333
3.54,1.95681,0.621758,0.722656,0.606149,0.619095,0.636411,0.681305,0.693543,0.684219,0.663553,0.765574
3.5402,1.9551,0.621198,0.724996,0.60582,0.618483,0.636096,0.681543,0.694106,0.685092,0.66292,0.764204
3.5404,1.95399,0.621036,0.72763,0.605639,0.617007,0.634513,0.6815,0.694443,0.686298,0.662789,0.763318
3.5406,1.95354,0.621647,0.728799,0.605762,0.615561,0.63261,0.681346,0.695636,0.687074,0.662691,0.762957
3.5408,1.95359,0.622607,0.727795,0.606157,0.614916,0.631743,0.680957,0.698547,0.687309,0.662401,0.763036
3.541,1.95326,0.623339,0.726153,0.606639,0.614998,0.631967,0.680777,0.701619,0.68708,0.66204,0.763087
3.5412,1.9519,0.623657,0.725403,0.607002,0.615388,0.633054,0.680816,0.703517,0.686891,0.661942,0.76226
3.5414,1.95034,0.623894,0.726259,0.607132,0.616502,0.6352,0.681465,0.70483,0.687188,0.662179,0.761202
3.5416,1.94868,0.624179,0.728245,0.607092,0.618194,0.637068,0.682423,0.70581,0.68787,0.662386,0.759992
3.5418,1.94782,0.624652,0.729791,0.607137,0.61981,0.636839,0.682859,0.706988,0.688538,0.662356,0.759258
3.542,1.94781,0.625118,0.729889,0.607527,0.620353,0.63453,0.682545,0.70864,0.689054,0.662072,0.759281
3.5422,1.94792,0.625319,0.729166,0.608107,0.620061,0.632121,0.682447,0.709805,0.689381,0.661653,0.759549
3.5424,1.9475,0.625985,0.728736,0.608567,0.619403,0.63108,0.682844,0.711037,0.689235,0.661658,0.759471
3.5426,1.94669,0.626887,0.72916,0.608987,0.618678,0.631791,0.683895,0.712906,0.688202,0.662601,0.759042
3.5428,1.94571,0.627435,0.73019,0.60931,0.618759,0.633705,0.684831,0.713571,0.686658,0.66404,0.758429
3.543,1.94511,0.627793,0.731288,0.609659,0.620135,0.636518,0.685397,0.711957,0.68569,0.665223,0.757974
3.5432,1.94541,0.627852,0.731926,0.61019,0.622284,0.638497,0.685198,0.709654,0.687009,0.666186,0.758183
3.5434,1.94642,0.62824,0.732122,0.610855,0.623814,0.638668,0.684479,0.70777,0.689686,0.666422,0.758996
3.5436,1.94793,0.629375,0.732774,0.611507,0.624102,0.637857,0.683439,0.708143,0.690438,0.665791,0.760256
3.5438,1.94929,0.63056,0.733771,0.61201,0.622903,0.637226,0.682907,0.711113,0.688267,0.665607,0.761521
3.544,1.94999,0.631342,0.734493,0.612237,0.621658,0.637043,0.683575,0.711786,0.683989,0.665976,0.762331
3.5442,1.9502,0.631092,0.73462,0.61214,0.621785,0.637228,0.684748,0.708627,0.68108,0.666739,0.762643
3.5444,1.95035,0.63036,0.73439,0.611789,0.623894,0.637787,0.685887,0.703534,0.681283,0.667814,0.762879
3.5446,1.95039,0.629264,0.733943,0.611416,0.626569,0.63862,0.6863,0.69919,0.683093,0.668413,0.76302
3.5448,1.95053,0.627905,0.733514,0.611718,0.627927,0.639499,0.685485,0.69762,0.683657,0.668554,0.763177
3.545,1.95082,0.626554,0.733572,0.61254,0.627253,0.640371,0.68441,0.697965,0.681824,0.668468,0.763491
3.5452,1.95098,0.625928,0.734172,0.613206,0.625699,0.640758,0.684009,0.69807,0.678338,0.668782,0.763723
3.5454,1.95185,0.626139,0.734349,0.613031,0.624952,0.640289,0.684641,0.695951,0.674722,0.669707,0.76429
3.5456,1.95358,0.626258,0.733787,0.612147,0.62635,0.639779,0.685825,0.692319,0.672553,0.670739,0.765617
3.5458,1.9549,0.625262,0.7324,0.611194,0.628756,0.639647,0.686824,0.688393,0.672706,0.671316,0.766884
3.546,1.95492,0.624115,0.730885,0.610764,0.630032,0.640218,0.686759,0.685992,0.674301,0.67152,0.767243
3.5462,1.95319,0.624066,0.73002,0.610987,0.629008,0.641104,0.686112,0.685783,0.675418,0.671852,0.766286
3.5464,1.95038,0.625175,0.729836,0.611522,0.626747,0.642206,0.685731,0.687077,0.675034,0.672593,0.764202
3.5466,1.9487,0.626836,0.73079,0.61183,0.625434,0.643022,0.685523,0.688028,0.673619,0.674001,0.762632
3.5468,1.94865,0.62809,0.73181,0.611663,0.625838,0.642774,0.685793,0.687394,0.672006,0.6758,0.762379
3.547,1.95003,0.628294,0.731456,0.611268,0.627323,0.641844,0.686182,0.685348,0.671027,0.677149,0.7633
3.5472,1.95175,0.627684,0.72998,0.610508,0.628688,0.641306,0.686907,0.683586,0.671327,0.677302,0.764807
3.5474,1.95202,0.626901,0.728547,0.609356,0.62849,0.641524,0.687226,0.683994,0.672351,0.67654,0.765449
3.5476,1.95049,0.626454,0.728162,0.608129,0.626789,0.642027,0.686696,0.68683,0.672977,0.675661,0.764613
3.5478,1.94792,0.626732,0.728799,0.607448,0.62577,0.642362,0.68637,0.690017,0.67312,0.675278,0.762799
3.548,1.94551,0.627765,0.729161,0.607399,0.626332,0.642358,0.686779,0.69095,0.673238,0.67575,0.760855
3.5482,1.94462,0.628788,0.728558,0.607648,0.627575,0.641938,0.687493,0.689836,0.673196,0.676796,0.759893
3.5484,1.94541,0.629365,0.727247,0.6078,0.628225,0.641474,0.687962,0.68854,0.672682,0.67807,0.760349
3.5486,1.94685,0.62908,0.725945,0.607713,0.627565,0.641302,0.687641,0.688386,0.671776,0.679057,0.761532
3.5488,1.94796,0.628161,0.725329,0.607453,0.625904,0.641389,0.687331,0.689869,0.670747,0.680125,0.76262
3.549,1.94799,0.627114,0.725518,0.60719,0.624397,0.641424,0.687067,0.69191,0.670001,0.680628,0.762969
3.5492,1.94702,0.626819,0.726141,0.607123,0.624059,0.64128,0.686788,0.692495,0.670146,0.68062,0.762425
3.5494,1.94599,0.627383,0.726679,0.607348,0.624796,0.640909,0.68708,0.691925,0.671191,0.680344,0.761643
3.5496,1.94549,0.628626,0.726731,0.607745,0.625765,0.640344,0.687721,0.691812,0.672251,0.68008,0.761215
3.5498,1.94573,0.629492,0.726273,0.607963,0.626178,0.640389,0.687869,0.692883,0.672597,0.680047,0.761336
3.55,1.94679,0.629338,0.725682,0.607843,0.625624,0.640914,0.687171,0.69509,0.672305,0.679786,0.762108
3.5502,1.94798,0.628291,0.725368,0.607753,0.624237,0.641471,0.685797,0.697514,0.671781,0.67996,0.763154
3.5504,1.94859,0.626982,0.725436,0.608093,0.622786,0.641639,0.684143,0.69895,0.671169,0.681004,0.763857
3.5506,1.94816,0.626831,0.72553,0.608583,0.621968,0.641167,0.683258,0.699125,0.67091,0.682154,0.763802
3.5508,1.9467,0.627818,0.725234,0.608867,0.621944,0.640022,0.683259,0.699125,0.671314,0.682289,0.762884
3.551,1.94492,0.628973,0.724624,0.608745,0.622017,0.63903,0.683916,0.699419,0.671742,0.681473,0.76155
3.5512,1.94375,0.629083,0.723965,0.608346,0.62162,0.638772,0.684364,0.699604,0.671459,0.680706,0.760543
3.5514,1.9436,0.627776,0.723533,0.608044,0.620511,0.639435,0.684201,0.699122,0.670729,0.680813,0.760313
3.5516,1.94429,0.625822,0.723515,0.608164,0.61933,0.640277,0.683599,0.697658,0.669806,0.681682,0.760811
3.5518,1.94523,0.624981,0.723832,0.608729,0.618855,0.640774,0.682657,0.69589,0.668987,0.682045,0.761645
3.552,1.94572,0.625799,0.724139,0.609489,0.618859,0.6403,0.682273,0.695156,0.668536,0.681835,0.762229
3.5522,1.94544,0.627467,0.724183,0.610154,0.618453,0.639379,0.682868,0.695512,0.668288,0.680872,0.762232
3.5524,1.94449,0.629355,0.723988,0.610432,0.617616,0.638423,0.683978,0.696476,0.668064,0.680277,0.761669
3.5526,1.94344,0.630677,0.723625,0.610167,0.616589,0.637755,0.684264,0.695583,0.667808,0.680944,0.760874
3.5528,1.94291,0.630471,0.723191,0.609541,0.615357,0.638238,0.683525,0.694441,0.666852,0.682033,0.760425
3.553,1.94301,0.629033,0.722969,0.609069,0.614475,0.639711,0.682246,0.693542,0.665387,0.682619,0.760445
3.5532,1.94328,0.627849,0.723067,0.609227,0.614215,0.640673,0.681039,0.692462,0.66416,0.682644,0.76081
3.5534,1.94307,0.62769,0.723087,0.609634,0.614379,0.640211,0.680313,0.69151,0.663602,0.681744,0.760793
3.5536,1.94239,0.62784,0.722558,0.61008,0.614202,0.638933,0.680611,0.689691,0.66438,0.680363,0.760476
3.5538,1.94078,0.627739,0.721222,0.610171,0.613512,0.63818,0.681776,0.687101,0.665566,0.67862,0.759464
3.554,1.93888,0.627511,0.719539,0.609566,0.612697,0.638316,0.683147,0.684677,0.66583,0.676865,0.758052
3.5542,1.93706,0.627428,0.717988,0.608242,0.612092,0.639322,0.683558,0.683388,0.665129,0.675533,0.756746
3.5544,1.93562,0.628121,0.717137,0.607101,0.611957,0.640271,0.683194,0.682982,0.664209,0.674747,0.755554
3.5546,1.93528,0.629326,0.717108,0.606955,0.612358,0.640859,0.682836,0.683132,0.663638,0.674457,0.755251
3.5548,1.93495,0.63067,0.717335,0.607767,0.613075,0.641128,0.68261,0.683273,0.663825,0.674056,0.755195
3.555,1.93396,0.631067,0.717358,0.608396,0.613763,0.641049,0.682568,0.682672,0.66483,0.673473,0.754695
3.5552,1.93235,0.630888,0.717675,0.608063,0.61414,0.640661,0.682549,0.681411,0.666096,0.67194,0.753663
3.5554,1.93015,0.630951,0.718454,0.606766,0.614104,0.640321,0.682745,0.680459,0.666863,0.670346,0.752198
3.5556,1.92815,0.631671,0.718698,0.605297,0.613812,0.640614,0.683238,0.680721,0.667259,0.669075,0.750634
3.5558,1.927,0.63274,0.717539,0.604256,0.613542,0.6412,0.683809,0.682212,0.66739,0.668156,0.749765
3.556,1.92647,0.633548,0.716608,0.604184,0.613589,0.64182,0.684099,0.684065,0.667535,0.667591,0.749402
3.5562,1.92624,0.633569,0.717173,0.605097,0.614385,0.641967,0.684217,0.68496,0.667872,0.667197,0.749395
3.5564,1.92569,0.632595,0.718787,0.606144,0.615752,0.641572,0.683933,0.684486,0.668336,0.666409,0.74922
3.5566,1.92474,0.631059,0.719999,0.606762,0.617272,0.641121,0.68327,0.683794,0.668921,0.664964,0.748731
3.5568,1.92422,0.630128,0.719831,0.606622,0.618134,0.640787,0.682679,0.683764,0.670124,0.663469,0.748311
3.557,1.92463,0.630772,0.718775,0.606796,0.617918,0.640183,0.682278,0.684644,0.67163,0.663409,0.748664
3.5572,1.92526,0.632296,0.717792,0.607288,0.616915,0.638946,0.682459,0.686469,0.672266,0.66416,0.74932
3.5574,1.92616,0.633465,0.717319,0.607743,0.61602,0.637322,0.683667,0.688225,0.672256,0.664755,0.750148
3.5576,1.92647,0.63322,0.717668,0.607948,0.615939,0.636058,0.685062,0.689287,0.672282,0.66477,0.750734
3.5578,1.92629,0.631586,0.7187,0.608173,0.616709,0.635684,0.685578,0.690263,0.672598,0.664453,0.750767
3.558,1.92627,0.629581,0.719511,0.608426,0.617826,0.636609,0.684917,0.691185,0.673197,0.664108,0.750868
3.5582,1.9263,0.628556,0.719341,0.608895,0.618581,0.637305,0.683731,0.692009,0.673854,0.663817,0.75103
3.5584,1.92619,0.629647,0.719195,0.609552,0.618544,0.636373,0.683141,0.693107,0.674938,0.663448,0.751127
3.5586,1.92593,0.632377,0.719754,0.610277,0.617922,0.633949,0.683239,0.694598,0.676057,0.663009,0.751099
3.5588,1.92577,0.63488,0.720434,0.610427,0.61705,0.631541,0.683839,0.695743,0.67678,0.662755,0.751015
3.559,1.92648,0.63552,0.720517,0.609851,0.616468,0.630543,0.684551,0.696103,0.677056,0.663228,0.751519
3.5592,1.92846,0.63407,0.719846,0.60965,0.616422,0.63109,0.684755,0.695618,0.676694,0.664576,0.752919
3.5594,1.9313,0.631906,0.718707,0.610387,0.616284,0.6326,0.684503,0.694594,0.676108,0.666285,0.755181
3.5596,1.9337,0.630786,0.717859,0.611895,0.615765,0.633507,0.684464,0.693657,0.677198,0.667,0.757324
3.5598,1.93425,0.631181,0.718138,0.61344,0.614806,0.633022,0.685081,0.693029,0.680374,0.666287,0.758302
3.56,1.93275,0.632044,0.719551,0.614349,0.614197,0.631827,0.685835,0.6928,0.68348,0.664513,0.757458
3.5602,1.93109,0.632196,0.721627,0.614391,0.614261,0.631161,0.686836,0.692248,0.684161,0.663176,0.75614
3.5604,1.93045,0.631144,0.723573,0.613968,0.614776,0.631378,0.687507,0.691648,0.681916,0.663626,0.755463
3.5606,1.93167,0.629079,0.724505,0.61379,0.614644,0.632212,0.687867,0.690961,0.678596,0.66552,0.756083
3.5608,1.93429,0.626791,0.723764,0.614234,0.613591,0.633396,0.687815,0.689973,0.677173,0.66745,0.758111
3.561,1.93687,0.625128,0.722362,0.615749,0.612222,0.634492,0.687549,0.688641,0.678731,0.66828,0.760185
3.5612,1.93873,0.624402,0.721656,0.617853,0.6109,0.634874,0.68716,0.686992,0.681828,0.667501,0.761975
3.5614,1.93841,0.625633,0.722574,0.619021,0.610338,0.634971,0.686637,0.68628,0.683926,0.665692,0.762193
3.5616,1.93662,0.628379,0.724807,0.618091,0.610331,0.635521,0.685972,0.686883,0.68435,0.664378,0.760975
3.5618,1.93506,0.630274,0.727082,0.615598,0.610545,0.636652,0.685152,0.688208,0.683172,0.664479,0.759587
3.562,1.93565,0.629763,0.728484,0.613069,0.610445,0.637711,0.684635,0.687513,0.681876,0.665997,0.759598
3.5622,1.93852,0.627655,0.728506,0.611836,0.609878,0.638288,0.684312,0.684524,0.6817,0.668815,0.761479
3.5624,1.94244,0.625389,0.727488,0.61217,0.60928,0.638846,0.684216,0.681904,0.682481,0.670964,0.76451
3.5626,1.94545,0.6247,0.726341,0.613589,0.609178,0.639508,0.683792,0.681037,0.683182,0.67059,0.767155
3.5628,1.94692,0.625668,0.726037,0.615003,0.609543,0.640054,0.683092,0.681494,0.683316,0.668206,0.768547
3.563,1.94683,0.627428,0.726944,0.615257,0.610092,0.640845,0.681778,0.682036,0.68328,0.665443,0.768772
3.5632,1.94591,0.628331,0.72851,0.614014,0.610604,0.641981,0.680469,0.681622,0.682991,0.664041,0.768001
3.5634,1.94583,0.628497,0.729677,0.612231,0.611005,0.642963,0.679244,0.680455,0.683208,0.664594,0.767696
3.5636,1.94651,0.628295,0.729877,0.610672,0.611236,0.643448,0.678146,0.679455,0.683521,0.666029,0.768076
3.5638,1.94795,0.627779,0.72923,0.61001,0.611313,0.64362,0.677392,0.679575,0.684052,0.666401,0.76899
3.564,1.94988,0.627397,0.728263,0.610317,0.611522,0.644302,0.676471,0.68116,0.684421,0.665205,0.770429
3.5642,1.95131,0.627744,0.727835,0.611032,0.6124,0.645487,0.675234,0.683486,0.684899,0.66301,0.771654
3.5644,1.95212,0.628015,0.728049,0.612396,0.613505,0.646957,0.673723,0.685361,0.685105,0.661268,0.772299
3.5646,1.95254,0.628509,0.728565,0.613382,0.615018,0.648154,0.672278,0.685914,0.684994,0.660651,0.77261
3.5648,1.95277,0.629703,0.728545,0.613003,0.615858,0.648437,0.671096,0.685616,0.68506,0.661368,0.772708
3.565,1.95312,0.630971,0.728174,0.611574,0.615376,0.64774,0.670365,0.685915,0.684984,0.662403,0.772904
3.5652,1.95347,0.631481,0.727764,0.610281,0.613994,0.646595,0.669889,0.687625,0.684636,0.662654,0.773057
3.5654,1.95423,0.631114,0.727236,0.609656,0.613122,0.645904,0.66935,0.68926,0.684735,0.661942,0.7735
3.5656,1.95522,0.630206,0.726713,0.609762,0.613204,0.646547,0.668533,0.689101,0.685155,0.661097,0.774156
3.5658,1.95612,0.62932,0.726514,0.610413,0.614088,0.648129,0.667485,0.687655,0.685938,0.660784,0.774836
3.566,1.95623,0.629345,0.726572,0.611087,0.615235,0.650151,0.666574,0.687124,0.686821,0.660938,0.775003
3.5662,1.95563,0.630606,0.726619,0.611259,0.615986,0.651325,0.666125,0.688397,0.68761,0.661446,0.774527
3.5664,1.95474,0.632053,0.72638,0.610936,0.615948,0.65118,0.666242,0.690479,0.687504,0.662114,0.773807
3.5666,1.95377,0.632624,0.725745,0.610593,0.615376,0.649779,0.666695,0.691855,0.68651,0.662396,0.772891
3.5668,1.95358,0.631956,0.725085,0.610538,0.614553,0.647964,0.66686,0.692093,0.684751,0.662173,0.772506
3.567,1.95405,0.630347,0.724764,0.610646,0.614239,0.646628,0.666614,0.692122,0.683515,0.662336,0.772707
3.5672,1.95476,0.628768,0.725389,0.610587,0.614638,0.646355,0.666401,0.692792,0.683169,0.663224,0.773185
3.5674,1.95526,0.628365,0.726233,0.610279,0.615706,0.646605,0.666346,0.694043,0.68326,0.664263,0.773561
3.5676,1.95495,0.629216,0.726451,0.609856,0.617042,0.646555,0.666261,0.695741,0.683854,0.664549,0.773483
3.5678,1.95301,0.630219,0.725621,0.609572,0.617852,0.646146,0.66601,0.696481,0.684438,0.663761,0.772194
3.568,1.9504,0.630005,0.724379,0.609733,0.617807,0.645186,0.665661,0.695722,0.685172,0.662336,0.770091
3.5682,1.9484,0.628208,0.723353,0.610371,0.616947,0.64413,0.665431,0.69362,0.68552,0.661189,0.768288
3.5684,1.9481,0.625901,0.723287,0.611127,0.616076,0.64301,0.665446,0.693,0.685075,0.661189,0.767639
3.5686,1.94968,0.624553,0.724113,0.611589,0.615944,0.642144,0.665778,0.694574,0.684196,0.662396,0.768542
3.5688,1.95181,0.62478,0.725332,0.611677,0.61697,0.641053,0.666358,0.695271,0.683753,0.663912,0.770229
3.569,1.95255,0.625566,0.725792,0.61152,0.618745,0.639924,0.667093,0.694346,0.68413,0.664659,0.771116
3.5692,1.95151,0.625616,0.725201,0.611218,0.620335,0.63871,0.667783,0.69219,0.685002,0.664291,0.770571
3.5694,1.94965,0.624689,0.724045,0.610975,0.620801,0.638067,0.668181,0.691089,0.685363,0.663151,0.769123
3.5696,1.94809,0.623122,0.723051,0.611043,0.620244,0.638102,0.668135,0.690407,0.684899,0.661938,0.767735
3.5698,1.94801,0.621913,0.722758,0.611345,0.619339,0.637944,0.667793,0.689602,0.684276,0.661545,0.767302
3.57,1.949,0.621104,0.723005,0.61151,0.618846,0.637097,0.66804,0.68857,0.683949,0.662135,0.767985
3.5702,1.94994,0.620433,0.723235,0.611325,0.619391,0.635742,0.669028,0.688002,0.684392,0.663342,0.768739
3.5704,1.9503,0.61963,0.723172,0.610623,0.620794,0.634281,0.670006,0.68711,0.685105,0.663883,0.769157
3.5706,1.94926,0.618929,0.722836,0.609768,0.621974,0.633254,0.670145,0.685348,0.685394,0.663331,0.768622
3.5708,1.94751,0.618463,0.722363,0.609276,0.622647,0.633009,0.669143,0.683378,0.685321,0.662001,0.767239
3.571,1.94586,0.617898,0.72192,0.609623,0.622681,0.633405,0.667684,0.681863,0.684876,0.660289,0.765917
3.5712,1.94503,0.617512,0.721612,0.610343,0.622873,0.633934,0.666581,0.681289,0.684262,0.658952,0.765016
3.5714,1.94509,0.617446,0.721534,0.610944,0.62375,0.634098,0.666593,0.681275,0.683803,0.658226,0.764985
3.5716,1.9452,0.617658,0.721675,0.610924,0.624699,0.633767,0.667347,0.680961,0.684566,0.658032,0.765099
3.5718,1.94495,0.618241,0.722027,0.609997,0.625666,0.633268,0.668472,0.680223,0.686556,0.657804,0.765018
3.572,1.94441,0.618708,0.722678,0.608479,0.62634,0.632959,0.668541,0.679601,0.688367,0.657112,0.764606
3.5722,1.94383,0.61894,0.723263,0.607297,0.626226,0.633006,0.66695,0.679644,0.689592,0.655838,0.76418
3.5724,1.94326,0.619334,0.722987,0.606924,0.626214,0.633358,0.66483,0.680785,0.689921,0.654387,0.763742
3.5726,1.943,0.619659,0.721923,0.607486,0.626665,0.634044,0.663378,0.682712,0.689319,0.653107,0.763486
3.5728,1.94313,0.619954,0.720473,0.608848,0.627587,0.634729,0.662867,0.684509,0.6886,0.652664,0.763534
3.573,1.94304,0.619965,0.719544,0.61001,0.628435,0.63504,0.662991,0.685073,0.688868,0.653363,0.763605
3.5732,1.9422,0.619807,0.719355,0.609954,0.628618,0.634836,0.66303,0.685617,0.689709,0.654228,0.763104
3.5734,1.94125,0.619451,0.719795,0.608709,0.628323,0.634262,0.66255,0.68694,0.690521,0.654233,0.762366
3.5736,1.94106,0.618853,0.720359,0.607252,0.627417,0.633595,0.661667,0.688189,0.691152,0.653923,0.762019
3.5738,1.94175,0.618743,0.721058,0.606384,0.626883,0.633138,0.660834,0.68799,0.691731,0.65408,0.762514
3.574,1.94263,0.619273,0.721297,0.606606,0.62789,0.63307,0.660404,0.686304,0.692015,0.654039,0.76321
3.5742,1.94337,0.619995,0.721349,0.607877,0.62958,0.633349,0.660446,0.685242,0.692219,0.654023,0.763917
3.5744,1.94315,0.620465,0.721287,0.60937,0.630528,0.633728,0.660841,0.686283,0.692383,0.653903,0.763959
3.5746,1.94265,0.620843,0.72104,0.610181,0.630289,0.634215,0.661358,0.688632,0.692523,0.654054,0.763498
3.5748,1.94301,0.6212,0.720585,0.610215,0.629204,0.634624,0.661725,0.690363,0.692568,0.654242,0.763645
3.575,1.9434,0.621549,0.720386,0.61004,0.627781,0.634888,0.661731,0.69055,0.692864,0.654105,0.764045
3.5752,1.94315,0.622018,0.720574,0.609995,0.627877,0.63452,0.661402,0.690301,0.69375,0.653715,0.76402
3.5754,1.94195,0.621763,0.72117,0.61,0.629639,0.633569,0.661477,0.6909,0.693963,0.653186,0.763277
3.5756,1.94,0.621056,0.721804,0.610009,0.631822,0.632581,0.662576,0.691888,0.693155,0.65301,0.761888
3.5758,1.93877,0.621143,0.721527,0.61004,0.633081,0.6318,0.663851,0.69309,0.691557,0.653783,0.760569
3.576,1.94082,0.622186,0.72029,0.610115,0.632874,0.631562,0.664334,0.694496,0.689878,0.655378,0.761587
3.5762,1.94438,0.62325,0.718587,0.6104,0.632033,0.63181,0.66377,0.694549,0.689789,0.656588,0.764343
3.5764,1.9471,0.624106,0.71717,0.61163,0.63178,0.632439,0.662814,0.692966,0.691973,0.657319,0.766772
3.5766,1.94666,0.624832,0.716586,0.612991,0.632644,0.632984,0.662357,0.69064,0.694638,0.657283,0.767238
3.5768,1.94262,0.62535,0.716867,0.613522,0.63417,0.632512,0.662889,0.688791,0.695816,0.65685,0.764522
3.577,1.93849,0.62608,0.718617,0.61322,0.634962,0.631112,0.664281,0.688571,0.69469,0.656815,0.761112
3.5772,1.93649,0.626304,0.721266,0.612406,0.634342,0.629358,0.66593,0.689395,0.692462,0.657477,0.759038
3.5774,1.93785,0.625883,0.722545,0.611882,0.632868,0.628225,0.66721,0.690407,0.690689,0.65864,0.759518
3.5776,1.94118,0.62594,0.721206,0.612231,0.631819,0.627869,0.667719,0.689082,0.690448,0.659877,0.762007
3.5778,1.9435,0.626858,0.718465,0.613296,0.632291,0.628456,0.667554,0.686111,0.692535,0.660895,0.764255
3.578,1.94296,0.628259,0.716052,0.61476,0.63428,0.629808,0.667118,0.683618,0.695438,0.66103,0.764445
3.5782,1.94047,0.629018,0.715231,0.615973,0.636137,0.630694,0.66697,0.682753,0.696392,0.661195,0.762637
3.5784,1.93907,0.628741,0.715923,0.616251,0.636652,0.630319,0.667562,0.683121,0.694907,0.661661,0.761239
3.5786,1.93992,0.628169,0.716691,0.615452,0.63544,0.629148,0.668403,0.683054,0.692691,0.662086,0.761455
3.5788,1.94285,0.627888,0.716302,0.614443,0.633848,0.628169,0.669169,0.6835,0.691101,0.662313,0.763493
3.579,1.94571,0.628652,0.715267,0.614229,0.633561,0.62796,0.668985,0.683398,0.690546,0.662566,0.765948
3.5792,1.94695,0.630061,0.714348,0.614838,0.634778,0.62859,0.668255,0.68155,0.691022,0.663609,0.767242
3.5794,1.94683,0.631439,0.714642,0.616057,0.636397,0.629584,0.667344,0.678866,0.691695,0.664843,0.767351
3.5796,1.94595,0.632177,0.715816,0.616821,0.637281,0.630354,0.666673,0.677311,0.692251,0.665949,0.76674
3.5798,1.94509,0.632177,0.717421,0.617194,0.636639,0.630652,0.666446,0.677574,0.69255,0.666162,0.765983
3.58,1.94499,0.631713,0.71855,0.617261,0.634774,0.630684,0.666719,0.678509,0.692257,0.665579,0.765724
3.5802,1.94564,0.63136,0.718645,0.616922,0.632924,0.630791,0.666598,0.678567,0.691923,0.665209,0.766102
3.5804,1.94656,0.631557,0.717921,0.616489,0.632157,0.631355,0.665644,0.677687,0.691546,0.66531,0.766815
3.5806,1.94756,0.632204,0.717334,0.616163,0.632507,0.632315,0.663735,0.67704,0.691357,0.665941,0.767552
3.5808,1.94871,0.632796,0.717515,0.61595,0.633437,0.633124,0.66202,0.677611,0.691012,0.666533,0.768398
3.581,1.94991,0.633135,0.718184,0.615794,0.634137,0.633898,0.661496,0.679639,0.690537,0.666512,0.769359
3.5812,1.95044,0.632856,0.71874,0.615599,0.633875,0.634787,0.661444,0.681333,0.69079,0.665947,0.769847
3.5814,1.95073,0.63208,0.718976,0.615598,0.63301,0.635587,0.661056,0.681799,0.691487,0.665727,0.770089
3.5816,1.95047,0.630889,0.718871,0.615598,0.631873,0.635979,0.660117,0.682561,0.691604,0.666195,0.769917
3.5818,1.95055,0.630256,0.719037,0.615587,0.630905,0.635954,0.658992,0.683859,0.690529,0.667442,0.76983
3.582,1.95101,0.630327,0.719971,0.616037,0.630463,0.63569,0.658023,0.684889,0.689095,0.668761,0.77006
3.5822,1.95226,0.6302,0.721251,0.617096,0.630823,0.635492,0.657365,0.685805,0.688183,0.66943,0.770844
3.5824,1.95392,0.629516,0.722598,0.617977,0.631457,0.635633,0.657053,0.686315,0.688483,0.669305,0.772076
3.5826,1.955,0.628201,0.723566,0.61806,0.632519,0.636151,0.657054,0.686501,0.689241,0.668679,0.773045
3.5828,1.95481,0.62725,0.723416,0.617375,0.633,0.636878,0.657258,0.68692,0.690057,0.668175,0.77309
3.583,1.95343,0.627047,0.722679,0.616358,0.632384,0.637498,0.657518,0.687506,0.690078,0.667974,0.772131
3.5832,1.95159,0.627183,0.722248,0.615735,0.630851,0.637656,0.657753,0.688312,0.68924,0.668543,0.770645
3.5834,1.95034,0.627237,0.722537,0.615853,0.629422,0.637307,0.657849,0.689833,0.688024,0.669571,0.76944
3.5836,1.95012,0.626977,0.723387,0.616648,0.628737,0.636769,0.657806,0.691908,0.687054,0.670735,0.76904
3.5838,1.9508,0.626378,0.723995,0.617338,0.629071,0.636357,0.657798,0.693648,0.686727,0.671415,0.769427
3.584,1.9511,0.626178,0.723744,0.617201,0.629518,0.636239,0.657762,0.694531,0.686776,0.671044,0.769769
3.5842,1.9506,0.626426,0.723018,0.616159,0.629783,0.636058,0.657683,0.694909,0.687229,0.670049,0.769536
3.5844,1.94876,0.626402,0.72255,0.614904,0.629878,0.636068,0.657833,0.69502,0.687653,0.669029,0.768305
3.5846,1.94648,0.626085,0.722974,0.61461,0.62976,0.635925,0.65823,0.695163,0.687488,0.668893,0.766523
3.5848,1.94415,0.625979,0.723899,0.615608,0.629268,0.635043,0.658653,0.694753,0.68689,0.66937,0.764667
3.585,1.94276,0.626015,0.724513,0.616859,0.628708,0.633508,0.659016,0.693272,0.686532,0.670125,0.763354
3.5852,1.94197,0.625885,0.724823,0.617479,0.628323,0.631789,0.659398,0.69163,0.686717,0.670838,0.762741
3.5854,1.94095,0.625631,0.724586,0.617015,0.628306,0.630331,0.659925,0.690405,0.687258,0.671084,0.762026
3.5856,1.93957,0.62544,0.724514,0.615602,0.628462,0.629693,0.66062,0.689901,0.687876,0.670815,0.761111
3.5858,1.93703,0.625284,0.724785,0.614346,0.629135,0.629544,0.661418,0.690239,0.688369,0.670161,0.759397
3.586,1.93424,0.625117,0.725638,0.614192,0.629966,0.629811,0.662147,0.689774,0.688501,0.669106,0.757234
3.5862,1.93189,0.624947,0.726313,0.614967,0.630172,0.629769,0.662512,0.687039,0.688144,0.668591,0.755355
3.5864,1.93061,0.624441,0.726037,0.615845,0.630111,0.628752,0.662521,0.683919,0.68728,0.669246,0.754217
3.5866,1.93032,0.624112,0.725501,0.616266,0.630424,0.627296,0.662759,0.682342,0.686007,0.670289,0.753973
3.5868,1.92994,0.62445,0.725248,0.61633,0.630661,0.625977,0.663267,0.682233,0.684759,0.671184,0.753895
3.587,1.92862,0.625208,0.72535,0.61601,0.630474,0.62543,0.663622,0.68129,0.684245,0.671475,0.753174
3.5872,1.92655,0.625925,0.725855,0.615418,0.630544,0.625518,0.663715,0.679379,0.684372,0.671219,0.751767
3.5874,1.92447,0.626053,0.726544,0.614871,0.631385,0.625765,0.663226,0.677244,0.684359,0.670695,0.75022
3.5876,1.92294,0.62544,0.726984,0.61488,0.632169,0.625809,0.662735,0.676405,0.683775,0.670464,0.749028
3.5878,1.92228,0.624688,0.72692,0.615323,0.632132,0.625552,0.66263,0.676448,0.682473,0.670805,0.748491
3.588,1.92233,0.62393,0.726478,0.615981,0.63121,0.625195,0.662795,0.676026,0.681113,0.671372,0.748591
3.5882,1.92248,0.623813,0.725894,0.616327,0.630042,0.624942,0.662667,0.67491,0.679671,0.671918,0.748898
3.5884,1.92217,0.624364,0.725663,0.616202,0.629374,0.625011,0.662176,0.673637,0.67814,0.67222,0.748924
3.5886,1.92135,0.625229,0.726442,0.615663,0.629524,0.625432,0.661303,0.672888,0.676405,0.672409,0.748513
3.5888,1.9205,0.625443,0.727149,0.614926,0.630258,0.625956,0.660965,0.673021,0.674994,0.672382,0.747954
3.589,1.91998,0.624853,0.72687,0.614926,0.630798,0.626059,0.660762,0.673898,0.67408,0.672733,0.747645
3.5892,1.91947,0.623467,0.726031,0.615677,0.630647,0.626245,0.660139,0.675183,0.673441,0.673087,0.747446
3.5894,1.91858,0.622384,0.725479,0.616517,0.630169,0.627038,0.659261,0.676623,0.672453,0.67343,0.746989
3.5896,1.91729,0.622135,0.725509,0.616674,0.629656,0.628001,0.658437,0.677286,0.671102,0.673484,0.746215
3.5898,1.91584,0.622787,0.725692,0.616308,0.629563,0.628509,0.657947,0.677291,0.669485,0.673166,0.745247
3.59,1.91495,0.624127,0.725609,0.615517,0.629813,0.628463,0.657524,0.677979,0.66782,0.672748,0.744493
3.5902,1.91559,0.62519,0.725499,0.615203,0.630071,0.628432,0.657017,0.679122,0.667387,0.672893,0.744921
3.5904,1.91702,0.625201,0.725593,0.615772,0.630506,0.628783,0.656448,0.679669,0.668896,0.673298,0.746119
3.5906,1.91831,0.624311,0.72537,0.616624,0.630369,0.629528,0.655926,0.680075,0.670414,0.674011,0.747408
3.5908,1.91843,0.62297,0.723782,0.617094,0.62966,0.630889,0.655595,0.681347,0.670413,0.674544,0.747916
3.591,1.91717,0.622121,0.721288,0.617127,0.62891,0.632302,0.65555,0.68405,0.669354,0.675076,0.747317
3.5912,1.91577,0.622076,0.719156,0.616607,0.628456,0.632869,0.655817,0.686777,0.668276,0.675593,0.746257
3.5914,1.91558,0.622779,0.719128,0.616263,0.628168,0.632365,0.656299,0.688374,0.667654,0.675447,0.745957
3.5916,1.91726,0.623827,0.721788,0.616629,0.628065,0.631011,0.656733,0.687952,0.668135,0.675272,0.747066
3.5918,1.91986,0.625038,0.725347,0.617485,0.62874,0.630156,0.656806,0.686723,0.669231,0.675232,0.74922
3.592,1.92113,0.625254,0.726822,0.617963,0.630114,0.63065,0.656524,0.685857,0.669452,0.675149,0.750718
3.5922,1.92081,0.624414,0.72506,0.617699,0.631184,0.632,0.656108,0.687852,0.669409,0.674437,0.750819
3.5924,1.91923,0.6231,0.721505,0.616874,0.630733,0.633193,0.655932,0.691981,0.670262,0.673012,0.749915
3.5926,1.91797,0.621892,0.718529,0.616078,0.628984,0.634003,0.656224,0.693768,0.672261,0.671455,0.748786
3.5928,1.91886,0.621332,0.71801,0.616105,0.627301,0.634336,0.656824,0.691696,0.674296,0.671665,0.74918
3.593,1.92164,0.621669,0.719442,0.61665,0.62694,0.634179,0.657254,0.689616,0.675084,0.673335,0.751133
3.5932,1.92524,0.623415,0.721379,0.617114,0.627911,0.633598,0.657166,0.6909,0.674889,0.675226,0.75404
3.5934,1.92751,0.626285,0.722277,0.617049,0.629092,0.633132,0.656778,0.694204,0.67422,0.676571,0.756281
3.5936,1.92775,0.627667,0.721488,0.616489,0.629445,0.632946,0.656632,0.698291,0.673972,0.676624,0.756901
3.5938,1.92615,0.626398,0.719679,0.615876,0.628788,0.6335,0.656966,0.6995,0.675265,0.675356,0.75596
3.594,1.9247,0.623337,0.71814,0.615641,0.627731,0.635201,0.657704,0.697226,0.677365,0.673577,0.754692
3.5942,1.9248,0.619886,0.717292,0.615761,0.626945,0.637511,0.658544,0.695287,0.678543,0.672602,0.754472
3.5944,1.92658,0.618233,0.716725,0.615921,0.626984,0.6393,0.658946,0.696033,0.678271,0.673042,0.755639
3.5946,1.92915,0.619955,0.715984,0.616133,0.627687,0.639532,0.658754,0.69856,0.676782,0.673968,0.757657
3.5948,1.93114,0.624647,0.714882,0.616579,0.628608,0.638178,0.658502,0.70054,0.675485,0.675138,0.759412
3.595,1.93213,0.628503,0.713795,0.616966,0.628769,0.636319,0.658587,0.700508,0.675538,0.676267,0.76037
3.5952,1.93276,0.627873,0.713122,0.616901,0.627618,0.635578,0.659141,0.699347,0.676842,0.676467,0.760865
3.5954,1.93348,0.623298,0.71287,0.616324,0.62544,0.63681,0.65939,0.699991,0.678383,0.675382,0.761411
3.5956,1.93451,0.61853,0.71268,0.615991,0.623178,0.639949,0.659184,0.702004,0.67952,0.67385,0.762117
3.5958,1.93547,0.61733,0.71229,0.616421,0.621595,0.643084,0.658281,0.703347,0.679147,0.672749,0.762955
3.596,1.93599,0.620992,0.71175,0.616986,0.622416,0.64436,0.656947,0.703739,0.677223,0.673132,0.763387
3.5962,1.9366,0.626308,0.71135,0.617647,0.625324,0.643596,0.655968,0.703834,0.674444,0.674667,0.763816
3.5964,1.93714,0.628885,0.711257,0.618466,0.627029,0.64195,0.655492,0.70451,0.672313,0.67629,0.764195
3.5966,1.93802,0.62803,0.711581,0.618773,0.626076,0.640781,0.655946,0.706218,0.672287,0.677413,0.764802
3.5968,1.93852,0.626587,0.712171,0.618688,0.622374,0.640884,0.656336,0.708349,0.673663,0.677321,0.765261
3.597,1.93858,0.625347,0.712687,0.618919,0.618165,0.642193,0.65645,0.709932,0.675156,0.676785,0.765353
3.5972,1.93809,0.6248,0.712876,0.619227,0.616067,0.644032,0.656103,0.710605,0.674338,0.67658,0.765043
3.5974,1.93708,0.626683,0.712877,0.619346,0.616469,0.644918,0.654815,0.712212,0.671336,0.677324,0.764233
3.5976,1.93662,0.629485,0.713199,0.619607,0.619561,0.645262,0.653108,0.712986,0.668379,0.678509,0.763698
3.5978,1.93704,0.630421,0.713779,0.619882,0.623344,0.645514,0.651564,0.712776,0.667023,0.679508,0.763821
3.598,1.93798,0.630334,0.714176,0.619665,0.624445,0.645775,0.650882,0.714618,0.667544,0.679876,0.764457
3.5982,1.93895,0.631293,0.714378,0.61924,0.622594,0.645702,0.650792,0.718671,0.668524,0.679351,0.765235
3.5984,1.93938,0.632556,0.714655,0.618681,0.620418,0.645035,0.65086,0.722284,0.668578,0.678233,0.765654
3.5986,1.93893,0.632546,0.715383,0.6182,0.619057,0.644254,0.650787,0.72179,0.667286,0.677494,0.765434
3.5988,1.93796,0.631602,0.716773,0.617722,0.619041,0.644167,0.650396,0.71762,0.665403,0.677381,0.764669
3.599,1.93713,0.630278,0.718377,0.617745,0.620337,0.644955,0.649819,0.714881,0.66399,0.677815,0.763935
3.5992,1.93649,0.628982,0.719624,0.618225,0.621458,0.646065,0.649294,0.71578,0.663654,0.678484,0.763358
3.5994,1.93622,0.629102,0.719769,0.61854,0.621401,0.646641,0.649151,0.718986,0.664277,0.678982,0.763047
3.5996,1.93646,0.630971,0.718871,0.618334,0.621206,0.645941,0.649575,0.721464,0.665173,0.67892,0.763111
3.5998,1.93675,0.632884,0.717586,0.617572,0.621499,0.644274,0.650432,0.721052,0.665665,0.678277,0.763353
3.6,1.93675,0.633196,0.717228,0.616451,0.621847,0.643057,0.651219,0.718733,0.665574,0.677292,0.76339
3.6002,1.93647,0.631995,0.718308,0.615773,0.621616,0.642849,0.651291,0.717213,0.665132,0.67621,0.763227
3.6004,1.93549,0.630076,0.720109,0.616116,0.620911,0.643564,0.651,0.718137,0.664657,0.675597,0.762579
3.6006,1.93407,0.628038,0.721497,0.617018,0.619779,0.644586,0.651102,0.720734,0.664644,0.675578,0.761522
3.6008,1.93262,0.627366,0.721474,0.617407,0.619286,0.645098,0.651748,0.722133,0.665291,0.675948,0.76032
3.601,1.9318,0.628825,0.720134,0.616825,0.620578,0.644856,0.652839,0.720987,0.666331,0.675776,0.759561
3.6012,1.93169,0.630792,0.718362,0.615764,0.622844,0.643691,0.654021,0.719003,0.666975,0.674459,0.759316
3.6014,1.93217,0.631427,0.717625,0.615419,0.624392,0.642383,0.655031,0.717121,0.666884,0.672303,0.759692
3.6016,1.93266,0.6299,0.718846,0.615955,0.624698,0.641097,0.655703,0.716023,0.666822,0.669863,0.760027
3.6018,1.93352,0.626542,0.72092,0.616803,0.623629,0.640062,0.6561,0.715447,0.666871,0.668211,0.76069
3.602,1.93341,0.62346,0.722666,0.617358,0.622127,0.63953,0.656385,0.714588,0.667532,0.667512,0.760927
3.6022,1.93189,0.622622,0.722892,0.617131,0.621896,0.63877,0.656872,0.713663,0.668639,0.6673,0.759898
3.6024,1.9303,0.624004,0.722138,0.616265,0.623012,0.637347,0.657574,0.712551,0.669738,0.666627,0.758667
3.6026,1.92879,0.625719,0.720976,0.615845,0.624623,0.635637,0.658281,0.710665,0.670563,0.665162,0.757437
3.6028,1.92842,0.625738,0.720394,0.616221,0.625931,0.634394,0.659411,0.708294,0.671024,0.663505,0.756889
3.603,1.92907,0.623155,0.720585,0.617236,0.625824,0.633537,0.660749,0.706189,0.671179,0.662457,0.757359
3.6032,1.92924,0.619246,0.720944,0.618147,0.624474,0.632838,0.661662,0.703934,0.670999,0.662473,0.757688
3.6034,1.92862,0.616243,0.7216,0.618297,0.623157,0.632447,0.662236,0.702139,0.670756,0.662707,0.75738
3.6036,1.92691,0.615408,0.722395,0.617378,0.622832,0.632062,0.662683,0.700441,0.671042,0.663005,0.756303
3.6038,1.92499,0.616547,0.722907,0.616252,0.623484,0.631439,0.662899,0.698395,0.671325,0.663115,0.754749
3.604,1.92447,0.618005,0.723045,0.615668,0.624644,0.630698,0.663608,0.696505,0.671372,0.663097,0.754088
3.6042,1.92478,0.6181,0.722866,0.615669,0.625284,0.630127,0.664647,0.694681,0.670691,0.663182,0.754311
3.6044,1.92561,0.616718,0.722626,0.616228,0.625279,0.629835,0.665823,0.692826,0.669926,0.663108,0.754921
3.6046,1.92639,0.614791,0.72249,0.616868,0.624927,0.629629,0.666866,0.691237,0.669391,0.663219,0.755679
3.6048,1.9263,0.613376,0.72235,0.617056,0.624506,0.629383,0.668302,0.689864,0.668668,0.663494,0.755866
3.605,1.92523,0.61313,0.72197,0.616728,0.624279,0.62906,0.669417,0.6887,0.667661,0.663664,0.755242
3.6052,1.92352,0.613873,0.721549,0.616012,0.624329,0.628805,0.669237,0.687869,0.666106,0.663756,0.754049
3.6054,1.92177,0.614778,0.721522,0.615828,0.624294,0.628895,0.668568,0.687186,0.664618,0.66386,0.752689
3.6056,1.92074,0.615286,0.721925,0.616183,0.624187,0.629177,0.667861,0.686746,0.663581,0.663801,0.751805
3.6058,1.92072,0.615597,0.722509,0.616593,0.624453,0.629446,0.667406,0.686974,0.663657,0.663871,0.751674
3.606,1.92132,0.615469,0.722347,0.616991,0.625416,0.62961,0.667903,0.687751,0.664582,0.663907,0.752182
3.6062,1.92136,0.615589,0.720685,0.616923,0.626259,0.62968,0.669086,0.688284,0.664848,0.663891,0.752488
3.6064,1.92022,0.615915,0.718375,0.616311,0.626047,0.629426,0.670036,0.688233,0.66334,0.664071,0.751909
3.6066,1.91776,0.616515,0.716225,0.615358,0.624459,0.628929,0.670176,0.688068,0.660959,0.665013,0.750292
3.6068,1.91518,0.616666,0.715034,0.614426,0.622792,0.628487,0.66976,0.687833,0.65944,0.666185,0.748187
3.607,1.91472,0.61647,0.715171,0.613899,0.622434,0.628348,0.669309,0.687597,0.659102,0.667041,0.747452
3.6072,1.91719,0.616624,0.715486,0.61409,0.623688,0.628555,0.669198,0.68767,0.659943,0.666808,0.74895
3.6074,1.92121,0.617201,0.714934,0.615149,0.625973,0.628918,0.669525,0.688727,0.660996,0.665954,0.752128
3.6076,1.92327,0.618071,0.714389,0.616325,0.627309,0.629141,0.670289,0.690086,0.661734,0.664936,0.754443
3.6078,1.92124,0.618427,0.715167,0.616775,0.626761,0.629057,0.671161,0.691371,0.661688,0.664937,0.753698
3.608,1.91657,0.61821,0.716157,0.616765,0.625184,0.62878,0.671773,0.692685,0.66101,0.665802,0.750408
3.6082,1.91217,0.617634,0.715699,0.616632,0.624455,0.628584,0.671982,0.693594,0.660737,0.666984,0.7468
3.6084,1.9101,0.617811,0.714711,0.616497,0.625318,0.628628,0.671658,0.694223,0.661106,0.667862,0.744756
3.6086,1.91076,0.619448,0.714308,0.616312,0.626716,0.628972,0.671216,0.695379,0.661536,0.667758,0.744942
3.6088,1.91272,0.621553,0.714104,0.6164,0.627501,0.629436,0.67116,0.69668,0.662266,0.667136,0.746505
3.609,1.91405,0.623102,0.713291,0.616721,0.627407,0.629578,0.671381,0.698164,0.6634,0.666676,0.74791
3.6092,1.91344,0.623304,0.711747,0.616913,0.626325,0.629201,0.671744,0.699859,0.664203,0.666814,0.747955
3.6094,1.91144,0.622058,0.710287,0.616696,0.625196,0.628662,0.672414,0.700216,0.664239,0.667677,0.746648
3.6096,1.90954,0.620471,0.709604,0.616102,0.624825,0.62907,0.673495,0.698501,0.664124,0.668728,0.745165
3.6098,1.90882,0.619676,0.709591,0.615472,0.62609,0.629571,0.674039,0.696058,0.664358,0.668995,0.744439
3.61,1.90989,0.620286,0.709807,0.615197,0.628034,0.629284,0.67361,0.694671,0.665143,0.668672,0.745064
3.6102,1.91195,0.622053,0.709692,0.615466,0.629457,0.628672,0.672661,0.694742,0.666662,0.667902,0.746732
3.6104,1.91366,0.623863,0.708941,0.616073,0.629387,0.628225,0.671995,0.695442,0.668491,0.667388,0.748311
3.6106,1.91434,0.624814,0.708214,0.616566,0.628517,0.627903,0.672046,0.695748,0.669619,0.667791,0.749163
3.6108,1.91423,0.624775,0.70809,0.616601,0.627555,0.627286,0.672457,0.694792,0.669686,0.668657,0.749243
3.611,1.91422,0.624159,0.708671,0.61617,0.627246,0.626705,0.673377,0.692829,0.669524,0.669552,0.749256
3.6112,1.91457,0.623138,0.709307,0.615418,0.628106,0.626029,0.673816,0.690285,0.669105,0.669593,0.749555
3.6114,1.91499,0.623032,0.709581,0.614637,0.629138,0.625261,0.673339,0.687346,0.669767,0.668995,0.749961
3.6116,1.91532,0.624663,0.709603,0.614068,0.629656,0.624658,0.672537,0.685922,0.671216,0.668161,0.750317
3.6118,1.91567,0.626674,0.709522,0.613779,0.629238,0.624287,0.67186,0.686487,0.672317,0.667804,0.750652
3.612,1.91607,0.627427,0.709417,0.61412,0.62857,0.624106,0.671539,0.687817,0.672254,0.668375,0.750979
3.6122,1.91728,0.626262,0.709456,0.615839,0.628089,0.623982,0.671645,0.686907,0.670893,0.669583,0.751812
3.6124,1.91935,0.623967,0.709652,0.618026,0.627501,0.623942,0.67208,0.683427,0.669673,0.67045,0.753338
3.6126,1.92168,0.621851,0.709882,0.619094,0.626878,0.623815,0.672378,0.680118,0.669982,0.670013,0.755214
3.6128,1.92336,0.621641,0.710088,0.618689,0.625883,0.623738,0.672259,0.679714,0.671899,0.667992,0.756733
3.613,1.92376,0.623224,0.710343,0.61708,0.624663,0.623947,0.671837,0.682128,0.674607,0.665796,0.757335
3.6132,1.92288,0.625039,0.711023,0.615299,0.623421,0.624497,0.671488,0.684203,0.676305,0.664312,0.756833
3.6134,1.92189,0.625548,0.712723,0.614472,0.623116,0.625218,0.671544,0.683595,0.67616,0.663924,0.755977
3.6136,1.92187,0.624219,0.714727,0.614646,0.623299,0.625829,0.671794,0.681123,0.675016,0.664209,0.755749
3.6138,1.92316,0.622448,0.71592,0.61547,0.622633,0.626361,0.672069,0.679684,0.674102,0.664368,0.756494
3.614,1.92545,0.620941,0.71559,0.616319,0.621183,0.626849,0.672279,0.681193,0.674879,0.665312,0.758164
3.6142,1.9279,0.620147,0.714009,0.616652,0.621028,0.627327,0.672144,0.685073,0.677359,0.666375,0.760126
3.6144,1.92904,0.619629,0.71223,0.616514,0.622401,0.628178,0.672168,0.688377,0.679558,0.666339,0.761301
3.6146,1.92921,0.619147,0.711461,0.616003,0.623681,0.628831,0.67221,0.688157,0.68048,0.664696,0.761522
3.6148,1.9285,0.618427,0.712172,0.615217,0.623921,0.628786,0.672101,0.686305,0.679617,0.662885,0.761086
3.615,1.92793,0.617342,0.713378,0.614695,0.623465,0.628235,0.671976,0.686675,0.677856,0.661979,0.760431
3.6152,1.92867,0.616158,0.713732,0.614848,0.622343,0.627623,0.671515,0.689069,0.677164,0.662098,0.760748
3.6154,1.93031,0.615073,0.712868,0.615406,0.621282,0.627314,0.671064,0.691101,0.677981,0.662637,0.761849
3.6156,1.93207,0.614264,0.711329,0.615803,0.621096,0.627584,0.670864,0.690805,0.679303,0.662733,0.763241
3.6158,1.93293,0.613853,0.710236,0.615649,0.621505,0.628398,0.671114,0.688864,0.679977,0.662234,0.764088
3.616,1.93215,0.613789,0.710395,0.61498,0.62251,0.629241,0.671416,0.687766,0.679629,0.66158,0.763761
3.6162,1.93042,0.613906,0.711929,0.614125,0.623745,0.629716,0.671035,0.688581,0.678744,0.661195,0.762397
3.6164,1.929,0.614013,0.713902,0.613477,0.624527,0.629861,0.670318,0.69068,0.678111,0.66117,0.761126
3.6166,1.92873,0.613858,0.714906,0.613308,0.623952,0.629619,0.669729,0.692495,0.677946,0.661401,0.760595
3.6168,1.92962,0.613342,0.714565,0.613471,0.622181,0.629433,0.669279,0.693461,0.678306,0.661402,0.761099
3.617,1.93057,0.612616,0.713391,0.613667,0.620514,0.629543,0.669065,0.694281,0.678848,0.661266,0.761894
3.6172,1.93045,0.611775,0.71206,0.613666,0.619902,0.630166,0.668962,0.695263,0.678866,0.661368,0.762023
3.6174,1.92881,0.611154,0.711333,0.613199,0.620376,0.631164,0.668532,0.6961,0.678891,0.661701,0.760987
3.6176,1.9264,0.611246,0.711621,0.612474,0.621476,0.632109,0.668113,0.696293,0.679057,0.661743,0.759114
3.6178,1.92437,0.611854,0.71237,0.611588,0.62221,0.632262,0.66793,0.695872,0.679084,0.661178,0.757347
3.618,1.92409,0.612179,0.712827,0.610536,0.622187,0.631586,0.668015,0.695259,0.678848,0.660158,0.756714
3.6182,1.92586,0.611754,0.712811,0.609957,0.621584,0.630301,0.668038,0.695687,0.678668,0.659124,0.757776
3.6184,1.92784,0.610669,0.712664,0.609572,0.620828,0.629658,0.668127,0.69625,0.678436,0.65861,0.759457
3.6186,1.92858,0.609477,0.712468,0.609078,0.62022,0.63016,0.668455,0.695382,0.678533,0.658886,0.760316
3.6188,1.92721,0.608923,0.712625,0.60841,0.619971,0.631457,0.668641,0.692868,0.678783,0.659624,0.759639
3.619,1.92482,0.609344,0.712805,0.607425,0.620203,0.632233,0.668475,0.690613,0.679584,0.660164,0.757769
3.6192,1.92358,0.610325,0.712806,0.606457,0.620583,0.631812,0.668037,0.689793,0.680448,0.660071,0.756504
3.6194,1.92343,0.611048,0.713112,0.605731,0.620496,0.630597,0.667704,0.689037,0.680179,0.659311,0.756247
3.6196,1.92365,0.610943,0.713664,0.605159,0.620689,0.629528,0.667965,0.688129,0.679257,0.658158,0.756416
3.6198,1.9234,0.609926,0.71408,0.604699,0.621381,0.6293,0.668749,0.686286,0.6785,0.657673,0.756391
3.62,1.92213,0.608417,0.713817,0.604283,0.62227,0.630013,0.669703,0.683857,0.677891,0.658079,0.755609
3.6202,1.92023,0.607442,0.712795,0.603953,0.622704,0.631279,0.670331,0.681991,0.677885,0.658757,0.754212
3.6204,1.91827,0.607518,0.71166,0.603662,0.622274,0.632145,0.670575,0.681132,0.678613,0.659002,0.752695
3.6206,1.9167,0.608131,0.710974,0.603403,0.621455,0.632071,0.670319,0.680225,0.679498,0.657917,0.751408
3.6208,1.91585,0.608467,0.711221,0.603219,0.621222,0.631125,0.669856,0.678438,0.67971,0.655875,0.750661
3.621,1.91553,0.608338,0.712222,0.603174,0.621749,0.630126,0.669754,0.676098,0.678986,0.653966,0.750402
3.6212,1.91532,0.607315,0.713525,0.603324,0.62297,0.629543,0.670343,0.673873,0.678185,0.653359,0.750315
3.6214,1.91497,0.605765,0.714094,0.60368,0.623897,0.629636,0.671427,0.672646,0.677779,0.653807,0.750155
3.6216,1.91417,0.604239,0.713826,0.6041,0.624103,0.630596,0.672571,0.672776,0.677974,0.654127,0.74969
3.6218,1.91334,0.603391,0.712989,0.604344,0.623649,0.631525,0.673316,0.67347,0.678706,0.653359,0.749081
3.622,1.91276,0.603069,0.712824,0.604331,0.622541,0.631965,0.673437,0.673702,0.679495,0.651591,0.748656
3.6222,1.91244,0.603038,0.713385,0.604107,0.621816,0.631758,0.673074,0.673407,0.679521,0.649591,0.748434
3.6224,1.9127,0.60434,0.714105,0.604014,0.622238,0.631288,0.67269,0.673241,0.679378,0.648243,0.748623
3.6226,1.9128,0.60587,0.71468,0.604485,0.623159,0.630974,0.672384,0.673942,0.679196,0.647901,0.74891
3.6228,1.91204,0.605784,0.714563,0.605512,0.623886,0.631008,0.672299,0.675366,0.678892,0.648115,0.748542
3.623,1.91062,0.603998,0.713989,0.606598,0.624149,0.631247,0.672596,0.676724,0.679256,0.648184,0.747645
3.6232,1.90976,0.601584,0.713317,0.607566,0.624106,0.631162,0.672493,0.67778,0.679948,0.647867,0.746762
3.6234,1.91089,0.600105,0.713581,0.608433,0.624246,0.630845,0.671987,0.678148,0.680543,0.647164,0.747403
3.6236,1.9123,0.600051,0.714261,0.608515,0.624715,0.630713,0.67143,0.677699,0.680572,0.646454,0.748711
3.6238,1.91217,0.601577,0.714333,0.608228,0.625471,0.631248,0.670874,0.677163,0.680024,0.646189,0.7491
3.624,1.9092,0.604444,0.713528,0.608268,0.625857,0.632198,0.669927,0.677295,0.679157,0.64646,0.747422
3.6242,1.90456,0.606998,0.712893,0.608624,0.625535,0.633373,0.668647,0.677889,0.679116,0.647062,0.744004
3.6244,1.9009,0.607876,0.713278,0.609486,0.624752,0.634679,0.667407,0.678602,0.680421,0.647605,0.740893
3.6246,1.89973,0.607271,0.714465,0.610457,0.624118,0.635672,0.665992,0.679106,0.682551,0.647754,0.739637
3.6248,1.90052,0.606967,0.715508,0.610962,0.624346,0.63566,0.664791,0.679327,0.684084,0.647429,0.740099
3.625,1.9019,0.607303,0.716021,0.61087,0.625071,0.635021,0.663752,0.679781,0.683147,0.6472,0.741383
3.6252,1.90181,0.608634,0.715706,0.610191,0.626048,0.634684,0.663709,0.681015,0.6796,0.647449,0.741838
3.6254,1.89983,0.610709,0.715089,0.609318,0.626679,0.634644,0.664116,0.68289,0.676555,0.648219,0.74073
3.6256,1.89694,0.612389,0.714945,0.609134,0.626478,0.634655,0.663711,0.684188,0.675679,0.649161,0.73872
3.6258,1.89425,0.612655,0.715454,0.609744,0.625428,0.634752,0.662103,0.684283,0.676257,0.649793,0.736631
3.626,1.89318,0.612003,0.716171,0.610573,0.62451,0.63499,0.659979,0.684209,0.676455,0.650274,0.735524
3.6262,1.89495,0.611764,0.716585,0.611632,0.624542,0.635387,0.658315,0.684478,0.675516,0.650862,0.736601
3.6264,1.89783,0.611891,0.716413,0.61356,0.62618,0.635678,0.657495,0.685263,0.67399,0.652018,0.738979
3.6266,1.9001,0.612559,0.715851,0.615323,0.628212,0.635851,0.657378,0.68549,0.672583,0.653545,0.741125
3.6268,1.90064,0.613912,0.715341,0.615755,0.629287,0.636364,0.657539,0.684795,0.671832,0.654713,0.742006
3.627,1.90035,0.615003,0.715218,0.614702,0.628617,0.63691,0.657554,0.683804,0.671857,0.655648,0.742005
3.6272,1.90014,0.615792,0.715813,0.612976,0.626908,0.637701,0.657288,0.684979,0.672268,0.656568,0.741847
3.6274,1.9009,0.616454,0.716514,0.61177,0.625821,0.638542,0.656812,0.687367,0.672498,0.65704,0.742366
3.6276,1.90234,0.616836,0.716904,0.612436,0.626132,0.63854,0.656373,0.689165,0.672525,0.657418,0.743519
3.6278,1.90363,0.617302,0.716494,0.614762,0.62729,0.638131,0.656212,0.688447,0.672986,0.658064,0.744754
3.628,1.90397,0.618432,0.715902,0.616701,0.628156,0.638514,0.656088,0.6868,0.673697,0.658813,0.745285
3.6282,1.90377,0.618645,0.715451,0.617166,0.627752,0.639361,0.655979,0.687924,0.674007,0.659216,0.745255
3.6284,1.90393,0.616872,0.715342,0.615876,0.626314,0.639766,0.656145,0.691525,0.673686,0.659293,0.745339
3.6286,1.90496,0.614694,0.716094,0.613961,0.625097,0.639324,0.656494,0.693243,0.672958,0.659316,0.74603
3.6288,1.90657,0.613747,0.717252,0.612612,0.624835,0.63839,0.656693,0.692859,0.672261,0.659578,0.747338
3.629,1.90777,0.613819,0.717846,0.612938,0.625146,0.63785,0.656566,0.692374,0.672015,0.660061,0.748411
3.6292,1.90892,0.614493,0.717957,0.614859,0.625352,0.638091,0.656069,0.692373,0.672609,0.66062,0.749379
3.6294,1.90951,0.615186,0.718155,0.616789,0.624971,0.639074,0.655369,0.693066,0.673613,0.66103,0.750002
3.6296,1.90981,0.614929,0.718182,0.617565,0.624002,0.639751,0.654843,0.693762,0.674648,0.661172,0.750281
3.6298,1.91035,0.613823,0.71738,0.616545,0.622922,0.63963,0.654957,0.694143,0.674844,0.66121,0.750675
3.63,1.91085,0.61352,0.716341,0.614564,0.622274,0.638749,0.655771,0.694483,0.674314,0.661429,0.751116
3.6302,1.91143,0.614529,0.716168,0.612669,0.622078,0.637994,0.656812,0.695082,0.673315,0.661865,0.751548
3.6304,1.91246,0.615838,0.716758,0.612027,0.622029,0.637635,0.657404,0.696219,0.672799,0.662359,0.752269
3.6306,1.91345,0.616721,0.71765,0.613002,0.621827,0.637807,0.657189,0.697255,0.674107,0.662553,0.75312
3.6308,1.91407,0.617005,0.718194,0.61462,0.621697,0.638537,0.656378,0.697678,0.676164,0.662472,0.753668
3.631,1.91437,0.61614,0.717931,0.615638,0.621858,0.639278,0.65581,0.698816,0.677301,0.662416,0.753968
3.6312,1.9139,0.614884,0.716691,0.615457,0.621527,0.639621,0.655894,0.699445,0.676632,0.662751,0.753745
3.6314,1.91339,0.615569,0.715142,0.614532,0.620774,0.639463,0.65671,0.699531,0.674817,0.663242,0.75326
3.6316,1.9135,0.618061,0.714372,0.613528,0.619584,0.6389,0.658118,0.700224,0.673437,0.662886,0.753234
3.6318,1.91371,0.620042,0.714497,0.613045,0.617608,0.638483,0.658807,0.70097,0.673987,0.661867,0.753401
3.632,1.9147,0.62001,0.715676,0.613118,0.615239,0.638563,0.658291,0.701659,0.675857,0.660586,0.753915
3.6322,1.9163,0.618057,0.716768,0.613465,0.613473,0.63905,0.65708,0.701665,0.677979,0.659495,0.755204
3.6324,1.91689,0.615444,0.717219,0.613804,0.61273,0.639508,0.655497,0.701147,0.678838,0.659031,0.755858
3.6326,1.91666,0.614162,0.717547,0.614001,0.6127,0.639563,0.654682,0.701874,0.678638,0.658814,0.755775
3.6328,1.91593,0.615275,0.717812,0.614033,0.612801,0.639078,0.655334,0.704156,0.678006,0.658221,0.755263
3.633,1.91508,0.617815,0.717284,0.613793,0.612371,0.638778,0.656319,0.706309,0.677808,0.657407,0.754522
3.6332,1.91515,0.619829,0.716812,0.613247,0.611385,0.639577,0.656416,0.706712,0.678497,0.656582,0.754363
3.6334,1.91576,0.62001,0.717092,0.612476,0.609652,0.641164,0.655003,0.705622,0.679657,0.655874,0.754782
3.6336,1.91619,0.618373,0.717541,0.61192,0.607377,0.642996,0.653035,0.703947,0.680443,0.655141,0.755152
3.6338,1.91646,0.615929,0.717567,0.612163,0.605322,0.643981,0.651699,0.704985,0.681183,0.654385,0.755391
3.634,1.91617,0.614371,0.717379,0.612981,0.604428,0.643454,0.651298,0.707699,0.681816,0.653555,0.755255
3.6342,1.91585,0.614774,0.716884,0.613901,0.605191,0.642096,0.651557,0.709088,0.682672,0.652682,0.754921
3.6344,1.91577,0.616951,0.716712,0.614088,0.606677,0.641221,0.652253,0.709652,0.682916,0.652006,0.754811
3.6346,1.91563,0.618864,0.717046,0.613116,0.607563,0.641765,0.652778,0.709392,0.681924,0.651605,0.754734
3.6348,1.91522,0.618799,0.717831,0.611188,0.606973,0.643595,0.652652,0.708777,0.680729,0.651497,0.754437
3.635,1.9149,0.616342,0.718208,0.60975,0.60528,0.645315,0.652046,0.709491,0.680021,0.651536,0.754128
3.6352,1.91437,0.612934,0.718128,0.609165,0.603875,0.645742,0.651588,0.711937,0.679729,0.65151,0.753826
3.6354,1.91363,0.610792,0.717701,0.609151,0.603761,0.64497,0.651776,0.713954,0.679544,0.651489,0.753177
3.6356,1.91413,0.611019,0.717572,0.609389,0.604881,0.643759,0.652666,0.714614,0.678812,0.651617,0.753261
3.6358,1.91542,0.612606,0.717934,0.609179,0.606451,0.643301,0.653882,0.71507,0.677804,0.651938,0.754236
3.636,1.91679,0.613434,0.718339,0.608836,0.607447,0.643746,0.654674,0.715632,0.676807,0.652411,0.755274
3.6362,1.91726,0.612469,0.718612,0.60825,0.607257,0.644488,0.65475,0.716493,0.675564,0.65278,0.75594
3.6364,1.91601,0.610248,0.718651,0.607215,0.606309,0.644995,0.654862,0.716781,0.673746,0.65283,0.755233
3.6366,1.91389,0.608012,0.718297,0.606023,0.60596,0.644444,0.655693,0.716303,0.672054,0.653018,0.753631
3.6368,1.91189,0.606686,0.717525,0.605027,0.606846,0.643223,0.656936,0.71812,0.671227,0.653801,0.752003
3.637,1.91059,0.60666,0.716607,0.604478,0.608315,0.64259,0.657833,0.72181,0.670831,0.654581,0.750813
3.6372,1.91071,0.607496,0.715961,0.604486,0.609667,0.643427,0.657902,0.724269,0.670153,0.654859,0.750629
3.6374,1.91141,0.6078,0.716337,0.60483,0.610453,0.644659,0.657319,0.723071,0.668917,0.654533,0.751234
3.6376,1.91166,0.606837,0.717345,0.605135,0.610406,0.645409,0.656927,0.719578,0.667449,0.653846,0.751523
3.6378,1.91119,0.605485,0.718479,0.605122,0.609758,0.644781,0.657852,0.717567,0.666045,0.653378,0.751381
3.638,1.90958,0.604604,0.718739,0.604819,0.609049,0.643542,0.660073,0.718196,0.665007,0.653601,0.750318
3.6382,1.9079,0.604589,0.718081,0.60448,0.608835,0.642835,0.662226,0.720412,0.664461,0.654438,0.748947
3.6384,1.90686,0.605209,0.716686,0.604334,0.609382,0.642574,0.663097,0.72195,0.664278,0.655394,0.748067
3.6386,1.90636,0.605828,0.715234,0.604399,0.610409,0.6424,0.662581,0.722227,0.664218,0.655971,0.747617
3.6388,1.90642,0.605885,0.714385,0.604459,0.611163,0.642715,0.66148,0.721206,0.664068,0.655864,0.747599
3.639,1.90687,0.605859,0.714554,0.604434,0.611285,0.642996,0.660603,0.721147,0.66374,0.655229,0.747977
3.6392,1.90692,0.605979,0.715343,0.604743,0.610972,0.642263,0.660433,0.722744,0.663221,0.654505,0.748197
3.6394,1.90611,0.605905,0.715979,0.60539,0.61093,0.640386,0.661135,0.723843,0.662689,0.654244,0.747805
3.6396,1.90466,0.606448,0.715516,0.605964,0.611836,0.638608,0.662349,0.722807,0.662537,0.654734,0.746726
3.6398,1.90386,0.607285,0.713758,0.606045,0.61303,0.63811,0.663054,0.721945,0.662661,0.65517,0.746016
3.64,1.90303,0.60759,0.711887,0.605935,0.61374,0.639573,0.662401,0.722139,0.66306,0.655407,0.745544
3.6402,1.90157,0.607556,0.711598,0.606165,0.613636,0.641315,0.66104,0.722077,0.663979,0.655856,0.744544
3.6404,1.8997,0.607714,0.713244,0.606609,0.613098,0.64151,0.659485,0.720645,0.66454,0.655667,0.743288
3.6406,1.89726,0.608561,0.715817,0.607036,0.612867,0.640183,0.658428,0.718751,0.664632,0.65494,0.741502
3.6408,1.89549,0.610106,0.718048,0.607058,0.613465,0.638658,0.657808,0.718253,0.664491,0.654091,0.740035
3.641,1.89487,0.611081,0.718891,0.606801,0.614395,0.637923,0.657581,0.719227,0.664829,0.653216,0.739434
3.6412,1.8953,0.611265,0.717983,0.606665,0.615361,0.638474,0.656945,0.720126,0.665227,0.652505,0.739725
3.6414,1.89573,0.611017,0.716465,0.607391,0.616714,0.640502,0.655976,0.719884,0.666109,0.651664,0.740323
3.6416,1.89454,0.610799,0.715642,0.608615,0.617499,0.642308,0.655002,0.71821,0.667194,0.651073,0.739873
3.6418,1.89203,0.611086,0.715906,0.610053,0.616991,0.642509,0.65457,0.716808,0.668524,0.651651,0.738182
3.642,1.88937,0.611319,0.717269,0.610849,0.616274,0.641541,0.654238,0.717149,0.669092,0.653368,0.736198
3.6422,1.88768,0.611957,0.719181,0.611178,0.616302,0.640958,0.653386,0.718444,0.669062,0.655589,0.734744
3.6424,1.88754,0.613244,0.720391,0.611224,0.616952,0.640723,0.651787,0.719695,0.668727,0.657333,0.734544
3.6426,1.88886,0.614474,0.719953,0.61119,0.618227,0.640647,0.649998,0.720439,0.668415,0.657614,0.735426
3.6428,1.89119,0.615076,0.717977,0.611545,0.61904,0.640449,0.648848,0.720794,0.669093,0.656821,0.737306
3.643,1.89288,0.615785,0.715326,0.612241,0.618929,0.639989,0.648693,0.719962,0.670904,0.65634,0.738999
3.6432,1.89331,0.61685,0.713837,0.612888,0.618553,0.638892,0.649121,0.718178,0.672601,0.65703,0.739698
3.6434,1.89242,0.617784,0.714825,0.612918,0.618637,0.637508,0.649438,0.716648,0.672994,0.658519,0.739323
3.6436,1.89198,0.618155,0.717112,0.612576,0.618795,0.6362,0.64926,0.716109,0.672247,0.660554,0.738856
3.6438,1.89238,0.617767,0.719034,0.612433,0.618649,0.635194,0.648758,0.716653,0.671427,0.661843,0.739175
3.644,1.89339,0.617052,0.719385,0.612752,0.618242,0.634326,0.648339,0.717462,0.671264,0.662314,0.739958
3.6442,1.89431,0.616702,0.71827,0.613358,0.617722,0.6339,0.648366,0.717586,0.672256,0.66197,0.740869
3.6444,1.89472,0.616956,0.716503,0.613771,0.617626,0.635062,0.648859,0.717148,0.673661,0.661719,0.741366
3.6446,1.89492,0.617804,0.715387,0.613986,0.618428,0.636434,0.649176,0.717378,0.674615,0.662131,0.741623
3.6448,1.895,0.618765,0.715869,0.614126,0.620061,0.636487,0.649115,0.718776,0.674739,0.663513,0.741812
3.645,1.89522,0.619084,0.717532,0.614376,0.621139,0.63565,0.649249,0.720304,0.674176,0.665068,0.74201
3.6452,1.89565,0.618427,0.719326,0.614768,0.621002,0.63504,0.649854,0.721066,0.673689,0.665586,0.742418
3.6454,1.89556,0.617161,0.720269,0.615496,0.619684,0.635164,0.650371,0.721074,0.673665,0.664913,0.742529
3.6456,1.89508,0.615973,0.720382,0.616432,0.618017,0.635379,0.650118,0.719803,0.674314,0.664274,0.742302
3.6458,1.89456,0.615861,0.719607,0.616738,0.616915,0.635129,0.649658,0.717847,0.675184,0.664185,0.741895
3.646,1.89466,0.616369,0.718816,0.616161,0.617009,0.63445,0.649538,0.716176,0.675424,0.665069,0.741923
3.6462,1.89594,0.616615,0.718479,0.615086,0.618007,0.633789,0.650102,0.7147,0.675224,0.666471,0.742707
3.6464,1.89814,0.616124,0.718581,0.61415,0.619034,0.633401,0.651079,0.713855,0.67544,0.667343,0.744441
3.6466,1.90021,0.615374,0.719127,0.614087,0.619027,0.633347,0.652086,0.712888,0.676503,0.667242,0.746142
3.6468,1.90163,0.614636,0.719923,0.614967,0.618396,0.633575,0.652893,0.711549,0.677527,0.666507,0.747496
3.647,1.9017,0.614235,0.720545,0.616218,0.617554,0.633873,0.653274,0.70913,0.678101,0.665864,0.74783
3.6472,1.90113,0.613913,0.720498,0.617144,0.617272,0.634569,0.653113,0.706284,0.677439,0.6659,0.747403
3.6474,1.90108,0.613968,0.719831,0.617651,0.617454,0.635807,0.652905,0.703314,0.676163,0.666439,0.747272
3.6476,1.90199,0.614507,0.718853,0.617893,0.617416,0.636845,0.652809,0.70151,0.675707,0.667154,0.747745
3.6478,1.90425,0.614935,0.718193,0.617943,0.61736,0.637246,0.652809,0.701266,0.676812,0.66733,0.749315
3.648,1.90661,0.614572,0.718349,0.617626,0.617519,0.63699,0.653132,0.701822,0.678724,0.666564,0.751266
3.6482,1.9077,0.613404,0.719444,0.617251,0.617527,0.636365,0.653949,0.70096,0.6797,0.665563,0.752398
3.6484,1.90739,0.611943,0.720906,0.616844,0.617266,0.635771,0.6548,0.698259,0.6794,0.664793,0.75237
3.6486,1.90628,0.610717,0.721895,0.616995,0.617412,0.635488,0.654889,0.694808,0.678415,0.664479,0.751569
3.6488,1.9054,0.610112,0.722144,0.617618,0.617807,0.635726,0.654274,0.691991,0.67764,0.6645,0.750718
3.649,1.90576,0.610021,0.721857,0.61804,0.618307,0.636548,0.653274,0.690725,0.677618,0.664244,0.750713
3.6492,1.90717,0.610124,0.721433,0.618192,0.618045,0.637634,0.652712,0.690651,0.678347,0.663384,0.751653
3.6494,1.90869,0.61026,0.721544,0.617972,0.617404,0.638336,0.652806,0.690898,0.679404,0.662269,0.7529
3.6496,1.90952,0.610367,0.72241,0.617222,0.616621,0.638291,0.653429,0.690772,0.680208,0.661306,0.753642
3.6498,1.90981,0.610332,0.723371,0.616423,0.615786,0.637781,0.654303,0.689951,0.68046,0.660806,0.753917
3.65,1.90992,0.610125,0.723538,0.615917,0.615848,0.637044,0.654141,0.689188,0.68009,0.660787,0.753945
3.6502,1.91042,0.609949,0.722381,0.615851,0.616693,0.637011,0.652794,0.689611,0.679683,0.660652,0.754219
3.6504,1.91096,0.609808,0.720226,0.616143,0.617127,0.638211,0.651406,0.691131,0.679787,0.659753,0.754649
3.6506,1.91099,0.609534,0.717868,0.616222,0.616622,0.639939,0.650698,0.692797,0.680329,0.658283,0.754705
3.6508,1.91074,0.609673,0.716439,0.615806,0.615558,0.640976,0.650995,0.693784,0.681224,0.656586,0.754532
3.651,1.90984,0.610779,0.716402,0.615324,0.614732,0.640662,0.651647,0.69404,0.681709,0.655201,0.753926
3.6512,1.90852,0.61217,0.716735,0.615015,0.614362,0.639269,0.651937,0.693626,0.681408,0.654446,0.752847
3.6514,1.9082,0.612727,0.716195,0.614859,0.614662,0.637741,0.651548,0.693046,0.680517,0.65417,0.752313
3.6516,1.90854,0.611998,0.714331,0.614976,0.615585,0.637121,0.650718,0.693709,0.680347,0.654038,0.752491
3.6518,1.90941,0.610518,0.711813,0.615253,0.616215,0.637719,0.649942,0.695976,0.68132,0.653745,0.75304
3.652,1.90993,0.609365,0.709581,0.615439,0.615893,0.638927,0.649698,0.698395,0.682056,0.653238,0.753578
3.6522,1.90954,0.609375,0.708986,0.615241,0.614794,0.639817,0.650243,0.700396,0.681885,0.652784,0.753402
3.6524,1.90846,0.610515,0.709506,0.614545,0.6136,0.639782,0.651373,0.702648,0.681151,0.652594,0.752615
3.6526,1.90773,0.611949,0.709389,0.613649,0.612793,0.638794,0.652593,0.704298,0.680405,0.65267,0.751881
3.6528,1.9074,0.612739,0.707689,0.613048,0.612959,0.637334,0.653299,0.705391,0.679808,0.652912,0.751566
3.653,1.90705,0.612439,0.70464,0.612968,0.614138,0.636253,0.65334,0.706438,0.679629,0.652992,0.751278
3.6532,1.90661,0.6112,0.701736,0.613314,0.61556,0.635983,0.653382,0.707144,0.679811,0.652989,0.750953
3.6534,1.90623,0.60985,0.699872,0.613649,0.616633,0.63619,0.65375,0.709146,0.679594,0.653197,0.750592
3.6536,1.90603,0.609454,0.699127,0.613644,0.616545,0.636281,0.654445,0.711003,0.679312,0.653532,0.750425
3.6538,1.90603,0.610322,0.698915,0.613097,0.615615,0.635617,0.655451,0.711095,0.679457,0.653645,0.750352
3.654,1.90621,0.611275,0.69848,0.612297,0.614644,0.63405,0.656846,0.710674,0.680017,0.65341,0.750492
3.6542,1.9057,0.611647,0.6975,0.611643,0.614532,0.631939,0.65824,0.709695,0.680416,0.65298,0.75027
3.6544,1.90494,0.611433,0.69652,0.611556,0.615299,0.630067,0.659162,0.709574,0.67996,0.652702,0.749635
3.6546,1.9045,0.610726,0.696082,0.611699,0.615931,0.629239,0.659729,0.711198,0.679206,0.652965,0.74923
3.6548,1.90419,0.609702,0.696072,0.612369,0.6159,0.628837,0.660303,0.713832,0.678904,0.65378,0.748983
3.655,1.90412,0.608531,0.696365,0.613542,0.615324,0.628163,0.661061,0.71547,0.679071,0.654732,0.748891
3.6552,1.90391,0.607461,0.696719,0.614214,0.615554,0.626768,0.661958,0.717056,0.679302,0.655368,0.748806
3.6554,1.90312,0.606689,0.696668,0.614057,0.616415,0.625005,0.662804,0.718974,0.679039,0.65553,0.748294
3.6556,1.9023,0.607135,0.696237,0.613255,0.617011,0.623472,0.663138,0.721252,0.678317,0.655237,0.747633
3.6558,1.90195,0.610016,0.696137,0.612458,0.61671,0.622573,0.662971,0.721834,0.677646,0.65485,0.747306
3.656,1.90176,0.613411,0.697094,0.612276,0.615668,0.622903,0.662812,0.720337,0.677472,0.654925,0.747146
3.6562,1.90169,0.614496,0.698896,0.612702,0.615269,0.623848,0.662855,0.720287,0.678295,0.655396,0.747147
3.6564,1.9008,0.61293,0.699874,0.613463,0.615965,0.624194,0.663216,0.722268,0.67918,0.65612,0.746701
3.6566,1.89905,0.610026,0.699136,0.61404,0.61711,0.623873,0.663814,0.72332,0.679442,0.656847,0.745445
3.6568,1.89745,0.607636,0.697637,0.61423,0.617877,0.623986,0.663802,0.723155,0.679023,0.65688,0.744158
3.657,1.89651,0.607527,0.696286,0.613902,0.617675,0.624084,0.662469,0.722518,0.67874,0.656667,0.743301
3.6572,1.89687,0.609445,0.696174,0.613263,0.617267,0.623901,0.660534,0.722682,0.679246,0.657472,0.743372
3.6574,1.89806,0.611511,0.697538,0.613198,0.617024,0.62365,0.659083,0.724066,0.680341,0.658263,0.744306
3.6576,1.89874,0.612312,0.69982,0.614401,0.617682,0.623527,0.658815,0.72566,0.681137,0.658405,0.745059
3.6578,1.89844,0.611991,0.701529,0.615611,0.618894,0.62345,0.658924,0.725669,0.681643,0.658045,0.745065
3.658,1.89742,0.611426,0.701898,0.615335,0.619709,0.623697,0.659199,0.72439,0.681739,0.656909,0.744393
3.6582,1.89656,0.611113,0.701152,0.613486,0.619668,0.624426,0.658625,0.724198,0.681877,0.656018,0.74364
3.6584,1.89713,0.611811,0.699882,0.611184,0.618903,0.624929,0.65677,0.725963,0.681854,0.655804,0.743819
3.6586,1.89838,0.613692,0.699114,0.60957,0.617826,0.624809,0.654423,0.727619,0.681538,0.656207,0.744883
3.6588,1.89838,0.615593,0.699556,0.609377,0.61702,0.624543,0.652731,0.727604,0.681426,0.656457,0.745256
3.659,1.89657,0.616139,0.701155,0.610283,0.616986,0.624424,0.652356,0.726966,0.681511,0.656156,0.744208
3.6592,1.89355,0.615533,0.703261,0.611225,0.618028,0.625481,0.652551,0.726572,0.682088,0.655695,0.742075
3.6594,1.89034,0.614544,0.704796,0.611467,0.619445,0.627077,0.652311,0.726857,0.683154,0.656087,0.739552
3.6596,1.89007,0.613414,0.70532,0.610891,0.620363,0.627815,0.651285,0.727506,0.683289,0.658002,0.738611
3.6598,1.89364,0.612797,0.70504,0.610071,0.620326,0.627321,0.650025,0.727129,0.681654,0.660301,0.740952
3.66,1.89754,0.612726,0.704832,0.609664,0.619461,0.625558,0.649324,0.726547,0.67902,0.661809,0.744282
3.6602,1.89912,0.614426,0.705074,0.609918,0.618356,0.623421,0.649388,0.727804,0.677057,0.661892,0.746173
3.6604,1.89657,0.617046,0.705802,0.61065,0.617754,0.622138,0.649867,0.730208,0.676771,0.66113,0.74502
3.6606,1.89169,0.618355,0.707066,0.611417,0.618048,0.622721,0.650371,0.73134,0.677881,0.660769,0.741419
3.6608,1.88764,0.618041,0.708951,0.611644,0.619034,0.624677,0.650714,0.73035,0.679309,0.66143,0.737988
3.661,1.88635,0.616159,0.710585,0.611229,0.62016,0.627723,0.650857,0.728828,0.680199,0.662502,0.736448
3.6612,1.88813,0.614266,0.711799,0.610782,0.620488,0.630107,0.650671,0.727123,0.680027,0.663521,0.73745
3.6614,1.89097,0.6131,0.712751,0.61111,0.61961,0.630075,0.650529,0.726403,0.678997,0.664163,0.739789
3.6616,1.8923,0.612597,0.713022,0.612091,0.617873,0.627903,0.651085,0.72687,0.678194,0.664321,0.741341
3.6618,1.89112,0.612826,0.713069,0.613086,0.616193,0.625769,0.652306,0.727813,0.678658,0.664252,0.740939
3.662,1.88916,0.613424,0.713329,0.613452,0.615573,0.625541,0.653431,0.727214,0.679962,0.664424,0.739459
3.6622,1.88794,0.614232,0.713982,0.613045,0.615758,0.627025,0.653581,0.725177,0.680979,0.665301,0.738355
3.6624,1.88853,0.614564,0.714882,0.612419,0.616103,0.629113,0.65318,0.724881,0.68117,0.666333,0.738525
3.6626,1.89045,0.614695,0.715673,0.612289,0.616496,0.630689,0.653101,0.728016,0.680775,0.667483,0.739968
3.6628,1.89244,0.614557,0.71588,0.612906,0.616504,0.631471,0.653799,0.73229,0.680493,0.667726,0.741647
3.663,1.89391,0.614173,0.716177,0.613961,0.615407,0.631263,0.655108,0.733393,0.680669,0.666923,0.742995
3.6632,1.89436,0.613764,0.716585,0.614874,0.613409,0.63085,0.65658,0.731426,0.680883,0.665834,0.743615
3.6634,1.89389,0.613787,0.716736,0.615179,0.611296,0.63066,0.657684,0.729606,0.680991,0.665688,0.743416
3.6636,1.89322,0.614357,0.716659,0.614693,0.609753,0.631142,0.658063,0.729321,0.681221,0.666906,0.742923
3.6638,1.89302,0.615078,0.716814,0.613757,0.608607,0.632142,0.657692,0.730514,0.681253,0.668515,0.74268
3.664,1.89358,0.615516,0.717158,0.613053,0.607714,0.632818,0.656923,0.731944,0.680517,0.669851,0.743
3.6642,1.89476,0.615556,0.717318,0.613703,0.608253,0.632598,0.656327,0.731874,0.680327,0.670262,0.743897
3.6644,1.89627,0.615046,0.717349,0.615422,0.610346,0.631442,0.656354,0.730703,0.680974,0.669409,0.745047
3.6646,1.89764,0.614598,0.717518,0.616338,0.611979,0.630272,0.656907,0.728803,0.681978,0.668363,0.746239
3.6648,1.89811,0.615212,0.718158,0.615522,0.611412,0.629713,0.657319,0.727146,0.683054,0.667871,0.746817
3.665,1.89768,0.616804,0.71912,0.613223,0.609247,0.630297,0.657262,0.726763,0.683315,0.668411,0.746641
3.6652,1.89662,0.618406,0.719684,0.610731,0.607424,0.631171,0.656821,0.727702,0.682451,0.669472,0.745909
3.6654,1.89565,0.618856,0.719132,0.609339,0.606702,0.631387,0.656405,0.729021,0.682157,0.670401,0.745058
3.6656,1.8957,0.617816,0.717629,0.609481,0.606968,0.630579,0.656234,0.729218,0.683171,0.670403,0.744896
3.6658,1.8967,0.616318,0.716025,0.610739,0.607934,0.629438,0.655986,0.72769,0.684767,0.670078,0.745551
3.666,1.89817,0.61542,0.715222,0.611707,0.608775,0.628552,0.655815,0.725762,0.685881,0.669881,0.746664
3.6662,1.89943,0.6156,0.715565,0.611748,0.608964,0.628336,0.655395,0.725109,0.685749,0.670493,0.747761
3.6664,1.8996,0.616628,0.71647,0.610513,0.608754,0.628137,0.654705,0.726688,0.684533,0.671122,0.748135
3.6666,1.89892,0.617802,0.71692,0.609108,0.60846,0.627745,0.654087,0.728748,0.683599,0.671633,0.747698
3.6668,1.89822,0.618403,0.71669,0.608433,0.60831,0.626981,0.65401,0.729188,0.68391,0.671555,0.747092
3.667,1.8976,0.618062,0.715958,0.60834,0.608311,0.625885,0.654417,0.728477,0.685127,0.67068,0.746628
3.6672,1.89736,0.616941,0.714944,0.608229,0.608509,0.624876,0.654458,0.728634,0.686464,0.670154,0.746294
3.6674,1.89753,0.615737,0.713877,0.607831,0.608997,0.624201,0.653791,0.729288,0.686707,0.670326,0.746454
3.6676,1.89701,0.615268,0.712588,0.607515,0.60975,0.623858,0.652912,0.729841,0.685667,0.671336,0.746201
3.6678,1.89603,0.615934,0.711258,0.607263,0.610537,0.623677,0.652267,0.730272,0.684783,0.672285,0.74551
3.668,1.89476,0.617091,0.710318,0.607341,0.611103,0.623417,0.652039,0.730053,0.684688,0.672485,0.744595
3.6682,1.89346,0.617976,0.70952,0.60739,0.611131,0.622985,0.652135,0.729916,0.685338,0.671644,0.743522
3.6684,1.89289,0.617952,0.709073,0.607601,0.610654,0.622556,0.652395,0.730676,0.685927,0.670527,0.743
3.6686,1.89242,0.616688,0.708769,0.608188,0.610154,0.622372,0.652674,0.731451,0.686165,0.669722,0.742679
3.6688,1.89172,0.615065,0.708086,0.608928,0.610192,0.622489,0.652914,0.732166,0.685604,0.670398,0.742256
3.669,1.89069,0.613819,0.706581,0.609529,0.610925,0.622728,0.653148,0.731439,0.685167,0.67215,0.741513
3.6692,1.88976,0.613893,0.704515,0.609562,0.611944,0.622822,0.653455,0.731253,0.685009,0.673561,0.74083
3.6694,1.88871,0.615421,0.702391,0.608904,0.612489,0.622543,0.653887,0.732713,0.684722,0.673633,0.740093
3.6696,1.88772,0.616555,0.700769,0.608114,0.612132,0.622027,0.654213,0.734146,0.684305,0.671965,0.739362
3.6698,1.8865,0.615778,0.699992,0.607727,0.611067,0.622019,0.65454,0.735519,0.683909,0.670066,0.738573
3.67,1.88484,0.613633,0.699809,0.607867,0.609929,0.622729,0.655203,0.736297,0.683411,0.669332,0.737417
3.6702,1.88307,0.611577,0.699928,0.608198,0.609274,0.623577,0.656305,0.734983,0.683282,0.670157,0.736134
3.6704,1.88113,0.610546,0.699561,0.60822,0.609322,0.623883,0.657172,0.733092,0.683487,0.67187,0.734751
3.6706,1.8794,0.610711,0.698388,0.608163,0.609587,0.623425,0.657525,0.733405,0.683509,0.672944,0.733419
3.6708,1.87835,0.611419,0.696803,0.608268,0.609492,0.62258,0.657193,0.735462,0.683391,0.672902,0.732592
3.671,1.87783,0.61177,0.695458,0.608793,0.608796,0.622034,0.656493,0.737871,0.683504,0.672077,0.732233
3.6712,1.8777,0.611393,0.694849,0.609568,0.607718,0.622187,0.655996,0.737889,0.683665,0.671185,0.732201
3.6714,1.87763,0.610689,0.695022,0.610129,0.607177,0.622955,0.656101,0.737498,0.683547,0.670956,0.732309
3.6716,1.87718,0.610376,0.695541,0.610286,0.606809,0.623886,0.656802,0.737923,0.683045,0.671654,0.732173
3.6718,1.87635,0.6107,0.69587,0.610009,0.606232,0.624393,0.65779,0.739139,0.682215,0.672744,0.731721
3.672,1.87523,0.611448,0.695779,0.609631,0.605069,0.624071,0.658606,0.739724,0.681448,0.673294,0.731034
3.6722,1.8742,0.612268,0.69534,0.609859,0.603494,0.623398,0.658778,0.740268,0.681359,0.673129,0.730305
3.6724,1.87367,0.612717,0.695051,0.610992,0.602306,0.623038,0.658367,0.740598,0.681692,0.672915,0.729936
3.6726,1.87356,0.612542,0.695378,0.612142,0.602102,0.622913,0.65808,0.740176,0.681791,0.673184,0.729944
3.6728,1.87341,0.61216,0.696353,0.612663,0.602729,0.622816,0.658151,0.739521,0.681599,0.67373,0.730016
3.673,1.87282,0.612533,0.697139,0.612167,0.603203,0.622542,0.658414,0.73986,0.680706,0.674283,0.729808
3.6732,1.87162,0.613692,0.697252,0.61156,0.602894,0.621905,0.658336,0.740478,0.679562,0.674413,0.729126
3.6734,1.87047,0.614792,0.696642,0.610925,0.601956,0.621377,0.657658,0.740603,0.678637,0.67412,0.728245
3.6736,1.87046,0.615105,0.695942,0.61047,0.600848,0.621493,0.65653,0.739694,0.678527,0.674211,0.728186
3.6738,1.87133,0.614691,0.695824,0.610506,0.600336,0.621798,0.655449,0.738107,0.678869,0.675028,0.728894
3.674,1.8726,0.613972,0.69652,0.611304,0.600771,0.62156,0.654769,0.736769,0.67945,0.676386,0.729992
3.6742,1.87351,0.613793,0.697733,0.612122,0.601864,0.620746,0.655445,0.737304,0.679999,0.677907,0.730978
3.6744,1.87365,0.614801,0.698814,0.612212,0.602989,0.619651,0.656452,0.740339,0.680298,0.679013,0.731357
3.6746,1.87345,0.616653,0.699371,0.611244,0.603487,0.618577,0.656659,0.744086,0.680043,0.679231,0.731305
3.6748,1.87376,0.618218,0.699349,0.609702,0.603261,0.617527,0.65568,0.74458,0.679888,0.678738,0.731529
3.675,1.87486,0.618912,0.699016,0.608617,0.602765,0.617452,0.653878,0.742054,0.679691,0.677742,0.732367
3.6752,1.8762,0.618753,0.698874,0.608471,0.602537,0.618448,0.652297,0.73843,0.679408,0.677304,0.733551
3.6754,1.87672,0.618327,0.700303,0.609458,0.602752,0.619624,0.651431,0.737363,0.678948,0.677653,0.73428
3.6756,1.87613,0.618413,0.703368,0.610672,0.603512,0.620488,0.651322,0.73908,0.678953,0.678582,0.734087
3.6758,1.87544,0.618882,0.705465,0.611033,0.604966,0.620773,0.651405,0.74055,0.67937,0.679513,0.733514
3.676,1.87585,0.619517,0.705453,0.610749,0.606411,0.620393,0.651111,0.739955,0.679816,0.680342,0.733698
3.6762,1.87744,0.619499,0.703204,0.611161,0.607055,0.619584,0.650485,0.737866,0.680212,0.680559,0.734815
3.6764,1.87987,0.61853,0.700282,0.612099,0.606565,0.618827,0.650035,0.735961,0.680742,0.679358,0.736719
3.6766,1.88181,0.617873,0.698741,0.613029,0.605421,0.618501,0.649807,0.735878,0.681304,0.67704,0.738465
3.6768,1.88265,0.620119,0.699508,0.613504,0.604694,0.61876,0.64987,0.737746,0.681916,0.674509,0.739399
3.677,1.88261,0.624095,0.702646,0.613413,0.605158,0.61952,0.650163,0.738925,0.682737,0.672608,0.739463
3.6772,1.88268,0.626734,0.706507,0.613142,0.606587,0.620448,0.650606,0.738075,0.683521,0.672025,0.739521
3.6774,1.88343,0.626276,0.707838,0.61304,0.607986,0.621084,0.65112,0.736825,0.684145,0.672127,0.739918
3.6776,1.88524,0.622883,0.705442,0.613279,0.608414,0.621566,0.651576,0.735685,0.684415,0.672868,0.741217
3.6778,1.88678,0.618722,0.702232,0.613725,0.607483,0.622019,0.651756,0.734886,0.684766,0.674025,0.742607
3.678,1.88753,0.61694,0.700988,0.61436,0.605778,0.622285,0.651783,0.735055,0.684551,0.673643,0.743287
3.6782,1.88791,0.618027,0.702241,0.61517,0.604515,0.622395,0.652043,0.735079,0.684177,0.671428,0.743667
3.6784,1.88773,0.620729,0.704199,0.615662,0.604757,0.622561,0.652414,0.735236,0.684587,0.668518,0.7436
3.6786,1.88785,0.622403,0.704857,0.615685,0.605929,0.622889,0.652744,0.735438,0.685475,0.666114,0.743512
3.6788,1.88932,0.621544,0.703673,0.615803,0.606861,0.623726,0.652873,0.735146,0.686011,0.665184,0.744431
3.679,1.89113,0.619431,0.701709,0.616361,0.606508,0.624416,0.652729,0.734088,0.686307,0.665547,0.745799
3.6792,1.89312,0.618054,0.700432,0.616829,0.605167,0.624093,0.652529,0.733145,0.68655,0.66612,0.747324
3.6794,1.89434,0.618329,0.700519,0.617161,0.603185,0.622635,0.652673,0.732872,0.687105,0.667036,0.748498
3.6796,1.89395,0.620513,0.701781,0.617502,0.601519,0.621333,0.653449,0.73426,0.687604,0.667785,0.748369
3.6798,1.8934,0.623068,0.703494,0.617654,0.600394,0.620852,0.654555,0.735493,0.688135,0.667538,0.747875
3.68,1.89281,0.624305,0.704772,0.617551,0.600042,0.620779,0.655464,0.735548,0.688492,0.666613,0.747331
3.6802,1.89322,0.624267,0.705102,0.617443,0.600075,0.620563,0.656064,0.734209,0.688468,0.665685,0.747349
3.6804,1.89449,0.623334,0.704787,0.617172,0.600228,0.620245,0.656539,0.733007,0.688273,0.665377,0.748218
3.6806,1.89563,0.62259,0.704312,0.617044,0.599701,0.621164,0.656936,0.73236,0.688082,0.665706,0.749125
3.6808,1.89616,0.622682,0.704065,0.617423,0.599373,0.622725,0.657115,0.734454,0.687782,0.666434,0.749615
3.681,1.89612,0.62362,0.704119,0.617962,0.599294,0.623252,0.657258,0.737937,0.688281,0.666958,0.749624
3.6812,1.89558,0.624252,0.704196,0.618076,0.598913,0.622195,0.65753,0.739092,0.689714,0.666693,0.749183
3.6814,1.8956,0.623941,0.704143,0.617767,0.597992,0.620383,0.658237,0.738396,0.691197,0.66578,0.748989
3.6816,1.89586,0.622558,0.703929,0.617232,0.596888,0.619032,0.658978,0.738381,0.691175,0.664979,0.74913
3.6818,1.89655,0.621038,0.703667,0.617218,0.596202,0.618881,0.658889,0.739479,0.689034,0.66494,0.749472
3.682,1.89767,0.62054,0.703569,0.617509,0.596064,0.619797,0.657811,0.741116,0.686048,0.665665,0.750318
3.6822,1.89824,0.621103,0.703615,0.617701,0.596301,0.621047,0.656086,0.742338,0.683406,0.666663,0.75078
3.6824,1.89875,0.622242,0.70376,0.617835,0.596635,0.621951,0.655056,0.741873,0.682561,0.667358,0.751105
3.6826,1.89865,0.622973,0.703883,0.618173,0.596933,0.622204,0.655159,0.741607,0.683425,0.667423,0.751135
3.6828,1.89782,0.623031,0.703976,0.618574,0.597161,0.622035,0.656315,0.741982,0.684845,0.667125,0.75049
3.683,1.89712,0.622747,0.70418,0.618655,0.597398,0.621856,0.657541,0.741878,0.685149,0.667034,0.749812
3.6832,1.89677,0.623001,0.704341,0.618264,0.597692,0.622023,0.657738,0.741162,0.683613,0.667437,0.749345
3.6834,1.89743,0.623407,0.704344,0.617874,0.59794,0.622582,0.656838,0.740287,0.680369,0.668091,0.749632
3.6836,1.89835,0.62347,0.70421,0.617594,0.598062,0.623286,0.654912,0.739526,0.677071,0.668705,0.750341
3.6838,1.89835,0.623089,0.70396,0.617609,0.597983,0.624178,0.652992,0.739833,0.675281,0.668989,0.750469
3.684,1.89768,0.622985,0.7035,0.618054,0.597961,0.625412,0.652482,0.740639,0.675399,0.668769,0.750019
3.6842,1.89654,0.623281,0.702697,0.618503,0.59834,0.6265,0.653303,0.739478,0.676052,0.668156,0.749071
3.6844,1.89623,0.62375,0.701563,0.618595,0.599211,0.626837,0.654729,0.737473,0.676051,0.667281,0.748538
3.6846,1.89693,0.624065,0.700249,0.618265,0.600408,0.626371,0.655923,0.737584,0.674861,0.666391,0.748899
3.6848,1.89806,0.623744,0.699,0.617404,0.601291,0.625638,0.656226,0.738748,0.672889,0.666013,0.749696
3.685,1.89833,0.623173,0.69825,0.616473,0.601516,0.625269,0.655577,0.738696,0.671073,0.666044,0.750137
3.6852,1.89759,0.622913,0.697716,0.616126,0.601389,0.625626,0.654514,0.73682,0.670164,0.665843,0.749597
3.6854,1.89691,0.622858,0.697249,0.616327,0.601339,0.626629,0.653832,0.735898,0.670379,0.665363,0.748961
3.6856,1.89618,0.623519,0.696381,0.617176,0.601817,0.627722,0.654087,0.736543,0.671221,0.664339,0.748372
3.6858,1.89591,0.624555,0.694914,0.618362,0.602772,0.628297,0.655235,0.736683,0.671924,0.662919,0.74798
3.686,1.89576,0.625296,0.6935,0.618661,0.60366,0.628049,0.656465,0.735135,0.672053,0.661957,0.747901
3.6862,1.89484,0.625821,0.692295,0.617604,0.603838,0.627186,0.657131,0.7347,0.671591,0.661692,0.747284
3.6864,1.89412,0.625563,0.691589,0.615766,0.603438,0.626284,0.657545,0.736391,0.670761,0.662104,0.746562
3.6866,1.89355,0.624919,0.691311,0.61456,0.602894,0.625781,0.657996,0.73808,0.6701,0.66258,0.746158
3.6868,1.89274,0.624217,0.691268,0.614822,0.602799,0.6259,0.658314,0.737221,0.670362,0.662482,0.745495
3.687,1.89202,0.623546,0.690821,0.616306,0.603299,0.626353,0.658379,0.735377,0.671404,0.661745,0.744921
3.6872,1.89119,0.623702,0.689911,0.617845,0.603701,0.626639,0.658458,0.735401,0.672358,0.660685,0.74428
3.6874,1.89049,0.62489,0.689333,0.618421,0.603237,0.626233,0.658529,0.736894,0.672406,0.659751,0.74371
3.6876,1.89017,0.625572,0.689491,0.618123,0.602064,0.624879,0.658687,0.738552,0.671531,0.659277,0.743358
3.6878,1.89026,0.62493,0.69006,0.617027,0.60136,0.623129,0.659124,0.737535,0.67054,0.659303,0.743369
3.688,1.8905,0.623356,0.690513,0.616254,0.60119,0.62188,0.659914,0.733381,0.670493,0.659641,0.74359
3.6882,1.89031,0.622209,0.690417,0.616329,0.601309,0.621504,0.660741,0.72986,0.671695,0.660046,0.74357
3.6884,1.88936,0.622339,0.689887,0.617047,0.601218,0.62172,0.661275,0.729592,0.673256,0.660283,0.742984
3.6886,1.8881,0.623612,0.68938,0.617793,0.600442,0.621858,0.661535,0.732345,0.674263,0.660285,0.742008
3.6888,1.88763,0.625062,0.689356,0.618153,0.598992,0.621238,0.661555,0.73547,0.674275,0.660259,0.741412
3.689,1.88801,0.625425,0.68992,0.618256,0.597586,0.61972,0.661541,0.736016,0.673404,0.660296,0.741665
3.6892,1.88883,0.625257,0.690998,0.617814,0.596715,0.617805,0.662265,0.733351,0.672604,0.660495,0.742234
3.6894,1.88951,0.625066,0.691831,0.616779,0.596671,0.616298,0.663625,0.730101,0.672535,0.661229,0.74292
3.6896,1.8889,0.625054,0.69203,0.615327,0.597105,0.615588,0.665093,0.729099,0.672745,0.662545,0.742742
3.6898,1.88774,0.625756,0.692014,0.613762,0.597389,0.615723,0.665394,0.730658,0.672589,0.663734,0.741803
3.69,1.88738,0.626688,0.692451,0.612796,0.597052,0.616749,0.664222,0.733349,0.671771,0.664257,0.741395
3.6902,1.88778,0.627244,0.692952,0.613654,0.596978,0.617905,0.662132,0.733369,0.671151,0.664684,0.741552
3.6904,1.88911,0.627026,0.693615,0.616597,0.598276,0.618474,0.66032,0.730139,0.672073,0.665067,0.742463
3.6906,1.89055,0.626154,0.693629,0.61935,0.600368,0.618294,0.659707,0.727566,0.6729,0.665848,0.743712
3.6908,1.89061,0.625378,0.693438,0.619443,0.602046,0.617664,0.6605,0.727674,0.672371,0.667031,0.744102
3.691,1.88902,0.626122,0.694212,0.617628,0.602637,0.617134,0.661309,0.729682,0.670118,0.668643,0.743131
3.6912,1.88713,0.627836,0.696163,0.61602,0.602526,0.617348,0.661092,0.731189,0.667729,0.669856,0.741588
3.6914,1.8865,0.629667,0.698168,0.615721,0.602984,0.618512,0.65928,0.730716,0.66703,0.669979,0.740797
3.6916,1.88732,0.631003,0.69877,0.617147,0.604014,0.619878,0.656631,0.728883,0.667878,0.669577,0.741252
3.6918,1.88853,0.632083,0.69782,0.619193,0.605197,0.620812,0.654159,0.726919,0.669097,0.669224,0.742244
3.692,1.88938,0.633078,0.696614,0.62021,0.60593,0.621493,0.652886,0.725776,0.669545,0.669471,0.743009
3.6922,1.88926,0.633476,0.696342,0.619673,0.605782,0.622102,0.652782,0.726302,0.668308,0.670314,0.743182
3.6924,1.88836,0.632612,0.697735,0.618343,0.605326,0.62242,0.653361,0.726772,0.665908,0.67172,0.742521
3.6926,1.88844,0.630943,0.700303,0.617376,0.605049,0.622407,0.653546,0.725888,0.663641,0.673224,0.74235
3.6928,1.88968,0.629938,0.703001,0.617113,0.605387,0.622227,0.653044,0.723359,0.662597,0.674354,0.743131
3.693,1.89162,0.630489,0.704103,0.61763,0.606824,0.622062,0.652083,0.720697,0.664192,0.675515,0.744593
3.6932,1.89295,0.632117,0.703321,0.618587,0.608084,0.622098,0.651011,0.72012,0.667582,0.676165,0.745826
3.6934,1.89296,0.634139,0.701775,0.619261,0.607618,0.62258,0.650246,0.721554,0.670381,0.675835,0.74611
3.6936,1.89171,0.635518,0.701484,0.61949,0.605367,0.623434,0.650016,0.722622,0.670682,0.674868,0.745289
3.6938,1.89055,0.635237,0.702875,0.619206,0.602789,0.624216,0.650313,0.721531,0.669085,0.674107,0.744244
3.694,1.89061,0.633746,0.70487,0.61854,0.601281,0.624578,0.650839,0.718619,0.667405,0.67385,0.744023
3.6942,1.89165,0.632625,0.706203,0.61762,0.601896,0.624457,0.651273,0.717031,0.666834,0.674597,0.744677
3.6944,1.89331,0.632584,0.706543,0.616774,0.603746,0.623946,0.651483,0.719295,0.667518,0.676037,0.745937
3.6946,1.89419,0.633868,0.707005,0.616632,0.606213,0.623469,0.651364,0.722288,0.668602,0.677439,0.746832
3.6948,1.89387,0.636302,0.708241,0.616999,0.607616,0.623495,0.651288,0.721588,0.669192,0.67867,0.746774
3.695,1.89325,0.638986,0.709729,0.617878,0.60689,0.623993,0.65171,0.720055,0.66925,0.678937,0.746203
3.6952,1.89326,0.639825,0.710293,0.618624,0.605024,0.624321,0.652388,0.720528,0.66902,0.6779,0.746099
3.6954,1.89375,0.638078,0.709427,0.618391,0.604076,0.624415,0.652859,0.721689,0.668806,0.676469,0.746365
3.6956,1.89416,0.635412,0.708005,0.617105,0.604518,0.623936,0.652871,0.721533,0.669009,0.675381,0.746712
3.6958,1.89464,0.633716,0.707892,0.615369,0.606552,0.623188,0.6526,0.719687,0.670333,0.675978,0.74702
3.696,1.89548,0.633981,0.709726,0.613938,0.609136,0.622374,0.652432,0.71791,0.671818,0.677838,0.747568
3.6962,1.89686,0.635901,0.712223,0.613456,0.61093,0.622072,0.652706,0.718163,0.672657,0.679622,0.748493
3.6964,1.8986,0.638956,0.713746,0.613792,0.611049,0.622147,0.653354,0.718784,0.672687,0.680268,0.749836
3.6966,1.89976,0.641635,0.713491,0.614443,0.611124,0.622086,0.654164,0.718908,0.672422,0.678926,0.750809
3.6968,1.90047,0.642009,0.712392,0.614944,0.611815,0.621344,0.654975,0.718695,0.67288,0.67702,0.751379
3.697,1.90068,0.639706,0.711396,0.61467,0.612323,0.620624,0.65574,0.71755,0.673499,0.675517,0.751603
3.6972,1.90041,0.636395,0.711569,0.613697,0.612652,0.620048,0.65637,0.716685,0.673585,0.674904,0.751359
3.6974,1.90015,0.634355,0.713223,0.612298,0.612571,0.620092,0.65672,0.716849,0.673623,0.675728,0.751091
3.6976,1.89985,0.634666,0.715514,0.611809,0.612615,0.62049,0.656872,0.715869,0.673397,0.677068,0.750786
3.6978,1.8998,0.637333,0.716726,0.613202,0.613298,0.620552,0.657159,0.713964,0.673401,0.678048,0.750615
3.698,1.90002,0.640213,0.715791,0.615267,0.615211,0.620213,0.657436,0.713495,0.674304,0.678296,0.750714
3.6982,1.89992,0.640934,0.71375,0.616558,0.617112,0.619688,0.657863,0.713421,0.675234,0.677636,0.750675
3.6984,1.89935,0.638879,0.712538,0.616428,0.617929,0.619265,0.658647,0.712887,0.675495,0.677377,0.75024
3.6986,1.89854,0.635595,0.712934,0.616025,0.6173,0.619064,0.659059,0.712367,0.674944,0.677849,0.749597
3.6988,1.8976,0.633264,0.714361,0.615719,0.615582,0.619122,0.658937,0.71158,0.673881,0.67909,0.748814
3.699,1.8971,0.633036,0.715675,0.615579,0.614238,0.619359,0.658253,0.710989,0.673389,0.680675,0.748255
3.6992,1.89724,0.634532,0.715857,0.616133,0.614022,0.619699,0.656973,0.711277,0.673718,0.681441,0.748245
3.6994,1.8975,0.636333,0.714814,0.616488,0.615472,0.620102,0.655583,0.711707,0.675038,0.680584,0.748423
3.6996,1.89776,0.637018,0.713577,0.61608,0.617569,0.620507,0.654613,0.711229,0.675673,0.678578,0.748575
3.6998,1.89783,0.636045,0.712981,0.616057,0.618479,0.620798,0.654428,0.710348,0.67452,0.676512,0.748698
3.7,1.8973,0.634055,0.713012,0.616772,0.618115,0.620886,0.654682,0.709129,0.673099,0.675966,0.748326
3.7002,1.89661,0.632357,0.713061,0.617302,0.617053,0.620823,0.654396,0.709073,0.672331,0.676742,0.747786
3.7004,1.89552,0.631852,0.71241,0.616977,0.615867,0.620982,0.653259,0.710494,0.672161,0.677839,0.747002
3.7006,1.89434,0.632297,0.710959,0.615901,0.615239,0.621608,0.651701,0.711097,0.672859,0.678277,0.746024
3.7008,1.89347,0.632785,0.709147,0.614454,0.615812,0.622622,0.650362,0.710768,0.673718,0.677371,0.745259
3.701,1.89349,0.632888,0.707521,0.61338,0.617008,0.623737,0.649488,0.709855,0.673842,0.675627,0.745049
3.7012,1.89421,0.632638,0.706125,0.613549,0.617777,0.624811,0.649044,0.708495,0.673274,0.674214,0.745567
3.7014,1.89494,0.631869,0.705134,0.61466,0.617801,0.625625,0.649031,0.70841,0.672434,0.674157,0.746136
3.7016,1.89569,0.630886,0.704479,0.6158,0.617592,0.625885,0.649099,0.709388,0.671738,0.675201,0.746753
3.7018,1.89568,0.629859,0.703797,0.616269,0.617462,0.626024,0.649003,0.710932,0.671438,0.676293,0.74689
3.702,1.89531,0.62903,0.702558,0.615768,0.617499,0.626337,0.648747,0.711321,0.671861,0.676486,0.746636
3.7022,1.89451,0.628343,0.701455,0.614712,0.617767,0.626715,0.64857,0.711241,0.672808,0.67558,0.746068
3.7024,1.89378,0.628356,0.700564,0.613877,0.618157,0.626904,0.648718,0.710615,0.673518,0.674237,0.745458
3.7026,1.89305,0.628376,0.699859,0.613822,0.618524,0.626867,0.649303,0.710159,0.673266,0.673128,0.744904
3.7028,1.89227,0.627585,0.698884,0.614415,0.61889,0.626742,0.650008,0.709852,0.672161,0.673301,0.744251
3.703,1.89199,0.625978,0.697145,0.615608,0.619299,0.626633,0.650345,0.709814,0.670963,0.674466,0.743976
3.7032,1.89186,0.624086,0.694879,0.616569,0.619859,0.627117,0.65069,0.710311,0.67027,0.675464,0.74388
3.7034,1.89145,0.622686,0.693104,0.616559,0.62023,0.628201,0.651325,0.710531,0.670908,0.675827,0.743682
3.7036,1.89012,0.622973,0.692116,0.61558,0.620255,0.629285,0.65229,0.709314,0.672646,0.675095,0.742861
3.7038,1.8881,0.624233,0.691684,0.614478,0.620014,0.629582,0.653273,0.708035,0.673978,0.673879,0.741374
3.704,1.88612,0.624862,0.691294,0.613773,0.619494,0.629323,0.653672,0.708234,0.673783,0.672876,0.739816
3.7042,1.88466,0.62426,0.690592,0.613653,0.619247,0.628837,0.653389,0.708808,0.672361,0.672565,0.738586
3.7044,1.88416,0.623297,0.689608,0.614121,0.619587,0.628517,0.652698,0.708734,0.670364,0.672998,0.738061
3.7046,1.88442,0.622469,0.688713,0.614918,0.620063,0.628477,0.65215,0.70791,0.669541,0.6736,0.738236
3.7048,1.88468,0.622062,0.688211,0.615464,0.620367,0.629141,0.652308,0.707638,0.670853,0.673583,0.73855
3.705,1.88461,0.6227,0.68815,0.615376,0.62042,0.630294,0.653225,0.707585,0.67287,0.673037,0.738627
3.7052,1.884,0.62407,0.688285,0.614519,0.620096,0.630599,0.654275,0.707852,0.673953,0.672539,0.738348
3.7054,1.88293,0.62513,0.688282,0.613306,0.619343,0.629629,0.65492,0.708259,0.673189,0.672195,0.73759
3.7056,1.88226,0.625698,0.687882,0.612766,0.618614,0.628172,0.65522,0.708803,0.67183,0.671904,0.737008
3.7058,1.88254,0.62577,0.68728,0.61337,0.61819,0.627137,0.655099,0.710589,0.671301,0.671983,0.737111
3.706,1.88342,0.625395,0.687013,0.614835,0.618188,0.627438,0.655054,0.712751,0.671433,0.671999,0.737809
3.7062,1.88401,0.624852,0.687169,0.615922,0.618446,0.628526,0.655028,0.712758,0.671606,0.671769,0.738472
3.7064,1.88349,0.624342,0.687369,0.615679,0.618448,0.629346,0.655278,0.711246,0.672182,0.671799,0.73837
3.7066,1.88202,0.624242,0.687273,0.614471,0.61782,0.629347,0.655701,0.710153,0.672705,0.672128,0.737415
3.7068,1.88107,0.624263,0.686871,0.61372,0.61678,0.628876,0.656044,0.709957,0.672401,0.672295,0.736513
3.707,1.8812,0.624478,0.68637,0.613574,0.616138,0.628693,0.655898,0.710198,0.6716,0.672324,0.736491
3.7072,1.88226,0.625013,0.686193,0.614278,0.616588,0.628924,0.655788,0.709997,0.670765,0.672509,0.737291
3.7074,1.88297,0.625595,0.686698,0.615534,0.61768,0.629162,0.656298,0.709011,0.670003,0.672474,0.738025
3.7076,1.88277,0.62653,0.688035,0.616465,0.619127,0.62949,0.656811,0.708683,0.669626,0.672666,0.738148
3.7078,1.88124,0.627308,0.689727,0.61632,0.620257,0.630021,0.657342,0.710453,0.669845,0.673032,0.737245
3.708,1.87992,0.628032,0.690405,0.61511,0.6205,0.630356,0.65782,0.712151,0.670147,0.67346,0.736102
3.7082,1.87994,0.628099,0.690227,0.613611,0.620047,0.630111,0.657624,0.711843,0.670254,0.674461,0.735917
3.7084,1.88109,0.627417,0.689637,0.612601,0.619459,0.630128,0.657228,0.710229,0.670212,0.67538,0.736752
3.7086,1.88223,0.626509,0.689199,0.612529,0.619297,0.631008,0.657014,0.708222,0.670529,0.675176,0.737775
3.7088,1.88276,0.626124,0.68986,0.613219,0.619516,0.63225,0.656826,0.707657,0.670845,0.67363,0.738425
3.709,1.882,0.62644,0.691539,0.613777,0.619763,0.633027,0.656841,0.710045,0.671525,0.671965,0.738139
3.7092,1.88051,0.627014,0.693095,0.613889,0.620245,0.63321,0.657097,0.713564,0.67245,0.671417,0.73705
3.7094,1.88012,0.626904,0.693781,0.61296,0.621187,0.632748,0.65745,0.714497,0.673287,0.672081,0.736506
3.7096,1.88114,0.625886,0.693584,0.611563,0.622249,0.632168,0.65754,0.711923,0.67389,0.673369,0.737148
3.7098,1.88274,0.624521,0.693104,0.611164,0.622818,0.631916,0.657511,0.708398,0.673952,0.674501,0.738417
3.71,1.88409,0.623852,0.693362,0.611869,0.622917,0.632022,0.657305,0.706932,0.673305,0.674799,0.739625
3.7102,1.88445,0.624267,0.695011,0.612808,0.622518,0.632394,0.657183,0.708287,0.672139,0.67453,0.740157
3.7104,1.88432,0.625519,0.697262,0.612888,0.622344,0.632854,0.657261,0.710449,0.670999,0.674358,0.740098
3.7106,1.88442,0.626127,0.699036,0.611846,0.623223,0.633194,0.65764,0.71075,0.670357,0.674481,0.740139
3.7108,1.88492,0.625448,0.699652,0.609961,0.624516,0.63338,0.658125,0.7094,0.670401,0.674883,0.740476
3.711,1.88584,0.623806,0.699306,0.608531,0.625348,0.633733,0.658491,0.707034,0.670712,0.675864,0.741159
3.7112,1.88677,0.622651,0.698665,0.608029,0.62568,0.634098,0.658575,0.706164,0.670896,0.677946,0.741924
3.7114,1.88742,0.623371,0.698744,0.608558,0.625156,0.634293,0.658844,0.70732,0.670794,0.68007,0.74254
3.7116,1.88757,0.625398,0.699946,0.609264,0.623814,0.634219,0.659186,0.709298,0.670796,0.680253,0.742732
3.7118,1.88753,0.62789,0.701197,0.609621,0.622345,0.633857,0.659543,0.710398,0.671222,0.678488,0.742722
3.712,1.88786,0.629925,0.70149,0.609354,0.62134,0.633226,0.659787,0.709567,0.671824,0.676086,0.742812
3.7122,1.8896,0.630396,0.70098,0.608962,0.620821,0.632861,0.660199,0.707653,0.672056,0.674335,0.743924
3.7124,1.89173,0.630128,0.700274,0.609304,0.620362,0.633018,0.660452,0.706781,0.67179,0.67406,0.7456
3.7126,1.89333,0.629542,0.699822,0.610013,0.620708,0.63365,0.661254,0.707912,0.671924,0.676576,0.746986
3.7128,1.89368,0.629806,0.699761,0.610529,0.622633,0.634294,0.661806,0.709222,0.672335,0.680271,0.747513
3.713,1.89248,0.631339,0.700239,0.610536,0.623811,0.635006,0.661703,0.709243,0.672669,0.681391,0.746794
3.7132,1.89126,0.632607,0.700608,0.610264,0.622953,0.635248,0.661534,0.707908,0.673668,0.678978,0.745628
3.7134,1.89126,0.63261,0.700514,0.610147,0.620249,0.635272,0.661522,0.708062,0.67533,0.674285,0.745375
3.7136,1.89267,0.631049,0.699498,0.610311,0.616772,0.635124,0.662217,0.710627,0.67627,0.670208,0.746153
3.7138,1.89503,0.6294,0.697833,0.610486,0.614035,0.635271,0.662772,0.712474,0.675901,0.668654,0.747912
3.714,1.89621,0.629453,0.696337,0.610508,0.612944,0.636001,0.662301,0.71063,0.674634,0.669435,0.749162
3.7142,1.89584,0.631076,0.69558,0.610786,0.612845,0.636991,0.661739,0.707858,0.674016,0.671087,0.749026
3.7144,1.89459,0.63277,0.696238,0.611203,0.612898,0.637964,0.662097,0.708938,0.674812,0.671716,0.748165
3.7146,1.89321,0.633561,0.697442,0.611447,0.612295,0.637993,0.663733,0.712858,0.676525,0.670464,0.746934
3.7148,1.89302,0.632944,0.697793,0.611576,0.611049,0.636911,0.665499,0.715784,0.677776,0.66752,0.74647
3.715,1.89424,0.631357,0.696758,0.611907,0.609825,0.635873,0.666707,0.716075,0.677726,0.6648,0.747169
3.7152,1.89563,0.630021,0.695074,0.612421,0.609323,0.636026,0.667018,0.714486,0.676634,0.663804,0.748265
3.7154,1.8966,0.629751,0.693703,0.612458,0.609388,0.637043,0.666607,0.713516,0.675324,0.664636,0.749114
3.7156,1.89632,0.630284,0.693096,0.612401,0.60956,0.638365,0.665755,0.713762,0.674638,0.666303,0.749135
3.7158,1.89486,0.631269,0.693352,0.612353,0.609438,0.639058,0.664672,0.714647,0.67492,0.667467,0.748083
3.716,1.89356,0.632096,0.694126,0.611708,0.609071,0.638794,0.664495,0.714895,0.675822,0.667388,0.746898
3.7162,1.89307,0.632022,0.694614,0.610952,0.60883,0.637972,0.665719,0.713852,0.676663,0.666167,0.74634
3.7164,1.89328,0.630907,0.694438,0.610578,0.608735,0.637082,0.666737,0.712318,0.676912,0.664564,0.74635
3.7166,1.89367,0.629603,0.693943,0.610541,0.608561,0.636545,0.66665,0.711732,0.676466,0.66359,0.746668
3.7168,1.89335,0.629032,0.693455,0.610992,0.608143,0.636823,0.665971,0.712577,0.675642,0.663466,0.74658
3.717,1.89207,0.629115,0.693233,0.611353,0.607516,0.637544,0.665479,0.714217,0.674844,0.664184,0.745716
3.7172,1.89022,0.629243,0.693239,0.611437,0.607358,0.638182,0.665434,0.714755,0.674279,0.665581,0.744317
3.7174,1.8886,0.629696,0.693304,0.61106,0.607973,0.63812,0.665728,0.714542,0.673825,0.66702,0.742933
3.7176,1.88791,0.63016,0.693004,0.610533,0.609216,0.637813,0.66585,0.714182,0.67358,0.66763,0.742213
3.7178,1.88789,0.62997,0.692316,0.610577,0.610315,0.637573,0.665903,0.713848,0.673316,0.66713,0.742127
3.718,1.888,0.628702,0.691865,0.611512,0.610868,0.637517,0.665705,0.713604,0.672631,0.665825,0.742239
3.7182,1.88768,0.626434,0.691971,0.612912,0.611095,0.637348,0.666027,0.713392,0.671171,0.66455,0.742128
3.7184,1.8867,0.624398,0.692475,0.613406,0.610993,0.637171,0.667287,0.713199,0.669154,0.6642,0.741488
3.7186,1.88563,0.623359,0.693027,0.612758,0.610932,0.637201,0.668243,0.712535,0.667643,0.665061,0.740653
3.7188,1.88468,0.624017,0.693332,0.611515,0.611438,0.637422,0.66796,0.711575,0.667175,0.666523,0.73991
3.719,1.88424,0.625125,0.693315,0.610445,0.612457,0.63824,0.666455,0.710676,0.667517,0.667621,0.739469
3.7192,1.88448,0.625444,0.693114,0.610586,0.613328,0.638849,0.66534,0.711091,0.667605,0.667762,0.739595
3.7194,1.88468,0.623907,0.692866,0.611951,0.613395,0.638331,0.6652,0.711573,0.666827,0.667044,0.739846
3.7196,1.88493,0.621606,0.692607,0.613298,0.612626,0.637184,0.665948,0.712549,0.665112,0.666051,0.740056
3.7198,1.88485,0.619712,0.692221,0.613825,0.611546,0.636122,0.667162,0.713369,0.662814,0.665467,0.740132
3.72,1.88427,0.618466,0.691712,0.61353,0.610835,0.635701,0.667828,0.712719,0.66119,0.665778,0.739802
3.7202,1.88354,0.61821,0.6909,0.612935,0.610928,0.636166,0.667735,0.711812,0.660515,0.666601,0.739278
3.7204,1.88265,0.61922,0.690309,0.612548,0.611465,0.637056,0.667455,0.710398,0.660438,0.667207,0.738629
3.7206,1.88219,0.620483,0.689909,0.612706,0.611996,0.637737,0.667045,0.709535,0.660568,0.666833,0.738192
3.7208,1.88242,0.621221,0.689181,0.613229,0.611702,0.637851,0.666646,0.710413,0.660413,0.66556,0.738327
3.721,1.88291,0.620658,0.688046,0.613772,0.611104,0.637272,0.666627,0.712596,0.659848,0.66395,0.738703
3.7212,1.88369,0.619031,0.68676,0.614073,0.610202,0.636556,0.66704,0.713948,0.659103,0.662852,0.739372
3.7214,1.8837,0.617386,0.685921,0.614249,0.608923,0.636289,0.667512,0.714457,0.65853,0.663257,0.739575
3.7216,1.88355,0.616664,0.685342,0.614454,0.607657,0.636776,0.667779,0.714276,0.658376,0.664055,0.73945
3.7218,1.8833,0.61714,0.684699,0.614755,0.60672,0.637965,0.667785,0.714359,0.658804,0.663996,0.739379
3.722,1.88235,0.618331,0.683834,0.615061,0.605831,0.638844,0.667152,0.715643,0.659758,0.662888,0.738788
3.7222,1.88174,0.619315,0.682729,0.615174,0.605095,0.638542,0.666863,0.716186,0.660807,0.661119,0.738207
3.7224,1.88205,0.6194,0.681466,0.615347,0.604411,0.637323,0.667986,0.716192,0.661387,0.659455,0.738326
3.7226,1.88322,0.618818,0.680278,0.61543,0.603936,0.635766,0.669522,0.715834,0.661303,0.65846,0.739114
3.7228,1.88459,0.618161,0.679364,0.615353,0.603457,0.634184,0.670107,0.716296,0.661069,0.658048,0.740306
3.723,1.88446,0.618338,0.680155,0.615294,0.602808,0.633113,0.669513,0.716327,0.661413,0.657857,0.740628
3.7232,1.8825,0.619613,0.682399,0.615671,0.602054,0.633146,0.668435,0.715219,0.662188,0.65741,0.739391
3.7234,1.88028,0.621176,0.6846,0.616444,0.601574,0.634506,0.667399,0.714294,0.662933,0.656518,0.737614
3.7236,1.87941,0.621801,0.685117,0.617147,0.601704,0.636427,0.667235,0.715108,0.663316,0.655778,0.736643
3.7238,1.8803,0.621183,0.684069,0.617392,0.603152,0.637464,0.667974,0.716205,0.663277,0.65565,0.737081
3.724,1.88255,0.620121,0.682871,0.617173,0.60481,0.637148,0.669094,0.716395,0.662987,0.656138,0.738721
3.7242,1.88415,0.619607,0.682291,0.61679,0.605362,0.635547,0.669806,0.715487,0.662818,0.656994,0.740327
3.7244,1.88355,0.619995,0.682583,0.616205,0.604814,0.634009,0.669835,0.715522,0.663094,0.657478,0.740277
3.7246,1.88211,0.620989,0.683891,0.615929,0.604537,0.633811,0.669439,0.716035,0.663864,0.657273,0.73921
3.7248,1.88093,0.62194,0.685191,0.615847,0.605322,0.63454,0.668327,0.716033,0.665548,0.656913,0.738204
3.725,1.88072,0.622583,0.685751,0.616048,0.606388,0.63543,0.667106,0.714169,0.667619,0.656906,0.737863
3.7252,1.88153,0.622879,0.686049,0.616315,0.607439,0.635823,0.666781,0.712116,0.668366,0.657205,0.738401
3.7254,1.88223,0.623014,0.686748,0.61627,0.607897,0.635236,0.667024,0.712729,0.667339,0.657854,0.739102
3.7256,1.88201,0.622735,0.68782,0.615925,0.607414,0.634181,0.667509,0.714368,0.665304,0.658402,0.739161
3.7258,1.8809,0.622052,0.68871,0.615502,0.606842,0.633718,0.667878,0.714523,0.663573,0.65868,0.738453
3.726,1.87973,0.6212,0.689242,0.615407,0.607442,0.6338,0.667813,0.71108,0.663363,0.658558,0.737516
3.7262,1.8792,0.620253,0.689398,0.615624,0.608722,0.634593,0.667144,0.705448,0.664108,0.657946,0.736997
3.7264,1.87957,0.619708,0.689162,0.615912,0.609636,0.636086,0.666068,0.702494,0.66499,0.656624,0.737166
3.7266,1.88031,0.619774,0.689099,0.616105,0.609897,0.637441,0.665305,0.703467,0.665094,0.655174,0.737792
3.7268,1.8808,0.620488,0.689763,0.616116,0.609279,0.637903,0.665139,0.705441,0.664617,0.654552,0.738282
3.727,1.88123,0.62144,0.691286,0.615963,0.609077,0.637323,0.665614,0.704643,0.663376,0.654862,0.738651
3.7272,1.88145,0.621903,0.692994,0.615637,0.6102,0.636226,0.666433,0.701045,0.662334,0.655365,0.738897
3.7274,1.88199,0.621206,0.694469,0.615265,0.611724,0.635195,0.667002,0.697684,0.662075,0.655356,0.739223
3.7276,1.88304,0.62031,0.695132,0.615512,0.612381,0.635038,0.666938,0.696454,0.662684,0.65434,0.740033
3.7278,1.88372,0.620743,0.695127,0.616993,0.612638,0.63568,0.66684,0.698033,0.66488,0.654282,0.740711
3.728,1.88335,0.623097,0.695916,0.618369,0.612887,0.63656,0.666672,0.700999,0.666783,0.655718,0.74064
3.7282,1.88258,0.625905,0.699121,0.618346,0.612983,0.637255,0.666384,0.702604,0.666461,0.65738,0.740062
3.7284,1.88208,0.626464,0.702535,0.61669,0.612898,0.637218,0.666723,0.701675,0.66449,0.658445,0.739615
3.7286,1.88311,0.62436,0.703756,0.614566,0.613073,0.636773,0.667425,0.69999,0.662473,0.658366,0.739954
3.7288,1.88664,0.62118,0.702294,0.613758,0.613309,0.636826,0.668201,0.699291,0.661303,0.657511,0.742402
3.729,1.88962,0.618868,0.698782,0.615293,0.614402,0.636819,0.668383,0.699649,0.661435,0.656594,0.74505
3.7292,1.89042,0.618721,0.695318,0.617348,0.616259,0.636314,0.668588,0.700348,0.66206,0.65596,0.746128
3.7294,1.88791,0.620253,0.694066,0.618145,0.617573,0.635063,0.668705,0.701381,0.662337,0.65589,0.74483
3.7296,1.88346,0.621971,0.695349,0.616771,0.617595,0.633185,0.669115,0.702409,0.66206,0.656396,0.74139
3.7298,1.8807,0.62278,0.697811,0.613727,0.616255,0.631664,0.669414,0.70309,0.661605,0.657083,0.738764
3.73,1.88027,0.622489,0.698716,0.61098,0.61482,0.631349,0.669607,0.703086,0.661338,0.657727,0.738035
3.7302,1.8819,0.621693,0.697405,0.610016,0.614628,0.631739,0.669431,0.701642,0.661493,0.658259,0.738982
3.7304,1.88395,0.62107,0.695196,0.610803,0.616002,0.631808,0.668894,0.700432,0.662284,0.658663,0.740735
3.7306,1.88464,0.621254,0.693218,0.612045,0.617825,0.631928,0.668582,0.701824,0.663989,0.65939,0.741594
3.7308,1.88349,0.622884,0.692362,0.613121,0.619157,0.631926,0.66846,0.705196,0.665202,0.659975,0.741071
3.731,1.88081,0.624685,0.692559,0.614136,0.619805,0.630989,0.668021,0.708601,0.665264,0.660324,0.739207
3.7312,1.8779,0.625829,0.692945,0.614042,0.619627,0.629812,0.66788,0.710195,0.664651,0.660466,0.736894
3.7314,1.87593,0.626153,0.692656,0.612821,0.619015,0.629098,0.668176,0.709072,0.664418,0.660671,0.73516
3.7316,1.87538,0.626238,0.691444,0.611044,0.618805,0.628815,0.668643,0.706094,0.664892,0.661112,0.734521
3.7318,1.87589,0.626222,0.689837,0.609766,0.619358,0.628585,0.668989,0.703601,0.665505,0.661607,0.734845
3.732,1.87647,0.626184,0.68863,0.60956,0.620606,0.628146,0.669118,0.704102,0.666004,0.661788,0.735423
3.7322,1.8764,0.626277,0.68828,0.610075,0.621105,0.627513,0.668791,0.705734,0.665951,0.661728,0.735581
3.7324,1.87557,0.626553,0.688663,0.61067,0.620404,0.62697,0.668542,0.706067,0.665625,0.661507,0.735132
3.7326,1.87426,0.626772,0.689222,0.610854,0.619074,0.626646,0.668597,0.704994,0.665204,0.661915,0.73422
3.7328,1.87326,0.626448,0.689427,0.610521,0.618561,0.626485,0.668883,0.702973,0.665159,0.662712,0.733399
3.733,1.87285,0.626098,0.689081,0.60984,0.619047,0.62647,0.668999,0.699849,0.665231,0.663985,0.733058
3.7332,1.87263,0.625649,0.688442,0.609161,0.61972,0.626597,0.668683,0.697956,0.665927,0.665347,0.732946
3.7334,1.87275,0.625111,0.687828,0.608868,0.620201,0.626543,0.668502,0.698273,0.667308,0.665969,0.73305
3.7336,1.87312,0.624965,0.687525,0.609066,0.620008,0.626219,0.668359,0.698642,0.66845,0.665366,0.733377
3.7338,1.87358,0.62541,0.68772,0.609696,0.619359,0.626136,0.66827,0.697295,0.668692,0.664373,0.733811
3.734,1.87366,0.625888,0.688238,0.610352,0.618533,0.626382,0.668056,0.694674,0.667633,0.663943,0.734068
3.7342,1.87307,0.625783,0.688366,0.610725,0.617944,0.626604,0.667575,0.691672,0.665817,0.664208,0.733823
3.7344,1.87209,0.625024,0.687652,0.610472,0.617808,0.626468,0.667037,0.689792,0.664586,0.664693,0.733116
3.7346,1.87187,0.624153,0.686384,0.609683,0.618023,0.625897,0.666482,0.690842,0.664586,0.664806,0.73282
3.7348,1.87222,0.623522,0.685271,0.608829,0.618387,0.625141,0.666263,0.691765,0.665479,0.664814,0.733125
3.735,1.87264,0.623821,0.68488,0.608414,0.618769,0.624642,0.666898,0.690701,0.666677,0.664731,0.733518
3.7352,1.87303,0.625051,0.685247,0.608626,0.618955,0.624663,0.66826,0.689251,0.667346,0.665362,0.733919
3.7354,1.87306,0.626079,0.685889,0.609257,0.619127,0.625058,0.66958,0.687979,0.667081,0.666849,0.734108
3.7356,1.87254,0.626714,0.686271,0.609833,0.619176,0.625466,0.669417,0.688079,0.666245,0.668534,0.733879
3.7358,1.87123,0.626998,0.686082,0.609868,0.619234,0.625659,0.667678,0.689667,0.665486,0.66954,0.73305
3.736,1.86992,0.62628,0.685323,0.609327,0.61877,0.625489,0.665604,0.689879,0.66524,0.669,0.73204
3.7362,1.86898,0.625104,0.6844,0.608444,0.618304,0.624847,0.664183,0.68882,0.665275,0.667717,0.731313
3.7364,1.86852,0.623937,0.683729,0.607638,0.618262,0.623925,0.663904,0.688322,0.665143,0.666822,0.730906
3.7366,1.86912,0.623429,0.683561,0.607391,0.618353,0.623181,0.664501,0.688534,0.664715,0.667078,0.731262
3.7368,1.87027,0.623745,0.683438,0.607547,0.618319,0.623106,0.665222,0.688287,0.664525,0.668247,0.732206
3.737,1.87068,0.624252,0.683416,0.607894,0.618047,0.623409,0.665969,0.6876,0.664428,0.669534,0.732873
3.7372,1.86977,0.624806,0.683055,0.607977,0.617838,0.623165,0.66623,0.687338,0.66476,0.670142,0.732402
3.7374,1.86856,0.625196,0.681892,0.607942,0.61769,0.621875,0.665888,0.687281,0.665168,0.670041,0.731553
3.7376,1.86734,0.625301,0.680431,0.607867,0.618052,0.619964,0.665465,0.68744,0.664864,0.670064,0.730657
3.7378,1.86692,0.625651,0.679247,0.607859,0.618693,0.61856,0.665189,0.686955,0.66421,0.670429,0.730154
3.738,1.86789,0.626063,0.678856,0.607921,0.619684,0.61829,0.665094,0.686567,0.664161,0.67097,0.730807
3.7382,1.86926,0.626311,0.678633,0.607721,0.620681,0.618942,0.665224,0.686391,0.664753,0.671659,0.731911
3.7384,1.87067,0.626704,0.678501,0.607984,0.620739,0.620305,0.665566,0.687856,0.666066,0.672237,0.733154
3.7386,1.87096,0.626855,0.677862,0.608645,0.619983,0.620799,0.665783,0.689036,0.667363,0.672268,0.733679
3.7388,1.87035,0.627104,0.676715,0.60861,0.619229,0.619413,0.666184,0.688387,0.66767,0.671749,0.7334
3.739,1.86938,0.626899,0.675532,0.607957,0.619035,0.61686,0.666934,0.686501,0.66713,0.671204,0.732685
3.7392,1.86853,0.627105,0.674657,0.607165,0.619374,0.614729,0.667554,0.686557,0.666294,0.670986,0.732093
3.7394,1.86765,0.628195,0.674361,0.60646,0.620097,0.614107,0.667714,0.687784,0.666402,0.670771,0.731429
3.7396,1.86713,0.629059,0.674488,0.606351,0.620777,0.614935,0.66745,0.689536,0.667739,0.670007,0.731048
3.7398,1.86658,0.628761,0.674953,0.606704,0.621149,0.616939,0.666981,0.69096,0.669147,0.668594,0.730705
3.74,1.86595,0.627398,0.675251,0.607042,0.621093,0.618912,0.666716,0.690744,0.669558,0.667261,0.730316
3.7402,1.86522,0.625729,0.675189,0.607035,0.620712,0.620036,0.667027,0.691299,0.669592,0.666725,0.72983
3.7404,1.86429,0.624838,0.674971,0.60673,0.620739,0.620155,0.667337,0.69323,0.670189,0.667006,0.729262
3.7406,1.86321,0.62542,0.674929,0.60653,0.621529,0.619828,0.667585,0.69451,0.671054,0.667381,0.728481
3.7408,1.86233,0.626865,0.675478,0.606828,0.622261,0.619547,0.667993,0.69335,0.671959,0.6669,0.727887
3.741,1.86119,0.627966,0.677577,0.608083,0.62285,0.619589,0.668023,0.691309,0.672921,0.66487,0.727152
3.7412,1.85989,0.627962,0.680526,0.609261,0.62328,0.620039,0.667778,0.691359,0.673644,0.662125,0.726244
3.7414,1.85956,0.627009,0.682452,0.609362,0.623557,0.620548,0.66745,0.693308,0.674141,0.659907,0.725768
3.7416,1.86129,0.625898,0.682404,0.608739,0.623438,0.620899,0.667135,0.696696,0.674475,0.659106,0.726903
3.7418,1.86344,0.625463,0.682524,0.607986,0.623457,0.621149,0.667195,0.699311,0.674809,0.659138,0.728747
3.742,1.86462,0.625981,0.683689,0.607738,0.623468,0.621356,0.667207,0.700422,0.675562,0.659647,0.730047
3.7422,1.86367,0.626915,0.684977,0.608298,0.623345,0.621618,0.667044,0.699331,0.676409,0.660292,0.729807
3.7424,1.86159,0.627416,0.686166,0.609331,0.623552,0.621884,0.667186,0.697269,0.676759,0.660055,0.728301
3.7426,1.86033,0.627008,0.686739,0.609913,0.623886,0.621872,0.667267,0.695879,0.676723,0.658584,0.727184
3.7428,1.86021,0.626014,0.686565,0.609768,0.62396,0.621505,0.666682,0.695641,0.67698,0.657554,0.726988
3.743,1.8611,0.624889,0.686361,0.609248,0.624294,0.621122,0.66599,0.696076,0.677256,0.657776,0.727581
3.7432,1.86247,0.624348,0.687437,0.60905,0.624644,0.621077,0.665861,0.696721,0.676882,0.65881,0.72875
3.7434,1.86341,0.624307,0.689585,0.609481,0.625251,0.621404,0.666369,0.695962,0.675815,0.659934,0.729701
3.7436,1.86347,0.62405,0.691657,0.610286,0.62567,0.62188,0.667314,0.693576,0.675514,0.660306,0.729975
3.7438,1.86351,0.623684,0.693314,0.611007,0.625905,0.622256,0.667955,0.690461,0.676071,0.659848,0.730014
3.744,1.86349,0.623492,0.694194,0.61128,0.626083,0.622423,0.667787,0.688364,0.677351,0.659141,0.730113
3.7442,1.86334,0.623866,0.694792,0.61112,0.625891,0.622524,0.667341,0.688044,0.678291,0.658611,0.730065
3.7444,1.86362,0.6246,0.69547,0.611309,0.626108,0.623121,0.666732,0.688218,0.678296,0.658537,0.730251
3.7446,1.86424,0.625834,0.697023,0.611937,0.627087,0.624453,0.666363,0.686518,0.676422,0.659262,0.730744
3.7448,1.86508,0.626481,0.699574,0.612541,0.628423,0.625615,0.666476,0.683749,0.672936,0.660455,0.731419
3.745,1.86568,0.625292,0.70178,0.612812,0.628645,0.625487,0.666746,0.680638,0.669442,0.661806,0.732074
3.7452,1.86547,0.62315,0.702192,0.612587,0.627597,0.624188,0.666954,0.678599,0.667373,0.662726,0.732081
3.7454,1.86519,0.621277,0.700968,0.612122,0.625571,0.6223,0.667606,0.677631,0.667296,0.662725,0.731867
3.7456,1.8655,0.620489,0.699144,0.611501,0.623411,0.62099,0.668317,0.677392,0.668928,0.662337,0.732036
3.7458,1.86582,0.621152,0.698131,0.611386,0.623427,0.621798,0.668658,0.676377,0.672021,0.662529,0.732373
3.746,1.86623,0.622164,0.698648,0.611967,0.625909,0.625188,0.668136,0.674302,0.6738,0.662771,0.732703
3.7462,1.86611,0.622359,0.700307,0.612552,0.627774,0.628428,0.667355,0.67285,0.672662,0.663302,0.732805
3.7464,1.86582,0.62145,0.702377,0.613196,0.627393,0.628738,0.666752,0.672325,0.669899,0.664435,0.732568
3.7466,1.8659,0.620069,0.704389,0.613537,0.624321,0.625946,0.667,0.673248,0.667723,0.6658,0.732612
3.7468,1.86592,0.619151,0.705868,0.613599,0.620087,0.621776,0.668087,0.674077,0.667115,0.667026,0.732701
3.747,1.86556,0.619268,0.706083,0.6133,0.616926,0.618297,0.668956,0.674806,0.668223,0.667246,0.732509
3.7472,1.86539,0.620275,0.705058,0.612662,0.615782,0.617817,0.668903,0.674797,0.670411,0.666622,0.732343
3.7474,1.86562,0.621582,0.70408,0.61255,0.616,0.620888,0.667758,0.67548,0.672132,0.666221,0.732486
3.7476,1.86639,0.622777,0.703918,0.613245,0.615933,0.624636,0.666638,0.676897,0.672273,0.666162,0.733004
3.7478,1.86728,0.622918,0.704373,0.613751,0.615164,0.625683,0.666098,0.678182,0.671544,0.666704,0.73379
3.748,1.86736,0.622277,0.705086,0.613447,0.613726,0.623726,0.666378,0.678458,0.670608,0.668047,0.734053
3.7482,1.86677,0.621745,0.705567,0.612415,0.612138,0.620913,0.667514,0.678424,0.670192,0.668955,0.733713
3.7484,1.86577,0.621795,0.705545,0.61109,0.610811,0.618751,0.668466,0.678189,0.670341,0.669216,0.733013
3.7486,1.86474,0.62232,0.705008,0.609987,0.609836,0.618171,0.668241,0.677764,0.671222,0.669684,0.732198
3.7488,1.86407,0.623179,0.704767,0.609596,0.609345,0.619292,0.666949,0.677793,0.672052,0.670573,0.731635
3.749,1.86378,0.623367,0.704726,0.609956,0.609205,0.621027,0.665521,0.678332,0.672341,0.671146,0.731374
3.7492,1.86385,0.622624,0.704703,0.610602,0.609136,0.62201,0.664973,0.679224,0.672908,0.671151,0.73142
3.7494,1.86383,0.621684,0.704447,0.61101,0.608968,0.621914,0.66503,0.680082,0.673605,0.670954,0.731513
3.7496,1.86359,0.622359,0.703714,0.610963,0.608709,0.621317,0.665795,0.680656,0.673509,0.670725,0.731329
3.7498,1.86392,0.624268,0.702948,0.610515,0.608411,0.620678,0.666648,0.681133,0.672699,0.670633,0.731535
3.75,1.86428,0.625955,0.702731,0.609873,0.608083,0.620268,0.666824,0.681919,0.671354,0.671047,0.731927
3.7502,1.86406,0.626021,0.703293,0.609325,0.607836,0.620176,0.666308,0.683234,0.670766,0.671986,0.731896
3.7504,1.86332,0.624595,0.703965,0.609018,0.60749,0.620445,0.665346,0.684787,0.671467,0.672572,0.731449
3.7506,1.86235,0.622819,0.703722,0.609145,0.607612,0.620934,0.664312,0.685568,0.672899,0.672031,0.730736
3.7508,1.86162,0.622237,0.702271,0.609575,0.608545,0.621464,0.663564,0.685387,0.674026,0.67031,0.730143
3.751,1.86118,0.623005,0.700478,0.61022,0.609894,0.622069,0.663851,0.685275,0.674276,0.668284,0.729796
3.7512,1.86109,0.624186,0.699376,0.610763,0.610841,0.622383,0.664493,0.685409,0.67374,0.666735,0.729711
3.7514,1.86128,0.62512,0.699474,0.610988,0.611271,0.622164,0.66493,0.684911,0.672903,0.666546,0.729855
3.7516,1.86147,0.625255,0.700834,0.61087,0.611461,0.621622,0.665001,0.683329,0.672564,0.667213,0.730149
3.7518,1.86058,0.625096,0.702101,0.610907,0.611411,0.621242,0.664511,0.681161,0.672769,0.667689,0.729708
3.752,1.85929,0.625377,0.701986,0.611084,0.61152,0.621391,0.663456,0.680994,0.67337,0.667034,0.728787
3.7522,1.85767,0.625554,0.700462,0.611351,0.612082,0.622156,0.662656,0.683817,0.674159,0.66524,0.727649
3.7524,1.85639,0.625758,0.697904,0.611504,0.61276,0.623211,0.662517,0.686985,0.674785,0.662951,0.72652
3.7526,1.85695,0.626306,0.695442,0.611548,0.613097,0.623834,0.662633,0.687801,0.675025,0.660996,0.726652
3.7528,1.85871,0.626475,0.694748,0.611582,0.612958,0.623647,0.663288,0.685799,0.674846,0.660373,0.728001
3.753,1.86002,0.626301,0.695795,0.611491,0.612342,0.622697,0.664214,0.683582,0.674262,0.660793,0.729284
3.7532,1.85969,0.62665,0.697432,0.610995,0.611602,0.621418,0.664677,0.68373,0.674402,0.661478,0.729458
3.7534,1.85762,0.627211,0.697942,0.610057,0.611423,0.620639,0.664654,0.685235,0.675379,0.661575,0.728159
3.7536,1.85509,0.627408,0.696685,0.60941,0.611903,0.620633,0.664053,0.686432,0.676582,0.661044,0.726218
3.7538,1.85349,0.627016,0.69451,0.609199,0.612646,0.621394,0.663671,0.686283,0.677253,0.659783,0.724789
3.754,1.85335,0.626077,0.693177,0.60951,0.612696,0.621773,0.663773,0.685619,0.677843,0.658618,0.724497
3.7542,1.85414,0.625119,0.693505,0.610145,0.61181,0.621331,0.664051,0.685547,0.678071,0.658489,0.725101
3.7544,1.85494,0.624838,0.69466,0.610492,0.610246,0.619852,0.664785,0.686863,0.678097,0.659236,0.72588
3.7546,1.85497,0.625372,0.695658,0.609854,0.608892,0.618345,0.666152,0.687974,0.677775,0.660488,0.726179
3.7548,1.85401,0.626282,0.695404,0.60866,0.609157,0.617125,0.667023,0.689152,0.677955,0.661658,0.725662
3.755,1.85262,0.626891,0.694034,0.607304,0.610148,0.616576,0.666887,0.690403,0.679381,0.661682,0.724698
3.7552,1.85184,0.626789,0.69249,0.606445,0.610431,0.616887,0.665942,0.690709,0.68083,0.660905,0.723967
3.7554,1.85198,0.62615,0.691688,0.606295,0.609658,0.617455,0.664929,0.6912,0.680683,0.660363,0.724029
3.7556,1.85295,0.625494,0.691967,0.606513,0.608346,0.61705,0.664647,0.691584,0.679404,0.66032,0.724702
3.7558,1.85405,0.625046,0.692973,0.606609,0.607475,0.615457,0.665075,0.692556,0.677898,0.660666,0.725747
3.756,1.85423,0.62561,0.693672,0.606347,0.607029,0.613297,0.666414,0.69198,0.676629,0.660982,0.726143
3.7562,1.85359,0.626821,0.693502,0.605693,0.60681,0.611711,0.66803,0.690555,0.676809,0.661183,0.725894
3.7564,1.85218,0.628074,0.692488,0.604966,0.607,0.61256,0.668572,0.692005,0.67864,0.661023,0.724936
3.7566,1.85111,0.628541,0.691233,0.605389,0.607331,0.615195,0.667582,0.69469,0.680844,0.660889,0.724072
3.7568,1.85108,0.628091,0.69054,0.606599,0.607424,0.617247,0.665599,0.695337,0.681916,0.660969,0.723856
3.757,1.85237,0.627101,0.690759,0.607416,0.607796,0.617366,0.663807,0.69406,0.681507,0.6614,0.724797
3.7572,1.85324,0.627066,0.691552,0.607511,0.609127,0.616447,0.663348,0.692795,0.680385,0.662055,0.725768
3.7574,1.85293,0.627826,0.692323,0.607446,0.610607,0.615651,0.664482,0.69242,0.679782,0.662858,0.72582
3.7576,1.85157,0.628599,0.692435,0.607489,0.611205,0.615068,0.667004,0.692823,0.679866,0.6636,0.724998
3.7578,1.85048,0.628991,0.691938,0.607484,0.610725,0.615224,0.669717,0.693077,0.680432,0.663264,0.724032
3.758,1.85089,0.628719,0.691427,0.6075,0.610581,0.616959,0.670643,0.692146,0.680893,0.662612,0.724122
3.7582,1.85213,0.627993,0.691223,0.607307,0.611128,0.618632,0.669531,0.690525,0.681094,0.662551,0.725113
3.7584,1.85323,0.62758,0.691272,0.606869,0.611807,0.619343,0.667641,0.689888,0.681103,0.662853,0.726143
3.7586,1.85305,0.627411,0.691819,0.607019,0.612538,0.619699,0.666041,0.690924,0.68127,0.663043,0.726412
3.7588,1.85115,0.627712,0.692437,0.607954,0.612716,0.620033,0.665261,0.692278,0.681114,0.662802,0.725237
3.759,1.84885,0.628138,0.692277,0.608957,0.612382,0.620219,0.665242,0.693137,0.680325,0.662148,0.723485
3.7592,1.84767,0.628337,0.691643,0.609254,0.612586,0.6199,0.665702,0.693179,0.679292,0.661398,0.722289
3.7594,1.84888,0.628164,0.691348,0.608668,0.613856,0.619826,0.665842,0.691898,0.678616,0.661138,0.722888
3.7596,1.85105,0.627954,0.691476,0.607681,0.616045,0.620478,0.665209,0.690111,0.678621,0.662024,0.724662
3.7598,1.85247,0.627688,0.691432,0.607054,0.618178,0.622188,0.663748,0.689381,0.679914,0.663382,0.726069
3.76,1.85201,0.627191,0.691026,0.607251,0.618715,0.624646,0.661687,0.691183,0.681357,0.664781,0.726192
3.7602,1.84989,0.626374,0.690639,0.608198,0.617725,0.626519,0.659952,0.693791,0.681626,0.665512,0.724816
3.7604,1.84854,0.625506,0.69149,0.609386,0.616526,0.627141,0.659168,0.695041,0.680448,0.665496,0.723425
3.7606,1.84982,0.625539,0.694243,0.610114,0.616826,0.626295,0.659588,0.694089,0.678603,0.665083,0.724015
3.7608,1.8526,0.625682,0.696679,0.610022,0.61824,0.624921,0.660106,0.692051,0.677374,0.66481,0.726136
3.761,1.85435,0.62505,0.697112,0.609314,0.619592,0.624683,0.659341,0.691363,0.67747,0.665025,0.727953
3.7612,1.85338,0.624113,0.69565,0.608406,0.620192,0.625963,0.657445,0.693386,0.678574,0.665395,0.727796
3.7614,1.84989,0.625222,0.69421,0.607767,0.619683,0.628189,0.655415,0.696925,0.679684,0.664882,0.725479
3.7616,1.84646,0.627291,0.694524,0.60787,0.618949,0.630238,0.653958,0.699653,0.6809,0.663254,0.722618
3.7618,1.84507,0.628186,0.696649,0.608439,0.618942,0.631023,0.653167,0.700146,0.681218,0.661735,0.72117
3.762,1.84582,0.627719,0.699504,0.609286,0.619715,0.63073,0.652849,0.699054,0.680449,0.661109,0.721472
3.7622,1.84874,0.62623,0.701299,0.609949,0.621087,0.630314,0.652603,0.697715,0.679925,0.661059,0.723422
3.7624,1.85219,0.624389,0.701355,0.609891,0.621981,0.630258,0.651975,0.696613,0.680463,0.661283,0.726346
3.7626,1.85378,0.623766,0.700241,0.609272,0.621995,0.631437,0.651009,0.696595,0.682061,0.661301,0.728052
3.7628,1.85332,0.625449,0.699767,0.608594,0.621382,0.633699,0.649931,0.696968,0.683699,0.660833,0.728117
3.763,1.85121,0.628026,0.700255,0.608247,0.620453,0.635859,0.649118,0.696607,0.684591,0.660221,0.72673
3.7632,1.84935,0.629484,0.701257,0.608381,0.620316,0.636859,0.648926,0.696153,0.685114,0.659949,0.7251
3.7634,1.84911,0.629124,0.702091,0.608614,0.62073,0.636522,0.649404,0.694921,0.684756,0.660232,0.724652
3.7636,1.85013,0.62806,0.702349,0.60824,0.62181,0.635231,0.65015,0.693751,0.683711,0.660935,0.72532
3.7638,1.85172,0.627363,0.702162,0.607218,0.622722,0.634549,0.65067,0.691935,0.682752,0.661945,0.726557
3.764,1.85273,0.627328,0.701706,0.605969,0.623422,0.635242,0.650502,0.689481,0.682719,0.663199,0.727593
3.7642,1.85306,0.628481,0.701238,0.604625,0.623869,0.63674,0.649765,0.686336,0.683035,0.664193,0.72796
3.7644,1.85331,0.630381,0.700854,0.603677,0.624123,0.637848,0.649409,0.68377,0.683363,0.664879,0.728158
3.7646,1.85361,0.631672,0.700541,0.603691,0.623674,0.638048,0.649902,0.68221,0.683462,0.665019,0.728455
3.7648,1.85361,0.631475,0.700244,0.604244,0.622791,0.637444,0.650954,0.681425,0.682808,0.664792,0.728527
3.765,1.85334,0.630283,0.700171,0.60479,0.622165,0.636663,0.651737,0.680184,0.681479,0.664901,0.728396
3.7652,1.85282,0.629277,0.699848,0.605015,0.622321,0.636169,0.652002,0.678037,0.679741,0.665434,0.728039
3.7654,1.85247,0.628971,0.698788,0.604874,0.62284,0.636173,0.651757,0.675384,0.678495,0.665818,0.72772
3.7656,1.85274,0.62939,0.697007,0.604553,0.622989,0.636809,0.651473,0.673348,0.677603,0.665831,0.727828
3.7658,1.85352,0.629978,0.695274,0.604317,0.622472,0.637174,0.651712,0.672596,0.67721,0.665349,0.728386
3.766,1.85452,0.630181,0.693887,0.604365,0.621607,0.636745,0.652574,0.672569,0.677073,0.664655,0.729182
3.7662,1.85518,0.630122,0.693177,0.604674,0.620896,0.635819,0.653516,0.672201,0.67686,0.664685,0.729819
3.7664,1.85498,0.630193,0.693064,0.60494,0.6207,0.635463,0.654098,0.671084,0.675572,0.665846,0.729868
3.7666,1.85395,0.630363,0.692739,0.604938,0.62095,0.635998,0.654334,0.669935,0.673852,0.66739,0.729187
3.7668,1.85292,0.630449,0.691564,0.605042,0.621595,0.636698,0.653935,0.669811,0.671968,0.668247,0.728324
3.767,1.85247,0.630354,0.68976,0.605472,0.622134,0.637,0.653394,0.671013,0.671168,0.667956,0.727883
3.7672,1.85243,0.630531,0.688,0.606029,0.62187,0.636466,0.653701,0.672762,0.671249,0.6671,0.727821
3.7674,1.85244,0.630882,0.687423,0.60659,0.621251,0.63531,0.654798,0.6736,0.670876,0.666504,0.727867
3.7676,1.85196,0.63134,0.687882,0.607033,0.620819,0.634152,0.656433,0.673355,0.669595,0.667215,0.727674
3.7678,1.85079,0.631802,0.688349,0.607398,0.620453,0.633315,0.657544,0.673398,0.667636,0.668673,0.726862
3.768,1.8494,0.632029,0.688015,0.60741,0.619997,0.633164,0.657579,0.673852,0.665639,0.670188,0.725854
3.7682,1.84782,0.632046,0.68696,0.607266,0.619948,0.633914,0.656679,0.674132,0.664217,0.671176,0.724692
3.7684,1.84623,0.63203,0.685854,0.607407,0.620263,0.634832,0.656042,0.67513,0.66351,0.671029,0.723469
3.7686,1.84476,0.631946,0.685112,0.607818,0.621013,0.635233,0.656384,0.677761,0.663319,0.670214,0.722409
3.7688,1.84284,0.632375,0.684889,0.608146,0.621829,0.634839,0.657954,0.680849,0.663324,0.668983,0.721064
3.769,1.8408,0.633051,0.685282,0.608156,0.622058,0.633773,0.65939,0.682344,0.663245,0.668336,0.719567
3.7692,1.83865,0.633243,0.685917,0.607724,0.621629,0.632542,0.659484,0.682143,0.662923,0.66908,0.71799
3.7694,1.83674,0.63283,0.686146,0.606894,0.620878,0.631607,0.658745,0.681671,0.662359,0.670928,0.716539
3.7696,1.8353,0.631481,0.686027,0.606304,0.620147,0.631202,0.657619,0.682575,0.661776,0.672249,0.71543
3.7698,1.83437,0.629696,0.686311,0.606444,0.619869,0.630976,0.656671,0.684626,0.661381,0.672323,0.714785
3.77,1.83328,0.628975,0.68691,0.60731,0.620396,0.630294,0.656823,0.686372,0.661303,0.67184,0.714142
3.7702,1.83183,0.629628,0.687448,0.608275,0.62138,0.628992,0.65769,0.687596,0.661599,0.671322,0.713223
3.7704,1.83008,0.63073,0.687486,0.608496,0.622431,0.627725,0.658551,0.688172,0.661968,0.67078,0.712052
3.7706,1.82842,0.631342,0.687306,0.60752,0.622708,0.626621,0.659067,0.687635,0.662201,0.670698,0.710856
3.7708,1.82738,0.631169,0.687217,0.605878,0.622401,0.625793,0.659097,0.686559,0.662566,0.670769,0.710069
3.771,1.82706,0.630579,0.687441,0.604683,0.622547,0.625067,0.659122,0.68568,0.663136,0.670504,0.709878
3.7712,1.8271,0.629999,0.688279,0.604337,0.623225,0.624227,0.659396,0.685679,0.663658,0.670747,0.710055
3.7714,1.8271,0.629809,0.689592,0.60525,0.624283,0.622897,0.659802,0.68557,0.664412,0.671814,0.710264
3.7716,1.82681,0.630103,0.690631,0.606357,0.625491,0.621492,0.660374,0.684546,0.665036,0.67298,0.710278
3.7718,1.82624,0.630642,0.690826,0.606721,0.62594,0.620058,0.660986,0.682616,0.665322,0.673264,0.710052
3.772,1.82561,0.630992,0.690267,0.606016,0.625512,0.618847,0.661528,0.680092,0.665485,0.672444,0.709725
3.7722,1.82545,0.630889,0.689325,0.604563,0.624781,0.617859,0.661601,0.677976,0.665691,0.671097,0.709605
3.7724,1.8262,0.630258,0.688566,0.603016,0.624784,0.616838,0.661674,0.677312,0.665889,0.669672,0.710206
3.7726,1.82763,0.629998,0.688739,0.602252,0.62558,0.615742,0.662512,0.677415,0.666151,0.669265,0.711399
3.7728,1.82893,0.630755,0.691019,0.60239,0.626571,0.614627,0.663734,0.678259,0.666864,0.670192,0.712689
3.773,1.8291,0.631899,0.694484,0.603424,0.627049,0.613782,0.664502,0.678433,0.667864,0.671701,0.713189
3.7732,1.82856,0.63252,0.696141,0.604698,0.626938,0.613281,0.664304,0.676317,0.668746,0.672793,0.71298
3.7734,1.82806,0.632288,0.694309,0.606309,0.626737,0.613208,0.663312,0.672391,0.669004,0.67254,0.712665
3.7736,1.82828,0.631595,0.6901,0.607514,0.62723,0.61324,0.66226,0.669088,0.668886,0.67143,0.712777
3.7738,1.82969,0.631329,0.685872,0.607721,0.627991,0.613034,0.661969,0.667646,0.668728,0.670178,0.713792
3.774,1.8317,0.632024,0.684155,0.607136,0.628447,0.612542,0.662704,0.668033,0.669375,0.670009,0.71544
3.7742,1.83337,0.632936,0.686431,0.606319,0.628481,0.61203,0.663978,0.668777,0.670351,0.670817,0.716978
3.7744,1.83392,0.633202,0.692217,0.605767,0.628157,0.611775,0.664992,0.668216,0.671607,0.672099,0.717766
3.7746,1.83335,0.632538,0.69784,0.605813,0.628453,0.611663,0.665194,0.666055,0.672999,0.673053,0.717569
3.7748,1.83232,0.631389,0.698826,0.606444,0.629677,0.611682,0.664617,0.663573,0.674229,0.672535,0.716868
3.775,1.83177,0.630872,0.694955,0.607328,0.631118,0.611824,0.663704,0.662496,0.674905,0.670935,0.716382
3.7752,1.83161,0.631314,0.689549,0.60842,0.631337,0.612055,0.662982,0.663579,0.675169,0.669551,0.716305
3.7754,1.83186,0.632559,0.686422,0.609081,0.630664,0.612488,0.6628,0.666031,0.675122,0.669217,0.716498
3.7756,1.83205,0.633715,0.68768,0.608957,0.629732,0.613141,0.662927,0.667763,0.674858,0.669823,0.716835
3.7758,1.83158,0.633678,0.691964,0.60869,0.628793,0.614039,0.662733,0.667201,0.67487,0.671057,0.716654
3.776,1.83084,0.632684,0.696088,0.608954,0.629222,0.615312,0.662021,0.665427,0.675209,0.672041,0.716168
3.7762,1.83054,0.631388,0.697777,0.609515,0.631189,0.616644,0.660912,0.664621,0.675588,0.671792,0.715921
3.7764,1.83017,0.630571,0.696428,0.609942,0.632917,0.61753,0.659429,0.665098,0.676607,0.670599,0.715771
3.7766,1.83021,0.630974,0.693867,0.609947,0.633234,0.618244,0.658222,0.666348,0.677412,0.669222,0.715741
3.7768,1.83036,0.632303,0.692411,0.610075,0.631761,0.618956,0.65747,0.668079,0.67771,0.668717,0.716043
3.777,1.83017,0.633791,0.693199,0.610558,0.629386,0.619345,0.656679,0.668938,0.677447,0.669638,0.71598
3.7772,1.82989,0.634188,0.696007,0.610835,0.627648,0.620025,0.655772,0.668396,0.677518,0.671268,0.715913
3.7774,1.82936,0.633752,0.698607,0.611137,0.6275,0.620962,0.654917,0.66722,0.677915,0.672274,0.715597
3.7776,1.82894,0.632823,0.699603,0.611975,0.628607,0.621488,0.653444,0.666825,0.678165,0.672401,0.715329
3.7778,1.82825,0.631732,0.700011,0.612931,0.630177,0.621998,0.651567,0.668313,0.6792,0.672222,0.714989
3.778,1.8269,0.631746,0.700159,0.613274,0.630781,0.622706,0.650268,0.671378,0.680389,0.672164,0.714117
3.7782,1.82585,0.632626,0.700323,0.613308,0.630118,0.623243,0.649902,0.674507,0.680978,0.672516,0.713276
3.7784,1.82526,0.633257,0.700577,0.613062,0.629157,0.623217,0.650325,0.676067,0.680523,0.6726,0.712842
3.7786,1.82543,0.633472,0.700893,0.612591,0.628392,0.623356,0.650275,0.675671,0.679795,0.672229,0.712913
3.7788,1.8258,0.633582,0.700773,0.612193,0.627897,0.624556,0.649387,0.674477,0.679414,0.671847,0.713377
3.779,1.82554,0.633758,0.700686,0.612484,0.627799,0.625803,0.648169,0.674043,0.679247,0.671305,0.713403
3.7792,1.82491,0.633559,0.701361,0.613591,0.62762,0.626162,0.647188,0.674293,0.679377,0.671206,0.713053
3.7794,1.82425,0.633697,0.702363,0.614435,0.626609,0.626081,0.646791,0.675512,0.680065,0.672609,0.712621
3.7796,1.82402,0.635023,0.702819,0.6146,0.624858,0.626373,0.646983,0.676617,0.680946,0.674432,0.712423
3.7798,1.82464,0.637344,0.702607,0.614382,0.623409,0.627041,0.64737,0.67623,0.681564,0.675521,0.712852
3.78,1.82574,0.639141,0.702097,0.614021,0.623055,0.627846,0.647497,0.67441,0.681986,0.675308,0.713774
3.7802,1.82666,0.638615,0.701751,0.614092,0.622725,0.628766,0.647352,0.671711,0.682314,0.673777,0.714657
3.7804,1.82722,0.635993,0.702363,0.614407,0.621397,0.62958,0.647118,0.671069,0.682371,0.672158,0.715254
3.7806,1.82755,0.632917,0.704194,0.61479,0.618908,0.630029,0.64691,0.672367,0.682466,0.671802,0.7156
3.7808,1.82784,0.631723,0.705253,0.615109,0.616025,0.630545,0.646828,0.672821,0.682551,0.673446,0.715918
3.781,1.82817,0.633347,0.704427,0.615002,0.614493,0.631813,0.646678,0.671572,0.682272,0.675682,0.716226
3.7812,1.82848,0.636385,0.702088,0.614569,0.614803,0.633781,0.646463,0.668997,0.681169,0.67705,0.71656
3.7814,1.82853,0.638842,0.699378,0.614284,0.61612,0.635407,0.646366,0.666428,0.679739,0.676841,0.716711
3.7816,1.82848,0.639228,0.697909,0.613974,0.616786,0.636258,0.646595,0.664901,0.678129,0.675292,0.716736
3.7818,1.82857,0.637357,0.698951,0.614032,0.616096,0.636198,0.64685,0.663932,0.677342,0.673553,0.716825
3.782,1.82898,0.635016,0.70089,0.614394,0.614338,0.635491,0.646931,0.66351,0.677866,0.673004,0.717128
3.7822,1.82979,0.634119,0.701588,0.615213,0.612584,0.63522,0.646787,0.663238,0.678535,0.673659,0.717756
3.7824,1.83067,0.635257,0.699573,0.615942,0.611743,0.635955,0.646525,0.662882,0.677712,0.675063,0.718502
3.7826,1.83137,0.637497,0.695878,0.615963,0.612043,0.637457,0.646359,0.662456,0.676065,0.676286,0.719125
3.7828,1.83186,0.639201,0.692243,0.615864,0.612965,0.638854,0.646529,0.661854,0.674303,0.67651,0.719585
3.783,1.83199,0.639272,0.690911,0.615978,0.613603,0.63926,0.647142,0.661277,0.6726,0.675376,0.719801
3.7832,1.83177,0.637884,0.691766,0.616189,0.613367,0.638586,0.648018,0.661191,0.670745,0.674443,0.719703
3.7834,1.83161,0.636173,0.692812,0.6163,0.612418,0.637726,0.648745,0.661899,0.669299,0.674473,0.719562
3.7836,1.83176,0.635315,0.692661,0.615926,0.611415,0.637275,0.648976,0.663301,0.668223,0.675214,0.719661
3.7838,1.83168,0.635589,0.69107,0.615154,0.611084,0.637619,0.648736,0.664884,0.667918,0.675753,0.71973
3.784,1.83106,0.636408,0.688798,0.614389,0.611704,0.637782,0.648306,0.665646,0.668017,0.675446,0.719334
3.7842,1.83021,0.637054,0.687182,0.613931,0.613184,0.637246,0.648226,0.665538,0.667262,0.674472,0.718766
3.7844,1.82888,0.636923,0.686438,0.614097,0.614367,0.636334,0.648453,0.665893,0.665345,0.673953,0.717814
3.7846,1.82796,0.636248,0.686504,0.615051,0.614715,0.635122,0.648982,0.667501,0.663063,0.674133,0.717016
3.7848,1.82774,0.635247,0.686872,0.616172,0.614196,0.634082,0.649077,0.670117,0.661352,0.675214,0.716742
3.785,1.8282,0.634074,0.686906,0.616964,0.613579,0.63328,0.649033,0.67192,0.660639,0.676925,0.717064
3.7852,1.82866,0.633156,0.686536,0.616765,0.613557,0.633247,0.648696,0.672747,0.660702,0.677712,0.717515
3.7854,1.82832,0.632638,0.686071,0.616007,0.614214,0.633223,0.648201,0.673668,0.66105,0.677412,0.717549
3.7856,1.82654,0.632422,0.685784,0.615725,0.615207,0.632373,0.647444,0.675876,0.661178,0.677018,0.716387
3.7858,1.82509,0.632267,0.685983,0.616246,0.616033,0.631015,0.64701,0.677903,0.660794,0.677153,0.715148
3.786,1.82426,0.632064,0.686523,0.617034,0.616354,0.629329,0.646754,0.679811,0.660107,0.677598,0.714483
3.7862,1.82384,0.631304,0.686776,0.617875,0.616022,0.627779,0.647063,0.681166,0.659711,0.677843,0.714125
3.7864,1.82364,0.63052,0.686754,0.618408,0.615461,0.626509,0.647661,0.681571,0.659812,0.67809,0.714068
3.7866,1.82268,0.630541,0.686984,0.618093,0.615145,0.625317,0.647839,0.682161,0.660215,0.67791,0.713568
3.7868,1.82118,0.630613,0.687423,0.617001,0.615123,0.624216,0.647697,0.682746,0.661081,0.677317,0.712534
3.787,1.81948,0.62983,0.687668,0.616048,0.61515,0.623159,0.647487,0.684622,0.66218,0.676822,0.711331
3.7872,1.81775,0.628558,0.687352,0.616054,0.615234,0.622099,0.647244,0.687333,0.662889,0.67649,0.710033
3.7874,1.81674,0.627541,0.686579,0.616803,0.614857,0.621163,0.646847,0.689657,0.662776,0.676243,0.709166
3.7876,1.8166,0.626889,0.685794,0.617602,0.614141,0.620416,0.646419,0.691212,0.66203,0.676122,0.709034
3.7878,1.81691,0.626406,0.685506,0.617953,0.613015,0.619812,0.646209,0.692236,0.661266,0.676562,0.709322
3.788,1.81738,0.625916,0.685998,0.617746,0.611894,0.619233,0.646399,0.693381,0.661067,0.676982,0.709804
3.7882,1.81748,0.625388,0.686909,0.617197,0.610766,0.618617,0.646993,0.694605,0.661752,0.676927,0.710102
3.7884,1.81701,0.625038,0.687564,0.61661,0.60995,0.617955,0.647759,0.695792,0.663087,0.676245,0.709926
3.7886,1.81632,0.625138,0.687604,0.616165,0.609749,0.617317,0.648435,0.697175,0.66436,0.675021,0.709532
3.7888,1.81555,0.625547,0.686999,0.616084,0.610014,0.61683,0.64881,0.698804,0.665064,0.674053,0.708998
3.789,1.81578,0.625779,0.686034,0.616428,0.609759,0.616481,0.648741,0.700723,0.665136,0.673443,0.708958
3.7892,1.8176,0.625656,0.685308,0.616781,0.60884,0.616361,0.648566,0.702833,0.664797,0.673164,0.710275
3.7894,1.81958,0.625041,0.685055,0.616825,0.607526,0.616539,0.649056,0.704064,0.664599,0.673044,0.711994
3.7896,1.8205,0.624117,0.685235,0.616582,0.606677,0.616486,0.650136,0.70454,0.665056,0.672965,0.713058
3.7898,1.81989,0.624039,0.685195,0.616118,0.606281,0.615824,0.651258,0.703986,0.665809,0.672631,0.712956
3.79,1.81803,0.625234,0.684728,0.615773,0.606734,0.614818,0.651749,0.703465,0.666107,0.672378,0.711708
3.7902,1.81641,0.626574,0.683838,0.61563,0.607808,0.614797,0.651403,0.705103,0.665888,0.672611,0.710399
3.7904,1.81632,0.626969,0.682684,0.615805,0.60853,0.615663,0.650517,0.708098,0.666411,0.673189,0.709984
3.7906,1.81882,0.626139,0.681745,0.615783,0.608266,0.616444,0.649735,0.709378,0.667357,0.673731,0.711587
3.7908,1.8223,0.624806,0.681571,0.615597,0.607561,0.616932,0.649722,0.709809,0.667884,0.673861,0.714372
3.791,1.82453,0.624055,0.681715,0.615938,0.607076,0.616887,0.650622,0.710054,0.667576,0.673554,0.71654
3.7912,1.8245,0.624558,0.6813,0.61699,0.607348,0.616285,0.651991,0.710138,0.667472,0.6731,0.716978
3.7914,1.82276,0.626035,0.680232,0.618121,0.608804,0.616199,0.653144,0.710603,0.668355,0.67273,0.715907
3.7916,1.82123,0.627367,0.679022,0.618335,0.610825,0.617074,0.65349,0.713184,0.67006,0.672447,0.714509
3.7918,1.82193,0.627746,0.678519,0.617633,0.612068,0.618379,0.652929,0.716675,0.671737,0.672185,0.71458
3.792,1.82511,0.627111,0.679226,0.616879,0.612204,0.619466,0.652026,0.718324,0.672665,0.671904,0.716719
3.7922,1.82897,0.625975,0.68027,0.616624,0.611698,0.619772,0.651491,0.718731,0.672515,0.671246,0.71981
3.7924,1.8312,0.625322,0.680954,0.61732,0.610798,0.619389,0.6516,0.718655,0.672066,0.670317,0.722022
3.7926,1.83066,0.625796,0.680673,0.618322,0.610294,0.619315,0.651932,0.718021,0.671883,0.669324,0.722086
3.7928,1.82863,0.627019,0.679366,0.618791,0.611042,0.620848,0.651707,0.717265,0.672417,0.668197,0.720604
3.793,1.82712,0.627682,0.677884,0.618512,0.61269,0.623536,0.650506,0.716599,0.672832,0.667991,0.719198
3.7932,1.82714,0.627564,0.677125,0.618249,0.614143,0.625925,0.648674,0.71581,0.67262,0.669572,0.718874
3.7934,1.82901,0.626512,0.677512,0.61827,0.615198,0.626929,0.646981,0.715969,0.672081,0.671023,0.719986
3.7936,1.83197,0.625545,0.678811,0.618655,0.616516,0.626431,0.646105,0.716555,0.671846,0.671133,0.722207
3.7938,1.83431,0.625463,0.68076,0.619133,0.617709,0.625259,0.646114,0.717798,0.672187,0.669629,0.724248
3.794,1.83503,0.626165,0.682567,0.619331,0.618333,0.624746,0.646152,0.719445,0.673484,0.667077,0.725079
3.7942,1.83473,0.626497,0.683364,0.619067,0.617685,0.625942,0.645327,0.718803,0.675594,0.664922,0.7249
3.7944,1.83465,0.626717,0.683146,0.618641,0.616092,0.628503,0.643567,0.716493,0.67759,0.665031,0.724683
3.7946,1.83515,0.626612,0.682735,0.618241,0.614879,0.630868,0.641777,0.714977,0.677848,0.667288,0.724921
3.7948,1.83584,0.626193,0.682864,0.618022,0.614992,0.631997,0.640634,0.716736,0.677003,0.669214,0.725403
3.795,1.83631,0.625351,0.683788,0.617735,0.61631,0.631714,0.640721,0.721371,0.67692,0.668778,0.725803
3.7952,1.83599,0.624289,0.685448,0.617302,0.617852,0.630257,0.641893,0.725365,0.677735,0.666024,0.725667
3.7954,1.83501,0.623312,0.687293,0.616729,0.619096,0.628847,0.64289,0.724852,0.678855,0.662676,0.724911
3.7956,1.83545,0.622741,0.688229,0.61615,0.619097,0.628852,0.642616,0.722786,0.679725,0.660907,0.724704
3.7958,1.83866,0.622824,0.687934,0.616262,0.617778,0.63041,0.641292,0.72195,0.679513,0.661224,0.726714
3.796,1.8426,0.623134,0.686969,0.616676,0.616107,0.632041,0.639947,0.723184,0.678607,0.662863,0.729794
3.7962,1.84449,0.623343,0.687064,0.616917,0.615999,0.632371,0.639412,0.724927,0.678415,0.664307,0.731744
3.7964,1.84331,0.623338,0.688763,0.616552,0.618377,0.631475,0.640051,0.725407,0.679332,0.66443,0.731257
3.7966,1.84079,0.623292,0.691084,0.615761,0.621872,0.630146,0.641506,0.72504,0.680711,0.663601,0.729242
3.7968,1.83901,0.623428,0.692437,0.614508,0.623482,0.62953,0.642945,0.724685,0.681839,0.662889,0.727523
3.797,1.83864,0.623788,0.692055,0.613175,0.622301,0.629767,0.643663,0.724552,0.682242,0.662759,0.726853
3.7972,1.84047,0.62421,0.690245,0.612209,0.619107,0.6298,0.643528,0.725084,0.681876,0.663457,0.72778
3.7974,1.84338,0.624561,0.688417,0.611885,0.61674,0.629452,0.643207,0.725893,0.681285,0.664548,0.729951
3.7976,1.84505,0.625057,0.687935,0.613035,0.617507,0.62875,0.643531,0.725543,0.681116,0.664947,0.73152
3.7978,1.84476,0.625489,0.688914,0.614537,0.620718,0.627577,0.644434,0.724628,0.681363,0.665218,0.731603
3.798,1.84262,0.62593,0.690182,0.614774,0.623885,0.626477,0.645188,0.723643,0.68127,0.666216,0.730062
3.7982,1.84046,0.6265,0.690762,0.613332,0.624561,0.626195,0.645393,0.723216,0.68015,0.667701,0.728171
3.7984,1.83956,0.626874,0.690391,0.611546,0.622611,0.626585,0.64505,0.723778,0.678204,0.668573,0.727068
3.7986,1.8404,0.626683,0.689743,0.610407,0.619511,0.626948,0.644546,0.724347,0.676907,0.668291,0.727378
3.7988,1.84226,0.626346,0.689145,0.610147,0.617279,0.626738,0.644496,0.72456,0.676382,0.667028,0.728594
3.799,1.84426,0.625865,0.68875,0.610603,0.617133,0.625928,0.645173,0.723023,0.676548,0.665705,0.730185
3.7992,1.84495,0.625819,0.688574,0.611333,0.618837,0.625002,0.646314,0.721082,0.676266,0.665461,0.730955
3.7994,1.84387,0.626391,0.688644,0.611702,0.620942,0.624539,0.647426,0.719973,0.675018,0.666631,0.730369
3.7996,1.8416,0.627313,0.688821,0.611431,0.621889,0.624735,0.648128,0.721385,0.673034,0.668496,0.728596
3.7998,1.83977,0.627694,0.688845,0.610948,0.621052,0.625356,0.648307,0.723593,0.671375,0.669895,0.72694
3.8,1.83923,0.627461,0.688833,0.610844,0.619463,0.625753,0.64812,0.72287,0.670425,0.669984,0.726164
3.8002,1.84011,0.626725,0.689141,0.611314,0.618623,0.625517,0.648034,0.720285,0.669471,0.668751,0.726568
3.8004,1.84137,0.626084,0.689483,0.611889,0.618686,0.62514,0.648456,0.718443,0.668347,0.6672,0.727545
3.8006,1.8419,0.625683,0.689456,0.6121,0.619387,0.625188,0.649118,0.717408,0.667033,0.666597,0.728081
3.8008,1.84123,0.625798,0.689307,0.611978,0.620094,0.625539,0.649606,0.717716,0.666095,0.667334,0.727739
3.801,1.83974,0.626651,0.689026,0.611668,0.620033,0.625911,0.649492,0.719472,0.665311,0.66855,0.726609
3.8012,1.83825,0.627629,0.688496,0.611468,0.619593,0.626023,0.648697,0.719709,0.664931,0.668968,0.725343
3.8014,1.83763,0.628098,0.688017,0.61175,0.619321,0.625794,0.647766,0.718456,0.664819,0.667766,0.724576
3.8016,1.83807,0.628177,0.687907,0.612379,0.619334,0.625385,0.64695,0.717359,0.664664,0.665568,0.724741
3.8018,1.83931,0.627966,0.688057,0.612949,0.619782,0.6252,0.646586,0.717532,0.664294,0.663518,0.725533
3.802,1.84081,0.627677,0.688109,0.613207,0.620148,0.625507,0.646561,0.717715,0.663877,0.662763,0.726724
3.8022,1.84139,0.627401,0.687855,0.613091,0.62056,0.626175,0.64692,0.71714,0.663658,0.663297,0.727367
3.8024,1.84065,0.627533,0.687446,0.61261,0.620634,0.626778,0.647187,0.715772,0.663756,0.664071,0.72696
3.8026,1.83923,0.627803,0.686981,0.611964,0.620161,0.626936,0.647155,0.714822,0.66422,0.664459,0.725901
3.8028,1.83774,0.628325,0.686461,0.611862,0.619272,0.626406,0.646264,0.714966,0.66489,0.663348,0.724638
3.803,1.83688,0.628829,0.686386,0.612441,0.618419,0.625468,0.645293,0.715885,0.665311,0.660984,0.723775
3.8032,1.83697,0.628798,0.686651,0.613178,0.618246,0.624746,0.644899,0.715914,0.665451,0.658953,0.72365
3.8034,1.83792,0.628655,0.686682,0.613299,0.618721,0.624763,0.644971,0.716052,0.665942,0.658275,0.724252
3.8036,1.83879,0.628477,0.685911,0.612398,0.61943,0.624987,0.64532,0.716345,0.666756,0.659079,0.725026
3.8038,1.83857,0.628314,0.684573,0.611053,0.619964,0.625201,0.645328,0.716613,0.667321,0.660387,0.725051
3.804,1.8379,0.628581,0.683153,0.609906,0.620118,0.624736,0.64519,0.716224,0.667323,0.660878,0.724475
3.8042,1.83776,0.629093,0.68181,0.609866,0.620021,0.623313,0.645239,0.715385,0.66689,0.660601,0.724236
3.8044,1.83795,0.629119,0.6809,0.611115,0.619884,0.621363,0.645401,0.714803,0.666393,0.659875,0.724323
3.8046,1.8383,0.628915,0.680097,0.612353,0.620041,0.619547,0.645706,0.715589,0.666304,0.659151,0.72455
3.8048,1.83855,0.62873,0.679132,0.612612,0.62045,0.618887,0.646175,0.716866,0.666926,0.658942,0.724793
3.805,1.83848,0.628946,0.67789,0.611728,0.620784,0.618956,0.646839,0.718536,0.66804,0.659333,0.724741
3.8052,1.83842,0.62977,0.676534,0.610117,0.620812,0.619325,0.647693,0.719774,0.669073,0.660044,0.724654
3.8054,1.83941,0.63083,0.675577,0.608552,0.620436,0.619002,0.64855,0.719386,0.669654,0.660584,0.725063
3.8056,1.84208,0.631714,0.675349,0.60761,0.619967,0.617449,0.649197,0.718078,0.669774,0.660621,0.726867
3.8058,1.84464,0.631944,0.675577,0.607516,0.620234,0.615223,0.649636,0.716212,0.66949,0.660564,0.729037
3.806,1.84534,0.631664,0.675163,0.607855,0.621131,0.613425,0.650296,0.716254,0.669328,0.660791,0.72994
3.8062,1.84374,0.630718,0.674978,0.608324,0.621908,0.612873,0.65133,0.718274,0.669882,0.661181,0.729059
3.8064,1.84053,0.629872,0.675683,0.608745,0.622282,0.613133,0.652267,0.719344,0.670913,0.661515,0.726688
3.8066,1.83818,0.629886,0.676941,0.608872,0.622032,0.613559,0.65276,0.718433,0.671615,0.661986,0.724404
3.8068,1.83866,0.630573,0.677544,0.60925,0.621647,0.613835,0.653227,0.716215,0.671349,0.662812,0.724203
3.807,1.84117,0.631479,0.677214,0.609812,0.622153,0.613577,0.654042,0.714353,0.670117,0.663812,0.725852
3.8072,1.84458,0.631817,0.676288,0.610101,0.623266,0.613042,0.655053,0.715043,0.668215,0.664735,0.728441
3.8074,1.84637,0.631619,0.675397,0.610063,0.624045,0.612662,0.655936,0.717433,0.666476,0.665523,0.730281
3.8076,1.84582,0.630754,0.675156,0.610071,0.624063,0.612559,0.656726,0.718147,0.665492,0.665755,0.730144
3.8078,1.84395,0.630362,0.675819,0.610309,0.623696,0.612888,0.657513,0.716593,0.665712,0.665298,0.728865
3.808,1.84155,0.630607,0.676853,0.610516,0.623203,0.614187,0.658039,0.714762,0.666595,0.664762,0.726852
3.8082,1.84063,0.63059,0.677449,0.610494,0.622797,0.615426,0.657902,0.714885,0.66714,0.664407,0.725715
3.8084,1.84193,0.631071,0.677502,0.610422,0.622614,0.615905,0.657605,0.715786,0.666657,0.664197,0.726297
3.8086,1.84468,0.631976,0.677628,0.610454,0.622803,0.616008,0.657359,0.716953,0.665207,0.664818,0.728242
3.8088,1.84735,0.632378,0.67821,0.610581,0.623117,0.616371,0.657209,0.717382,0.664391,0.666325,0.730423
3.809,1.84805,0.631943,0.678953,0.610944,0.623202,0.61749,0.657249,0.716009,0.664804,0.667506,0.731387
3.8092,1.84708,0.630852,0.679514,0.611502,0.623146,0.618846,0.657041,0.714093,0.665762,0.667426,0.730739
3.8094,1.84647,0.629958,0.67979,0.612155,0.622846,0.620111,0.656468,0.713968,0.666047,0.665794,0.729984
3.8096,1.84742,0.630035,0.679647,0.61281,0.622443,0.620716,0.65563,0.715244,0.666016,0.664526,0.730352
3.8098,1.84959,0.631484,0.679503,0.613304,0.622655,0.621566,0.655014,0.716228,0.666818,0.664211,0.731812
3.81,1.85155,0.633166,0.680112,0.613593,0.623568,0.623285,0.654396,0.716798,0.667982,0.664036,0.733466
3.8102,1.85167,0.633841,0.681416,0.613636,0.624692,0.625556,0.653181,0.716313,0.6688,0.663703,0.733817
3.8104,1.85086,0.633138,0.683,0.613699,0.625184,0.627374,0.651386,0.715162,0.669268,0.662583,0.733182
3.8106,1.84999,0.631713,0.684381,0.613713,0.624678,0.628137,0.649679,0.715347,0.66992,0.660986,0.732385
3.8108,1.84982,0.630686,0.684814,0.61427,0.623529,0.628388,0.648919,0.717386,0.670831,0.659753,0.731955
3.811,1.85081,0.630808,0.684222,0.61502,0.622853,0.629106,0.648668,0.719482,0.672137,0.659577,0.732447
3.8112,1.85246,0.631765,0.683607,0.615502,0.623545,0.630977,0.648368,0.718451,0.673304,0.65995,0.733617
3.8114,1.85374,0.633009,0.684683,0.615561,0.625132,0.633312,0.647655,0.714837,0.673884,0.660064,0.734643
3.8116,1.85391,0.633514,0.687804,0.615245,0.626519,0.63488,0.646171,0.711846,0.674029,0.659088,0.734948
3.8118,1.85279,0.633141,0.69068,0.614672,0.626607,0.635233,0.644395,0.712142,0.673524,0.657347,0.734179
3.812,1.85146,0.63233,0.691384,0.614187,0.625389,0.634762,0.643508,0.714166,0.673433,0.656104,0.732982
3.8122,1.85104,0.631589,0.68967,0.614276,0.623942,0.634443,0.643754,0.714645,0.675124,0.655546,0.73233
3.8124,1.85218,0.631315,0.686896,0.615482,0.623254,0.635101,0.644799,0.714229,0.677536,0.655387,0.732802
3.8126,1.8547,0.631685,0.685326,0.616653,0.624062,0.636502,0.645584,0.714438,0.678932,0.655333,0.734554
3.8128,1.85681,0.63253,0.686259,0.616861,0.62566,0.638191,0.645318,0.714206,0.678335,0.655168,0.736286
3.813,1.85777,0.633227,0.689003,0.616218,0.627216,0.639143,0.644245,0.714226,0.676713,0.654843,0.737168
3.8132,1.85752,0.633856,0.691626,0.615137,0.627425,0.639347,0.643294,0.714957,0.675809,0.654452,0.737064
3.8134,1.85654,0.634466,0.692871,0.614079,0.626534,0.639108,0.643066,0.715345,0.676137,0.654134,0.73628
3.8136,1.85529,0.634706,0.692272,0.613621,0.625113,0.638831,0.643657,0.716431,0.67731,0.65404,0.735251
3.8138,1.85409,0.634178,0.690445,0.613854,0.624516,0.638667,0.644384,0.71617,0.678572,0.654252,0.73415
3.814,1.85344,0.633564,0.688806,0.614495,0.625279,0.639128,0.644586,0.714892,0.67891,0.655197,0.733415
3.8142,1.85342,0.633023,0.688294,0.615193,0.626872,0.639826,0.644476,0.714891,0.678038,0.656319,0.733225
3.8144,1.85382,0.632299,0.689104,0.61553,0.628311,0.640389,0.644481,0.715167,0.677173,0.657394,0.733386
3.8146,1.85439,0.631441,0.690212,0.615234,0.628932,0.640295,0.6446,0.714687,0.677755,0.657659,0.733762
3.8148,1.85461,0.6307,0.690574,0.614281,0.629251,0.639691,0.644689,0.713846,0.679151,0.657039,0.73396
3.815,1.85421,0.630028,0.689548,0.613409,0.629102,0.639464,0.644564,0.712496,0.680175,0.655948,0.73368
3.8152,1.8535,0.629134,0.68813,0.613046,0.62882,0.639761,0.644152,0.711688,0.680016,0.655547,0.733071
3.8154,1.85282,0.628119,0.687292,0.613008,0.628249,0.640438,0.64363,0.712331,0.678938,0.656295,0.732451
3.8156,1.85245,0.62759,0.687219,0.613194,0.627418,0.640696,0.643406,0.713192,0.677688,0.657352,0.732008
3.8158,1.85255,0.62767,0.687389,0.613588,0.626829,0.640393,0.643843,0.713218,0.67754,0.658377,0.731964
3.816,1.85256,0.628189,0.687429,0.613849,0.626968,0.639899,0.644812,0.713452,0.678743,0.658889,0.731967
3.8162,1.85231,0.628825,0.686616,0.613544,0.627669,0.63936,0.645852,0.713557,0.680221,0.659393,0.731752
3.8164,1.85193,0.629175,0.684896,0.613094,0.628222,0.639003,0.646584,0.713851,0.68089,0.659943,0.731437
3.8166,1.85157,0.629116,0.682756,0.613013,0.627989,0.638986,0.646822,0.71416,0.680411,0.659992,0.73103
3.8168,1.85182,0.628908,0.681188,0.612992,0.62684,0.638903,0.646637,0.71455,0.679128,0.659556,0.731094
3.817,1.85225,0.628711,0.680343,0.612989,0.625154,0.638997,0.646401,0.713922,0.677921,0.659699,0.731367
3.8172,1.85222,0.628476,0.680494,0.6131,0.624056,0.639156,0.646468,0.71373,0.677592,0.660513,0.731461
3.8174,1.85123,0.628682,0.68119,0.613111,0.624002,0.639116,0.646883,0.713192,0.678207,0.661561,0.73081
3.8176,1.84949,0.629621,0.681277,0.612886,0.624509,0.638891,0.647444,0.712135,0.678711,0.662646,0.729529
3.8178,1.84788,0.630786,0.68026,0.612463,0.624513,0.638733,0.647468,0.711449,0.678675,0.663227,0.728115
3.818,1.8476,0.631392,0.678809,0.61208,0.623089,0.638304,0.646731,0.711186,0.677467,0.663032,0.727549
3.8182,1.84859,0.63113,0.677662,0.611971,0.620728,0.637788,0.645601,0.711212,0.67525,0.662485,0.72816
3.8184,1.84985,0.630237,0.677048,0.612221,0.618432,0.637287,0.644739,0.711109,0.673141,0.662368,0.729182
3.8186,1.84977,0.62934,0.677027,0.612723,0.617147,0.637166,0.645605,0.711137,0.672003,0.663062,0.729437
3.8188,1.84812,0.629333,0.677437,0.613203,0.616664,0.63727,0.64733,0.710953,0.672048,0.664224,0.728374
3.819,1.84584,0.630493,0.677848,0.61341,0.616743,0.637553,0.64792,0.710775,0.672007,0.66535,0.726592
3.8192,1.84443,0.632023,0.677984,0.613288,0.616694,0.637603,0.646977,0.711052,0.670988,0.665859,0.725238
3.8194,1.84439,0.632902,0.678077,0.613449,0.616465,0.637413,0.644884,0.711914,0.668931,0.665819,0.724986
3.8196,1.84508,0.632752,0.678201,0.614021,0.616184,0.636967,0.643049,0.712807,0.667087,0.665821,0.725434
3.8198,1.84596,0.63184,0.678307,0.614953,0.616316,0.636245,0.642401,0.712284,0.665854,0.666358,0.726177
3.82,1.8462,0.630766,0.678278,0.615589,0.617041,0.63589,0.642832,0.712002,0.665872,0.667489,0.726514
3.8202,1.84566,0.630459,0.677997,0.615556,0.617651,0.635906,0.643504,0.712582,0.666414,0.668677,0.726225
3.8204,1.84477,0.631284,0.677362,0.614933,0.617615,0.63589,0.643619,0.712737,0.666147,0.669071,0.725578
3.8206,1.84381,0.632484,0.67665,0.614164,0.617308,0.635593,0.643153,0.712306,0.664968,0.668765,0.724826
3.8208,1.84312,0.632779,0.676355,0.613945,0.617201,0.635442,0.64259,0.711608,0.663426,0.668162,0.724225
3.821,1.84292,0.631479,0.67675,0.614294,0.617502,0.635302,0.642181,0.710502,0.662018,0.668237,0.723999
3.8212,1.84307,0.629393,0.677494,0.615398,0.617588,0.635312,0.642122,0.710168,0.661123,0.668919,0.724086
3.8214,1.84342,0.628136,0.677998,0.616453,0.617839,0.635463,0.642454,0.711008,0.660857,0.669869,0.724353
3.8216,1.84364,0.628051,0.677991,0.61636,0.617935,0.635484,0.643063,0.713104,0.661056,0.670361,0.72461
3.8218,1.84387,0.629255,0.677655,0.615499,0.618153,0.635448,0.643725,0.716024,0.661424,0.669992,0.724761
3.822,1.84408,0.630281,0.677341,0.614618,0.618756,0.635421,0.644239,0.717041,0.661713,0.668979,0.724982
3.8222,1.84413,0.630336,0.677243,0.61447,0.619186,0.63533,0.644503,0.715397,0.661802,0.668596,0.725064
3.8224,1.84435,0.629351,0.677433,0.614935,0.619331,0.635653,0.644526,0.712991,0.661659,0.668829,0.725171
3.8226,1.84471,0.627824,0.678081,0.615827,0.619018,0.636421,0.644662,0.711261,0.661314,0.669289,0.725488
3.8228,1.84476,0.626207,0.680344,0.616369,0.618414,0.636629,0.64493,0.713274,0.661165,0.669535,0.725611
3.823,1.84437,0.625189,0.682839,0.616283,0.617925,0.63591,0.645305,0.717069,0.661816,0.668992,0.725403
3.8232,1.84409,0.624898,0.683327,0.615892,0.617757,0.634917,0.646117,0.717863,0.663357,0.66788,0.725135
3.8234,1.84421,0.62514,0.681356,0.616255,0.618338,0.633916,0.646973,0.716028,0.665128,0.666983,0.725137
3.8236,1.84502,0.625651,0.677823,0.617199,0.619981,0.633189,0.647682,0.713782,0.665948,0.66696,0.725682
3.8238,1.84586,0.626973,0.67477,0.617872,0.6216,0.633255,0.647991,0.712735,0.665835,0.667524,0.726373
3.824,1.84657,0.628296,0.673825,0.617731,0.621891,0.634216,0.648033,0.712399,0.66566,0.668122,0.726967
3.8242,1.84688,0.628696,0.675355,0.616925,0.620896,0.635263,0.648153,0.713215,0.666114,0.668116,0.727303
3.8244,1.84665,0.627993,0.678378,0.61618,0.619699,0.635457,0.648579,0.714816,0.667352,0.667324,0.727209
3.8246,1.84634,0.627093,0.680395,0.615999,0.619625,0.634777,0.649349,0.716374,0.669079,0.666192,0.726904
3.8248,1.84716,0.626862,0.680086,0.616813,0.62098,0.633537,0.650142,0.715981,0.670385,0.665596,0.727225
3.825,1.84971,0.627179,0.67783,0.618302,0.622487,0.633132,0.650493,0.714252,0.670578,0.666134,0.728961
3.8252,1.85233,0.627577,0.675969,0.619577,0.622945,0.633839,0.650699,0.712981,0.670163,0.667087,0.73111
3.8254,1.8531,0.627679,0.676144,0.620159,0.622208,0.635045,0.650849,0.713506,0.669738,0.667786,0.732173
3.8256,1.85102,0.627371,0.67775,0.619732,0.620773,0.635751,0.650804,0.714793,0.669507,0.667737,0.731008
3.8258,1.84728,0.62701,0.679527,0.619265,0.619887,0.635457,0.650806,0.715814,0.669424,0.66731,0.728209
3.826,1.84397,0.627092,0.680894,0.619232,0.620452,0.63459,0.650729,0.715631,0.669868,0.66671,0.725386
3.8262,1.84321,0.627616,0.681345,0.61938,0.621781,0.633968,0.650527,0.714264,0.67042,0.666557,0.724058
3.8264,1.84702,0.628092,0.680798,0.619188,0.621982,0.634301,0.650007,0.713465,0.670157,0.666807,0.726243
3.8266,1.8528,0.628076,0.680357,0.618796,0.621091,0.635534,0.649326,0.713999,0.669093,0.667524,0.730691
3.8268,1.85671,0.627547,0.680708,0.618329,0.620221,0.636946,0.648664,0.714662,0.667887,0.668189,0.734311
3.827,1.85643,0.626969,0.682206,0.617936,0.619401,0.637833,0.648268,0.715275,0.667409,0.668362,0.734889
3.8272,1.85228,0.626936,0.684644,0.617688,0.618857,0.638004,0.648363,0.71594,0.667398,0.668055,0.732188
3.8274,1.84757,0.627696,0.687252,0.617702,0.618799,0.6377,0.648573,0.715463,0.66744,0.667592,0.728203
3.8276,1.8459,0.628879,0.688954,0.618554,0.618387,0.637728,0.648125,0.715153,0.667573,0.667244,0.726152
3.8278,1.84804,0.629709,0.688836,0.619713,0.618365,0.638706,0.646708,0.715448,0.66779,0.667896,0.727152
3.828,1.8526,0.629586,0.687249,0.620305,0.619581,0.640076,0.645006,0.715132,0.667492,0.669396,0.73039
3.8282,1.85669,0.628672,0.685868,0.619945,0.620742,0.640827,0.643909,0.71449,0.666223,0.670762,0.733944
3.8284,1.85777,0.627732,0.685797,0.618975,0.621037,0.640387,0.643646,0.714498,0.664902,0.671721,0.73532
3.8286,1.85648,0.627777,0.686992,0.618086,0.620174,0.639142,0.64396,0.714256,0.664113,0.671604,0.734572
3.8288,1.85446,0.628894,0.688018,0.618022,0.618558,0.637676,0.644201,0.714518,0.663737,0.670968,0.732944
3.829,1.85313,0.629906,0.68862,0.618753,0.617405,0.63659,0.643783,0.71591,0.663412,0.670785,0.73163
3.8292,1.85293,0.629417,0.689709,0.619508,0.617664,0.63655,0.642806,0.717885,0.662897,0.671034,0.73123
3.8294,1.85381,0.627352,0.690827,0.61994,0.618757,0.637165,0.64178,0.718057,0.662203,0.672088,0.73169
3.8296,1.85481,0.625999,0.691722,0.620053,0.619737,0.637675,0.641369,0.716931,0.661584,0.673148,0.732473
3.8298,1.85547,0.626449,0.692048,0.61995,0.619988,0.637301,0.641848,0.716837,0.661293,0.673839,0.733036
3.83,1.85505,0.627732,0.692273,0.61949,0.619637,0.635764,0.64296,0.718255,0.661393,0.674309,0.732931
3.8302,1.85376,0.628832,0.693279,0.618952,0.619251,0.63385,0.644207,0.71987,0.661742,0.674175,0.731887
3.8304,1.85342,0.628649,0.694753,0.618578,0.61924,0.632531,0.645055,0.720242,0.662164,0.673173,0.73135
3.8306,1.85374,0.626694,0.695822,0.61842,0.61957,0.633263,0.645145,0.719099,0.662389,0.672481,0.731503
3.8308,1.85417,0.624359,0.69612,0.618418,0.619911,0.635469,0.644497,0.717611,0.662366,0.672717,0.731778
3.831,1.85421,0.623103,0.695501,0.618358,0.619913,0.636595,0.64419,0.716938,0.662232,0.67365,0.731925
3.8312,1.85336,0.622949,0.694277,0.61798,0.619857,0.635434,0.644927,0.718799,0.662308,0.67428,0.731382
3.8314,1.8519,0.623419,0.693589,0.617537,0.62032,0.632522,0.646624,0.721046,0.662701,0.673573,0.730284
3.8316,1.85048,0.62361,0.693798,0.617346,0.621366,0.629614,0.648453,0.720517,0.663087,0.671865,0.729089
3.8318,1.84966,0.623007,0.694664,0.617402,0.622231,0.628102,0.649411,0.717846,0.663167,0.670438,0.728291
3.832,1.84953,0.621942,0.695981,0.617473,0.622265,0.628299,0.649135,0.716508,0.662906,0.669877,0.72807
3.8322,1.84979,0.621249,0.696789,0.617332,0.621585,0.629535,0.648548,0.717604,0.662642,0.669473,0.728227
3.8324,1.84994,0.621229,0.696979,0.61697,0.620657,0.630641,0.648778,0.719836,0.66287,0.669041,0.728407
3.8326,1.84932,0.621634,0.696484,0.61657,0.620276,0.630793,0.650251,0.720468,0.663694,0.668178,0.728079
3.8328,1.84843,0.622023,0.695849,0.616352,0.620952,0.629932,0.652502,0.719966,0.66472,0.667078,0.727369
3.833,1.84771,0.622101,0.695742,0.616473,0.622187,0.628581,0.654465,0.718463,0.665508,0.665967,0.726773
3.8332,1.84722,0.621896,0.696114,0.616606,0.623014,0.627623,0.655383,0.717437,0.665978,0.664904,0.726348
3.8334,1.84719,0.621645,0.697091,0.616795,0.622795,0.627491,0.655343,0.717283,0.666291,0.664237,0.72627
3.8336,1.84674,0.621579,0.697816,0.616796,0.621524,0.627991,0.654575,0.71803,0.666492,0.66406,0.726075
3.8338,1.84561,0.621668,0.697603,0.616287,0.61984,0.6289,0.653797,0.718571,0.666683,0.664027,0.725302
3.834,1.84472,0.6219,0.696663,0.615701,0.618748,0.629702,0.653317,0.717532,0.666973,0.663931,0.724533
3.8342,1.84437,0.622644,0.695238,0.615306,0.618644,0.629916,0.653928,0.715409,0.667201,0.663364,0.724153
3.8344,1.84501,0.623795,0.693836,0.615576,0.618837,0.629371,0.655455,0.713924,0.667032,0.662967,0.724536
3.8346,1.84551,0.624676,0.69299,0.616061,0.618399,0.628376,0.656541,0.714194,0.666332,0.663223,0.725053
3.8348,1.84515,0.624802,0.693007,0.616534,0.617191,0.627549,0.656361,0.715977,0.665479,0.663884,0.724998
3.835,1.84398,0.624223,0.693725,0.616465,0.615736,0.627391,0.654607,0.717477,0.664566,0.664863,0.724213
3.8352,1.8424,0.623536,0.694501,0.616004,0.614245,0.628001,0.65257,0.71605,0.664315,0.665746,0.723085
3.8354,1.84089,0.623453,0.694671,0.615961,0.613037,0.628939,0.651046,0.713304,0.664332,0.66612,0.721862
3.8356,1.84033,0.624218,0.694075,0.616413,0.611994,0.629632,0.650782,0.712302,0.664216,0.665974,0.72126
3.8358,1.84066,0.625442,0.693078,0.616671,0.610977,0.629666,0.651427,0.714456,0.663785,0.665973,0.721457
3.836,1.84121,0.626461,0.692094,0.616617,0.609766,0.629119,0.652678,0.717055,0.663166,0.66672,0.721963
3.8362,1.84115,0.62684,0.691911,0.616699,0.608603,0.628317,0.653481,0.718163,0.662362,0.66777,0.722134
3.8364,1.8401,0.626507,0.692524,0.617491,0.607505,0.627635,0.652835,0.717038,0.662008,0.668322,0.721547
3.8366,1.83843,0.625761,0.69333,0.618604,0.606702,0.627445,0.650779,0.71501,0.661781,0.668402,0.720381
3.8368,1.8369,0.625333,0.69365,0.619494,0.606135,0.627894,0.648427,0.713927,0.661103,0.668244,0.719162
3.837,1.83622,0.625863,0.692852,0.619613,0.605619,0.628593,0.646954,0.715619,0.660366,0.668235,0.718475
3.8372,1.83676,0.626958,0.691578,0.619212,0.605091,0.629336,0.646978,0.71787,0.660092,0.668589,0.718814
3.8374,1.83739,0.627595,0.690189,0.618425,0.604621,0.629347,0.648136,0.718368,0.660095,0.669559,0.719424
3.8376,1.83766,0.627368,0.689557,0.618186,0.604344,0.628407,0.649291,0.717034,0.660256,0.670844,0.719808
3.8378,1.83704,0.626582,0.689947,0.618689,0.604293,0.626767,0.649641,0.714922,0.659948,0.671595,0.719607
3.838,1.8358,0.625841,0.690622,0.619079,0.604376,0.625014,0.649197,0.714541,0.659368,0.671698,0.718729
3.8382,1.83513,0.625359,0.691492,0.619326,0.604502,0.623749,0.648476,0.717387,0.65895,0.670869,0.718149
3.8384,1.83484,0.625639,0.692118,0.619462,0.604592,0.623455,0.648094,0.720476,0.658966,0.669816,0.71792
3.8386,1.83547,0.626283,0.691754,0.619766,0.604689,0.623368,0.648525,0.720968,0.659446,0.669451,0.718299
3.8388,1.83662,0.626546,0.690625,0.62004,0.604792,0.623124,0.649736,0.719002,0.660168,0.669737,0.719259
3.839,1.83746,0.625609,0.689308,0.619735,0.604831,0.622593,0.650839,0.715726,0.660752,0.67017,0.720099
3.8392,1.83758,0.623979,0.68841,0.619347,0.604754,0.621925,0.651516,0.713631,0.661118,0.670571,0.720382
3.8394,1.83715,0.6227,0.688304,0.61927,0.604668,0.621,0.652194,0.715442,0.662513,0.671305,0.720209
3.8396,1.83641,0.622402,0.688706,0.619384,0.605008,0.619778,0.652734,0.718524,0.664445,0.67186,0.719662
3.8398,1.8367,0.622891,0.689246,0.619543,0.605816,0.618703,0.6529,0.718776,0.666118,0.671446,0.719683
3.84,1.83812,0.623915,0.6892,0.619868,0.60668,0.618181,0.652667,0.716671,0.666476,0.67063,0.720734
3.8402,1.83929,0.62439,0.688334,0.620017,0.607242,0.618192,0.652233,0.714064,0.665301,0.670499,0.721806
3.8404,1.8395,0.623354,0.687449,0.620199,0.607053,0.618369,0.651817,0.712924,0.664237,0.671147,0.722265
3.8406,1.83848,0.621518,0.687088,0.620297,0.606268,0.618321,0.65177,0.714422,0.664801,0.671996,0.721682
3.8408,1.83722,0.620314,0.687503,0.620291,0.605694,0.617956,0.652387,0.716575,0.666438,0.672446,0.720716
3.841,1.83664,0.620456,0.688454,0.619951,0.605943,0.617489,0.653442,0.716678,0.668407,0.672325,0.720081
3.8412,1.83756,0.621651,0.689015,0.619505,0.606998,0.61749,0.654338,0.715441,0.670288,0.671793,0.720568
3.8414,1.83936,0.622947,0.688765,0.619301,0.608695,0.618308,0.654625,0.714662,0.671143,0.671403,0.721981
3.8416,1.84069,0.623821,0.687721,0.619235,0.60984,0.619388,0.654183,0.714895,0.670934,0.671207,0.723182
3.8418,1.84098,0.624529,0.686658,0.619227,0.6095,0.62043,0.653275,0.715036,0.670587,0.671351,0.723676
3.842,1.84036,0.624688,0.686168,0.619275,0.608076,0.621044,0.652543,0.714157,0.670294,0.671557,0.723326
3.8422,1.8394,0.624293,0.686553,0.619209,0.606812,0.621034,0.652562,0.714537,0.670217,0.671553,0.722631
3.8424,1.83897,0.623783,0.687518,0.618772,0.606715,0.620536,0.653267,0.715993,0.671025,0.671437,0.722136
3.8426,1.83974,0.623788,0.688,0.618321,0.607331,0.620032,0.653862,0.715744,0.671975,0.670965,0.722529
3.8428,1.84117,0.624268,0.687372,0.618713,0.608153,0.620042,0.653894,0.713178,0.67235,0.670605,0.723614
3.843,1.84244,0.624879,0.686267,0.619474,0.609965,0.620538,0.653204,0.710874,0.67271,0.670766,0.724731
3.8432,1.84285,0.625795,0.686164,0.620144,0.612041,0.621588,0.651771,0.711176,0.673306,0.671662,0.725246
3.8434,1.8421,0.626565,0.687511,0.620265,0.61273,0.622457,0.650254,0.713141,0.673265,0.67294,0.72488
3.8436,1.84116,0.62741,0.689356,0.619788,0.612226,0.62335,0.64915,0.714998,0.672938,0.674255,0.724074
3.8438,1.84096,0.627837,0.691021,0.619506,0.611374,0.624402,0.64915,0.716782,0.67253,0.674896,0.723761
3.844,1.84151,0.627749,0.69136,0.619604,0.610955,0.625246,0.650244,0.718165,0.672826,0.674395,0.724048
3.8442,1.84309,0.627334,0.691011,0.619824,0.611127,0.62528,0.650591,0.716738,0.673423,0.673099,0.725123
3.8444,1.84449,0.627039,0.690731,0.620131,0.611855,0.62535,0.649347,0.714606,0.674135,0.672138,0.726399
3.8446,1.84419,0.627333,0.690681,0.620228,0.613045,0.625692,0.647259,0.713983,0.674434,0.67212,0.726479
3.8448,1.84286,0.628555,0.691134,0.619879,0.614823,0.626215,0.645605,0.715526,0.674411,0.672692,0.725577
3.845,1.84112,0.630332,0.69167,0.619157,0.616024,0.627143,0.644877,0.716963,0.674128,0.673823,0.724244
3.8452,1.83992,0.631294,0.691945,0.618346,0.615779,0.628666,0.644604,0.717612,0.673604,0.675162,0.72314
3.8454,1.84037,0.630833,0.691751,0.617711,0.614429,0.629989,0.644262,0.717937,0.673783,0.675747,0.72313
3.8456,1.84179,0.629683,0.691464,0.617554,0.613331,0.63085,0.643928,0.717111,0.675173,0.675289,0.724235
3.8458,1.84297,0.629086,0.691239,0.618247,0.613724,0.631,0.643603,0.714645,0.676257,0.674511,0.725211
3.846,1.8433,0.629626,0.691308,0.619575,0.615558,0.630477,0.643243,0.71204,0.67705,0.674144,0.725754
3.8462,1.84224,0.630914,0.69124,0.620519,0.61761,0.630181,0.642795,0.711454,0.677232,0.674138,0.725117
3.8464,1.84137,0.632291,0.690996,0.620869,0.618333,0.631388,0.642358,0.712527,0.677034,0.674754,0.724248
3.8466,1.84179,0.632844,0.691013,0.620349,0.617793,0.633786,0.642122,0.714205,0.676586,0.675908,0.724363
3.8468,1.84262,0.632312,0.692013,0.619374,0.616959,0.635437,0.642183,0.714512,0.676535,0.676517,0.725035
3.847,1.84333,0.631301,0.693686,0.618253,0.615981,0.635816,0.642587,0.712785,0.676832,0.675923,0.725624
3.8472,1.84314,0.630723,0.694778,0.617439,0.615408,0.635183,0.643119,0.710703,0.677414,0.674709,0.725724
3.8474,1.84164,0.631085,0.694657,0.617704,0.616691,0.633769,0.643495,0.709358,0.679128,0.673333,0.724772
3.8476,1.83995,0.632663,0.694089,0.618323,0.619334,0.632751,0.643848,0.709879,0.680295,0.672654,0.723381
3.8478,1.83908,0.634471,0.693778,0.618548,0.621355,0.63332,0.644206,0.710938,0.679725,0.672882,0.722529
3.848,1.8392,0.634943,0.693798,0.618329,0.621477,0.634885,0.644737,0.710732,0.678438,0.67317,0.722449
3.8482,1.84012,0.633727,0.6938,0.617997,0.619553,0.636255,0.645074,0.708801,0.677472,0.672375,0.723103
3.8484,1.8408,0.631945,0.693526,0.617296,0.61735,0.636266,0.645147,0.70605,0.677171,0.670203,0.723774
3.8486,1.84076,0.630886,0.693166,0.616662,0.616377,0.635186,0.645183,0.704764,0.678154,0.667499,0.723899
3.8488,1.84023,0.631056,0.693039,0.616451,0.616899,0.634306,0.645758,0.704944,0.679344,0.66527,0.723552
3.849,1.83981,0.63238,0.693262,0.616758,0.618496,0.634498,0.646501,0.705761,0.679497,0.664593,0.72319
3.8492,1.83941,0.633677,0.693648,0.617323,0.619779,0.635241,0.647363,0.705968,0.678725,0.665157,0.722934
3.8494,1.83881,0.633932,0.693919,0.617491,0.619989,0.635876,0.648195,0.706465,0.678008,0.665623,0.722484
3.8496,1.83853,0.633103,0.69397,0.617433,0.618938,0.635808,0.648761,0.706693,0.67817,0.665176,0.722245
3.8498,1.83798,0.632076,0.69367,0.617513,0.617917,0.634931,0.648846,0.706821,0.678894,0.663244,0.721952
3.85,1.83713,0.631672,0.693036,0.617538,0.617512,0.633813,0.649097,0.706195,0.679864,0.66024,0.72127
3.8502,1.83735,0.63215,0.692556,0.617633,0.617624,0.633022,0.649487,0.705533,0.681037,0.657767,0.721273
3.8504,1.83785,0.633057,0.692305,0.617671,0.61845,0.633189,0.650077,0.705173,0.682223,0.656605,0.721682
3.8506,1.83875,0.633427,0.691986,0.617744,0.619185,0.633866,0.650768,0.704467,0.682678,0.656868,0.722349
3.8508,1.8393,0.632866,0.691105,0.617911,0.619451,0.634843,0.65138,0.703509,0.682088,0.658039,0.722976
3.851,1.83845,0.632147,0.68962,0.617835,0.619262,0.635278,0.651847,0.701631,0.681018,0.658593,0.722567
3.8512,1.8377,0.631716,0.688007,0.617657,0.618739,0.634824,0.652414,0.700708,0.680339,0.657601,0.721888
3.8514,1.83715,0.6315,0.686788,0.617162,0.61858,0.633563,0.652903,0.701729,0.68068,0.655729,0.721479
3.8516,1.83742,0.63137,0.686229,0.616571,0.618593,0.632129,0.653383,0.702868,0.682047,0.654198,0.721473
3.8518,1.83849,0.630802,0.686441,0.616227,0.618985,0.631601,0.653745,0.702616,0.683046,0.653561,0.722287
3.852,1.83937,0.6305,0.686349,0.616817,0.619105,0.632039,0.654596,0.700852,0.682931,0.653856,0.723078
3.8522,1.83985,0.630625,0.685663,0.618201,0.61929,0.633203,0.655364,0.699205,0.68191,0.654794,0.723551
3.8524,1.83945,0.630906,0.684793,0.619223,0.620028,0.63398,0.654789,0.698602,0.681462,0.655563,0.723485
3.8526,1.83771,0.631035,0.683693,0.619228,0.62104,0.633775,0.654003,0.699062,0.682135,0.655456,0.722344
3.8528,1.8361,0.630765,0.682352,0.618293,0.621338,0.632782,0.654353,0.700056,0.68282,0.654739,0.720963
3.853,1.8355,0.629364,0.680808,0.617263,0.620868,0.631888,0.655778,0.700567,0.68262,0.654391,0.720325
3.8532,1.83579,0.627547,0.67934,0.617048,0.619911,0.631647,0.657187,0.699946,0.681741,0.654718,0.720435
3.8534,1.83652,0.625824,0.678038,0.617676,0.619254,0.631984,0.657556,0.70047,0.680869,0.655288,0.72105
3.8536,1.8367,0.62535,0.676954,0.618739,0.61918,0.63237,0.657067,0.7014,0.680515,0.655727,0.721356
3.8538,1.8364,0.626513,0.676136,0.619554,0.619655,0.632421,0.656213,0.70153,0.681275,0.655801,0.721225
3.854,1.83564,0.627971,0.675394,0.619642,0.620591,0.631881,0.656108,0.701778,0.682103,0.655934,0.720729
3.8542,1.83505,0.628182,0.674714,0.619193,0.621365,0.631098,0.656744,0.702372,0.681932,0.656597,0.720226
3.8544,1.83469,0.627011,0.674186,0.618601,0.621521,0.631022,0.657722,0.702213,0.680993,0.657888,0.719968
3.8546,1.83439,0.625303,0.673758,0.618206,0.620829,0.631275,0.658214,0.702482,0.680489,0.658984,0.719751
3.8548,1.83432,0.624036,0.673434,0.618276,0.619685,0.631311,0.658402,0.704117,0.680434,0.659162,0.719704
3.855,1.83412,0.623855,0.673176,0.618739,0.618678,0.631113,0.657854,0.70531,0.68117,0.658296,0.719664
3.8552,1.83351,0.624666,0.67293,0.619546,0.618992,0.630388,0.656982,0.705194,0.682433,0.6571,0.719285
3.8554,1.83301,0.62571,0.672793,0.620237,0.620154,0.629711,0.656586,0.704311,0.683016,0.656455,0.718885
3.8556,1.83278,0.626222,0.672576,0.620319,0.621089,0.629192,0.656574,0.703736,0.68226,0.656601,0.718704
3.8558,1.83285,0.626005,0.672359,0.619681,0.620934,0.629211,0.656719,0.704596,0.680678,0.657538,0.718747
3.856,1.83296,0.625356,0.672567,0.618685,0.619625,0.629641,0.657319,0.705412,0.679344,0.65899,0.718936
3.8562,1.83224,0.624776,0.673194,0.617822,0.617899,0.629756,0.657821,0.704299,0.679111,0.659787,0.718617
3.8564,1.8312,0.624726,0.673635,0.617975,0.61685,0.629444,0.657564,0.703217,0.680095,0.659302,0.717811
3.8566,1.83047,0.625128,0.673456,0.618693,0.616911,0.628719,0.657186,0.703771,0.681242,0.657529,0.717257
3.8568,1.83042,0.625687,0.672629,0.619487,0.617615,0.628451,0.657321,0.704709,0.68176,0.655308,0.717085
3.857,1.8316,0.626403,0.671737,0.620095,0.61842,0.628775,0.657488,0.705465,0.681462,0.653993,0.717819
3.8572,1.83347,0.62712,0.671422,0.620232,0.619033,0.629157,0.657723,0.705375,0.681212,0.653884,0.719294
3.8574,1.83474,0.627737,0.671873,0.620045,0.619248,0.629415,0.658201,0.70423,0.682158,0.654339,0.720545
3.8576,1.83495,0.628363,0.672959,0.619442,0.619012,0.629466,0.658729,0.703537,0.68444,0.654681,0.720925
3.8578,1.83421,0.628802,0.67407,0.618877,0.618536,0.629103,0.659442,0.703883,0.687075,0.654191,0.720554
3.858,1.8333,0.629066,0.674599,0.618565,0.618426,0.628554,0.660085,0.704477,0.68815,0.652716,0.719759
3.8582,1.83362,0.629296,0.674437,0.618869,0.618967,0.628212,0.66026,0.704893,0.688049,0.650835,0.719786
3.8584,1.8349,0.629581,0.673787,0.619342,0.619739,0.628051,0.6599,0.704649,0.687645,0.649294,0.720686
3.8586,1.83619,0.629793,0.673143,0.619347,0.619935,0.627826,0.659248,0.704971,0.68694,0.64842,0.721819
3.8588,1.8361,0.629819,0.673204,0.618755,0.619294,0.627628,0.658764,0.704998,0.686848,0.648309,0.722117
3.859,1.83427,0.629653,0.675213,0.617757,0.618095,0.627591,0.658829,0.704139,0.687155,0.64871,0.720989
3.8592,1.8317,0.629242,0.678313,0.616848,0.616924,0.627777,0.659469,0.702735,0.687272,0.648952,0.719043
3.8594,1.82973,0.628624,0.680031,0.616214,0.61628,0.627955,0.660519,0.701744,0.687732,0.648836,0.717338
3.8596,1.82931,0.628076,0.679148,0.615905,0.616251,0.627514,0.660944,0.703025,0.688948,0.648409,0.716711
3.8598,1.83071,0.628511,0.676474,0.615772,0.617701,0.626545,0.660584,0.705384,0.689718,0.647884,0.717562
3.86,1.83291,0.631173,0.674062,0.6156,0.620302,0.625538,0.659896,0.706811,0.688957,0.647758,0.719288
3.8602,1.83423,0.63428,0.673916,0.6151,0.621708,0.624815,0.659643,0.706428,0.686945,0.648396,0.720638
3.8604,1.83496,0.635182,0.675716,0.614623,0.621427,0.624146,0.660172,0.705113,0.684573,0.649676,0.721204
3.8606,1.83602,0.633387,0.678269,0.614411,0.619883,0.623623,0.66167,0.704302,0.68378,0.651097,0.722041
3.8608,1.83655,0.630125,0.680051,0.614362,0.6177,0.623207,0.662813,0.704521,0.684592,0.652049,0.722599
3.861,1.83691,0.62754,0.680434,0.614322,0.615823,0.62246,0.662955,0.706706,0.68565,0.652514,0.722859
3.8612,1.837,0.627442,0.679592,0.613856,0.614964,0.621765,0.662656,0.709657,0.687006,0.653277,0.72305
3.8614,1.83693,0.630281,0.678744,0.613153,0.61526,0.621348,0.662805,0.710435,0.688188,0.654071,0.722921
3.8616,1.83768,0.633384,0.679356,0.61248,0.616443,0.621271,0.663327,0.709605,0.688358,0.654436,0.723359
3.8618,1.83824,0.63482,0.68135,0.611974,0.618042,0.621381,0.663959,0.707743,0.688262,0.65427,0.723937
3.862,1.83841,0.633398,0.684512,0.611665,0.618885,0.62123,0.665029,0.706312,0.688502,0.653613,0.724059
3.8622,1.83864,0.63017,0.687181,0.611427,0.618706,0.620373,0.666203,0.706925,0.689448,0.652721,0.724281
3.8624,1.83824,0.628044,0.68807,0.611172,0.617375,0.619658,0.666731,0.708648,0.690319,0.652224,0.72405
3.8626,1.83812,0.629779,0.687108,0.610951,0.616104,0.619984,0.666656,0.709534,0.690722,0.653455,0.723819
3.8628,1.8382,0.634025,0.685542,0.610826,0.615952,0.620993,0.66625,0.709303,0.69029,0.655708,0.723884
3.863,1.83841,0.637292,0.684723,0.610778,0.617067,0.621891,0.665909,0.708656,0.689552,0.656708,0.72398
3.8632,1.83865,0.637289,0.685499,0.610718,0.618565,0.622097,0.665913,0.708652,0.689962,0.656219,0.72423
3.8634,1.83804,0.635081,0.687441,0.610548,0.61937,0.621602,0.666169,0.708469,0.691735,0.654162,0.723938
3.8636,1.8367,0.633054,0.689472,0.610253,0.619124,0.62103,0.666767,0.708202,0.692822,0.651629,0.722985
3.8638,1.8354,0.632249,0.691195,0.609827,0.618403,0.621263,0.66723,0.707886,0.692328,0.650509,0.721882
3.864,1.83496,0.633197,0.692312,0.609507,0.617812,0.622064,0.667026,0.708064,0.691743,0.652174,0.721373
3.8642,1.83541,0.63523,0.69219,0.609982,0.617603,0.623176,0.666519,0.708527,0.691148,0.654825,0.721558
3.8644,1.83647,0.63645,0.690938,0.611581,0.617795,0.624085,0.665944,0.708284,0.690506,0.655758,0.722359
3.8646,1.83698,0.636298,0.689456,0.613124,0.618076,0.624075,0.665476,0.707437,0.690258,0.65442,0.722932
3.8648,1.83655,0.63604,0.688577,0.613895,0.618495,0.623463,0.665545,0.706692,0.690277,0.651879,0.722807
3.865,1.83522,0.636308,0.688747,0.613596,0.619047,0.62307,0.665784,0.705785,0.690178,0.649818,0.721874
3.8652,1.8341,0.63697,0.689895,0.612451,0.619636,0.62341,0.666008,0.704817,0.690139,0.649889,0.720921
3.8654,1.83341,0.637384,0.691469,0.611357,0.619816,0.624771,0.666298,0.704233,0.689868,0.651553,0.720296
3.8656,1.83341,0.637464,0.692255,0.61089,0.619433,0.626468,0.665962,0.703443,0.689772,0.65354,0.720221
3.8658,1.83351,0.636796,0.692105,0.611564,0.618827,0.627654,0.665317,0.702601,0.689292,0.655027,0.720319
3.866,1.83384,0.636013,0.691093,0.612777,0.618355,0.628051,0.66472,0.702153,0.688453,0.654942,0.720577
3.8662,1.83384,0.636305,0.689864,0.613941,0.618331,0.627849,0.664358,0.701726,0.687575,0.653918,0.720688
3.8664,1.83338,0.637399,0.689267,0.614311,0.618729,0.627551,0.664246,0.701165,0.687071,0.653403,0.720451
3.8666,1.83239,0.638204,0.689777,0.614141,0.619053,0.627195,0.664467,0.700759,0.686788,0.653654,0.719812
3.8668,1.83103,0.638393,0.691272,0.613736,0.618647,0.626978,0.664789,0.700751,0.687066,0.654263,0.718791
3.867,1.83005,0.637927,0.692621,0.613347,0.61768,0.627077,0.664509,0.701353,0.687798,0.655067,0.717988
3.8672,1.82935,0.636527,0.692521,0.612865,0.616731,0.62744,0.66397,0.702184,0.688083,0.655448,0.717427
3.8674,1.82892,0.635262,0.690937,0.612456,0.616075,0.6279,0.663624,0.70237,0.687477,0.655324,0.717121
3.8676,1.82829,0.635869,0.688888,0.612181,0.615599,0.627932,0.6635,0.701522,0.686367,0.655243,0.71672
3.8678,1.828,0.63764,0.687355,0.612378,0.615236,0.627653,0.663562,0.699906,0.685412,0.655391,0.716396
3.868,1.82865,0.63855,0.68739,0.61308,0.61481,0.62747,0.664009,0.698057,0.684926,0.655945,0.716837
3.8682,1.82934,0.637517,0.688485,0.614071,0.613986,0.627932,0.664206,0.696925,0.685711,0.656477,0.71747
3.8684,1.82977,0.635137,0.689924,0.615079,0.612959,0.628637,0.664234,0.696738,0.687664,0.656435,0.717933
3.8686,1.82942,0.632536,0.691167,0.61582,0.611859,0.629555,0.664014,0.696081,0.68908,0.656201,0.71789
3.8688,1.82812,0.631905,0.691306,0.616161,0.611231,0.630125,0.663724,0.695588,0.688542,0.655841,0.717081
3.869,1.82692,0.633166,0.690649,0.616235,0.610809,0.630421,0.663536,0.695024,0.686374,0.655789,0.716046
3.8692,1.82685,0.634919,0.689769,0.616592,0.610514,0.630582,0.663319,0.694235,0.683986,0.656271,0.715825
3.8694,1.82808,0.635433,0.689093,0.617159,0.610111,0.630403,0.663366,0.692711,0.68313,0.656967,0.716586
3.8696,1.83036,0.634219,0.68885,0.617445,0.609398,0.629836,0.663541,0.690066,0.684337,0.657311,0.718282
3.8698,1.832,0.631515,0.689162,0.617558,0.60823,0.629014,0.663745,0.687475,0.685865,0.65701,0.719925
3.87,1.83134,0.629399,0.689779,0.61778,0.607388,0.628465,0.66442,0.686617,0.686558,0.656914,0.719839
3.8702,1.82937,0.629361,0.690229,0.618418,0.607271,0.628121,0.665111,0.686023,0.685832,0.657491,0.718481
3.8704,1.82691,0.63063,0.690199,0.619213,0.607814,0.628019,0.665289,0.6842,0.683981,0.658611,0.716641
3.8706,1.82549,0.631505,0.689841,0.619517,0.60843,0.627757,0.665065,0.682056,0.682404,0.659702,0.715216
3.8708,1.8262,0.631039,0.689775,0.619292,0.608319,0.627429,0.66487,0.679982,0.682076,0.660068,0.715467
3.871,1.82755,0.629805,0.689828,0.618492,0.60766,0.626581,0.664781,0.678033,0.683149,0.659724,0.716597
3.8712,1.82868,0.628414,0.689815,0.617739,0.606957,0.625305,0.665269,0.676344,0.684821,0.659028,0.717584
3.8714,1.8286,0.627684,0.689773,0.617669,0.60661,0.624001,0.666001,0.674849,0.685989,0.658515,0.717913
3.8716,1.82746,0.627867,0.689761,0.618822,0.606822,0.623118,0.666746,0.673795,0.686207,0.658587,0.717108
3.8718,1.82663,0.628627,0.690072,0.620321,0.607458,0.622198,0.666811,0.673301,0.68545,0.659232,0.716414
3.872,1.82603,0.629301,0.69039,0.620862,0.60807,0.620962,0.666567,0.672954,0.684382,0.660017,0.715981
3.8722,1.82603,0.629469,0.690352,0.620225,0.608192,0.619553,0.666151,0.672438,0.683814,0.660351,0.715854
3.8724,1.82645,0.629064,0.689995,0.618989,0.60781,0.61813,0.665856,0.672142,0.683901,0.660081,0.716257
3.8726,1.82627,0.628305,0.689256,0.617984,0.60745,0.617027,0.665649,0.67248,0.684239,0.659509,0.716301
3.8728,1.82542,0.627534,0.688787,0.617945,0.607641,0.616228,0.665298,0.672951,0.684342,0.659032,0.715789
3.873,1.82438,0.627176,0.68866,0.618888,0.608356,0.615632,0.665382,0.67313,0.684311,0.658759,0.71504
3.8732,1.82391,0.627263,0.688556,0.620265,0.609129,0.615271,0.666159,0.673606,0.68451,0.658881,0.714544
3.8734,1.82428,0.627564,0.687926,0.621504,0.610023,0.614998,0.66698,0.674165,0.685751,0.659834,0.714754
3.8736,1.82519,0.628131,0.687239,0.621876,0.610938,0.615521,0.667346,0.674362,0.686475,0.660631,0.715474
3.8738,1.82561,0.629535,0.687032,0.62126,0.611533,0.616287,0.667139,0.674483,0.685237,0.660811,0.716056
3.874,1.82511,0.631137,0.687232,0.620077,0.61171,0.616503,0.666899,0.675665,0.682529,0.66097,0.715814
3.8742,1.82461,0.632122,0.687229,0.6195,0.611574,0.616042,0.666823,0.677729,0.679795,0.661282,0.715428
3.8744,1.82446,0.632509,0.687066,0.62025,0.61127,0.615526,0.66687,0.679561,0.678532,0.661697,0.715296
3.8746,1.82532,0.632377,0.687015,0.621831,0.611313,0.615651,0.666967,0.680622,0.67906,0.662251,0.715771
3.8748,1.82654,0.631951,0.687512,0.622951,0.611814,0.616573,0.666807,0.679323,0.67965,0.662115,0.716849
3.875,1.82678,0.632516,0.687978,0.622858,0.61244,0.617373,0.66637,0.678373,0.678726,0.66132,0.717282
3.8752,1.82606,0.635191,0.68788,0.621591,0.61277,0.617649,0.666483,0.679318,0.676555,0.659991,0.716925
3.8754,1.8249,0.638059,0.6872,0.619856,0.6128,0.617273,0.666995,0.680601,0.674319,0.658637,0.716093
3.8756,1.82402,0.638393,0.686777,0.618997,0.612671,0.616856,0.667431,0.681565,0.673591,0.657608,0.71532
3.8758,1.8241,0.636358,0.687515,0.619261,0.612664,0.616698,0.667613,0.681444,0.674242,0.656833,0.715271
3.876,1.8248,0.633486,0.68868,0.620644,0.612558,0.617286,0.667341,0.680425,0.675181,0.656295,0.715761
3.8762,1.82556,0.630992,0.689391,0.622377,0.612659,0.618371,0.66676,0.679763,0.675482,0.656039,0.716428
3.8764,1.82618,0.630933,0.689054,0.62388,0.612673,0.619501,0.666725,0.680148,0.675029,0.656107,0.71699
3.8766,1.82629,0.63369,0.688375,0.624434,0.612217,0.619506,0.667372,0.681458,0.673997,0.65625,0.717262
3.8768,1.8262,0.636889,0.687969,0.624004,0.61156,0.618819,0.668399,0.683013,0.673106,0.656349,0.717154
3.877,1.82682,0.637603,0.688824,0.622596,0.610795,0.618432,0.66967,0.683682,0.672965,0.656296,0.717517
3.8772,1.82774,0.635424,0.691009,0.621103,0.610188,0.618579,0.670907,0.683153,0.673583,0.656066,0.718274
3.8774,1.82867,0.631706,0.693018,0.62017,0.609534,0.619319,0.670889,0.68258,0.674555,0.655873,0.719007
3.8776,1.82948,0.628945,0.693989,0.620459,0.608907,0.619959,0.669106,0.683584,0.67537,0.656186,0.719719
3.8778,1.8296,0.629006,0.693692,0.62155,0.608215,0.619908,0.667225,0.686384,0.676011,0.657255,0.719996
3.878,1.82911,0.630635,0.692774,0.622576,0.607868,0.619137,0.666497,0.689772,0.676396,0.65852,0.719671
3.8782,1.82858,0.632103,0.692105,0.622793,0.607916,0.618004,0.667077,0.692074,0.676,0.659978,0.719259
3.8784,1.82801,0.632496,0.692225,0.621882,0.608375,0.616953,0.668347,0.692242,0.675098,0.661169,0.718834
3.8786,1.82794,0.63163,0.693018,0.619833,0.608661,0.616374,0.669906,0.691229,0.674599,0.661884,0.71863
3.8788,1.82877,0.63045,0.693433,0.617556,0.60818,0.616288,0.671262,0.691924,0.674523,0.661795,0.719138
3.879,1.83034,0.629375,0.692988,0.616247,0.607188,0.616337,0.671419,0.694009,0.674996,0.661142,0.720213
3.8792,1.83249,0.629013,0.69182,0.617502,0.606683,0.616906,0.671014,0.695927,0.675538,0.660483,0.721872
3.8794,1.83426,0.629532,0.690668,0.620061,0.607131,0.617871,0.670852,0.695829,0.676196,0.660528,0.72335
3.8796,1.83534,0.630374,0.68979,0.62137,0.608436,0.618658,0.670731,0.693484,0.676319,0.661116,0.724309
3.8798,1.83573,0.630812,0.689801,0.620858,0.609989,0.619027,0.670917,0.691072,0.675922,0.661255,0.724724
3.88,1.83537,0.63059,0.690461,0.61856,0.611044,0.619135,0.671648,0.69047,0.675509,0.66054,0.72447
3.8802,1.83532,0.630022,0.692108,0.615622,0.611176,0.619154,0.671944,0.690875,0.675579,0.658983,0.72431
3.8804,1.83562,0.629641,0.693744,0.61341,0.610594,0.61929,0.6717,0.691117,0.67681,0.657061,0.724436
3.8806,1.83665,0.629761,0.693626,0.612926,0.610292,0.620121,0.671579,0.689716,0.678632,0.656276,0.725031
3.8808,1.83769,0.630136,0.691478,0.613494,0.611424,0.62114,0.671821,0.688874,0.679987,0.657837,0.725948
3.881,1.83766,0.630489,0.688759,0.613808,0.613303,0.621795,0.671722,0.68837,0.680044,0.659987,0.726039
3.8812,1.83722,0.630663,0.686949,0.613328,0.615641,0.622554,0.671374,0.68606,0.679121,0.660834,0.725707
3.8814,1.83665,0.630918,0.686326,0.61234,0.617252,0.623455,0.671381,0.68238,0.678062,0.659569,0.725169
3.8816,1.83675,0.631407,0.686503,0.611515,0.617177,0.62399,0.671146,0.678805,0.677674,0.656894,0.725059
3.8818,1.83758,0.631559,0.686652,0.61124,0.615912,0.62388,0.67046,0.677218,0.678286,0.654619,0.725534
3.882,1.83855,0.631097,0.686159,0.611397,0.614676,0.623508,0.670307,0.677208,0.679333,0.653997,0.726291
3.8822,1.8389,0.630281,0.685355,0.611646,0.614372,0.62343,0.670837,0.676708,0.679926,0.655032,0.726675
3.8824,1.83851,0.629639,0.684889,0.611731,0.615244,0.623943,0.671211,0.674862,0.680262,0.656757,0.726412
3.8826,1.83773,0.629588,0.684772,0.611644,0.616958,0.62491,0.671044,0.672321,0.680164,0.65793,0.725832
3.8828,1.8372,0.630102,0.684871,0.611485,0.618628,0.625849,0.670113,0.670501,0.680379,0.657957,0.725188
3.883,1.83786,0.630743,0.685221,0.611301,0.619229,0.626118,0.66892,0.670149,0.681363,0.657124,0.725482
3.8832,1.83847,0.631077,0.685362,0.611088,0.618572,0.625755,0.668229,0.670698,0.681813,0.656146,0.726038
3.8834,1.83839,0.630978,0.684922,0.610803,0.617119,0.625656,0.668158,0.671112,0.680895,0.65581,0.726025
3.8836,1.83753,0.630528,0.68453,0.610585,0.616177,0.626228,0.668731,0.671077,0.679721,0.656248,0.725521
3.8838,1.83543,0.62986,0.684744,0.610579,0.616407,0.627132,0.669032,0.670844,0.679284,0.656997,0.724056
3.884,1.83332,0.629371,0.68517,0.610865,0.61778,0.627819,0.668477,0.67046,0.680199,0.657505,0.72222
3.8842,1.83238,0.629237,0.685096,0.611391,0.619509,0.628049,0.667424,0.670178,0.681583,0.657721,0.72128
3.8844,1.83216,0.629412,0.684211,0.61209,0.620272,0.627495,0.666827,0.670538,0.682266,0.657852,0.720943
3.8846,1.83307,0.629583,0.682879,0.612872,0.620032,0.62686,0.667002,0.671019,0.681359,0.658092,0.721467
3.8848,1.83382,0.628862,0.681728,0.613638,0.61921,0.626759,0.666985,0.670638,0.680067,0.658229,0.722198
3.885,1.83359,0.627483,0.681574,0.613982,0.618212,0.627227,0.666094,0.669624,0.679449,0.658453,0.722185
3.8852,1.83259,0.626007,0.682678,0.614088,0.61771,0.628337,0.665339,0.668577,0.680045,0.658718,0.72154
3.8854,1.83095,0.625241,0.684126,0.613985,0.618198,0.629113,0.665645,0.667977,0.681549,0.658981,0.720344
3.8856,1.82957,0.625154,0.684892,0.613868,0.619048,0.628875,0.665928,0.668368,0.682046,0.659464,0.719149
3.8858,1.82897,0.625364,0.684693,0.613767,0.620321,0.627768,0.665786,0.669439,0.681122,0.660241,0.718518
3.886,1.82955,0.625335,0.683743,0.61353,0.621124,0.627211,0.665343,0.670138,0.679574,0.660818,0.718774
3.8862,1.8309,0.624342,0.682606,0.613283,0.621183,0.627453,0.664937,0.670486,0.67867,0.66076,0.719766
3.8864,1.83188,0.623077,0.682207,0.613248,0.620607,0.627938,0.664474,0.671106,0.678953,0.660155,0.720675
3.8866,1.83191,0.621917,0.682844,0.613621,0.619731,0.628396,0.664001,0.672016,0.679907,0.659144,0.720936
3.8868,1.83094,0.621825,0.683668,0.614101,0.619794,0.628693,0.663789,0.672788,0.680467,0.658404,0.720329
3.887,1.82972,0.622712,0.683457,0.614496,0.621368,0.628609,0.663883,0.674473,0.680273,0.658249,0.719367
3.8872,1.82929,0.623268,0.681928,0.614627,0.623616,0.628216,0.663932,0.675557,0.679363,0.658906,0.718805
3.8874,1.82987,0.622788,0.679709,0.614186,0.625268,0.627777,0.663685,0.674726,0.67855,0.659484,0.719147
3.8876,1.83106,0.621613,0.678222,0.613502,0.625506,0.627525,0.663324,0.672596,0.677383,0.660506,0.719978
3.8878,1.83217,0.620465,0.677942,0.612836,0.624683,0.627497,0.66292,0.670537,0.675597,0.661409,0.720977
3.888,1.83257,0.619912,0.678351,0.61281,0.623743,0.627648,0.66323,0.671038,0.67387,0.660923,0.721414
3.8882,1.83223,0.620231,0.678598,0.613393,0.62343,0.627762,0.664082,0.673381,0.673141,0.659145,0.721301
3.8884,1.83137,0.62117,0.678218,0.613911,0.624011,0.627677,0.664779,0.674641,0.673599,0.65646,0.720674
3.8886,1.83058,0.622142,0.677563,0.614228,0.625235,0.627362,0.664784,0.673454,0.674626,0.654154,0.720002
3.8888,1.83027,0.622617,0.676889,0.614248,0.626327,0.62749,0.66427,0.670633,0.675486,0.653455,0.719673
3.889,1.83104,0.622445,0.676523,0.614191,0.627009,0.628109,0.663757,0.667506,0.674972,0.654021,0.720011
3.8892,1.83242,0.621887,0.676531,0.614051,0.627451,0.628753,0.663266,0.666434,0.672678,0.655007,0.721144
3.8894,1.83246,0.621422,0.676613,0.614031,0.627539,0.629143,0.663265,0.666535,0.669731,0.655766,0.7215
3.8896,1.83087,0.62148,0.676716,0.614229,0.627238,0.629034,0.663861,0.66642,0.667939,0.655226,0.720574
3.8898,1.82752,0.622488,0.677232,0.614464,0.626714,0.628619,0.66451,0.665564,0.667771,0.654065,0.718273
3.89,1.82385,0.623955,0.678427,0.614793,0.626369,0.628219,0.664429,0.66467,0.669087,0.653062,0.715304
3.8902,1.82167,0.62512,0.680027,0.615363,0.62613,0.628763,0.663849,0.664058,0.670699,0.652668,0.713316
3.8904,1.82117,0.625896,0.681032,0.61574,0.62676,0.630255,0.663152,0.662799,0.671131,0.652909,0.712674
3.8906,1.82205,0.626325,0.681185,0.616194,0.628666,0.631308,0.662756,0.660673,0.669961,0.653575,0.713234
3.8908,1.82318,0.626951,0.68089,0.616772,0.630426,0.631278,0.662999,0.659059,0.66805,0.654264,0.714269
3.891,1.82286,0.627866,0.680525,0.617308,0.630968,0.629839,0.663637,0.658762,0.666669,0.654502,0.714434
3.8912,1.82121,0.628503,0.680623,0.617899,0.630367,0.627783,0.664262,0.659415,0.6666,0.654079,0.713382
3.8914,1.81989,0.628493,0.681759,0.618115,0.629469,0.626595,0.664614,0.659916,0.667671,0.653136,0.712292
3.8916,1.81963,0.627857,0.68331,0.6177,0.628518,0.626756,0.664557,0.659409,0.669424,0.652203,0.711905
3.8918,1.82078,0.627068,0.684173,0.61679,0.627923,0.627641,0.664439,0.658486,0.671042,0.651817,0.712646
3.892,1.82215,0.626797,0.683699,0.61637,0.628004,0.628549,0.66467,0.658653,0.671772,0.652702,0.71388
3.8922,1.82257,0.627294,0.682023,0.616918,0.628536,0.628634,0.665392,0.660509,0.670927,0.654205,0.714495
3.8924,1.82211,0.62822,0.680286,0.617941,0.629021,0.627713,0.665936,0.662635,0.669667,0.655263,0.714286
3.8926,1.82136,0.628812,0.679667,0.618904,0.629469,0.626388,0.666194,0.664235,0.669292,0.655288,0.713835
3.8928,1.8202,0.628751,0.680441,0.619288,0.629423,0.625395,0.665796,0.665153,0.670155,0.654145,0.712992
3.893,1.8198,0.62837,0.68212,0.618881,0.629052,0.625366,0.664815,0.665929,0.671401,0.652597,0.712583
3.8932,1.81986,0.628501,0.683691,0.617986,0.628634,0.626032,0.663915,0.666348,0.672605,0.651655,0.712623
3.8934,1.82044,0.629703,0.684457,0.617198,0.628338,0.626763,0.664176,0.666886,0.672563,0.651867,0.713031
3.8936,1.82164,0.630938,0.684222,0.617032,0.628511,0.627013,0.664975,0.667636,0.672386,0.653056,0.713917
3.8938,1.82262,0.631709,0.683918,0.617389,0.628745,0.626622,0.665753,0.669311,0.673539,0.654308,0.714901
3.894,1.82199,0.631541,0.683974,0.617777,0.628597,0.625822,0.665801,0.670689,0.675988,0.654681,0.714833
3.8942,1.81969,0.630966,0.684817,0.61778,0.628127,0.625132,0.665404,0.672384,0.678229,0.654156,0.71332
3.8944,1.81681,0.630957,0.686007,0.617434,0.6273,0.625525,0.665252,0.67339,0.678595,0.6532,0.711176
3.8946,1.81492,0.631857,0.686629,0.617182,0.626965,0.626438,0.664848,0.673724,0.67683,0.652388,0.709424
3.8948,1.81523,0.63277,0.686336,0.616847,0.626691,0.626905,0.663729,0.673714,0.674561,0.652186,0.709371
3.895,1.81658,0.632856,0.684855,0.616405,0.626064,0.62735,0.661976,0.674013,0.673275,0.652398,0.710438
3.8952,1.81753,0.631922,0.683219,0.615796,0.624825,0.627842,0.660662,0.674191,0.67352,0.653102,0.711467
3.8954,1.81656,0.631107,0.682782,0.615137,0.623522,0.628414,0.660028,0.674693,0.675434,0.653581,0.71121
3.8956,1.81423,0.630863,0.683602,0.614524,0.62305,0.628804,0.659542,0.676155,0.677983,0.653292,0.709578
3.8958,1.81251,0.631111,0.684989,0.615107,0.623556,0.629194,0.658916,0.678477,0.679504,0.652598,0.708104
3.896,1.81227,0.631402,0.6857,0.616114,0.625796,0.629454,0.658358,0.680192,0.679019,0.65194,0.707714
3.8962,1.81362,0.632757,0.684795,0.616498,0.628078,0.630138,0.658104,0.680579,0.677601,0.651364,0.70858
3.8964,1.81598,0.634843,0.682921,0.61576,0.628954,0.631133,0.658058,0.680594,0.676862,0.651092,0.710419
3.8966,1.818,0.636494,0.681142,0.613957,0.628349,0.632006,0.6581,0.682768,0.677477,0.650989,0.712246
3.8968,1.81877,0.636621,0.680111,0.611995,0.626478,0.632531,0.658226,0.686256,0.679184,0.650906,0.713169
3.897,1.81859,0.635457,0.680104,0.610703,0.624974,0.632573,0.658504,0.689226,0.68077,0.651156,0.713207
3.8972,1.81876,0.633989,0.680791,0.610269,0.624622,0.631938,0.658843,0.689235,0.681221,0.652225,0.713223
3.8974,1.8198,0.633313,0.681551,0.61078,0.625577,0.631067,0.659087,0.687951,0.681039,0.654418,0.713941
3.8976,1.82105,0.633741,0.681436,0.612843,0.627796,0.630598,0.659587,0.689383,0.680691,0.655641,0.715016
3.8978,1.82187,0.635251,0.68021,0.615302,0.630157,0.631242,0.660383,0.694151,0.680734,0.655431,0.715748
3.898,1.82251,0.636565,0.678443,0.616213,0.630749,0.632709,0.661116,0.699392,0.680967,0.654884,0.716308
3.8982,1.82282,0.63663,0.676851,0.615159,0.629023,0.633734,0.66124,0.701225,0.680978,0.654306,0.71665
3.8984,1.82296,0.635876,0.675822,0.613265,0.626278,0.63352,0.660801,0.699184,0.681261,0.65439,0.716766
3.8986,1.82357,0.635312,0.675408,0.611785,0.624393,0.632208,0.660468,0.696806,0.681673,0.655332,0.717128
3.8988,1.82481,0.635333,0.675255,0.611806,0.624272,0.630601,0.661054,0.696079,0.681806,0.656341,0.718023
3.899,1.82599,0.635737,0.675086,0.613381,0.625656,0.629502,0.662415,0.696996,0.6819,0.657016,0.719015
3.8992,1.82645,0.636321,0.67491,0.615171,0.627374,0.629225,0.663565,0.696629,0.682202,0.657208,0.719546
3.8994,1.82591,0.63672,0.674734,0.615895,0.628072,0.629651,0.663936,0.696056,0.682262,0.656856,0.719296
3.8996,1.82469,0.636527,0.674497,0.614997,0.627081,0.630395,0.663528,0.696035,0.681837,0.656422,0.718436
3.8998,1.82325,0.635667,0.674305,0.613389,0.624962,0.630964,0.662744,0.695377,0.681125,0.65648,0.717287
3.9,1.82269,0.634659,0.674268,0.612279,0.622815,0.630944,0.662009,0.694502,0.680063,0.657086,0.716607
3.9002,1.82357,0.634077,0.674147,0.612048,0.62208,0.630752,0.661531,0.694617,0.679518,0.658065,0.717062
3.9004,1.82492,0.633863,0.674359,0.612486,0.623297,0.630761,0.661417,0.695406,0.679929,0.6589,0.718174
3.9006,1.82485,0.633813,0.675359,0.613042,0.625526,0.630803,0.661326,0.696075,0.680822,0.659076,0.718499
3.9008,1.82283,0.634151,0.676596,0.613092,0.626991,0.630728,0.661221,0.696855,0.681576,0.658816,0.717262
3.901,1.81954,0.634487,0.677261,0.612723,0.626756,0.630608,0.660966,0.697971,0.681459,0.658478,0.714846
3.9012,1.81651,0.634129,0.676978,0.612551,0.625267,0.630499,0.660254,0.698567,0.680237,0.6586,0.712353
3.9014,1.81482,0.632626,0.676039,0.612862,0.623867,0.63047,0.65887,0.698189,0.678872,0.659258,0.710766
3.9016,1.81501,0.630326,0.67531,0.613468,0.623502,0.630818,0.657095,0.697157,0.678079,0.659938,0.710653
3.9018,1.81599,0.628491,0.675623,0.614037,0.624114,0.631577,0.655431,0.696558,0.678518,0.660266,0.711436
3.902,1.81674,0.62799,0.677057,0.614382,0.625313,0.632328,0.654346,0.697553,0.680253,0.660236,0.712197
3.9022,1.81624,0.628989,0.678879,0.614512,0.625975,0.632746,0.653823,0.700664,0.682049,0.660323,0.712167
3.9024,1.8143,0.630508,0.680143,0.614514,0.625918,0.632915,0.653361,0.704749,0.682839,0.660724,0.710953
3.9026,1.8116,0.630821,0.680442,0.614491,0.625365,0.632963,0.65277,0.706275,0.681758,0.66138,0.708977
3.9028,1.80912,0.62927,0.679958,0.614617,0.625047,0.632912,0.6518,0.705383,0.67904,0.662158,0.707019
3.903,1.80736,0.627271,0.679187,0.614825,0.625024,0.632899,0.650455,0.704802,0.67687,0.662832,0.705585
3.9032,1.80655,0.625713,0.679008,0.615024,0.625198,0.6333,0.648827,0.704578,0.677121,0.66338,0.704884
3.9034,1.80631,0.625126,0.679947,0.61498,0.625474,0.634087,0.647486,0.70525,0.678852,0.663697,0.704783
3.9036,1.80564,0.625156,0.681044,0.614579,0.625651,0.634313,0.646838,0.707086,0.680443,0.664303,0.704498
3.9038,1.80449,0.625324,0.681205,0.613844,0.625884,0.633773,0.646761,0.707974,0.680769,0.664795,0.703791
3.904,1.80316,0.625115,0.679983,0.613135,0.626305,0.632452,0.646832,0.708291,0.679858,0.665277,0.702893
3.9042,1.8021,0.624266,0.677904,0.613157,0.626689,0.631519,0.646637,0.709265,0.678426,0.66537,0.702094
3.9044,1.8019,0.623094,0.676655,0.613998,0.626851,0.631117,0.645981,0.710337,0.677185,0.665405,0.701902
3.9046,1.80224,0.622124,0.677103,0.61486,0.626925,0.630919,0.645146,0.711541,0.67703,0.66592,0.702256
3.9048,1.80264,0.621807,0.678601,0.614903,0.627102,0.630344,0.644714,0.711942,0.678008,0.666762,0.702713
3.905,1.80286,0.622252,0.679645,0.614158,0.627457,0.629429,0.645089,0.713063,0.679203,0.667936,0.703077
3.9052,1.80267,0.623214,0.678811,0.613105,0.627789,0.628406,0.646077,0.713693,0.679901,0.668408,0.703156
3.9054,1.80212,0.624185,0.676196,0.612187,0.627803,0.627558,0.64709,0.71438,0.680114,0.667893,0.702846
3.9056,1.80227,0.624604,0.673221,0.611681,0.627491,0.626645,0.647465,0.71404,0.68028,0.666823,0.702924
3.9058,1.80324,0.624331,0.671391,0.611646,0.627518,0.625617,0.647279,0.713054,0.680219,0.666271,0.703655
3.906,1.80441,0.623609,0.671314,0.611675,0.627948,0.624689,0.647271,0.711611,0.679753,0.666584,0.704733
3.9062,1.80498,0.62289,0.67218,0.61143,0.628495,0.623938,0.647759,0.711826,0.679456,0.66744,0.705444
3.9064,1.80443,0.623061,0.672617,0.610817,0.628939,0.624331,0.648619,0.712472,0.679478,0.668169,0.705343
3.9066,1.80297,0.624558,0.671914,0.609854,0.62893,0.625521,0.649401,0.711987,0.679605,0.668541,0.704417
3.9068,1.80167,0.626264,0.670486,0.609083,0.628896,0.626369,0.649926,0.711422,0.680231,0.668631,0.703383
3.907,1.80148,0.626951,0.669243,0.609056,0.629299,0.626121,0.649819,0.711346,0.680461,0.668472,0.703093
3.9072,1.80243,0.626345,0.668774,0.609701,0.629887,0.625124,0.649267,0.711036,0.67899,0.668154,0.703769
3.9074,1.80382,0.625111,0.669161,0.610517,0.630419,0.624181,0.648836,0.710065,0.676597,0.668341,0.704951
3.9076,1.80474,0.624313,0.670643,0.611425,0.630329,0.62373,0.648914,0.70888,0.673924,0.669381,0.70592
3.9078,1.80456,0.624632,0.673039,0.6119,0.63012,0.623869,0.649509,0.708331,0.672048,0.67063,0.706101
3.908,1.80375,0.625922,0.674654,0.611684,0.630397,0.624512,0.650165,0.708718,0.671189,0.671389,0.705564
3.9082,1.80362,0.627333,0.674685,0.611139,0.630814,0.625144,0.650434,0.709249,0.671831,0.670943,0.705339
3.9084,1.80493,0.627964,0.673579,0.610879,0.630788,0.62526,0.650994,0.709331,0.672429,0.669686,0.706168
3.9086,1.80663,0.627668,0.672531,0.610922,0.630354,0.62492,0.652047,0.708614,0.672327,0.669026,0.707655
3.9088,1.80712,0.626893,0.672281,0.611363,0.62975,0.624779,0.652744,0.708146,0.67088,0.66987,0.708407
3.909,1.80567,0.626299,0.672917,0.611883,0.62945,0.625134,0.652839,0.708643,0.668058,0.671786,0.707717
3.9092,1.80298,0.626265,0.673994,0.612023,0.629353,0.625541,0.652695,0.708891,0.665495,0.673521,0.705809
3.9094,1.80045,0.626874,0.67493,0.611662,0.629184,0.625927,0.652515,0.708376,0.663951,0.674205,0.703797
3.9096,1.79959,0.628014,0.67576,0.611156,0.629259,0.626124,0.652122,0.7074,0.663699,0.67341,0.702747
3.9098,1.80177,0.629176,0.67672,0.61107,0.6295,0.625919,0.652262,0.706524,0.664491,0.671649,0.703976
3.91,1.80501,0.629338,0.678064,0.611964,0.629862,0.626121,0.652888,0.706524,0.665464,0.669774,0.706679
3.9102,1.80637,0.628946,0.67922,0.613343,0.629617,0.627059,0.654156,0.707868,0.665807,0.668031,0.708294
3.9104,1.80595,0.628318,0.680461,0.614378,0.629183,0.62803,0.655954,0.708537,0.665597,0.667059,0.708227
3.9106,1.80467,0.6275,0.681841,0.614477,0.628854,0.628736,0.657711,0.707554,0.665326,0.666892,0.707455
3.9108,1.80302,0.626461,0.682912,0.613803,0.628421,0.629238,0.658433,0.705904,0.665364,0.666749,0.706175
3.911,1.80224,0.625477,0.683695,0.613778,0.628407,0.629747,0.657833,0.707267,0.666072,0.667244,0.705474
3.9112,1.80157,0.625064,0.683724,0.614853,0.629064,0.630091,0.656568,0.710926,0.667397,0.66894,0.705062
3.9114,1.80113,0.625314,0.683022,0.615864,0.629858,0.630478,0.655831,0.712567,0.668099,0.670029,0.704686
3.9116,1.80115,0.625703,0.68228,0.615953,0.630716,0.631313,0.656063,0.711278,0.668038,0.669422,0.704778
3.9118,1.80049,0.625824,0.68175,0.614923,0.631314,0.632377,0.657153,0.708483,0.667834,0.667188,0.7045
3.912,1.79963,0.625171,0.681829,0.613294,0.630962,0.633121,0.658794,0.707074,0.668337,0.664531,0.70387
3.9122,1.79981,0.624158,0.683031,0.611741,0.62991,0.633088,0.660358,0.708497,0.669362,0.663091,0.70381
3.9124,1.8012,0.624071,0.684191,0.611559,0.629083,0.632723,0.660956,0.710418,0.670256,0.66325,0.704807
3.9126,1.80323,0.626156,0.68454,0.612785,0.629134,0.633087,0.660197,0.71011,0.670803,0.664139,0.706383
3.9128,1.80484,0.629647,0.683889,0.614058,0.630064,0.633909,0.65857,0.708608,0.671037,0.664745,0.707923
3.913,1.80502,0.631559,0.682448,0.614101,0.63122,0.634968,0.657321,0.708635,0.671626,0.664421,0.708355
3.9132,1.80484,0.63086,0.681009,0.612721,0.631748,0.635959,0.657332,0.709994,0.673114,0.663299,0.708251
3.9134,1.80468,0.628824,0.680253,0.610387,0.63123,0.636175,0.658613,0.710716,0.675192,0.662197,0.70818
3.9136,1.80444,0.627311,0.68036,0.608634,0.630109,0.635442,0.660422,0.710618,0.676486,0.661768,0.708026
3.9138,1.80469,0.627485,0.680538,0.60815,0.62915,0.634908,0.661724,0.710134,0.676762,0.6623,0.70815
3.914,1.80525,0.62886,0.68029,0.609384,0.628892,0.635491,0.661771,0.71008,0.676143,0.663402,0.708594
3.9142,1.80589,0.630781,0.679478,0.611456,0.629285,0.636879,0.66058,0.710573,0.674936,0.66405,0.709118
3.9144,1.80666,0.632063,0.678456,0.612413,0.629597,0.638362,0.658985,0.710747,0.673468,0.664554,0.709751
3.9146,1.80706,0.631845,0.677705,0.611355,0.629104,0.638899,0.657817,0.710334,0.672145,0.665317,0.710194
3.9148,1.80691,0.630683,0.677684,0.609431,0.62761,0.638138,0.657487,0.709728,0.670848,0.666283,0.710209
3.915,1.80624,0.629736,0.678335,0.608245,0.625588,0.637042,0.657682,0.709475,0.669655,0.666777,0.70979
3.9152,1.80547,0.629776,0.6789,0.608162,0.623707,0.636717,0.657757,0.70997,0.669312,0.66656,0.709182
3.9154,1.8052,0.630662,0.678958,0.60942,0.622904,0.637797,0.657247,0.711165,0.669779,0.665865,0.708879
3.9156,1.80557,0.631846,0.678585,0.611176,0.623183,0.639771,0.656226,0.711546,0.67092,0.665327,0.709073
3.9158,1.80652,0.632422,0.678074,0.612631,0.623648,0.64145,0.654902,0.710708,0.671682,0.665569,0.70975
3.916,1.80767,0.63189,0.677745,0.612996,0.623329,0.642417,0.654214,0.709488,0.671777,0.666696,0.710687
3.9162,1.80837,0.630549,0.677878,0.612438,0.622409,0.64236,0.653583,0.708924,0.671697,0.668085,0.711367
3.9164,1.80844,0.630047,0.678522,0.612072,0.620717,0.641187,0.652313,0.709508,0.67181,0.668965,0.711549
3.9166,1.80778,0.631217,0.679195,0.612364,0.618939,0.640052,0.650509,0.710788,0.672339,0.668931,0.711191
3.9168,1.80662,0.633082,0.679503,0.612954,0.617603,0.640097,0.648657,0.712133,0.67265,0.668102,0.710337
3.917,1.80566,0.634147,0.679953,0.613549,0.616666,0.641082,0.647103,0.713342,0.672692,0.667183,0.709516
3.9172,1.80519,0.633756,0.680645,0.613717,0.616133,0.642329,0.646418,0.71407,0.672723,0.666829,0.709126
3.9174,1.80482,0.63225,0.681214,0.613346,0.615607,0.643187,0.646592,0.713677,0.673498,0.667429,0.708811
3.9176,1.80475,0.63114,0.68134,0.613076,0.615029,0.643276,0.647254,0.713362,0.674483,0.668612,0.708784
3.9178,1.8039,0.631541,0.681387,0.613188,0.614515,0.642551,0.647499,0.713449,0.675227,0.669107,0.708357
3.918,1.80237,0.632948,0.681667,0.613585,0.614186,0.64172,0.646572,0.713484,0.675142,0.668428,0.707276
3.9182,1.80079,0.634628,0.682193,0.614307,0.61414,0.641109,0.645032,0.71282,0.67508,0.666493,0.706062
3.9184,1.7993,0.635258,0.68306,0.61503,0.614247,0.641281,0.643916,0.710948,0.675329,0.664619,0.70493
3.9186,1.79826,0.634777,0.684375,0.615364,0.614396,0.642071,0.643555,0.708851,0.67626,0.663882,0.704061
3.9188,1.7974,0.63394,0.685603,0.615304,0.614535,0.64295,0.643821,0.70686,0.676931,0.664763,0.703514
3.919,1.79587,0.634026,0.685982,0.615124,0.614725,0.643311,0.644496,0.706073,0.677097,0.665863,0.702517
3.9192,1.79439,0.634625,0.685605,0.615489,0.614987,0.642715,0.645143,0.705313,0.676681,0.665869,0.701365
3.9194,1.79345,0.635133,0.684864,0.616393,0.615309,0.64195,0.645274,0.704938,0.676886,0.664354,0.700628
3.9196,1.79331,0.635135,0.684117,0.617218,0.615527,0.641324,0.644947,0.703987,0.67775,0.661725,0.700417
3.9198,1.79389,0.634737,0.684092,0.617489,0.615513,0.640796,0.6449,0.700493,0.678763,0.659688,0.700942
3.92,1.79355,0.634233,0.685048,0.617113,0.615457,0.640713,0.645378,0.696495,0.678938,0.659102,0.701044
3.9202,1.79188,0.634321,0.685939,0.616641,0.615636,0.640823,0.646096,0.694752,0.678185,0.660381,0.700058
3.9204,1.78953,0.6351,0.686123,0.61647,0.616159,0.640767,0.646568,0.694686,0.677409,0.66221,0.698409
3.9206,1.78733,0.636385,0.685028,0.617048,0.616759,0.640389,0.646758,0.693599,0.677499,0.662772,0.696686
3.9208,1.78651,0.63714,0.682919,0.617841,0.617281,0.639638,0.646954,0.690384,0.678396,0.661545,0.695852
3.921,1.78706,0.6369,0.68083,0.618347,0.617502,0.639151,0.64709,0.686374,0.679227,0.659725,0.69623
3.9212,1.78804,0.635565,0.679386,0.61826,0.617412,0.638768,0.647982,0.683963,0.679155,0.658612,0.697107
3.9214,1.78885,0.634143,0.679415,0.617677,0.617232,0.638598,0.649723,0.683306,0.678656,0.65867,0.697954
3.9216,1.78878,0.633665,0.680174,0.616958,0.617307,0.638735,0.651204,0.683133,0.678628,0.659716,0.698223
3.9218,1.78795,0.634381,0.680458,0.61667,0.617737,0.638729,0.651314,0.682209,0.679544,0.660917,0.697777
3.922,1.78714,0.635673,0.67976,0.617064,0.618408,0.638248,0.650515,0.680829,0.680584,0.661362,0.69722
3.9222,1.7868,0.636336,0.678181,0.617846,0.619017,0.63745,0.649576,0.679906,0.680815,0.660911,0.69692
3.9224,1.78771,0.63634,0.675926,0.618388,0.619051,0.636836,0.649474,0.67977,0.680182,0.660378,0.697507
3.9226,1.7891,0.635936,0.673961,0.618332,0.618375,0.636336,0.650062,0.680479,0.678875,0.660598,0.698767
3.9228,1.78968,0.636066,0.672843,0.617702,0.617708,0.636141,0.650684,0.681562,0.677776,0.661504,0.699519
3.923,1.78901,0.636396,0.673293,0.617138,0.617651,0.635888,0.651106,0.681505,0.677902,0.662452,0.699332
3.9232,1.78761,0.636739,0.674423,0.616907,0.618256,0.635191,0.651541,0.681683,0.679052,0.662744,0.698406
3.9234,1.78642,0.636338,0.674905,0.617156,0.619613,0.634246,0.651838,0.682942,0.680436,0.662154,0.697454
3.9236,1.78633,0.635187,0.674091,0.618148,0.620918,0.633092,0.652067,0.683907,0.681532,0.66183,0.697292
3.9238,1.78715,0.63411,0.672535,0.619552,0.620901,0.631674,0.652813,0.683212,0.681785,0.66261,0.697829
3.924,1.78913,0.633702,0.671212,0.620812,0.619025,0.630117,0.653716,0.681266,0.680868,0.663353,0.699348
3.9242,1.79108,0.634399,0.670685,0.621472,0.61651,0.628568,0.654624,0.679958,0.679412,0.663915,0.701027
3.9244,1.79248,0.636343,0.670965,0.621086,0.614408,0.627424,0.655939,0.680766,0.678522,0.663922,0.702331
3.9246,1.79299,0.638325,0.671814,0.620349,0.613596,0.626964,0.657401,0.682788,0.678569,0.662776,0.702987
3.9248,1.7927,0.638663,0.67257,0.619882,0.615373,0.62758,0.657672,0.684112,0.679868,0.661636,0.702911
3.925,1.79244,0.637952,0.672643,0.61975,0.6183,0.628256,0.657013,0.683817,0.68112,0.661921,0.702709
3.9252,1.79261,0.637463,0.672316,0.619746,0.619502,0.628238,0.656745,0.683184,0.681107,0.6633,0.702813
3.9254,1.79311,0.63789,0.672511,0.619592,0.618086,0.627198,0.657178,0.684027,0.679876,0.665103,0.703184
3.9256,1.79397,0.638837,0.673469,0.619216,0.615235,0.625517,0.657934,0.686496,0.678191,0.666093,0.703886
3.9258,1.79435,0.639643,0.674534,0.618785,0.61279,0.624195,0.658567,0.688885,0.677348,0.665498,0.70433
3.926,1.79456,0.640227,0.675083,0.618594,0.611934,0.624075,0.658855,0.689053,0.677642,0.664367,0.704547
3.9262,1.79459,0.640459,0.67474,0.618733,0.612635,0.625388,0.65892,0.687572,0.678548,0.664292,0.704625
3.9264,1.79522,0.640599,0.673845,0.619151,0.614214,0.627325,0.658646,0.68613,0.67891,0.665825,0.704977
3.9266,1.79655,0.640557,0.673348,0.619499,0.615454,0.628077,0.658244,0.685576,0.678389,0.668242,0.705937
3.9268,1.79813,0.640264,0.673804,0.619514,0.615719,0.627046,0.658077,0.686286,0.677241,0.669735,0.7072
3.927,1.79922,0.640341,0.675185,0.619174,0.615349,0.625134,0.658469,0.687234,0.676827,0.669445,0.708167
3.9272,1.79998,0.64115,0.677124,0.618704,0.614889,0.623635,0.659315,0.688226,0.677056,0.667887,0.708834
3.9274,1.80012,0.642101,0.678658,0.618334,0.614679,0.623319,0.660031,0.687659,0.677555,0.66643,0.709077
3.9276,1.80006,0.642503,0.679049,0.618202,0.615192,0.624048,0.660051,0.685379,0.677465,0.666701,0.708954
3.9278,1.80068,0.642452,0.678117,0.618861,0.616874,0.625089,0.660345,0.682396,0.676395,0.66896,0.709276
3.928,1.80232,0.642047,0.676706,0.619608,0.618527,0.625757,0.661079,0.679357,0.675202,0.671311,0.710343
3.9282,1.80461,0.641459,0.675655,0.619454,0.619665,0.625814,0.661662,0.677439,0.674822,0.672209,0.712062
3.9284,1.80616,0.640944,0.67507,0.618087,0.620394,0.625654,0.661785,0.677095,0.675002,0.671088,0.713492
3.9286,1.80615,0.640494,0.674685,0.615967,0.621056,0.625809,0.661225,0.677688,0.675621,0.66875,0.713701
3.9288,1.80543,0.639959,0.674366,0.614092,0.621205,0.6268,0.660048,0.679461,0.676355,0.666946,0.713142
3.929,1.8049,0.639376,0.674018,0.613564,0.621244,0.628181,0.659516,0.679945,0.6767,0.667369,0.712585
3.9292,1.80514,0.63838,0.673809,0.615637,0.621673,0.628752,0.660022,0.679373,0.676779,0.669442,0.71256
3.9294,1.80614,0.637134,0.673966,0.61848,0.622111,0.628062,0.661474,0.679331,0.676781,0.671803,0.713178
3.9296,1.80746,0.636041,0.674443,0.619339,0.622284,0.626895,0.662872,0.67988,0.676809,0.672892,0.71414
3.9298,1.8087,0.635276,0.675089,0.617545,0.622809,0.626765,0.663264,0.681205,0.676905,0.671952,0.715096
3.93,1.80942,0.635098,0.676056,0.614428,0.624068,0.627863,0.662404,0.682646,0.677113,0.670455,0.715721
3.9302,1.80961,0.635213,0.677472,0.611991,0.625449,0.629547,0.660792,0.683196,0.676883,0.669846,0.71587
3.9304,1.80984,0.63499,0.678762,0.611521,0.625823,0.630795,0.659457,0.682888,0.676321,0.670363,0.715937
3.9306,1.81023,0.634266,0.679675,0.612667,0.625047,0.630997,0.659605,0.683028,0.675979,0.672047,0.716147
3.9308,1.81037,0.632576,0.680309,0.614322,0.624164,0.629675,0.660824,0.684528,0.676186,0.673693,0.716272
3.931,1.80993,0.631009,0.681135,0.616327,0.62402,0.628412,0.662088,0.686584,0.676306,0.674401,0.715982
3.9312,1.80862,0.630335,0.682141,0.617458,0.624742,0.628646,0.66278,0.687933,0.676185,0.674173,0.715062
3.9314,1.80692,0.630231,0.683062,0.617145,0.62564,0.62971,0.662351,0.688425,0.675847,0.673861,0.713661
3.9316,1.80597,0.630028,0.684007,0.616142,0.626334,0.630288,0.661074,0.68797,0.675517,0.673447,0.712674
3.9318,1.80594,0.629506,0.684894,0.615066,0.626345,0.630181,0.659487,0.688154,0.675697,0.673336,0.712448
3.932,1.80625,0.628638,0.685542,0.614186,0.625969,0.628992,0.658931,0.689316,0.676292,0.673537,0.712674
3.9322,1.80593,0.627772,0.686066,0.613968,0.625532,0.627257,0.659549,0.690003,0.676586,0.67417,0.712567
3.9324,1.80442,0.627381,0.686636,0.614216,0.625252,0.626378,0.660586,0.69024,0.6765,0.674937,0.71158
3.9326,1.8023,0.627533,0.687266,0.614912,0.625895,0.626836,0.661377,0.689938,0.675697,0.67616,0.709936
3.9328,1.80035,0.62789,0.687924,0.615873,0.627094,0.627883,0.661442,0.689491,0.675101,0.67714,0.708334
3.933,1.79915,0.628039,0.688507,0.617086,0.628005,0.628441,0.660701,0.691811,0.675929,0.677101,0.70722
3.9332,1.79869,0.62787,0.688745,0.617878,0.627972,0.627796,0.660085,0.694946,0.677478,0.676112,0.706789
3.9334,1.79795,0.627557,0.68911,0.617562,0.627259,0.625841,0.659782,0.697252,0.678625,0.674666,0.706359
3.9336,1.79635,0.62732,0.690154,0.616246,0.62641,0.62382,0.659732,0.698611,0.678928,0.67415,0.705305
3.9338,1.79416,0.627139,0.691548,0.61506,0.626068,0.622711,0.660092,0.697684,0.677732,0.674967,0.70371
3.934,1.79183,0.627017,0.692357,0.614565,0.626386,0.623244,0.660329,0.695715,0.676233,0.676789,0.70193
3.9342,1.78975,0.627352,0.692199,0.615038,0.626626,0.624643,0.659993,0.695682,0.675636,0.678096,0.700307
3.9344,1.78805,0.628241,0.691215,0.616122,0.626231,0.625417,0.659313,0.697804,0.676525,0.677913,0.698975
3.9346,1.7869,0.628814,0.690134,0.617095,0.626005,0.624616,0.659093,0.69995,0.677856,0.676436,0.698065
3.9348,1.78604,0.628454,0.68958,0.617008,0.626258,0.622727,0.659124,0.700911,0.678689,0.674413,0.697475
3.935,1.78522,0.627326,0.689682,0.615952,0.626942,0.62116,0.659325,0.699567,0.678199,0.673546,0.696936
3.9352,1.78449,0.626288,0.690773,0.614585,0.627293,0.620627,0.658841,0.697141,0.676929,0.674148,0.696463
3.9354,1.78367,0.626156,0.692077,0.613646,0.626507,0.62117,0.658198,0.69694,0.675215,0.675579,0.695966
3.9356,1.78288,0.62705,0.692854,0.613423,0.625253,0.622214,0.658086,0.699244,0.674424,0.676796,0.695445
3.9358,1.78213,0.628273,0.692425,0.614132,0.624301,0.622832,0.658262,0.70115,0.675463,0.676894,0.694995
3.936,1.78125,0.628914,0.691265,0.615223,0.624771,0.622396,0.658631,0.700836,0.677925,0.675864,0.694466
3.9362,1.78057,0.62861,0.690385,0.615715,0.626266,0.621299,0.658601,0.698525,0.679904,0.674284,0.693967
3.9364,1.78047,0.627661,0.68991,0.61546,0.627304,0.620893,0.658085,0.696098,0.680254,0.672779,0.693935
3.9366,1.78068,0.626779,0.689499,0.614917,0.627532,0.621462,0.657366,0.694864,0.678494,0.672344,0.694192
3.9368,1.78081,0.626472,0.689125,0.614715,0.627425,0.622266,0.656405,0.696072,0.675716,0.673335,0.694488
3.937,1.78017,0.626955,0.6888,0.614923,0.627167,0.622481,0.655526,0.698003,0.674427,0.674643,0.694301
3.9372,1.77869,0.627698,0.68896,0.61537,0.626928,0.6218,0.655516,0.6984,0.674942,0.675356,0.693397
3.9374,1.77712,0.627954,0.689438,0.615685,0.626938,0.620491,0.655909,0.698145,0.676617,0.675221,0.692252
3.9376,1.77626,0.627338,0.689323,0.615656,0.627064,0.619414,0.656713,0.696774,0.677369,0.674596,0.691548
3.9378,1.77653,0.625928,0.688195,0.615405,0.627147,0.619287,0.657241,0.695254,0.676776,0.673836,0.691675
3.938,1.77779,0.624435,0.686696,0.615259,0.627327,0.620135,0.657128,0.695092,0.674816,0.673248,0.692669
3.9382,1.77915,0.62385,0.685572,0.615347,0.627717,0.621289,0.656483,0.696773,0.672381,0.673145,0.693925
3.9384,1.77984,0.624008,0.685761,0.615558,0.628006,0.621995,0.655512,0.698439,0.670242,0.673567,0.694753
3.9386,1.77956,0.624626,0.687343,0.616293,0.627965,0.62188,0.655235,0.698585,0.669172,0.674204,0.694843
3.9388,1.77854,0.625381,0.688956,0.617171,0.627718,0.62098,0.655331,0.697521,0.669134,0.674603,0.694242
3.939,1.77786,0.625785,0.689213,0.617838,0.627357,0.619907,0.655689,0.696858,0.669619,0.675368,0.693674
3.9392,1.77833,0.624977,0.688026,0.618188,0.6269,0.619472,0.655738,0.697075,0.669331,0.676386,0.693924
3.9394,1.77954,0.62357,0.686411,0.618094,0.626846,0.620008,0.655296,0.697912,0.667918,0.676978,0.694921
3.9396,1.78051,0.622339,0.685573,0.617872,0.627152,0.62105,0.655084,0.699275,0.666248,0.676841,0.695904
3.9398,1.78031,0.622597,0.686625,0.617887,0.627224,0.621673,0.655146,0.700054,0.664931,0.67605,0.69614
3.94,1.779,0.624619,0.688899,0.618735,0.626812,0.621155,0.655415,0.700311,0.66418,0.675442,0.695217
3.9402,1.77891,0.626921,0.690906,0.619959,0.625754,0.619751,0.655922,0.700213,0.663777,0.675293,0.694966
3.9404,1.77978,0.62906,0.690908,0.620985,0.624491,0.618254,0.656681,0.699701,0.663346,0.676155,0.695598
3.9406,1.78111,0.630705,0.688998,0.621133,0.623173,0.617362,0.657782,0.698968,0.662756,0.678035,0.696718
3.9408,1.7814,0.63092,0.686507,0.620755,0.622604,0.617327,0.658918,0.698096,0.662184,0.67948,0.697362
3.941,1.77983,0.629846,0.685086,0.620356,0.622463,0.617784,0.659539,0.698637,0.661997,0.679292,0.69652
3.9412,1.77759,0.628605,0.685813,0.620937,0.62234,0.617775,0.659909,0.701712,0.662309,0.677936,0.6949
3.9414,1.77663,0.628311,0.687672,0.622192,0.623433,0.617746,0.660172,0.704793,0.66282,0.676101,0.693777
3.9416,1.77853,0.629232,0.689154,0.62309,0.625146,0.618152,0.660242,0.70434,0.663651,0.675029,0.694831
3.9418,1.78227,0.63134,0.689012,0.62323,0.625196,0.617927,0.660004,0.702026,0.664129,0.675447,0.697661
3.942,1.78507,0.633068,0.687022,0.62275,0.623454,0.616968,0.659752,0.699739,0.663918,0.676337,0.700323
3.9422,1.78502,0.633212,0.684376,0.622112,0.620848,0.615739,0.659743,0.700371,0.663438,0.676563,0.700897
3.9424,1.78368,0.632087,0.682613,0.621749,0.618431,0.614514,0.660103,0.70273,0.66337,0.675709,0.699891
3.9426,1.78327,0.630641,0.682405,0.62185,0.617178,0.613544,0.660588,0.70407,0.663789,0.674458,0.699386
3.9428,1.78425,0.630113,0.683309,0.622818,0.617129,0.613146,0.660833,0.702949,0.66428,0.673633,0.699897
3.943,1.78659,0.630789,0.683781,0.623953,0.617803,0.613409,0.660768,0.701799,0.664667,0.673446,0.701582
3.9432,1.78877,0.631772,0.682799,0.623944,0.618999,0.613975,0.660537,0.702505,0.664615,0.673836,0.703478
3.9434,1.7899,0.631847,0.680468,0.622624,0.619859,0.614379,0.660401,0.704206,0.664241,0.674562,0.70455
3.9436,1.79054,0.63022,0.677972,0.620724,0.6197,0.614356,0.660604,0.704998,0.664107,0.675125,0.705116
3.9438,1.79101,0.62763,0.676306,0.61951,0.618739,0.614,0.66117,0.70362,0.664505,0.675047,0.705486
3.944,1.7915,0.625595,0.67549,0.619416,0.617545,0.613676,0.661893,0.703012,0.664873,0.67446,0.705848
3.9442,1.79213,0.625197,0.675399,0.620235,0.616875,0.613761,0.662486,0.704344,0.665151,0.673742,0.706295
3.9444,1.79273,0.6259,0.675405,0.621759,0.617541,0.614856,0.662642,0.705474,0.664906,0.673457,0.70677
3.9446,1.79325,0.626324,0.674862,0.622814,0.619255,0.616425,0.662234,0.70584,0.664549,0.674454,0.707156
3.9448,1.79388,0.625821,0.674473,0.622597,0.621037,0.617906,0.661595,0.705873,0.664598,0.676148,0.707594
3.945,1.79461,0.625203,0.675603,0.621132,0.621901,0.6188,0.661193,0.705291,0.665265,0.677044,0.708107
3.9452,1.7957,0.624745,0.677361,0.619161,0.621065,0.61853,0.661116,0.705984,0.666135,0.676556,0.708822
3.9454,1.79765,0.62496,0.678398,0.617828,0.619467,0.617938,0.660946,0.707568,0.666831,0.675322,0.710209
3.9456,1.79925,0.625531,0.678204,0.618246,0.618635,0.618115,0.660426,0.709138,0.666754,0.674337,0.711521
3.9458,1.80026,0.625614,0.677533,0.620289,0.619497,0.619006,0.659433,0.709814,0.666166,0.674675,0.712351
3.946,1.80027,0.625561,0.677245,0.622019,0.620901,0.620581,0.658507,0.710375,0.665709,0.676511,0.712554
3.9462,1.79935,0.626454,0.677628,0.622013,0.62243,0.622504,0.657574,0.710636,0.665744,0.678255,0.711815
3.9464,1.79914,0.627592,0.678608,0.620449,0.623495,0.624149,0.656562,0.712129,0.666327,0.678868,0.711375
3.9466,1.79966,0.628073,0.679549,0.61829,0.624002,0.624898,0.655326,0.714804,0.667252,0.678216,0.711625
3.9468,1.80041,0.628019,0.68005,0.616976,0.623696,0.624778,0.654137,0.716149,0.668082,0.676901,0.712092
3.947,1.80133,0.628053,0.68045,0.617079,0.622428,0.624625,0.653112,0.715565,0.668566,0.67584,0.712766
3.9472,1.80181,0.628213,0.680925,0.618396,0.621306,0.624639,0.652238,0.715117,0.669301,0.675898,0.713166
3.9474,1.80179,0.628744,0.681816,0.620087,0.621341,0.624777,0.6516,0.715928,0.67048,0.677201,0.713175
3.9476,1.801,0.62905,0.682659,0.621283,0.622293,0.625081,0.650554,0.716879,0.671249,0.678782,0.712645
3.9478,1.7998,0.62919,0.682926,0.621565,0.623385,0.625663,0.649057,0.717346,0.670775,0.679685,0.711643
3.948,1.79929,0.629527,0.682495,0.620874,0.623974,0.626466,0.647893,0.716444,0.669912,0.679967,0.710966
3.9482,1.79988,0.630055,0.681928,0.61971,0.623869,0.627274,0.647215,0.715477,0.668792,0.679813,0.711205
3.9484,1.80067,0.630304,0.682128,0.618506,0.623095,0.627581,0.646585,0.715767,0.668549,0.67963,0.711794
3.9486,1.80091,0.629793,0.683262,0.617681,0.622102,0.627246,0.645734,0.716299,0.670127,0.679517,0.712073
3.9488,1.79993,0.629071,0.684987,0.617436,0.621338,0.626752,0.644763,0.716218,0.672263,0.679576,0.711504
3.949,1.79807,0.628747,0.68619,0.61761,0.621061,0.626669,0.643886,0.716231,0.672895,0.679586,0.710071
3.9492,1.79656,0.628855,0.686809,0.617951,0.621332,0.627191,0.643286,0.715627,0.67073,0.679946,0.708709
3.9494,1.79595,0.629319,0.687049,0.618302,0.621882,0.628057,0.643024,0.716079,0.667271,0.681112,0.708023
3.9496,1.79614,0.629792,0.686709,0.618436,0.622265,0.62873,0.643054,0.718613,0.664205,0.682395,0.708012
3.9498,1.79656,0.629862,0.686549,0.618582,0.622083,0.628784,0.643273,0.721358,0.663164,0.682714,0.708337
3.95,1.79641,0.629598,0.686981,0.61854,0.621319,0.62846,0.643379,0.720128,0.664426,0.681938,0.708351
3.9502,1.79539,0.629125,0.688144,0.618147,0.620256,0.628248,0.643124,0.715887,0.667038,0.680444,0.707685
3.9504,1.79371,0.628614,0.688967,0.617756,0.61959,0.62856,0.642789,0.713044,0.669117,0.678855,0.706452
3.9506,1.79204,0.628823,0.688633,0.617427,0.619639,0.629293,0.642781,0.712873,0.669269,0.678224,0.705067
3.9508,1.79093,0.630404,0.68746,0.61735,0.619811,0.629897,0.643247,0.714297,0.667511,0.679258,0.704093
3.951,1.79033,0.632222,0.686331,0.617554,0.619653,0.629857,0.643885,0.714434,0.665346,0.680988,0.70355
3.9512,1.7901,0.632893,0.686151,0.617844,0.619079,0.629189,0.644661,0.712754,0.664989,0.681388,0.703335
3.9514,1.78982,0.63192,0.687269,0.617723,0.617941,0.628375,0.644897,0.711966,0.666843,0.679295,0.703184
3.9516,1.78928,0.629854,0.688877,0.617265,0.616631,0.627908,0.644791,0.712598,0.67026,0.675437,0.70282
3.9518,1.78872,0.628283,0.690458,0.616706,0.615568,0.62835,0.644527,0.712894,0.673369,0.671711,0.70241
3.952,1.78801,0.628573,0.691495,0.616543,0.615135,0.629263,0.644456,0.712004,0.674332,0.669543,0.701926
3.9522,1.7874,0.630404,0.691479,0.616908,0.61506,0.630156,0.644774,0.710649,0.67309,0.669792,0.701426
3.9524,1.78712,0.632404,0.690134,0.617773,0.614946,0.630577,0.645291,0.710281,0.671154,0.671036,0.7012
3.9526,1.78673,0.63306,0.688875,0.618753,0.614181,0.63014,0.645482,0.711148,0.670086,0.672027,0.700993
3.9528,1.78609,0.631745,0.688778,0.619005,0.612953,0.629377,0.645813,0.712324,0.670841,0.671267,0.700562
3.953,1.78558,0.629527,0.689494,0.618497,0.611828,0.628694,0.646538,0.712318,0.673239,0.668338,0.70016
3.9532,1.78504,0.628417,0.690468,0.617732,0.61113,0.628377,0.64729,0.711152,0.676027,0.664909,0.699842
3.9534,1.78422,0.629158,0.691071,0.617225,0.610739,0.62884,0.647912,0.710401,0.677321,0.662745,0.699296
3.9536,1.78297,0.631666,0.690903,0.61725,0.610688,0.629717,0.648293,0.71042,0.676568,0.662573,0.69851
3.9538,1.78116,0.634195,0.690069,0.617752,0.610589,0.630233,0.648299,0.711749,0.674955,0.663821,0.697206
3.954,1.77955,0.635204,0.689535,0.61873,0.61019,0.630116,0.647976,0.712985,0.673652,0.664548,0.69596
3.9542,1.77837,0.634148,0.690006,0.61937,0.60972,0.630008,0.647713,0.712451,0.673771,0.66381,0.695018
3.9544,1.77772,0.63291,0.691244,0.619597,0.609357,0.63002,0.647998,0.712127,0.675903,0.662185,0.694519
3.9546,1.77759,0.632687,0.692016,0.619429,0.609106,0.62976,0.648728,0.71273,0.678283,0.660594,0.694416
3.9548,1.77752,0.633799,0.69208,0.619318,0.609006,0.629448,0.650244,0.714038,0.679287,0.659589,0.694524
3.955,1.77694,0.635675,0.69126,0.619387,0.60909,0.62908,0.65165,0.714026,0.678585,0.659637,0.69426
3.9552,1.77581,0.636593,0.690296,0.619584,0.60936,0.628572,0.652004,0.712524,0.677228,0.660557,0.693621
3.9554,1.77381,0.636298,0.689987,0.619754,0.609678,0.628318,0.651709,0.711171,0.675777,0.66134,0.692329
3.9556,1.77134,0.635195,0.690615,0.619608,0.609815,0.628677,0.651263,0.710736,0.675023,0.661379,0.690538
3.9558,1.76953,0.634439,0.691893,0.619066,0.609645,0.629548,0.650841,0.709741,0.675612,0.660933,0.689041
3.956,1.76911,0.634589,0.692709,0.618385,0.609316,0.630051,0.651026,0.70871,0.677061,0.660687,0.688589
3.9562,1.77014,0.635682,0.692162,0.617975,0.609319,0.62969,0.651937,0.708363,0.678073,0.660843,0.689277
3.9564,1.77148,0.636714,0.690665,0.618007,0.609941,0.628435,0.653136,0.706915,0.678274,0.660924,0.690554
3.9566,1.77166,0.637083,0.689281,0.618413,0.610576,0.627223,0.653969,0.705057,0.677917,0.661034,0.691119
3.9568,1.77013,0.636248,0.689171,0.619244,0.610679,0.626857,0.654315,0.704916,0.677594,0.661471,0.69036
3.957,1.76782,0.634945,0.690673,0.619954,0.610305,0.627579,0.653998,0.705766,0.67697,0.661979,0.688717
3.9572,1.76618,0.634836,0.692598,0.620402,0.60985,0.629179,0.653435,0.705564,0.676619,0.662834,0.687366
3.9574,1.76613,0.636105,0.693405,0.620319,0.609827,0.630194,0.652863,0.704171,0.676665,0.663566,0.687137
3.9576,1.76761,0.638208,0.692654,0.620062,0.610383,0.629996,0.65277,0.702491,0.676532,0.664022,0.688203
3.9578,1.76971,0.639385,0.69087,0.620249,0.611177,0.628523,0.653388,0.701941,0.676578,0.663987,0.689971
3.958,1.77155,0.638843,0.689161,0.620852,0.61236,0.62683,0.654423,0.702111,0.677447,0.662986,0.691615
3.9582,1.77247,0.637378,0.68818,0.621258,0.613832,0.625918,0.655095,0.702184,0.678724,0.661678,0.692669
3.9584,1.77261,0.63667,0.688172,0.62081,0.614541,0.626196,0.655049,0.701755,0.679262,0.660982,0.692935
3.9586,1.77329,0.636804,0.688896,0.619471,0.613713,0.627513,0.654513,0.701051,0.679107,0.661276,0.693449
3.9588,1.77395,0.637912,0.689238,0.617817,0.611907,0.628993,0.653915,0.700708,0.67823,0.662391,0.694059
3.959,1.77508,0.639418,0.688481,0.61673,0.609998,0.629358,0.653963,0.700903,0.677107,0.663549,0.694897
3.9592,1.776,0.639828,0.686644,0.616397,0.608971,0.628182,0.654513,0.700655,0.676938,0.663727,0.695837
3.9594,1.77655,0.638785,0.68448,0.617122,0.609287,0.626212,0.655217,0.700196,0.677626,0.662832,0.69632
3.9596,1.77786,0.637931,0.682917,0.619579,0.611591,0.624726,0.655644,0.699622,0.67894,0.661796,0.697243
3.9598,1.77953,0.638073,0.681983,0.622194,0.614876,0.625091,0.655851,0.699885,0.679957,0.661511,0.69853
3.96,1.78189,0.639949,0.681591,0.623117,0.616614,0.627527,0.655491,0.701172,0.679906,0.66225,0.70026
3.9602,1.78397,0.641999,0.681357,0.622194,0.615605,0.630828,0.655453,0.701746,0.678811,0.663585,0.702112
3.9604,1.7851,0.642748,0.681242,0.620132,0.612829,0.633082,0.655566,0.701903,0.677961,0.664681,0.703104
3.9606,1.78593,0.641611,0.682245,0.618277,0.610275,0.633123,0.655657,0.701594,0.678371,0.664993,0.703854
3.9608,1.78592,0.639742,0.683312,0.617751,0.609384,0.631418,0.656223,0.700793,0.679687,0.664618,0.703929
3.961,1.7862,0.638593,0.682606,0.618618,0.611141,0.629546,0.656644,0.701388,0.68087,0.6647,0.703978
3.9612,1.7875,0.639403,0.679593,0.620246,0.614597,0.628671,0.656211,0.702296,0.681401,0.665802,0.704806
3.9614,1.78938,0.641784,0.675617,0.621287,0.617591,0.628996,0.655451,0.701716,0.681456,0.667702,0.706151
3.9616,1.79143,0.643451,0.672748,0.621274,0.618318,0.629886,0.654646,0.700941,0.681,0.668907,0.707752
3.9618,1.79246,0.643353,0.671935,0.620057,0.616928,0.630257,0.654827,0.70028,0.680326,0.668437,0.708787
3.962,1.79208,0.641522,0.672881,0.618474,0.614659,0.629469,0.655933,0.700907,0.680457,0.666697,0.708653
3.9622,1.7917,0.640085,0.674404,0.617487,0.613238,0.628043,0.657032,0.701357,0.681112,0.664587,0.708203
3.9624,1.79172,0.640664,0.674804,0.617286,0.614087,0.626571,0.657378,0.700705,0.682073,0.663172,0.708055
3.9626,1.79317,0.642494,0.673659,0.617735,0.61643,0.625396,0.657001,0.701549,0.682692,0.663268,0.708771
3.9628,1.79622,0.644193,0.671887,0.618127,0.619085,0.624727,0.656434,0.703284,0.683087,0.664689,0.710857
3.963,1.79949,0.64465,0.670554,0.61817,0.621023,0.62437,0.656231,0.704635,0.683382,0.66659,0.713441
3.9632,1.80126,0.643512,0.670332,0.618257,0.621859,0.623688,0.656576,0.703716,0.68371,0.667708,0.71508
3.9634,1.80089,0.641642,0.671598,0.618203,0.621806,0.622946,0.657255,0.701244,0.684441,0.667664,0.715116
3.9636,1.79893,0.640665,0.673812,0.617615,0.620912,0.622554,0.657765,0.700599,0.684418,0.667151,0.713644
3.9638,1.7973,0.641215,0.675581,0.616706,0.619774,0.622252,0.657909,0.702157,0.683424,0.666509,0.712055
3.964,1.79713,0.642508,0.676135,0.615981,0.619387,0.62176,0.657701,0.704826,0.682421,0.666759,0.711556
3.9642,1.79783,0.643856,0.676106,0.615781,0.620621,0.620953,0.65779,0.706183,0.682019,0.66759,0.711894
3.9644,1.79881,0.64422,0.67644,0.616257,0.622972,0.619921,0.658436,0.70429,0.682319,0.668619,0.712587
3.9646,1.79913,0.64284,0.676869,0.616963,0.625077,0.618854,0.659018,0.703234,0.682835,0.669128,0.712899
3.9648,1.79894,0.640927,0.677026,0.617363,0.625899,0.617897,0.658982,0.705089,0.683217,0.668963,0.712717
3.965,1.79863,0.639857,0.677036,0.617086,0.625552,0.617454,0.658579,0.70744,0.683703,0.668372,0.712392
3.9652,1.79814,0.640112,0.677203,0.616233,0.624784,0.617716,0.657908,0.708087,0.683799,0.667872,0.711975
3.9654,1.79754,0.640609,0.677724,0.615279,0.62459,0.618263,0.657863,0.706314,0.683216,0.668152,0.711411
3.9656,1.79716,0.640049,0.67906,0.614722,0.624955,0.618443,0.65887,0.704711,0.68211,0.668957,0.710985
3.9658,1.79697,0.638687,0.680655,0.614733,0.625525,0.617959,0.660167,0.704734,0.681095,0.669889,0.710732
3.966,1.79702,0.63679,0.681693,0.615071,0.625592,0.617117,0.660801,0.705552,0.680746,0.669909,0.710653
3.9662,1.79717,0.635266,0.68187,0.615263,0.625397,0.616568,0.660206,0.706041,0.681168,0.66943,0.710707
3.9664,1.79719,0.634757,0.681332,0.615349,0.625551,0.61682,0.658874,0.707191,0.681935,0.669234,0.710677
3.9666,1.79735,0.634554,0.680723,0.615246,0.62618,0.617639,0.657349,0.70817,0.682457,0.669231,0.710691
3.9668,1.79744,0.634193,0.681236,0.615004,0.626657,0.618338,0.656583,0.707721,0.682327,0.669821,0.710735
3.967,1.79712,0.63339,0.683161,0.614996,0.626743,0.618537,0.656387,0.706794,0.681551,0.670248,0.710525
3.9672,1.79667,0.632231,0.685513,0.61502,0.626366,0.618405,0.656486,0.705318,0.680564,0.669906,0.710087
3.9674,1.79627,0.630608,0.686929,0.615136,0.626181,0.618094,0.656967,0.703687,0.679928,0.669439,0.709721
3.9676,1.79576,0.629424,0.686508,0.615583,0.626912,0.617832,0.657473,0.704249,0.680154,0.66937,0.709282
3.9678,1.79542,0.629021,0.684877,0.616125,0.627775,0.617836,0.657473,0.706192,0.680456,0.669604,0.708912
3.968,1.7952,0.628976,0.683884,0.616276,0.628259,0.618119,0.656976,0.707004,0.680474,0.669892,0.708692
3.9682,1.79495,0.628917,0.684882,0.616344,0.628292,0.618498,0.656504,0.705986,0.679747,0.670186,0.708454
3.9684,1.79471,0.628731,0.687341,0.616463,0.627764,0.618814,0.656271,0.70475,0.678042,0.669994,0.708234
3.9686,1.79425,0.628145,0.689666,0.616317,0.626677,0.619027,0.656281,0.704512,0.676594,0.669866,0.707897
3.9688,1.79354,0.62751,0.690518,0.616247,0.626029,0.619176,0.656513,0.705037,0.675884,0.669773,0.707342
3.969,1.79279,0.627202,0.68981,0.61627,0.626186,0.61931,0.656796,0.705844,0.675077,0.66973,0.706732
3.9692,1.79189,0.627307,0.688463,0.616229,0.62703,0.619399,0.656526,0.705976,0.673661,0.669884,0.706039
3.9694,1.79094,0.62759,0.687502,0.616447,0.627692,0.619336,0.656463,0.706898,0.671869,0.669954,0.705267
3.9696,1.79055,0.627767,0.687954,0.616823,0.62816,0.619009,0.657031,0.707792,0.670732,0.670199,0.704796
3.9698,1.79028,0.627604,0.689265,0.616839,0.628339,0.618457,0.657972,0.706822,0.670039,0.670207,0.704665
3.97,1.78952,0.627117,0.690279,0.616493,0.627664,0.618012,0.658527,0.704822,0.669284,0.669782,0.704143
3.9702,1.78797,0.626925,0.690522,0.616156,0.626432,0.618059,0.658416,0.702676,0.668041,0.669152,0.703166
3.9704,1.78537,0.627251,0.6901,0.616305,0.625838,0.618031,0.657716,0.701534,0.666446,0.668622,0.70127
3.9706,1.78264,0.627738,0.689405,0.61667,0.626126,0.617499,0.657269,0.701909,0.664884,0.668493,0.699157
3.9708,1.78066,0.627939,0.688828,0.616832,0.627739,0.61635,0.657416,0.701922,0.663924,0.668625,0.697403
3.971,1.78015,0.627776,0.688638,0.616614,0.62949,0.614861,0.658865,0.700998,0.663609,0.668979,0.696831
3.9712,1.78026,0.627452,0.688716,0.616215,0.630638,0.613585,0.661181,0.700307,0.663626,0.669134,0.696934
3.9714,1.78026,0.627407,0.689291,0.615987,0.631003,0.612765,0.662675,0.700409,0.66364,0.668768,0.697092
3.9716,1.77901,0.62796,0.690421,0.616127,0.63074,0.612705,0.662765,0.700387,0.663463,0.668391,0.696513
3.9718,1.77636,0.62892,0.691585,0.616507,0.630302,0.613289,0.661462,0.699469,0.6631,0.668453,0.694686
3.972,1.77373,0.629802,0.692307,0.616878,0.629852,0.613815,0.660141,0.698007,0.662791,0.668944,0.692641
3.9722,1.77186,0.630267,0.692183,0.617364,0.629628,0.613189,0.659879,0.697243,0.662858,0.669334,0.691096
3.9724,1.77134,0.630247,0.69117,0.617757,0.629537,0.611408,0.660771,0.697921,0.663443,0.669262,0.690535
3.9726,1.77163,0.629887,0.689682,0.617877,0.629333,0.609403,0.662107,0.69847,0.664024,0.668632,0.690853
3.9728,1.77119,0.629499,0.688681,0.617947,0.628798,0.608271,0.662639,0.699303,0.664411,0.667966,0.690846
3.973,1.76991,0.629505,0.689357,0.617863,0.627735,0.608398,0.662271,0.700874,0.665052,0.667642,0.690091
3.9732,1.76814,0.629943,0.691303,0.617812,0.626416,0.609239,0.661866,0.701411,0.665769,0.667663,0.688933
3.9734,1.76607,0.630285,0.692729,0.618163,0.625229,0.60985,0.662036,0.69954,0.66671,0.66762,0.687453
3.9736,1.76482,0.63015,0.692566,0.61895,0.624531,0.610368,0.662887,0.69764,0.667875,0.667064,0.686397
3.9738,1.76481,0.629406,0.690932,0.619937,0.624268,0.61083,0.663644,0.698261,0.668894,0.665405,0.68633
3.974,1.7657,0.628785,0.689389,0.62087,0.623584,0.611205,0.664384,0.700075,0.669787,0.663499,0.687032
3.9742,1.7672,0.62896,0.688869,0.621276,0.622589,0.611347,0.664773,0.702257,0.670262,0.662174,0.688292
3.9744,1.76839,0.629609,0.689656,0.621185,0.621845,0.611411,0.664759,0.704155,0.670686,0.661309,0.6895
3.9746,1.76912,0.630355,0.690742,0.620769,0.62121,0.611589,0.664473,0.704716,0.67115,0.660736,0.690203
3.9748,1.76998,0.630534,0.691239,0.62028,0.620393,0.612318,0.663895,0.704228,0.672015,0.661164,0.690973
3.975,1.77104,0.630801,0.690424,0.619903,0.619025,0.613733,0.663795,0.70336,0.672903,0.66317,0.691865
3.9752,1.77218,0.63236,0.688649,0.619939,0.617414,0.615203,0.664292,0.703545,0.673176,0.664557,0.692879
3.9754,1.77271,0.633722,0.686969,0.620282,0.616155,0.615603,0.664906,0.704903,0.673281,0.664325,0.693567
3.9756,1.77209,0.633318,0.686231,0.620608,0.615373,0.614801,0.665776,0.705205,0.673625,0.662784,0.69339
3.9758,1.77098,0.631489,0.686409,0.620926,0.614928,0.613625,0.666412,0.705056,0.673881,0.660563,0.692604
3.976,1.77033,0.629537,0.686594,0.621217,0.614745,0.613173,0.666312,0.704856,0.674052,0.658912,0.692063
3.9762,1.7703,0.628489,0.685945,0.621574,0.61479,0.61425,0.665138,0.704271,0.674144,0.658671,0.692002
3.9764,1.77132,0.628397,0.684176,0.621801,0.614807,0.616522,0.664045,0.703423,0.674819,0.660387,0.692665
3.9766,1.77314,0.628944,0.681948,0.621779,0.614621,0.61884,0.663389,0.703135,0.675992,0.663333,0.694082
3.9768,1.77509,0.62956,0.680348,0.621491,0.614319,0.619912,0.663942,0.703455,0.677746,0.665244,0.695691
3.977,1.77674,0.629789,0.680223,0.621437,0.614069,0.619372,0.665505,0.70495,0.679621,0.664872,0.697117
3.9772,1.77774,0.629779,0.680956,0.621533,0.614019,0.617814,0.666698,0.707469,0.680771,0.662815,0.69809
3.9774,1.77816,0.62994,0.681012,0.621771,0.614196,0.616911,0.667039,0.7085,0.680699,0.66102,0.698529
3.9776,1.77844,0.630276,0.679611,0.622094,0.614447,0.617429,0.665925,0.707946,0.679961,0.661348,0.698777
3.9778,1.77909,0.63084,0.676931,0.622444,0.61504,0.619119,0.663558,0.707482,0.679384,0.663631,0.699167
3.978,1.78087,0.631673,0.674787,0.622632,0.615595,0.620925,0.661867,0.707686,0.6792,0.666085,0.700364
3.9782,1.78337,0.63203,0.673912,0.62261,0.615625,0.621483,0.662283,0.708817,0.67985,0.666902,0.702256
3.9784,1.7855,0.631516,0.6736,0.622484,0.615572,0.62065,0.664119,0.709001,0.681244,0.665611,0.704065
3.9786,1.7864,0.631604,0.673524,0.622079,0.615761,0.619381,0.665224,0.70853,0.682716,0.663972,0.70503
3.9788,1.78595,0.632855,0.673986,0.621905,0.615986,0.619019,0.665196,0.709273,0.684311,0.663696,0.70484
3.979,1.78585,0.634466,0.673909,0.622269,0.615969,0.619868,0.664533,0.710429,0.684358,0.664925,0.704518
3.9792,1.78696,0.635068,0.673127,0.62242,0.615823,0.620853,0.663443,0.711578,0.682032,0.666937,0.705099
3.9794,1.78944,0.634221,0.672641,0.62185,0.616192,0.621294,0.662347,0.711392,0.678676,0.668842,0.706779
3.9796,1.79216,0.632898,0.673069,0.620739,0.616923,0.62115,0.661758,0.711283,0.676133,0.669872,0.708895
3.9798,1.79407,0.631994,0.673763,0.620084,0.617884,0.620736,0.661829,0.710826,0.675649,0.669546,0.710587
3.98,1.79416,0.632613,0.674114,0.620078,0.618352,0.620351,0.662267,0.710213,0.677106,0.66857,0.710921
3.9802,1.79295,0.634317,0.674035,0.620598,0.618442,0.620307,0.662466,0.710592,0.678748,0.66791,0.710084
3.9804,1.79111,0.635801,0.673289,0.621049,0.618264,0.620775,0.662159,0.710684,0.678577,0.66814,0.708608
3.9806,1.78992,0.635976,0.672531,0.620851,0.61794,0.621371,0.662054,0.711154,0.676087,0.669625,0.7074
3.9808,1.78978,0.635296,0.672987,0.620403,0.617705,0.621599,0.661976,0.710455,0.671976,0.672389,0.707068
3.981,1.78988,0.634726,0.674519,0.619801,0.618095,0.621617,0.661733,0.707883,0.668189,0.674774,0.707095
3.9812,1.78984,0.634459,0.675888,0.619039,0.618707,0.621844,0.661125,0.706944,0.666255,0.675446,0.707065
3.9814,1.78919,0.633886,0.676084,0.618672,0.619332,0.622271,0.660182,0.708976,0.666539,0.67436,0.706658
3.9816,1.78804,0.633217,0.675013,0.618553,0.620068,0.622491,0.659355,0.712595,0.667555,0.67293,0.705738
3.9818,1.78736,0.63227,0.673534,0.618741,0.62057,0.622193,0.659248,0.714185,0.667714,0.672168,0.705022
3.982,1.7874,0.631215,0.672928,0.619192,0.620324,0.621426,0.659478,0.712641,0.666408,0.672996,0.704897
3.9822,1.7879,0.630522,0.673813,0.619392,0.619348,0.620678,0.660034,0.710205,0.664137,0.675054,0.705198
3.9824,1.78845,0.630953,0.675681,0.619275,0.618302,0.620657,0.660149,0.709276,0.661929,0.676844,0.705626
3.9826,1.78864,0.631544,0.677361,0.618549,0.617937,0.621592,0.659079,0.710096,0.660828,0.677965,0.705823
3.9828,1.78848,0.631485,0.677988,0.617665,0.618647,0.622837,0.657703,0.712034,0.661091,0.677595,0.70571
3.983,1.78822,0.630593,0.677542,0.616859,0.619951,0.623559,0.656768,0.712209,0.662063,0.676069,0.705486
3.9832,1.78805,0.628997,0.676638,0.616735,0.620969,0.623354,0.656645,0.710822,0.662841,0.674606,0.70526
3.9834,1.78842,0.626993,0.676163,0.617168,0.621153,0.622288,0.656973,0.710267,0.662886,0.673637,0.705414
3.9836,1.78901,0.625622,0.676483,0.617979,0.620526,0.621029,0.657762,0.710532,0.662219,0.673657,0.705843
3.9838,1.7892,0.625172,0.677466,0.618411,0.619856,0.620647,0.657867,0.710762,0.661289,0.674474,0.706076
3.984,1.78856,0.625284,0.678541,0.618128,0.620102,0.621148,0.656708,0.710785,0.660833,0.675393,0.70571
3.9842,1.78723,0.625204,0.678672,0.61695,0.621388,0.621887,0.655295,0.709805,0.661446,0.675681,0.704728
3.9844,1.78593,0.624418,0.677941,0.61569,0.622763,0.621944,0.654998,0.708544,0.66238,0.675214,0.703629
3.9846,1.78532,0.623251,0.676706,0.615312,0.623084,0.62084,0.655873,0.707364,0.662667,0.674108,0.702958
3.9848,1.78575,0.622102,0.676111,0.615692,0.62278,0.618925,0.657155,0.707034,0.66205,0.673494,0.703092
3.985,1.78678,0.621691,0.676279,0.616627,0.622392,0.617214,0.658373,0.707689,0.6611,0.67345,0.703835
3.9852,1.78758,0.622232,0.676646,0.617461,0.62266,0.616268,0.65894,0.708054,0.660544,0.673593,0.704547
3.9854,1.78757,0.623181,0.676549,0.617245,0.623865,0.616919,0.658623,0.707417,0.660823,0.674003,0.704693
3.9856,1.78676,0.623869,0.675414,0.616524,0.625262,0.618129,0.657595,0.705692,0.661781,0.673738,0.704172
3.9858,1.78559,0.623912,0.674049,0.616296,0.626018,0.618641,0.656761,0.704292,0.662906,0.672884,0.70327
3.986,1.78455,0.623457,0.672956,0.616698,0.625568,0.617465,0.656838,0.704844,0.663738,0.672317,0.702385
3.9862,1.78406,0.622983,0.672292,0.617678,0.624569,0.61515,0.657765,0.706204,0.663937,0.67229,0.701866
3.9864,1.78423,0.622873,0.67197,0.618724,0.624153,0.612835,0.659206,0.706587,0.663538,0.672399,0.701903
3.9866,1.78432,0.622966,0.671755,0.619218,0.624772,0.611636,0.660374,0.706506,0.663084,0.672542,0.702077
3.9868,1.78361,0.623291,0.671149,0.618787,0.625854,0.61156,0.660458,0.705696,0.663108,0.672444,0.701665
3.987,1.78215,0.624132,0.670539,0.617754,0.626228,0.612102,0.659538,0.703963,0.663933,0.671747,0.700717
3.9872,1.77991,0.625135,0.670425,0.616833,0.625745,0.612723,0.658378,0.702936,0.664649,0.671035,0.699068
3.9874,1.77798,0.625623,0.670753,0.616508,0.62486,0.612748,0.658218,0.70406,0.664706,0.670856,0.697457
3.9876,1.77683,0.625286,0.67155,0.616843,0.624674,0.61205,0.659007,0.705114,0.664997,0.671667,0.696449
3.9878,1.77621,0.62449,0.672143,0.617437,0.625173,0.611043,0.660266,0.705578,0.665923,0.672643,0.695979
3.988,1.77556,0.623985,0.672489,0.617788,0.626051,0.610314,0.661231,0.70671,0.667072,0.672808,0.695543
3.9882,1.77441,0.624289,0.672457,0.617696,0.626939,0.610339,0.661445,0.707364,0.667554,0.671894,0.694873
3.9884,1.7726,0.6253,0.672745,0.617345,0.627186,0.611089,0.661201,0.70828,0.667423,0.670458,0.693576
3.9886,1.77121,0.62641,0.673589,0.616931,0.627049,0.612004,0.660149,0.710019,0.667073,0.669423,0.692464
3.9888,1.77074,0.627012,0.674318,0.616521,0.626604,0.612608,0.658725,0.71047,0.666624,0.669216,0.691964
3.989,1.77119,0.626971,0.675119,0.616544,0.62623,0.612734,0.657939,0.709114,0.667142,0.670009,0.692282
3.9892,1.77176,0.626439,0.676178,0.616835,0.625602,0.612728,0.65828,0.707109,0.668804,0.670923,0.692888
3.9894,1.77193,0.625692,0.677147,0.617134,0.624862,0.613005,0.659284,0.706822,0.670687,0.670809,0.693148
3.9896,1.77203,0.625672,0.677348,0.616957,0.624331,0.61338,0.660335,0.708677,0.671323,0.669619,0.693342
3.9898,1.77171,0.626452,0.676768,0.616213,0.624176,0.61348,0.660968,0.709588,0.670306,0.667922,0.693275
3.99,1.77098,0.627202,0.675302,0.615987,0.624581,0.613177,0.660939,0.709002,0.668798,0.666683,0.692817
3.9902,1.77108,0.627489,0.673859,0.617451,0.625564,0.612746,0.660546,0.707794,0.668078,0.666669,0.692727
3.9904,1.7718,0.62783,0.673541,0.619527,0.626447,0.612601,0.660022,0.707044,0.668526,0.667462,0.693318
3.9906,1.77306,0.629296,0.674766,0.621001,0.626712,0.61301,0.659526,0.707102,0.669052,0.668171,0.694249
3.9908,1.77425,0.630357,0.676555,0.620951,0.62618,0.613874,0.659566,0.708306,0.668819,0.668203,0.695405
3.991,1.77458,0.629942,0.677567,0.619283,0.625424,0.614803,0.659758,0.709731,0.668042,0.667546,0.69582
3.9912,1.7747,0.628067,0.677263,0.616998,0.62478,0.615457,0.659742,0.7097,0.667238,0.666707,0.696001
3.9914,1.77494,0.625742,0.676514,0.615203,0.624752,0.616062,0.660292,0.707914,0.666672,0.666192,0.696153
3.9916,1.77609,0.624733,0.676089,0.614409,0.625056,0.617091,0.661247,0.705219,0.665578,0.665969,0.696894
3.9918,1.77782,0.625738,0.67623,0.614564,0.625087,0.618102,0.661617,0.704778,0.664339,0.666051,0.698249
3.992,1.77933,0.627781,0.677242,0.615051,0.624564,0.61885,0.661355,0.706267,0.663441,0.666292,0.699545
3.9922,1.77983,0.629409,0.678325,0.615069,0.623596,0.619796,0.661282,0.708933,0.662924,0.666672,0.700198
3.9924,1.7794,0.629704,0.678811,0.614452,0.622389,0.62061,0.661517,0.711334,0.662367,0.667171,0.699984
3.9926,1.7786,0.628063,0.678919,0.614382,0.621363,0.621192,0.662063,0.711182,0.661931,0.667316,0.699419
3.9928,1.77842,0.625489,0.679046,0.615532,0.620641,0.621184,0.663132,0.708191,0.662186,0.666967,0.699027
3.993,1.77995,0.623575,0.678845,0.61692,0.621342,0.620695,0.664569,0.706833,0.664192,0.666901,0.699965
3.9932,1.78216,0.624352,0.67861,0.617623,0.623259,0.620173,0.665293,0.709552,0.666608,0.667864,0.701625
3.9934,1.78403,0.627941,0.678407,0.617674,0.624654,0.620722,0.664891,0.713538,0.667482,0.668882,0.703253
3.9936,1.7846,0.631529,0.678349,0.617522,0.624103,0.6227,0.663685,0.714662,0.666338,0.66948,0.703955
3.9938,1.78436,0.632729,0.678882,0.617167,0.621915,0.62481,0.662255,0.711488,0.664512,0.669743,0.703776
3.994,1.78427,0.63179,0.679741,0.61669,0.619518,0.626031,0.660897,0.707909,0.663667,0.669734,0.703624
3.9942,1.78507,0.630531,0.680304,0.61633,0.618757,0.625675,0.660366,0.706318,0.664515,0.669242,0.703985
3.9944,1.78675,0.629796,0.680049,0.616495,0.619998,0.624383,0.660857,0.707415,0.667018,0.669344,0.705176
3.9946,1.78817,0.629993,0.678903,0.617387,0.621978,0.623247,0.661315,0.710616,0.669296,0.670013,0.706361
3.9948,1.78937,0.630968,0.677293,0.61875,0.623232,0.623577,0.661265,0.712568,0.669284,0.670696,0.707239
3.995,1.7904,0.631702,0.675816,0.619693,0.623338,0.625291,0.660867,0.71182,0.667752,0.671258,0.708066
3.9952,1.79086,0.631934,0.675157,0.619819,0.621999,0.627187,0.659928,0.711581,0.666718,0.671248,0.708478
3.9954,1.79123,0.632212,0.675944,0.619216,0.619799,0.628265,0.658493,0.712629,0.667464,0.670559,0.708651
3.9956,1.79148,0.632884,0.678349,0.618137,0.618629,0.628758,0.657846,0.712844,0.669152,0.669622,0.708829
3.9958,1.79201,0.633808,0.679989,0.617318,0.619274,0.628853,0.658378,0.711882,0.670167,0.66931,0.709046
3.996,1.79326,0.635004,0.679382,0.617229,0.621387,0.628769,0.658736,0.709779,0.669389,0.669838,0.709835
3.9962,1.7946,0.635851,0.676543,0.617643,0.623631,0.628662,0.65849,0.707522,0.667782,0.670866,0.710825
3.9964,1.79581,0.635917,0.672747,0.618269,0.624502,0.62889,0.65771,0.707805,0.667698,0.672274,0.711699
3.9966,1.79731,0.635334,0.669733,0.618991,0.623427,0.629375,0.657186,0.709831,0.669423,0.673228,0.712706
3.9968,1.79875,0.635224,0.668749,0.619379,0.621907,0.629884,0.656862,0.711317,0.671812,0.672512,0.713772
3.997,1.80009,0.635557,0.669781,0.619036,0.621098,0.629927,0.657027,0.709267,0.673204,0.670883,0.714691
3.9972,1.80121,0.636211,0.671405,0.617969,0.621428,0.629904,0.657514,0.705082,0.672613,0.670364,0.715542
3.9974,1.80176,0.63726,0.671733,0.616776,0.622653,0.629971,0.657681,0.703558,0.670953,0.671532,0.715927
3.9976,1.80179,0.637849,0.670076,0.616021,0.624138,0.630013,0.657562,0.705559,0.670111,0.673218,0.715914
3.9978,1.80174,0.637425,0.667436,0.615912,0.625367,0.630149,0.657027,0.708954,0.671104,0.674188,0.715716
3.998,1.80198,0.636784,0.665129,0.616417,0.62559,0.630137,0.656433,0.709321,0.673389,0.673549,0.715714
3.9982,1.80287,0.636294,0.663951,0.616861,0.62523,0.63014,0.656042,0.706403,0.675185,0.672038,0.71611
3.9984,1.80412,0.63641,0.664006,0.616663,0.62496,0.630424,0.656301,0.704399,0.675666,0.671471,0.716953
3.9986,1.80526,0.636828,0.664619,0.615411,0.624519,0.630453,0.656644,0.705574,0.674352,0.672437,0.717729
3.9988,1.80609,0.636866,0.664984,0.613707,0.623943,0.630337,0.656615,0.709145,0.672646,0.674081,0.718346
3.999,1.80638,0.636437,0.664915,0.612306,0.623665,0.630506,0.655964,0.710232,0.672442,0.675393,0.718468
3.9992,1.80659,0.636094,0.66465,0.611942,0.623723,0.630898,0.655416,0.708858,0.674241,0.675248,0.718525
3.9994,1.80647,0.635623,0.664232,0.612426,0.624371,0.631201,0.6551,0.706668,0.67647,0.674166,0.718337
3.9996,1.80633,0.63587,0.663975,0.61268,0.625179,0.631049,0.654707,0.705276,0.677245,0.673714,0.718077
3.9998,1.80603,0.636658,0.664203,0.61201,0.625666,0.630335,0.654793,0.70717,0.675971,0.674535,0.717733
4,1.80574,0.637077,0.664589,0.610763,0.625908,0.629559,0.6552,0.710861,0.673604,0.676306,0.717352
