TIME,I_pu39,I_pu31,I_pu38,I_pu37,I_pu36,I_pu35,I_pu30,I_pu34,I_pu33,I_pu
2.9,0.633898,0.650507,0.614954,0.623027,0.624072,0.647829,0.69696,0.682619,0.65683,0.671309
2.9002,0.633445,0.649935,0.614316,0.62221,0.624877,0.647733,0.696704,0.682479,0.656553,0.671294
2.9004,0.634248,0.649679,0.613322,0.621631,0.626147,0.646759,0.696457,0.682576,0.656103,0.671668
2.9006,0.635519,0.649879,0.61239,0.621646,0.627094,0.645008,0.696051,0.68289,0.655789,0.67196
2.9008,0.636519,0.650087,0.612047,0.622816,0.627451,0.643284,0.696443,0.682995,0.655958,0.671717
2.901,0.636743,0.649849,0.612265,0.624293,0.627271,0.642234,0.697055,0.682895,0.65651,0.670775
2.9012,0.636172,0.648934,0.612756,0.625002,0.626722,0.641933,0.696448,0.682403,0.656942,0.669504
2.9014,0.635115,0.647441,0.613072,0.624639,0.626178,0.641999,0.69592,0.681689,0.657474,0.66854
2.9016,0.634415,0.646289,0.612985,0.623393,0.626286,0.641962,0.696055,0.681522,0.657838,0.66826
2.9018,0.634186,0.645729,0.612608,0.622689,0.626856,0.641554,0.696252,0.681972,0.657597,0.66864
2.902,0.635163,0.645804,0.61226,0.623396,0.628094,0.640901,0.695795,0.682517,0.657383,0.669326
2.9022,0.63659,0.646053,0.612194,0.624865,0.629383,0.640395,0.694847,0.683344,0.657411,0.669793
2.9024,0.638019,0.645705,0.612456,0.626192,0.629895,0.640347,0.693786,0.684024,0.658161,0.669899
2.9026,0.638933,0.644727,0.612963,0.626156,0.629578,0.640794,0.69347,0.683661,0.65948,0.669789
2.9028,0.63861,0.643514,0.613313,0.625268,0.628675,0.641583,0.694488,0.682516,0.660463,0.669718
2.903,0.63754,0.642313,0.613726,0.624315,0.628014,0.641964,0.695789,0.681636,0.660591,0.669773
2.9032,0.63646,0.641012,0.614442,0.6238,0.628113,0.641827,0.695749,0.681669,0.660511,0.670087
2.9034,0.636476,0.639822,0.615252,0.623716,0.628704,0.641788,0.695605,0.682336,0.660521,0.670765
2.9036,0.637342,0.639091,0.615761,0.623953,0.628999,0.642033,0.695475,0.68244,0.660519,0.671661
2.9038,0.638565,0.639007,0.615845,0.624377,0.628451,0.642297,0.694882,0.681585,0.660847,0.672213
2.904,0.6391,0.639141,0.615568,0.624645,0.627999,0.642414,0.694741,0.68051,0.661111,0.672072
2.9042,0.638226,0.638925,0.615284,0.624687,0.627926,0.642255,0.695084,0.680287,0.661673,0.671808
2.9044,0.637167,0.638271,0.615566,0.624523,0.628451,0.641898,0.694915,0.680768,0.66278,0.672157
2.9046,0.636882,0.637526,0.616616,0.624277,0.62964,0.64169,0.695024,0.681194,0.663802,0.672929
2.9048,0.637667,0.637185,0.617855,0.624332,0.6306,0.641975,0.695459,0.680894,0.664902,0.673904
2.905,0.638898,0.637322,0.618628,0.624612,0.630638,0.642716,0.695307,0.680117,0.666058,0.674714
2.9052,0.639647,0.637903,0.618614,0.625321,0.630429,0.643613,0.695223,0.679108,0.667013,0.675137
2.9054,0.639275,0.638632,0.617776,0.625749,0.630438,0.644325,0.694405,0.678488,0.667763,0.675364
2.9056,0.638868,0.639135,0.616871,0.625523,0.630495,0.644522,0.693516,0.678908,0.668136,0.675782
2.9058,0.638996,0.639114,0.616984,0.624796,0.630532,0.644131,0.693665,0.679812,0.667773,0.676281
2.906,0.639468,0.638692,0.618463,0.624289,0.630433,0.64378,0.693778,0.680611,0.666783,0.676837
2.9062,0.640475,0.638687,0.620348,0.625096,0.63014,0.644029,0.693755,0.6807,0.665576,0.676998
2.9064,0.641062,0.639615,0.621208,0.626659,0.629704,0.644513,0.692821,0.679677,0.664543,0.676761
2.9066,0.640543,0.640915,0.620426,0.627812,0.629975,0.644548,0.690923,0.678541,0.664389,0.676642
2.9068,0.639432,0.641772,0.618591,0.6277,0.631163,0.643966,0.689774,0.678799,0.664596,0.676763
2.907,0.638514,0.641729,0.616802,0.626428,0.632794,0.642769,0.69072,0.680548,0.665893,0.676758
2.9072,0.638019,0.641146,0.616445,0.625206,0.633819,0.641408,0.69201,0.682457,0.667484,0.676582
2.9074,0.638104,0.640831,0.617656,0.625585,0.633588,0.640582,0.691998,0.683383,0.667585,0.675803
2.9076,0.638607,0.64151,0.620043,0.627143,0.632426,0.640658,0.691715,0.683243,0.666198,0.674596
2.9078,0.639109,0.643305,0.622519,0.628611,0.631281,0.641585,0.691301,0.682826,0.664101,0.673232
2.908,0.639254,0.645925,0.623138,0.628738,0.631355,0.642001,0.691745,0.682543,0.66261,0.672336
2.9082,0.639,0.648195,0.621413,0.627661,0.632612,0.641151,0.693299,0.682783,0.663907,0.6718
2.9084,0.638817,0.649091,0.618608,0.626634,0.634578,0.639294,0.694863,0.683595,0.666602,0.671635
2.9086,0.639573,0.648733,0.616427,0.626088,0.636132,0.637243,0.695414,0.684402,0.668002,0.672532
2.9088,0.640869,0.647957,0.615873,0.625844,0.636318,0.636029,0.695762,0.684968,0.668206,0.67372
2.909,0.641506,0.648075,0.616894,0.626045,0.635419,0.635905,0.696733,0.68442,0.667407,0.673861
2.9092,0.640626,0.649661,0.61842,0.626643,0.63413,0.636298,0.697113,0.683263,0.665841,0.672581
2.9094,0.638504,0.651826,0.619182,0.627138,0.63334,0.636507,0.696736,0.682498,0.665002,0.670935
2.9096,0.636059,0.653146,0.618766,0.627138,0.633435,0.636121,0.696512,0.682727,0.666324,0.669842
2.9098,0.634504,0.653143,0.617798,0.626712,0.634901,0.635216,0.696273,0.683287,0.668541,0.669961
2.91,0.634392,0.652627,0.617046,0.626173,0.636797,0.634114,0.696173,0.683559,0.670156,0.671539
2.9102,0.635395,0.652495,0.61697,0.62583,0.638207,0.633323,0.695954,0.68382,0.670105,0.673696
2.9104,0.636175,0.653008,0.617588,0.625917,0.638606,0.633189,0.696849,0.684247,0.668534,0.674854
2.9106,0.635421,0.654034,0.618405,0.626236,0.63755,0.633672,0.698162,0.683999,0.666863,0.67482
2.9108,0.63322,0.655453,0.618751,0.626374,0.635484,0.634442,0.698681,0.68337,0.666147,0.674424
2.911,0.630663,0.65676,0.618446,0.625827,0.63432,0.635171,0.699323,0.683772,0.666553,0.674194
2.9112,0.628862,0.657677,0.618759,0.625053,0.635048,0.635345,0.700079,0.685852,0.667775,0.674309
2.9114,0.629179,0.658586,0.619887,0.624758,0.636891,0.634815,0.700363,0.687557,0.668817,0.674734
2.9116,0.631946,0.659537,0.620858,0.625043,0.638378,0.634334,0.699973,0.687356,0.669063,0.674896
2.9118,0.634468,0.660022,0.620789,0.625523,0.638678,0.634585,0.698999,0.68547,0.668835,0.674662
2.912,0.633858,0.660125,0.619643,0.625745,0.637795,0.63522,0.698386,0.682932,0.668495,0.674102
2.9122,0.630039,0.659955,0.618213,0.624984,0.636606,0.635603,0.698341,0.68135,0.668327,0.673427
2.9124,0.625954,0.659679,0.617482,0.623612,0.636454,0.635389,0.698398,0.681432,0.668185,0.673068
2.9126,0.623977,0.660078,0.618186,0.622355,0.63711,0.634699,0.698521,0.683129,0.667762,0.672704
2.9128,0.624832,0.661205,0.619795,0.622425,0.63786,0.634057,0.698138,0.684563,0.667082,0.671804
2.913,0.627743,0.662861,0.621527,0.623256,0.638053,0.634053,0.698003,0.684638,0.666661,0.670696
2.9132,0.63005,0.663976,0.622284,0.623838,0.63759,0.634794,0.698685,0.683538,0.666917,0.669751
2.9134,0.630034,0.66435,0.621529,0.623165,0.636973,0.635923,0.698499,0.682308,0.667569,0.669364
2.9136,0.628768,0.663965,0.619823,0.621604,0.636542,0.636922,0.698532,0.681438,0.668016,0.669475
2.9138,0.62728,0.66296,0.618638,0.61995,0.636431,0.637324,0.699405,0.681307,0.667869,0.669717
2.914,0.626803,0.662414,0.618734,0.619238,0.636651,0.637102,0.699361,0.681854,0.667094,0.669274
2.9142,0.627399,0.662663,0.619815,0.619363,0.636895,0.636625,0.698233,0.682065,0.666485,0.667777
2.9144,0.628061,0.663472,0.621004,0.619731,0.636779,0.63633,0.697762,0.681636,0.666628,0.665653
2.9146,0.628719,0.664223,0.621354,0.619659,0.636681,0.636617,0.697451,0.681125,0.667612,0.664077
2.9148,0.629252,0.664049,0.620885,0.618959,0.636966,0.636892,0.696349,0.68097,0.668675,0.663391
2.915,0.629553,0.662922,0.620053,0.618482,0.637396,0.637039,0.69557,0.680687,0.668985,0.663392
2.9152,0.629058,0.661381,0.619427,0.618784,0.637676,0.636546,0.694842,0.680166,0.668296,0.663664
2.9154,0.628118,0.660125,0.619686,0.619269,0.637525,0.63544,0.693875,0.67961,0.667411,0.663775
2.9156,0.627318,0.659689,0.620375,0.619552,0.63719,0.634643,0.694137,0.678952,0.667008,0.663449
2.9158,0.626674,0.660375,0.621282,0.619189,0.636563,0.634386,0.695201,0.678334,0.667736,0.662664
2.916,0.626671,0.661361,0.622029,0.61849,0.636512,0.634184,0.695771,0.677984,0.668762,0.661805
2.9162,0.627036,0.662054,0.621787,0.618255,0.637035,0.633494,0.695082,0.677938,0.66947,0.661422
2.9164,0.627863,0.661815,0.620567,0.618473,0.637771,0.632503,0.693842,0.678061,0.669239,0.661727
2.9166,0.628584,0.660949,0.619306,0.618857,0.637936,0.631291,0.693512,0.678157,0.668122,0.662565
2.9168,0.62916,0.660213,0.618534,0.619161,0.637558,0.630343,0.693605,0.677953,0.667034,0.663429
2.917,0.629565,0.659946,0.618453,0.618809,0.636435,0.630166,0.694009,0.677439,0.666548,0.663922
2.9172,0.629518,0.659798,0.619168,0.617876,0.634995,0.630761,0.694861,0.677351,0.667082,0.664126
2.9174,0.628835,0.659421,0.62014,0.616888,0.6349,0.631483,0.695003,0.677586,0.667916,0.664314
2.9176,0.628271,0.659017,0.620837,0.616291,0.636589,0.631078,0.694572,0.67774,0.668574,0.66423
2.9178,0.628332,0.658352,0.620834,0.616289,0.638593,0.629424,0.694331,0.677484,0.668844,0.663815
2.918,0.62895,0.657378,0.62041,0.616769,0.639544,0.627617,0.693562,0.676633,0.668531,0.663292
2.9182,0.629761,0.656457,0.620559,0.617167,0.638594,0.626746,0.693368,0.675792,0.667979,0.663004
2.9184,0.630103,0.655829,0.621017,0.616909,0.63639,0.627156,0.693849,0.675263,0.667394,0.663247
2.9186,0.629655,0.655528,0.621288,0.616091,0.634855,0.628314,0.694963,0.674956,0.667485,0.664055
2.9188,0.628771,0.655782,0.621646,0.615242,0.635287,0.629247,0.695855,0.67533,0.668108,0.665054
2.919,0.628335,0.656297,0.622087,0.614967,0.637319,0.629326,0.695807,0.675781,0.669419,0.665735
2.9192,0.628772,0.656449,0.622194,0.615308,0.639058,0.628735,0.69578,0.676004,0.67057,0.665906
2.9194,0.629911,0.655717,0.621938,0.615777,0.639619,0.628333,0.69732,0.675485,0.670801,0.665693
2.9196,0.631131,0.654098,0.621701,0.615769,0.638672,0.628551,0.698726,0.674652,0.670282,0.665433
2.9198,0.631537,0.652339,0.621777,0.615171,0.637339,0.62929,0.697604,0.674032,0.669186,0.665358
2.92,0.630885,0.651566,0.622074,0.614167,0.636324,0.630327,0.694476,0.673901,0.668112,0.665794
2.9202,0.630114,0.65231,0.622439,0.613388,0.636499,0.631024,0.691978,0.67398,0.668144,0.666697
2.9204,0.62996,0.654205,0.622403,0.613006,0.637617,0.630991,0.692174,0.674238,0.66908,0.6673
2.9206,0.630568,0.655793,0.622349,0.612527,0.638295,0.630504,0.693067,0.674481,0.670428,0.667042
2.9208,0.631835,0.656464,0.622583,0.611909,0.637891,0.630135,0.692727,0.674526,0.671321,0.665735
2.921,0.632952,0.656045,0.622971,0.611226,0.63708,0.630333,0.692176,0.674576,0.671616,0.664504
2.9212,0.63332,0.655041,0.623887,0.610804,0.636095,0.631088,0.692844,0.675053,0.67169,0.663884
2.9214,0.632815,0.654329,0.62482,0.610174,0.635184,0.632098,0.693271,0.676053,0.671675,0.664366
2.9216,0.632294,0.654978,0.62537,0.609533,0.634652,0.633068,0.693699,0.677217,0.671444,0.665531
2.9218,0.633036,0.656831,0.625224,0.608411,0.634886,0.633834,0.69431,0.678024,0.671149,0.666517
2.922,0.634502,0.658479,0.624747,0.607612,0.635353,0.634366,0.694292,0.678411,0.670538,0.666355
2.9222,0.636025,0.658774,0.624944,0.60746,0.635288,0.634778,0.69431,0.67921,0.669784,0.666215
2.9224,0.63713,0.657539,0.625696,0.607267,0.634912,0.635226,0.694943,0.679827,0.669102,0.666879
2.9226,0.637726,0.655834,0.626584,0.607013,0.634532,0.635813,0.694922,0.679998,0.668314,0.667308
2.9228,0.637586,0.655109,0.627055,0.606832,0.634129,0.636351,0.695264,0.679826,0.66737,0.667173
2.923,0.637092,0.655673,0.627338,0.606406,0.633699,0.636895,0.696746,0.679399,0.666461,0.666962
2.9232,0.63652,0.65705,0.627325,0.605548,0.633426,0.637262,0.697715,0.678932,0.665857,0.666824
2.9234,0.636426,0.658571,0.627412,0.604766,0.633936,0.637218,0.697902,0.678835,0.665635,0.667207
2.9236,0.636779,0.659306,0.62809,0.60448,0.634957,0.636847,0.697349,0.680811,0.666625,0.66811
2.9238,0.63715,0.658643,0.628713,0.605557,0.636252,0.636183,0.695888,0.683751,0.668302,0.669617
2.924,0.637133,0.657588,0.628931,0.60709,0.636638,0.63586,0.695597,0.685009,0.669357,0.671378
2.9242,0.637079,0.656895,0.628826,0.607804,0.635859,0.636095,0.697187,0.68295,0.669367,0.672131
2.9244,0.637114,0.657541,0.628144,0.607763,0.634212,0.636554,0.698285,0.678939,0.668745,0.671966
2.9246,0.63717,0.659344,0.62659,0.607933,0.63322,0.636405,0.698329,0.675153,0.668253,0.671441
2.9248,0.637679,0.660939,0.624812,0.60831,0.633595,0.635496,0.698533,0.674253,0.668421,0.671563
2.925,0.638437,0.661755,0.623703,0.608545,0.634915,0.634171,0.698371,0.676087,0.669015,0.672712
2.9252,0.638377,0.661614,0.623565,0.608585,0.636579,0.633354,0.699065,0.677864,0.669403,0.674143
2.9254,0.637208,0.660515,0.623941,0.608237,0.637403,0.63289,0.700808,0.677574,0.669959,0.675278
2.9256,0.635538,0.659077,0.624143,0.607987,0.636578,0.632592,0.701045,0.674804,0.670746,0.675293
2.9258,0.634399,0.657925,0.623744,0.60856,0.635137,0.632738,0.700066,0.671144,0.671472,0.674678
2.926,0.634331,0.65745,0.622804,0.610236,0.634528,0.633093,0.699656,0.668578,0.671691,0.674905
2.9262,0.634659,0.657282,0.621882,0.612027,0.635114,0.633117,0.700747,0.669514,0.671715,0.676195
2.9264,0.634755,0.657096,0.62156,0.61327,0.636255,0.632548,0.701387,0.673164,0.671758,0.677582
2.9266,0.634252,0.656485,0.621953,0.613458,0.637239,0.631698,0.700754,0.67569,0.671873,0.678134
2.9268,0.632861,0.655782,0.622682,0.612961,0.637427,0.63116,0.700237,0.674896,0.672557,0.677707
2.927,0.631518,0.655496,0.623187,0.612912,0.636617,0.631237,0.701006,0.672184,0.673515,0.676399
2.9272,0.630982,0.655905,0.623148,0.6138,0.635606,0.631837,0.702189,0.669786,0.67442,0.675235
2.9274,0.631106,0.656661,0.622744,0.615544,0.63516,0.632606,0.702311,0.668729,0.674724,0.674959
2.9276,0.63081,0.657586,0.622385,0.61693,0.635762,0.633287,0.701092,0.669855,0.674352,0.675625
2.9278,0.629557,0.659279,0.622347,0.61722,0.637304,0.633637,0.700241,0.672688,0.674047,0.675903
2.928,0.627853,0.660885,0.622562,0.616632,0.638482,0.633567,0.701008,0.674485,0.674065,0.674894
2.9282,0.62627,0.661269,0.622735,0.61587,0.638139,0.633526,0.702489,0.673992,0.67421,0.672982
2.9284,0.625138,0.660501,0.622715,0.615323,0.63638,0.633898,0.702632,0.673384,0.674205,0.67096
2.9286,0.624739,0.658965,0.622813,0.615629,0.634718,0.634633,0.702567,0.673573,0.673795,0.669703
2.9288,0.625188,0.65724,0.622975,0.616983,0.634296,0.635261,0.703495,0.673793,0.673439,0.669702
2.929,0.625444,0.656044,0.623097,0.618263,0.634523,0.635403,0.704932,0.673768,0.673517,0.670636
2.9292,0.624644,0.655681,0.623094,0.61863,0.634479,0.635082,0.705535,0.673398,0.6738,0.671475
2.9294,0.623084,0.655912,0.622972,0.617862,0.633514,0.634858,0.704989,0.672428,0.674002,0.671357
2.9296,0.621599,0.65635,0.622785,0.616721,0.631874,0.635348,0.704149,0.671698,0.674176,0.670241
2.9298,0.620771,0.656691,0.622578,0.615987,0.630079,0.636457,0.704954,0.672248,0.673955,0.668853
2.93,0.620725,0.656759,0.622389,0.616068,0.629017,0.637661,0.706311,0.673599,0.673609,0.668131
2.9302,0.621162,0.656518,0.622167,0.616656,0.628838,0.638527,0.706117,0.674578,0.673172,0.66857
2.9304,0.621541,0.656157,0.621829,0.617089,0.628531,0.638952,0.704157,0.674791,0.673561,0.669872
2.9306,0.621449,0.656012,0.621376,0.617368,0.627287,0.639029,0.703636,0.67431,0.674775,0.67112
2.9308,0.620866,0.656044,0.620938,0.61709,0.625353,0.639055,0.704883,0.673009,0.675787,0.671418
2.931,0.620245,0.655997,0.620583,0.61645,0.623232,0.63934,0.704558,0.672193,0.67558,0.670844
2.9312,0.619827,0.656161,0.620093,0.61577,0.621834,0.639818,0.702566,0.673239,0.674533,0.670216
2.9314,0.619761,0.656707,0.61936,0.615199,0.621933,0.640398,0.699412,0.675019,0.673518,0.669955
2.9316,0.620062,0.657043,0.618868,0.615125,0.623,0.64042,0.697545,0.675439,0.673311,0.670044
2.9318,0.620511,0.6566,0.618739,0.615628,0.623816,0.640058,0.696622,0.673704,0.674128,0.670169
2.932,0.620586,0.655487,0.619018,0.616362,0.623556,0.639296,0.696119,0.670764,0.675295,0.670045
2.9322,0.620284,0.654317,0.61939,0.616625,0.622502,0.638405,0.694526,0.668417,0.676239,0.669745
2.9324,0.619951,0.653784,0.619188,0.616788,0.621422,0.637838,0.691604,0.668158,0.676476,0.669646
2.9326,0.619874,0.654287,0.618464,0.616736,0.620888,0.637536,0.688731,0.669472,0.675705,0.670053
2.9328,0.620138,0.655485,0.617442,0.616976,0.621219,0.638221,0.687425,0.670434,0.674825,0.670881
2.933,0.620714,0.656548,0.616521,0.617729,0.622101,0.639456,0.687396,0.669546,0.675007,0.67176
2.9332,0.621438,0.656812,0.616355,0.618214,0.622883,0.639541,0.68737,0.666832,0.676166,0.672367
2.9334,0.622053,0.656207,0.616483,0.617996,0.623015,0.638546,0.686752,0.663583,0.677449,0.672489
2.9336,0.622349,0.655132,0.616394,0.617181,0.62296,0.636913,0.685965,0.661794,0.677894,0.672094
2.9338,0.622198,0.654164,0.616,0.616365,0.623431,0.635911,0.686152,0.662149,0.677013,0.671662
2.934,0.621786,0.653798,0.615444,0.616584,0.62427,0.635914,0.687163,0.663565,0.675477,0.671738
2.9342,0.621375,0.65409,0.614854,0.617743,0.624638,0.636262,0.687272,0.6642,0.674627,0.672324
2.9344,0.621333,0.65429,0.614329,0.618768,0.62417,0.636317,0.687106,0.663874,0.674922,0.672697
2.9346,0.621896,0.653918,0.613979,0.619023,0.62324,0.635957,0.687563,0.662778,0.676233,0.672173
2.9348,0.622451,0.652751,0.613936,0.618728,0.622515,0.635415,0.687893,0.661476,0.677183,0.670729
2.935,0.622855,0.651667,0.614235,0.618561,0.622496,0.634834,0.687351,0.660765,0.677473,0.669342
2.9352,0.622879,0.651137,0.614775,0.618775,0.623261,0.634449,0.686091,0.660904,0.677379,0.668424
2.9354,0.623047,0.65124,0.615346,0.619249,0.624331,0.634534,0.685115,0.661387,0.677467,0.668518
2.9356,0.623265,0.651199,0.61572,0.619596,0.625034,0.63515,0.685343,0.661608,0.677992,0.669363
2.9358,0.62393,0.650641,0.615807,0.619669,0.62504,0.636096,0.686366,0.661386,0.67808,0.670381
2.936,0.62427,0.649628,0.615673,0.619624,0.624414,0.636966,0.687402,0.661036,0.677693,0.670498
2.9362,0.623891,0.648691,0.615505,0.619727,0.623496,0.637372,0.688085,0.661013,0.676884,0.669483
2.9364,0.623105,0.64774,0.615869,0.61983,0.6229,0.637439,0.68845,0.661337,0.676618,0.668162
2.9366,0.62213,0.647079,0.616901,0.619722,0.623049,0.637776,0.689064,0.661821,0.676872,0.667492
2.9368,0.621422,0.646856,0.618387,0.619727,0.623796,0.638566,0.690226,0.662335,0.677456,0.668003
2.937,0.621177,0.646472,0.619851,0.62012,0.624615,0.63958,0.691328,0.662568,0.678298,0.668865
2.9372,0.621337,0.645869,0.620587,0.620746,0.624604,0.640458,0.691255,0.662325,0.678629,0.66972
2.9374,0.621875,0.64504,0.620492,0.621197,0.6236,0.640981,0.689686,0.662007,0.678422,0.670256
2.9376,0.622459,0.644399,0.619822,0.621562,0.621775,0.641315,0.687862,0.661797,0.677713,0.669954
2.9378,0.624074,0.644193,0.619404,0.62188,0.619676,0.64186,0.686595,0.661778,0.67712,0.66915
2.938,0.625763,0.644402,0.619972,0.621929,0.618202,0.642793,0.686898,0.662029,0.676685,0.668501
2.9382,0.626121,0.644802,0.621258,0.621787,0.617688,0.64405,0.687292,0.662516,0.677116,0.668482
2.9384,0.625454,0.645198,0.622584,0.621918,0.618344,0.645395,0.686795,0.662977,0.678028,0.669236
2.9386,0.624973,0.645511,0.623374,0.622493,0.620513,0.646435,0.68461,0.663908,0.678966,0.670464
2.9388,0.625087,0.645709,0.623255,0.623283,0.622045,0.646777,0.681876,0.665008,0.679283,0.671753
2.939,0.625936,0.645868,0.622414,0.624559,0.621106,0.6466,0.679726,0.665672,0.678579,0.672499
2.9392,0.627388,0.645859,0.621421,0.625448,0.618494,0.646513,0.678063,0.665478,0.677484,0.672644
2.9394,0.628419,0.645916,0.621092,0.625393,0.616083,0.646891,0.676386,0.66444,0.676376,0.673016
2.9396,0.628224,0.646316,0.621731,0.62433,0.615464,0.647247,0.674612,0.663242,0.675672,0.673795
2.9398,0.628216,0.646913,0.62298,0.622922,0.6167,0.646942,0.673249,0.663121,0.676005,0.674665
2.94,0.629677,0.647276,0.624154,0.622303,0.618573,0.645965,0.672172,0.663917,0.677309,0.675132
2.9402,0.63149,0.647193,0.624719,0.622738,0.619732,0.645277,0.670368,0.666052,0.678685,0.675176
2.9404,0.632461,0.646773,0.62457,0.623859,0.619572,0.645471,0.667609,0.668917,0.679169,0.675463
2.9406,0.632027,0.646424,0.624072,0.62531,0.618505,0.646332,0.664916,0.669874,0.67844,0.676254
2.9408,0.630399,0.646524,0.623975,0.626048,0.61731,0.64709,0.663217,0.667753,0.676807,0.677793
2.941,0.628847,0.647146,0.625168,0.625631,0.616849,0.646926,0.662804,0.66393,0.675785,0.679697
2.9412,0.629003,0.647998,0.626978,0.624817,0.617854,0.645469,0.663258,0.66103,0.676019,0.680652
2.9414,0.630846,0.648695,0.628058,0.624291,0.620264,0.643489,0.663533,0.660451,0.676725,0.680076
2.9416,0.632863,0.649004,0.627606,0.62431,0.622202,0.641747,0.662873,0.661617,0.676812,0.679477
2.9418,0.634125,0.648853,0.625883,0.624997,0.622814,0.641595,0.661886,0.663284,0.676061,0.679778
2.942,0.634244,0.648391,0.623886,0.625319,0.622355,0.642482,0.661658,0.663442,0.675268,0.68112
2.9422,0.633115,0.647907,0.62286,0.624609,0.621614,0.643099,0.662476,0.661692,0.675463,0.683149
2.9424,0.631336,0.647857,0.62334,0.622882,0.620778,0.642891,0.663974,0.659123,0.676166,0.684804
2.9426,0.629765,0.648378,0.624436,0.620883,0.620168,0.641952,0.665714,0.65697,0.676874,0.685138
2.9428,0.628863,0.648866,0.624955,0.619679,0.61982,0.640627,0.666942,0.656081,0.677656,0.684444
2.943,0.628551,0.64879,0.624555,0.619918,0.619616,0.63942,0.667057,0.657992,0.678553,0.683927
2.9432,0.628398,0.647941,0.623593,0.622034,0.619652,0.638768,0.666793,0.661276,0.679062,0.684688
2.9434,0.62933,0.646582,0.622641,0.623833,0.620032,0.638825,0.666356,0.663313,0.678828,0.686483
2.9436,0.632468,0.645499,0.621976,0.623438,0.62,0.639432,0.666878,0.662983,0.678513,0.688095
2.9438,0.635467,0.645207,0.621846,0.621218,0.619711,0.640339,0.668728,0.661492,0.678132,0.688997
2.944,0.636211,0.645584,0.621916,0.618874,0.61876,0.641183,0.670909,0.660215,0.678548,0.688698
2.9442,0.634926,0.646445,0.621575,0.617911,0.617478,0.641666,0.672225,0.660066,0.67974,0.68805
2.9444,0.632546,0.646753,0.620985,0.618339,0.61684,0.64183,0.672058,0.661244,0.681337,0.688345
2.9446,0.630761,0.645966,0.620655,0.618756,0.617144,0.641889,0.671522,0.662444,0.682603,0.68972
2.9448,0.631437,0.644515,0.620539,0.618867,0.617594,0.641922,0.672833,0.66284,0.682703,0.691439
2.945,0.633477,0.643151,0.620287,0.618738,0.61727,0.642459,0.676402,0.66299,0.681048,0.692877
2.9452,0.634922,0.642402,0.619697,0.618281,0.616312,0.644034,0.679831,0.663413,0.678847,0.693071
2.9454,0.634329,0.642426,0.618835,0.617648,0.616467,0.645806,0.680746,0.663742,0.677981,0.69192
2.9456,0.631999,0.64277,0.617941,0.616702,0.618119,0.646605,0.679233,0.663446,0.679017,0.690331
2.9458,0.629763,0.643009,0.61731,0.616176,0.619664,0.645792,0.677615,0.662634,0.680266,0.689391
2.946,0.628946,0.642787,0.617109,0.616977,0.620132,0.644035,0.677225,0.661895,0.680278,0.689498
2.9462,0.629978,0.642209,0.61732,0.6183,0.619612,0.642708,0.678137,0.661904,0.678106,0.690316
2.9464,0.63205,0.641717,0.61765,0.618999,0.618634,0.642779,0.678392,0.662893,0.674891,0.691097
2.9466,0.633765,0.641636,0.617745,0.618982,0.617848,0.644117,0.677465,0.664232,0.672394,0.691255
2.9468,0.634404,0.641998,0.617437,0.618759,0.617589,0.645822,0.675353,0.664952,0.6719,0.690757
2.947,0.633348,0.642622,0.616807,0.618415,0.618025,0.646936,0.673353,0.664791,0.672645,0.689963
2.9472,0.631464,0.643196,0.616156,0.618151,0.619042,0.646959,0.671479,0.664339,0.673103,0.689166
2.9474,0.630503,0.643401,0.615852,0.618017,0.620084,0.646099,0.66946,0.664192,0.672042,0.689121
2.9476,0.630556,0.643214,0.61604,0.618056,0.620677,0.64501,0.667,0.664602,0.669365,0.689686
2.9478,0.631184,0.643214,0.616461,0.618306,0.620831,0.64457,0.665124,0.665587,0.666575,0.690103
2.948,0.631504,0.643908,0.616751,0.618786,0.620461,0.645231,0.664332,0.666607,0.665259,0.690239
2.9482,0.631268,0.644825,0.617022,0.619282,0.620296,0.64614,0.663159,0.666707,0.665828,0.68996
2.9484,0.630596,0.645348,0.617067,0.619266,0.620537,0.646676,0.661144,0.665791,0.667733,0.689173
2.9486,0.62999,0.645141,0.617174,0.618634,0.62127,0.646311,0.658747,0.664464,0.668985,0.6885
2.9488,0.630043,0.644484,0.617279,0.617728,0.622634,0.644911,0.657187,0.663332,0.66918,0.68845
2.949,0.630867,0.644023,0.617638,0.617068,0.624358,0.643258,0.656282,0.663019,0.668439,0.688833
2.9492,0.631277,0.6443,0.617969,0.616983,0.625647,0.641894,0.656016,0.66333,0.667335,0.689238
2.9494,0.630807,0.645308,0.618423,0.617398,0.62565,0.641879,0.656235,0.663302,0.666634,0.689546
2.9496,0.629602,0.646478,0.618575,0.617902,0.624959,0.64263,0.656077,0.662661,0.666838,0.69004
2.9498,0.628968,0.647165,0.618453,0.617966,0.624331,0.643403,0.65561,0.66135,0.667883,0.690644
2.95,0.629446,0.647053,0.618144,0.617308,0.623755,0.643399,0.655079,0.659649,0.668738,0.690922
2.9502,0.630504,0.646278,0.617712,0.615992,0.623589,0.641931,0.655145,0.658477,0.669099,0.690517
2.9504,0.631026,0.645369,0.617338,0.614495,0.62423,0.639801,0.656255,0.657862,0.669408,0.68973
2.9506,0.631027,0.644946,0.616919,0.613499,0.625059,0.638004,0.657509,0.657131,0.669707,0.689155
2.9508,0.630729,0.645229,0.616752,0.613487,0.625396,0.637259,0.657756,0.656087,0.67005,0.688845
2.951,0.630452,0.645624,0.616518,0.614216,0.624937,0.637331,0.657842,0.654985,0.670259,0.689005
2.9512,0.630166,0.645206,0.616459,0.614414,0.624324,0.6377,0.659059,0.654119,0.670367,0.689297
2.9514,0.630562,0.643862,0.616395,0.613659,0.624144,0.637794,0.660588,0.653442,0.670565,0.689461
2.9516,0.631088,0.642613,0.616426,0.611873,0.624819,0.637397,0.661101,0.652792,0.670933,0.689238
2.9518,0.631822,0.642131,0.616458,0.610168,0.626096,0.636782,0.660293,0.652252,0.671571,0.688604
2.952,0.6325,0.642688,0.616686,0.60922,0.627002,0.636388,0.659516,0.651987,0.672371,0.688034
2.9522,0.633527,0.643322,0.616764,0.609179,0.627212,0.636562,0.660126,0.652148,0.672788,0.687922
2.9524,0.63419,0.643041,0.616785,0.609181,0.626915,0.637317,0.661969,0.652678,0.672697,0.688235
2.9526,0.63439,0.641851,0.61696,0.609273,0.626384,0.63837,0.664113,0.653265,0.672386,0.688524
2.9528,0.633701,0.640055,0.616955,0.608712,0.626422,0.639241,0.66568,0.653622,0.672292,0.688941
2.953,0.632957,0.638661,0.616614,0.607847,0.627092,0.639474,0.666731,0.653638,0.673207,0.689153
2.9532,0.632812,0.638104,0.616304,0.607075,0.627903,0.639505,0.667787,0.653198,0.674613,0.68908
2.9534,0.633691,0.638757,0.616013,0.60627,0.628151,0.639734,0.669267,0.652923,0.675396,0.68906
2.9536,0.634937,0.640304,0.61583,0.605736,0.627715,0.640085,0.670893,0.653605,0.674937,0.688769
2.9538,0.63631,0.641656,0.615776,0.605825,0.626952,0.640388,0.671907,0.655034,0.67344,0.68835
2.954,0.63698,0.641889,0.615787,0.606042,0.626929,0.640479,0.671886,0.65633,0.671809,0.687995
2.9542,0.636849,0.641108,0.615879,0.605917,0.627537,0.64027,0.671407,0.656843,0.671283,0.687598
2.9544,0.63616,0.639965,0.616109,0.605372,0.628495,0.640068,0.670993,0.65718,0.672508,0.687677
2.9546,0.636203,0.639251,0.616398,0.60493,0.629096,0.640284,0.6708,0.657133,0.674729,0.687979
2.9548,0.637278,0.639492,0.616779,0.605066,0.628576,0.641067,0.671172,0.657278,0.676026,0.688119
2.955,0.638451,0.640967,0.617172,0.605889,0.627803,0.642135,0.671243,0.658214,0.675809,0.687845
2.9552,0.63898,0.642703,0.617522,0.607366,0.627618,0.642992,0.670442,0.659692,0.674417,0.687467
2.9554,0.638669,0.643676,0.61767,0.608505,0.628136,0.643303,0.668717,0.661344,0.672731,0.686901
2.9556,0.638055,0.643845,0.617678,0.60848,0.628911,0.642954,0.666623,0.662394,0.672319,0.68647
2.9558,0.637675,0.643631,0.618136,0.607799,0.629177,0.642379,0.665575,0.662203,0.673407,0.685932
2.956,0.637689,0.643524,0.61919,0.607653,0.629045,0.642309,0.665856,0.660762,0.674892,0.685263
2.9562,0.637867,0.643647,0.620279,0.608521,0.628436,0.642966,0.665048,0.659618,0.675834,0.684325
2.9564,0.637827,0.644181,0.620983,0.609848,0.62767,0.64379,0.662237,0.66023,0.675561,0.683218
2.9566,0.637341,0.645589,0.621197,0.611248,0.627102,0.643895,0.659353,0.662307,0.674194,0.682173
2.9568,0.636451,0.64745,0.620978,0.611871,0.62749,0.643442,0.6586,0.664132,0.673062,0.681405
2.957,0.635679,0.648447,0.620811,0.611705,0.629039,0.64283,0.65922,0.664366,0.672879,0.681161
2.9572,0.634695,0.648637,0.621119,0.611173,0.630791,0.64191,0.658926,0.663234,0.673737,0.681335
2.9574,0.634008,0.648437,0.621913,0.611347,0.631785,0.640881,0.657539,0.662113,0.675021,0.681636
2.9576,0.633746,0.648795,0.623062,0.612528,0.631267,0.640614,0.656106,0.662081,0.676145,0.68185
2.9578,0.633981,0.650489,0.624181,0.61396,0.63041,0.641242,0.655713,0.663293,0.676118,0.681997
2.958,0.633871,0.652621,0.624499,0.614688,0.63061,0.641683,0.656439,0.66531,0.675797,0.682152
2.9582,0.633787,0.654209,0.623824,0.61461,0.631208,0.640959,0.657547,0.667732,0.675523,0.682528
2.9584,0.633393,0.654586,0.622827,0.613935,0.631417,0.639612,0.658337,0.669161,0.675254,0.68342
2.9586,0.6339,0.653788,0.622184,0.613209,0.630719,0.638337,0.658825,0.66874,0.675177,0.684271
2.9588,0.635526,0.652816,0.622238,0.613105,0.628853,0.638345,0.659383,0.667063,0.675036,0.684857
2.959,0.635978,0.65278,0.622648,0.613698,0.6264,0.639203,0.660111,0.665395,0.675074,0.685292
2.9592,0.634677,0.654249,0.623183,0.614473,0.624533,0.639731,0.661111,0.66483,0.676053,0.685653
2.9594,0.632421,0.65665,0.623674,0.614536,0.623929,0.639374,0.662781,0.665979,0.67725,0.68637
2.9596,0.63007,0.658426,0.62427,0.61344,0.624774,0.638357,0.66422,0.668256,0.678247,0.687486
2.9598,0.628206,0.658924,0.625554,0.612669,0.626934,0.637267,0.664459,0.6706,0.678723,0.688303
2.96,0.627042,0.658401,0.626314,0.612854,0.628499,0.636608,0.663953,0.670637,0.678103,0.688374
2.9602,0.62738,0.657217,0.625599,0.613178,0.62824,0.636678,0.663639,0.667845,0.677503,0.687636
2.9604,0.62875,0.656551,0.623854,0.613284,0.626818,0.637424,0.664269,0.66368,0.677642,0.686735
2.9606,0.62988,0.656977,0.622132,0.612444,0.625581,0.638492,0.665912,0.660713,0.678738,0.686469
2.9608,0.629891,0.658129,0.621243,0.610644,0.625178,0.639253,0.667848,0.660527,0.6802,0.686977
2.961,0.628838,0.659519,0.621054,0.608742,0.625564,0.639428,0.669143,0.662405,0.680708,0.688157
2.9612,0.627634,0.660132,0.62097,0.607192,0.626131,0.639161,0.669895,0.663816,0.680085,0.689599
2.9614,0.62758,0.659874,0.620804,0.606681,0.62614,0.63885,0.67113,0.662962,0.679581,0.690178
2.9616,0.629056,0.659085,0.620145,0.607019,0.625641,0.639046,0.673384,0.659957,0.679473,0.689843
2.9618,0.630815,0.65825,0.619092,0.607243,0.625528,0.63979,0.675873,0.656635,0.679688,0.689487
2.962,0.631224,0.657818,0.618232,0.606799,0.626602,0.640455,0.677304,0.654664,0.67995,0.689077
2.9622,0.630167,0.657577,0.618123,0.605692,0.627852,0.640604,0.677504,0.654793,0.679823,0.688627
2.9624,0.628797,0.657275,0.618492,0.604948,0.628445,0.64032,0.677713,0.656446,0.679057,0.688277
2.9626,0.627883,0.656839,0.618852,0.60621,0.627902,0.640007,0.677788,0.658053,0.67833,0.687869
2.9628,0.628133,0.656309,0.618935,0.608998,0.626784,0.640093,0.678164,0.658316,0.678728,0.686881
2.963,0.629078,0.65611,0.61877,0.611364,0.625874,0.640626,0.67763,0.657143,0.679704,0.685786
2.9632,0.630092,0.655814,0.618541,0.61212,0.625887,0.641379,0.676643,0.655585,0.680855,0.684771
2.9634,0.630471,0.655068,0.6184,0.611601,0.62677,0.64208,0.676647,0.654559,0.680935,0.684492
2.9636,0.630323,0.653874,0.61842,0.610764,0.627737,0.642627,0.676514,0.654759,0.680268,0.684547
2.9638,0.629908,0.6529,0.618423,0.610218,0.628246,0.643048,0.674726,0.656147,0.679266,0.684404
2.964,0.63038,0.652611,0.618414,0.610636,0.628296,0.643392,0.671956,0.657639,0.678552,0.683758
2.9642,0.631819,0.653379,0.618759,0.611855,0.627865,0.643602,0.669434,0.658021,0.678819,0.682873
2.9644,0.633164,0.654793,0.619535,0.613176,0.627411,0.643767,0.668179,0.657751,0.679234,0.681869
2.9646,0.633234,0.656018,0.620133,0.613958,0.627199,0.644206,0.667975,0.658053,0.679405,0.680703
2.9648,0.632532,0.656241,0.620101,0.614278,0.627384,0.644523,0.667657,0.658945,0.679544,0.679669
2.965,0.631914,0.65546,0.619563,0.614161,0.627845,0.644803,0.665694,0.659527,0.679669,0.678997
2.9652,0.631623,0.654601,0.619008,0.614083,0.628457,0.644594,0.663524,0.659294,0.679557,0.678497
2.9654,0.63165,0.654408,0.618885,0.613994,0.628646,0.643747,0.661919,0.658338,0.67934,0.677866
2.9656,0.632114,0.654866,0.61929,0.613729,0.628697,0.64267,0.662376,0.657468,0.678903,0.677005
2.9658,0.633181,0.65558,0.619958,0.613293,0.629187,0.641615,0.66382,0.657607,0.678398,0.676142
2.966,0.634454,0.656116,0.620467,0.613035,0.629688,0.641848,0.66404,0.658747,0.678042,0.675569
2.9662,0.635128,0.656223,0.62052,0.613211,0.629704,0.643405,0.662816,0.660016,0.677995,0.675431
2.9664,0.635271,0.655905,0.620051,0.613561,0.629239,0.644452,0.661782,0.660672,0.67834,0.675637
2.9666,0.634763,0.655422,0.619305,0.61364,0.628941,0.64425,0.661622,0.660623,0.678594,0.675911
2.9668,0.634488,0.654966,0.618566,0.613129,0.628816,0.6427,0.662289,0.660152,0.678345,0.67585
2.967,0.634317,0.655212,0.618052,0.61201,0.62864,0.640191,0.663616,0.659727,0.677999,0.67537
2.9672,0.634815,0.655908,0.618022,0.610671,0.628608,0.63817,0.664595,0.659796,0.677486,0.675076
2.9674,0.636247,0.656596,0.618522,0.610154,0.628729,0.638029,0.664797,0.660267,0.676928,0.675331
2.9676,0.637489,0.656789,0.619091,0.610537,0.628756,0.639255,0.665587,0.66078,0.676559,0.675906
2.9678,0.637824,0.656308,0.619422,0.61077,0.628657,0.640894,0.667029,0.660636,0.676292,0.676281
2.968,0.637278,0.655555,0.619407,0.610101,0.628414,0.641846,0.668619,0.659768,0.676569,0.675994
2.9682,0.636605,0.654962,0.619123,0.608662,0.628388,0.641779,0.669486,0.658189,0.676876,0.675086
2.9684,0.636156,0.654693,0.618726,0.606736,0.628507,0.641085,0.669362,0.656739,0.677054,0.674137
2.9686,0.636517,0.65519,0.618189,0.605977,0.628726,0.640495,0.669074,0.655849,0.677553,0.673915
2.9688,0.637346,0.656081,0.617622,0.606481,0.629179,0.64068,0.670072,0.655876,0.678579,0.674634
2.969,0.638846,0.657124,0.617489,0.606855,0.629359,0.641775,0.671699,0.656358,0.679901,0.675887
2.9692,0.640809,0.658028,0.617623,0.605978,0.629239,0.643384,0.673364,0.656633,0.680812,0.676958
2.9694,0.641923,0.658273,0.618387,0.603946,0.629019,0.644476,0.674112,0.655734,0.680697,0.677257
2.9696,0.641131,0.657634,0.619288,0.601914,0.628863,0.644969,0.675245,0.654222,0.680256,0.676658
2.9698,0.639218,0.656655,0.619379,0.600885,0.629224,0.645118,0.676015,0.65287,0.679564,0.675614
2.97,0.637415,0.656453,0.618498,0.600804,0.63005,0.64518,0.676665,0.652923,0.679097,0.675028
2.9702,0.637547,0.657176,0.617329,0.60113,0.630545,0.64558,0.677618,0.654482,0.679065,0.675433
2.9704,0.639977,0.658324,0.616678,0.601162,0.63012,0.646254,0.679285,0.656868,0.679286,0.676276
2.9706,0.643099,0.659762,0.616829,0.600746,0.629233,0.647081,0.680966,0.658358,0.679318,0.676686
2.9708,0.644255,0.660652,0.617525,0.60055,0.628491,0.647584,0.682227,0.658093,0.679285,0.676062
2.971,0.642903,0.661116,0.618285,0.600562,0.628226,0.647485,0.682764,0.656947,0.678892,0.674616
2.9712,0.641658,0.661247,0.618873,0.600986,0.628422,0.647026,0.682285,0.656788,0.67878,0.672915
2.9714,0.642078,0.661232,0.619184,0.601392,0.628823,0.64709,0.681604,0.657715,0.678943,0.671833
2.9716,0.643955,0.661588,0.619348,0.602017,0.629056,0.64767,0.681952,0.659638,0.67916,0.671956
2.9718,0.645629,0.662663,0.619455,0.60265,0.62926,0.64896,0.68345,0.661959,0.679238,0.672563
2.972,0.645471,0.663779,0.619521,0.603042,0.62923,0.6499,0.685063,0.663765,0.67908,0.672967
2.9722,0.644198,0.664639,0.619514,0.603029,0.628829,0.650247,0.685529,0.664116,0.678786,0.672597
2.9724,0.643956,0.664838,0.619479,0.6027,0.628727,0.649955,0.685066,0.663633,0.678578,0.671445
2.9726,0.644246,0.664672,0.619722,0.602411,0.629039,0.649202,0.685273,0.662681,0.678468,0.66977
2.9728,0.644034,0.664281,0.620341,0.603061,0.629068,0.64893,0.686829,0.661975,0.6782,0.668338
2.973,0.643393,0.66437,0.621104,0.604581,0.628692,0.649936,0.688523,0.661896,0.678154,0.667617
2.9732,0.64257,0.665081,0.622101,0.606213,0.628394,0.651703,0.689141,0.66229,0.678461,0.667504
2.9734,0.641485,0.665869,0.623085,0.607198,0.628228,0.65302,0.68857,0.66258,0.678609,0.667633
2.9736,0.640971,0.66599,0.623429,0.607659,0.628481,0.653209,0.688004,0.663445,0.679003,0.667355
2.9738,0.641893,0.665067,0.62318,0.607862,0.629269,0.652841,0.687568,0.663928,0.680161,0.666735
2.974,0.643644,0.663754,0.622758,0.608085,0.630064,0.652964,0.686379,0.66296,0.681354,0.666264
2.9742,0.644635,0.663217,0.62268,0.608947,0.629953,0.653678,0.68517,0.66096,0.682054,0.666341
2.9744,0.644266,0.663906,0.623006,0.610383,0.62936,0.654398,0.684073,0.658789,0.681943,0.667056
2.9746,0.642897,0.665306,0.623588,0.611382,0.629218,0.654902,0.682927,0.658203,0.680885,0.668168
2.9748,0.641331,0.666525,0.624122,0.611554,0.629811,0.655272,0.682702,0.659774,0.680066,0.669277
2.975,0.640758,0.666831,0.624151,0.611158,0.630312,0.655211,0.683298,0.661186,0.680308,0.669884
2.9752,0.641771,0.66602,0.623649,0.610512,0.630736,0.655162,0.684016,0.66064,0.681435,0.66992
2.9754,0.64357,0.665062,0.623401,0.610169,0.630745,0.65542,0.685347,0.657933,0.683135,0.669997
2.9756,0.644214,0.665327,0.623393,0.610661,0.630101,0.655926,0.687623,0.654756,0.684129,0.67058
2.9758,0.643078,0.667066,0.623841,0.611519,0.629586,0.656289,0.688334,0.652727,0.68369,0.671493
2.976,0.64097,0.668989,0.624215,0.611841,0.62972,0.656207,0.688182,0.65248,0.682033,0.672324
2.9762,0.638918,0.66975,0.623918,0.611242,0.630114,0.655495,0.688409,0.653383,0.680455,0.672966
2.9764,0.637902,0.668795,0.623323,0.610217,0.630754,0.655126,0.688604,0.654009,0.680492,0.673169
2.9766,0.638616,0.666938,0.622893,0.609624,0.63135,0.656155,0.689519,0.653432,0.682206,0.673144
2.9768,0.640273,0.665726,0.6229,0.609294,0.631726,0.658059,0.691156,0.653475,0.685183,0.673401
2.977,0.641257,0.66607,0.622906,0.609023,0.631641,0.659344,0.69175,0.655068,0.68695,0.674263
2.9772,0.640868,0.667636,0.62263,0.608537,0.630887,0.659592,0.69148,0.65699,0.686321,0.675554
2.9774,0.639474,0.669314,0.622055,0.607482,0.630184,0.658622,0.691851,0.658073,0.684427,0.676818
2.9776,0.638031,0.670078,0.621315,0.606217,0.630466,0.657321,0.692689,0.658107,0.682501,0.677577
2.9778,0.637376,0.669465,0.620667,0.605261,0.631405,0.65657,0.69395,0.658133,0.681138,0.677649
2.978,0.638411,0.66779,0.620487,0.604934,0.632152,0.656623,0.695726,0.658892,0.680885,0.677211
2.9782,0.640127,0.666176,0.620463,0.605062,0.632213,0.657368,0.696565,0.659637,0.681738,0.676825
2.9784,0.640629,0.665843,0.620614,0.60502,0.631961,0.65857,0.69643,0.659965,0.683246,0.677049
2.9786,0.640039,0.666494,0.620669,0.604286,0.631468,0.659147,0.697316,0.659631,0.684393,0.677738
2.9788,0.639438,0.667101,0.620385,0.603106,0.631133,0.658895,0.699144,0.659103,0.684922,0.678269
2.979,0.638911,0.666842,0.619975,0.601987,0.630966,0.657753,0.700131,0.659259,0.684317,0.678399
2.9792,0.638241,0.665286,0.619667,0.601558,0.631429,0.6568,0.700312,0.66008,0.683155,0.677773
2.9794,0.637704,0.663477,0.619558,0.601625,0.632372,0.656391,0.699293,0.660947,0.681557,0.676646
2.9796,0.637336,0.662082,0.619565,0.601946,0.632809,0.656987,0.698791,0.661127,0.680541,0.675386
2.9798,0.637123,0.661545,0.619564,0.602375,0.632015,0.657884,0.699916,0.660784,0.679958,0.674948
2.98,0.637567,0.661709,0.619533,0.60274,0.63047,0.65859,0.701537,0.660993,0.679731,0.675476
2.9802,0.63866,0.66158,0.619482,0.603007,0.629532,0.658725,0.701771,0.661597,0.679759,0.676295
2.9804,0.639475,0.660692,0.619355,0.603197,0.62988,0.658289,0.701956,0.662394,0.679656,0.676209
2.9806,0.639413,0.659204,0.61916,0.603228,0.631127,0.657184,0.703411,0.662904,0.679052,0.675217
2.9808,0.638789,0.657498,0.619237,0.603013,0.632314,0.655908,0.705112,0.662786,0.678172,0.673704
2.981,0.637907,0.656027,0.619798,0.602669,0.632491,0.655383,0.704977,0.662948,0.677595,0.672794
2.9812,0.63689,0.655085,0.6206,0.602858,0.631891,0.656036,0.704845,0.663274,0.677134,0.672936
2.9814,0.636574,0.654445,0.621382,0.603812,0.630996,0.6571,0.704795,0.663629,0.676631,0.673418
2.9816,0.637553,0.653645,0.621919,0.605244,0.63028,0.657655,0.704385,0.664152,0.676204,0.673457
2.9818,0.638923,0.652776,0.622101,0.606279,0.630064,0.657306,0.703706,0.664784,0.675963,0.672693
2.982,0.639032,0.65242,0.621815,0.606226,0.630168,0.656407,0.702841,0.664916,0.676022,0.671428
2.9822,0.637533,0.652537,0.62147,0.605552,0.630741,0.655554,0.703958,0.664488,0.676087,0.670282
2.9824,0.635287,0.65335,0.621578,0.604785,0.631166,0.65537,0.706294,0.664045,0.675715,0.669802
2.9826,0.633381,0.654357,0.622117,0.60458,0.631231,0.655904,0.707003,0.664192,0.674793,0.670119
2.9828,0.633448,0.655127,0.622617,0.605229,0.630808,0.656445,0.706863,0.664938,0.673676,0.670941
2.983,0.635144,0.655183,0.622676,0.606378,0.630533,0.656451,0.706049,0.665848,0.672774,0.671735
2.9832,0.636245,0.654478,0.622075,0.607308,0.630509,0.656136,0.705771,0.666129,0.672152,0.672093
2.9834,0.635214,0.653786,0.620995,0.607377,0.630295,0.656296,0.706665,0.666124,0.672501,0.672079
2.9836,0.632213,0.654075,0.620238,0.606485,0.630021,0.657263,0.706796,0.666225,0.67342,0.671844
2.9838,0.628859,0.655341,0.620427,0.605137,0.629762,0.657901,0.705899,0.666631,0.674045,0.671868
2.984,0.626994,0.6565,0.621273,0.604186,0.629914,0.657551,0.705757,0.66711,0.673899,0.672463
2.9842,0.627318,0.656957,0.622464,0.604418,0.630524,0.656463,0.708254,0.667052,0.672987,0.673329
2.9844,0.628733,0.656504,0.62311,0.605277,0.630914,0.655283,0.711485,0.666748,0.671912,0.673862
2.9846,0.629889,0.655713,0.622693,0.606473,0.630599,0.65464,0.71237,0.666453,0.671153,0.673748
2.9848,0.629729,0.655395,0.621385,0.607369,0.62976,0.654918,0.710145,0.666383,0.671578,0.673065
2.985,0.628584,0.656061,0.619773,0.606969,0.62905,0.655594,0.708204,0.666417,0.67268,0.672465
2.9852,0.627459,0.657346,0.61884,0.604937,0.629023,0.656427,0.709553,0.666612,0.67403,0.672496
2.9854,0.627127,0.65839,0.61891,0.60243,0.629471,0.656534,0.71283,0.666708,0.675121,0.673211
2.9856,0.627669,0.658561,0.619572,0.600986,0.630384,0.656051,0.716506,0.667311,0.675647,0.674204
2.9858,0.628593,0.658074,0.620372,0.600944,0.63113,0.65522,0.718284,0.668563,0.675272,0.675024
2.986,0.629253,0.657998,0.620391,0.601749,0.631171,0.654788,0.718357,0.669337,0.673866,0.675303
2.9862,0.629327,0.658541,0.619418,0.601998,0.63087,0.654761,0.718534,0.669196,0.672677,0.674929
2.9864,0.628964,0.659285,0.618135,0.601206,0.630433,0.655029,0.71969,0.669056,0.672888,0.674328
2.9866,0.6286,0.6596,0.617339,0.599914,0.630009,0.655022,0.721667,0.669062,0.674537,0.674016
2.9868,0.628387,0.659676,0.617246,0.59889,0.629974,0.654801,0.722894,0.668602,0.676217,0.674432
2.987,0.62873,0.659856,0.617589,0.598642,0.630156,0.654729,0.722747,0.668164,0.677202,0.67519
2.9872,0.629811,0.660475,0.617959,0.598952,0.630342,0.655438,0.721776,0.668168,0.677048,0.675497
2.9874,0.631113,0.661338,0.618045,0.599401,0.63038,0.656134,0.720477,0.668386,0.676281,0.674914
2.9876,0.631791,0.662141,0.617967,0.599693,0.630357,0.656578,0.719216,0.668707,0.675727,0.673466
2.9878,0.6315,0.662688,0.618275,0.599964,0.630418,0.656537,0.719431,0.668992,0.675646,0.671728
2.988,0.630534,0.662944,0.619507,0.600397,0.630514,0.656472,0.719872,0.669042,0.676051,0.670593
2.9882,0.629832,0.663341,0.620848,0.600969,0.63042,0.65713,0.719662,0.668814,0.676676,0.67057
2.9884,0.630147,0.6644,0.621424,0.602324,0.630208,0.658085,0.71754,0.668589,0.677019,0.671092
2.9886,0.631346,0.665755,0.62102,0.604619,0.630105,0.658553,0.714089,0.669071,0.677552,0.671515
2.9888,0.632606,0.666742,0.620436,0.606548,0.629826,0.658181,0.710574,0.669744,0.677605,0.671099
2.989,0.63353,0.666919,0.620567,0.60682,0.629991,0.657554,0.709281,0.6703,0.677182,0.670462
2.9892,0.63381,0.666548,0.62137,0.606816,0.630674,0.657345,0.71092,0.671057,0.675744,0.66973
2.9894,0.633364,0.666092,0.622235,0.607761,0.631095,0.657381,0.710555,0.67161,0.673348,0.669098
2.9896,0.632358,0.66603,0.622718,0.609466,0.630803,0.657708,0.706816,0.671542,0.671028,0.669348
2.9898,0.631179,0.666732,0.622668,0.611064,0.630055,0.658634,0.701946,0.671119,0.669644,0.670087
2.99,0.630268,0.667891,0.62242,0.611614,0.629142,0.659527,0.697933,0.670933,0.669381,0.670417
2.9902,0.629761,0.668765,0.622999,0.611018,0.629099,0.659902,0.695976,0.6714,0.670003,0.669964
2.9904,0.629876,0.668914,0.624356,0.610613,0.629873,0.65973,0.695253,0.672934,0.670866,0.669128
2.9906,0.631408,0.668358,0.62582,0.611441,0.631075,0.659308,0.694402,0.674652,0.67103,0.668439
2.9908,0.633759,0.667598,0.626472,0.613217,0.631964,0.658805,0.692958,0.676102,0.670269,0.668414
2.991,0.634427,0.667304,0.626339,0.615162,0.632402,0.658765,0.691303,0.676361,0.668963,0.669067
2.9912,0.632912,0.668117,0.625462,0.616355,0.632084,0.659133,0.68958,0.675711,0.667884,0.670062
2.9914,0.630201,0.670038,0.624933,0.616409,0.631023,0.660092,0.688061,0.675357,0.6678,0.670981
2.9916,0.62803,0.672339,0.625209,0.615838,0.629694,0.66092,0.68694,0.675894,0.668857,0.671729
2.9918,0.627093,0.673583,0.625777,0.615329,0.628522,0.661154,0.686377,0.676748,0.669991,0.672344
2.992,0.628907,0.672916,0.626197,0.615706,0.628001,0.660796,0.686709,0.677549,0.670125,0.672647
2.9922,0.631815,0.670733,0.62638,0.616794,0.628162,0.659953,0.687567,0.677755,0.66987,0.673296
2.9924,0.632601,0.668185,0.626155,0.617505,0.628306,0.658853,0.687862,0.677005,0.669646,0.674192
2.9926,0.630446,0.666496,0.625648,0.617458,0.62787,0.658007,0.686803,0.675954,0.669928,0.675036
2.9928,0.626789,0.666063,0.625,0.616863,0.626722,0.658058,0.685603,0.675446,0.670625,0.675466
2.993,0.62372,0.666435,0.624704,0.61625,0.625168,0.658583,0.685173,0.675717,0.670795,0.675478
2.9932,0.622738,0.666715,0.624989,0.616762,0.623909,0.658776,0.685728,0.676268,0.66964,0.675436
2.9934,0.623905,0.666016,0.62618,0.618752,0.623189,0.658059,0.686121,0.676563,0.667454,0.676041
2.9936,0.625754,0.664178,0.627675,0.621341,0.623203,0.657146,0.68563,0.676482,0.665248,0.676925
2.9938,0.626868,0.661837,0.62844,0.622813,0.623021,0.656428,0.684648,0.676421,0.663883,0.678462
2.994,0.626628,0.659876,0.628715,0.622241,0.622313,0.655499,0.683983,0.676689,0.663564,0.680037
2.9942,0.625374,0.658977,0.628489,0.620375,0.621297,0.654574,0.684314,0.677226,0.663931,0.681389
2.9944,0.623975,0.660172,0.627936,0.618729,0.620589,0.654103,0.685634,0.678113,0.663944,0.682527
2.9946,0.623549,0.66311,0.627782,0.618397,0.621241,0.654203,0.687336,0.679169,0.664307,0.683306
2.9948,0.624665,0.665179,0.627951,0.619495,0.622046,0.653871,0.688754,0.679686,0.663975,0.683645
2.995,0.626153,0.664211,0.628435,0.620985,0.621767,0.652872,0.689652,0.679314,0.663308,0.683986
2.9952,0.626894,0.661081,0.628882,0.622069,0.620419,0.651601,0.69012,0.67821,0.662677,0.684436
2.9954,0.627274,0.657659,0.628821,0.622224,0.618756,0.650508,0.690405,0.676917,0.661978,0.68478
2.9956,0.62781,0.655301,0.628633,0.620953,0.617602,0.64971,0.690361,0.675994,0.661434,0.68492
2.9958,0.628007,0.654776,0.629174,0.618868,0.617205,0.64904,0.690142,0.676343,0.661347,0.684835
2.996,0.628067,0.655554,0.629994,0.616708,0.617408,0.648476,0.689443,0.67831,0.661255,0.684485
2.9962,0.628166,0.656249,0.630396,0.614986,0.617762,0.648078,0.689341,0.680128,0.66089,0.683756
2.9964,0.628573,0.656249,0.629606,0.614022,0.617848,0.647931,0.688978,0.680176,0.66046,0.682996
2.9966,0.629226,0.655985,0.627918,0.614069,0.617475,0.64793,0.687782,0.678272,0.660239,0.682438
2.9968,0.630028,0.655742,0.626599,0.614798,0.616807,0.64794,0.68606,0.676172,0.660361,0.682119
2.997,0.630832,0.655426,0.626345,0.615558,0.616245,0.647921,0.683876,0.675683,0.660604,0.681596
2.9972,0.631018,0.655402,0.626972,0.615495,0.616046,0.647924,0.682266,0.67687,0.660641,0.680761
2.9974,0.630404,0.65584,0.628081,0.614219,0.616136,0.64786,0.681427,0.678695,0.660298,0.679778
2.9976,0.629575,0.655904,0.628903,0.612309,0.616511,0.647775,0.67995,0.679345,0.659814,0.678667
2.9978,0.628662,0.655996,0.628776,0.610768,0.617112,0.64818,0.677931,0.678816,0.659889,0.677912
2.998,0.628112,0.65713,0.62763,0.609824,0.617894,0.648954,0.675566,0.677637,0.660669,0.677599
2.9982,0.628655,0.658849,0.62638,0.609648,0.618535,0.649673,0.674395,0.676234,0.661596,0.677576
2.9984,0.629977,0.659763,0.625969,0.610183,0.618613,0.649996,0.674384,0.67553,0.662445,0.677346
2.9986,0.630852,0.65942,0.626721,0.610922,0.61846,0.649649,0.674334,0.67598,0.662924,0.676662
2.9988,0.630021,0.65819,0.627782,0.611137,0.618634,0.649026,0.672888,0.676856,0.662519,0.675701
2.999,0.627644,0.656795,0.628501,0.610487,0.619159,0.648653,0.670895,0.677258,0.661759,0.67496
2.9992,0.625582,0.656523,0.628295,0.609308,0.619801,0.648634,0.669686,0.676953,0.661792,0.674828
2.9994,0.625105,0.658015,0.627291,0.608354,0.620518,0.648969,0.669576,0.676126,0.66247,0.675339
2.9996,0.626014,0.660218,0.626148,0.608224,0.621227,0.649341,0.670003,0.675194,0.663308,0.676173
2.9998,0.62701,0.661525,0.625583,0.609023,0.621612,0.649373,0.670147,0.674793,0.663671,0.676809
3,0.627108,0.661254,0.625903,0.610102,0.6214,0.649598,0.669787,0.674884,0.663009,0.676902
3.0002,0.625592,0.659781,0.626717,0.610694,0.620421,0.650015,0.669405,0.674948,0.661955,0.678046
3.0004,0.623099,0.658488,0.627448,0.610331,0.619085,0.650529,0.669732,0.675113,0.661341,0.681486
3.0006,0.620982,0.658721,0.627625,0.609532,0.618482,0.651153,0.670992,0.675583,0.661427,0.686731
3.0008,0.620534,0.662193,0.627122,0.609356,0.618723,0.651461,0.672504,0.676032,0.662279,0.694113
3.001,0.62213,0.667715,0.626285,0.610485,0.619723,0.651503,0.674014,0.676447,0.663357,0.702688
3.0012,0.62459,0.674094,0.625908,0.612331,0.620618,0.651995,0.676366,0.676388,0.663816,0.713025
3.0014,0.626975,0.680317,0.626426,0.614263,0.620391,0.653525,0.67899,0.676133,0.664221,0.724794
3.0016,0.628608,0.686999,0.627294,0.615485,0.619642,0.655983,0.681809,0.676704,0.665044,0.738794
3.0018,0.629063,0.695414,0.628027,0.616181,0.61935,0.659104,0.685696,0.677745,0.666525,0.755126
3.002,0.629304,0.706267,0.628287,0.617299,0.620142,0.662135,0.691527,0.679527,0.668974,0.77373
3.0022,0.630612,0.718995,0.62813,0.619708,0.622146,0.665097,0.699239,0.681841,0.672263,0.793831
3.0024,0.63366,0.732639,0.627898,0.623474,0.624606,0.667765,0.708221,0.6843,0.675934,0.814994
3.0026,0.63829,0.746546,0.62802,0.628274,0.62721,0.671418,0.718131,0.686868,0.679716,0.836157
3.0028,0.64387,0.760657,0.628782,0.633521,0.629883,0.676137,0.728976,0.689024,0.683462,0.857422
3.003,0.649521,0.775247,0.630171,0.638421,0.63285,0.681176,0.7415,0.691173,0.687219,0.879418
3.0032,0.654382,0.791399,0.631838,0.642739,0.636051,0.686428,0.756118,0.694261,0.691186,0.902559
3.0034,0.659046,0.808958,0.633467,0.647302,0.638974,0.691368,0.771822,0.698903,0.695482,0.926876
3.0036,0.664785,0.827059,0.634781,0.652637,0.641874,0.696024,0.787276,0.704037,0.700161,0.951861
3.0038,0.671542,0.845226,0.636095,0.658547,0.645015,0.701422,0.802241,0.70868,0.704969,0.977412
3.004,0.678427,0.863259,0.637927,0.664308,0.648752,0.707996,0.816929,0.712786,0.709777,1.00345
3.0042,0.6848,0.881498,0.639996,0.669595,0.653018,0.715314,0.832206,0.716291,0.714421,1.03035
3.0044,0.690894,0.900296,0.641612,0.674555,0.657488,0.722266,0.848093,0.719978,0.718759,1.05785
3.0046,0.6974,0.919928,0.643328,0.679509,0.66197,0.728995,0.864484,0.725216,0.722931,1.08541
3.0048,0.704317,0.940358,0.646188,0.684997,0.666327,0.735415,0.881152,0.731381,0.726992,1.11265
3.005,0.711484,0.961363,0.649232,0.690952,0.670704,0.741395,0.89769,0.737488,0.731562,1.13968
3.0052,0.71865,0.982691,0.651285,0.697064,0.675306,0.747294,0.914915,0.742837,0.737038,1.16613
3.0054,0.72572,1.00429,0.651705,0.702703,0.680134,0.753321,0.931969,0.7472,0.742366,1.19228
3.0056,0.732827,1.02624,0.651016,0.707515,0.68503,0.759876,0.949128,0.751395,0.746921,1.21828
3.0058,0.740202,1.04844,0.650283,0.711195,0.689656,0.76686,0.966441,0.755758,0.750497,1.24398
3.006,0.747665,1.0702,0.650644,0.714478,0.694013,0.77352,0.983238,0.760249,0.753721,1.26918
3.0062,0.754264,1.09157,0.652629,0.718163,0.698023,0.779705,0.999934,0.765026,0.757416,1.29371
3.0064,0.760304,1.11252,0.655189,0.722826,0.702262,0.785181,1.01521,0.76937,0.761211,1.31731
3.0066,0.766246,1.13309,0.656856,0.728359,0.706547,0.790319,1.02959,0.77301,0.764478,1.33965
3.0068,0.772128,1.15341,0.656901,0.733493,0.710037,0.795161,1.0442,0.776827,0.767954,1.36089
3.007,0.777777,1.17326,0.655656,0.737362,0.713048,0.80015,1.06035,0.781281,0.772618,1.3812
3.0072,0.783342,1.19226,0.65414,0.739864,0.715622,0.805538,1.07896,0.78583,0.776843,1.40098
3.0074,0.789456,1.21036,0.65408,0.741633,0.718047,0.81056,1.09708,0.789762,0.779701,1.42081
3.0076,0.795525,1.228,0.655937,0.744099,0.720717,0.81483,1.11123,0.792798,0.781107,1.44133
3.0078,0.800617,1.24555,0.658108,0.749514,0.72408,0.818508,1.12144,0.795021,0.781841,1.46297
3.008,0.804402,1.26308,0.659342,0.757148,0.727229,0.821555,1.131,0.797643,0.78326,1.48609
3.0082,0.807098,1.28059,0.65934,0.763878,0.729252,0.824104,1.14329,0.802081,0.785688,1.5099
3.0084,0.809287,1.29778,0.658511,0.767103,0.730401,0.826738,1.15907,0.806919,0.787909,1.53274
3.0086,0.811271,1.31392,0.657253,0.766974,0.731157,0.829088,1.17619,0.809729,0.788855,1.55307
3.0088,0.813543,1.32882,0.655812,0.765606,0.73161,0.831077,1.19168,0.809828,0.788507,1.57049
3.009,0.816281,1.34274,0.654285,0.765688,0.731544,0.832867,1.20388,0.807376,0.787692,1.58513
3.0092,0.818814,1.35583,0.652707,0.768003,0.731603,0.833918,1.21279,0.803864,0.788775,1.59758
3.0094,0.820134,1.36826,0.650968,0.771176,0.731544,0.834495,1.22082,0.800948,0.791236,1.60842
3.0096,0.820191,1.37957,0.649528,0.773366,0.731147,0.835411,1.23003,0.799502,0.79278,1.61832
3.0098,0.819448,1.38921,0.648389,0.773406,0.730279,0.836,1.24037,0.799248,0.791677,1.62831
3.01,0.818418,1.39769,0.647325,0.772139,0.728782,0.83547,1.25069,0.79912,0.787656,1.63875
3.0102,0.817889,1.40574,0.645461,0.770157,0.726619,0.833789,1.25891,0.797763,0.782342,1.64956
3.0104,0.817871,1.41379,0.642518,0.768505,0.724207,0.832001,1.26493,0.794604,0.778616,1.66049
3.0106,0.817929,1.42142,0.638977,0.768059,0.721727,0.830904,1.26985,0.791324,0.778088,1.67057
3.0108,0.817317,1.42741,0.635411,0.767712,0.718879,0.830043,1.27492,0.790033,0.779778,1.67855
3.011,0.815411,1.43106,0.632153,0.766132,0.715427,0.828469,1.28093,0.789377,0.780861,1.68344
3.0112,0.812628,1.43227,0.629046,0.763747,0.711364,0.825898,1.28778,0.788214,0.778672,1.68547
3.0114,0.810011,1.43233,0.626129,0.761066,0.706776,0.822031,1.29483,0.786635,0.773237,1.68569
3.0116,0.807841,1.4323,0.623192,0.758326,0.702039,0.81751,1.30093,0.784565,0.766506,1.68507
3.0118,0.805322,1.43235,0.620052,0.755711,0.697182,0.813007,1.30422,0.780747,0.760801,1.68395
3.012,0.802135,1.43229,0.616949,0.752852,0.692689,0.808542,1.30445,0.775627,0.757611,1.68216
3.0122,0.798154,1.43055,0.613485,0.749357,0.689561,0.804083,1.3033,0.771553,0.756258,1.67883
3.0124,0.792724,1.42588,0.609288,0.74526,0.686933,0.799259,1.30186,0.768644,0.754567,1.67363
3.0126,0.786806,1.41861,0.604612,0.74101,0.683102,0.793914,1.30056,0.765078,0.750871,1.66638
3.0128,0.781535,1.41024,0.600046,0.736537,0.677171,0.788396,1.29821,0.760419,0.744531,1.65723
3.013,0.776848,1.40243,0.596564,0.731387,0.669825,0.783182,1.29464,0.755051,0.736802,1.64675
3.0132,0.771909,1.39557,0.593965,0.725584,0.662772,0.77772,1.28984,0.749754,0.729535,1.63527
3.0134,0.766145,1.38828,0.591773,0.719878,0.657501,0.771154,1.28339,0.74506,0.723902,1.62302
3.0136,0.759643,1.37901,0.589088,0.715125,0.654077,0.764017,1.27594,0.740807,0.719302,1.61039
3.0138,0.753002,1.3675,0.58576,0.710827,0.650971,0.757535,1.26776,0.736669,0.714815,1.59767
3.014,0.746662,1.35453,0.582203,0.706234,0.646763,0.752087,1.25959,0.732293,0.709581,1.58446
3.0142,0.740067,1.34087,0.578792,0.701818,0.641086,0.747637,1.25059,0.727601,0.703887,1.57026
3.0144,0.733375,1.32683,0.575876,0.697648,0.634944,0.743241,1.23946,0.722451,0.698899,1.55473
3.0146,0.727021,1.31205,0.573415,0.692924,0.629294,0.737478,1.22732,0.718262,0.695406,1.53745
3.0148,0.72075,1.29676,0.570953,0.68761,0.624538,0.730513,1.21422,0.715138,0.692794,1.51915
3.015,0.714975,1.28161,0.568647,0.682527,0.620664,0.723392,1.20072,0.711877,0.689595,1.50081
3.0152,0.709431,1.26669,0.56661,0.67854,0.617011,0.716926,1.1874,0.707469,0.684938,1.48235
3.0154,0.703698,1.2515,0.564806,0.675534,0.612994,0.711185,1.17329,0.702189,0.679545,1.46379
3.0156,0.697912,1.23579,0.563165,0.672982,0.609093,0.706131,1.15759,0.697878,0.675379,1.44519
3.0158,0.692544,1.21949,0.56162,0.670477,0.606026,0.701569,1.14129,0.694907,0.673143,1.4268
3.016,0.687666,1.20315,0.560256,0.667733,0.60387,0.697468,1.12586,0.692672,0.671911,1.40907
3.0162,0.683529,1.18781,0.559128,0.664797,0.602382,0.694002,1.1116,0.690683,0.670453,1.39228
3.0164,0.680511,1.17398,0.558074,0.662028,0.601235,0.691066,1.09777,0.688618,0.668296,1.37633
3.0166,0.67801,1.16182,0.557298,0.659616,0.599924,0.688213,1.08416,0.686178,0.666065,1.36144
3.0168,0.675228,1.15142,0.557083,0.657696,0.598264,0.685312,1.0717,0.683481,0.663824,1.3477
3.017,0.672144,1.14216,0.557187,0.656585,0.596958,0.682473,1.06131,0.681006,0.662286,1.33529
3.0172,0.669371,1.13323,0.557466,0.656251,0.596415,0.67993,1.05291,0.679823,0.661907,1.32393
3.0174,0.667223,1.12422,0.557514,0.656262,0.596424,0.678259,1.04463,0.679645,0.6619,1.31361
3.0176,0.665639,1.11557,0.557565,0.655864,0.596468,0.67739,1.03522,0.67987,0.661648,1.30429
3.0178,0.665401,1.10814,0.557496,0.655288,0.596025,0.677102,1.02675,0.680077,0.660951,1.29701
3.018,0.666331,1.10267,0.557818,0.65492,0.595284,0.677273,1.02089,0.679926,0.66041,1.29211
3.0182,0.667451,1.10004,0.558628,0.654845,0.594664,0.678453,1.01631,0.679712,0.660994,1.28914
3.0184,0.668011,1.0997,0.559731,0.655612,0.594666,0.680457,1.01217,0.679592,0.662797,1.28695
3.0186,0.667984,1.10036,0.561157,0.656729,0.595698,0.681667,1.00736,0.679484,0.665801,1.28519
3.0188,0.667957,1.1003,0.562224,0.657963,0.597355,0.681612,1.00254,0.679694,0.668956,1.2843
3.019,0.668805,1.09948,0.562815,0.659238,0.599365,0.68229,0.998979,0.680162,0.670916,1.28473
3.0192,0.671044,1.09877,0.563122,0.661077,0.600777,0.684286,0.996748,0.681137,0.672196,1.28702
3.0194,0.674498,1.09931,0.564042,0.663357,0.601742,0.686803,0.995651,0.681711,0.673824,1.29088
3.0196,0.678329,1.10238,0.565574,0.665948,0.60267,0.689664,0.995615,0.681603,0.676235,1.29597
3.0198,0.681616,1.10762,0.56742,0.668173,0.603752,0.69243,0.996588,0.681455,0.679569,1.30166
3.02,0.684488,1.11367,0.568743,0.670386,0.605492,0.694593,0.998251,0.682047,0.683622,1.30737
3.0202,0.687177,1.11934,0.569672,0.672928,0.60807,0.696336,0.999937,0.683185,0.687781,1.31289
3.0204,0.690082,1.12393,0.570414,0.675285,0.611158,0.698521,1.00096,0.684412,0.69152,1.31855
3.0206,0.693925,1.12807,0.571244,0.677517,0.614056,0.701531,1.00142,0.68558,0.694873,1.32501
3.0208,0.698241,1.13329,0.572783,0.680675,0.616099,0.705005,1.00238,0.686614,0.697608,1.33256
3.021,0.702732,1.14074,0.574817,0.684627,0.617491,0.708433,1.00477,0.687598,0.700451,1.34129
3.0212,0.706817,1.15003,0.577131,0.688292,0.619072,0.711514,1.00812,0.68872,0.704073,1.35053
3.0214,0.709872,1.15988,0.579407,0.690928,0.621653,0.714388,1.01099,0.690158,0.708296,1.36013
3.0216,0.712193,1.1689,0.58098,0.693052,0.62546,0.717654,1.0128,0.692159,0.712967,1.36956
3.0218,0.714636,1.17678,0.581698,0.696424,0.630218,0.721615,1.01417,0.694803,0.71781,1.37835
3.022,0.718088,1.18431,0.58241,0.701437,0.635551,0.726125,1.01559,0.697915,0.721729,1.38648
3.0222,0.722859,1.19195,0.583264,0.706903,0.640081,0.730348,1.01828,0.701655,0.724727,1.39467
3.0224,0.728305,1.20042,0.584391,0.711886,0.643144,0.733951,1.02171,0.705321,0.727641,1.40331
3.0226,0.733425,1.21034,0.586134,0.715832,0.645518,0.736889,1.02535,0.708458,0.730439,1.41299
3.0228,0.737637,1.22103,0.588002,0.718745,0.648105,0.739303,1.0286,0.710684,0.73294,1.42363
3.023,0.740766,1.2312,0.589233,0.72129,0.651554,0.741464,1.0304,0.712736,0.735789,1.43421
3.0232,0.743669,1.24054,0.589907,0.723603,0.655545,0.74348,1.03159,0.71534,0.738753,1.44372
3.0234,0.746618,1.24894,0.590673,0.726235,0.659299,0.745812,1.03309,0.718128,0.741558,1.45199
3.0236,0.75046,1.25647,0.591652,0.728895,0.661921,0.749241,1.03509,0.721664,0.744453,1.46101
3.0238,0.75705,1.26399,0.592812,0.731233,0.663311,0.753285,1.03771,0.724684,0.746485,1.47176
3.024,0.765083,1.27266,0.594046,0.733158,0.664268,0.756963,1.04013,0.726212,0.747556,1.48336
3.0242,0.771628,1.28248,0.595273,0.734796,0.666049,0.759318,1.04167,0.726576,0.748357,1.49413
3.0244,0.774833,1.29195,0.596249,0.73633,0.668973,0.760507,1.04252,0.727035,0.749141,1.50304
3.0246,0.775425,1.2999,0.596351,0.737719,0.672355,0.761016,1.04303,0.72914,0.750242,1.51038
3.0248,0.775922,1.30653,0.59565,0.738646,0.675041,0.761865,1.04391,0.732829,0.751737,1.51765
3.025,0.778302,1.31254,0.59455,0.739376,0.677063,0.763238,1.04606,0.737321,0.753276,1.5257
3.0252,0.78238,1.31799,0.593911,0.739689,0.678762,0.764866,1.04987,0.740872,0.754597,1.53436
3.0254,0.787043,1.32311,0.594442,0.740019,0.679803,0.76582,1.05487,0.742598,0.755538,1.54316
3.0256,0.790446,1.32865,0.5954,0.740123,0.68058,0.765681,1.05976,0.742891,0.755785,1.55122
3.0258,0.79253,1.33499,0.595712,0.740062,0.681407,0.765836,1.0625,0.743251,0.755913,1.5581
3.026,0.794142,1.34153,0.595318,0.741661,0.682169,0.766668,1.06282,0.744791,0.756395,1.56381
3.0262,0.795168,1.3469,0.594119,0.744709,0.682998,0.767196,1.06322,0.746158,0.757322,1.56853
3.0264,0.795716,1.35039,0.592731,0.747144,0.683849,0.766464,1.06489,0.746576,0.758299,1.57255
3.0266,0.795783,1.35226,0.591558,0.747159,0.68431,0.764516,1.06703,0.745693,0.759273,1.57612
3.0268,0.7962,1.35355,0.591309,0.744818,0.68386,0.762118,1.06783,0.744042,0.759958,1.57937
3.027,0.797073,1.35476,0.591573,0.741926,0.682523,0.760428,1.06682,0.742658,0.760286,1.58226
3.0272,0.797342,1.35551,0.591486,0.740463,0.6811,0.760174,1.0654,0.742453,0.760572,1.5847
3.0274,0.797712,1.35552,0.590724,0.741505,0.679959,0.760929,1.06467,0.743171,0.760583,1.5867
3.0276,0.79915,1.35443,0.590101,0.744422,0.678816,0.761187,1.06468,0.74331,0.759803,1.58845
3.0278,0.801142,1.3521,0.589949,0.746897,0.677625,0.760011,1.06509,0.742539,0.758577,1.59013
3.028,0.802438,1.34946,0.589697,0.747217,0.676248,0.757611,1.06604,0.740466,0.757426,1.5913
3.0282,0.801715,1.34656,0.588889,0.745273,0.675101,0.754643,1.068,0.737106,0.756806,1.59136
3.0284,0.798954,1.34305,0.587474,0.742468,0.674302,0.752004,1.0701,0.733699,0.756794,1.58958
3.0286,0.796132,1.33809,0.585851,0.74025,0.67314,0.749926,1.07032,0.731564,0.756534,1.58584
3.0288,0.793755,1.33122,0.584958,0.739772,0.671846,0.748168,1.06785,0.730498,0.755531,1.58061
3.029,0.79144,1.32308,0.585021,0.740882,0.670537,0.74649,1.06343,0.729211,0.754494,1.57459
3.0292,0.789366,1.31441,0.585207,0.741877,0.669144,0.744834,1.05915,0.727545,0.754158,1.56858
3.0294,0.787248,1.30602,0.584923,0.741105,0.667729,0.742702,1.05627,0.725672,0.753343,1.56269
3.0296,0.785124,1.29787,0.583711,0.738565,0.666392,0.739964,1.05452,0.723897,0.751505,1.55623
3.0298,0.783124,1.28935,0.582382,0.735664,0.665269,0.737012,1.05217,0.722675,0.748703,1.5481
3.03,0.781103,1.27974,0.581901,0.733714,0.664475,0.734174,1.04732,0.722065,0.745497,1.53803
3.0302,0.778956,1.26899,0.581843,0.733452,0.663308,0.731235,1.04048,0.721705,0.742422,1.52665
3.0304,0.776492,1.25787,0.581725,0.73438,0.661636,0.728208,1.03281,0.721353,0.74021,1.51457
3.0306,0.773208,1.24742,0.581624,0.734745,0.660127,0.724715,1.02518,0.720956,0.738794,1.50225
3.0308,0.769422,1.23768,0.581339,0.734071,0.659176,0.721126,1.01862,0.720039,0.737276,1.4897
3.031,0.765476,1.2276,0.58045,0.733179,0.658412,0.717876,1.01252,0.718994,0.734769,1.47634
3.0312,0.762074,1.21642,0.579111,0.732172,0.65736,0.715156,1.00489,0.718784,0.731147,1.46218
3.0314,0.759652,1.20391,0.578075,0.730907,0.655571,0.712779,0.994783,0.719069,0.727097,1.44742
3.0316,0.757471,1.19068,0.57788,0.729552,0.65359,0.710264,0.983698,0.718843,0.723678,1.43244
3.0318,0.755149,1.17769,0.578497,0.728112,0.651973,0.707775,0.973902,0.717505,0.721617,1.41732
3.032,0.752597,1.16539,0.579286,0.726542,0.650913,0.705626,0.965426,0.71523,0.720601,1.40219
3.0322,0.749944,1.15358,0.579559,0.725124,0.65037,0.703484,0.958101,0.713086,0.719658,1.387
3.0324,0.747866,1.14182,0.579155,0.724485,0.650495,0.701225,0.950885,0.712225,0.717896,1.37185
3.0326,0.745762,1.13018,0.578342,0.724569,0.651057,0.699413,0.942499,0.71288,0.715344,1.35719
3.0328,0.743249,1.1192,0.577851,0.724376,0.651148,0.697733,0.933145,0.714277,0.712804,1.34376
3.033,0.740634,1.1093,0.577929,0.723355,0.650359,0.696601,0.924083,0.715348,0.711296,1.33211
3.0332,0.739319,1.10042,0.578389,0.722052,0.649195,0.696406,0.916452,0.715624,0.711385,1.32199
3.0334,0.738907,1.09224,0.579223,0.721898,0.648373,0.696268,0.910862,0.715428,0.712439,1.31231
3.0336,0.738351,1.08416,0.580281,0.722676,0.648237,0.695287,0.906634,0.715212,0.713332,1.3022
3.0338,0.73692,1.07625,0.581114,0.724026,0.649018,0.693837,0.902561,0.715696,0.713708,1.29174
3.034,0.735411,1.06889,0.581479,0.725296,0.650481,0.692689,0.897781,0.71702,0.713613,1.2816
3.0342,0.734934,1.06307,0.581832,0.72587,0.651736,0.692369,0.892507,0.718494,0.713329,1.27271
3.0344,0.735438,1.0582,0.582318,0.725997,0.652073,0.692614,0.887613,0.719337,0.713316,1.26558
3.0346,0.735935,1.05338,0.583444,0.72597,0.651659,0.693197,0.883575,0.719017,0.713757,1.26
3.0348,0.736384,1.04814,0.585048,0.726548,0.651337,0.693741,0.880158,0.717962,0.714313,1.2554
3.035,0.737094,1.04277,0.586687,0.727561,0.651692,0.694376,0.877583,0.717073,0.714874,1.25142
3.0352,0.737871,1.03803,0.58803,0.728835,0.652775,0.695275,0.875364,0.717245,0.715591,1.24805
3.0354,0.738618,1.0349,0.589087,0.7299,0.654872,0.696475,0.873017,0.718748,0.716761,1.24563
3.0356,0.73949,1.03382,0.590082,0.73067,0.657671,0.698308,0.870685,0.72039,0.718532,1.24452
3.0358,0.740739,1.03382,0.591173,0.73193,0.660244,0.700095,0.868704,0.721514,0.720885,1.24491
3.036,0.74302,1.03362,0.592284,0.733939,0.661582,0.701433,0.867487,0.721905,0.723613,1.24665
3.0362,0.745805,1.03268,0.593366,0.735711,0.662134,0.703244,0.86746,0.721708,0.726152,1.24915
3.0364,0.747281,1.0319,0.594437,0.736726,0.663213,0.705701,0.868716,0.721472,0.728174,1.25178
3.0366,0.747658,1.03256,0.59567,0.737659,0.665278,0.707687,0.870769,0.722342,0.7299,1.25431
3.0368,0.748325,1.03469,0.596819,0.738481,0.667664,0.709129,0.87225,0.723831,0.731692,1.25704
3.037,0.750061,1.03739,0.597565,0.739463,0.669886,0.71057,0.872775,0.72489,0.73388,1.26028
3.0372,0.753492,1.03967,0.598219,0.741167,0.672438,0.712426,0.873064,0.725363,0.73619,1.26412
3.0374,0.757746,1.04107,0.598833,0.743483,0.67478,0.714776,0.873869,0.725589,0.738158,1.26849
3.0376,0.761468,1.04213,0.599477,0.745795,0.676419,0.717714,0.875278,0.726037,0.739625,1.2734
3.0378,0.763827,1.04403,0.600514,0.747836,0.678028,0.72097,0.876645,0.726993,0.740792,1.2786
3.038,0.765276,1.04779,0.602696,0.74959,0.680632,0.724183,0.877315,0.728371,0.742402,1.28413
3.0382,0.766617,1.05336,0.605508,0.75133,0.684255,0.72702,0.877776,0.729979,0.7444,1.28995
3.0384,0.769204,1.05956,0.607058,0.753407,0.687601,0.729203,0.878817,0.731816,0.746282,1.29632
3.0386,0.773211,1.06526,0.606831,0.755941,0.69028,0.730914,0.880132,0.73409,0.747476,1.30265
3.0388,0.777765,1.07045,0.605381,0.758741,0.692318,0.733064,0.881021,0.737296,0.748764,1.30845
3.039,0.782029,1.07576,0.604301,0.761895,0.693907,0.735527,0.880993,0.741311,0.752113,1.31385
3.0392,0.784972,1.0814,0.6046,0.764468,0.695576,0.738195,0.881116,0.744418,0.757028,1.31907
3.0394,0.78739,1.08714,0.605848,0.765071,0.697729,0.740944,0.883328,0.745863,0.761349,1.32468
3.0396,0.790313,1.09308,0.607013,0.764966,0.700009,0.743198,0.885819,0.746737,0.764052,1.33105
3.0398,0.793301,1.09903,0.607413,0.765554,0.702429,0.744874,0.886289,0.748622,0.765093,1.33798
3.04,0.795597,1.1051,0.608372,0.766708,0.70484,0.74664,0.88516,0.751166,0.7652,1.34474
3.0402,0.797113,1.11118,0.610091,0.768526,0.707347,0.74872,0.883784,0.753249,0.765203,1.35061
3.0404,0.798494,1.11706,0.611883,0.770697,0.709989,0.750944,0.883096,0.755412,0.765979,1.35553
3.0406,0.800442,1.12259,0.613268,0.772889,0.712275,0.752892,0.883393,0.758528,0.767224,1.36001
3.0408,0.803452,1.12758,0.613922,0.775009,0.713863,0.75452,0.884232,0.762468,0.768524,1.36494
3.041,0.806686,1.13203,0.614155,0.776948,0.715287,0.756398,0.884983,0.766252,0.769147,1.37096
3.0412,0.809421,1.1364,0.61444,0.778674,0.716885,0.75877,0.884752,0.768845,0.769115,1.37809
3.0414,0.811393,1.14124,0.614849,0.780504,0.718155,0.760434,0.883541,0.769622,0.768542,1.3857
3.0416,0.81277,1.14642,0.615401,0.782493,0.71933,0.760435,0.882616,0.76972,0.767669,1.39306
3.0418,0.813983,1.15112,0.615996,0.784136,0.720443,0.759932,0.883384,0.770398,0.766803,1.39953
3.042,0.815476,1.15449,0.616392,0.785391,0.721765,0.759755,0.886284,0.772607,0.76577,1.40458
3.0422,0.816887,1.15737,0.616761,0.785976,0.72276,0.760102,0.890124,0.776258,0.764791,1.4085
3.0424,0.818238,1.16011,0.617278,0.786409,0.722984,0.761566,0.892301,0.779642,0.764145,1.41233
3.0426,0.819114,1.1628,0.617795,0.787216,0.722976,0.76344,0.891811,0.781417,0.763708,1.41648
3.0428,0.81929,1.16546,0.618216,0.7888,0.724031,0.764435,0.891196,0.782583,0.763652,1.42047
3.043,0.820075,1.16759,0.618463,0.79042,0.726603,0.76451,0.892424,0.784199,0.763573,1.42361
3.0432,0.821848,1.16901,0.618574,0.790911,0.728699,0.764154,0.894554,0.785771,0.762864,1.4255
3.0434,0.823514,1.17025,0.618789,0.790474,0.728989,0.764054,0.895507,0.787365,0.761619,1.42631
3.0436,0.823966,1.17156,0.619369,0.78993,0.727663,0.764851,0.89467,0.789311,0.760267,1.4267
3.0438,0.823264,1.17243,0.620412,0.789911,0.726213,0.766302,0.893338,0.790538,0.759455,1.42747
3.044,0.822732,1.17208,0.621834,0.791027,0.725534,0.767323,0.892934,0.790822,0.759799,1.42893
3.0442,0.8233,1.17005,0.623281,0.792823,0.726202,0.767249,0.893799,0.791376,0.761008,1.43086
3.0444,0.824956,1.16716,0.624489,0.794568,0.727431,0.765884,0.895556,0.792568,0.762514,1.43257
3.0446,0.827175,1.1643,0.625536,0.795211,0.728446,0.763971,0.897675,0.794262,0.763679,1.43306
3.0448,0.828102,1.16161,0.62613,0.794549,0.72872,0.762777,0.899837,0.796031,0.763972,1.43179
3.045,0.826759,1.1585,0.626087,0.793366,0.727752,0.762341,0.901672,0.797619,0.763937,1.42911
3.0452,0.824112,1.15436,0.625885,0.792473,0.72617,0.762419,0.902333,0.798037,0.763799,1.42573
3.0454,0.821774,1.14884,0.625742,0.792297,0.72534,0.762638,0.901833,0.797757,0.763805,1.42201
3.0456,0.821058,1.14235,0.625748,0.792661,0.72602,0.761989,0.901318,0.797915,0.764267,1.41804
3.0458,0.821833,1.13566,0.626762,0.793513,0.727362,0.760003,0.901358,0.798926,0.764465,1.41352
3.046,0.822517,1.12927,0.628598,0.794085,0.728248,0.757444,0.901271,0.800166,0.764644,1.40822
3.0462,0.822756,1.12303,0.629963,0.793856,0.728505,0.755359,0.900939,0.800415,0.765426,1.40175
3.0464,0.822463,1.11644,0.630366,0.79283,0.728147,0.754783,0.899549,0.799449,0.76672,1.39439
3.0466,0.821691,1.1091,0.629528,0.791973,0.726404,0.755731,0.897251,0.797968,0.768236,1.38638
3.0468,0.821598,1.10128,0.628065,0.792007,0.724113,0.756953,0.89466,0.79691,0.769842,1.37783
3.047,0.82222,1.09371,0.627008,0.792572,0.722463,0.756548,0.892162,0.796519,0.770948,1.36859
3.0472,0.822949,1.08715,0.626781,0.793497,0.722017,0.7542,0.889318,0.796416,0.770996,1.35881
3.0474,0.82305,1.08142,0.627601,0.79447,0.722697,0.750765,0.885869,0.795853,0.770239,1.34842
3.0476,0.822682,1.07539,0.628864,0.794545,0.723456,0.747879,0.882683,0.794099,0.769753,1.33764
3.0478,0.822056,1.06811,0.630214,0.794255,0.723349,0.746251,0.879677,0.791836,0.770007,1.32668
3.048,0.821284,1.05947,0.631065,0.794132,0.7224,0.745697,0.876284,0.790062,0.7707,1.3158
3.0482,0.820345,1.05022,0.630944,0.794,0.720939,0.745686,0.871288,0.790042,0.771495,1.3046
3.0484,0.819177,1.04134,0.629986,0.793653,0.719257,0.745247,0.86575,0.791514,0.771905,1.29248
3.0486,0.81782,1.03316,0.628974,0.793266,0.718046,0.744146,0.861021,0.792583,0.771959,1.2794
3.0488,0.81673,1.02543,0.628717,0.79371,0.717825,0.742908,0.857988,0.792409,0.772,1.26613
3.049,0.816386,1.01774,0.62951,0.794778,0.718302,0.742303,0.855293,0.791278,0.772211,1.2538
3.0492,0.81635,1.00993,0.631124,0.796183,0.718674,0.741899,0.851236,0.790265,0.772952,1.24309
3.0494,0.81651,1.00241,0.633012,0.797024,0.718762,0.741576,0.846004,0.790116,0.774369,1.23386
3.0496,0.817073,0.995736,0.634637,0.796994,0.718708,0.741262,0.841355,0.791195,0.775208,1.22538
3.0498,0.817564,0.990156,0.635643,0.79611,0.71838,0.740833,0.838628,0.792881,0.775263,1.21701
3.05,0.818218,0.985517,0.635933,0.795594,0.71765,0.740335,0.837783,0.793916,0.775358,1.20844
3.0502,0.819273,0.981227,0.636236,0.79582,0.717338,0.740416,0.837607,0.794554,0.776218,1.19976
3.0504,0.82041,0.97657,0.637217,0.796099,0.717583,0.740884,0.837116,0.795368,0.777855,1.19153
3.0506,0.82026,0.971609,0.638602,0.796747,0.717871,0.740868,0.836245,0.796331,0.779023,1.18414
3.0508,0.819092,0.96698,0.63973,0.79813,0.718435,0.740351,0.834734,0.797243,0.779098,1.17757
3.051,0.81848,0.963122,0.640235,0.799418,0.719095,0.739844,0.832878,0.79762,0.778607,1.17165
3.0512,0.819015,0.959713,0.64026,0.799517,0.719064,0.739687,0.83169,0.797566,0.778552,1.16617
3.0514,0.819759,0.956663,0.640389,0.798712,0.718788,0.740063,0.830987,0.797426,0.779976,1.16099
3.0516,0.820005,0.953562,0.641154,0.798099,0.718738,0.741542,0.830329,0.797739,0.78307,1.15628
3.0518,0.820042,0.950278,0.642632,0.798527,0.719199,0.744006,0.829702,0.799174,0.785364,1.15246
3.052,0.820667,0.947198,0.644533,0.800022,0.720095,0.746335,0.829146,0.801303,0.785628,1.14981
3.0522,0.821763,0.944838,0.646481,0.801964,0.721679,0.747061,0.828783,0.802866,0.784562,1.14838
3.0524,0.822974,0.943476,0.648191,0.803397,0.723598,0.746207,0.828819,0.803488,0.783573,1.14797
3.0526,0.824222,0.942696,0.649461,0.803898,0.724995,0.744978,0.82962,0.80346,0.784365,1.1484
3.0528,0.825574,0.942019,0.650276,0.803935,0.725224,0.744823,0.831328,0.803281,0.786829,1.14939
3.053,0.826852,0.941348,0.65099,0.803892,0.725144,0.746585,0.83368,0.803648,0.789921,1.15058
3.0532,0.828361,0.940644,0.652042,0.804231,0.72507,0.748803,0.836517,0.804771,0.79239,1.15183
3.0534,0.830456,0.940134,0.653328,0.805373,0.72553,0.75048,0.839359,0.806502,0.792974,1.15323
3.0536,0.832596,0.940142,0.654554,0.806607,0.727096,0.751339,0.84148,0.808134,0.792283,1.15493
3.0538,0.834655,0.940773,0.655362,0.806943,0.72954,0.751417,0.842673,0.809644,0.791838,1.15714
3.054,0.836203,0.941898,0.655837,0.806751,0.731694,0.751697,0.843685,0.810688,0.792644,1.15965
3.0542,0.836997,0.943232,0.656168,0.807437,0.732639,0.753296,0.84524,0.811657,0.794857,1.16232
3.0544,0.837435,0.944546,0.656545,0.809016,0.732928,0.755718,0.846965,0.812758,0.79748,1.16513
3.0546,0.839013,0.945892,0.657162,0.810677,0.73376,0.75838,0.848811,0.81431,0.799252,1.16814
3.0548,0.84204,0.94761,0.657867,0.811953,0.735747,0.760435,0.850173,0.8166,0.799939,1.17165
3.055,0.845664,0.949961,0.658378,0.812867,0.738662,0.761653,0.850802,0.8192,0.800213,1.17537
3.0552,0.848631,0.952951,0.658453,0.813721,0.740884,0.76219,0.850941,0.821542,0.800766,1.17895
3.0554,0.850403,0.956858,0.658347,0.814933,0.742,0.762848,0.850791,0.82367,0.801611,1.18228
3.0556,0.851246,0.961661,0.658251,0.816406,0.742442,0.764272,0.85132,0.825437,0.802787,1.18527
3.0558,0.852871,0.966747,0.658556,0.81814,0.741889,0.766093,0.852124,0.826904,0.804047,1.18834
3.056,0.855691,0.971279,0.659735,0.81976,0.740376,0.768269,0.852777,0.828151,0.805027,1.19195
3.0562,0.858107,0.975061,0.661122,0.821004,0.738616,0.770281,0.853226,0.829226,0.805389,1.19641
3.0564,0.859797,0.978368,0.66174,0.821679,0.737668,0.771527,0.853868,0.830245,0.805271,1.20136
3.0566,0.861478,0.981611,0.66215,0.821815,0.738235,0.77202,0.855174,0.831003,0.805339,1.20589
3.0568,0.863691,0.985597,0.66363,0.821728,0.739559,0.772862,0.855708,0.831491,0.806024,1.20938
3.057,0.86594,0.990855,0.665709,0.82154,0.740433,0.774647,0.855122,0.832935,0.807848,1.21211
3.0572,0.867491,0.996468,0.667748,0.821782,0.740163,0.776934,0.854054,0.835673,0.810118,1.21519
3.0574,0.8686,1.00186,0.66913,0.822412,0.739096,0.778938,0.853193,0.837618,0.811759,1.21965
3.0576,0.869978,1.00692,0.669666,0.822982,0.738398,0.780391,0.853108,0.838262,0.812442,1.22553
3.0578,0.871324,1.01155,0.669804,0.823786,0.73975,0.780943,0.853578,0.837819,0.811906,1.23214
3.058,0.872267,1.01588,0.669962,0.824222,0.74243,0.781169,0.854076,0.836201,0.811233,1.23792
3.0582,0.873278,1.01969,0.670415,0.823335,0.744861,0.781542,0.854782,0.83493,0.811528,1.24191
3.0584,0.873775,1.02335,0.671086,0.821433,0.746364,0.781788,0.856091,0.835327,0.812967,1.24432
3.0586,0.873907,1.02721,0.6717,0.819036,0.746443,0.782256,0.858344,0.836572,0.814827,1.24601
3.0588,0.874793,1.03119,0.672279,0.817217,0.745682,0.783416,0.861665,0.837457,0.815908,1.24818
3.059,0.876533,1.0349,0.672806,0.816827,0.745349,0.784961,0.86473,0.837322,0.816015,1.25143
3.0592,0.878309,1.03765,0.673393,0.817675,0.74562,0.785648,0.866234,0.836505,0.815797,1.25509
3.0594,0.87886,1.03934,0.674366,0.818651,0.746952,0.784938,0.86704,0.83576,0.816083,1.25804
3.0596,0.878044,1.04031,0.675903,0.819965,0.748794,0.783508,0.868002,0.83682,0.817589,1.25952
3.0598,0.876851,1.04131,0.677695,0.821587,0.749969,0.782393,0.869066,0.839374,0.819555,1.25956
3.06,0.87674,1.04248,0.679231,0.822133,0.750206,0.782222,0.870015,0.841858,0.820658,1.25891
3.0602,0.878049,1.0436,0.680282,0.821366,0.749875,0.78292,0.870738,0.842626,0.820343,1.25862
3.0604,0.879143,1.04415,0.681046,0.820128,0.749842,0.783951,0.87121,0.84212,0.818727,1.25929
3.0606,0.878877,1.0437,0.681745,0.819575,0.75071,0.784598,0.87167,0.841415,0.817451,1.26086
3.0608,0.877724,1.04228,0.6824,0.819977,0.751927,0.78428,0.872214,0.841754,0.817832,1.26267
3.061,0.87619,1.04051,0.68301,0.82104,0.752975,0.783219,0.873044,0.84319,0.819851,1.26404
3.0612,0.874619,1.03864,0.683793,0.822338,0.753061,0.782188,0.874716,0.844242,0.821604,1.26433
3.0614,0.873293,1.03665,0.684721,0.823075,0.752198,0.781154,0.877563,0.84432,0.821724,1.26324
3.0616,0.872395,1.03433,0.685309,0.822703,0.751413,0.780183,0.880925,0.843732,0.820293,1.26103
3.0618,0.871398,1.0314,0.685344,0.821335,0.751724,0.779808,0.883096,0.842873,0.818003,1.25825
3.062,0.869426,1.02821,0.684892,0.8198,0.753029,0.779522,0.883365,0.842807,0.816483,1.25541
3.0622,0.866286,1.02492,0.684497,0.819268,0.75424,0.778633,0.882716,0.843253,0.81728,1.25263
3.0624,0.862692,1.02126,0.684301,0.820361,0.754043,0.777268,0.882627,0.843938,0.819021,1.24942
3.0626,0.859761,1.01682,0.684534,0.821846,0.752173,0.775992,0.883667,0.844017,0.820042,1.24558
3.0628,0.858025,1.01148,0.685161,0.822232,0.749831,0.77486,0.884952,0.842784,0.81994,1.24112
3.063,0.857102,1.00572,0.685663,0.821465,0.748732,0.774949,0.885093,0.840817,0.818261,1.23585
3.0632,0.856091,1.00034,0.68577,0.819585,0.749416,0.775163,0.884253,0.839527,0.815883,1.22967
3.0634,0.854342,0.99597,0.685311,0.81802,0.751144,0.773907,0.882798,0.839775,0.814354,1.22271
3.0636,0.851962,0.992631,0.684784,0.818335,0.752362,0.772102,0.880877,0.840152,0.814548,1.21534
3.0638,0.849749,0.989849,0.684248,0.819921,0.751975,0.771332,0.879655,0.839195,0.815924,1.20782
3.064,0.84861,0.986817,0.683848,0.821224,0.750312,0.771283,0.87897,0.837017,0.817633,1.20046
3.0642,0.848851,0.982587,0.683815,0.82108,0.748455,0.770415,0.878031,0.834183,0.818482,1.19314
3.0644,0.849653,0.977082,0.683807,0.819512,0.747776,0.768635,0.876378,0.83197,0.818105,1.18538
3.0646,0.849609,0.971318,0.683421,0.81754,0.748822,0.766217,0.873724,0.83084,0.816864,1.1767
3.0648,0.848362,0.966092,0.68266,0.816182,0.750613,0.763742,0.8701,0.830624,0.815392,1.16713
3.065,0.846362,0.961333,0.681834,0.816309,0.751274,0.762837,0.866615,0.830751,0.814676,1.15713
3.0652,0.844264,0.956543,0.681256,0.817405,0.749762,0.76329,0.863627,0.83,0.815403,1.14737
3.0654,0.842696,0.95133,0.681125,0.818104,0.747258,0.764048,0.861022,0.82832,0.816766,1.13833
3.0656,0.841767,0.945756,0.681459,0.817618,0.745638,0.763793,0.858792,0.8266,0.817895,1.13009
3.0658,0.840929,0.940362,0.682096,0.816196,0.745596,0.762352,0.856688,0.825251,0.818144,1.12239
3.066,0.839686,0.935735,0.682825,0.815048,0.746812,0.760411,0.854243,0.824959,0.817871,1.11492
3.0662,0.83823,0.932064,0.683536,0.81446,0.747631,0.758717,0.851383,0.825485,0.817747,1.10766
3.0664,0.837155,0.929171,0.684144,0.814922,0.74696,0.758063,0.848735,0.826828,0.817137,1.10089
3.0666,0.836815,0.92673,0.68447,0.816487,0.745671,0.758276,0.847207,0.828787,0.816566,1.09496
3.0668,0.837262,0.92431,0.684699,0.81778,0.744767,0.758765,0.84727,0.829923,0.816937,1.08961
3.067,0.838237,0.921489,0.685205,0.817289,0.744209,0.759167,0.848557,0.82891,0.818037,1.08431
3.0672,0.838979,0.918364,0.685927,0.815281,0.743835,0.7588,0.849985,0.827346,0.818612,1.07904
3.0674,0.838862,0.915315,0.686548,0.812832,0.743492,0.757581,0.850239,0.826673,0.818705,1.07394
3.0676,0.838226,0.912495,0.686709,0.811382,0.742967,0.756254,0.849497,0.827139,0.818647,1.06903
3.0678,0.837793,0.909827,0.686337,0.811293,0.742121,0.755317,0.848848,0.8275,0.818402,1.06443
3.068,0.837642,0.90741,0.685768,0.812395,0.741204,0.755316,0.848398,0.827626,0.818025,1.06036
3.0682,0.837323,0.905214,0.685549,0.813315,0.74059,0.756292,0.848232,0.827369,0.817368,1.05697
3.0684,0.836491,0.903188,0.686061,0.812953,0.740571,0.757363,0.847963,0.826626,0.816582,1.05434
3.0686,0.835227,0.901407,0.687286,0.811977,0.740974,0.757956,0.847295,0.826265,0.816231,1.0525
3.0688,0.833808,0.899727,0.68887,0.811682,0.741541,0.757843,0.846794,0.826363,0.816644,1.05143
3.069,0.832811,0.897972,0.69035,0.812435,0.741879,0.756706,0.846936,0.826425,0.817654,1.05109
3.0692,0.832628,0.896225,0.691301,0.813541,0.741879,0.755276,0.847533,0.826927,0.8185,1.05144
3.0694,0.832929,0.895042,0.691619,0.813924,0.741537,0.755217,0.848586,0.827408,0.818557,1.05225
3.0696,0.833144,0.894391,0.691627,0.8138,0.741057,0.755911,0.850436,0.827505,0.817983,1.05314
3.0698,0.832693,0.893922,0.691835,0.81336,0.740677,0.756595,0.853102,0.82727,0.817131,1.05391
3.07,0.831466,0.89351,0.692408,0.812938,0.740222,0.757717,0.855998,0.827765,0.817058,1.05472
3.0702,0.829961,0.893026,0.693069,0.812996,0.740264,0.758384,0.858336,0.828559,0.817739,1.05601
3.0704,0.82921,0.89244,0.693635,0.812873,0.741269,0.758171,0.859766,0.828854,0.818465,1.05767
3.0706,0.829582,0.892095,0.693707,0.812255,0.742333,0.757597,0.860327,0.828118,0.819068,1.05955
3.0708,0.830469,0.892319,0.693428,0.811653,0.743126,0.756981,0.860538,0.826901,0.819469,1.06135
3.071,0.831288,0.893214,0.693005,0.811209,0.743561,0.756674,0.861142,0.826099,0.819583,1.06292
3.0712,0.831353,0.894614,0.693052,0.811142,0.743813,0.757066,0.862273,0.826543,0.819912,1.0644
3.0714,0.830564,0.89624,0.693465,0.811733,0.744009,0.757876,0.863381,0.828451,0.820313,1.06617
3.0716,0.829585,0.897958,0.693747,0.812492,0.744155,0.758468,0.864081,0.831347,0.820375,1.06834
3.0718,0.829336,0.899906,0.693537,0.813416,0.744629,0.758694,0.864315,0.833318,0.82034,1.07096
3.072,0.830225,0.902394,0.692841,0.814269,0.745256,0.758873,0.864281,0.833406,0.820876,1.07374
3.0722,0.832053,0.905674,0.692083,0.814202,0.745842,0.758966,0.863645,0.832679,0.821945,1.07646
3.0724,0.834267,0.909319,0.691857,0.813171,0.74587,0.759442,0.862306,0.833197,0.822534,1.0789
3.0726,0.836078,0.912629,0.691985,0.81187,0.745595,0.760584,0.860835,0.834953,0.822779,1.08108
3.0728,0.837027,0.915499,0.692366,0.811348,0.745804,0.761634,0.860249,0.836654,0.823271,1.08312
3.073,0.837809,0.918223,0.693042,0.811749,0.746275,0.762367,0.860333,0.836761,0.824187,1.08522
3.0732,0.839042,0.920914,0.693409,0.812863,0.74677,0.762825,0.860059,0.835003,0.824947,1.08735
3.0734,0.84054,0.923645,0.693357,0.81406,0.747589,0.762855,0.858726,0.833608,0.824774,1.08949
3.0736,0.84183,0.926223,0.693012,0.814038,0.748802,0.762351,0.856654,0.834428,0.823416,1.09159
3.0738,0.842197,0.928539,0.692969,0.812733,0.749943,0.761873,0.854426,0.836957,0.821625,1.09368
3.074,0.84146,0.930699,0.693611,0.811548,0.750661,0.761841,0.852723,0.839342,0.820563,1.09591
3.0742,0.840372,0.933091,0.69488,0.811337,0.750962,0.762812,0.851751,0.84001,0.820835,1.09848
3.0744,0.840082,0.936021,0.69633,0.811564,0.7509,0.764404,0.851195,0.83896,0.822241,1.10152
3.0746,0.841158,0.939539,0.697444,0.81159,0.750612,0.765626,0.85094,0.838129,0.824093,1.10504
3.0748,0.843211,0.94344,0.697702,0.811406,0.750736,0.765568,0.8511,0.839181,0.825357,1.10892
3.075,0.845407,0.947446,0.697406,0.810666,0.751598,0.765083,0.851676,0.841846,0.825344,1.11265
3.0752,0.847164,0.951041,0.697221,0.810137,0.752629,0.76508,0.852861,0.844504,0.82467,1.11553
3.0754,0.848192,0.953802,0.697583,0.810119,0.753318,0.765305,0.854636,0.845706,0.824291,1.11764
3.0756,0.848548,0.955946,0.698657,0.810528,0.752855,0.765381,0.856198,0.84517,0.824284,1.11948
3.0758,0.848928,0.957853,0.699978,0.811008,0.751565,0.765233,0.857373,0.84369,0.824477,1.12143
3.076,0.849631,0.959543,0.700742,0.81088,0.750753,0.764697,0.858916,0.842636,0.824337,1.12358
3.0762,0.850505,0.961252,0.701214,0.810708,0.750676,0.763596,0.860433,0.842809,0.823639,1.12566
3.0764,0.850861,0.962756,0.701487,0.810721,0.750906,0.762377,0.860945,0.843761,0.822292,1.12722
3.0766,0.850539,0.963711,0.701625,0.810235,0.751107,0.76181,0.860474,0.84492,0.821023,1.12806
3.0768,0.849569,0.963955,0.701956,0.809173,0.751774,0.762259,0.859614,0.84499,0.820275,1.1285
3.077,0.848588,0.963742,0.702701,0.808169,0.753131,0.763361,0.859583,0.84366,0.819615,1.12923
3.0772,0.847825,0.963398,0.7039,0.807715,0.754484,0.764293,0.861008,0.841732,0.818982,1.13068
3.0774,0.847786,0.963342,0.70492,0.807984,0.755323,0.764247,0.8629,0.840027,0.817953,1.13272
3.0776,0.848239,0.963126,0.705595,0.809185,0.755602,0.76352,0.864075,0.838808,0.815821,1.13465
3.0778,0.849724,0.962176,0.70635,0.810575,0.755244,0.762649,0.864649,0.838464,0.813705,1.13564
3.078,0.851589,0.960436,0.707683,0.811433,0.754438,0.761885,0.865858,0.838685,0.812311,1.13533
3.0782,0.851751,0.95804,0.708989,0.811425,0.753765,0.76195,0.86868,0.838674,0.8114,1.13407
3.0784,0.849262,0.95541,0.709508,0.810558,0.753441,0.762338,0.872204,0.838095,0.810844,1.13269
3.0786,0.845682,0.952935,0.709364,0.809317,0.753318,0.762028,0.874886,0.836593,0.81001,1.13141
3.0788,0.842919,0.950626,0.708792,0.808311,0.753306,0.760877,0.876153,0.834387,0.808767,1.13004
3.079,0.841414,0.948058,0.708478,0.807531,0.753054,0.760134,0.87568,0.832205,0.807229,1.12821
3.0792,0.841011,0.944859,0.709105,0.806977,0.752344,0.760465,0.874901,0.830778,0.805577,1.12534
3.0794,0.840692,0.941023,0.710572,0.806854,0.751381,0.761243,0.875265,0.83012,0.804063,1.12158
3.0796,0.839325,0.937,0.712296,0.807056,0.751065,0.761367,0.876386,0.829698,0.802945,1.11745
3.0798,0.836773,0.933461,0.713278,0.807137,0.751891,0.760393,0.878485,0.829048,0.802339,1.11349
3.08,0.833998,0.930825,0.713391,0.807033,0.753252,0.758928,0.879662,0.82813,0.802223,1.10975
3.0802,0.832098,0.929042,0.712892,0.806568,0.753453,0.75783,0.879045,0.827279,0.802477,1.10573
3.0804,0.831637,0.92772,0.712255,0.805922,0.751836,0.757426,0.876892,0.826959,0.802959,1.10096
3.0806,0.83246,0.926302,0.712045,0.805001,0.749629,0.757374,0.875705,0.827457,0.803303,1.09515
3.0808,0.833771,0.924087,0.712561,0.80423,0.748119,0.757539,0.875914,0.828202,0.803093,1.08874
3.081,0.834478,0.920916,0.713636,0.803918,0.747694,0.757237,0.875467,0.828236,0.802698,1.08233
3.0812,0.833881,0.91747,0.714752,0.804471,0.748516,0.756049,0.873425,0.827827,0.802558,1.07641
3.0814,0.832619,0.914224,0.715763,0.804949,0.749634,0.754701,0.869942,0.827649,0.802396,1.07088
3.0816,0.831539,0.911236,0.716295,0.804454,0.749707,0.753514,0.866596,0.82741,0.802196,1.06506
3.0818,0.830564,0.908389,0.716092,0.802908,0.748536,0.753216,0.864118,0.826615,0.802336,1.05839
3.082,0.829575,0.905474,0.715547,0.801048,0.74687,0.753676,0.862679,0.825163,0.802877,1.05098
3.0822,0.82859,0.902387,0.715887,0.799929,0.745743,0.753492,0.86124,0.82344,0.803577,1.04368
3.0824,0.827478,0.899301,0.717024,0.800075,0.745668,0.75262,0.859065,0.822124,0.804224,1.0374
3.0826,0.826383,0.896565,0.718202,0.801051,0.746267,0.751647,0.856591,0.821725,0.804715,1.03256
3.0828,0.825723,0.894434,0.718309,0.802024,0.746487,0.750718,0.854553,0.822163,0.805154,1.02885
3.083,0.825565,0.892987,0.717617,0.802313,0.746,0.750614,0.853231,0.82288,0.80574,1.02563
3.0832,0.825647,0.892141,0.717195,0.801701,0.744992,0.751513,0.852701,0.823401,0.806444,1.0223
3.0834,0.825848,0.891498,0.717403,0.800455,0.743559,0.752634,0.852793,0.823627,0.806918,1.01839
3.0836,0.826255,0.890433,0.717889,0.799924,0.742395,0.752427,0.853408,0.823514,0.806997,1.01406
3.0838,0.826686,0.888751,0.718699,0.800132,0.741793,0.750704,0.854401,0.823055,0.806891,1.00999
3.084,0.826807,0.8868,0.719272,0.800479,0.741724,0.749378,0.855041,0.822616,0.806752,1.00649
3.0842,0.826749,0.884999,0.719105,0.800242,0.741769,0.749323,0.855011,0.822392,0.806545,1.00339
3.0844,0.826584,0.883523,0.718427,0.799434,0.741135,0.749705,0.854729,0.822707,0.805982,1.00075
3.0846,0.826108,0.882173,0.717902,0.798224,0.739557,0.749413,0.854231,0.822707,0.804954,0.9989
3.0848,0.825041,0.880847,0.717534,0.797029,0.73865,0.748148,0.853799,0.822241,0.803822,0.997751
3.085,0.823485,0.879714,0.717634,0.796171,0.73911,0.746395,0.85322,0.82116,0.802992,0.997137
3.0852,0.82225,0.878494,0.718443,0.79622,0.740187,0.74499,0.852486,0.81951,0.802518,0.996588
3.0854,0.821592,0.876962,0.719307,0.79654,0.740989,0.744682,0.852221,0.818052,0.802589,0.99574
3.0856,0.82144,0.875109,0.719707,0.796446,0.740417,0.745483,0.852655,0.81747,0.802311,0.99378
3.0858,0.821621,0.873197,0.719498,0.795417,0.738526,0.746565,0.853459,0.817653,0.801266,0.990154
3.086,0.821583,0.871193,0.718718,0.794224,0.736409,0.747171,0.854508,0.817619,0.799688,0.985971
3.0862,0.820744,0.868943,0.718202,0.793801,0.735435,0.746888,0.855867,0.817385,0.798006,0.982741
3.0864,0.818745,0.866177,0.718606,0.793544,0.735836,0.745724,0.857678,0.817104,0.796481,0.980167
3.0866,0.816352,0.86285,0.719698,0.792875,0.736709,0.744771,0.859778,0.816009,0.795868,0.977727
3.0868,0.814297,0.859038,0.720627,0.791295,0.736984,0.744305,0.861291,0.81393,0.796194,0.974535
3.087,0.813026,0.854645,0.720906,0.789258,0.736058,0.744141,0.862317,0.811608,0.796241,0.969405
3.0872,0.812424,0.849421,0.720748,0.787663,0.734191,0.744387,0.861828,0.809656,0.794822,0.96227
3.0874,0.811795,0.843236,0.720298,0.786959,0.73225,0.74453,0.859791,0.808362,0.7918,0.953931
3.0876,0.810451,0.836189,0.720052,0.786645,0.731226,0.744023,0.856419,0.807417,0.788039,0.94495
3.0878,0.807968,0.828767,0.720118,0.785621,0.730922,0.743086,0.852437,0.806199,0.784803,0.936254
3.088,0.804678,0.821504,0.720373,0.783408,0.730664,0.742159,0.848695,0.804416,0.782884,0.928007
3.0882,0.80143,0.814627,0.72068,0.780781,0.729602,0.740603,0.845105,0.802343,0.782083,0.91931
3.0884,0.798935,0.808136,0.720971,0.777966,0.727836,0.73812,0.841179,0.800525,0.781582,0.910047
3.0886,0.797363,0.801752,0.720878,0.775014,0.726252,0.734838,0.836576,0.79946,0.780665,0.899917
3.0888,0.796352,0.795309,0.720458,0.772291,0.725042,0.731929,0.830384,0.799877,0.779475,0.890073
3.089,0.795316,0.788617,0.719927,0.770774,0.723842,0.729746,0.822335,0.800784,0.777885,0.880584
3.0892,0.793883,0.781631,0.719252,0.770404,0.722255,0.728158,0.813609,0.801258,0.776078,0.870524
3.0894,0.792397,0.775041,0.718321,0.770225,0.720212,0.727011,0.805764,0.800571,0.773772,0.86077
3.0896,0.790574,0.76929,0.717299,0.768552,0.717938,0.725797,0.799505,0.798965,0.771192,0.851505
3.0898,0.788375,0.764762,0.716336,0.765047,0.715698,0.724186,0.794886,0.79692,0.76849,0.843276
3.09,0.786185,0.761085,0.715682,0.76122,0.71395,0.722814,0.790776,0.794779,0.766176,0.836314
3.0902,0.784009,0.757557,0.715398,0.758927,0.712981,0.721636,0.786253,0.793053,0.764534,0.830376
3.0904,0.781805,0.753664,0.715495,0.758372,0.712241,0.720553,0.781075,0.791948,0.7642,0.825093
3.0906,0.779849,0.749523,0.715943,0.759184,0.711111,0.719797,0.776236,0.791381,0.764949,0.820369
3.0908,0.778519,0.745533,0.71616,0.760056,0.709794,0.719671,0.773171,0.791477,0.765696,0.8159
3.091,0.77801,0.742454,0.715724,0.759664,0.708217,0.720115,0.772314,0.792191,0.76602,0.810851
3.0912,0.778163,0.740565,0.71487,0.758727,0.706564,0.720655,0.772814,0.793154,0.765492,0.805119
3.0914,0.778468,0.739525,0.713912,0.758381,0.70534,0.721173,0.773377,0.794256,0.764774,0.799318
3.0916,0.778473,0.739165,0.713305,0.758386,0.704703,0.721729,0.77323,0.795155,0.76474,0.794068
3.0918,0.778018,0.739031,0.713466,0.758487,0.704669,0.72227,0.772682,0.795864,0.765717,0.790001
3.092,0.777999,0.738961,0.714294,0.758411,0.704941,0.72312,0.772877,0.796218,0.767276,0.786847
3.0922,0.778551,0.738462,0.715541,0.758741,0.705121,0.724617,0.774439,0.796739,0.768666,0.784617
3.0924,0.779408,0.737426,0.716807,0.759412,0.704912,0.726422,0.776956,0.7977,0.769268,0.784108
3.0926,0.780138,0.736457,0.717628,0.760542,0.704449,0.727964,0.780177,0.799132,0.769042,0.783624
3.0928,0.780847,0.736004,0.718925,0.76204,0.704324,0.729185,0.783627,0.801091,0.768658,0.780912
3.093,0.781737,0.736317,0.720991,0.763186,0.704846,0.730098,0.78624,0.803691,0.768611,0.77573
3.0932,0.78258,0.737798,0.723007,0.764006,0.706024,0.731288,0.788163,0.805959,0.769287,0.769324
3.0934,0.783385,0.740434,0.724531,0.764876,0.707583,0.732841,0.790123,0.807374,0.770646,0.763501
3.0936,0.784169,0.742832,0.725839,0.765684,0.709199,0.735046,0.792796,0.808861,0.772468,0.759896
3.0938,0.785653,0.743569,0.727365,0.76651,0.710721,0.737727,0.796369,0.810974,0.773784,0.758283
3.094,0.788134,0.743095,0.729254,0.767719,0.712215,0.739479,0.800273,0.813401,0.774321,0.757695
3.0942,0.790883,0.742361,0.731301,0.76937,0.713907,0.740208,0.803836,0.815499,0.774552,0.756518
3.0944,0.792405,0.742424,0.733063,0.770545,0.715878,0.740837,0.807018,0.817052,0.774699,0.753208
3.0946,0.792912,0.743802,0.73454,0.770849,0.718595,0.74157,0.810279,0.818344,0.776147,0.74852
3.0948,0.793359,0.746058,0.736425,0.771111,0.721672,0.742667,0.813704,0.819837,0.779817,0.743688
3.095,0.794321,0.748031,0.738715,0.77203,0.724199,0.744636,0.816819,0.821468,0.783871,0.740029
3.0952,0.796472,0.748971,0.741342,0.773466,0.725623,0.747262,0.819932,0.823057,0.786217,0.738399
3.0954,0.799391,0.748755,0.743974,0.775123,0.726266,0.749603,0.823961,0.824463,0.785853,0.737952
3.0956,0.801592,0.748472,0.746289,0.776598,0.727024,0.751192,0.827722,0.825457,0.784085,0.737285
3.0958,0.802947,0.749422,0.747821,0.77735,0.728489,0.752038,0.830329,0.826172,0.78336,0.735496
3.096,0.803598,0.751425,0.748699,0.777288,0.730745,0.752785,0.831408,0.827075,0.784602,0.732463
3.0962,0.804232,0.753336,0.750053,0.777678,0.73323,0.754017,0.832744,0.828506,0.787648,0.728979
3.0964,0.804598,0.754411,0.752335,0.779322,0.735782,0.755903,0.834949,0.830433,0.791183,0.726048
3.0966,0.804672,0.75497,0.75473,0.781374,0.738329,0.757783,0.837734,0.832474,0.79358,0.724228
3.0968,0.804854,0.755786,0.756472,0.783131,0.740362,0.759467,0.840277,0.834224,0.794536,0.723416
3.097,0.805488,0.75675,0.757942,0.784063,0.741744,0.760949,0.841547,0.83532,0.795151,0.722705
3.0972,0.807139,0.757275,0.758941,0.784613,0.742901,0.762481,0.842136,0.835703,0.796255,0.72127
3.0974,0.808728,0.757811,0.759214,0.784854,0.744059,0.76379,0.842772,0.836133,0.797766,0.719242
3.0976,0.809412,0.758082,0.760081,0.785042,0.74564,0.764497,0.84414,0.837043,0.799612,0.717132
3.0978,0.809026,0.757732,0.762158,0.785288,0.747557,0.764779,0.846323,0.838699,0.80144,0.715119
3.098,0.807844,0.756999,0.764897,0.785613,0.749597,0.764982,0.847796,0.840302,0.802824,0.713138
3.0982,0.806653,0.75627,0.766941,0.786164,0.751395,0.765651,0.849268,0.840966,0.803982,0.711114
3.0984,0.806109,0.755746,0.767642,0.787383,0.752517,0.76679,0.851173,0.841018,0.80538,0.70894
3.0986,0.806646,0.755389,0.767331,0.788942,0.752896,0.768715,0.852473,0.841109,0.806954,0.706679
3.0988,0.807886,0.754935,0.76708,0.790021,0.752983,0.770557,0.852949,0.841299,0.808346,0.70468
3.099,0.808818,0.754142,0.767789,0.790156,0.753883,0.771917,0.85366,0.842461,0.809354,0.703152
3.0992,0.80876,0.753026,0.769462,0.789716,0.755629,0.772503,0.855244,0.844735,0.810001,0.701856
3.0994,0.807837,0.751837,0.771236,0.789302,0.757533,0.772064,0.85704,0.846775,0.810633,0.700354
3.0996,0.806857,0.75084,0.772457,0.789649,0.758591,0.77095,0.858508,0.847485,0.811727,0.698381
3.0998,0.806703,0.749935,0.773023,0.790948,0.758824,0.770156,0.859353,0.846231,0.813371,0.695905
3.1,0.807707,0.749237,0.772807,0.79207,0.75873,0.770543,0.860284,0.844624,0.815057,0.693063
3.1002,0.809467,0.748949,0.772655,0.792457,0.758543,0.771524,0.861859,0.844076,0.816024,0.690276
3.1004,0.811032,0.74857,0.773309,0.79232,0.758422,0.772417,0.863652,0.845346,0.815923,0.688184
3.1006,0.811409,0.747299,0.774557,0.791992,0.758843,0.772868,0.864624,0.847188,0.815185,0.686586
3.1008,0.810637,0.745,0.77604,0.791799,0.759758,0.772404,0.864446,0.849027,0.814772,0.684594
3.101,0.809695,0.742037,0.776851,0.791672,0.760814,0.771028,0.864103,0.850016,0.814765,0.681887
3.1012,0.809025,0.739687,0.776985,0.791135,0.761475,0.769596,0.864205,0.849743,0.815165,0.678174
3.1014,0.808639,0.738655,0.776949,0.790443,0.76164,0.768987,0.864711,0.848491,0.815021,0.674153
3.1016,0.808448,0.738443,0.777137,0.79019,0.761176,0.769305,0.865166,0.847904,0.814218,0.670807
3.1018,0.808113,0.73762,0.777524,0.790191,0.760441,0.770009,0.864852,0.848431,0.813031,0.668559
3.102,0.807444,0.735834,0.777599,0.790236,0.759817,0.770445,0.86387,0.848342,0.811865,0.667172
3.1022,0.80668,0.73373,0.777238,0.790232,0.759492,0.770182,0.863184,0.847476,0.810851,0.665819
3.1024,0.806142,0.731485,0.777042,0.789618,0.759844,0.769168,0.863156,0.84663,0.810461,0.663465
3.1026,0.805896,0.729332,0.776887,0.788431,0.760519,0.768148,0.863532,0.846316,0.810007,0.660303
3.1028,0.805913,0.728091,0.776878,0.786949,0.760543,0.767697,0.863991,0.847265,0.808627,0.656689
3.103,0.806136,0.727273,0.777616,0.786491,0.760102,0.767745,0.864226,0.848373,0.806634,0.653645
3.1032,0.806188,0.725719,0.778475,0.786978,0.759656,0.768129,0.863937,0.848117,0.804612,0.651825
3.1034,0.80572,0.722924,0.778449,0.787338,0.759441,0.768029,0.863199,0.846806,0.803299,0.651099
3.1036,0.805039,0.71949,0.777757,0.78662,0.759284,0.76697,0.8624,0.845607,0.802521,0.65028
3.1038,0.804487,0.71678,0.776983,0.785242,0.759003,0.76537,0.861819,0.84504,0.801711,0.648741
3.104,0.803753,0.715208,0.776605,0.783881,0.758757,0.76474,0.860864,0.845686,0.800369,0.646259
3.1042,0.802913,0.714507,0.776954,0.783273,0.758375,0.764979,0.858921,0.846704,0.798571,0.64391
3.1044,0.801657,0.713712,0.777916,0.783552,0.757785,0.76521,0.855966,0.84685,0.796835,0.642219
3.1046,0.799986,0.712456,0.779073,0.784705,0.757228,0.764713,0.853754,0.846141,0.795757,0.641643
3.1048,0.798589,0.710735,0.779818,0.785463,0.757067,0.764248,0.852435,0.845002,0.795556,0.641559
3.105,0.797884,0.709082,0.779709,0.785441,0.757327,0.763959,0.851503,0.844436,0.795967,0.641254
3.1052,0.797395,0.707772,0.77875,0.78491,0.757393,0.763124,0.850205,0.844347,0.796476,0.640108
3.1054,0.796563,0.706863,0.777462,0.785289,0.757652,0.762297,0.848293,0.844782,0.796712,0.638618
3.1056,0.7953,0.706153,0.77682,0.786128,0.758559,0.761601,0.845905,0.846175,0.796711,0.637758
3.1058,0.793994,0.705383,0.777287,0.786523,0.75962,0.761454,0.842895,0.8476,0.796406,0.637806
3.106,0.793285,0.704512,0.778576,0.786192,0.759659,0.761749,0.840773,0.847612,0.796259,0.638168
3.1062,0.794115,0.703497,0.779639,0.785222,0.758404,0.762082,0.839789,0.84587,0.797129,0.638052
3.1064,0.796905,0.702834,0.77994,0.784705,0.756721,0.76237,0.839061,0.843697,0.798597,0.637225
3.1066,0.79955,0.702517,0.779797,0.784883,0.755525,0.762643,0.838201,0.842424,0.79954,0.635729
3.1068,0.799997,0.702899,0.77927,0.78539,0.755185,0.762763,0.836851,0.842688,0.799603,0.634738
3.107,0.798068,0.70351,0.778985,0.785745,0.755466,0.762671,0.835383,0.843722,0.798878,0.634796
3.1072,0.795693,0.703944,0.779854,0.785751,0.75587,0.76259,0.834458,0.84462,0.798133,0.635507
3.1074,0.794472,0.703756,0.781588,0.785299,0.756045,0.762836,0.834525,0.844771,0.79838,0.636444
3.1076,0.795436,0.703436,0.783182,0.784707,0.755952,0.76353,0.835519,0.843913,0.799885,0.63685
3.1078,0.798011,0.703156,0.783654,0.784485,0.755821,0.764303,0.836721,0.843414,0.801998,0.636305
3.108,0.800097,0.703748,0.782763,0.784793,0.755918,0.764814,0.837466,0.844103,0.803788,0.635368
3.1082,0.800782,0.705565,0.78143,0.785873,0.756335,0.765622,0.837781,0.845673,0.804656,0.634845
3.1084,0.800158,0.70789,0.780802,0.78745,0.756795,0.766486,0.838273,0.847227,0.804307,0.634985
3.1086,0.799852,0.710149,0.781254,0.78854,0.757141,0.767137,0.839408,0.847414,0.803719,0.635739
3.1088,0.800542,0.711538,0.782586,0.788327,0.757521,0.767372,0.841228,0.846229,0.804053,0.636176
3.109,0.802142,0.712339,0.784017,0.787144,0.757888,0.767397,0.84345,0.844956,0.805302,0.635898
3.1092,0.803762,0.713108,0.784653,0.786367,0.757932,0.76773,0.845884,0.844657,0.806617,0.635399
3.1094,0.804258,0.714271,0.78426,0.786966,0.757563,0.768737,0.848074,0.845535,0.807199,0.63491
3.1096,0.803878,0.71585,0.783918,0.788425,0.756746,0.770341,0.849676,0.847179,0.806963,0.634717
3.1098,0.803688,0.718165,0.784237,0.78986,0.755832,0.772196,0.851348,0.848782,0.806256,0.63507
3.11,0.804924,0.720914,0.785423,0.790578,0.755603,0.774031,0.854706,0.849687,0.806101,0.635639
3.1102,0.807317,0.723414,0.786783,0.790598,0.756333,0.7753,0.858748,0.850011,0.807098,0.636034
3.1104,0.809465,0.724919,0.787774,0.790266,0.757376,0.776257,0.862044,0.850481,0.808948,0.63598
3.1106,0.811111,0.725577,0.78777,0.79009,0.757772,0.777418,0.864269,0.851385,0.81042,0.63547
3.1108,0.81234,0.726054,0.787467,0.790638,0.757197,0.778751,0.865898,0.852872,0.810478,0.635259
3.111,0.812955,0.727625,0.788026,0.791893,0.75669,0.780486,0.867962,0.85471,0.809378,0.635611
3.1112,0.813916,0.73034,0.78947,0.793048,0.758027,0.782383,0.871405,0.856569,0.807714,0.636195
3.1114,0.815604,0.733151,0.790878,0.793355,0.760618,0.783942,0.875688,0.858061,0.806938,0.636822
3.1116,0.81726,0.735352,0.791804,0.793045,0.76243,0.785225,0.879321,0.858798,0.808099,0.637222
3.1118,0.818777,0.736824,0.792177,0.79322,0.762366,0.786134,0.882212,0.858821,0.810639,0.637291
3.112,0.819488,0.738266,0.79201,0.794368,0.761305,0.786937,0.884985,0.859118,0.813443,0.637215
3.1122,0.819694,0.739921,0.791886,0.795896,0.760352,0.78801,0.886638,0.859993,0.814825,0.637233
3.1124,0.821008,0.741631,0.792423,0.797945,0.760244,0.789357,0.886995,0.861118,0.814164,0.637602
3.1126,0.823331,0.743091,0.793555,0.799964,0.761203,0.790847,0.88737,0.862231,0.812636,0.638307
3.1128,0.825363,0.744204,0.794828,0.800994,0.762802,0.792838,0.888467,0.86301,0.811877,0.639161
3.113,0.826636,0.745159,0.796053,0.800762,0.764313,0.795008,0.890667,0.862674,0.812844,0.640004
3.1132,0.827308,0.746312,0.796731,0.799796,0.765413,0.796298,0.892805,0.861728,0.815476,0.640679
3.1134,0.827739,0.7479,0.79676,0.799151,0.766331,0.79668,0.893821,0.860616,0.818652,0.641192
3.1136,0.829017,0.749665,0.796654,0.799748,0.767408,0.796558,0.894006,0.859943,0.821076,0.641667
3.1138,0.831371,0.751184,0.796664,0.801541,0.768501,0.797184,0.893365,0.860168,0.822144,0.642065
3.114,0.833853,0.752607,0.797127,0.803432,0.769252,0.798295,0.893456,0.861134,0.822316,0.642519
3.1142,0.835396,0.753769,0.797938,0.804929,0.769951,0.799387,0.894808,0.862254,0.822624,0.643105
3.1144,0.835494,0.754529,0.798827,0.805682,0.770989,0.8003,0.897021,0.862814,0.823534,0.643667
3.1146,0.834811,0.754966,0.799776,0.805379,0.7722,0.800802,0.897954,0.8625,0.824937,0.643968
3.1148,0.833991,0.755214,0.800702,0.804728,0.773134,0.800968,0.898523,0.862153,0.826225,0.643888
3.115,0.834131,0.755269,0.801186,0.804229,0.773543,0.801441,0.899301,0.862832,0.82679,0.64345
3.1152,0.836058,0.755501,0.801231,0.804383,0.773551,0.802487,0.899758,0.864358,0.82669,0.642999
3.1154,0.839333,0.756002,0.800946,0.805227,0.773507,0.803782,0.899426,0.866189,0.826576,0.642865
3.1156,0.841886,0.756636,0.801114,0.805986,0.773807,0.804768,0.898838,0.867798,0.827043,0.643105
3.1158,0.842417,0.757726,0.80188,0.805846,0.774646,0.805112,0.898663,0.868467,0.828144,0.643576
3.116,0.840981,0.758662,0.802882,0.805247,0.775919,0.804828,0.899241,0.868199,0.829502,0.643898
3.1162,0.838972,0.75854,0.80357,0.805188,0.777331,0.804453,0.900225,0.867437,0.830686,0.643821
3.1164,0.837958,0.757632,0.803527,0.805995,0.778484,0.804408,0.901046,0.866685,0.831439,0.643294
3.1166,0.83882,0.756225,0.802831,0.806282,0.77903,0.804484,0.901536,0.86645,0.831638,0.642397
3.1168,0.840789,0.754556,0.802036,0.80584,0.778973,0.804745,0.901995,0.866784,0.831629,0.641459
3.117,0.842185,0.753775,0.801983,0.805407,0.778665,0.804834,0.902936,0.866936,0.83217,0.640743
3.1172,0.842741,0.753948,0.802269,0.805249,0.778489,0.804267,0.904184,0.866689,0.833099,0.640179
3.1174,0.842671,0.753929,0.802258,0.805214,0.77837,0.803612,0.904896,0.866156,0.834103,0.639554
3.1176,0.842076,0.752756,0.801552,0.805106,0.778082,0.803129,0.905654,0.86529,0.834135,0.638485
3.1178,0.841269,0.750648,0.800438,0.804485,0.777371,0.802918,0.907089,0.864647,0.833187,0.636921
3.118,0.84023,0.748544,0.799308,0.803686,0.776411,0.802785,0.908094,0.864646,0.831264,0.635065
3.1182,0.839042,0.747186,0.798776,0.802877,0.775756,0.802348,0.907794,0.86483,0.82949,0.63329
3.1184,0.838349,0.746589,0.798482,0.802669,0.775207,0.802057,0.906584,0.864977,0.828937,0.632111
3.1186,0.837763,0.746242,0.798221,0.802982,0.774789,0.801946,0.905956,0.864345,0.829436,0.631419
3.1188,0.836837,0.745341,0.79744,0.803956,0.77406,0.801722,0.906635,0.863656,0.829766,0.631179
3.119,0.835655,0.743722,0.796556,0.805131,0.773391,0.801401,0.907925,0.863582,0.829151,0.630783
3.1192,0.834492,0.741995,0.795811,0.805096,0.772661,0.801087,0.908742,0.864138,0.827215,0.629576
3.1194,0.833738,0.740619,0.794785,0.803595,0.771298,0.801062,0.908812,0.865424,0.825241,0.62801
3.1196,0.833329,0.739493,0.793477,0.801454,0.769608,0.800604,0.908816,0.866501,0.823897,0.626277
3.1198,0.832777,0.738493,0.792089,0.79989,0.76818,0.799772,0.909182,0.866086,0.822995,0.62495
3.12,0.831993,0.737122,0.790856,0.799611,0.767538,0.799032,0.909423,0.864577,0.822394,0.624139
3.1202,0.831163,0.73516,0.789929,0.800696,0.767202,0.798483,0.910026,0.86365,0.821585,0.623867
3.1204,0.830527,0.733224,0.789213,0.801932,0.766964,0.798179,0.910308,0.863994,0.820076,0.623768
3.1206,0.830355,0.731804,0.788519,0.802246,0.766439,0.79831,0.910641,0.865179,0.818133,0.623983
3.1208,0.83025,0.730922,0.787717,0.801154,0.765386,0.798584,0.909941,0.866816,0.81625,0.624155
3.121,0.829909,0.729807,0.786898,0.799166,0.764054,0.79857,0.907536,0.86772,0.814888,0.624028
3.1212,0.829486,0.728383,0.786316,0.797651,0.76299,0.798086,0.904294,0.867197,0.814286,0.624136
3.1214,0.82873,0.726749,0.786324,0.797416,0.762544,0.797358,0.902299,0.866005,0.814266,0.623908
3.1216,0.827672,0.724929,0.786808,0.798155,0.762685,0.796572,0.901401,0.865512,0.814395,0.623659
3.1218,0.827179,0.723281,0.787364,0.799083,0.763115,0.795962,0.90076,0.866095,0.814347,0.623296
3.122,0.827198,0.722105,0.787514,0.799835,0.763352,0.795663,0.899724,0.86693,0.8141,0.622643
3.1222,0.826629,0.721801,0.787122,0.800353,0.763681,0.795286,0.897989,0.866858,0.813993,0.622435
3.1224,0.825173,0.721524,0.786706,0.800087,0.764028,0.795163,0.89545,0.866511,0.814392,0.622739
3.1226,0.823034,0.720715,0.786612,0.799294,0.763735,0.795014,0.892052,0.866451,0.815148,0.623239
3.1228,0.820916,0.720241,0.786747,0.797909,0.762603,0.79457,0.889099,0.866401,0.816138,0.624045
3.123,0.820075,0.720439,0.786855,0.796904,0.761229,0.794235,0.887251,0.866402,0.816673,0.624633
3.1232,0.820528,0.721174,0.786636,0.79684,0.760517,0.794097,0.886547,0.865939,0.816487,0.624762
3.1234,0.822104,0.721627,0.786007,0.798251,0.760596,0.79376,0.885907,0.865135,0.815726,0.62475
3.1236,0.823734,0.721397,0.785368,0.80011,0.761052,0.793015,0.884684,0.864551,0.815457,0.624801
3.1238,0.824067,0.720439,0.785211,0.80121,0.761613,0.792563,0.88324,0.863835,0.816191,0.625258
3.124,0.822629,0.719801,0.785763,0.800973,0.762133,0.792624,0.882302,0.862958,0.817592,0.626324
3.1242,0.821117,0.720017,0.786795,0.799543,0.762482,0.792806,0.882391,0.862424,0.819385,0.627489
3.1244,0.820603,0.72147,0.787854,0.797842,0.762543,0.793108,0.883103,0.862574,0.820617,0.628349
3.1246,0.821064,0.7233,0.788472,0.79711,0.762435,0.792965,0.883579,0.863219,0.820988,0.628762
3.1248,0.821992,0.724848,0.788343,0.797361,0.762923,0.792405,0.883571,0.863883,0.820872,0.628789
3.125,0.822769,0.725365,0.78786,0.79781,0.76459,0.791711,0.883764,0.864361,0.820659,0.628966
3.1252,0.822768,0.72544,0.787765,0.797887,0.76652,0.791298,0.884886,0.86419,0.820548,0.629868
3.1254,0.822716,0.72545,0.788381,0.797609,0.767568,0.791384,0.887152,0.863837,0.821083,0.631244
3.1256,0.823391,0.72558,0.78929,0.797227,0.767621,0.791882,0.889539,0.863993,0.822096,0.632402
3.1258,0.824432,0.725927,0.78967,0.797358,0.767349,0.792721,0.891278,0.864707,0.823101,0.633081
3.126,0.825144,0.726543,0.789358,0.797879,0.767646,0.793465,0.892565,0.865469,0.823703,0.633369
3.1262,0.82521,0.727761,0.788374,0.798159,0.768807,0.793789,0.89402,0.865749,0.823935,0.633807
3.1264,0.824831,0.730675,0.787891,0.798039,0.770332,0.793975,0.895412,0.866098,0.824469,0.635016
3.1266,0.824851,0.735217,0.789078,0.798368,0.771467,0.794378,0.896736,0.867213,0.825533,0.636488
3.1268,0.826044,0.738702,0.790777,0.799378,0.771969,0.795126,0.898422,0.868816,0.827051,0.637599
3.127,0.828207,0.739114,0.791628,0.800972,0.772178,0.796526,0.900779,0.870578,0.829233,0.638075
3.1272,0.830237,0.736746,0.79093,0.802903,0.772623,0.797917,0.903399,0.871871,0.831369,0.63789
3.1274,0.831399,0.734063,0.788728,0.804128,0.773714,0.798845,0.905589,0.872806,0.832152,0.637783
3.1276,0.831675,0.733457,0.78611,0.803608,0.775358,0.799312,0.907324,0.873378,0.832162,0.638437
3.1278,0.83184,0.735696,0.785329,0.802221,0.777205,0.799565,0.909155,0.873014,0.833462,0.639734
3.128,0.83281,0.739529,0.787776,0.801895,0.779175,0.799928,0.911822,0.872243,0.836058,0.641444
3.1282,0.834966,0.742633,0.791413,0.80354,0.780638,0.800707,0.915076,0.872149,0.838744,0.642967
3.1284,0.837789,0.743746,0.793127,0.806423,0.780886,0.801715,0.917921,0.873413,0.840116,0.643824
3.1286,0.839648,0.743281,0.791473,0.808512,0.7803,0.80268,0.919724,0.875161,0.839797,0.644245
3.1288,0.839852,0.742555,0.787905,0.808778,0.779728,0.803843,0.920639,0.876298,0.838868,0.64463
3.129,0.838762,0.742838,0.784855,0.807724,0.780273,0.805242,0.921353,0.876211,0.839156,0.645455
3.1292,0.837909,0.744602,0.783969,0.806567,0.781897,0.806475,0.921995,0.875267,0.84111,0.646881
3.1294,0.838571,0.747253,0.785436,0.806443,0.783734,0.807281,0.922754,0.874214,0.844405,0.648608
3.1296,0.840811,0.749718,0.787992,0.807697,0.784732,0.807826,0.924678,0.874545,0.847642,0.650297
3.1298,0.84358,0.751305,0.789915,0.809724,0.784458,0.808498,0.927804,0.876418,0.848969,0.651686
3.13,0.845267,0.752153,0.790278,0.811426,0.783671,0.809627,0.930318,0.879043,0.84846,0.652737
3.1302,0.84485,0.752919,0.789452,0.811993,0.782631,0.811727,0.92981,0.880681,0.847241,0.653688
3.1304,0.8427,0.754168,0.788291,0.811455,0.781565,0.814029,0.928075,0.880662,0.846936,0.654611
3.1306,0.840714,0.755851,0.787703,0.810804,0.781157,0.815324,0.92771,0.879477,0.848165,0.655663
3.1308,0.840517,0.757488,0.788188,0.811059,0.781958,0.815976,0.929953,0.878789,0.849865,0.65688
3.131,0.841988,0.758917,0.789432,0.812097,0.783749,0.81645,0.932208,0.879451,0.851469,0.658016
3.1312,0.844103,0.760091,0.790332,0.813305,0.785206,0.816954,0.933683,0.88062,0.852599,0.658887
3.1314,0.845923,0.760992,0.790107,0.814063,0.785296,0.817222,0.933878,0.881308,0.853215,0.65938
3.1316,0.846035,0.761701,0.788998,0.814173,0.784444,0.817087,0.932262,0.881026,0.85333,0.659591
3.1318,0.844031,0.762301,0.787846,0.81389,0.783458,0.816995,0.930873,0.879822,0.853197,0.659809
3.132,0.841276,0.762814,0.787291,0.813264,0.783445,0.817289,0.931419,0.879031,0.8532,0.660268
3.1322,0.839714,0.763255,0.787503,0.812849,0.78535,0.817816,0.933092,0.879009,0.853453,0.661044
3.1324,0.839996,0.763703,0.788241,0.813083,0.788005,0.818165,0.935056,0.879965,0.853773,0.66199
3.1326,0.841337,0.764279,0.788982,0.813603,0.78972,0.818232,0.936039,0.881942,0.853989,0.662802
3.1328,0.842336,0.765012,0.789296,0.814251,0.790587,0.818115,0.936604,0.883972,0.854066,0.663269
3.133,0.842143,0.765733,0.789092,0.814688,0.791114,0.817808,0.936542,0.884062,0.853927,0.663305
3.1332,0.841065,0.766133,0.788622,0.815289,0.790826,0.817579,0.937724,0.882647,0.853723,0.662989
3.1334,0.840099,0.765885,0.788112,0.815549,0.79012,0.817672,0.940478,0.881368,0.854229,0.662536
3.1336,0.840066,0.764949,0.787672,0.815158,0.789626,0.818111,0.942985,0.880887,0.854962,0.662197
3.1338,0.840786,0.763762,0.787315,0.814461,0.78954,0.818423,0.943587,0.880633,0.855291,0.662049
3.134,0.841222,0.763018,0.786706,0.813487,0.789829,0.817985,0.942616,0.880328,0.854927,0.661813
3.1342,0.841061,0.762746,0.785814,0.812506,0.790253,0.816747,0.941623,0.880183,0.853881,0.661117
3.1344,0.840526,0.762294,0.784623,0.812549,0.790877,0.815572,0.941576,0.879966,0.853167,0.660075
3.1346,0.839783,0.76102,0.783904,0.813424,0.79099,0.814703,0.941982,0.879296,0.853379,0.658618
3.1348,0.839119,0.759008,0.783767,0.814279,0.790494,0.814605,0.942029,0.878021,0.854292,0.657333
3.135,0.838672,0.756714,0.783602,0.81391,0.78937,0.815108,0.94169,0.87702,0.855284,0.65653
3.1352,0.838446,0.754701,0.782647,0.812726,0.788123,0.815424,0.941407,0.876222,0.855716,0.655972
3.1354,0.838,0.753003,0.781115,0.810968,0.787843,0.815258,0.941234,0.875907,0.855372,0.655292
3.1356,0.837322,0.751559,0.779127,0.809795,0.788839,0.813881,0.941015,0.876166,0.854537,0.654123
3.1358,0.836835,0.750091,0.777439,0.809474,0.79025,0.811679,0.940691,0.876698,0.853711,0.652546
3.136,0.8368,0.748283,0.776596,0.810012,0.79059,0.809585,0.9406,0.876536,0.853207,0.651046
3.1362,0.837029,0.746018,0.77659,0.810431,0.789636,0.808577,0.941127,0.875204,0.853022,0.649967
3.1364,0.837137,0.744265,0.776536,0.810323,0.788088,0.808602,0.942211,0.873424,0.853001,0.649136
3.1366,0.836621,0.743279,0.775543,0.809207,0.786438,0.808967,0.943035,0.871909,0.852994,0.648667
3.1368,0.835254,0.742341,0.773676,0.807147,0.785261,0.809216,0.942808,0.871438,0.852505,0.648134
3.137,0.83376,0.740673,0.771505,0.805647,0.784789,0.808568,0.941526,0.871988,0.851295,0.647288
3.1372,0.833074,0.738325,0.769877,0.805474,0.785028,0.807028,0.939611,0.872905,0.849492,0.646266
3.1374,0.83332,0.73592,0.769263,0.8065,0.785612,0.805346,0.937963,0.873246,0.847548,0.645295
3.1376,0.833366,0.733966,0.769423,0.807805,0.78583,0.804431,0.937013,0.872748,0.845875,0.644747
3.1378,0.832204,0.73271,0.769768,0.808384,0.785475,0.804418,0.936241,0.871371,0.845111,0.644763
3.138,0.830091,0.732071,0.76963,0.807835,0.784482,0.805403,0.935128,0.870142,0.844926,0.645072
3.1382,0.827818,0.731684,0.768941,0.806625,0.783455,0.80634,0.933429,0.869387,0.844793,0.645398
3.1384,0.826793,0.731199,0.768269,0.805634,0.782777,0.806208,0.931073,0.869856,0.843856,0.645479
3.1386,0.826571,0.730617,0.768056,0.805777,0.782627,0.805165,0.928541,0.871121,0.841892,0.645196
3.1388,0.82629,0.730098,0.768151,0.807256,0.783234,0.804069,0.926063,0.871409,0.840016,0.644968
3.139,0.825361,0.729623,0.768377,0.808742,0.783821,0.803293,0.92425,0.870449,0.838433,0.645419
3.1392,0.823306,0.729016,0.768791,0.808987,0.783526,0.803096,0.923447,0.869152,0.837181,0.64638
3.1394,0.821417,0.7283,0.769092,0.807579,0.782237,0.803604,0.922685,0.868825,0.836207,0.647404
3.1396,0.822091,0.727605,0.769034,0.805408,0.780752,0.804355,0.921386,0.86946,0.835083,0.647956
3.1398,0.824326,0.727113,0.768581,0.803995,0.779664,0.804618,0.919061,0.871029,0.833714,0.647815
3.14,0.825359,0.726985,0.767873,0.804286,0.779612,0.803966,0.916403,0.872398,0.832551,0.647465
3.1402,0.823627,0.727245,0.767225,0.806006,0.7813,0.802858,0.914452,0.873452,0.831672,0.647604
3.1404,0.820148,0.727797,0.766984,0.80777,0.783127,0.801972,0.913574,0.873803,0.831315,0.648527
3.1406,0.817065,0.728479,0.767289,0.80822,0.783213,0.801881,0.913421,0.873277,0.831305,0.650099
3.1408,0.81595,0.72919,0.767986,0.80679,0.781299,0.802729,0.913567,0.873322,0.831351,0.651767
3.141,0.816899,0.730264,0.768736,0.804865,0.778156,0.803926,0.913781,0.874788,0.831368,0.65295
3.1412,0.818759,0.731786,0.769344,0.803699,0.775661,0.804975,0.913878,0.876734,0.831406,0.653463
3.1414,0.820081,0.733398,0.769687,0.804229,0.775494,0.80521,0.913926,0.877437,0.831621,0.653524
3.1416,0.820227,0.734331,0.769798,0.806194,0.778952,0.804913,0.914192,0.87691,0.831906,0.653735
3.1418,0.819671,0.734592,0.769869,0.808171,0.783687,0.804443,0.914974,0.87653,0.832139,0.654577
3.142,0.819116,0.734518,0.770023,0.808476,0.786341,0.804461,0.916502,0.876774,0.832336,0.655926
3.1422,0.819124,0.735116,0.770295,0.807092,0.785404,0.805052,0.918327,0.87762,0.832526,0.657482
3.1424,0.819837,0.736449,0.770494,0.805441,0.782245,0.806094,0.919799,0.878283,0.832746,0.658535
3.1426,0.821035,0.738212,0.770461,0.804561,0.779648,0.807199,0.920991,0.878446,0.833119,0.658899
3.1428,0.82226,0.739638,0.770165,0.804791,0.779543,0.807884,0.921914,0.878864,0.83355,0.659099
3.143,0.823182,0.740975,0.770222,0.806188,0.782296,0.808264,0.922571,0.879652,0.833807,0.659724
3.1432,0.823846,0.743418,0.77146,0.807645,0.785933,0.808729,0.923533,0.880074,0.833889,0.660838
3.1434,0.824839,0.746145,0.772803,0.808468,0.78781,0.809033,0.925609,0.880507,0.834097,0.662083
3.1436,0.826024,0.747727,0.77286,0.809136,0.787401,0.809527,0.927998,0.881623,0.834723,0.663254
3.1438,0.827116,0.748023,0.771245,0.809416,0.786346,0.810398,0.930048,0.882769,0.835795,0.664358
3.144,0.828047,0.747824,0.768789,0.80962,0.785596,0.811258,0.93164,0.882965,0.837191,0.665244
3.1442,0.828992,0.748321,0.766913,0.810188,0.785558,0.812005,0.933064,0.883211,0.838667,0.666178
3.1444,0.830217,0.749744,0.766707,0.810685,0.786702,0.81298,0.934708,0.88416,0.839646,0.667444
3.1446,0.831822,0.751613,0.768805,0.811062,0.788683,0.814023,0.937086,0.885115,0.839958,0.668737
3.1448,0.833926,0.753296,0.771821,0.812445,0.790408,0.815092,0.939962,0.885404,0.840549,0.669929
3.145,0.83619,0.754497,0.77319,0.814717,0.791218,0.816256,0.942446,0.884808,0.841771,0.670756
3.1452,0.837882,0.755339,0.772014,0.816588,0.791208,0.8171,0.943929,0.883617,0.844008,0.67135
3.1454,0.838183,0.756158,0.769422,0.816887,0.791164,0.817508,0.945287,0.883476,0.846445,0.672197
3.1456,0.837624,0.757251,0.767394,0.816077,0.791408,0.817678,0.947161,0.885132,0.84757,0.673356
3.1458,0.836989,0.758707,0.766992,0.814715,0.792278,0.81787,0.948054,0.887449,0.847244,0.67482
3.146,0.837387,0.760408,0.768098,0.814024,0.793566,0.818263,0.948235,0.888682,0.846703,0.676472
3.1462,0.838963,0.762124,0.769767,0.815038,0.7946,0.818928,0.948088,0.888327,0.847,0.677992
3.1464,0.84153,0.763775,0.770939,0.817107,0.794955,0.819792,0.949296,0.886589,0.848761,0.679369
3.1466,0.843442,0.765421,0.771179,0.818445,0.795134,0.820798,0.951288,0.885201,0.851797,0.680686
3.1468,0.843768,0.76714,0.770754,0.818579,0.795994,0.821899,0.953642,0.885947,0.854422,0.681991
3.147,0.842692,0.76903,0.770191,0.817668,0.797082,0.822873,0.954072,0.888249,0.855836,0.68326
3.1472,0.841512,0.770928,0.769814,0.816261,0.797785,0.823581,0.951906,0.889812,0.855516,0.684549
3.1474,0.840864,0.772513,0.770073,0.81577,0.798046,0.824101,0.949372,0.890139,0.854425,0.68599
3.1476,0.84092,0.773943,0.770894,0.816623,0.797735,0.824491,0.949195,0.889934,0.854516,0.687688
3.1478,0.841746,0.77559,0.771727,0.817982,0.797657,0.824732,0.950503,0.888997,0.856645,0.689283
3.148,0.842728,0.77713,0.772222,0.819125,0.798006,0.824641,0.951775,0.887837,0.859591,0.69078
3.1482,0.842995,0.778163,0.772283,0.81929,0.7987,0.824059,0.951355,0.887483,0.862053,0.691824
3.1484,0.842327,0.778513,0.77213,0.818561,0.79942,0.823237,0.949777,0.887495,0.862785,0.692786
3.1486,0.840969,0.778407,0.771733,0.817503,0.799831,0.822446,0.94834,0.887688,0.862713,0.693627
3.1488,0.83963,0.7784,0.771224,0.816725,0.800216,0.821754,0.947702,0.88816,0.862181,0.694509
3.149,0.839061,0.778951,0.770875,0.816566,0.800338,0.821377,0.947864,0.888152,0.861582,0.695375
3.1492,0.839449,0.780081,0.770926,0.816729,0.800368,0.821172,0.948402,0.887362,0.861646,0.696321
3.1494,0.840277,0.781397,0.771216,0.817081,0.800773,0.820589,0.948877,0.886113,0.862294,0.69707
3.1496,0.84082,0.782429,0.771286,0.817551,0.801822,0.819342,0.948994,0.885175,0.863473,0.697731
3.1498,0.840722,0.782753,0.771471,0.817478,0.802772,0.818071,0.948842,0.885097,0.864128,0.697975
3.15,0.840234,0.782294,0.771838,0.816532,0.80301,0.81666,0.949057,0.885303,0.863716,0.698074
3.1502,0.839992,0.781446,0.771713,0.815381,0.80283,0.815025,0.950188,0.885994,0.863107,0.697853
3.1504,0.84033,0.780776,0.770801,0.814922,0.802504,0.813711,0.951816,0.886658,0.862365,0.697245
3.1506,0.840748,0.780831,0.769797,0.814797,0.802843,0.813087,0.952787,0.886652,0.862015,0.69627
3.1508,0.841034,0.78092,0.769395,0.81452,0.803577,0.813075,0.953112,0.885812,0.862104,0.695252
3.151,0.841477,0.780296,0.76969,0.814105,0.804415,0.813167,0.953515,0.884275,0.861994,0.694405
3.1512,0.84165,0.778522,0.770077,0.813234,0.804777,0.812958,0.953843,0.882574,0.8614,0.694313
3.1514,0.841002,0.775898,0.770287,0.812292,0.804198,0.812656,0.953917,0.881461,0.860979,0.694295
3.1516,0.83957,0.773233,0.769919,0.812205,0.802837,0.812552,0.954387,0.881155,0.860844,0.693654
3.1518,0.837907,0.77154,0.769308,0.812823,0.801397,0.812284,0.954921,0.881372,0.860684,0.692079
3.152,0.836716,0.770935,0.768501,0.812754,0.800623,0.811685,0.95566,0.881999,0.860191,0.689896
3.1522,0.836418,0.770953,0.767927,0.812151,0.800761,0.811025,0.956284,0.882205,0.859516,0.687827
3.1524,0.836853,0.77023,0.767483,0.811248,0.801079,0.810513,0.956611,0.881493,0.858527,0.68662
3.1526,0.837404,0.767732,0.76711,0.809902,0.801293,0.809909,0.956893,0.879773,0.857652,0.685969
3.1528,0.837536,0.763909,0.76643,0.809267,0.801088,0.809172,0.957507,0.877958,0.857641,0.68554
3.153,0.83716,0.76026,0.765374,0.809519,0.800348,0.808632,0.958114,0.876795,0.858022,0.684955
3.1532,0.836474,0.75775,0.764773,0.809668,0.799579,0.808198,0.958125,0.877167,0.858306,0.68383
3.1534,0.835648,0.756597,0.765103,0.809318,0.798609,0.808122,0.958643,0.87822,0.858015,0.682773
3.1536,0.835008,0.756194,0.765729,0.808222,0.797284,0.808041,0.959136,0.879121,0.856733,0.681754
3.1538,0.834813,0.755373,0.76557,0.806826,0.796353,0.807493,0.958747,0.878811,0.854916,0.681093
3.154,0.834659,0.753568,0.764552,0.806038,0.796131,0.806715,0.957141,0.877676,0.853669,0.680694
3.1542,0.834301,0.751114,0.763532,0.806245,0.79642,0.805992,0.954593,0.87628,0.853256,0.680628
3.1544,0.833225,0.748864,0.763202,0.807033,0.796685,0.805146,0.952118,0.875935,0.853775,0.680607
3.1546,0.831623,0.747463,0.763737,0.807548,0.796466,0.80448,0.950487,0.87625,0.854568,0.680909
3.1548,0.829888,0.746974,0.764571,0.807486,0.795675,0.804262,0.950378,0.876279,0.854466,0.68108
3.155,0.828397,0.747047,0.764823,0.806456,0.79464,0.804109,0.94993,0.875258,0.853613,0.681415
3.1552,0.827651,0.746995,0.764251,0.805298,0.793521,0.804149,0.948393,0.874481,0.852223,0.681528
3.1554,0.827626,0.746357,0.763585,0.805236,0.793071,0.803918,0.945763,0.874718,0.851062,0.681319
3.1556,0.827512,0.745479,0.763247,0.806681,0.793579,0.803439,0.94235,0.875373,0.850285,0.681433
3.1558,0.826909,0.745088,0.76315,0.808729,0.794272,0.8026,0.938994,0.875471,0.850098,0.681814
3.156,0.826335,0.745337,0.763076,0.809316,0.794244,0.801816,0.936561,0.874694,0.850892,0.682334
3.1562,0.825332,0.745754,0.7629,0.808267,0.793193,0.80158,0.935722,0.873231,0.851753,0.682582
3.1564,0.823648,0.746083,0.76268,0.80669,0.791671,0.801795,0.93529,0.872122,0.851842,0.682373
3.1566,0.821896,0.74628,0.762696,0.805496,0.79051,0.80247,0.933632,0.87205,0.850939,0.682065
3.1568,0.820591,0.746543,0.763182,0.805017,0.790161,0.803281,0.930696,0.872927,0.849501,0.681982
3.157,0.819883,0.747415,0.764174,0.805558,0.790913,0.803764,0.928419,0.874275,0.848216,0.682444
3.1572,0.819618,0.748955,0.764537,0.806984,0.792221,0.803735,0.927847,0.874798,0.847493,0.683447
3.1574,0.819347,0.750754,0.764068,0.808038,0.792953,0.803279,0.928159,0.874377,0.847888,0.684958
3.1576,0.818897,0.752204,0.762595,0.807992,0.792208,0.802739,0.928121,0.873235,0.848964,0.686407
3.1578,0.818481,0.752953,0.760811,0.806814,0.790829,0.802938,0.927374,0.872353,0.849993,0.687263
3.158,0.818435,0.753084,0.759965,0.805983,0.790419,0.803717,0.926636,0.87199,0.850446,0.687773
3.1582,0.81889,0.753525,0.760609,0.80633,0.791332,0.804632,0.92665,0.872736,0.850005,0.687923
3.1584,0.819761,0.754791,0.762143,0.807263,0.792416,0.804872,0.927563,0.874125,0.849636,0.688579
3.1586,0.820833,0.756904,0.763261,0.808358,0.793062,0.804709,0.929018,0.874767,0.849714,0.689493
3.1588,0.8216,0.759421,0.763268,0.809135,0.79267,0.805255,0.930327,0.874472,0.850483,0.690439
3.159,0.821755,0.761113,0.76262,0.809353,0.791454,0.806658,0.930904,0.873427,0.851343,0.691033
3.1592,0.822133,0.761634,0.761821,0.809035,0.790372,0.808363,0.931387,0.87226,0.851905,0.691405
3.1594,0.823229,0.761651,0.761361,0.808093,0.79005,0.809219,0.932334,0.871799,0.851738,0.691389
3.1596,0.824668,0.762359,0.76189,0.806897,0.790827,0.809271,0.933543,0.872395,0.851057,0.691518
3.1598,0.825947,0.764503,0.762969,0.806408,0.79228,0.809079,0.935365,0.873431,0.850527,0.692244
3.16,0.827127,0.767932,0.763413,0.807273,0.793825,0.809558,0.937764,0.873876,0.851174,0.69365
3.1602,0.828183,0.771912,0.763213,0.808493,0.794657,0.81107,0.940171,0.873492,0.853043,0.695106
3.1604,0.829188,0.774962,0.76261,0.809102,0.794572,0.812674,0.941684,0.872886,0.854853,0.696282
3.1606,0.830577,0.776443,0.762524,0.808325,0.794187,0.813666,0.942851,0.872885,0.855445,0.696919
3.1608,0.832539,0.777062,0.76366,0.807376,0.7936,0.813901,0.944277,0.873531,0.854746,0.69693
3.161,0.834602,0.778124,0.765291,0.807688,0.793526,0.814409,0.946239,0.874816,0.854228,0.697116
3.1612,0.836215,0.780262,0.766314,0.809448,0.794297,0.815977,0.948725,0.876125,0.85501,0.697839
3.1614,0.837099,0.783311,0.766157,0.811084,0.795217,0.817717,0.950882,0.876546,0.856977,0.69898
3.1616,0.837284,0.786545,0.765401,0.811548,0.795611,0.819062,0.952323,0.875483,0.858826,0.700421
3.1618,0.837463,0.789033,0.764627,0.810483,0.795225,0.819587,0.953924,0.874093,0.859423,0.701455
3.162,0.838444,0.7908,0.764304,0.808824,0.794613,0.819361,0.955758,0.8737,0.858669,0.702042
3.1622,0.840063,0.792227,0.764646,0.80798,0.794649,0.819326,0.957087,0.874381,0.857164,0.702621
3.1624,0.841586,0.793822,0.765351,0.808652,0.79547,0.820103,0.957296,0.875781,0.855981,0.703379
3.1626,0.842276,0.796584,0.766071,0.810042,0.796566,0.821535,0.956624,0.877313,0.855617,0.704721
3.1628,0.842137,0.799947,0.766291,0.810556,0.79721,0.823143,0.956978,0.877808,0.855972,0.706609
3.163,0.841494,0.802549,0.766124,0.809664,0.797219,0.824448,0.959177,0.877236,0.856498,0.708562
3.1632,0.841597,0.804555,0.765813,0.808472,0.796751,0.82538,0.962885,0.876616,0.856884,0.710391
3.1634,0.842824,0.80628,0.765654,0.808268,0.796644,0.826024,0.96431,0.87685,0.857265,0.71189
3.1636,0.844491,0.807934,0.765763,0.809759,0.797085,0.82641,0.962807,0.878039,0.85703,0.712966
3.1638,0.845193,0.809195,0.766042,0.812109,0.797843,0.827104,0.960748,0.879336,0.856242,0.713999
3.164,0.844845,0.810016,0.766624,0.813478,0.798425,0.828476,0.960206,0.880586,0.855264,0.715381
3.1642,0.844042,0.811033,0.767328,0.813553,0.798792,0.829579,0.960779,0.881379,0.854537,0.716989
3.1644,0.844061,0.812168,0.76763,0.813077,0.798719,0.830153,0.961865,0.882053,0.854412,0.718464
3.1646,0.845099,0.813414,0.767191,0.813008,0.798323,0.830271,0.962298,0.882348,0.854281,0.719452
3.1648,0.846005,0.814928,0.766274,0.813685,0.798105,0.83009,0.962236,0.882376,0.853755,0.719857
3.165,0.845762,0.816266,0.765392,0.814847,0.798787,0.829965,0.961532,0.882299,0.853069,0.720058
3.1652,0.844511,0.81704,0.764942,0.815924,0.799986,0.830202,0.962108,0.882184,0.852511,0.720485
3.1654,0.843253,0.817236,0.76502,0.816062,0.800838,0.830516,0.963696,0.881929,0.852048,0.72136
3.1656,0.842721,0.816833,0.765448,0.815605,0.801259,0.830627,0.964905,0.882788,0.851574,0.722611
3.1658,0.843108,0.816428,0.765881,0.815282,0.801343,0.83064,0.964687,0.884219,0.851104,0.723883
3.166,0.843934,0.816737,0.766051,0.815446,0.801463,0.830793,0.963694,0.885753,0.850785,0.724793
3.1662,0.844538,0.817547,0.765922,0.816107,0.801324,0.831169,0.963229,0.886301,0.850839,0.725152
3.1664,0.844616,0.818605,0.765543,0.816728,0.800604,0.831606,0.96374,0.884885,0.851403,0.725001
3.1666,0.844342,0.819193,0.764946,0.816617,0.799924,0.831843,0.965058,0.883159,0.852313,0.724611
3.1668,0.844221,0.818496,0.764306,0.815851,0.800178,0.83201,0.966669,0.882487,0.852873,0.724426
3.167,0.844549,0.816628,0.763955,0.815392,0.801352,0.831647,0.967802,0.882506,0.8527,0.724623
3.1672,0.844921,0.814325,0.763791,0.815266,0.802758,0.830473,0.967852,0.883355,0.851928,0.724746
3.1674,0.845123,0.812653,0.763428,0.81529,0.803185,0.829387,0.967763,0.884536,0.850898,0.724481
3.1676,0.845499,0.812086,0.762505,0.815043,0.802247,0.828746,0.968325,0.884568,0.850123,0.723378
3.1678,0.845885,0.812284,0.761142,0.814069,0.800486,0.828633,0.968667,0.882981,0.849951,0.721646
3.168,0.845808,0.812082,0.760063,0.812549,0.799285,0.828553,0.968161,0.880636,0.850151,0.719858
3.1682,0.84556,0.811167,0.759189,0.811193,0.799176,0.827684,0.967387,0.878933,0.850277,0.718554
3.1684,0.845503,0.81003,0.758464,0.81093,0.799819,0.82643,0.966692,0.878559,0.850046,0.718064
3.1686,0.8456,0.808872,0.75764,0.811419,0.800751,0.825141,0.966425,0.879184,0.849577,0.717612
3.1688,0.845749,0.808263,0.756476,0.812123,0.800927,0.824507,0.966714,0.879896,0.84916,0.71652
3.169,0.84604,0.807884,0.755081,0.811876,0.80041,0.824362,0.967107,0.879961,0.849118,0.714492
3.1692,0.846435,0.807191,0.753637,0.81083,0.799706,0.824222,0.967181,0.879189,0.849584,0.711984
3.1694,0.84666,0.805728,0.752574,0.809242,0.798833,0.823365,0.967044,0.877823,0.850093,0.709801
3.1696,0.84651,0.804276,0.75199,0.807983,0.79813,0.822299,0.967163,0.876587,0.850289,0.708313
3.1698,0.845905,0.803096,0.752185,0.80751,0.797716,0.821734,0.967775,0.87605,0.850491,0.707421
3.17,0.844925,0.802653,0.752747,0.80776,0.797328,0.82179,0.968622,0.876051,0.850663,0.706761
3.1702,0.844075,0.802246,0.753329,0.808138,0.796907,0.821608,0.969074,0.876417,0.850901,0.705798
3.1704,0.84383,0.801785,0.753872,0.808069,0.796316,0.820622,0.968589,0.876356,0.850309,0.704422
3.1706,0.843833,0.801477,0.753844,0.80764,0.795534,0.819576,0.967075,0.875606,0.848587,0.702987
3.1708,0.84321,0.801097,0.753314,0.806813,0.794543,0.818847,0.964982,0.874507,0.846565,0.701817
3.171,0.84179,0.800402,0.752517,0.806203,0.793686,0.818519,0.963271,0.87394,0.84529,0.701207
3.1712,0.840217,0.799002,0.751941,0.805753,0.793412,0.818377,0.962288,0.874235,0.845009,0.701168
3.1714,0.839016,0.797266,0.751767,0.805092,0.793678,0.818184,0.961663,0.874817,0.845402,0.701374
3.1716,0.838155,0.795725,0.752089,0.804422,0.794079,0.817922,0.961377,0.875493,0.845677,0.701565
3.1718,0.837797,0.794888,0.752349,0.804044,0.793736,0.817632,0.960795,0.876001,0.844891,0.701531
3.172,0.837674,0.794573,0.752124,0.803819,0.793034,0.81723,0.958716,0.87679,0.843518,0.701256
3.1722,0.836978,0.79392,0.751545,0.804081,0.792962,0.817367,0.955311,0.877341,0.841946,0.701199
3.1724,0.835692,0.793279,0.751388,0.80524,0.793346,0.81803,0.952337,0.877612,0.840309,0.701594
3.1726,0.834466,0.792745,0.751816,0.806497,0.793462,0.818502,0.951503,0.877188,0.839321,0.702044
3.1728,0.833544,0.792264,0.752633,0.806587,0.793115,0.818215,0.953151,0.876888,0.838873,0.702333
3.173,0.832636,0.791765,0.753152,0.80511,0.792442,0.817615,0.95494,0.876868,0.838446,0.702344
3.1732,0.831625,0.791156,0.753482,0.802567,0.791476,0.817259,0.954896,0.876818,0.837669,0.702201
3.1734,0.830356,0.790544,0.753583,0.800358,0.79101,0.817503,0.953395,0.876894,0.836239,0.702413
3.1736,0.829096,0.790222,0.753725,0.79971,0.791895,0.818284,0.952395,0.877374,0.834343,0.703244
3.1738,0.828161,0.790387,0.754094,0.801633,0.793386,0.818858,0.95304,0.877865,0.832881,0.704503
3.174,0.827688,0.79097,0.754439,0.804291,0.794181,0.8188,0.954355,0.877881,0.832446,0.705884
3.1742,0.827709,0.791926,0.754784,0.804726,0.793891,0.818478,0.955259,0.877392,0.833071,0.707025
3.1744,0.827975,0.792954,0.755376,0.802128,0.792733,0.818328,0.955919,0.876974,0.834255,0.707731
3.1746,0.828206,0.793534,0.756137,0.798089,0.790943,0.818463,0.956519,0.877061,0.835218,0.708182
3.1748,0.828345,0.793487,0.756555,0.795041,0.790024,0.818712,0.957081,0.877756,0.835691,0.708722
3.175,0.828609,0.793052,0.756356,0.793934,0.790696,0.818513,0.957819,0.878756,0.836282,0.709624
3.1752,0.829256,0.793033,0.755895,0.794305,0.792183,0.817978,0.958704,0.879895,0.837306,0.71101
3.1754,0.830127,0.793872,0.755527,0.794677,0.793438,0.817852,0.959674,0.880748,0.838828,0.712371
3.1756,0.830782,0.795234,0.755654,0.793904,0.79351,0.818408,0.961882,0.880202,0.840322,0.713423
3.1758,0.83136,0.796283,0.755875,0.791765,0.792061,0.819529,0.96489,0.878389,0.840855,0.713998
3.176,0.832044,0.796883,0.755813,0.789236,0.790121,0.820752,0.966778,0.876984,0.840703,0.714384
3.1762,0.832715,0.797103,0.755825,0.787482,0.789571,0.821235,0.966892,0.877432,0.840841,0.714908
3.1764,0.833534,0.796964,0.756088,0.787108,0.791004,0.820831,0.966228,0.879147,0.841476,0.716313
3.1766,0.834657,0.798051,0.756792,0.787868,0.793435,0.820622,0.966674,0.881045,0.842577,0.718344
3.1768,0.836356,0.801148,0.758125,0.790076,0.79545,0.821267,0.968337,0.882683,0.842861,0.720114
3.177,0.838473,0.804286,0.759801,0.792263,0.796256,0.822479,0.970481,0.883539,0.841815,0.720891
3.1772,0.840197,0.805561,0.760831,0.792688,0.795641,0.824024,0.971889,0.883195,0.840177,0.720808
3.1774,0.841613,0.804815,0.760699,0.791707,0.794041,0.825287,0.972047,0.882081,0.838777,0.720418
3.1776,0.842827,0.803615,0.760118,0.790775,0.793456,0.826234,0.971875,0.881194,0.838771,0.720565
3.1778,0.843586,0.803633,0.760358,0.790833,0.79497,0.826496,0.972581,0.881067,0.839299,0.721836
3.178,0.843598,0.805039,0.761903,0.792071,0.797719,0.826079,0.974418,0.8827,0.839385,0.723657
3.1782,0.843794,0.807265,0.76325,0.79316,0.799506,0.825488,0.976753,0.885834,0.838793,0.725526
3.1784,0.844869,0.809018,0.762974,0.794043,0.799298,0.825559,0.978661,0.888274,0.837487,0.727127
3.1786,0.846465,0.809638,0.760991,0.794822,0.798081,0.826884,0.980354,0.888175,0.836767,0.728146
3.1788,0.848395,0.809514,0.75821,0.795257,0.797483,0.828696,0.981176,0.886217,0.837302,0.729566
3.179,0.85029,0.809388,0.756226,0.795143,0.798056,0.829959,0.981801,0.884317,0.838764,0.731341
3.1792,0.852002,0.810009,0.757316,0.794726,0.799601,0.830401,0.98306,0.884433,0.841522,0.733541
3.1794,0.852968,0.811616,0.761319,0.794321,0.800879,0.83029,0.984745,0.886578,0.844033,0.735802
3.1796,0.853478,0.813725,0.764956,0.794762,0.801519,0.830273,0.986422,0.888788,0.844855,0.737855
3.1798,0.853834,0.815608,0.765671,0.796304,0.801026,0.831248,0.988579,0.889242,0.844221,0.739416
3.18,0.854504,0.816869,0.763114,0.79788,0.799987,0.832973,0.990591,0.888659,0.843394,0.740521
3.1802,0.855611,0.817554,0.759161,0.798572,0.799839,0.834322,0.993042,0.888238,0.843536,0.741286
3.1804,0.857085,0.818006,0.756567,0.797674,0.800563,0.834591,0.994542,0.887971,0.844804,0.742115
3.1806,0.858712,0.818656,0.75667,0.796019,0.80112,0.834152,0.994788,0.887891,0.846459,0.743253
3.1808,0.860103,0.819945,0.758812,0.795076,0.800901,0.833897,0.994254,0.887657,0.847607,0.744447
3.181,0.860907,0.82187,0.761324,0.796003,0.800392,0.833855,0.994933,0.887064,0.847757,0.745427
3.1812,0.86129,0.823845,0.762263,0.798064,0.800174,0.83398,0.996459,0.88662,0.847349,0.746069
3.1814,0.861762,0.825023,0.761046,0.799272,0.800442,0.834385,0.997312,0.88647,0.847045,0.74641
3.1816,0.862502,0.825177,0.758597,0.798774,0.801114,0.835034,0.998434,0.886097,0.847302,0.746825
3.1818,0.862938,0.824682,0.756685,0.797648,0.801843,0.835829,0.999351,0.88552,0.848211,0.747487
3.182,0.863098,0.824288,0.756478,0.797273,0.802133,0.836973,0.999597,0.884973,0.849188,0.748383
3.1822,0.862563,0.824666,0.757514,0.797841,0.801756,0.837452,0.999429,0.885,0.849723,0.749401
3.1824,0.861416,0.825862,0.758453,0.798805,0.801126,0.836691,1.00027,0.885432,0.849702,0.750283
3.1826,0.860258,0.827338,0.758388,0.799447,0.800773,0.835403,1.00133,0.88553,0.84953,0.75093
3.1828,0.859744,0.828429,0.757194,0.799427,0.800858,0.834569,1.00332,0.885425,0.849833,0.751363
3.183,0.859523,0.828705,0.755381,0.798875,0.80117,0.834871,1.00546,0.884834,0.850783,0.751564
3.1832,0.8592,0.828196,0.754042,0.798155,0.80112,0.835512,1.00617,0.884166,0.851976,0.751706
3.1834,0.858154,0.82742,0.753669,0.797778,0.800744,0.835869,1.00494,0.883547,0.852801,0.751862
3.1836,0.856643,0.826992,0.754047,0.798236,0.800549,0.83558,1.00312,0.883462,0.852811,0.751876
3.1838,0.855194,0.827039,0.754436,0.799173,0.800389,0.834451,1.00344,0.883422,0.852198,0.751736
3.184,0.85397,0.826942,0.754126,0.7999,0.800239,0.833092,1.00541,0.882919,0.851554,0.751275
3.1842,0.853237,0.82612,0.753053,0.799887,0.800172,0.832178,1.00654,0.88209,0.851177,0.750319
3.1844,0.853102,0.824367,0.751961,0.798924,0.799862,0.831776,1.00618,0.881133,0.85127,0.749296
3.1846,0.853046,0.822279,0.75142,0.797993,0.799412,0.831478,1.00438,0.880442,0.851203,0.748388
3.1848,0.85243,0.820621,0.751524,0.797686,0.799373,0.830884,1.00233,0.880762,0.850534,0.74766
3.185,0.850911,0.819549,0.751988,0.798025,0.799682,0.829944,1.00135,0.881427,0.849037,0.747224
3.1852,0.848843,0.818728,0.752313,0.798775,0.800282,0.828928,1.0021,0.881759,0.84713,0.746711
3.1854,0.847023,0.81791,0.752163,0.798965,0.801057,0.828212,1.0042,0.88119,0.845581,0.74603
3.1856,0.846068,0.816326,0.751614,0.798687,0.80086,0.828026,1.00445,0.880895,0.844949,0.74469
3.1858,0.846012,0.813724,0.751193,0.798477,0.799494,0.828372,1.00125,0.881674,0.844907,0.742729
3.186,0.846417,0.810737,0.751393,0.798327,0.798375,0.828828,0.995987,0.88253,0.844287,0.740685
3.1862,0.846705,0.808132,0.752033,0.798461,0.798144,0.828722,0.99185,0.882181,0.842689,0.739143
3.1864,0.846545,0.806173,0.752375,0.798402,0.798203,0.827828,0.990623,0.88166,0.840512,0.738232
3.1866,0.845875,0.805121,0.751738,0.79827,0.79842,0.82652,0.991656,0.881799,0.838287,0.737647
3.1868,0.845002,0.804483,0.750301,0.797912,0.79863,0.825289,0.99232,0.882538,0.836656,0.736899
3.187,0.844514,0.803631,0.748784,0.797486,0.798558,0.824509,0.989695,0.883051,0.835816,0.735812
3.1872,0.844489,0.802206,0.747882,0.796943,0.797977,0.82375,0.984629,0.883036,0.835393,0.734435
3.1874,0.844576,0.800121,0.747776,0.79663,0.796982,0.822607,0.979887,0.882743,0.8348,0.733082
3.1876,0.844676,0.797808,0.748142,0.796684,0.795884,0.821282,0.977338,0.883106,0.833663,0.732205
3.1878,0.844952,0.795823,0.748462,0.796581,0.795334,0.819918,0.977023,0.883201,0.832186,0.731868
3.188,0.845253,0.794588,0.748374,0.796129,0.795468,0.818595,0.976853,0.882245,0.831008,0.731945
3.1882,0.845296,0.794134,0.747991,0.795304,0.795958,0.817101,0.975338,0.880741,0.830663,0.732173
3.1884,0.845309,0.794049,0.747715,0.79454,0.796163,0.815475,0.973124,0.880488,0.831138,0.732114
3.1886,0.845192,0.793848,0.74777,0.794604,0.79648,0.813896,0.971338,0.881692,0.831919,0.731709
3.1888,0.844815,0.793249,0.748045,0.795698,0.797298,0.812224,0.970528,0.883181,0.832853,0.731349
3.189,0.844047,0.792399,0.748242,0.796629,0.797825,0.810205,0.970718,0.883968,0.833515,0.731277
3.1892,0.843296,0.791667,0.748023,0.796589,0.797474,0.808209,0.971309,0.883277,0.83346,0.731432
3.1894,0.843283,0.791175,0.747352,0.795324,0.796268,0.80671,0.971362,0.881071,0.832975,0.731515
3.1896,0.844231,0.790914,0.746354,0.793531,0.794883,0.805977,0.971156,0.879047,0.832659,0.731331
3.1898,0.845434,0.790909,0.745654,0.792475,0.793898,0.805839,0.971611,0.878259,0.832529,0.731009
3.19,0.845933,0.791385,0.745557,0.792751,0.793826,0.805446,0.972271,0.878571,0.833122,0.730848
3.1902,0.845958,0.792391,0.745546,0.794026,0.794022,0.804431,0.97186,0.879083,0.834526,0.731223
3.1904,0.846339,0.793414,0.745132,0.796014,0.793465,0.803088,0.970318,0.879435,0.835821,0.732176
3.1906,0.84669,0.79438,0.74414,0.797733,0.792033,0.802234,0.968388,0.879429,0.836981,0.733367
3.1908,0.847145,0.794803,0.742823,0.798066,0.790167,0.802466,0.96786,0.878972,0.837676,0.734393
3.191,0.848089,0.79476,0.742105,0.797514,0.788628,0.803571,0.969221,0.877971,0.838174,0.735076
3.1912,0.849171,0.794683,0.743538,0.796338,0.788076,0.804789,0.970758,0.876752,0.838631,0.735448
3.1914,0.849656,0.794963,0.746119,0.795364,0.788896,0.805568,0.970997,0.875971,0.838943,0.735968
3.1916,0.849678,0.795677,0.747453,0.795488,0.791239,0.80552,0.97037,0.87634,0.838959,0.737007
3.1918,0.849735,0.796876,0.746189,0.796244,0.792771,0.804825,0.970267,0.876971,0.838536,0.738536
3.192,0.849949,0.798515,0.743123,0.796957,0.791675,0.804854,0.971585,0.877735,0.83767,0.740209
3.1922,0.851278,0.799858,0.740188,0.796955,0.788493,0.806217,0.973623,0.878567,0.836732,0.741224
3.1924,0.853812,0.800495,0.739024,0.796102,0.784891,0.808298,0.97486,0.878993,0.835867,0.741855
3.1926,0.855292,0.800307,0.739814,0.795445,0.782626,0.810248,0.974723,0.878742,0.835373,0.742128
3.1928,0.854625,0.800036,0.741498,0.796184,0.782421,0.811618,0.973921,0.878155,0.835299,0.742397
3.193,0.853008,0.800395,0.742521,0.798344,0.783659,0.812539,0.972632,0.877671,0.835416,0.743083
3.1932,0.851294,0.802061,0.74233,0.80094,0.78503,0.813127,0.971957,0.877886,0.835655,0.744136
3.1934,0.850821,0.804142,0.741291,0.802307,0.785434,0.813963,0.972199,0.878357,0.836954,0.745287
3.1936,0.851829,0.805766,0.740256,0.801701,0.784565,0.815427,0.974228,0.878352,0.838922,0.746711
3.1938,0.853822,0.806294,0.739918,0.800512,0.783195,0.817154,0.975519,0.877906,0.84042,0.747875
3.194,0.855023,0.806288,0.740593,0.800156,0.782428,0.8185,0.975476,0.877864,0.841138,0.749141
3.1942,0.854725,0.806734,0.741778,0.801111,0.783125,0.819522,0.973399,0.878328,0.841319,0.75063
3.1944,0.853104,0.807953,0.742359,0.80315,0.784871,0.819917,0.970134,0.879259,0.841707,0.751782
3.1946,0.852273,0.809738,0.742438,0.805542,0.786241,0.820082,0.968138,0.879592,0.843168,0.752848
3.1948,0.854981,0.811359,0.742707,0.807039,0.787121,0.820627,0.96888,0.879271,0.845115,0.753732
3.195,0.860606,0.812414,0.743119,0.806535,0.788021,0.821672,0.97063,0.879352,0.84714,0.754462
3.1952,0.864701,0.812917,0.74329,0.805034,0.789019,0.822831,0.971124,0.879933,0.848419,0.755433
3.1954,0.864781,0.813189,0.743247,0.803823,0.789626,0.823647,0.96967,0.880476,0.848598,0.756642
3.1956,0.861752,0.813752,0.742963,0.803635,0.789868,0.824433,0.966624,0.880076,0.848616,0.758054
3.1958,0.85827,0.8149,0.742526,0.804803,0.790345,0.82538,0.964275,0.878721,0.84941,0.759684
3.196,0.856874,0.816469,0.742794,0.806126,0.791037,0.826459,0.964409,0.877852,0.851247,0.761227
3.1962,0.85858,0.818138,0.743872,0.806695,0.791397,0.827007,0.966432,0.877988,0.853039,0.762659
3.1964,0.862558,0.819637,0.744827,0.806216,0.791795,0.827554,0.968472,0.879206,0.853881,0.764066
3.1966,0.865988,0.820856,0.744932,0.804889,0.792783,0.828064,0.968476,0.880529,0.854157,0.765382
3.1968,0.866886,0.821963,0.744518,0.804084,0.793655,0.828543,0.966912,0.880792,0.854383,0.766581
3.197,0.866146,0.82323,0.743808,0.804772,0.793929,0.828648,0.96554,0.879665,0.855133,0.76762
3.1972,0.865032,0.824426,0.743498,0.806379,0.793908,0.829037,0.965679,0.878178,0.856782,0.768685
3.1974,0.864455,0.825549,0.743812,0.807296,0.793667,0.829543,0.967669,0.877472,0.858812,0.769842
3.1976,0.865129,0.826942,0.74439,0.807322,0.79367,0.829628,0.970389,0.877732,0.86018,0.77098
3.1978,0.866491,0.828429,0.744717,0.806983,0.793713,0.829872,0.971817,0.878322,0.860644,0.772024
3.198,0.867472,0.829381,0.744947,0.806641,0.793597,0.83058,0.972001,0.878254,0.860979,0.772793
3.1982,0.867005,0.829525,0.744712,0.805957,0.793385,0.831362,0.972656,0.877609,0.861168,0.773379
3.1984,0.866168,0.82907,0.74451,0.804744,0.793174,0.83175,0.973297,0.876941,0.861287,0.773936
3.1986,0.865884,0.828583,0.744908,0.803694,0.793288,0.83162,0.97358,0.876712,0.861079,0.77463
3.1988,0.865714,0.828645,0.745834,0.803222,0.793459,0.831145,0.973371,0.877107,0.860697,0.775817
3.199,0.865882,0.829402,0.746567,0.803277,0.7934,0.83073,0.972753,0.877798,0.86029,0.777119
3.1992,0.866147,0.830544,0.747065,0.803226,0.793375,0.830764,0.972793,0.878253,0.860415,0.778128
3.1994,0.865959,0.831536,0.747382,0.80284,0.793125,0.831196,0.973928,0.878339,0.860986,0.778558
3.1996,0.865754,0.832006,0.747251,0.801983,0.793024,0.831542,0.975234,0.878036,0.861953,0.778249
3.1998,0.865546,0.831917,0.746398,0.800958,0.792737,0.831645,0.975771,0.877712,0.861913,0.777557
3.2,0.865455,0.831412,0.745401,0.800675,0.792121,0.831537,0.975679,0.877625,0.86056,0.777011
3.2002,0.864732,0.830805,0.744636,0.800807,0.791513,0.831236,0.97578,0.877697,0.858739,0.777085
3.2004,0.863374,0.830353,0.744012,0.80076,0.791461,0.830853,0.976399,0.877538,0.856923,0.777583
3.2006,0.862101,0.830315,0.743835,0.800088,0.791727,0.830174,0.97707,0.87719,0.856025,0.777847
3.2008,0.861658,0.830373,0.744202,0.798954,0.792136,0.829275,0.978556,0.876626,0.856568,0.777235
3.201,0.861417,0.829955,0.744757,0.797744,0.792298,0.828373,0.979566,0.875494,0.857768,0.775585
3.2012,0.861182,0.828815,0.744787,0.797199,0.792358,0.828139,0.979276,0.873903,0.858627,0.773487
3.2014,0.860741,0.826896,0.744301,0.79764,0.792354,0.828137,0.977086,0.872271,0.858454,0.771733
3.2016,0.860132,0.824602,0.743421,0.798524,0.79232,0.827935,0.974008,0.870685,0.857371,0.771043
3.2018,0.859243,0.822602,0.74261,0.799242,0.792382,0.827291,0.972027,0.869215,0.855962,0.770955
3.202,0.858045,0.821099,0.74221,0.798713,0.792683,0.827035,0.972032,0.868314,0.855061,0.77061
3.2022,0.857375,0.820019,0.742181,0.797023,0.793083,0.827541,0.972729,0.867871,0.855064,0.769417
3.2024,0.856822,0.818829,0.742374,0.79498,0.793167,0.827619,0.972861,0.867404,0.855371,0.767341
3.2026,0.856467,0.81713,0.742482,0.793569,0.792732,0.826608,0.970796,0.865987,0.855911,0.765019
3.2028,0.855832,0.814939,0.742315,0.793798,0.791988,0.825054,0.966662,0.863443,0.856376,0.763229
3.203,0.855219,0.812966,0.742227,0.794981,0.791238,0.823404,0.963043,0.860273,0.85646,0.762324
3.2032,0.854716,0.811709,0.742056,0.795635,0.790598,0.822307,0.961919,0.857605,0.85603,0.762276
3.2034,0.854444,0.811146,0.741752,0.795426,0.789861,0.822136,0.962613,0.856062,0.854896,0.762178
3.2036,0.854066,0.810677,0.741473,0.794416,0.788756,0.822414,0.963234,0.855395,0.85357,0.76139
3.2038,0.853125,0.809758,0.741178,0.793144,0.78742,0.82244,0.962118,0.855344,0.853226,0.759836
3.204,0.851606,0.808382,0.740904,0.792162,0.786564,0.821802,0.958305,0.855193,0.85408,0.758052
3.2042,0.850351,0.806748,0.740957,0.792141,0.786034,0.82058,0.953624,0.854509,0.8555,0.756768
3.2044,0.849812,0.805246,0.740944,0.792969,0.78509,0.81928,0.951476,0.853333,0.856154,0.756257
3.2046,0.850182,0.804209,0.741272,0.793868,0.783603,0.81848,0.952045,0.852165,0.855622,0.756418
3.2048,0.85048,0.803761,0.741773,0.7942,0.781966,0.818464,0.953811,0.852058,0.853858,0.756867
3.205,0.849984,0.803711,0.74193,0.793853,0.780656,0.819026,0.954036,0.852686,0.851679,0.756948
3.2052,0.848445,0.803615,0.741209,0.793181,0.779804,0.819217,0.951928,0.853411,0.850472,0.756458
3.2054,0.846902,0.803157,0.739537,0.792984,0.780085,0.818984,0.949145,0.85388,0.850012,0.755985
3.2056,0.846386,0.80255,0.737751,0.793029,0.780877,0.818527,0.947813,0.853766,0.849924,0.756062
3.2058,0.847129,0.802294,0.736204,0.792899,0.78092,0.818172,0.948953,0.85308,0.849954,0.756398
3.206,0.847764,0.802346,0.734976,0.792526,0.779788,0.817928,0.950877,0.852183,0.849988,0.756514
3.2062,0.8472,0.802383,0.73413,0.792087,0.778388,0.817849,0.951549,0.851722,0.849907,0.75611
3.2064,0.845856,0.802033,0.733451,0.791975,0.777495,0.817576,0.951201,0.852101,0.849342,0.755335
3.2066,0.84404,0.801264,0.732723,0.791981,0.77745,0.817277,0.950849,0.852613,0.848843,0.754774
3.2068,0.843108,0.800532,0.732573,0.791833,0.778319,0.816757,0.950716,0.852475,0.848689,0.75502
3.207,0.843185,0.800436,0.73351,0.79187,0.77961,0.816812,0.951271,0.851461,0.849026,0.756152
3.2072,0.843853,0.80114,0.734673,0.792258,0.779884,0.817463,0.952701,0.850795,0.849964,0.757678
3.2074,0.843891,0.802303,0.735187,0.792615,0.779345,0.818154,0.953409,0.85114,0.850883,0.758984
3.2076,0.842527,0.803435,0.734839,0.792618,0.778391,0.818759,0.953144,0.851814,0.851502,0.759711
3.2078,0.839807,0.804252,0.734472,0.792297,0.77772,0.819314,0.952732,0.852484,0.851505,0.759892
3.208,0.837234,0.804757,0.73461,0.791769,0.777923,0.819669,0.952853,0.852724,0.850857,0.759954
3.2082,0.836081,0.805229,0.735024,0.79179,0.778732,0.81898,0.953885,0.852507,0.850195,0.760538
3.2084,0.836845,0.80594,0.735258,0.792603,0.779326,0.817991,0.955637,0.852706,0.850022,0.761996
3.2086,0.837853,0.807003,0.735294,0.793576,0.779081,0.818261,0.95737,0.853837,0.850243,0.763893
3.2088,0.837772,0.808403,0.734856,0.793945,0.777727,0.8201,0.958459,0.855104,0.85088,0.765355
3.209,0.836905,0.809572,0.734278,0.793156,0.775733,0.822799,0.959032,0.85538,0.85171,0.766224
3.2092,0.836342,0.81038,0.734265,0.791509,0.773973,0.824676,0.959425,0.855082,0.852194,0.766282
3.2094,0.837688,0.810871,0.735123,0.789905,0.773388,0.825213,0.959977,0.854872,0.852336,0.766389
3.2096,0.840365,0.811823,0.736515,0.789554,0.774435,0.825112,0.960296,0.854743,0.852265,0.767202
3.2098,0.842391,0.813171,0.737529,0.789921,0.776877,0.825227,0.961007,0.854842,0.852249,0.768745
3.21,0.84252,0.81446,0.737728,0.789818,0.778238,0.825625,0.961078,0.855668,0.852661,0.770563
3.2102,0.841896,0.815402,0.736937,0.789344,0.777293,0.826992,0.960564,0.856882,0.854045,0.771758
3.2104,0.841773,0.815714,0.736398,0.788118,0.774522,0.828909,0.960321,0.857932,0.85591,0.772268
3.2106,0.842497,0.815939,0.736935,0.78683,0.771454,0.830066,0.959742,0.858736,0.857607,0.772387
3.2108,0.843916,0.816877,0.738084,0.785961,0.769862,0.830673,0.959693,0.859276,0.858655,0.772708
3.211,0.84519,0.818985,0.739149,0.785769,0.771103,0.831235,0.960141,0.859746,0.858879,0.773716
3.2112,0.845573,0.821791,0.739718,0.786056,0.774896,0.83154,0.960706,0.860478,0.859018,0.775321
3.2114,0.845296,0.824101,0.739948,0.787381,0.778168,0.831918,0.95981,0.861621,0.859465,0.77686
3.2116,0.844874,0.825413,0.73994,0.788887,0.778945,0.83258,0.957579,0.862342,0.86003,0.777959
3.2118,0.84481,0.826241,0.739766,0.788914,0.77733,0.833376,0.955499,0.862184,0.860253,0.778461
3.212,0.845613,0.827362,0.739493,0.786915,0.775201,0.834408,0.954476,0.861233,0.859987,0.7787
3.2122,0.846739,0.829905,0.739232,0.784273,0.774725,0.835374,0.954974,0.860074,0.859297,0.779278
3.2124,0.847262,0.833611,0.739223,0.782596,0.776732,0.835456,0.95569,0.859889,0.858955,0.78035
3.2126,0.847005,0.836953,0.739742,0.782361,0.780034,0.83478,0.955132,0.860445,0.858862,0.781882
3.2128,0.846664,0.838803,0.740655,0.783022,0.782899,0.834133,0.95376,0.861548,0.858736,0.783666
3.213,0.847065,0.839398,0.741661,0.783591,0.783942,0.834174,0.953195,0.862687,0.858418,0.785279
3.2132,0.847574,0.839827,0.742303,0.783474,0.782764,0.835172,0.953728,0.862953,0.857481,0.786642
3.2134,0.847677,0.840906,0.742525,0.782852,0.781366,0.836597,0.95511,0.861441,0.856068,0.78776
3.2136,0.847019,0.842645,0.742058,0.7822,0.781404,0.837418,0.956247,0.858758,0.855189,0.788734
3.2138,0.845826,0.845028,0.7412,0.781939,0.78292,0.837586,0.956619,0.856255,0.855216,0.789938
3.214,0.844891,0.847224,0.740719,0.782229,0.784895,0.837467,0.956807,0.855122,0.856099,0.791342
3.2142,0.844341,0.848235,0.740752,0.782607,0.78613,0.83761,0.957792,0.855195,0.857118,0.79281
3.2144,0.844253,0.848697,0.741011,0.782775,0.785945,0.838322,0.959727,0.855723,0.857442,0.794253
3.2146,0.843997,0.849076,0.741186,0.783139,0.785081,0.838802,0.961237,0.855525,0.856823,0.795481
3.2148,0.843139,0.849871,0.740925,0.783612,0.784855,0.838437,0.962245,0.853987,0.855766,0.796246
3.215,0.842053,0.850765,0.740376,0.783703,0.786021,0.837293,0.963368,0.851645,0.855317,0.796746
3.2152,0.840897,0.851461,0.739839,0.783282,0.788063,0.836596,0.964176,0.849812,0.856504,0.797224
3.2154,0.840059,0.851985,0.739601,0.782578,0.789402,0.836906,0.964254,0.849036,0.858361,0.797861
3.2156,0.839682,0.852327,0.740045,0.781965,0.789623,0.838089,0.963967,0.848925,0.859619,0.798867
3.2158,0.83949,0.85241,0.740915,0.781764,0.789315,0.839326,0.96382,0.848756,0.860166,0.800024
3.216,0.839161,0.852834,0.740968,0.782073,0.788973,0.839636,0.964116,0.84801,0.859795,0.80099
3.2162,0.838597,0.853737,0.739544,0.782632,0.789486,0.838722,0.964817,0.846858,0.859196,0.80145
3.2164,0.837967,0.854134,0.737936,0.783085,0.791098,0.837189,0.965638,0.845945,0.858392,0.801276
3.2166,0.837584,0.853246,0.737064,0.783211,0.792863,0.835684,0.966411,0.845775,0.857599,0.800882
3.2168,0.83768,0.852001,0.737522,0.782915,0.79302,0.834725,0.967132,0.846194,0.857088,0.800623
3.217,0.838249,0.851347,0.738542,0.782175,0.791711,0.834886,0.967939,0.846461,0.856553,0.800349
3.2172,0.838563,0.851224,0.738834,0.78136,0.79034,0.835164,0.968787,0.846291,0.856164,0.799971
3.2174,0.838329,0.851019,0.737893,0.780903,0.789681,0.834605,0.969229,0.846113,0.856555,0.799222
3.2176,0.838064,0.850321,0.736493,0.780702,0.789673,0.833386,0.969037,0.845952,0.857184,0.798072
3.2178,0.837988,0.849682,0.735993,0.780423,0.789786,0.832587,0.968348,0.8457,0.857651,0.796646
3.218,0.837552,0.849062,0.736637,0.77963,0.789534,0.831839,0.967179,0.845024,0.8571,0.795354
3.2182,0.836533,0.848644,0.737586,0.778695,0.788997,0.830911,0.966152,0.843846,0.855533,0.794527
3.2184,0.83518,0.848258,0.737948,0.777922,0.788526,0.829605,0.965487,0.842541,0.853925,0.79389
3.2186,0.834008,0.84754,0.73738,0.77719,0.78834,0.828405,0.965013,0.841699,0.85295,0.792726
3.2188,0.833487,0.846725,0.736271,0.77618,0.78836,0.82779,0.963838,0.841604,0.853368,0.790998
3.219,0.833701,0.845589,0.735352,0.774714,0.788083,0.827751,0.961988,0.842024,0.854437,0.788941
3.2192,0.834219,0.843967,0.73507,0.773368,0.787517,0.827574,0.960531,0.842529,0.854564,0.787444
3.2194,0.834492,0.84236,0.73531,0.772459,0.786881,0.827046,0.959484,0.842887,0.853623,0.786432
3.2196,0.834341,0.841471,0.735589,0.771732,0.786322,0.82644,0.957509,0.842841,0.852353,0.785468
3.2198,0.833852,0.841526,0.735405,0.770683,0.786484,0.825828,0.954331,0.842219,0.851298,0.784281
3.22,0.833171,0.841636,0.734602,0.769214,0.786888,0.825032,0.951673,0.841393,0.850829,0.782566
3.2202,0.832566,0.841369,0.733525,0.767617,0.786804,0.823986,0.950385,0.841215,0.851155,0.78067
3.2204,0.832521,0.84036,0.732412,0.766448,0.785948,0.822638,0.949336,0.841331,0.851481,0.778962
3.2206,0.832776,0.8393,0.731552,0.766008,0.784631,0.821589,0.947682,0.841409,0.851278,0.777712
3.2208,0.832567,0.838831,0.731134,0.765988,0.783271,0.820926,0.945183,0.840854,0.850365,0.777184
3.221,0.831373,0.839018,0.731008,0.765949,0.782843,0.820432,0.942899,0.839729,0.849493,0.777071
3.2212,0.829342,0.839107,0.730642,0.765635,0.783341,0.82013,0.942037,0.839561,0.849608,0.776945
3.2214,0.82804,0.838667,0.72975,0.765064,0.784098,0.819639,0.942085,0.840448,0.850285,0.776678
3.2216,0.827796,0.837533,0.728341,0.764559,0.784045,0.818997,0.94197,0.840486,0.850597,0.77609
3.2218,0.827856,0.836339,0.727255,0.764451,0.782537,0.818905,0.941197,0.838868,0.850645,0.775355
3.222,0.827417,0.835604,0.726729,0.765231,0.780839,0.819347,0.940062,0.836421,0.850295,0.774972
3.2222,0.825734,0.835178,0.726417,0.766811,0.78003,0.819399,0.939265,0.834225,0.850198,0.775206
3.2224,0.823378,0.834901,0.725763,0.768117,0.779807,0.818652,0.93943,0.833234,0.850738,0.775921
3.2226,0.821669,0.834554,0.724591,0.768754,0.779732,0.817535,0.940593,0.833325,0.851438,0.776651
3.2228,0.82302,0.833916,0.72339,0.768491,0.779746,0.816651,0.941574,0.833722,0.851685,0.776786
3.223,0.826469,0.83333,0.7226,0.767693,0.779305,0.816358,0.942087,0.833113,0.851707,0.776239
3.2232,0.82868,0.832691,0.722158,0.76762,0.778283,0.816537,0.942566,0.83123,0.851695,0.775471
3.2234,0.82736,0.832492,0.722201,0.768628,0.777424,0.81649,0.942812,0.828875,0.851922,0.775132
3.2236,0.823781,0.83295,0.723385,0.770438,0.77735,0.816328,0.942166,0.827461,0.852796,0.775614
3.2238,0.820723,0.833553,0.724595,0.771845,0.777502,0.816474,0.940685,0.829135,0.853935,0.776838
3.224,0.819498,0.833662,0.724778,0.7729,0.777644,0.816687,0.939575,0.832331,0.854535,0.778275
3.2242,0.820167,0.833126,0.724032,0.774173,0.777799,0.816671,0.939792,0.834391,0.854359,0.779392
3.2244,0.821583,0.832624,0.723423,0.775239,0.778123,0.816658,0.940927,0.834262,0.853408,0.779955
3.2246,0.822248,0.832805,0.723741,0.775475,0.77858,0.816229,0.941765,0.832974,0.852871,0.780078
3.2248,0.821832,0.833562,0.72457,0.775332,0.778988,0.81558,0.941583,0.832283,0.852898,0.780188
3.225,0.821112,0.8344,0.725229,0.775072,0.778506,0.815169,0.941143,0.833223,0.853857,0.780819
3.2252,0.820861,0.834845,0.725089,0.775079,0.77686,0.815358,0.941832,0.834772,0.855148,0.782241
3.2254,0.821462,0.835162,0.724039,0.775458,0.775205,0.81602,0.943914,0.8356,0.85586,0.783742
3.2256,0.822205,0.835637,0.72301,0.776145,0.774748,0.816876,0.945853,0.835297,0.855531,0.784887
3.2258,0.82266,0.836285,0.72276,0.776779,0.775567,0.817133,0.946318,0.834549,0.854294,0.785128
3.226,0.823187,0.8373,0.723149,0.776993,0.776603,0.816716,0.94587,0.834815,0.853273,0.784583
3.2262,0.823917,0.838414,0.723333,0.776667,0.777042,0.81629,0.945304,0.836216,0.85324,0.784082
3.2264,0.824739,0.839139,0.722569,0.77627,0.777118,0.816495,0.944849,0.837284,0.853881,0.784362
3.2266,0.826026,0.839465,0.721265,0.776476,0.777067,0.817361,0.944561,0.837073,0.854938,0.785391
3.2268,0.827655,0.839984,0.720024,0.7778,0.77688,0.818405,0.943782,0.835795,0.855917,0.78727
3.227,0.828951,0.841302,0.720111,0.779703,0.776578,0.819676,0.943675,0.834778,0.856325,0.788945
3.2272,0.829484,0.843645,0.721335,0.781335,0.776443,0.820424,0.943762,0.835258,0.856184,0.789595
3.2274,0.830024,0.845963,0.722562,0.782162,0.776175,0.820484,0.943516,0.837194,0.855905,0.789472
3.2276,0.831226,0.847648,0.722867,0.782173,0.775974,0.819869,0.94267,0.839319,0.855773,0.7891
3.2278,0.832528,0.848946,0.723006,0.782112,0.776562,0.819776,0.94054,0.84037,0.855945,0.789212
3.228,0.833239,0.850285,0.723597,0.78319,0.777495,0.820843,0.938108,0.840224,0.856296,0.790303
3.2282,0.833218,0.85175,0.724155,0.785348,0.778102,0.822829,0.936957,0.839365,0.856508,0.791663
3.2284,0.832613,0.853191,0.724636,0.786815,0.778226,0.824362,0.936574,0.838805,0.856431,0.792975
3.2286,0.832065,0.854704,0.724828,0.786328,0.778543,0.82454,0.936903,0.839426,0.855843,0.793982
3.2288,0.832393,0.85622,0.724855,0.784557,0.778854,0.824074,0.93715,0.841389,0.854866,0.794479
3.229,0.833238,0.857786,0.725182,0.782337,0.778963,0.824337,0.936101,0.843511,0.853492,0.795122
3.2292,0.83373,0.859194,0.725674,0.780848,0.778759,0.825306,0.934362,0.845022,0.852085,0.796322
3.2294,0.8331,0.86086,0.725557,0.781297,0.77892,0.826606,0.93385,0.845258,0.850547,0.79797
3.2296,0.831225,0.862643,0.724844,0.783116,0.779806,0.827706,0.935147,0.845084,0.849249,0.800006
3.2298,0.829998,0.86419,0.724121,0.784229,0.781389,0.828318,0.938633,0.845054,0.848659,0.802048
3.23,0.830948,0.865069,0.724306,0.783509,0.782858,0.828452,0.942421,0.845508,0.84866,0.803668
3.2302,0.833815,0.865345,0.725236,0.781195,0.782927,0.828432,0.945989,0.84661,0.848624,0.804786
3.2304,0.836789,0.865386,0.726251,0.77891,0.781823,0.828865,0.947462,0.848127,0.847527,0.805916
3.2306,0.8382,0.866464,0.726705,0.777626,0.781011,0.829935,0.946886,0.849417,0.845401,0.807582
3.2308,0.837566,0.868765,0.726302,0.777159,0.781165,0.830944,0.946326,0.85012,0.842823,0.809607
3.231,0.835453,0.871085,0.725562,0.776895,0.782023,0.831661,0.947752,0.85046,0.840592,0.811547
3.2312,0.833948,0.872118,0.724921,0.776368,0.782988,0.831467,0.95074,0.850606,0.839584,0.812929
3.2314,0.834278,0.871442,0.724685,0.775183,0.783777,0.831222,0.95455,0.850675,0.839475,0.813583
3.2316,0.835824,0.870297,0.724809,0.773536,0.783808,0.832103,0.95655,0.850339,0.839557,0.814201
3.2318,0.837045,0.869794,0.725049,0.771925,0.783069,0.833553,0.956381,0.850058,0.839317,0.81513
3.232,0.836663,0.870513,0.725535,0.770674,0.782208,0.834465,0.955996,0.849582,0.83828,0.816622
3.2322,0.835031,0.871733,0.726292,0.769851,0.782109,0.834795,0.956845,0.84908,0.836689,0.818391
3.2324,0.833358,0.872936,0.727133,0.769427,0.78291,0.834066,0.958414,0.848994,0.835287,0.819614
3.2326,0.833124,0.873782,0.727473,0.769298,0.784072,0.832788,0.960286,0.848889,0.834641,0.820137
3.2328,0.834698,0.874147,0.726851,0.769218,0.784991,0.832176,0.962499,0.848256,0.834882,0.819825
3.233,0.836341,0.873983,0.725681,0.768921,0.785319,0.832537,0.963926,0.846749,0.835722,0.819071
3.2332,0.836676,0.873512,0.724664,0.768412,0.78494,0.832927,0.964658,0.844451,0.836394,0.818863
3.2334,0.835555,0.872592,0.724486,0.767862,0.784326,0.832955,0.965375,0.843348,0.836263,0.819335
3.2336,0.833716,0.871367,0.724755,0.767224,0.784216,0.832074,0.965977,0.843765,0.835442,0.820024
3.2338,0.832142,0.870295,0.724917,0.766856,0.784725,0.830126,0.965006,0.843881,0.834445,0.820361
3.234,0.831451,0.86929,0.724765,0.767152,0.784995,0.828532,0.964159,0.842242,0.834064,0.819405
3.2342,0.83143,0.868377,0.724762,0.767461,0.784554,0.828217,0.964563,0.839047,0.83456,0.81762
3.2344,0.831309,0.867491,0.725204,0.767045,0.783102,0.828842,0.965334,0.835698,0.835748,0.815668
3.2346,0.831084,0.866618,0.725753,0.765938,0.78113,0.829367,0.965013,0.833504,0.836655,0.8143
3.2348,0.830605,0.865728,0.726229,0.764717,0.779866,0.828657,0.963664,0.832567,0.836624,0.81395
3.235,0.829917,0.864872,0.726466,0.763967,0.779794,0.826501,0.96221,0.83219,0.836219,0.813825
3.2352,0.828601,0.863814,0.726324,0.763873,0.780054,0.824406,0.962277,0.831504,0.835921,0.813022
3.2354,0.827553,0.862469,0.725853,0.764103,0.779563,0.823496,0.962971,0.830233,0.836669,0.811768
3.2356,0.82713,0.861256,0.725552,0.76427,0.77752,0.823917,0.963414,0.828742,0.838377,0.809661
3.2358,0.826391,0.860545,0.725726,0.76424,0.775138,0.82492,0.964121,0.827515,0.839881,0.807205
3.236,0.825809,0.860232,0.726158,0.764031,0.773902,0.825113,0.964038,0.826973,0.840205,0.80516
3.2362,0.825669,0.859612,0.726274,0.763751,0.773496,0.82376,0.963529,0.827152,0.83916,0.803542
3.2364,0.825319,0.858473,0.725546,0.763387,0.772997,0.821643,0.963296,0.827273,0.837714,0.802454
3.2366,0.824957,0.856929,0.724108,0.763034,0.772073,0.82022,0.962162,0.826936,0.836831,0.801477
3.2368,0.82448,0.855254,0.722505,0.762858,0.77029,0.820057,0.960546,0.826904,0.836618,0.800093
3.237,0.823178,0.853837,0.721887,0.762709,0.768036,0.820911,0.959321,0.827373,0.836611,0.798461
3.2372,0.821872,0.852844,0.722221,0.762406,0.766014,0.821669,0.958782,0.827753,0.836167,0.796774
3.2374,0.821363,0.852548,0.722411,0.762024,0.764733,0.821931,0.958732,0.827359,0.83499,0.795323
3.2376,0.821772,0.852606,0.721842,0.761329,0.764122,0.821194,0.957634,0.826112,0.834138,0.794455
3.2378,0.822264,0.852593,0.720647,0.760514,0.763886,0.819675,0.955074,0.824602,0.833803,0.794108
3.238,0.822426,0.851964,0.719265,0.759933,0.763713,0.818202,0.951932,0.823803,0.833407,0.794016
3.2382,0.821812,0.850475,0.719573,0.759742,0.763349,0.817121,0.949389,0.824385,0.832458,0.794015
3.2384,0.821027,0.848856,0.721591,0.759592,0.762778,0.817211,0.948503,0.826015,0.830818,0.793797
3.2386,0.820356,0.848038,0.723499,0.760089,0.762544,0.818052,0.948736,0.827656,0.828823,0.793293
3.2388,0.820323,0.848084,0.724272,0.761518,0.762667,0.8182,0.948606,0.82849,0.827529,0.792998
3.239,0.820604,0.848443,0.72323,0.762059,0.762461,0.817105,0.946164,0.828292,0.827178,0.793232
3.2392,0.821143,0.848331,0.721053,0.760852,0.761905,0.81535,0.94224,0.827477,0.827008,0.79355
3.2394,0.821196,0.847325,0.71884,0.758345,0.761579,0.813799,0.938616,0.827243,0.826748,0.793593
3.2396,0.820199,0.846265,0.717902,0.75626,0.761512,0.813004,0.936587,0.828196,0.825784,0.793224
3.2398,0.818785,0.845544,0.718216,0.756185,0.761478,0.813241,0.935364,0.829544,0.824068,0.792623
3.24,0.817647,0.844974,0.719259,0.757748,0.761619,0.813859,0.934955,0.830424,0.822462,0.792381
3.2402,0.817092,0.84475,0.720106,0.759917,0.761429,0.813954,0.933772,0.830224,0.821261,0.792824
3.2404,0.817045,0.845302,0.720121,0.761647,0.760807,0.81331,0.931047,0.829212,0.820664,0.793817
3.2406,0.81702,0.846619,0.718688,0.762061,0.760525,0.812527,0.928791,0.828076,0.820845,0.795027
3.2408,0.816698,0.848008,0.71591,0.761216,0.761107,0.811687,0.927942,0.827631,0.821331,0.795979
3.241,0.816142,0.848487,0.712858,0.760388,0.762068,0.811253,0.928027,0.827891,0.821745,0.796345
3.2412,0.81579,0.847777,0.71101,0.760738,0.762676,0.811127,0.928085,0.828193,0.822026,0.796269
3.2414,0.81589,0.846601,0.711476,0.761847,0.762718,0.811818,0.927645,0.827983,0.82228,0.796185
3.2416,0.816336,0.846041,0.714011,0.763188,0.762269,0.812854,0.927169,0.826772,0.822885,0.796599
3.2418,0.81693,0.846608,0.717403,0.763216,0.76193,0.813255,0.92744,0.824693,0.823828,0.797999
3.242,0.817191,0.848175,0.719473,0.761356,0.762379,0.812569,0.928582,0.822777,0.824898,0.799536
3.2422,0.816836,0.849658,0.719533,0.759014,0.763459,0.811691,0.929774,0.821946,0.826364,0.800566
3.2424,0.816523,0.850495,0.717923,0.757529,0.764012,0.811271,0.930879,0.82178,0.82792,0.801008
3.2426,0.817157,0.850645,0.715874,0.757487,0.763038,0.811724,0.932096,0.821497,0.828998,0.80094
3.2428,0.818342,0.850565,0.714757,0.758284,0.760877,0.812879,0.933186,0.82087,0.829362,0.801272
3.243,0.818888,0.85096,0.71559,0.75887,0.759175,0.814219,0.934003,0.819677,0.829174,0.802226
3.2432,0.818411,0.852823,0.717693,0.75861,0.759865,0.81462,0.935321,0.818465,0.829335,0.803314
3.2434,0.817282,0.856044,0.719765,0.758317,0.763457,0.813678,0.936911,0.81779,0.83063,0.804364
3.2436,0.816002,0.858667,0.720572,0.75906,0.767221,0.812451,0.937754,0.8178,0.832895,0.804997
3.2438,0.815354,0.859647,0.719952,0.760217,0.768941,0.812605,0.938369,0.818277,0.8352,0.805574
3.244,0.815859,0.859645,0.718875,0.761101,0.767688,0.814099,0.939494,0.818867,0.836709,0.806257
3.2442,0.817252,0.859664,0.718446,0.761508,0.765097,0.815989,0.941423,0.819372,0.837251,0.806968
3.2444,0.818155,0.860642,0.719122,0.761617,0.763459,0.816828,0.943859,0.820338,0.837527,0.807796
3.2446,0.817079,0.862567,0.720194,0.762342,0.763713,0.816476,0.945993,0.821695,0.837827,0.808429
3.2448,0.815569,0.864864,0.720783,0.763823,0.765205,0.815336,0.947013,0.822795,0.83757,0.808983
3.245,0.815627,0.866559,0.720283,0.765108,0.766956,0.814787,0.946978,0.823113,0.837008,0.809571
3.2452,0.817091,0.867407,0.718928,0.765249,0.76789,0.815374,0.946754,0.82258,0.836263,0.810174
3.2454,0.817962,0.867862,0.717612,0.764867,0.767662,0.816562,0.948213,0.821822,0.835633,0.811018
3.2456,0.817019,0.868472,0.717942,0.764879,0.766876,0.817121,0.949749,0.821391,0.835574,0.812123
3.2458,0.814711,0.86945,0.72006,0.765727,0.766427,0.816311,0.949593,0.821855,0.836926,0.813373
3.246,0.813787,0.870757,0.721726,0.767089,0.767021,0.814306,0.94756,0.823687,0.839624,0.814842
3.2462,0.815672,0.871857,0.721646,0.769043,0.768811,0.81241,0.945671,0.826008,0.840713,0.816342
3.2464,0.818758,0.872989,0.719476,0.770752,0.771057,0.811532,0.945347,0.827739,0.83904,0.817789
3.2466,0.820646,0.874752,0.716258,0.77144,0.772715,0.812178,0.947367,0.829092,0.83523,0.81926
3.2468,0.820385,0.876598,0.713941,0.770963,0.77343,0.81343,0.948171,0.83032,0.83094,0.820395
3.247,0.81908,0.87745,0.713498,0.769747,0.773747,0.813536,0.945882,0.831123,0.828604,0.82132
3.2472,0.818062,0.877413,0.714546,0.768995,0.773948,0.812075,0.942691,0.831519,0.829139,0.822542
3.2474,0.817838,0.876885,0.715448,0.76954,0.77438,0.810071,0.941731,0.831709,0.83125,0.823914
3.2476,0.818218,0.876794,0.715183,0.770885,0.774902,0.808413,0.942964,0.831778,0.83266,0.825225
3.2478,0.818751,0.877351,0.713951,0.772099,0.774971,0.807602,0.945079,0.832398,0.831646,0.826103
3.248,0.81879,0.878235,0.712474,0.77267,0.774476,0.807452,0.946379,0.83398,0.828093,0.826277
3.2482,0.818423,0.878789,0.711629,0.772614,0.773844,0.807419,0.947103,0.835512,0.82396,0.826216
3.2484,0.818429,0.878935,0.711533,0.772235,0.773458,0.807085,0.947063,0.835672,0.821478,0.82641
3.2486,0.818867,0.878546,0.711808,0.772036,0.77349,0.806332,0.946643,0.834194,0.8216,0.827091
3.2488,0.819099,0.878315,0.711942,0.77177,0.774205,0.805486,0.947478,0.83205,0.823554,0.8284
3.249,0.818708,0.87882,0.711687,0.771656,0.774589,0.804954,0.949604,0.830479,0.825388,0.8299
3.2492,0.8176,0.879552,0.711202,0.771702,0.773933,0.804966,0.951273,0.830392,0.825571,0.831059
3.2494,0.816287,0.880409,0.710815,0.771797,0.772413,0.805505,0.951882,0.831874,0.823986,0.831703
3.2496,0.815624,0.881006,0.710755,0.772102,0.770958,0.8064,0.951798,0.832905,0.821767,0.831629
3.2498,0.815975,0.880562,0.711011,0.772314,0.76962,0.807188,0.952075,0.832088,0.820544,0.83115
3.25,0.816913,0.87987,0.711171,0.77264,0.768303,0.807338,0.952777,0.829265,0.821071,0.830926
3.2502,0.817715,0.879288,0.711258,0.772486,0.767181,0.807051,0.953124,0.825594,0.822627,0.831001
3.2504,0.817721,0.878451,0.711581,0.77162,0.766199,0.8073,0.952848,0.823135,0.824211,0.831206
3.2506,0.816571,0.877651,0.711975,0.77019,0.765013,0.80815,0.952216,0.822787,0.82508,0.831327
3.2508,0.8149,0.877251,0.712105,0.768759,0.763703,0.809011,0.952507,0.823969,0.824997,0.830527
3.251,0.814051,0.876797,0.711798,0.768383,0.762269,0.80926,0.952132,0.824473,0.824221,0.829171
3.2512,0.814071,0.875816,0.711019,0.769432,0.760725,0.808649,0.950569,0.822909,0.82353,0.827751
3.2514,0.813947,0.874923,0.710177,0.770838,0.759235,0.807724,0.948634,0.820193,0.823146,0.826506
3.2516,0.813302,0.875039,0.709751,0.771683,0.757938,0.807002,0.947522,0.817814,0.823189,0.825537
3.2518,0.812102,0.875328,0.709874,0.771121,0.756864,0.806758,0.948575,0.816762,0.823261,0.824757
3.252,0.810457,0.874872,0.710302,0.769428,0.756029,0.80698,0.950771,0.817189,0.823328,0.823847
3.2522,0.808764,0.873169,0.710734,0.768093,0.755453,0.807392,0.951627,0.818004,0.823528,0.82306
3.2524,0.807519,0.870857,0.710869,0.768313,0.755089,0.807407,0.951258,0.818117,0.823769,0.822214
3.2526,0.806504,0.868866,0.71043,0.769952,0.75473,0.806632,0.949584,0.817316,0.823892,0.821238
3.2528,0.805261,0.868565,0.709828,0.771491,0.754113,0.806023,0.947135,0.816282,0.823763,0.820139
3.253,0.803547,0.86928,0.709709,0.771237,0.753254,0.806173,0.945599,0.815545,0.82319,0.818808
3.2532,0.801347,0.869492,0.710055,0.769447,0.752331,0.806567,0.945875,0.815195,0.822312,0.81722
3.2534,0.799212,0.868397,0.710236,0.767538,0.75145,0.806561,0.94683,0.815279,0.821695,0.81538
3.2536,0.797695,0.866147,0.709617,0.766741,0.75066,0.806278,0.947739,0.815729,0.821468,0.81345
3.2538,0.796949,0.863447,0.708348,0.767562,0.749956,0.805644,0.946657,0.815841,0.821195,0.81194
3.254,0.796533,0.861215,0.707089,0.768918,0.749171,0.804638,0.943628,0.815287,0.820703,0.811079
3.2542,0.796388,0.860334,0.706469,0.769094,0.748301,0.803611,0.941345,0.814237,0.819541,0.810763
3.2544,0.79596,0.860642,0.706379,0.76804,0.747582,0.802979,0.941254,0.813262,0.81825,0.810684
3.2546,0.794917,0.861146,0.706457,0.766982,0.747243,0.802849,0.94272,0.812856,0.817214,0.810459
3.2548,0.79365,0.860878,0.706796,0.767018,0.747289,0.803054,0.942994,0.813095,0.816862,0.810024
3.255,0.79277,0.85995,0.707687,0.767978,0.74753,0.803293,0.941474,0.813725,0.816548,0.809454
3.2552,0.792387,0.858759,0.707905,0.769168,0.747776,0.80295,0.938985,0.814449,0.816,0.808795
3.2554,0.792333,0.857698,0.706836,0.770001,0.747765,0.802289,0.938284,0.815147,0.815149,0.808562
3.2556,0.792485,0.856946,0.7049,0.770284,0.747352,0.802238,0.939433,0.815692,0.815451,0.808873
3.2558,0.792257,0.856922,0.703202,0.769853,0.746547,0.802518,0.94077,0.81581,0.816491,0.809232
3.256,0.7915,0.85704,0.702613,0.769145,0.745672,0.80244,0.940304,0.8153,0.817441,0.809228
3.2562,0.79102,0.856642,0.702833,0.768586,0.745066,0.802073,0.939651,0.814391,0.818075,0.808617
3.2564,0.791483,0.855472,0.703073,0.768673,0.74469,0.801578,0.938728,0.813481,0.818419,0.807713
3.2566,0.792355,0.853722,0.702625,0.768918,0.74422,0.801201,0.937331,0.81331,0.818341,0.807146
3.2568,0.792801,0.852588,0.701237,0.768941,0.74321,0.800953,0.936746,0.813521,0.818297,0.807302
3.257,0.792855,0.8526,0.699665,0.768306,0.742013,0.801134,0.937445,0.814479,0.818662,0.808152
3.2572,0.792316,0.853585,0.698808,0.767187,0.741597,0.801471,0.938535,0.815261,0.818882,0.809355
3.2574,0.791349,0.854349,0.69907,0.766052,0.742274,0.801608,0.940348,0.814568,0.81942,0.810381
3.2576,0.790683,0.8541,0.700126,0.764576,0.743377,0.801629,0.941221,0.813272,0.820113,0.810958
3.2578,0.790885,0.852832,0.701542,0.7632,0.7442,0.801712,0.940266,0.811799,0.820497,0.811174
3.258,0.791691,0.852016,0.70285,0.761938,0.744359,0.801985,0.938805,0.810401,0.820656,0.811332
3.2582,0.792509,0.852485,0.703407,0.760932,0.744039,0.802228,0.938748,0.809794,0.81987,0.811714
3.2584,0.79303,0.853983,0.703446,0.76039,0.743658,0.802235,0.940508,0.811421,0.818881,0.812519
3.2586,0.793321,0.855258,0.703399,0.759871,0.743356,0.801903,0.942378,0.814637,0.818868,0.813354
3.2588,0.793522,0.855923,0.703636,0.758842,0.743672,0.801424,0.942406,0.816777,0.819981,0.81394
3.259,0.793767,0.855959,0.70398,0.757438,0.744412,0.801358,0.942283,0.81643,0.821336,0.814516
3.2592,0.794021,0.855869,0.704455,0.75626,0.745294,0.801582,0.942449,0.814586,0.822147,0.815038
3.2594,0.793839,0.855951,0.705051,0.755544,0.745998,0.802134,0.94245,0.812747,0.822273,0.81598
3.2596,0.793652,0.856673,0.705307,0.755137,0.745932,0.802686,0.941995,0.812537,0.822265,0.81709
3.2598,0.793785,0.857795,0.705272,0.756086,0.745036,0.803286,0.942024,0.814935,0.822837,0.818268
3.26,0.793912,0.859455,0.705707,0.757822,0.744687,0.803483,0.942103,0.818752,0.823427,0.819123
3.2602,0.795167,0.861401,0.706706,0.758825,0.745251,0.803182,0.941572,0.821154,0.823849,0.819234
3.2604,0.79698,0.862766,0.707539,0.758534,0.746364,0.802111,0.94092,0.820903,0.823849,0.818752
3.2606,0.797417,0.863854,0.707704,0.757759,0.747175,0.801226,0.941507,0.818447,0.823877,0.818174
3.2608,0.79655,0.864945,0.707306,0.757275,0.747705,0.801523,0.94271,0.815859,0.824236,0.818119
3.261,0.794666,0.865991,0.706457,0.757378,0.74806,0.802552,0.943099,0.815298,0.824847,0.818932
3.2612,0.792371,0.86732,0.705452,0.758073,0.748874,0.803287,0.941836,0.817436,0.825117,0.820246
3.2614,0.791565,0.868715,0.705356,0.758665,0.750453,0.803712,0.940542,0.820536,0.824475,0.821456
3.2616,0.792776,0.869568,0.706565,0.758584,0.751207,0.803348,0.940597,0.822788,0.823215,0.822097
3.2618,0.794981,0.869855,0.708034,0.758293,0.750935,0.802396,0.941133,0.822904,0.821861,0.822241
3.262,0.796187,0.870592,0.708591,0.758559,0.750288,0.801825,0.941351,0.821414,0.820934,0.822357
3.2622,0.795016,0.872224,0.707634,0.759257,0.749628,0.802312,0.941166,0.820186,0.820776,0.822813
3.2624,0.791929,0.874252,0.705584,0.759904,0.748974,0.803668,0.940798,0.82129,0.821829,0.823906
3.2626,0.789399,0.875813,0.703456,0.760038,0.748623,0.804853,0.941022,0.823467,0.822769,0.825483
3.2628,0.790649,0.876413,0.702161,0.759518,0.748865,0.80555,0.941714,0.82463,0.822305,0.827135
3.263,0.795259,0.876351,0.70217,0.758945,0.749588,0.805691,0.941196,0.824303,0.8205,0.82867
3.2632,0.799712,0.876418,0.702998,0.759282,0.750441,0.805335,0.941141,0.823464,0.817777,0.829939
3.2634,0.801105,0.876937,0.70395,0.760489,0.751112,0.805082,0.942299,0.823421,0.815639,0.830887
3.2636,0.799211,0.878322,0.704379,0.761668,0.751433,0.805455,0.943898,0.824495,0.814911,0.831746
3.2638,0.79638,0.88023,0.703986,0.762097,0.751399,0.80621,0.944704,0.826707,0.815193,0.832807
3.264,0.79485,0.881519,0.702619,0.761613,0.751331,0.807264,0.944289,0.828527,0.815396,0.834178
3.2642,0.795209,0.881936,0.700785,0.760449,0.751783,0.807917,0.943943,0.82915,0.814751,0.835745
3.2644,0.796928,0.881457,0.699252,0.759402,0.752942,0.807721,0.944028,0.829344,0.812997,0.837073
3.2646,0.798642,0.880504,0.698528,0.759124,0.754138,0.80679,0.9444,0.829118,0.811356,0.83801
3.2648,0.798987,0.879916,0.698945,0.759871,0.754859,0.805798,0.944012,0.828529,0.810481,0.838522
3.265,0.798148,0.880509,0.699954,0.760594,0.754808,0.805239,0.943768,0.828015,0.810274,0.838817
3.2652,0.797578,0.881779,0.700638,0.76011,0.754086,0.805259,0.945114,0.828115,0.810129,0.839339
3.2654,0.797637,0.882849,0.700407,0.758419,0.753321,0.805689,0.946386,0.828618,0.809528,0.840292
3.2656,0.79828,0.882977,0.699437,0.756124,0.753176,0.806123,0.945654,0.829162,0.808475,0.841608
3.2658,0.79878,0.882563,0.698432,0.753926,0.753814,0.806207,0.943454,0.829907,0.8073,0.842974
3.266,0.798403,0.881587,0.698043,0.752477,0.75485,0.806032,0.942074,0.83018,0.806312,0.843831
3.2662,0.797349,0.880377,0.698551,0.751885,0.755713,0.80556,0.942802,0.829662,0.805864,0.844046
3.2664,0.796441,0.879367,0.699481,0.751479,0.755939,0.804905,0.944689,0.828826,0.80613,0.84378
3.2666,0.796192,0.878727,0.699977,0.750873,0.7554,0.804974,0.946183,0.828199,0.806593,0.843449
3.2668,0.79662,0.878719,0.699944,0.749676,0.754472,0.806002,0.946369,0.82787,0.806658,0.843477
3.267,0.797259,0.878919,0.699875,0.748099,0.753747,0.806983,0.945323,0.828245,0.806643,0.843706
3.2672,0.797286,0.879089,0.699815,0.746609,0.75339,0.807336,0.944107,0.828962,0.806841,0.843559
3.2674,0.796407,0.878716,0.699632,0.745084,0.753102,0.806301,0.944627,0.829114,0.807141,0.842793
3.2676,0.795409,0.877376,0.699228,0.743589,0.752541,0.805136,0.945054,0.828383,0.807055,0.841471
3.2678,0.795057,0.875324,0.698642,0.742362,0.751351,0.805067,0.944414,0.826563,0.806807,0.840055
3.268,0.794864,0.873764,0.698084,0.741534,0.749489,0.805903,0.943546,0.824242,0.806533,0.83902
3.2682,0.793931,0.873323,0.697812,0.740958,0.747496,0.80635,0.942236,0.822331,0.806274,0.838581
3.2684,0.792273,0.873276,0.697997,0.740387,0.745997,0.806135,0.940521,0.821843,0.806399,0.838198
3.2686,0.790265,0.873237,0.698546,0.739743,0.745183,0.80519,0.940684,0.822273,0.807156,0.837657
3.2688,0.788619,0.872556,0.699133,0.739098,0.744836,0.804327,0.942,0.823051,0.808065,0.836388
3.269,0.787724,0.871081,0.699464,0.738681,0.744371,0.804017,0.942333,0.822972,0.808565,0.834616
3.2692,0.78781,0.869152,0.699343,0.738659,0.743246,0.804594,0.940899,0.822065,0.808671,0.832687
3.2694,0.788064,0.86818,0.69877,0.738979,0.741294,0.805419,0.93941,0.821031,0.808369,0.830898
3.2696,0.787084,0.868499,0.698091,0.739203,0.738838,0.80534,0.938721,0.819915,0.807629,0.829659
3.2698,0.78476,0.869215,0.697874,0.738943,0.736687,0.804574,0.939299,0.818958,0.807288,0.828842
3.27,0.782025,0.869228,0.698116,0.738638,0.735406,0.803622,0.939786,0.817883,0.807865,0.827878
3.2702,0.779843,0.86813,0.698434,0.738954,0.734766,0.8028,0.939714,0.81749,0.808663,0.826608
3.2704,0.778637,0.865894,0.698453,0.73969,0.734062,0.802267,0.938892,0.817595,0.80871,0.824992
3.2706,0.778249,0.863472,0.697855,0.740301,0.732855,0.802222,0.937314,0.817548,0.807382,0.823321
3.2708,0.777791,0.861615,0.696554,0.74017,0.731328,0.802633,0.935404,0.816828,0.805082,0.822193
3.271,0.776627,0.860973,0.695214,0.739273,0.730028,0.803081,0.934027,0.81595,0.802797,0.821737
3.2712,0.77477,0.860869,0.694616,0.738272,0.729374,0.803124,0.933853,0.815446,0.801616,0.821729
3.2714,0.772781,0.860897,0.695122,0.73798,0.72931,0.802729,0.935861,0.815218,0.80172,0.821953
3.2716,0.771394,0.8609,0.697302,0.738664,0.729501,0.802234,0.937512,0.815295,0.802369,0.821828
3.2718,0.770986,0.860544,0.699889,0.739842,0.729759,0.80192,0.938001,0.815817,0.802392,0.821151
3.272,0.771324,0.860001,0.701012,0.740811,0.729882,0.801951,0.937603,0.816835,0.800909,0.82047
3.2722,0.771796,0.858772,0.700474,0.741146,0.729536,0.802017,0.936402,0.817423,0.799889,0.820282
3.2724,0.772043,0.857106,0.698833,0.740735,0.729122,0.80177,0.934213,0.816623,0.799817,0.820648
3.2726,0.771939,0.856173,0.697118,0.740085,0.729057,0.801525,0.932019,0.815281,0.799881,0.821224
3.2728,0.771185,0.856116,0.696518,0.739837,0.729136,0.80101,0.931689,0.814264,0.800291,0.821127
3.273,0.770641,0.856766,0.697313,0.739884,0.729008,0.800201,0.932163,0.813824,0.800315,0.820301
3.2732,0.771026,0.857308,0.698639,0.739846,0.728558,0.799274,0.93192,0.814359,0.799367,0.819235
3.2734,0.772002,0.857515,0.699229,0.739249,0.727855,0.798761,0.929722,0.815466,0.797771,0.818578
3.2736,0.772611,0.857104,0.699117,0.73805,0.727186,0.798956,0.926437,0.816827,0.796512,0.818917
3.2738,0.772589,0.856222,0.698286,0.736962,0.727152,0.799524,0.925547,0.816936,0.797176,0.820138
3.274,0.772307,0.85537,0.697024,0.736351,0.727866,0.799865,0.927742,0.815206,0.799063,0.82158
3.2742,0.772599,0.854942,0.695309,0.735883,0.728809,0.799731,0.929968,0.813098,0.800858,0.82267
3.2744,0.773471,0.855543,0.694121,0.735457,0.729477,0.799318,0.929669,0.812133,0.80133,0.823051
3.2746,0.774747,0.857221,0.693684,0.735239,0.729717,0.799087,0.927613,0.812751,0.800457,0.822856
3.2748,0.775714,0.858682,0.694364,0.736317,0.729479,0.799032,0.926292,0.81401,0.799757,0.82279
3.275,0.775326,0.858696,0.695769,0.737952,0.729143,0.798922,0.926382,0.815649,0.800138,0.823275
3.2752,0.7744,0.857789,0.696526,0.738196,0.72972,0.798968,0.927176,0.816721,0.80084,0.824375
3.2754,0.773685,0.856737,0.695894,0.736416,0.73116,0.798741,0.926962,0.816531,0.801808,0.825767
3.2756,0.773678,0.8563,0.694188,0.734199,0.732378,0.798337,0.927065,0.815378,0.802961,0.826782
3.2758,0.774363,0.856987,0.692369,0.732916,0.7327,0.797975,0.929099,0.813675,0.803463,0.826997
3.276,0.775532,0.858357,0.691232,0.732652,0.731908,0.79791,0.931074,0.812587,0.803457,0.826613
3.2762,0.776776,0.859682,0.691103,0.732994,0.731137,0.79808,0.930397,0.812928,0.803028,0.826289
3.2764,0.77767,0.859644,0.691917,0.733494,0.732271,0.798443,0.928024,0.81423,0.802767,0.826961
3.2766,0.778338,0.857952,0.693024,0.735028,0.734724,0.798807,0.926566,0.81567,0.803438,0.828272
3.2768,0.778955,0.855533,0.693693,0.736704,0.736231,0.79885,0.927824,0.816546,0.804179,0.829779
3.277,0.779396,0.854057,0.693691,0.737134,0.736577,0.798753,0.929583,0.816726,0.804766,0.830834
3.2772,0.779727,0.854417,0.693226,0.736695,0.735696,0.798896,0.930709,0.81677,0.805206,0.831417
3.2774,0.780132,0.856379,0.692729,0.736103,0.733604,0.799416,0.931231,0.817203,0.805778,0.831546
3.2776,0.780905,0.858323,0.692484,0.735822,0.731742,0.800031,0.931417,0.817728,0.806643,0.83167
3.2778,0.782211,0.859257,0.692291,0.736087,0.732461,0.800144,0.931546,0.818708,0.807316,0.83247
3.278,0.783728,0.858803,0.692321,0.73652,0.735142,0.799615,0.930753,0.820832,0.806787,0.8337
3.2782,0.78471,0.857337,0.6927,0.736926,0.737275,0.799015,0.929306,0.822524,0.805211,0.835317
3.2784,0.784732,0.857472,0.69322,0.737649,0.737144,0.798671,0.928727,0.822089,0.803235,0.836861
3.2786,0.783902,0.859956,0.693458,0.738536,0.735406,0.79902,0.930242,0.820461,0.801737,0.837531
3.2788,0.783068,0.863397,0.693199,0.739049,0.734086,0.800111,0.931495,0.818474,0.801682,0.838025
3.279,0.782931,0.865597,0.692623,0.73923,0.735248,0.801257,0.930981,0.817419,0.803118,0.838431
3.2792,0.78362,0.865552,0.692129,0.739117,0.73831,0.801363,0.930033,0.817919,0.805508,0.839063
3.2794,0.784659,0.864241,0.692031,0.738887,0.74131,0.800409,0.929163,0.819773,0.807531,0.840446
3.2796,0.786589,0.863212,0.692367,0.738753,0.742712,0.799476,0.929844,0.820731,0.808173,0.842143
3.2798,0.788047,0.863643,0.69299,0.738885,0.742345,0.799372,0.930868,0.819397,0.807852,0.843915
3.28,0.787514,0.865738,0.693695,0.739439,0.741294,0.800196,0.931463,0.816165,0.807279,0.845493
3.2802,0.785537,0.868122,0.694135,0.740238,0.740737,0.80085,0.932244,0.813033,0.807434,0.846575
3.2804,0.783022,0.86945,0.693944,0.740876,0.741333,0.800712,0.93347,0.811471,0.808086,0.847642
3.2806,0.781138,0.8697,0.693373,0.740944,0.742893,0.800418,0.932751,0.811261,0.808662,0.848717
3.2808,0.780403,0.869496,0.692957,0.740473,0.744166,0.800539,0.929435,0.811626,0.808694,0.849537
3.281,0.780398,0.869426,0.692796,0.74,0.744404,0.800865,0.926361,0.811342,0.808218,0.850499
3.2812,0.780383,0.869667,0.692833,0.739943,0.743944,0.801114,0.927295,0.809402,0.807713,0.851486
3.2814,0.779839,0.870035,0.692888,0.740069,0.743825,0.801422,0.930023,0.806542,0.807482,0.852155
3.2816,0.778873,0.870197,0.692669,0.739794,0.74442,0.801318,0.930881,0.803982,0.807352,0.852843
3.2818,0.777555,0.869912,0.692335,0.73909,0.745804,0.800813,0.929894,0.803019,0.806809,0.853496
3.282,0.776151,0.869628,0.692141,0.738275,0.747093,0.800089,0.928766,0.803405,0.805708,0.854185
3.2822,0.775121,0.869936,0.692463,0.737818,0.747831,0.800117,0.928443,0.804036,0.803918,0.855042
3.2824,0.774748,0.870664,0.692886,0.7375,0.747694,0.801002,0.927789,0.803896,0.802343,0.855808
3.2826,0.774838,0.871378,0.69263,0.736845,0.747195,0.801985,0.925966,0.802746,0.801819,0.85655
3.2828,0.774899,0.87187,0.691675,0.735859,0.747104,0.802308,0.924236,0.801118,0.802092,0.857182
3.283,0.774546,0.871914,0.690627,0.735051,0.747712,0.801551,0.923252,0.800001,0.802174,0.857472
3.2832,0.773821,0.871403,0.689778,0.734364,0.748589,0.800336,0.923452,0.800177,0.80128,0.857835
3.2834,0.773155,0.870843,0.689774,0.733862,0.748966,0.799749,0.922393,0.801418,0.799273,0.8583
3.2836,0.77307,0.870819,0.690202,0.73376,0.748589,0.79998,0.919028,0.802554,0.796954,0.858455
3.2838,0.773445,0.871276,0.690191,0.733373,0.747522,0.800883,0.915484,0.802924,0.79498,0.858064
3.284,0.773615,0.871175,0.689486,0.732444,0.746431,0.802014,0.913053,0.803042,0.793837,0.857043
3.2842,0.773553,0.869792,0.688345,0.731214,0.745639,0.802473,0.911974,0.803094,0.793386,0.856033
3.2844,0.773519,0.867218,0.687191,0.730296,0.745502,0.801638,0.91071,0.802949,0.792946,0.855118
3.2846,0.773214,0.864327,0.686433,0.729902,0.745298,0.800047,0.908463,0.802546,0.792156,0.85443
3.2848,0.772427,0.8625,0.686243,0.729811,0.744497,0.798849,0.905575,0.801883,0.79094,0.853919
3.285,0.771425,0.862156,0.68648,0.729667,0.742898,0.798628,0.902747,0.801216,0.789606,0.853153
3.2852,0.770553,0.862384,0.686845,0.729279,0.741175,0.799197,0.900811,0.80097,0.788604,0.851903
3.2854,0.770045,0.86177,0.687098,0.728801,0.739454,0.799969,0.900603,0.801328,0.788197,0.850295
3.2856,0.770003,0.859823,0.687169,0.72849,0.738245,0.800359,0.900671,0.801956,0.788369,0.848476
3.2858,0.77026,0.85707,0.687195,0.728497,0.737419,0.799664,0.899514,0.802387,0.78885,0.847012
3.286,0.770452,0.854652,0.687237,0.728805,0.736884,0.798856,0.897364,0.80246,0.789214,0.845899
3.2862,0.770379,0.853453,0.687253,0.729233,0.736043,0.79908,0.895559,0.802199,0.789116,0.845467
3.2864,0.770072,0.852817,0.687424,0.729222,0.734041,0.799766,0.895394,0.801715,0.788769,0.845317
3.2866,0.769548,0.851736,0.687965,0.728959,0.731345,0.799874,0.896792,0.801323,0.788785,0.844636
3.2868,0.768823,0.849828,0.688405,0.729309,0.729324,0.799139,0.897505,0.801214,0.789092,0.842914
3.287,0.768276,0.847169,0.688446,0.73054,0.728448,0.798073,0.896514,0.801064,0.789483,0.840497
3.2872,0.76818,0.844384,0.68793,0.731697,0.728119,0.797088,0.895518,0.800594,0.789535,0.838299
3.2874,0.768019,0.842207,0.687102,0.73224,0.727428,0.796996,0.894679,0.799693,0.788985,0.836979
3.2876,0.767114,0.840994,0.686475,0.731769,0.725952,0.798038,0.893382,0.798348,0.788154,0.83669
3.2878,0.765596,0.840523,0.686442,0.731019,0.724113,0.798575,0.89179,0.797032,0.787692,0.837052
3.288,0.763879,0.840233,0.686952,0.730738,0.722788,0.798114,0.890264,0.796045,0.787928,0.837387
3.2882,0.762972,0.839679,0.687663,0.731594,0.722378,0.796699,0.889365,0.795205,0.788684,0.837247
3.2884,0.762629,0.838813,0.6882,0.732976,0.722657,0.795197,0.889297,0.794105,0.789631,0.836598
3.2886,0.762809,0.83814,0.688276,0.734435,0.722866,0.79421,0.889638,0.792331,0.790412,0.835871
3.2888,0.762556,0.837824,0.687868,0.73518,0.722987,0.793218,0.889787,0.791636,0.790963,0.835572
3.289,0.76154,0.837664,0.687283,0.735096,0.722888,0.79248,0.889865,0.792365,0.791458,0.835752
3.2892,0.761624,0.838216,0.687029,0.734088,0.722684,0.792274,0.890223,0.792796,0.792224,0.836069
3.2894,0.763739,0.839254,0.687072,0.733016,0.72252,0.792077,0.890819,0.792102,0.792562,0.836287
3.2896,0.765756,0.839848,0.687143,0.732301,0.722616,0.791856,0.891341,0.790263,0.792173,0.836268
3.2898,0.765617,0.839368,0.687247,0.732062,0.72289,0.791666,0.891709,0.787777,0.791069,0.835927
3.29,0.763842,0.838554,0.687063,0.732513,0.723116,0.791161,0.891092,0.785812,0.790134,0.835761
3.2902,0.761842,0.838443,0.686877,0.73371,0.723341,0.790214,0.889038,0.784909,0.789634,0.836002
3.2904,0.760582,0.839384,0.686657,0.734571,0.723648,0.78914,0.886492,0.786467,0.791007,0.836588
3.2906,0.760703,0.841205,0.686104,0.733956,0.724101,0.788406,0.884765,0.789086,0.793886,0.837377
3.2908,0.761954,0.843458,0.685361,0.73221,0.724579,0.788218,0.884342,0.790089,0.796375,0.837919
3.291,0.763575,0.844739,0.68438,0.730123,0.725083,0.788422,0.884376,0.789023,0.797069,0.838065
3.2912,0.764866,0.844578,0.683261,0.729525,0.725414,0.788694,0.883376,0.787762,0.795932,0.838077
3.2914,0.765529,0.843494,0.682515,0.730107,0.72608,0.788546,0.88124,0.787515,0.793926,0.838168
3.2916,0.765938,0.842247,0.682503,0.730358,0.727732,0.788073,0.878106,0.789037,0.793326,0.838809
3.2918,0.766285,0.842138,0.682784,0.730296,0.729465,0.787481,0.876183,0.790809,0.794823,0.84001
3.292,0.766829,0.843464,0.683047,0.7304,0.730467,0.786997,0.876188,0.791003,0.797443,0.840805
3.2922,0.767256,0.845325,0.682993,0.730332,0.730291,0.787203,0.87642,0.789785,0.79942,0.841108
3.2924,0.767122,0.847208,0.682555,0.730092,0.729275,0.787687,0.874807,0.789144,0.799495,0.840777
3.2926,0.766478,0.848333,0.681893,0.72945,0.728447,0.787916,0.871956,0.790017,0.797959,0.840292
3.2928,0.765646,0.848432,0.681401,0.728375,0.7287,0.787848,0.869573,0.791517,0.795925,0.840397
3.293,0.764945,0.848523,0.682084,0.727536,0.730358,0.787449,0.870203,0.792558,0.795172,0.841621
3.2932,0.765396,0.849514,0.683521,0.728712,0.732968,0.787233,0.872187,0.792611,0.795947,0.843147
3.2934,0.768438,0.85166,0.684566,0.731659,0.735421,0.787126,0.871634,0.791687,0.797205,0.844028
3.2936,0.771686,0.853959,0.684783,0.734193,0.736521,0.787475,0.868241,0.790678,0.797868,0.843795
3.2938,0.772499,0.855452,0.684576,0.734879,0.735677,0.78853,0.864853,0.790775,0.796839,0.842542
3.294,0.770883,0.855815,0.684375,0.733975,0.734343,0.789942,0.863898,0.792261,0.794594,0.84157
3.2942,0.76763,0.855865,0.684238,0.73257,0.734519,0.790437,0.865287,0.794007,0.792231,0.841513
3.2944,0.764846,0.856404,0.684265,0.731903,0.736829,0.789563,0.86673,0.795057,0.790932,0.842962
3.2946,0.76464,0.857849,0.684603,0.733264,0.739749,0.787752,0.866992,0.794921,0.790956,0.845214
3.2948,0.768394,0.860129,0.685021,0.735704,0.741123,0.786142,0.86657,0.793907,0.791638,0.84675
3.295,0.772858,0.86218,0.685517,0.737778,0.740602,0.786112,0.866327,0.792946,0.791713,0.84682
3.2952,0.773793,0.863127,0.685896,0.738139,0.73933,0.787482,0.866271,0.792761,0.790411,0.845675
3.2954,0.770023,0.862702,0.686232,0.736943,0.738502,0.788758,0.866549,0.793471,0.788513,0.844687
3.2956,0.764122,0.861168,0.686689,0.735726,0.738283,0.788872,0.867493,0.794486,0.786931,0.844934
3.2958,0.760501,0.859699,0.686952,0.735111,0.738618,0.787875,0.86877,0.794603,0.786477,0.846472
3.296,0.762625,0.859408,0.686779,0.735261,0.739215,0.786669,0.869179,0.793757,0.787409,0.848764
3.2962,0.768255,0.86084,0.686143,0.735936,0.739607,0.786097,0.868539,0.791901,0.788553,0.850891
3.2964,0.772724,0.862575,0.685477,0.736514,0.739592,0.786479,0.868343,0.790167,0.788994,0.852122
3.2966,0.773478,0.862936,0.685245,0.736639,0.739423,0.787451,0.868676,0.789137,0.788597,0.852656
3.2968,0.77189,0.861285,0.685298,0.736568,0.739536,0.788158,0.868852,0.788445,0.787828,0.853059
3.297,0.769854,0.85863,0.685693,0.736542,0.740128,0.788174,0.868804,0.787965,0.787391,0.853901
3.2972,0.76898,0.856559,0.686426,0.736537,0.740821,0.788045,0.869279,0.786912,0.787592,0.855311
3.2974,0.769935,0.855829,0.686882,0.736313,0.741162,0.787758,0.870803,0.785513,0.788123,0.856868
3.2976,0.771086,0.85642,0.686448,0.736008,0.741056,0.787364,0.873249,0.784032,0.788726,0.858101
3.2978,0.771159,0.857165,0.685562,0.73587,0.740737,0.787152,0.875027,0.783253,0.789276,0.85867
3.298,0.770933,0.856889,0.685112,0.73589,0.740518,0.786912,0.874909,0.783442,0.789585,0.858569
3.2982,0.77159,0.855371,0.685399,0.736182,0.740508,0.786574,0.874352,0.784133,0.78949,0.858474
3.2984,0.772408,0.853221,0.686005,0.736661,0.740567,0.786747,0.874208,0.785502,0.788873,0.858765
3.2986,0.772965,0.851493,0.686328,0.736875,0.740406,0.787176,0.873966,0.78702,0.787753,0.859548
3.2988,0.77278,0.850903,0.68602,0.736473,0.739975,0.787919,0.873928,0.787746,0.786463,0.860762
3.299,0.772304,0.851324,0.685295,0.735527,0.739489,0.788843,0.873167,0.787364,0.78556,0.861881
3.2992,0.771877,0.852071,0.684826,0.73457,0.739225,0.788957,0.87162,0.786502,0.785427,0.862588
3.2994,0.772063,0.85243,0.685037,0.734242,0.739352,0.788252,0.870467,0.786512,0.785859,0.862816
3.2996,0.772592,0.852116,0.685695,0.734695,0.739769,0.786863,0.869516,0.78762,0.786292,0.862654
3.2998,0.773176,0.851367,0.686147,0.735555,0.740072,0.785813,0.868645,0.788275,0.78629,0.862492
3.3,0.773212,0.850542,0.685986,0.736221,0.73975,0.785202,0.866742,0.788376,0.785656,0.862731
3.3002,0.772047,0.850081,0.685519,0.736174,0.738783,0.784797,0.86327,0.788482,0.784508,0.862912
3.3004,0.770068,0.850148,0.685013,0.735134,0.737801,0.784984,0.860196,0.788247,0.783261,0.862596
3.3006,0.768494,0.85048,0.684861,0.733582,0.737097,0.785037,0.858045,0.787225,0.782794,0.861577
3.3008,0.768362,0.85038,0.684692,0.732595,0.736923,0.784454,0.856744,0.786312,0.783036,0.859734
3.301,0.769207,0.849577,0.68452,0.732968,0.736613,0.783717,0.85544,0.786163,0.783473,0.857962
3.3012,0.769958,0.848254,0.683965,0.733989,0.735552,0.783321,0.853044,0.786296,0.783079,0.856825
3.3014,0.76994,0.847192,0.683256,0.734129,0.733619,0.783507,0.849538,0.786442,0.781775,0.856252
3.3016,0.768804,0.846716,0.682765,0.732922,0.731193,0.784097,0.846664,0.786771,0.779793,0.855878
3.3018,0.767231,0.847165,0.682634,0.730999,0.729588,0.784856,0.84529,0.787055,0.77797,0.855275
3.302,0.765883,0.847879,0.682507,0.728904,0.728767,0.785501,0.844895,0.786946,0.777005,0.853662
3.3022,0.765596,0.8487,0.682544,0.727432,0.728212,0.785622,0.84449,0.786563,0.777303,0.851483
3.3024,0.766298,0.848861,0.68219,0.72702,0.727047,0.785317,0.843492,0.786323,0.777906,0.849175
3.3026,0.766951,0.848199,0.681632,0.726888,0.725162,0.784994,0.842211,0.786579,0.777867,0.847256
3.3028,0.767155,0.847026,0.681067,0.726113,0.722763,0.784709,0.84152,0.787408,0.776315,0.846247
3.303,0.766846,0.845817,0.680497,0.724541,0.720437,0.7845,0.842122,0.78842,0.773721,0.845614
3.3032,0.765668,0.844764,0.680109,0.722716,0.718754,0.784291,0.843792,0.789037,0.771389,0.844793
3.3034,0.764011,0.844333,0.679777,0.721128,0.717795,0.784299,0.845293,0.788898,0.770115,0.843583
3.3036,0.762988,0.843886,0.679467,0.72027,0.717279,0.784436,0.845611,0.787957,0.76998,0.841796
3.3038,0.762746,0.843016,0.678945,0.720492,0.71671,0.784557,0.845314,0.786668,0.770306,0.840101
3.304,0.762774,0.841704,0.678187,0.720961,0.715672,0.784296,0.844679,0.785874,0.770265,0.839004
3.3042,0.762975,0.840327,0.677409,0.720619,0.71424,0.783699,0.844017,0.785832,0.769444,0.838516
3.3044,0.762827,0.839011,0.676929,0.719382,0.712885,0.782898,0.843917,0.786238,0.768163,0.838586
3.3046,0.761969,0.837785,0.676936,0.7181,0.712028,0.7828,0.844237,0.786205,0.767113,0.838801
3.3048,0.760633,0.836598,0.677316,0.717382,0.711736,0.783581,0.844604,0.785204,0.766897,0.838772
3.305,0.759454,0.835604,0.677787,0.717338,0.711811,0.783693,0.845021,0.783364,0.767623,0.838413
3.3052,0.758916,0.834341,0.67811,0.718405,0.712216,0.782789,0.845347,0.781726,0.768805,0.837816
3.3054,0.759074,0.834141,0.678142,0.719857,0.712592,0.782049,0.845481,0.779957,0.769947,0.837452
3.3056,0.759564,0.834798,0.677817,0.720641,0.712348,0.782013,0.845902,0.778502,0.77042,0.83743
3.3058,0.760043,0.834774,0.677564,0.720582,0.711773,0.781927,0.847106,0.77788,0.77023,0.837471
3.306,0.759921,0.834113,0.67788,0.720356,0.711617,0.781087,0.848666,0.778293,0.770218,0.837309
3.3062,0.759702,0.832817,0.678481,0.72021,0.711868,0.779843,0.849377,0.779228,0.770798,0.836578
3.3064,0.759871,0.831144,0.678766,0.720287,0.712,0.779047,0.849674,0.780279,0.77165,0.83568
3.3066,0.760068,0.82961,0.678451,0.720476,0.711593,0.778953,0.850064,0.780737,0.772146,0.835196
3.3068,0.759874,0.82877,0.677784,0.720335,0.710689,0.779046,0.849245,0.779752,0.771788,0.835329
3.307,0.759231,0.828805,0.677323,0.720144,0.710309,0.778758,0.847225,0.777953,0.7709,0.836095
3.3072,0.758237,0.829237,0.677442,0.720605,0.711224,0.777918,0.845411,0.776827,0.770187,0.837055
3.3074,0.75732,0.82927,0.678126,0.721784,0.712442,0.776757,0.844719,0.776834,0.77029,0.83776
3.3076,0.756743,0.828706,0.679045,0.72314,0.713581,0.775881,0.844919,0.778044,0.771282,0.838191
3.3078,0.755695,0.828102,0.679977,0.723866,0.714572,0.775707,0.845032,0.779316,0.772596,0.838371
3.308,0.75389,0.828037,0.680462,0.724313,0.715123,0.775815,0.843955,0.780184,0.773644,0.83855
3.3082,0.751774,0.828694,0.680642,0.725089,0.715127,0.776041,0.842491,0.780896,0.774054,0.83912
3.3084,0.749727,0.829892,0.680214,0.725698,0.715532,0.776088,0.839912,0.781775,0.773602,0.840144
3.3086,0.748263,0.831334,0.679557,0.725656,0.716569,0.775996,0.836973,0.782497,0.772715,0.840988
3.3088,0.748449,0.83228,0.67887,0.724924,0.717806,0.77561,0.834953,0.782653,0.77228,0.841665
3.309,0.750314,0.832357,0.678226,0.723984,0.718598,0.774774,0.834524,0.781827,0.772774,0.841716
3.3092,0.753295,0.832075,0.677843,0.723408,0.719031,0.773954,0.834616,0.7803,0.77369,0.841365
3.3094,0.755917,0.832087,0.677982,0.72346,0.719561,0.773569,0.833303,0.779106,0.774223,0.84134
3.3096,0.756593,0.832756,0.679469,0.723811,0.720101,0.774223,0.831052,0.778594,0.774269,0.8418
3.3098,0.755376,0.834117,0.681971,0.724256,0.720707,0.775198,0.829419,0.778305,0.77536,0.842566
3.31,0.753368,0.836213,0.683417,0.725804,0.721582,0.77624,0.829332,0.77809,0.7773,0.843571
3.3102,0.752003,0.838471,0.683424,0.727268,0.722987,0.776794,0.829667,0.77756,0.779103,0.84413
3.3104,0.752131,0.840215,0.682548,0.726911,0.724107,0.776553,0.82908,0.776785,0.77986,0.844022
3.3106,0.753483,0.84094,0.68171,0.724958,0.724947,0.775704,0.827696,0.775161,0.779146,0.843705
3.3108,0.754991,0.841181,0.681539,0.722605,0.725528,0.774463,0.826606,0.773049,0.777958,0.843131
3.311,0.75566,0.84201,0.681918,0.720961,0.725898,0.77362,0.826575,0.770575,0.777657,0.84341
3.3112,0.755379,0.843086,0.682764,0.721012,0.726814,0.773497,0.827723,0.768666,0.778624,0.844829
3.3114,0.754979,0.84397,0.683476,0.723484,0.728335,0.773861,0.829504,0.768267,0.780803,0.846481
3.3116,0.754943,0.845013,0.683282,0.725868,0.729861,0.774274,0.831139,0.768436,0.782901,0.847621
3.3118,0.755264,0.845538,0.682159,0.726014,0.730536,0.77454,0.832013,0.768289,0.783447,0.847626
3.312,0.755336,0.845101,0.680646,0.724033,0.730303,0.774804,0.83272,0.767338,0.782795,0.846882
3.3122,0.754966,0.843955,0.680063,0.721118,0.730335,0.775139,0.834074,0.76569,0.781825,0.846397
3.3124,0.753891,0.842843,0.681178,0.7187,0.731245,0.774836,0.83586,0.764379,0.781269,0.84672
3.3126,0.753437,0.84252,0.682507,0.718904,0.732697,0.773728,0.836681,0.763928,0.781877,0.847961
3.3128,0.754484,0.843296,0.68254,0.721741,0.733932,0.772505,0.835872,0.763877,0.782973,0.849818
3.313,0.755878,0.844826,0.681194,0.724871,0.734401,0.772166,0.834684,0.763786,0.783679,0.851524
3.3132,0.755691,0.846395,0.679311,0.726134,0.734146,0.77292,0.835347,0.763457,0.783645,0.852655
3.3134,0.753582,0.84739,0.678136,0.725072,0.733569,0.774051,0.837485,0.763083,0.783022,0.853283
3.3136,0.750241,0.847735,0.678351,0.722849,0.733306,0.774523,0.839382,0.762925,0.782228,0.853734
3.3138,0.747406,0.847559,0.679997,0.721244,0.734251,0.774537,0.840138,0.763151,0.781754,0.854475
3.314,0.746134,0.847335,0.682241,0.721374,0.735665,0.774027,0.840365,0.763697,0.781954,0.85569
3.3142,0.746851,0.847839,0.683631,0.722815,0.736453,0.773194,0.84161,0.764028,0.782443,0.856993
3.3144,0.748456,0.849207,0.683693,0.724718,0.736493,0.772908,0.844091,0.764029,0.78261,0.857717
3.3146,0.749162,0.850583,0.682694,0.725937,0.73579,0.773303,0.846262,0.76435,0.782223,0.857759
3.3148,0.747761,0.851096,0.681414,0.726154,0.734891,0.773555,0.8467,0.765193,0.781295,0.857431
3.315,0.745074,0.850537,0.680415,0.726097,0.734504,0.77364,0.84564,0.765854,0.780027,0.857388
3.3152,0.742497,0.849442,0.680221,0.725937,0.734862,0.773383,0.845755,0.765734,0.779014,0.858081
3.3154,0.741951,0.848633,0.680445,0.72585,0.735464,0.773026,0.846437,0.764968,0.778688,0.859225
3.3156,0.743507,0.848717,0.680766,0.725664,0.735902,0.773028,0.847219,0.764102,0.77896,0.860395
3.3158,0.745536,0.849661,0.680673,0.725253,0.735347,0.773607,0.846338,0.763751,0.779303,0.861255
3.316,0.746206,0.850839,0.680658,0.724962,0.734522,0.774369,0.845234,0.764261,0.779258,0.861483
3.3162,0.745093,0.851583,0.680569,0.725119,0.734332,0.774465,0.845257,0.765402,0.778719,0.86122
3.3164,0.743177,0.851496,0.680693,0.725492,0.734558,0.773728,0.844353,0.766514,0.777999,0.860946
3.3166,0.741669,0.850617,0.680791,0.725676,0.734499,0.772425,0.841715,0.767063,0.777453,0.860934
3.3168,0.741422,0.849397,0.680356,0.725554,0.734361,0.77118,0.837743,0.766898,0.777194,0.861117
3.317,0.742192,0.848535,0.679554,0.725073,0.734012,0.771331,0.834505,0.766264,0.776973,0.860928
3.3172,0.7428,0.848361,0.678896,0.724195,0.733105,0.772492,0.832484,0.765753,0.776657,0.859936
3.3174,0.742796,0.848267,0.679007,0.723376,0.732108,0.773422,0.831917,0.765844,0.776178,0.858537
3.3176,0.74272,0.847844,0.679424,0.723032,0.731207,0.773387,0.831087,0.766293,0.775267,0.857222
3.3178,0.742983,0.846736,0.67963,0.722984,0.730343,0.772628,0.830502,0.766339,0.774325,0.85641
3.318,0.743322,0.845465,0.679216,0.722557,0.729579,0.77137,0.830952,0.765715,0.773293,0.856224
3.3182,0.743563,0.843967,0.678544,0.721028,0.728982,0.770725,0.83021,0.764526,0.772342,0.856018
3.3184,0.743526,0.842383,0.677879,0.718507,0.728434,0.770886,0.827978,0.76375,0.771471,0.855841
3.3186,0.742786,0.840492,0.677875,0.715679,0.727855,0.772015,0.825088,0.763452,0.771081,0.854811
3.3188,0.741759,0.838642,0.678924,0.714149,0.727255,0.773623,0.823228,0.763314,0.770598,0.852945
3.319,0.741356,0.836887,0.68034,0.714585,0.726442,0.774264,0.823095,0.762973,0.769467,0.851081
3.3192,0.741782,0.835449,0.681013,0.715781,0.72569,0.773501,0.823811,0.762472,0.767611,0.849495
3.3194,0.742514,0.834624,0.680616,0.71578,0.725475,0.771831,0.824246,0.761743,0.765339,0.848575
3.3196,0.743072,0.834447,0.679563,0.714224,0.725426,0.770458,0.82431,0.761041,0.76364,0.847953
3.3198,0.742999,0.834296,0.678651,0.711826,0.72537,0.769814,0.824561,0.761018,0.763193,0.846935
3.32,0.741991,0.833325,0.678875,0.709932,0.725223,0.769645,0.825369,0.760785,0.763431,0.845507
3.3202,0.740842,0.831883,0.680059,0.709155,0.724747,0.7699,0.825768,0.759826,0.764029,0.843707
3.3204,0.740695,0.830703,0.681212,0.709126,0.723922,0.770325,0.825919,0.758416,0.764058,0.841876
3.3206,0.74156,0.830265,0.681471,0.709156,0.72327,0.770761,0.826783,0.757112,0.762909,0.840661
3.3208,0.742278,0.83026,0.680639,0.708547,0.722663,0.770656,0.827956,0.756297,0.761068,0.840083
3.321,0.741583,0.83073,0.679354,0.70711,0.722346,0.770629,0.828093,0.755892,0.759379,0.839929
3.3212,0.739892,0.831224,0.678426,0.705293,0.722402,0.771086,0.82716,0.755572,0.758488,0.8399
3.3214,0.738398,0.83096,0.678303,0.703866,0.722339,0.771362,0.826147,0.755071,0.758602,0.839625
3.3216,0.737391,0.829938,0.678976,0.703418,0.722317,0.771468,0.826006,0.754437,0.759323,0.839051
3.3218,0.736645,0.828956,0.679973,0.704247,0.721414,0.770807,0.826713,0.75393,0.759956,0.838322
3.322,0.736019,0.828813,0.680515,0.706283,0.72004,0.769267,0.827453,0.754,0.759939,0.837832
3.3222,0.734912,0.828988,0.680208,0.707599,0.719126,0.767958,0.827433,0.754707,0.759278,0.837998
3.3224,0.734189,0.829223,0.679547,0.707144,0.718878,0.767648,0.827145,0.755404,0.758637,0.8385
3.3226,0.735426,0.829065,0.679056,0.705611,0.719437,0.767916,0.827781,0.755397,0.758471,0.83878
3.3228,0.737006,0.828288,0.678889,0.704256,0.720118,0.767876,0.829525,0.754926,0.758878,0.838353
3.323,0.737141,0.827578,0.67902,0.703815,0.720275,0.767421,0.831072,0.754658,0.759998,0.837819
3.3232,0.735401,0.827601,0.679025,0.7045,0.72031,0.766623,0.831244,0.754749,0.761085,0.837538
3.3234,0.732236,0.828236,0.678515,0.706094,0.720617,0.765505,0.829433,0.75499,0.761949,0.83744
3.3236,0.729062,0.828865,0.678489,0.707654,0.72113,0.764367,0.826927,0.755283,0.762366,0.83791
3.3238,0.728287,0.828873,0.67964,0.70875,0.721733,0.763837,0.825458,0.755415,0.762533,0.838811
3.324,0.731081,0.828379,0.68071,0.709038,0.722248,0.764028,0.824919,0.755873,0.763179,0.839871
3.3242,0.734936,0.828364,0.680684,0.709378,0.722621,0.764443,0.825221,0.75669,0.764036,0.840946
3.3244,0.736779,0.828812,0.680494,0.709352,0.723074,0.764609,0.825434,0.758069,0.764484,0.841306
3.3246,0.735628,0.829415,0.681048,0.709353,0.723802,0.764357,0.823732,0.759106,0.765121,0.841361
3.3248,0.733182,0.829916,0.681621,0.7098,0.724464,0.763782,0.819637,0.759264,0.766264,0.84133
3.325,0.731463,0.83039,0.681507,0.710308,0.724583,0.763206,0.815807,0.758166,0.767739,0.841338
3.3252,0.731897,0.830939,0.680762,0.7108,0.724309,0.763073,0.814554,0.755855,0.769434,0.841759
3.3254,0.733696,0.831537,0.679749,0.711524,0.723559,0.763289,0.815295,0.754146,0.770485,0.842189
3.3256,0.735438,0.832297,0.678842,0.712136,0.722717,0.763239,0.815185,0.753836,0.770803,0.842612
3.3258,0.735847,0.833495,0.678302,0.712599,0.722403,0.76249,0.812738,0.754781,0.770714,0.843175
3.326,0.735358,0.835372,0.678226,0.712819,0.722671,0.761117,0.808967,0.755844,0.770837,0.84382
3.3262,0.734878,0.837167,0.678353,0.712945,0.72378,0.759369,0.805649,0.756033,0.771607,0.845428
3.3264,0.734689,0.837583,0.678507,0.713614,0.724603,0.758194,0.804312,0.755516,0.773383,0.846915
3.3266,0.734561,0.836701,0.678739,0.71506,0.72457,0.758073,0.804423,0.755854,0.776204,0.847969
3.3268,0.734636,0.83539,0.678995,0.716736,0.723315,0.758506,0.804377,0.757259,0.778933,0.849148
3.327,0.735346,0.834742,0.679283,0.717517,0.721982,0.758482,0.803412,0.75847,0.779494,0.84991
3.3272,0.736373,0.836027,0.67951,0.717669,0.721341,0.757389,0.802721,0.758725,0.778226,0.851204
3.3274,0.737157,0.838487,0.679456,0.717441,0.721694,0.75577,0.802385,0.758172,0.77648,0.852504
3.3276,0.737136,0.84112,0.679123,0.717568,0.723871,0.75386,0.802274,0.757523,0.776069,0.853218
3.3278,0.736537,0.842673,0.679389,0.718253,0.7273,0.751892,0.802873,0.757724,0.777664,0.854214
3.328,0.736016,0.842143,0.680462,0.718896,0.72913,0.750326,0.803814,0.758774,0.779646,0.855257
3.3282,0.736169,0.841087,0.680998,0.718712,0.727664,0.749514,0.804866,0.759772,0.780417,0.856002
3.3284,0.736786,0.841218,0.680015,0.717703,0.724161,0.749309,0.806511,0.760664,0.779657,0.856694
3.3286,0.737236,0.843112,0.677918,0.716682,0.720656,0.749653,0.808194,0.761468,0.778016,0.856848
3.3288,0.737155,0.846161,0.675511,0.716298,0.719427,0.749704,0.808615,0.761981,0.776587,0.856872
3.329,0.73652,0.848843,0.673874,0.718099,0.720721,0.748778,0.808106,0.762132,0.776425,0.857664
3.3292,0.735607,0.849968,0.673884,0.721986,0.723479,0.747252,0.808421,0.762986,0.777753,0.859055
3.3294,0.734956,0.849579,0.674932,0.725103,0.725775,0.745946,0.809041,0.764305,0.77981,0.860934
3.3296,0.734834,0.848825,0.675784,0.725139,0.726185,0.745427,0.810137,0.76506,0.781159,0.862839
3.3298,0.735138,0.849032,0.675285,0.722033,0.725329,0.745783,0.811613,0.765297,0.780909,0.863855
3.33,0.735509,0.850661,0.673484,0.718604,0.724114,0.746518,0.81242,0.765494,0.779242,0.86425
3.3302,0.73565,0.852852,0.671267,0.71749,0.723161,0.747009,0.812075,0.765798,0.777837,0.864542
3.3304,0.735521,0.854163,0.669707,0.719143,0.722985,0.746994,0.811231,0.765625,0.777493,0.864596
3.3306,0.735329,0.854132,0.670017,0.72226,0.72385,0.746679,0.811327,0.766031,0.778371,0.864565
3.3308,0.735356,0.853015,0.671467,0.724609,0.725324,0.746514,0.813612,0.767535,0.77985,0.864693
3.331,0.735401,0.851532,0.672082,0.724446,0.726349,0.746604,0.817619,0.768774,0.780436,0.864519
3.3312,0.735263,0.850658,0.671058,0.722413,0.726496,0.746728,0.820963,0.76901,0.77985,0.864421
3.3314,0.735566,0.850595,0.669077,0.720252,0.726131,0.746762,0.821402,0.768517,0.778205,0.864586
3.3316,0.73629,0.850748,0.667188,0.719252,0.725512,0.746745,0.819175,0.76783,0.776444,0.864706
3.3318,0.737162,0.850736,0.666173,0.719447,0.72507,0.746512,0.816347,0.766846,0.77586,0.864574
3.332,0.737101,0.850021,0.666247,0.720367,0.724852,0.746224,0.81552,0.76575,0.776637,0.864301
3.3322,0.735882,0.848841,0.667016,0.721201,0.724751,0.746271,0.818027,0.764854,0.777913,0.863495
3.3324,0.733715,0.847909,0.6678,0.721343,0.724654,0.746713,0.821021,0.764153,0.779115,0.862321
3.3326,0.731907,0.847039,0.668134,0.720681,0.724708,0.747397,0.821338,0.763325,0.77917,0.860978
3.3328,0.731346,0.845911,0.667966,0.719568,0.724812,0.748107,0.819691,0.762241,0.778423,0.859769
3.333,0.732068,0.844691,0.667537,0.718703,0.724737,0.748702,0.817696,0.761418,0.777274,0.859102
3.3332,0.732599,0.843268,0.667141,0.718447,0.724151,0.749039,0.815787,0.760399,0.776732,0.858896
3.3334,0.732214,0.841758,0.666861,0.718567,0.723737,0.749133,0.814542,0.758956,0.776593,0.858461
3.3336,0.730308,0.840579,0.666876,0.719247,0.723489,0.749516,0.814173,0.75758,0.776599,0.857747
3.3338,0.727814,0.839807,0.667367,0.720068,0.723233,0.750072,0.813139,0.756498,0.776675,0.8564
3.334,0.72572,0.839013,0.667993,0.720378,0.723115,0.75051,0.811657,0.755446,0.776384,0.854586
3.3342,0.724914,0.837801,0.668374,0.720189,0.72302,0.75032,0.810256,0.754431,0.775756,0.853112
3.3344,0.725166,0.83607,0.668346,0.719482,0.723144,0.749502,0.80902,0.753446,0.775319,0.852276
3.3346,0.72539,0.834107,0.667949,0.718466,0.723376,0.748209,0.807576,0.752696,0.775261,0.851998
3.3348,0.724858,0.832419,0.667452,0.717823,0.723814,0.747039,0.805748,0.752,0.775648,0.85201
3.335,0.723586,0.831313,0.667228,0.717742,0.724338,0.746664,0.803716,0.751206,0.775857,0.851748
3.3352,0.722058,0.830795,0.667496,0.717911,0.724703,0.746948,0.80211,0.750365,0.775478,0.851066
3.3354,0.720879,0.830573,0.668159,0.717953,0.724795,0.746871,0.801695,0.749598,0.774835,0.850201
3.3356,0.720373,0.830219,0.668892,0.717296,0.724675,0.746425,0.802086,0.748979,0.774114,0.849274
3.3358,0.72042,0.82955,0.669267,0.716232,0.724521,0.745212,0.80215,0.748613,0.774102,0.848651
3.336,0.720631,0.828392,0.669014,0.714965,0.724574,0.743828,0.801326,0.74855,0.77431,0.848556
3.3362,0.720623,0.826922,0.668205,0.714622,0.724405,0.742793,0.80041,0.748792,0.774204,0.848593
3.3364,0.720263,0.825889,0.667271,0.714823,0.723662,0.74169,0.800328,0.749018,0.773584,0.848367
3.3366,0.719639,0.825637,0.666835,0.714529,0.722229,0.740758,0.801349,0.749062,0.772285,0.847811
3.3368,0.718935,0.825449,0.666864,0.713695,0.720514,0.740016,0.802631,0.749205,0.770846,0.846991
3.337,0.71847,0.824533,0.667253,0.712607,0.719181,0.739619,0.803351,0.749541,0.770329,0.846039
3.3372,0.718133,0.822724,0.667177,0.711698,0.718246,0.739195,0.803613,0.749334,0.770598,0.845214
3.3374,0.717619,0.820542,0.666747,0.711449,0.717717,0.738366,0.803184,0.748267,0.771411,0.844508
3.3376,0.716919,0.818857,0.665935,0.711596,0.717158,0.737167,0.802383,0.746707,0.77191,0.843999
3.3378,0.716154,0.818214,0.665105,0.711721,0.716589,0.736118,0.801588,0.745547,0.771962,0.843777
3.338,0.715494,0.818434,0.664329,0.711532,0.715377,0.735648,0.80101,0.745389,0.771993,0.843629
3.3382,0.715125,0.818925,0.664039,0.711102,0.713683,0.735879,0.80106,0.745988,0.772016,0.843457
3.3384,0.715112,0.819141,0.66394,0.711162,0.712178,0.736539,0.801468,0.746664,0.772099,0.843128
3.3386,0.71528,0.819205,0.664124,0.711807,0.712614,0.737175,0.801407,0.746963,0.772243,0.842858
3.3388,0.715389,0.819977,0.664382,0.712394,0.714652,0.737334,0.800845,0.746951,0.772261,0.842831
3.339,0.715582,0.821092,0.663958,0.711764,0.71579,0.736605,0.800707,0.746659,0.772023,0.842956
3.3392,0.71595,0.821267,0.662917,0.710107,0.714821,0.736016,0.802022,0.746484,0.771486,0.842711
3.3394,0.71634,0.820082,0.661717,0.70877,0.712418,0.736695,0.80445,0.746232,0.770658,0.841701
3.3396,0.716087,0.818149,0.660764,0.708232,0.710096,0.73823,0.806151,0.745951,0.769559,0.841137
3.3398,0.714962,0.816946,0.660226,0.708384,0.709582,0.739205,0.805752,0.745445,0.768412,0.841172
3.34,0.713323,0.817322,0.660082,0.709309,0.711025,0.738754,0.804208,0.745642,0.767789,0.841074
3.3402,0.711701,0.819006,0.661162,0.710119,0.713215,0.737087,0.803117,0.747079,0.768402,0.84095
3.3404,0.710874,0.820862,0.662828,0.710412,0.714494,0.735507,0.802922,0.749931,0.770895,0.840047
3.3406,0.710995,0.822042,0.663869,0.710386,0.713857,0.735269,0.803601,0.751599,0.773029,0.839388
3.3408,0.71161,0.82246,0.663914,0.710418,0.711874,0.736457,0.803306,0.74997,0.773607,0.839229
3.341,0.712103,0.822257,0.663672,0.710642,0.710012,0.73818,0.802497,0.745725,0.772993,0.838801
3.3412,0.711613,0.822538,0.664033,0.710915,0.709461,0.739436,0.801861,0.741414,0.771486,0.838516
3.3414,0.71025,0.823604,0.664842,0.711197,0.710777,0.739577,0.801373,0.739489,0.770478,0.839495
3.3416,0.708824,0.824908,0.665575,0.711701,0.713148,0.738693,0.801053,0.740558,0.770014,0.841436
3.3418,0.708122,0.826126,0.665852,0.711979,0.714753,0.737719,0.802381,0.743106,0.76958,0.843505
3.342,0.709753,0.827274,0.665528,0.712266,0.7148,0.73752,0.804947,0.744714,0.768799,0.844247
3.3422,0.712859,0.828104,0.665068,0.712835,0.713619,0.738247,0.807008,0.743891,0.767927,0.843149
3.3424,0.714465,0.828684,0.665187,0.713334,0.712098,0.739256,0.807895,0.741036,0.767467,0.841866
3.3426,0.713245,0.829106,0.665797,0.713226,0.711705,0.739711,0.807142,0.738233,0.76734,0.842355
3.3428,0.710138,0.82882,0.666384,0.712688,0.712365,0.739038,0.806709,0.737066,0.767784,0.844557
3.343,0.707155,0.828065,0.666638,0.712442,0.713045,0.737469,0.80868,0.737701,0.768348,0.84796
3.3432,0.706174,0.827129,0.666335,0.713191,0.712956,0.73633,0.811545,0.738665,0.768478,0.850685
3.3434,0.707384,0.826639,0.665845,0.7145,0.712082,0.736456,0.81317,0.739187,0.768747,0.852121
3.3436,0.709471,0.827018,0.665523,0.715213,0.710744,0.737413,0.813051,0.739283,0.769506,0.852867
3.3438,0.710841,0.827861,0.665583,0.714929,0.710424,0.738009,0.813315,0.739073,0.770331,0.853275
3.344,0.710807,0.828334,0.665965,0.714115,0.710964,0.737308,0.814707,0.739068,0.770976,0.853682
3.3442,0.70975,0.828107,0.666197,0.713383,0.711419,0.735773,0.817039,0.739609,0.770993,0.854675
3.3444,0.70864,0.827238,0.66648,0.713435,0.710839,0.734055,0.818735,0.740806,0.770501,0.856101
3.3446,0.708816,0.826064,0.666848,0.714604,0.709353,0.733147,0.819002,0.742347,0.770171,0.857701
3.3448,0.710547,0.825335,0.666881,0.715736,0.7076,0.733103,0.819147,0.743291,0.770282,0.858858
3.345,0.712398,0.82639,0.666517,0.716347,0.706418,0.733234,0.819906,0.743125,0.771125,0.859417
3.3452,0.7133,0.828987,0.665741,0.715726,0.70646,0.733014,0.820406,0.7428,0.772075,0.85939
3.3454,0.713825,0.831054,0.664729,0.714068,0.707777,0.73218,0.821006,0.742769,0.77219,0.858992
3.3456,0.714183,0.830937,0.664063,0.71341,0.71053,0.730914,0.820534,0.743195,0.771272,0.85886
3.3458,0.714051,0.828716,0.664266,0.714423,0.713308,0.729704,0.81917,0.744676,0.770197,0.859262
3.346,0.713493,0.826215,0.665035,0.715739,0.71425,0.728982,0.818156,0.7465,0.769848,0.860276
3.3462,0.712903,0.825301,0.666136,0.716551,0.713217,0.728907,0.819369,0.747505,0.770659,0.861821
3.3464,0.712537,0.826451,0.666926,0.716499,0.711506,0.729288,0.821197,0.747234,0.771923,0.863294
3.3466,0.712669,0.828882,0.666763,0.715527,0.710859,0.729675,0.82205,0.74632,0.772791,0.864204
3.3468,0.713384,0.831043,0.66567,0.714642,0.711776,0.729653,0.82225,0.745811,0.772517,0.864364
3.347,0.714397,0.831468,0.664255,0.714113,0.713437,0.729344,0.821829,0.746212,0.77119,0.863749
3.3472,0.715183,0.830414,0.663453,0.713826,0.714961,0.729065,0.820254,0.747706,0.769437,0.862976
3.3474,0.71547,0.829749,0.663437,0.713474,0.715236,0.72906,0.818878,0.749049,0.768156,0.86273
3.3476,0.715247,0.830321,0.66394,0.712834,0.714174,0.729626,0.81842,0.749028,0.768171,0.862813
3.3478,0.714518,0.831558,0.664994,0.711742,0.713083,0.73071,0.819008,0.748114,0.76956,0.863009
3.348,0.713836,0.832323,0.665315,0.710523,0.713112,0.731412,0.820367,0.746838,0.771325,0.863125
3.3482,0.713979,0.831741,0.663991,0.709492,0.714001,0.731051,0.821182,0.745907,0.772251,0.862618
3.3484,0.71473,0.830171,0.661849,0.709005,0.714972,0.729878,0.820036,0.746009,0.771427,0.861843
3.3486,0.714988,0.828931,0.660238,0.709242,0.715352,0.728884,0.817971,0.747927,0.769183,0.861029
3.3488,0.71414,0.829074,0.659936,0.709644,0.715059,0.728806,0.817038,0.750195,0.76681,0.860197
3.349,0.712369,0.830452,0.660651,0.709402,0.714243,0.729677,0.818349,0.750407,0.765775,0.859297
3.3492,0.710946,0.832027,0.661178,0.708334,0.713432,0.730947,0.820533,0.748335,0.766866,0.858142
3.3494,0.710866,0.832871,0.660553,0.707007,0.713501,0.731978,0.821455,0.745583,0.768698,0.856718
3.3496,0.711601,0.832718,0.659051,0.706203,0.714208,0.732417,0.821455,0.744102,0.76986,0.855356
3.3498,0.711867,0.831804,0.65741,0.706203,0.714711,0.732358,0.81978,0.745185,0.76944,0.854256
3.35,0.710948,0.830987,0.656255,0.706614,0.714749,0.73222,0.817544,0.74776,0.768373,0.853651
3.3502,0.708836,0.831061,0.65591,0.706562,0.714536,0.732201,0.816258,0.748863,0.767332,0.853566
3.3504,0.706788,0.832053,0.656023,0.705782,0.713982,0.732343,0.817701,0.747971,0.766739,0.853912
3.3506,0.705773,0.832882,0.656093,0.704625,0.713112,0.732751,0.820249,0.746142,0.766358,0.853747
3.3508,0.706381,0.832383,0.65572,0.70348,0.712401,0.732984,0.822336,0.744893,0.76597,0.852903
3.351,0.707345,0.830319,0.655063,0.702616,0.712204,0.733139,0.822854,0.744862,0.76555,0.851627
3.3512,0.707232,0.827446,0.654498,0.70176,0.712538,0.732887,0.822368,0.745446,0.76539,0.850195
3.3514,0.705767,0.825179,0.654228,0.70042,0.71299,0.732056,0.821388,0.745641,0.765424,0.849232
3.3516,0.703613,0.824217,0.654248,0.698487,0.713215,0.731363,0.820225,0.745158,0.765404,0.848829
3.3518,0.702062,0.824016,0.654482,0.69621,0.713316,0.730858,0.819866,0.744481,0.765004,0.848724
3.352,0.701723,0.82378,0.654799,0.694609,0.713747,0.730785,0.821504,0.744169,0.764926,0.848833
3.3522,0.702339,0.82281,0.655076,0.694078,0.714017,0.730315,0.823488,0.744227,0.765572,0.848546
3.3524,0.703134,0.821171,0.655302,0.693851,0.714199,0.729313,0.824626,0.744415,0.766143,0.84781
3.3526,0.703464,0.818803,0.655467,0.692774,0.71406,0.7281,0.824329,0.744373,0.766091,0.847404
3.3528,0.703139,0.81604,0.655523,0.690652,0.713581,0.727186,0.82373,0.743855,0.765721,0.847452
3.353,0.702414,0.813891,0.65563,0.687928,0.713073,0.726279,0.824391,0.743773,0.764798,0.84739
3.3532,0.701593,0.813023,0.655853,0.685566,0.712742,0.725345,0.825611,0.744217,0.763812,0.846812
3.3534,0.700997,0.813325,0.655937,0.684031,0.712515,0.724321,0.827165,0.745031,0.762554,0.845393
3.3536,0.701095,0.81399,0.655788,0.683144,0.712342,0.723352,0.828267,0.745376,0.761366,0.843541
3.3538,0.701858,0.813995,0.655602,0.682604,0.71209,0.722434,0.827695,0.744596,0.760214,0.842129
3.354,0.702492,0.812786,0.65557,0.681947,0.711928,0.721654,0.825683,0.743065,0.759468,0.84165
3.3542,0.702328,0.81083,0.655769,0.681153,0.712238,0.721058,0.824305,0.742011,0.759059,0.842011
3.3544,0.701251,0.809002,0.65612,0.680313,0.712629,0.720595,0.824782,0.742158,0.759163,0.842618
3.3546,0.699765,0.80801,0.656472,0.679508,0.712564,0.720267,0.825934,0.743159,0.758612,0.842729
3.3548,0.698672,0.808515,0.656718,0.678848,0.711912,0.720085,0.826733,0.744647,0.757234,0.842106
3.355,0.69849,0.810204,0.656863,0.678387,0.711161,0.720143,0.826581,0.745673,0.754761,0.840884
3.3552,0.699024,0.811701,0.656921,0.678535,0.710463,0.720464,0.825513,0.746124,0.751931,0.839571
3.3554,0.699692,0.811908,0.656842,0.679274,0.709822,0.720905,0.823827,0.745823,0.749961,0.838925
3.3556,0.699996,0.811207,0.656657,0.679809,0.709522,0.721227,0.822451,0.745051,0.748982,0.839194
3.3558,0.699904,0.810355,0.656491,0.679635,0.709324,0.721359,0.822008,0.74447,0.748982,0.839661
3.356,0.699593,0.809617,0.656443,0.679117,0.708697,0.721721,0.821812,0.744307,0.749356,0.839635
3.3562,0.699765,0.809036,0.656202,0.678647,0.707789,0.722414,0.822441,0.744753,0.749307,0.839743
3.3564,0.699966,0.80849,0.65567,0.67839,0.706882,0.72317,0.822135,0.745715,0.748458,0.839659
3.3566,0.699524,0.80804,0.655326,0.678616,0.706082,0.723493,0.820899,0.746305,0.746497,0.838944
3.3568,0.698125,0.808075,0.655015,0.679348,0.705971,0.723218,0.818552,0.74602,0.74431,0.837726
3.357,0.696336,0.808605,0.65455,0.680147,0.70646,0.723037,0.816461,0.745953,0.744188,0.835951
3.3572,0.695681,0.809492,0.654579,0.680528,0.706757,0.723171,0.815794,0.746306,0.745881,0.834515
3.3574,0.698166,0.810354,0.655298,0.680842,0.706212,0.724089,0.816058,0.74652,0.747792,0.833707
3.3576,0.70166,0.811219,0.656318,0.681575,0.705046,0.72572,0.817824,0.746454,0.748579,0.833496
3.3578,0.703014,0.811967,0.656964,0.68249,0.703724,0.727031,0.821359,0.74599,0.747827,0.834306
3.358,0.700945,0.812439,0.657254,0.683332,0.703496,0.727272,0.824538,0.745404,0.746573,0.835773
3.3582,0.696623,0.812949,0.656999,0.684158,0.704415,0.726632,0.82443,0.74466,0.746358,0.837671
3.3584,0.6932,0.813462,0.656842,0.684489,0.70586,0.725773,0.822439,0.744435,0.746802,0.839339
3.3586,0.692803,0.813888,0.657318,0.684211,0.706482,0.725721,0.820742,0.744933,0.747372,0.840441
3.3588,0.695142,0.813949,0.658004,0.68359,0.70542,0.727028,0.822063,0.745637,0.74773,0.840657
3.359,0.697888,0.813806,0.658305,0.68304,0.703309,0.729074,0.824856,0.746105,0.74732,0.840804
3.3592,0.698754,0.814867,0.658143,0.682772,0.701333,0.730572,0.825305,0.74658,0.746458,0.841474
3.3594,0.697333,0.817072,0.657763,0.683025,0.700973,0.730683,0.822201,0.747118,0.74613,0.842991
3.3596,0.694743,0.818408,0.657773,0.683438,0.702209,0.729515,0.818302,0.747235,0.746482,0.844527
3.3598,0.692619,0.817939,0.658165,0.683822,0.704402,0.728183,0.817268,0.747548,0.747753,0.846076
3.36,0.692302,0.816296,0.658492,0.685251,0.706021,0.727765,0.818826,0.748369,0.749021,0.847252
3.3602,0.693951,0.815847,0.658634,0.686388,0.705703,0.728674,0.821357,0.749281,0.74881,0.848408
3.3604,0.696364,0.816828,0.658667,0.686098,0.70402,0.730458,0.822678,0.749728,0.74722,0.84925
3.3606,0.697837,0.817799,0.658702,0.684929,0.702365,0.732187,0.821883,0.749624,0.745803,0.849447
3.3608,0.697736,0.817973,0.658744,0.68314,0.701869,0.733093,0.819961,0.749213,0.745577,0.849537
3.361,0.696848,0.817249,0.658743,0.681811,0.703061,0.732843,0.818736,0.748897,0.747009,0.850035
3.3612,0.696548,0.816289,0.659229,0.681755,0.705087,0.731892,0.818792,0.74914,0.74889,0.851443
3.3614,0.697982,0.815886,0.659791,0.682424,0.706346,0.731159,0.819043,0.749707,0.750009,0.853249
3.3616,0.699882,0.816201,0.659665,0.682814,0.706773,0.731062,0.819507,0.750463,0.749343,0.855024
3.3618,0.700948,0.817114,0.658637,0.682056,0.706523,0.731774,0.820254,0.751269,0.747175,0.856049
3.362,0.700672,0.818681,0.656948,0.680945,0.70563,0.732671,0.819778,0.751816,0.74495,0.856495
3.3622,0.699595,0.820126,0.655492,0.680098,0.704528,0.73302,0.818418,0.751725,0.743914,0.857353
3.3624,0.699559,0.820949,0.655038,0.67963,0.704584,0.732685,0.816975,0.751659,0.745572,0.858434
3.3626,0.701117,0.821369,0.655365,0.67999,0.705667,0.731506,0.816472,0.751781,0.749006,0.85919
3.3628,0.702747,0.821276,0.656163,0.681842,0.706868,0.729882,0.816124,0.752018,0.750876,0.859909
3.363,0.703831,0.821127,0.65626,0.683841,0.707837,0.728801,0.815646,0.752261,0.750266,0.860551
3.3632,0.703923,0.821108,0.655145,0.684427,0.708409,0.728624,0.815045,0.752482,0.747186,0.860984
3.3634,0.702957,0.821468,0.653402,0.683357,0.708365,0.72888,0.815162,0.752811,0.743167,0.86135
3.3636,0.70214,0.821752,0.651788,0.681888,0.707759,0.728498,0.814863,0.753344,0.740476,0.861589
3.3638,0.702732,0.822159,0.650666,0.681272,0.707337,0.727665,0.814542,0.753615,0.740278,0.862579
3.364,0.704387,0.822519,0.650398,0.681714,0.707603,0.726797,0.814867,0.753956,0.741589,0.863721
3.3642,0.705693,0.822773,0.650766,0.682701,0.708049,0.726337,0.814762,0.754128,0.742761,0.864165
3.3644,0.705881,0.822744,0.65161,0.683459,0.708795,0.726134,0.813706,0.754224,0.742528,0.86406
3.3646,0.705171,0.82247,0.653066,0.683492,0.709941,0.72599,0.812755,0.754416,0.740498,0.863072
3.3648,0.70396,0.822345,0.65417,0.683177,0.710593,0.725513,0.812342,0.754636,0.737941,0.86212
3.365,0.703447,0.822217,0.654128,0.683492,0.710317,0.724682,0.812159,0.754941,0.736104,0.861915
3.3652,0.704302,0.82224,0.653143,0.684072,0.709669,0.723977,0.812338,0.755477,0.735474,0.862599
3.3654,0.705769,0.822313,0.652102,0.684785,0.708878,0.723587,0.812346,0.755737,0.735796,0.863411
3.3656,0.706546,0.822559,0.651593,0.68488,0.708552,0.72384,0.811106,0.755979,0.736342,0.863655
3.3658,0.706267,0.822816,0.651722,0.684705,0.709123,0.725468,0.808723,0.7561,0.73633,0.862832
3.366,0.704746,0.822568,0.652291,0.684621,0.710487,0.72735,0.806369,0.755698,0.735742,0.861521
3.3662,0.70327,0.821971,0.652684,0.684509,0.711037,0.727878,0.805186,0.755435,0.735011,0.860751
3.3664,0.703506,0.821669,0.65237,0.684127,0.709994,0.72692,0.805273,0.754893,0.734462,0.860676
3.3666,0.704968,0.821737,0.65189,0.683975,0.708403,0.725933,0.805928,0.753386,0.734401,0.860733
3.3668,0.70662,0.82149,0.651908,0.683944,0.707417,0.725846,0.806379,0.752084,0.734686,0.860301
3.367,0.706795,0.82084,0.652359,0.683834,0.707094,0.726175,0.806397,0.751761,0.734803,0.859036
3.3672,0.70546,0.819971,0.652778,0.683328,0.7071,0.726306,0.806178,0.751656,0.734934,0.857505
3.3674,0.702928,0.818822,0.652965,0.682253,0.707708,0.726232,0.805677,0.751088,0.735307,0.856541
3.3676,0.700906,0.817345,0.652824,0.681162,0.708374,0.725846,0.805066,0.749992,0.735829,0.856073
3.3678,0.700448,0.815817,0.652303,0.68065,0.708506,0.725431,0.804447,0.748637,0.736416,0.855889
3.368,0.701289,0.814286,0.652271,0.680808,0.708184,0.725218,0.803586,0.747253,0.737197,0.856104
3.3682,0.702278,0.812932,0.652884,0.681518,0.707007,0.725369,0.801866,0.746229,0.738028,0.856379
3.3684,0.702194,0.8114,0.65407,0.681901,0.705895,0.72577,0.800298,0.745575,0.738529,0.856378
3.3686,0.700475,0.809651,0.655266,0.681951,0.705395,0.726001,0.798628,0.745066,0.738751,0.855736
3.3688,0.698086,0.80772,0.65549,0.681991,0.705466,0.725909,0.796682,0.744418,0.739343,0.854708
3.369,0.697481,0.80576,0.654678,0.681663,0.706052,0.725649,0.794682,0.743577,0.740268,0.853631
3.3692,0.699315,0.804529,0.653443,0.68137,0.706694,0.725346,0.791964,0.742742,0.74072,0.852853
3.3694,0.7017,0.803812,0.652614,0.681121,0.707078,0.725038,0.788594,0.742044,0.740527,0.852026
3.3696,0.702699,0.802994,0.652767,0.68111,0.706603,0.724834,0.784921,0.741644,0.739706,0.851623
3.3698,0.701578,0.801467,0.653552,0.681083,0.705826,0.724907,0.781731,0.741814,0.738725,0.851262
3.37,0.699708,0.799163,0.654233,0.681153,0.70513,0.725469,0.779229,0.741649,0.738331,0.850591
3.3702,0.698725,0.79684,0.654329,0.681081,0.70524,0.725565,0.776475,0.740704,0.738466,0.849781
3.3704,0.69888,0.795155,0.653805,0.680636,0.705626,0.724743,0.77356,0.7399,0.738596,0.848978
3.3706,0.699752,0.794469,0.653128,0.679876,0.705967,0.722935,0.770361,0.739532,0.738085,0.848241
3.3708,0.700401,0.794471,0.652986,0.679995,0.705599,0.721005,0.767742,0.739383,0.736793,0.847531
3.371,0.699863,0.794505,0.653636,0.680817,0.705179,0.719596,0.76549,0.739928,0.735625,0.846544
3.3712,0.698188,0.794147,0.654479,0.681562,0.705022,0.719239,0.763307,0.740254,0.734706,0.845913
3.3714,0.696955,0.793408,0.65541,0.68138,0.704416,0.719726,0.761639,0.740061,0.734205,0.846056
3.3716,0.697183,0.792614,0.65607,0.680758,0.703714,0.720602,0.760708,0.739306,0.734038,0.846716
3.3718,0.698022,0.791997,0.655933,0.680686,0.703422,0.720822,0.759901,0.739272,0.733709,0.847104
3.372,0.699085,0.79165,0.655028,0.681056,0.703476,0.720166,0.758597,0.74022,0.733353,0.84674
3.3722,0.699465,0.791485,0.654438,0.681749,0.703553,0.7185,0.757077,0.741493,0.734301,0.846041
3.3724,0.698475,0.791423,0.654616,0.682076,0.703169,0.716243,0.756184,0.741739,0.735517,0.845495
3.3726,0.697266,0.791911,0.655119,0.681319,0.702142,0.714333,0.756722,0.740661,0.735779,0.845308
3.3728,0.696607,0.793177,0.65578,0.68051,0.701334,0.713594,0.758287,0.739399,0.734936,0.845504
3.373,0.696161,0.79446,0.656174,0.680333,0.701089,0.713628,0.758978,0.738683,0.733418,0.846022
3.3732,0.695245,0.794823,0.655916,0.680526,0.701174,0.713823,0.758162,0.73869,0.732232,0.846396
3.3734,0.693476,0.794074,0.655036,0.680677,0.701408,0.714006,0.756903,0.739211,0.732298,0.846083
3.3736,0.691284,0.792883,0.654471,0.680827,0.701853,0.713689,0.75602,0.739616,0.73357,0.845024
3.3738,0.689274,0.792459,0.654841,0.681008,0.70208,0.71297,0.756223,0.738947,0.734841,0.844002
3.374,0.688384,0.793417,0.655798,0.681318,0.701971,0.712113,0.758566,0.737963,0.735284,0.843534
3.3742,0.688807,0.795567,0.656723,0.681581,0.701215,0.711669,0.762412,0.737298,0.734671,0.843742
3.3744,0.689804,0.797317,0.657555,0.681475,0.700032,0.711962,0.765712,0.73759,0.733415,0.844364
3.3746,0.690379,0.797892,0.657523,0.680749,0.699272,0.712829,0.766842,0.738996,0.732104,0.84496
3.3748,0.690058,0.797673,0.65711,0.680356,0.698995,0.713761,0.766172,0.739844,0.731842,0.844777
3.375,0.689102,0.797345,0.656986,0.680497,0.69892,0.713986,0.764667,0.738794,0.732763,0.843532
3.3752,0.68867,0.797379,0.657405,0.680915,0.699657,0.713701,0.764324,0.736036,0.733634,0.84181
3.3754,0.68955,0.798531,0.658211,0.681309,0.700924,0.713695,0.76543,0.733212,0.734036,0.840305
3.3756,0.691162,0.800556,0.658831,0.681259,0.701646,0.714218,0.767284,0.731645,0.734039,0.839543
3.3758,0.692028,0.802271,0.658693,0.680723,0.700924,0.714904,0.768782,0.731177,0.734187,0.839439
3.376,0.691549,0.802858,0.658544,0.680156,0.69902,0.715275,0.769179,0.730929,0.734566,0.839594
3.3762,0.68965,0.802541,0.658853,0.679777,0.697323,0.715148,0.768112,0.730091,0.735096,0.839688
3.3764,0.68754,0.802235,0.659262,0.679542,0.69744,0.71463,0.767081,0.728778,0.735802,0.840169
3.3766,0.686037,0.802677,0.659406,0.67949,0.699118,0.714037,0.766934,0.727608,0.736964,0.841364
3.3768,0.686027,0.804182,0.659118,0.679639,0.700969,0.713846,0.76813,0.726989,0.737742,0.842707
3.377,0.687761,0.806205,0.658433,0.679811,0.701605,0.714365,0.770348,0.726924,0.737699,0.843652
3.3772,0.690515,0.807817,0.657621,0.679856,0.700778,0.715508,0.771492,0.727059,0.736739,0.843905
3.3774,0.692634,0.808525,0.656913,0.679824,0.699056,0.71678,0.771521,0.727087,0.735424,0.843789
3.3776,0.693027,0.808315,0.656902,0.679773,0.698316,0.717583,0.771436,0.7272,0.733773,0.843959
3.3778,0.692186,0.807685,0.657992,0.679411,0.699197,0.717501,0.772082,0.72763,0.732912,0.84491
3.378,0.691132,0.807275,0.659527,0.678682,0.700526,0.716827,0.77259,0.728055,0.733438,0.846591
3.3782,0.690795,0.807482,0.660169,0.678439,0.701156,0.716482,0.773333,0.728301,0.735489,0.848043
3.3784,0.691484,0.808109,0.65939,0.678993,0.701022,0.716834,0.773461,0.728698,0.737542,0.848697
3.3786,0.69237,0.808721,0.657415,0.679435,0.700431,0.717504,0.77352,0.729001,0.737939,0.848479
3.3788,0.693139,0.808817,0.655322,0.679239,0.699781,0.71788,0.774309,0.728945,0.736834,0.847999
3.379,0.693601,0.808281,0.654477,0.678328,0.700185,0.717525,0.775113,0.72866,0.73524,0.848253
3.3792,0.69338,0.807425,0.655682,0.676598,0.702137,0.716718,0.775376,0.728283,0.735109,0.849351
3.3794,0.693046,0.806693,0.657931,0.675124,0.704069,0.715879,0.775536,0.727813,0.736508,0.850907
3.3796,0.693565,0.806206,0.659348,0.674587,0.704381,0.715452,0.7755,0.727804,0.738304,0.8525
3.3798,0.694745,0.805912,0.659164,0.675044,0.70326,0.715528,0.775315,0.728644,0.739354,0.853464
3.38,0.695983,0.805764,0.65746,0.675637,0.701822,0.716211,0.775133,0.729863,0.738792,0.853666
3.3802,0.696766,0.805519,0.655822,0.675447,0.700955,0.716466,0.775168,0.7308,0.737801,0.853684
3.3804,0.69689,0.804842,0.655589,0.674003,0.701296,0.716208,0.775672,0.731267,0.737423,0.853985
3.3806,0.696558,0.803893,0.656552,0.671494,0.702767,0.714969,0.776854,0.731303,0.738341,0.854512
3.3808,0.696385,0.803042,0.65794,0.669162,0.704418,0.713023,0.778708,0.731007,0.739563,0.854993
3.381,0.696904,0.802106,0.658685,0.667725,0.704935,0.7116,0.780729,0.731052,0.739821,0.854959
3.3812,0.697851,0.801146,0.658464,0.667412,0.703799,0.711428,0.782157,0.731762,0.739528,0.854289
3.3814,0.69836,0.800484,0.657423,0.667624,0.701474,0.712211,0.782164,0.732417,0.739462,0.853489
3.3816,0.697859,0.800082,0.656415,0.667791,0.699191,0.712808,0.781038,0.73213,0.740358,0.852748
3.3818,0.696457,0.799871,0.656025,0.667614,0.697859,0.712489,0.780354,0.730762,0.741803,0.852841
3.382,0.694752,0.799619,0.656247,0.667021,0.697626,0.71135,0.780729,0.728858,0.743459,0.853171
3.3822,0.693624,0.79923,0.65659,0.666306,0.69808,0.710175,0.781772,0.727594,0.744452,0.853246
3.3824,0.693542,0.798872,0.656715,0.665851,0.698114,0.709785,0.781824,0.727485,0.744283,0.85275
3.3826,0.694463,0.798793,0.656493,0.665833,0.697167,0.710491,0.781191,0.728601,0.744027,0.851753
3.3828,0.69516,0.799149,0.656141,0.666127,0.695634,0.711975,0.781248,0.729215,0.744202,0.850393
3.383,0.694955,0.799889,0.65599,0.666452,0.694252,0.713506,0.782243,0.727936,0.74431,0.849052
3.3832,0.69377,0.800553,0.656119,0.66663,0.692943,0.714304,0.783464,0.725309,0.744426,0.847783
3.3834,0.692507,0.800669,0.6563,0.666726,0.691721,0.714157,0.782235,0.722709,0.744786,0.846914
3.3836,0.692309,0.800472,0.656039,0.666804,0.690622,0.713769,0.778288,0.72095,0.745014,0.846144
3.3838,0.69386,0.800305,0.655147,0.666978,0.689931,0.713952,0.774099,0.720737,0.744905,0.845654
3.384,0.69611,0.800254,0.653823,0.667486,0.689964,0.714672,0.77146,0.721882,0.744281,0.845126
3.3842,0.697377,0.800449,0.652831,0.668326,0.690285,0.715396,0.770152,0.723315,0.743242,0.844454
3.3844,0.697169,0.801105,0.652553,0.668817,0.690683,0.715799,0.768381,0.723725,0.74244,0.843517
3.3846,0.695476,0.801961,0.652861,0.668597,0.690852,0.715662,0.765389,0.722046,0.742434,0.842706
3.3848,0.693211,0.802423,0.652959,0.667916,0.690573,0.715213,0.762185,0.718991,0.74336,0.842035
3.385,0.691671,0.802381,0.652657,0.667322,0.689945,0.714899,0.759767,0.716246,0.744728,0.841779
3.3852,0.691733,0.802239,0.651621,0.667199,0.689342,0.715074,0.75818,0.715054,0.745279,0.841382
3.3854,0.692793,0.802244,0.650421,0.66755,0.689112,0.715721,0.756597,0.715529,0.744886,0.840887
3.3856,0.694224,0.802173,0.649579,0.668118,0.68884,0.716497,0.75451,0.716644,0.743734,0.839918
3.3858,0.694981,0.801827,0.649238,0.66858,0.68842,0.717136,0.752368,0.717178,0.741938,0.838758
3.386,0.694089,0.801022,0.648954,0.668698,0.68799,0.717334,0.750901,0.716714,0.740508,0.838376
3.3862,0.692217,0.799841,0.648288,0.668325,0.687642,0.717016,0.750259,0.715663,0.73997,0.838787
3.3864,0.690496,0.798771,0.646902,0.66761,0.687283,0.716531,0.750218,0.714695,0.740417,0.839122
3.3866,0.68984,0.798408,0.645399,0.666839,0.686915,0.716211,0.750299,0.714143,0.741332,0.838591
3.3868,0.690087,0.798508,0.644323,0.666237,0.686314,0.716068,0.74979,0.714277,0.741475,0.836943
3.387,0.69067,0.79817,0.643758,0.665838,0.685744,0.715706,0.748731,0.715109,0.74054,0.834749
3.3872,0.690419,0.79666,0.643596,0.665358,0.685662,0.715149,0.748575,0.715799,0.738819,0.833142
3.3874,0.689738,0.794333,0.643547,0.664521,0.685875,0.714231,0.749429,0.715573,0.737166,0.832819
3.3876,0.689089,0.792054,0.643457,0.663512,0.68592,0.713695,0.750524,0.714377,0.736525,0.833521
3.3878,0.688624,0.791229,0.643371,0.662817,0.685395,0.71379,0.75013,0.712963,0.736888,0.834564
3.388,0.688067,0.791764,0.643369,0.662217,0.68464,0.713796,0.748537,0.712256,0.737445,0.835047
3.3882,0.687266,0.791997,0.643503,0.661709,0.683814,0.712983,0.747786,0.712631,0.737469,0.834514
3.3884,0.686964,0.790708,0.643789,0.661052,0.683894,0.711382,0.748466,0.71374,0.736785,0.833389
3.3886,0.687304,0.787775,0.644117,0.661996,0.685151,0.709796,0.750095,0.714888,0.735679,0.832364
3.3888,0.687611,0.784992,0.644261,0.664413,0.686528,0.708346,0.751362,0.715502,0.735185,0.832178
3.389,0.68826,0.784011,0.644288,0.665983,0.687064,0.707426,0.751692,0.715293,0.73632,0.832837
3.3892,0.689211,0.784858,0.644652,0.665197,0.68615,0.70715,0.751929,0.714341,0.738237,0.833798
3.3894,0.689376,0.786298,0.645276,0.662195,0.684137,0.707508,0.752971,0.713682,0.739232,0.834843
3.3896,0.688188,0.786808,0.645765,0.659371,0.682139,0.707615,0.754585,0.713919,0.738202,0.835906
3.3898,0.686918,0.785644,0.645689,0.658501,0.681075,0.706909,0.75566,0.714602,0.735816,0.835776
3.39,0.68644,0.783474,0.645104,0.659347,0.681557,0.705944,0.755545,0.714766,0.733733,0.83455
3.3902,0.687104,0.781453,0.644495,0.660982,0.682959,0.705196,0.754813,0.713856,0.733155,0.83321
3.3904,0.689192,0.780511,0.644353,0.663263,0.683744,0.70534,0.753959,0.713385,0.734474,0.833219
3.3906,0.691528,0.780927,0.644912,0.66497,0.682902,0.706117,0.753941,0.715131,0.737013,0.834253
3.3908,0.692362,0.782338,0.645911,0.665235,0.680597,0.70718,0.753666,0.717631,0.739112,0.835116
3.391,0.69082,0.784172,0.647205,0.664562,0.678821,0.70808,0.753146,0.718167,0.739547,0.835015
3.3912,0.688167,0.785322,0.648718,0.663863,0.678504,0.708433,0.752001,0.71599,0.738419,0.833557
3.3914,0.686511,0.785544,0.649449,0.664099,0.68078,0.708326,0.750331,0.713633,0.736745,0.832659
3.3916,0.686358,0.78515,0.648972,0.665356,0.684407,0.707853,0.747917,0.713966,0.73603,0.833234
3.3918,0.687664,0.784792,0.647515,0.666947,0.686321,0.707356,0.746142,0.716258,0.736081,0.835036
3.392,0.689289,0.785123,0.645839,0.667847,0.685192,0.707726,0.745793,0.718856,0.736507,0.836831
3.3922,0.690391,0.786275,0.644899,0.667585,0.682631,0.709003,0.74708,0.719822,0.736839,0.836817
3.3924,0.690086,0.787588,0.644963,0.666714,0.680515,0.710337,0.748772,0.718242,0.737092,0.835315
3.3926,0.688229,0.788847,0.645542,0.666018,0.679914,0.710757,0.750551,0.715637,0.736914,0.833554
3.3928,0.685924,0.789957,0.646034,0.666329,0.68137,0.710087,0.752041,0.714294,0.736374,0.832443
3.393,0.684417,0.790949,0.646034,0.667261,0.683686,0.709009,0.751918,0.714922,0.734942,0.832649
3.3932,0.684773,0.791679,0.645412,0.66867,0.684996,0.708422,0.750866,0.716338,0.734135,0.83421
3.3934,0.687611,0.792379,0.644651,0.670098,0.684999,0.708791,0.750582,0.716516,0.73451,0.836569
3.3936,0.691046,0.792772,0.643925,0.670999,0.684794,0.70996,0.752155,0.714594,0.735939,0.838194
3.3938,0.691625,0.793465,0.643312,0.671007,0.684717,0.711293,0.754631,0.71207,0.737539,0.839218
3.394,0.688548,0.79463,0.642914,0.670394,0.684505,0.712331,0.75661,0.710664,0.738617,0.840087
3.3942,0.684091,0.795317,0.642684,0.669665,0.684539,0.712972,0.758519,0.710804,0.738304,0.841077
3.3944,0.681104,0.795195,0.642134,0.669465,0.685339,0.713231,0.760352,0.711037,0.737314,0.84185
3.3946,0.681686,0.795021,0.641199,0.670304,0.686168,0.713119,0.760932,0.710776,0.736661,0.842082
3.3948,0.68482,0.794809,0.640259,0.671852,0.68678,0.712702,0.760962,0.709784,0.736837,0.841927
3.395,0.687739,0.794331,0.639608,0.672948,0.687069,0.712167,0.761379,0.708105,0.737596,0.842084
3.3952,0.68789,0.793707,0.639303,0.673156,0.687346,0.712113,0.761004,0.706937,0.738503,0.842673
3.3954,0.684935,0.793513,0.639109,0.672243,0.688088,0.712588,0.761123,0.706593,0.739401,0.844193
3.3956,0.681141,0.793798,0.638784,0.671179,0.688961,0.713002,0.762476,0.706309,0.739745,0.846002
3.3958,0.680041,0.794205,0.639008,0.670476,0.689335,0.712684,0.763881,0.705131,0.739403,0.847021
3.396,0.683053,0.794363,0.63983,0.670794,0.688992,0.71187,0.764925,0.704038,0.739034,0.84742
3.3962,0.687401,0.794142,0.640464,0.671761,0.688321,0.711636,0.76539,0.703788,0.738912,0.847529
3.3964,0.689486,0.793876,0.640568,0.673202,0.688118,0.711506,0.765379,0.704163,0.739126,0.847752
3.3966,0.688198,0.794008,0.640433,0.674197,0.688787,0.71095,0.765652,0.704693,0.739682,0.848709
3.3968,0.685659,0.794616,0.640303,0.674318,0.689703,0.710033,0.765058,0.704982,0.740262,0.849864
3.397,0.683677,0.795503,0.640111,0.673534,0.690408,0.70882,0.763621,0.704914,0.740558,0.85071
3.3972,0.683215,0.79613,0.639755,0.6719,0.690378,0.707855,0.763153,0.704754,0.740404,0.851174
3.3974,0.685002,0.796135,0.639327,0.670589,0.689432,0.707204,0.764965,0.704682,0.739826,0.850956
3.3976,0.687216,0.795894,0.638897,0.670509,0.688445,0.706578,0.767475,0.704699,0.73919,0.850532
3.3978,0.687847,0.795723,0.638662,0.671236,0.688168,0.705868,0.767665,0.705071,0.738808,0.85024
3.398,0.687525,0.795708,0.639002,0.671816,0.688812,0.704995,0.765682,0.705733,0.738356,0.849907
3.3982,0.687566,0.796253,0.639832,0.671923,0.6899,0.704101,0.76446,0.706287,0.737794,0.849744
3.3984,0.687638,0.797514,0.640469,0.671954,0.690705,0.703266,0.764992,0.706552,0.737035,0.849594
3.3986,0.687127,0.798787,0.640514,0.671727,0.690563,0.702682,0.767102,0.706825,0.735712,0.849355
3.3988,0.686309,0.799741,0.640076,0.671638,0.68976,0.702413,0.7679,0.707112,0.73402,0.849168
3.399,0.685362,0.800228,0.639521,0.671492,0.688634,0.702357,0.765714,0.707799,0.73236,0.849004
3.3992,0.68451,0.800699,0.639379,0.671031,0.688016,0.702385,0.763472,0.7086,0.731307,0.848791
3.3994,0.684461,0.801368,0.639923,0.67095,0.688045,0.702394,0.764076,0.709894,0.730499,0.848371
3.3996,0.68543,0.801747,0.640759,0.67103,0.688478,0.702456,0.765387,0.711753,0.729372,0.847956
3.3998,0.686463,0.801439,0.641154,0.671311,0.688639,0.702708,0.765977,0.713596,0.727755,0.847755
3.4,0.686634,0.800399,0.640601,0.671242,0.687915,0.703084,0.764402,0.714274,0.726004,0.847822
3.4002,0.685942,0.799179,0.639471,0.670704,0.686717,0.703403,0.761739,0.714039,0.72478,0.847969
3.4004,0.684656,0.798449,0.638434,0.669816,0.685666,0.703851,0.760087,0.713981,0.72408,0.847707
3.4006,0.683193,0.798318,0.637764,0.669156,0.684837,0.704648,0.75982,0.714849,0.723508,0.846966
3.4008,0.682711,0.798367,0.637437,0.669098,0.684316,0.705207,0.7605,0.716071,0.722249,0.845625
3.401,0.683681,0.797868,0.637224,0.669287,0.684051,0.705082,0.759932,0.71729,0.72018,0.84412
3.4012,0.684619,0.796193,0.636866,0.669394,0.684131,0.704354,0.757768,0.717853,0.717794,0.843373
3.4014,0.683995,0.793847,0.636411,0.669568,0.684222,0.70356,0.755637,0.717788,0.715871,0.843389
3.4016,0.681934,0.791754,0.635817,0.670162,0.683779,0.70328,0.75575,0.717715,0.714906,0.843993
3.4018,0.67945,0.790451,0.635422,0.671117,0.682726,0.703769,0.75691,0.71756,0.71478,0.844302
3.402,0.677367,0.789696,0.635236,0.672054,0.681499,0.70486,0.757737,0.717485,0.714932,0.844052
3.4022,0.676573,0.788924,0.635178,0.672345,0.680617,0.706046,0.758805,0.71853,0.714739,0.842889
3.4024,0.677078,0.787827,0.63465,0.671842,0.680243,0.706822,0.759079,0.720409,0.713922,0.841165
3.4026,0.6777,0.786579,0.633535,0.67114,0.680165,0.706949,0.758465,0.721761,0.712781,0.839769
3.4028,0.67787,0.785687,0.632092,0.670454,0.680259,0.706589,0.758707,0.721177,0.711853,0.839357
3.403,0.676406,0.785512,0.631057,0.67009,0.680417,0.706128,0.759138,0.7192,0.711499,0.839707
3.4032,0.673445,0.785934,0.630783,0.670071,0.680617,0.705987,0.758245,0.717082,0.711863,0.840093
3.4034,0.670823,0.786056,0.630966,0.670035,0.680557,0.706196,0.757504,0.715824,0.712507,0.839674
3.4036,0.669544,0.785305,0.630942,0.669847,0.680154,0.706324,0.757507,0.716389,0.71271,0.838242
3.4038,0.669445,0.784064,0.630527,0.670069,0.679334,0.706198,0.757834,0.717902,0.712151,0.836185
3.404,0.669624,0.783237,0.629913,0.670518,0.67838,0.705552,0.759094,0.718814,0.711047,0.834344
3.4042,0.6689,0.783122,0.629486,0.671282,0.677678,0.704978,0.759143,0.718669,0.709949,0.833982
3.4044,0.667406,0.783512,0.62949,0.671391,0.677406,0.704354,0.757942,0.717674,0.709385,0.835063
3.4046,0.665907,0.784002,0.629842,0.670985,0.677536,0.703987,0.756651,0.716822,0.709556,0.83645
3.4048,0.665168,0.783983,0.630298,0.670238,0.67781,0.703808,0.755928,0.716871,0.71017,0.836946
3.405,0.665323,0.783055,0.630648,0.669736,0.677986,0.703304,0.754859,0.717566,0.710683,0.835733
3.4052,0.665886,0.782058,0.630771,0.670472,0.6783,0.702236,0.754349,0.718889,0.710809,0.833301
3.4054,0.6664,0.782321,0.63061,0.672139,0.67857,0.700563,0.753236,0.720105,0.711001,0.831165
3.4056,0.666594,0.783238,0.630328,0.672833,0.678606,0.698976,0.750391,0.72008,0.7112,0.830032
3.4058,0.666861,0.78388,0.630378,0.671991,0.677825,0.697654,0.746753,0.719044,0.711255,0.830192
3.406,0.666662,0.783974,0.631168,0.670737,0.676599,0.697331,0.744106,0.717993,0.710827,0.831429
3.4062,0.666048,0.783516,0.632121,0.669941,0.67521,0.698012,0.742268,0.717697,0.709944,0.83287
3.4064,0.665138,0.783146,0.632484,0.669971,0.673803,0.698559,0.740081,0.718459,0.708732,0.83332
3.4066,0.664295,0.782883,0.632031,0.67065,0.673132,0.698077,0.736951,0.719297,0.707821,0.83195
3.4068,0.663938,0.783022,0.631233,0.671527,0.674568,0.69686,0.733693,0.719404,0.707476,0.828802
3.407,0.664114,0.783257,0.630822,0.671829,0.677337,0.695728,0.731171,0.718438,0.708348,0.825212
3.4072,0.664653,0.783784,0.631206,0.671248,0.679357,0.695054,0.729912,0.716969,0.711085,0.822879
3.4074,0.665357,0.784539,0.632258,0.670416,0.679727,0.695104,0.729145,0.715256,0.713264,0.822256
3.4076,0.665769,0.784986,0.633495,0.669937,0.678211,0.695783,0.727932,0.713541,0.713029,0.822888
3.4078,0.66595,0.785153,0.634629,0.669997,0.675962,0.696683,0.726127,0.712548,0.710635,0.823837
3.408,0.666349,0.78506,0.635085,0.670295,0.675483,0.697394,0.72456,0.712043,0.707326,0.823378
3.4082,0.666823,0.785129,0.634687,0.670642,0.677145,0.697669,0.724216,0.711922,0.706074,0.821804
3.4084,0.667227,0.785739,0.633731,0.670544,0.679047,0.697345,0.725033,0.712474,0.70757,0.819834
3.4086,0.667537,0.786825,0.632793,0.669921,0.679629,0.697277,0.726444,0.712435,0.710266,0.81819
3.4088,0.66751,0.788017,0.632307,0.669172,0.67834,0.698295,0.727818,0.711139,0.712181,0.818067
3.409,0.667197,0.7898,0.632304,0.669123,0.675432,0.700014,0.728069,0.709534,0.71163,0.819012
3.4092,0.666698,0.792351,0.632751,0.669625,0.672871,0.701222,0.727698,0.708569,0.709036,0.820241
3.4094,0.666199,0.794241,0.633151,0.670554,0.672702,0.701137,0.728707,0.707693,0.706428,0.821657
3.4096,0.665761,0.794371,0.633201,0.67116,0.675945,0.700243,0.730618,0.707175,0.705567,0.823228
3.4098,0.665909,0.792864,0.63305,0.671377,0.679636,0.699589,0.73205,0.707054,0.70672,0.824042
3.41,0.667173,0.790949,0.632619,0.671504,0.680657,0.700045,0.732207,0.707004,0.708872,0.823919
3.4102,0.669689,0.790562,0.632547,0.671596,0.678434,0.701713,0.731131,0.706841,0.71044,0.823351
3.4104,0.671629,0.792341,0.632686,0.671331,0.674066,0.703924,0.730779,0.706659,0.710556,0.823083
3.4106,0.672482,0.79535,0.632953,0.670718,0.670198,0.705703,0.732071,0.706621,0.709783,0.823705
3.4108,0.672068,0.797859,0.633269,0.670327,0.668897,0.70643,0.734002,0.706771,0.709175,0.824755
3.411,0.671154,0.798503,0.633794,0.670473,0.670336,0.706222,0.735349,0.707618,0.709791,0.825716
3.4112,0.67102,0.797904,0.634927,0.671462,0.672561,0.705738,0.735863,0.708819,0.711579,0.826453
3.4114,0.672244,0.797161,0.63568,0.672537,0.673892,0.705835,0.736241,0.70922,0.713413,0.827125
3.4116,0.673978,0.796885,0.635078,0.673079,0.673001,0.706714,0.737227,0.708675,0.714209,0.827647
3.4118,0.675029,0.797173,0.633404,0.67258,0.670446,0.707852,0.738439,0.707965,0.7141,0.828368
3.412,0.674492,0.797865,0.631894,0.671935,0.668714,0.708507,0.739576,0.707927,0.713455,0.828861
3.4122,0.672857,0.798763,0.631257,0.671342,0.669389,0.708778,0.740025,0.708621,0.712917,0.829707
3.4124,0.671517,0.799727,0.631435,0.670764,0.671773,0.708833,0.739035,0.709967,0.713297,0.830753
3.4126,0.671145,0.800663,0.631964,0.670584,0.673973,0.70858,0.737381,0.711224,0.714852,0.831963
3.4128,0.671549,0.801033,0.63233,0.670635,0.674271,0.708109,0.736183,0.711496,0.716635,0.833086
3.413,0.672141,0.800912,0.632355,0.670961,0.672873,0.708277,0.735794,0.711004,0.717738,0.833654
3.4132,0.672821,0.800195,0.632211,0.671022,0.671564,0.709662,0.735481,0.71063,0.718152,0.833698
3.4134,0.67313,0.799062,0.632152,0.670512,0.671362,0.711577,0.735449,0.710745,0.718325,0.833517
3.4136,0.672984,0.798275,0.632332,0.669634,0.671877,0.71232,0.735388,0.711055,0.718356,0.833585
3.4138,0.672774,0.798547,0.632628,0.668889,0.672394,0.711736,0.734344,0.71113,0.718199,0.834424
3.414,0.672705,0.800003,0.632841,0.668638,0.672601,0.710771,0.731484,0.711316,0.717804,0.835794
3.4142,0.672574,0.801552,0.633214,0.668912,0.672226,0.710164,0.728542,0.711471,0.716984,0.837216
3.4144,0.67236,0.802043,0.634046,0.669487,0.671516,0.710343,0.726929,0.711709,0.716285,0.838226
3.4146,0.672297,0.800911,0.635138,0.669727,0.671487,0.711178,0.727296,0.711789,0.716248,0.838696
3.4148,0.67247,0.798738,0.635743,0.669212,0.672635,0.711745,0.729419,0.711645,0.716568,0.838866
3.415,0.672479,0.797107,0.635843,0.668381,0.673916,0.711458,0.731968,0.711712,0.716841,0.838991
3.4152,0.672264,0.79689,0.63537,0.667542,0.674908,0.711071,0.732145,0.71203,0.716222,0.839381
3.4154,0.672106,0.798214,0.635133,0.667033,0.674997,0.711051,0.72969,0.712409,0.714439,0.840296
3.4156,0.671871,0.799778,0.63545,0.666871,0.674235,0.711524,0.727077,0.713026,0.711951,0.841507
3.4158,0.671669,0.800384,0.635852,0.666841,0.673144,0.711867,0.726372,0.713824,0.709886,0.842532
3.416,0.670951,0.799458,0.636284,0.666635,0.67308,0.711664,0.728051,0.714594,0.708694,0.842733
3.4162,0.670263,0.797923,0.636422,0.666105,0.674345,0.711119,0.730983,0.715754,0.708563,0.842008
3.4164,0.669846,0.796342,0.636185,0.665441,0.676148,0.710343,0.732993,0.71713,0.70874,0.840801
3.4166,0.669679,0.795067,0.635864,0.664887,0.677358,0.709846,0.73237,0.718174,0.70831,0.839731
3.4168,0.669799,0.794865,0.635572,0.664436,0.676752,0.710259,0.729955,0.718796,0.706377,0.839345
3.417,0.669432,0.795311,0.635326,0.663877,0.674656,0.711247,0.728545,0.719139,0.703227,0.839386
3.4172,0.668546,0.795755,0.635013,0.663072,0.673069,0.712055,0.728849,0.719811,0.700028,0.839208
3.4174,0.667462,0.795851,0.634608,0.662258,0.672976,0.712199,0.729569,0.72069,0.698066,0.838345
3.4176,0.666492,0.795393,0.634573,0.66155,0.673955,0.711345,0.729942,0.722047,0.697615,0.836621
3.4178,0.665664,0.79438,0.634947,0.660611,0.675072,0.71,0.730628,0.723172,0.69769,0.834501
3.418,0.665006,0.793309,0.635859,0.659146,0.6757,0.709611,0.7315,0.723263,0.697285,0.832857
3.4182,0.664612,0.792457,0.636916,0.657224,0.67502,0.710105,0.732419,0.722478,0.696028,0.83213
3.4184,0.664485,0.792265,0.637147,0.655127,0.673593,0.711006,0.731888,0.721399,0.694348,0.831971
3.4186,0.664044,0.792737,0.636647,0.653352,0.67231,0.711452,0.730667,0.7205,0.692797,0.831645
3.4188,0.663016,0.79314,0.635773,0.65239,0.672192,0.711654,0.729947,0.720271,0.691992,0.830085
3.419,0.66157,0.793112,0.635428,0.652369,0.672725,0.711131,0.729644,0.720575,0.692084,0.827495
3.4192,0.661113,0.792553,0.636152,0.652359,0.673216,0.710156,0.730257,0.720882,0.69278,0.824557
3.4194,0.66172,0.791627,0.637192,0.651642,0.672861,0.70933,0.730823,0.72114,0.693346,0.822144
3.4196,0.662544,0.790472,0.637768,0.65023,0.671531,0.708723,0.730391,0.720925,0.69312,0.82084
3.4198,0.663236,0.789696,0.637561,0.648244,0.669922,0.70848,0.730364,0.720403,0.692525,0.820167
3.42,0.663357,0.789446,0.636498,0.64612,0.668782,0.709049,0.731029,0.719288,0.692567,0.819448
3.4202,0.662832,0.789666,0.635319,0.644462,0.668492,0.710222,0.73104,0.718043,0.693268,0.818136
3.4204,0.662482,0.789999,0.634873,0.643547,0.668702,0.711151,0.730194,0.717599,0.693918,0.816119
3.4206,0.662112,0.790514,0.635696,0.643396,0.669102,0.711121,0.729701,0.718345,0.694135,0.814088
3.4208,0.66132,0.790627,0.637088,0.643905,0.66915,0.710655,0.730671,0.719275,0.693561,0.81253
3.421,0.66026,0.789611,0.637875,0.644106,0.668449,0.710151,0.73188,0.719748,0.692928,0.811781
3.4212,0.65953,0.788201,0.637485,0.643379,0.667282,0.709767,0.732967,0.719261,0.692931,0.811762
3.4214,0.659101,0.786901,0.636284,0.642059,0.666119,0.709556,0.732381,0.718305,0.693769,0.811779
3.4216,0.658876,0.786445,0.63519,0.641052,0.665507,0.709539,0.730714,0.717158,0.695114,0.811416
3.4218,0.65872,0.786951,0.634848,0.641421,0.665761,0.709373,0.728985,0.716524,0.696247,0.810475
3.422,0.658573,0.787719,0.635173,0.643195,0.666421,0.708895,0.727611,0.717052,0.696557,0.80929
3.4222,0.658537,0.787737,0.635868,0.64464,0.666552,0.708478,0.727892,0.718396,0.695912,0.808794
3.4224,0.659046,0.786257,0.636599,0.644434,0.666042,0.70841,0.729383,0.718904,0.694845,0.808919
3.4226,0.659987,0.783396,0.637146,0.643395,0.665012,0.708446,0.731042,0.718083,0.694083,0.809404
3.4228,0.660407,0.780131,0.637072,0.642649,0.663643,0.70802,0.731127,0.716381,0.693912,0.809916
3.423,0.659788,0.77751,0.6364,0.642492,0.662391,0.707328,0.7288,0.714589,0.694312,0.810076
3.4232,0.658338,0.776231,0.635497,0.64292,0.661331,0.707155,0.726095,0.713339,0.694704,0.810169
3.4234,0.656871,0.776102,0.635154,0.643746,0.66056,0.707498,0.72564,0.712639,0.694728,0.810204
3.4236,0.656592,0.776446,0.635828,0.644624,0.660252,0.708068,0.727301,0.712762,0.694312,0.810209
3.4238,0.657522,0.776713,0.636856,0.645465,0.661285,0.708814,0.729155,0.712982,0.693582,0.810327
3.424,0.658272,0.776606,0.637594,0.646352,0.662441,0.709498,0.729182,0.713129,0.692863,0.810474
3.4242,0.658585,0.776532,0.637779,0.646992,0.662324,0.709796,0.728085,0.712358,0.692133,0.810552
3.4244,0.658722,0.776872,0.63762,0.647378,0.66042,0.709788,0.727078,0.71091,0.69159,0.810665
3.4246,0.658423,0.777349,0.637509,0.647317,0.657055,0.70981,0.726243,0.708916,0.691274,0.81081
3.4248,0.657655,0.77792,0.637399,0.64693,0.654021,0.709897,0.726195,0.707595,0.691296,0.811341
3.425,0.656965,0.778673,0.637357,0.647039,0.652761,0.710656,0.72868,0.707309,0.69152,0.812494
3.4252,0.65744,0.779906,0.637645,0.648063,0.653,0.71166,0.732397,0.708011,0.691932,0.813603
3.4254,0.658596,0.781614,0.637948,0.649651,0.653621,0.712485,0.733504,0.709114,0.691947,0.814113
3.4256,0.659528,0.783156,0.638189,0.650863,0.653628,0.713448,0.73236,0.710451,0.691843,0.814132
3.4258,0.659981,0.783527,0.638389,0.650684,0.65316,0.714059,0.731394,0.711593,0.691747,0.813749
3.426,0.660127,0.782839,0.638468,0.64909,0.653439,0.714198,0.731519,0.711659,0.691487,0.813823
3.4262,0.660184,0.78141,0.638579,0.646816,0.654265,0.713826,0.7329,0.710513,0.691208,0.815
3.4264,0.659859,0.78066,0.638705,0.645044,0.654938,0.712872,0.733615,0.709434,0.692156,0.816799
3.4266,0.659964,0.781347,0.638944,0.64436,0.655026,0.712734,0.73345,0.709346,0.693917,0.818931
3.4268,0.660541,0.783129,0.639251,0.644655,0.654594,0.713726,0.733509,0.710414,0.694996,0.820504
3.427,0.660813,0.785221,0.639786,0.645536,0.654112,0.715083,0.734836,0.71209,0.694998,0.820879
3.4272,0.660811,0.786437,0.640069,0.646051,0.654017,0.715606,0.737079,0.712967,0.694282,0.820558
3.4274,0.661076,0.786159,0.639991,0.645589,0.65451,0.715341,0.739608,0.712495,0.693697,0.820236
3.4276,0.661411,0.784784,0.639656,0.643968,0.655382,0.714333,0.739966,0.71114,0.693884,0.820434
3.4278,0.661567,0.783615,0.639445,0.642388,0.656007,0.713359,0.738136,0.709819,0.695309,0.82159
3.428,0.661847,0.783523,0.639009,0.641241,0.65616,0.712841,0.738095,0.708265,0.696926,0.823394
3.4282,0.661851,0.784514,0.638395,0.640516,0.656217,0.712662,0.739484,0.706387,0.698072,0.824694
3.4284,0.661722,0.785685,0.637528,0.640002,0.656231,0.71319,0.740763,0.704656,0.698606,0.825269
3.4286,0.662437,0.786208,0.636986,0.639765,0.656313,0.71399,0.741888,0.703197,0.698643,0.824771
3.4288,0.663898,0.785745,0.636924,0.639604,0.656596,0.714352,0.742605,0.702068,0.698568,0.82362
3.429,0.665313,0.784363,0.637113,0.639387,0.657306,0.713882,0.742601,0.702787,0.698481,0.824124
3.4292,0.665847,0.782656,0.636901,0.639518,0.658269,0.712849,0.742791,0.706394,0.6985,0.825865
3.4294,0.66574,0.781438,0.635995,0.640818,0.659041,0.711783,0.742353,0.710075,0.698157,0.827529
3.4296,0.666118,0.781247,0.634882,0.642375,0.659434,0.711254,0.741627,0.710742,0.698126,0.82817
3.4298,0.666135,0.781419,0.633866,0.643016,0.65999,0.711542,0.743298,0.708215,0.699534,0.826862
3.43,0.665567,0.781594,0.633704,0.643194,0.660944,0.712393,0.747217,0.704686,0.702132,0.824863
3.4302,0.664562,0.781612,0.633945,0.643626,0.66161,0.712987,0.749854,0.702597,0.704571,0.823308
3.4304,0.664082,0.780691,0.633789,0.64396,0.66161,0.712886,0.748469,0.703273,0.705145,0.82274
3.4306,0.664336,0.779119,0.633142,0.644327,0.660928,0.712929,0.745081,0.705646,0.703584,0.823393
3.4308,0.665612,0.777943,0.632499,0.644732,0.659901,0.713084,0.743891,0.708307,0.701163,0.82423
3.431,0.666642,0.777443,0.632077,0.644461,0.659787,0.713125,0.745663,0.709664,0.699508,0.824324
3.4312,0.666463,0.77761,0.631828,0.643858,0.661028,0.712783,0.747678,0.7099,0.699848,0.823844
3.4314,0.665316,0.777772,0.631301,0.64337,0.662449,0.712058,0.748943,0.709065,0.701679,0.822992
3.4316,0.663646,0.777633,0.630367,0.643302,0.663014,0.711334,0.748011,0.707961,0.703524,0.822389
3.4318,0.662268,0.776983,0.629468,0.643216,0.662559,0.711216,0.746759,0.707336,0.704322,0.822358
3.432,0.662097,0.77627,0.629111,0.642649,0.661502,0.711568,0.748119,0.707643,0.703557,0.822726
3.4322,0.663256,0.775862,0.629329,0.641088,0.660486,0.711941,0.751835,0.708522,0.702023,0.823234
3.4324,0.66501,0.775715,0.629752,0.638859,0.660214,0.711951,0.754356,0.709743,0.700757,0.823542
3.4326,0.66618,0.77567,0.629982,0.63678,0.660798,0.711839,0.752729,0.710593,0.700465,0.823485
3.4328,0.665692,0.775588,0.629829,0.635823,0.661658,0.711351,0.748862,0.710933,0.701227,0.823157
3.433,0.66358,0.775257,0.629387,0.6359,0.661903,0.711016,0.745749,0.710508,0.702109,0.822739
3.4332,0.661076,0.774696,0.62894,0.636246,0.661579,0.710895,0.745991,0.709407,0.702472,0.822597
3.4334,0.659677,0.774357,0.628877,0.635511,0.660992,0.710549,0.749898,0.708858,0.702466,0.822505
3.4336,0.659574,0.774437,0.629388,0.633652,0.660776,0.709624,0.752998,0.70929,0.702147,0.822145
3.4338,0.660541,0.774635,0.629975,0.631368,0.66088,0.708958,0.753632,0.709925,0.701684,0.821862
3.434,0.661631,0.774508,0.630055,0.629694,0.660782,0.709217,0.751426,0.710718,0.701085,0.821393
3.4342,0.662222,0.774245,0.629499,0.629016,0.660396,0.709952,0.748117,0.711061,0.700388,0.821106
3.4344,0.66167,0.773801,0.628621,0.62898,0.65978,0.710237,0.747424,0.710432,0.699661,0.821038
3.4346,0.660243,0.773016,0.627978,0.62895,0.659399,0.709753,0.749326,0.709297,0.699455,0.820865
3.4348,0.658511,0.772151,0.627977,0.628843,0.659263,0.708768,0.752676,0.708364,0.699644,0.820586
3.435,0.657712,0.771422,0.628581,0.628411,0.659529,0.707675,0.754446,0.708213,0.700454,0.820083
3.4352,0.65771,0.770876,0.629343,0.627853,0.659634,0.706881,0.752617,0.708907,0.701177,0.819366
3.4354,0.658519,0.770546,0.629792,0.627507,0.659647,0.70673,0.748559,0.709537,0.701278,0.818721
3.4356,0.659168,0.770341,0.629691,0.627528,0.659427,0.706921,0.745125,0.710271,0.700825,0.818092
3.4358,0.659202,0.770044,0.629048,0.627756,0.659179,0.706894,0.743903,0.7109,0.699334,0.817428
3.436,0.658072,0.76954,0.628094,0.62787,0.658734,0.706707,0.744804,0.710875,0.697471,0.816895
3.4362,0.655564,0.768913,0.627345,0.627733,0.657984,0.706512,0.746029,0.709798,0.696464,0.81628
3.4364,0.652989,0.768301,0.627109,0.627456,0.657023,0.706542,0.745932,0.708782,0.696357,0.815489
3.4366,0.65172,0.767766,0.62745,0.62745,0.655976,0.706562,0.744593,0.709207,0.69686,0.814297
3.4368,0.651931,0.766948,0.627759,0.627872,0.655707,0.706225,0.743206,0.710821,0.697447,0.812806
3.437,0.652995,0.766067,0.627477,0.628488,0.656325,0.705381,0.74266,0.711865,0.697458,0.811215
3.4372,0.653693,0.764926,0.626752,0.628998,0.657125,0.70434,0.743315,0.711678,0.696626,0.810049
3.4374,0.653387,0.763595,0.625892,0.629143,0.657164,0.703331,0.743506,0.710732,0.695225,0.809499
3.4376,0.652422,0.762302,0.625254,0.628957,0.656364,0.703332,0.742247,0.709446,0.694123,0.809081
3.4378,0.651382,0.76123,0.624885,0.628809,0.655222,0.70465,0.740608,0.708371,0.694091,0.808565
3.438,0.650734,0.760659,0.624769,0.629155,0.654336,0.706135,0.740504,0.707886,0.694943,0.807738
3.4382,0.650853,0.76039,0.624979,0.630069,0.654146,0.706564,0.740963,0.707904,0.695917,0.80624
3.4384,0.651237,0.759977,0.625082,0.631233,0.654604,0.705665,0.741357,0.70826,0.696345,0.804443
3.4386,0.651689,0.758573,0.624704,0.632134,0.65552,0.704036,0.739911,0.709078,0.695894,0.802849
3.4388,0.651775,0.756478,0.623776,0.63253,0.655935,0.702709,0.737501,0.710824,0.69531,0.801844
3.439,0.65225,0.754609,0.62279,0.632484,0.655353,0.703071,0.735835,0.711875,0.695564,0.801565
3.4392,0.652925,0.753841,0.622112,0.632192,0.654223,0.704363,0.736069,0.711189,0.696603,0.801402
3.4394,0.652795,0.755317,0.622178,0.632004,0.653164,0.705331,0.73675,0.709199,0.697643,0.800754
3.4396,0.651791,0.757609,0.623165,0.63222,0.652564,0.70564,0.737036,0.706838,0.69805,0.799722
3.4398,0.650023,0.758408,0.624295,0.632873,0.65239,0.705268,0.736167,0.705522,0.69773,0.798586
3.44,0.648429,0.75683,0.624737,0.633611,0.652563,0.704374,0.735415,0.705935,0.697481,0.797965
3.4402,0.648361,0.754071,0.624192,0.633559,0.653212,0.70372,0.734566,0.707301,0.697805,0.798701
3.4404,0.650204,0.751936,0.623344,0.632462,0.653975,0.703879,0.73422,0.709484,0.698914,0.800752
3.4406,0.651737,0.751348,0.622837,0.631226,0.65439,0.704739,0.735343,0.709933,0.700438,0.802818
3.4408,0.651677,0.752116,0.622968,0.630678,0.653933,0.705751,0.736791,0.707501,0.702467,0.803886
3.441,0.650111,0.753616,0.62415,0.630759,0.652945,0.706269,0.736691,0.703771,0.704084,0.803514
3.4412,0.648253,0.75502,0.625649,0.631227,0.652441,0.706201,0.73587,0.700221,0.704346,0.802397
3.4414,0.647551,0.755548,0.626472,0.632243,0.652827,0.705785,0.73473,0.698748,0.703856,0.802039
3.4416,0.648788,0.755307,0.626347,0.632587,0.653777,0.7051,0.735686,0.701159,0.703092,0.803077
3.4418,0.651649,0.755203,0.626214,0.63201,0.654458,0.704899,0.737619,0.704632,0.702307,0.805318
3.442,0.654143,0.755776,0.626505,0.631006,0.654579,0.70522,0.738958,0.704857,0.702556,0.807639
3.4422,0.654957,0.756911,0.626776,0.630384,0.65433,0.705469,0.737822,0.700567,0.704253,0.808763
3.4424,0.653409,0.758172,0.626931,0.630214,0.653987,0.705799,0.735135,0.695455,0.706091,0.808553
3.4426,0.650737,0.759282,0.626976,0.630109,0.653751,0.706212,0.733561,0.694869,0.706766,0.808204
3.4428,0.649609,0.759786,0.627244,0.630003,0.653406,0.706277,0.735561,0.698954,0.705499,0.80895
3.443,0.650536,0.759645,0.627543,0.629858,0.653405,0.706004,0.739171,0.703375,0.703654,0.810347
3.4432,0.652389,0.759444,0.628228,0.629671,0.654304,0.705577,0.741705,0.704324,0.702797,0.812024
3.4434,0.654158,0.759661,0.629299,0.629612,0.655212,0.705452,0.741145,0.70136,0.704058,0.812934
3.4436,0.654772,0.760664,0.630307,0.62979,0.655504,0.705699,0.739578,0.697228,0.706157,0.812779
3.4438,0.65419,0.76204,0.630673,0.630121,0.654909,0.706249,0.738691,0.694802,0.707824,0.812549
3.444,0.653013,0.762766,0.630191,0.6304,0.653615,0.707158,0.738655,0.695489,0.708239,0.812934
3.4442,0.651839,0.762904,0.629534,0.630433,0.652944,0.707661,0.738789,0.697943,0.707054,0.814051
3.4444,0.651928,0.76283,0.62966,0.630542,0.653617,0.707082,0.738745,0.700268,0.705845,0.815303
3.4446,0.653686,0.76274,0.630781,0.631026,0.655062,0.705331,0.73842,0.701334,0.705468,0.816062
3.4448,0.655999,0.762727,0.632253,0.631459,0.656442,0.703665,0.737112,0.700988,0.705682,0.816156
3.445,0.657097,0.763074,0.633509,0.631729,0.656863,0.703128,0.736516,0.699184,0.705908,0.815951
3.4452,0.65611,0.763837,0.633809,0.632062,0.656346,0.703492,0.737242,0.697002,0.705541,0.816325
3.4454,0.653885,0.764856,0.632924,0.63239,0.655444,0.704188,0.73863,0.695414,0.704417,0.817393
3.4456,0.651862,0.76566,0.632003,0.632342,0.655008,0.704508,0.739122,0.695086,0.703013,0.818643
3.4458,0.651407,0.765999,0.63157,0.632182,0.655214,0.704021,0.737158,0.695715,0.70244,0.819593
3.446,0.65242,0.76608,0.631566,0.63234,0.65577,0.702874,0.734225,0.697007,0.702148,0.819992
3.4462,0.654363,0.766049,0.63177,0.632679,0.656231,0.701714,0.733414,0.69778,0.701954,0.820042
3.4464,0.655459,0.766518,0.631738,0.633096,0.656827,0.701176,0.734747,0.697322,0.701335,0.820324
3.4466,0.655439,0.767354,0.631842,0.633774,0.657142,0.701486,0.735874,0.695306,0.699987,0.821091
3.4468,0.654809,0.768234,0.632222,0.634645,0.657002,0.702315,0.735019,0.692775,0.698586,0.82213
3.447,0.653972,0.768683,0.632769,0.635295,0.656453,0.702967,0.732907,0.691207,0.69765,0.823046
3.4472,0.65392,0.768704,0.632974,0.635165,0.656007,0.703289,0.731559,0.691202,0.697425,0.823278
3.4474,0.654804,0.768937,0.632565,0.634908,0.655694,0.703234,0.732393,0.69188,0.697281,0.822834
3.4476,0.655555,0.769269,0.631888,0.635699,0.655336,0.702808,0.734458,0.692276,0.696582,0.82237
3.4478,0.656048,0.769584,0.631567,0.637469,0.655302,0.702556,0.734757,0.691775,0.695037,0.822191
3.448,0.656699,0.769155,0.631821,0.639324,0.65564,0.702438,0.734088,0.690269,0.693175,0.822157
3.4482,0.657047,0.768171,0.632317,0.640647,0.656034,0.702315,0.733832,0.688532,0.691858,0.822047
3.4484,0.656509,0.767183,0.632615,0.640645,0.656094,0.702127,0.733729,0.687949,0.691334,0.821398
3.4486,0.655188,0.766519,0.632423,0.639973,0.655764,0.70231,0.732902,0.688711,0.691306,0.820367
3.4488,0.653694,0.765964,0.631755,0.639585,0.655169,0.703076,0.731099,0.690611,0.691136,0.819463
3.449,0.652435,0.765245,0.630978,0.639954,0.654638,0.703468,0.728407,0.692688,0.690406,0.81897
3.4492,0.652013,0.763912,0.630544,0.640841,0.654529,0.703448,0.726194,0.693871,0.689206,0.818958
3.4494,0.652714,0.762135,0.630648,0.641879,0.654915,0.703314,0.725256,0.694203,0.688026,0.818877
3.4496,0.654343,0.760171,0.63103,0.642553,0.655346,0.703164,0.724417,0.694214,0.687403,0.818405
3.4498,0.655373,0.758634,0.631248,0.642623,0.655336,0.702828,0.722595,0.694047,0.68743,0.817372
3.45,0.655163,0.757624,0.631009,0.64238,0.655351,0.702846,0.718888,0.694234,0.687824,0.815943
3.4502,0.653588,0.757151,0.630385,0.642322,0.655464,0.702898,0.714741,0.695,0.687965,0.814293
3.4504,0.652065,0.756694,0.629795,0.642484,0.655354,0.702842,0.712373,0.69576,0.687542,0.812677
3.4506,0.651546,0.755673,0.62942,0.642313,0.655125,0.703136,0.712305,0.696312,0.68698,0.811691
3.4508,0.652189,0.754156,0.629259,0.641457,0.655068,0.703453,0.713361,0.69631,0.686563,0.81127
3.451,0.653367,0.752848,0.629131,0.640284,0.654928,0.704064,0.712179,0.695648,0.686283,0.810888
3.4512,0.653758,0.752253,0.628937,0.639229,0.654366,0.704497,0.707947,0.695184,0.686029,0.810268
3.4514,0.653157,0.752472,0.628454,0.638575,0.653709,0.704266,0.70252,0.69522,0.685655,0.809176
3.4516,0.651805,0.752824,0.627709,0.637994,0.653321,0.703902,0.698901,0.695516,0.68518,0.807802
3.4518,0.650283,0.752893,0.626956,0.637519,0.653367,0.703396,0.698882,0.69639,0.684886,0.806778
3.452,0.64951,0.752311,0.626411,0.637038,0.654082,0.703597,0.700465,0.698148,0.684928,0.806257
3.4522,0.649797,0.751436,0.626004,0.636516,0.654315,0.704636,0.700603,0.69979,0.685182,0.80628
3.4524,0.650536,0.750651,0.62571,0.635319,0.653547,0.706054,0.698213,0.700787,0.685499,0.806408
3.4526,0.650999,0.750045,0.625617,0.633882,0.652612,0.706875,0.694883,0.700644,0.685626,0.806254
3.4528,0.650805,0.749663,0.625161,0.632603,0.65184,0.706647,0.693129,0.700275,0.685418,0.806009
3.453,0.64995,0.749402,0.624105,0.632242,0.651214,0.706003,0.694043,0.700299,0.684851,0.80588
3.4532,0.6488,0.749009,0.622711,0.632864,0.651193,0.705273,0.696274,0.700379,0.684103,0.805444
3.4534,0.648114,0.748436,0.621425,0.633934,0.651899,0.704527,0.697254,0.700089,0.683811,0.804779
3.4536,0.648384,0.747629,0.620909,0.634734,0.652733,0.703906,0.696151,0.699412,0.684116,0.803799
3.4538,0.648984,0.746675,0.62106,0.634863,0.652891,0.703734,0.695079,0.698391,0.684375,0.802636
3.454,0.649383,0.745838,0.621626,0.634719,0.652276,0.703553,0.695426,0.697878,0.684219,0.801868
3.4542,0.648883,0.745269,0.621912,0.634729,0.651352,0.703302,0.696053,0.697578,0.683496,0.801759
3.4544,0.647715,0.745006,0.621951,0.634894,0.650999,0.703212,0.695667,0.697194,0.682568,0.802132
3.4546,0.646425,0.745008,0.622054,0.635192,0.65092,0.703053,0.693704,0.696432,0.68176,0.802605
3.4548,0.645622,0.745094,0.622283,0.635496,0.650639,0.703399,0.691985,0.695556,0.681786,0.802579
3.455,0.645505,0.745189,0.622658,0.635662,0.650363,0.703767,0.692216,0.69436,0.681984,0.801844
3.4552,0.645405,0.74525,0.622524,0.635619,0.650296,0.704038,0.693585,0.69351,0.681858,0.800738
3.4554,0.645214,0.745084,0.622043,0.635444,0.65033,0.704013,0.694578,0.693005,0.681947,0.799905
3.4556,0.644268,0.74461,0.622078,0.635262,0.65064,0.703471,0.69456,0.692816,0.683097,0.799972
3.4558,0.643064,0.743886,0.622523,0.63542,0.651253,0.702693,0.69415,0.691934,0.684579,0.800943
3.456,0.642577,0.742937,0.622614,0.635663,0.651786,0.702335,0.694395,0.68974,0.685146,0.802625
3.4562,0.643491,0.742043,0.622143,0.635582,0.651708,0.702569,0.69526,0.687083,0.68482,0.803884
3.4564,0.644812,0.741731,0.621135,0.634934,0.651117,0.702958,0.696108,0.684804,0.684636,0.803838
3.4566,0.645346,0.741903,0.620567,0.633751,0.650428,0.702906,0.696302,0.683476,0.684903,0.803027
3.4568,0.64488,0.742083,0.620948,0.632735,0.650496,0.702764,0.695774,0.683235,0.685834,0.801604
3.457,0.643768,0.742038,0.623061,0.632827,0.651796,0.702285,0.694429,0.683145,0.68775,0.800639
3.4572,0.642006,0.741858,0.625425,0.63376,0.653259,0.701923,0.693134,0.68234,0.68956,0.800709
3.4574,0.640067,0.741303,0.626364,0.63462,0.653863,0.701718,0.692633,0.680958,0.690386,0.801035
3.4576,0.638945,0.740434,0.626192,0.634889,0.653302,0.7018,0.692615,0.679676,0.690445,0.801514
3.4578,0.638672,0.740358,0.626135,0.634343,0.652029,0.702602,0.692772,0.678954,0.690454,0.801413
3.458,0.639319,0.741696,0.625936,0.633738,0.651518,0.703822,0.692102,0.679108,0.690862,0.800116
3.4582,0.639874,0.743352,0.625391,0.634474,0.652431,0.704264,0.691292,0.680388,0.692104,0.798741
3.4584,0.63968,0.74419,0.625203,0.635283,0.653929,0.703613,0.689612,0.681179,0.69316,0.798106
3.4586,0.63851,0.743699,0.62527,0.635189,0.655219,0.702435,0.688938,0.680864,0.693673,0.798438
3.4588,0.637126,0.742433,0.624951,0.63418,0.655274,0.701568,0.689363,0.68015,0.693619,0.799963
3.459,0.636022,0.741191,0.624074,0.633075,0.654182,0.70192,0.68911,0.679613,0.693442,0.80136
3.4592,0.636362,0.741039,0.623539,0.632643,0.653025,0.70292,0.687411,0.679178,0.693523,0.801846
3.4594,0.637866,0.742365,0.624583,0.632598,0.652645,0.703353,0.686052,0.679824,0.693828,0.8019
3.4596,0.639024,0.744278,0.626591,0.633381,0.653417,0.702662,0.685461,0.681311,0.693381,0.8015
3.4598,0.639208,0.745717,0.628159,0.634956,0.655026,0.701418,0.684977,0.682196,0.692269,0.801245
3.46,0.638424,0.7462,0.628785,0.636759,0.656456,0.700715,0.684456,0.682266,0.69074,0.802036
3.4602,0.637185,0.74646,0.628786,0.637675,0.656937,0.70074,0.683399,0.682066,0.689775,0.80385
3.4604,0.636068,0.746927,0.628449,0.637345,0.656351,0.701652,0.682055,0.681979,0.689459,0.805641
3.4606,0.635636,0.747634,0.628253,0.636314,0.656186,0.702492,0.681316,0.682127,0.68966,0.806755
3.4608,0.63601,0.748212,0.628465,0.635468,0.656718,0.702647,0.681448,0.68281,0.689882,0.806986
3.461,0.636782,0.748669,0.629269,0.635314,0.657597,0.702013,0.682082,0.683757,0.689832,0.807245
3.4612,0.637529,0.749257,0.629973,0.636019,0.658557,0.70109,0.682789,0.684659,0.690194,0.807785
3.4614,0.638351,0.750299,0.630177,0.636731,0.658771,0.70021,0.68341,0.685826,0.690405,0.808305
3.4616,0.63849,0.751802,0.629982,0.637008,0.657863,0.7,0.684253,0.686772,0.690026,0.808707
3.4618,0.638171,0.753156,0.629613,0.637225,0.656567,0.699996,0.684965,0.687353,0.689325,0.809118
3.462,0.637835,0.753428,0.629438,0.637146,0.65564,0.699806,0.685524,0.687044,0.689033,0.809481
3.4622,0.638129,0.752535,0.629827,0.63645,0.655631,0.699428,0.686644,0.686033,0.689442,0.809957
3.4624,0.638932,0.751287,0.630546,0.635633,0.656587,0.699667,0.687424,0.684859,0.69025,0.810688
3.4626,0.640056,0.75077,0.630991,0.635664,0.657483,0.700014,0.68756,0.68505,0.691562,0.811616
3.4628,0.641208,0.751528,0.631175,0.636999,0.657815,0.699373,0.68691,0.686431,0.69215,0.81263
3.463,0.642244,0.753163,0.631556,0.639129,0.657469,0.698158,0.685634,0.688214,0.691431,0.813154
3.4632,0.642419,0.754783,0.632012,0.640818,0.656953,0.697139,0.684901,0.688939,0.69033,0.813229
3.4634,0.642135,0.755591,0.632033,0.640715,0.656365,0.696475,0.685274,0.688285,0.689923,0.813023
3.4636,0.641596,0.755371,0.631596,0.639404,0.655775,0.696731,0.686094,0.686742,0.690695,0.813067
3.4638,0.641042,0.754567,0.63073,0.638,0.655336,0.697609,0.686867,0.686005,0.691985,0.8139
3.464,0.640776,0.753877,0.629674,0.637732,0.655305,0.697915,0.687614,0.686733,0.692305,0.815097
3.4642,0.640972,0.753847,0.629818,0.638082,0.65562,0.697641,0.688272,0.688224,0.69108,0.815968
3.4644,0.641653,0.754409,0.631825,0.638522,0.65609,0.696831,0.689075,0.689409,0.689163,0.816095
3.4646,0.642372,0.754941,0.633597,0.639111,0.656377,0.695737,0.690104,0.68949,0.688011,0.815447
3.4648,0.642539,0.754856,0.633707,0.639743,0.656098,0.695145,0.690669,0.688757,0.688242,0.814617
3.465,0.642215,0.754414,0.631616,0.640495,0.655248,0.695395,0.690111,0.688039,0.689172,0.814301
3.4652,0.641751,0.75361,0.628415,0.641491,0.654498,0.696033,0.689771,0.688433,0.689631,0.814724
3.4654,0.641435,0.752348,0.625861,0.641811,0.654209,0.696307,0.68941,0.689748,0.688805,0.815704
3.4656,0.642148,0.750703,0.625255,0.641568,0.654358,0.696025,0.688331,0.691232,0.686964,0.816686
3.4658,0.643563,0.749336,0.626186,0.641775,0.654688,0.695492,0.686959,0.691951,0.68545,0.817182
3.466,0.644545,0.748609,0.62769,0.642139,0.654872,0.695106,0.685382,0.691426,0.685297,0.817124
3.4662,0.645076,0.748225,0.628072,0.642965,0.654698,0.695059,0.684499,0.690408,0.686254,0.816704
3.4664,0.644839,0.747755,0.627064,0.6438,0.654099,0.695101,0.684174,0.689847,0.687466,0.816264
3.4666,0.643475,0.74674,0.625288,0.643766,0.653194,0.695062,0.682893,0.690593,0.687988,0.816114
3.4668,0.642505,0.745254,0.623331,0.642952,0.652329,0.695393,0.680904,0.69225,0.687198,0.816381
3.467,0.642801,0.743572,0.622143,0.642072,0.651666,0.69568,0.678806,0.693397,0.68542,0.816506
3.4672,0.643396,0.742124,0.621939,0.641735,0.651274,0.696005,0.678295,0.693236,0.684124,0.816022
3.4674,0.644054,0.741142,0.622286,0.642195,0.650976,0.696368,0.680228,0.691938,0.684152,0.814811
3.4676,0.644783,0.740443,0.622374,0.643105,0.650286,0.696994,0.680785,0.690539,0.685239,0.812941
3.4678,0.645312,0.739878,0.621782,0.643652,0.649094,0.697349,0.677451,0.689871,0.687196,0.81116
3.468,0.644834,0.739311,0.620718,0.643449,0.647631,0.6979,0.673091,0.690298,0.689275,0.809817
3.4682,0.643659,0.738779,0.619778,0.642634,0.646186,0.698302,0.670842,0.691553,0.68986,0.808998
3.4684,0.643037,0.738407,0.61941,0.64172,0.64514,0.698476,0.670842,0.692984,0.688861,0.808319
3.4686,0.643277,0.738236,0.619607,0.641244,0.644702,0.698755,0.671336,0.693554,0.686864,0.807502
3.4688,0.643881,0.738225,0.620035,0.641468,0.644487,0.699075,0.670836,0.693452,0.685592,0.806425
3.469,0.644271,0.738325,0.620304,0.642188,0.644139,0.69911,0.669447,0.693116,0.686211,0.805271
3.4692,0.644103,0.738366,0.62021,0.6428,0.643081,0.698883,0.668197,0.692306,0.687813,0.803706
3.4694,0.6434,0.738191,0.619663,0.642531,0.641229,0.698204,0.667895,0.691543,0.688767,0.801826
3.4696,0.642559,0.73801,0.619153,0.641677,0.639207,0.697675,0.668803,0.691229,0.688785,0.799898
3.4698,0.642377,0.738126,0.619386,0.640883,0.637463,0.697472,0.670411,0.691342,0.687936,0.798159
3.47,0.643354,0.738438,0.620176,0.640617,0.636226,0.697574,0.671785,0.691443,0.686812,0.796733
3.4702,0.644206,0.738565,0.620652,0.641068,0.635763,0.698119,0.671848,0.69121,0.68671,0.795563
3.4704,0.644059,0.73876,0.620273,0.641436,0.635751,0.698558,0.671252,0.690885,0.68738,0.794574
3.4706,0.642944,0.738783,0.619262,0.641151,0.635689,0.698313,0.670924,0.690629,0.688345,0.793587
3.4708,0.641221,0.738439,0.618357,0.640128,0.635234,0.697244,0.670868,0.690224,0.688797,0.792632
3.471,0.639975,0.738035,0.618211,0.63967,0.634416,0.696006,0.671341,0.689844,0.688535,0.7918
3.4712,0.639986,0.738046,0.618865,0.640259,0.633551,0.695311,0.672297,0.689872,0.687782,0.791066
3.4714,0.6407,0.73849,0.619795,0.640811,0.633013,0.695406,0.672479,0.689807,0.6874,0.79058
3.4716,0.641138,0.738916,0.620367,0.640965,0.632949,0.695962,0.671957,0.689292,0.687738,0.790319
3.4718,0.641492,0.738965,0.620243,0.641034,0.633714,0.696345,0.671483,0.688409,0.688444,0.790024
3.472,0.641632,0.738537,0.61949,0.640794,0.634973,0.695795,0.671482,0.687947,0.688884,0.789755
3.4722,0.640993,0.73776,0.618548,0.640055,0.635636,0.694714,0.672226,0.688441,0.689185,0.789831
3.4724,0.64031,0.737216,0.617959,0.639139,0.635572,0.694083,0.673668,0.689295,0.689199,0.790286
3.4726,0.639792,0.737391,0.61796,0.638293,0.634922,0.694246,0.675438,0.689874,0.68895,0.791492
3.4728,0.639254,0.738437,0.618481,0.637757,0.634394,0.694753,0.677008,0.689084,0.688955,0.792524
3.473,0.639052,0.739833,0.619085,0.637722,0.634393,0.695185,0.677968,0.687256,0.689398,0.793225
3.4732,0.63971,0.740995,0.619115,0.638232,0.634952,0.694654,0.677864,0.685613,0.689823,0.793542
3.4734,0.640514,0.741709,0.618768,0.639062,0.635517,0.693275,0.677129,0.684796,0.689824,0.793316
3.4736,0.640805,0.74172,0.61907,0.640017,0.636333,0.692258,0.676916,0.685038,0.689473,0.793301
3.4738,0.640186,0.741755,0.620036,0.641178,0.6375,0.692078,0.67672,0.686306,0.688894,0.793686
3.474,0.638607,0.7425,0.621535,0.641884,0.638331,0.692214,0.677149,0.687035,0.689013,0.794273
3.4742,0.637277,0.743521,0.622791,0.641771,0.638885,0.69263,0.676946,0.68658,0.689854,0.795009
3.4744,0.637539,0.743789,0.623461,0.641044,0.639714,0.692433,0.676243,0.685099,0.690959,0.795361
3.4746,0.639649,0.743468,0.623256,0.640409,0.640452,0.691233,0.675473,0.683614,0.691687,0.795097
3.4748,0.641591,0.742972,0.622391,0.64039,0.640256,0.689834,0.674129,0.682957,0.691726,0.794808
3.475,0.641727,0.743093,0.621793,0.640797,0.639334,0.689369,0.671927,0.68351,0.691073,0.794896
3.4752,0.640382,0.744155,0.621776,0.641485,0.638462,0.69063,0.670032,0.684548,0.69034,0.795514
3.4754,0.638293,0.745818,0.622251,0.641832,0.637724,0.692523,0.668205,0.684986,0.690741,0.796484
3.4756,0.637213,0.746853,0.62305,0.64111,0.637308,0.693379,0.666649,0.684001,0.692318,0.797081
3.4758,0.638153,0.746501,0.623557,0.639862,0.637318,0.692681,0.665817,0.682398,0.693957,0.797374
3.476,0.640351,0.74541,0.62339,0.638871,0.637513,0.691559,0.664604,0.682046,0.695035,0.797263
3.4762,0.641613,0.744376,0.623012,0.63867,0.638395,0.69111,0.662991,0.684149,0.695624,0.797536
3.4764,0.641456,0.744266,0.623286,0.639242,0.63969,0.691411,0.661159,0.68646,0.695348,0.799218
3.4766,0.641415,0.745092,0.624228,0.639455,0.640377,0.691966,0.659407,0.686245,0.695032,0.801194
3.4768,0.641644,0.746566,0.62531,0.638699,0.640463,0.692254,0.658724,0.68316,0.695138,0.802205
3.477,0.641835,0.747865,0.62589,0.636999,0.640679,0.692134,0.659213,0.678712,0.695891,0.801142
3.4772,0.641892,0.748411,0.625804,0.635253,0.64125,0.691685,0.660094,0.67536,0.697322,0.798704
3.4774,0.641764,0.748315,0.625381,0.634228,0.641906,0.691178,0.660172,0.675048,0.698971,0.796667
3.4776,0.641494,0.747962,0.625175,0.633733,0.642272,0.690851,0.659288,0.677015,0.699811,0.796267
3.4778,0.641727,0.747946,0.625533,0.633852,0.642341,0.690726,0.658661,0.679607,0.699706,0.797632
3.478,0.643221,0.748873,0.626004,0.635432,0.642608,0.69124,0.659602,0.679733,0.70018,0.799543
3.4782,0.644934,0.750622,0.626396,0.636957,0.6434,0.691798,0.662183,0.676383,0.701107,0.800698
3.4784,0.645366,0.752639,0.626373,0.636461,0.644689,0.691695,0.665008,0.672236,0.701856,0.800406
3.4786,0.644541,0.754292,0.625948,0.633873,0.646065,0.6905,0.66586,0.670352,0.701718,0.79909
3.4788,0.643031,0.755321,0.625165,0.631099,0.64724,0.688787,0.665861,0.6716,0.700691,0.797888
3.479,0.641702,0.755226,0.624177,0.629666,0.647805,0.687235,0.667544,0.674603,0.699332,0.797492
3.4792,0.641693,0.754939,0.623583,0.629852,0.647743,0.686628,0.670051,0.677082,0.698426,0.79843
3.4794,0.643148,0.755693,0.623688,0.630951,0.647725,0.686592,0.671401,0.677745,0.699075,0.800218
3.4796,0.645209,0.757393,0.62453,0.631971,0.648692,0.686395,0.670969,0.677289,0.700788,0.801793
3.4798,0.646195,0.759076,0.625473,0.632251,0.650562,0.685541,0.670331,0.676768,0.701959,0.802723
3.48,0.645505,0.760227,0.625985,0.631683,0.652529,0.684154,0.671121,0.677239,0.701934,0.802959
3.4802,0.643671,0.760107,0.625971,0.630626,0.653781,0.682376,0.673088,0.677908,0.70033,0.802869
3.4804,0.641857,0.758751,0.625619,0.629806,0.653767,0.681112,0.674845,0.678168,0.697904,0.803108
3.4806,0.641627,0.757866,0.625359,0.629842,0.652581,0.681136,0.675685,0.677849,0.696415,0.803643
3.4808,0.642781,0.758379,0.625153,0.631077,0.651187,0.681422,0.676294,0.677516,0.69663,0.804257
3.481,0.644532,0.759704,0.625081,0.632574,0.650497,0.680861,0.677596,0.677258,0.698067,0.804856
3.4812,0.645154,0.760839,0.624758,0.634129,0.65063,0.679383,0.679496,0.677705,0.699356,0.80524
3.4814,0.644125,0.760922,0.62453,0.635249,0.651161,0.677538,0.680786,0.678458,0.699279,0.80553
3.4816,0.642451,0.759554,0.624528,0.635027,0.651433,0.675961,0.680839,0.679014,0.697716,0.806164
3.4818,0.64116,0.757472,0.624798,0.633935,0.651147,0.675101,0.680697,0.679869,0.695604,0.806794
3.482,0.640697,0.756284,0.624735,0.633409,0.65035,0.674956,0.680405,0.680759,0.694307,0.807296
3.4822,0.641005,0.756596,0.624424,0.633711,0.649127,0.675205,0.680264,0.681294,0.694221,0.807939
3.4824,0.641595,0.757661,0.623874,0.634717,0.647996,0.675422,0.680332,0.680842,0.695357,0.808467
3.4826,0.641892,0.758462,0.623634,0.635942,0.646694,0.67535,0.679431,0.679927,0.696548,0.808563
3.4828,0.641604,0.758081,0.623608,0.637077,0.645091,0.675122,0.678908,0.679182,0.696796,0.80877
3.483,0.640898,0.756561,0.623786,0.637406,0.643404,0.675016,0.678822,0.679608,0.695595,0.809603
3.4832,0.640199,0.755247,0.623958,0.636877,0.642306,0.67537,0.679011,0.680812,0.693749,0.810527
3.4834,0.639828,0.75536,0.623821,0.636126,0.641777,0.675792,0.677741,0.681808,0.692398,0.810561
3.4836,0.63964,0.756521,0.622996,0.635579,0.641687,0.676066,0.674997,0.682088,0.69257,0.809339
3.4838,0.640057,0.757456,0.621879,0.635272,0.641111,0.676479,0.671997,0.682204,0.693704,0.807153
3.484,0.640852,0.757132,0.621115,0.635564,0.639506,0.67715,0.670935,0.682027,0.695202,0.805184
3.4842,0.641629,0.755788,0.62089,0.636276,0.637369,0.677653,0.672889,0.681493,0.695691,0.804152
3.4844,0.641827,0.754128,0.621238,0.636395,0.635582,0.677726,0.674202,0.681399,0.695413,0.804193
3.4846,0.641037,0.753595,0.621656,0.635309,0.634654,0.677302,0.672422,0.681428,0.694693,0.804659
3.4848,0.639833,0.754323,0.621865,0.633211,0.634484,0.676638,0.669082,0.681265,0.694302,0.804138
3.485,0.63881,0.755685,0.622141,0.630902,0.634509,0.676195,0.666136,0.681832,0.693969,0.802184
3.4852,0.638838,0.756916,0.622681,0.629276,0.634207,0.676395,0.664805,0.683414,0.693646,0.799914
3.4854,0.639437,0.757229,0.622851,0.628975,0.633452,0.677255,0.664906,0.684944,0.692869,0.797621
3.4856,0.640151,0.756149,0.622745,0.629411,0.632499,0.678365,0.665076,0.685805,0.69208,0.796037
3.4858,0.640274,0.754626,0.622563,0.63022,0.631761,0.679203,0.66512,0.685537,0.691706,0.795317
3.486,0.639676,0.754013,0.622191,0.629956,0.63144,0.679412,0.665162,0.684589,0.692002,0.794614
3.4862,0.638495,0.754582,0.622131,0.628511,0.631405,0.678955,0.665121,0.683727,0.69265,0.793869
3.4864,0.63714,0.755214,0.622136,0.626553,0.631443,0.67821,0.665677,0.683415,0.692631,0.792434
3.4866,0.636407,0.754905,0.621983,0.624789,0.631402,0.67774,0.66727,0.68393,0.691895,0.790089
3.4868,0.636332,0.753921,0.621715,0.623807,0.631154,0.67789,0.668594,0.684747,0.690918,0.787805
3.487,0.636293,0.752932,0.621625,0.623373,0.630705,0.678223,0.669164,0.684877,0.6902,0.786082
3.4872,0.636155,0.75205,0.622136,0.623087,0.630297,0.678058,0.670537,0.684135,0.690439,0.785091
3.4874,0.636284,0.751405,0.622871,0.622406,0.630099,0.677059,0.672147,0.682736,0.691143,0.784938
3.4876,0.636426,0.751244,0.623309,0.621416,0.630208,0.675539,0.673126,0.681877,0.691957,0.784944
3.4878,0.636255,0.751508,0.623101,0.620632,0.630564,0.673919,0.672806,0.682255,0.692565,0.784624
3.488,0.635867,0.751628,0.622439,0.620374,0.631013,0.672828,0.673002,0.68358,0.692653,0.784026
3.4882,0.63552,0.751141,0.621806,0.620532,0.631405,0.672602,0.676086,0.68419,0.692075,0.783212
3.4884,0.635223,0.750487,0.621603,0.620725,0.631691,0.672536,0.681009,0.683549,0.691509,0.782557
3.4886,0.63514,0.749818,0.621903,0.620727,0.632228,0.672564,0.68492,0.681945,0.691245,0.782197
3.4888,0.635053,0.749604,0.622333,0.620512,0.632842,0.671839,0.686807,0.680669,0.691338,0.782206
3.489,0.635145,0.750422,0.622408,0.620203,0.633551,0.670765,0.687382,0.68025,0.691718,0.782731
3.4892,0.635537,0.751552,0.622125,0.619917,0.63369,0.669607,0.687305,0.681203,0.69176,0.783595
3.4894,0.636137,0.751892,0.621533,0.620091,0.632929,0.668279,0.6872,0.68304,0.691514,0.784377
3.4896,0.636211,0.750988,0.62129,0.621167,0.631894,0.667293,0.687536,0.684096,0.691066,0.784534
3.4898,0.635295,0.749528,0.62136,0.62287,0.631529,0.666837,0.688424,0.684196,0.690088,0.783935
3.49,0.634023,0.748178,0.621397,0.624279,0.632466,0.666567,0.689089,0.68341,0.689299,0.783275
3.4902,0.633091,0.74765,0.621204,0.624553,0.63385,0.666161,0.688486,0.682471,0.689426,0.783606
3.4904,0.632774,0.748314,0.620525,0.623641,0.635013,0.665657,0.687468,0.682447,0.69028,0.785267
3.4906,0.633128,0.749763,0.619922,0.623016,0.634974,0.665327,0.686912,0.683105,0.69152,0.787335
3.4908,0.633952,0.751294,0.619581,0.623401,0.634015,0.665409,0.686397,0.683711,0.69289,0.788827
3.491,0.634672,0.751709,0.619675,0.624947,0.632408,0.665827,0.684467,0.683663,0.693378,0.789328
3.4912,0.634814,0.750889,0.620023,0.627185,0.631395,0.666342,0.682077,0.683338,0.69252,0.789386
3.4914,0.634338,0.749336,0.620137,0.628886,0.632977,0.666766,0.681289,0.683488,0.691629,0.789056
3.4916,0.633538,0.748238,0.619343,0.629477,0.636351,0.666908,0.681668,0.683853,0.691775,0.788408
3.4918,0.633052,0.74832,0.617951,0.629186,0.638845,0.666612,0.681174,0.68363,0.692606,0.787665
3.492,0.633945,0.749681,0.616654,0.628793,0.639109,0.666452,0.678416,0.683591,0.693425,0.786987
3.4922,0.63533,0.751499,0.616333,0.628691,0.637491,0.667193,0.674215,0.684,0.693379,0.78733
3.4924,0.636331,0.753242,0.616772,0.629015,0.635535,0.668639,0.671336,0.683996,0.692157,0.78822
3.4926,0.636085,0.754195,0.617091,0.630164,0.634889,0.669739,0.670589,0.683641,0.690751,0.78977
3.4928,0.634676,0.753899,0.616566,0.63155,0.636531,0.669881,0.670496,0.683305,0.690307,0.792192
3.493,0.633329,0.752553,0.615543,0.632533,0.639488,0.669281,0.669828,0.682898,0.691403,0.794245
3.4932,0.632839,0.7512,0.614713,0.632872,0.642015,0.668604,0.668,0.682212,0.693458,0.795142
3.4934,0.63321,0.750866,0.614542,0.632937,0.642878,0.668589,0.666122,0.681638,0.69496,0.795588
3.4936,0.634268,0.751939,0.614984,0.632883,0.642095,0.669477,0.66502,0.681091,0.694803,0.796095
3.4938,0.635312,0.753459,0.615602,0.633075,0.640595,0.670828,0.664473,0.680875,0.693109,0.797406
3.494,0.635746,0.754415,0.615895,0.633253,0.639597,0.671655,0.663996,0.680818,0.691294,0.798856
3.4942,0.635367,0.75427,0.615729,0.633621,0.640097,0.671769,0.663465,0.680859,0.690351,0.799551
3.4944,0.634537,0.753168,0.615672,0.634628,0.64189,0.67152,0.663274,0.681531,0.690821,0.800092
3.4946,0.634169,0.751775,0.615671,0.635717,0.643924,0.67101,0.663642,0.68243,0.69186,0.800294
3.4948,0.634478,0.75121,0.615851,0.635553,0.645064,0.67093,0.66459,0.682252,0.691989,0.800335
3.495,0.635523,0.751611,0.616233,0.634245,0.644646,0.671451,0.66587,0.680944,0.69145,0.801133
3.4952,0.635912,0.752435,0.616381,0.633116,0.643332,0.672361,0.666728,0.679523,0.690673,0.802554
3.4954,0.635117,0.752787,0.616143,0.633135,0.642067,0.673005,0.666879,0.6788,0.690092,0.803957
3.4956,0.633559,0.75209,0.615346,0.633847,0.641786,0.672974,0.66636,0.679112,0.689601,0.805034
3.4958,0.631881,0.75043,0.614379,0.634874,0.642178,0.672315,0.66542,0.680335,0.689403,0.805416
3.496,0.63113,0.748219,0.613501,0.636007,0.642816,0.672114,0.66517,0.682127,0.689626,0.805461
3.4962,0.632846,0.746405,0.612957,0.63651,0.643776,0.67258,0.666959,0.68299,0.689854,0.805874
3.4964,0.635403,0.745426,0.613427,0.636655,0.644837,0.673643,0.670465,0.68245,0.689991,0.807073
3.4966,0.636011,0.745237,0.614074,0.63659,0.645466,0.675028,0.673671,0.681391,0.689714,0.809092
3.4968,0.634151,0.745871,0.614015,0.636469,0.645259,0.675853,0.674844,0.68083,0.688961,0.811088
3.497,0.631173,0.746193,0.613212,0.636297,0.644314,0.675612,0.674157,0.681139,0.687936,0.811812
3.4972,0.629124,0.7456,0.611825,0.635926,0.64372,0.675142,0.673195,0.682067,0.687449,0.811202
3.4974,0.628524,0.744148,0.610411,0.636082,0.643955,0.674596,0.673939,0.682693,0.687747,0.809852
3.4976,0.628771,0.742298,0.610194,0.637579,0.644885,0.674259,0.676525,0.682608,0.688588,0.808583
3.4978,0.62933,0.741192,0.612136,0.639583,0.645928,0.674742,0.679942,0.682211,0.689537,0.80852
3.498,0.62968,0.741298,0.614794,0.64056,0.646515,0.675567,0.68244,0.682055,0.689786,0.809547
3.4982,0.629552,0.74221,0.616199,0.640129,0.646339,0.676153,0.683157,0.68184,0.689293,0.810755
3.4984,0.628716,0.743315,0.615568,0.638837,0.645507,0.676452,0.681968,0.681301,0.688719,0.811224
3.4986,0.627339,0.74384,0.61389,0.638115,0.644694,0.676825,0.681496,0.68026,0.688935,0.810509
3.4988,0.626273,0.743636,0.612547,0.638217,0.644287,0.677055,0.682744,0.678961,0.689606,0.808689
3.499,0.626231,0.743116,0.61221,0.639206,0.645053,0.677075,0.684639,0.677619,0.690196,0.806943
3.4992,0.626831,0.742712,0.612998,0.639886,0.64639,0.67699,0.685722,0.677063,0.690676,0.806146
3.4994,0.627416,0.742771,0.614437,0.640063,0.647071,0.67702,0.685644,0.677061,0.690193,0.805888
3.4996,0.627393,0.743219,0.615529,0.640205,0.646892,0.676996,0.684209,0.676832,0.688984,0.805527
3.4998,0.626746,0.743535,0.615479,0.640167,0.645734,0.677461,0.682287,0.676,0.688276,0.804096
3.5,0.625904,0.743983,0.614819,0.640102,0.643778,0.678501,0.680706,0.674234,0.68889,0.801755
3.5002,0.625465,0.744502,0.614638,0.639739,0.6421,0.679618,0.680976,0.671959,0.690006,0.79926
3.5004,0.625709,0.744559,0.615171,0.639419,0.641634,0.680086,0.681552,0.670121,0.690392,0.797104
3.5006,0.626038,0.744167,0.615824,0.639062,0.642238,0.679703,0.680674,0.669206,0.690076,0.795771
3.5008,0.626159,0.743376,0.616059,0.638748,0.643329,0.678719,0.677489,0.669026,0.689474,0.795024
3.501,0.626511,0.742543,0.615612,0.639071,0.644026,0.678126,0.67402,0.668933,0.688803,0.794334
3.5012,0.626909,0.741997,0.614757,0.639377,0.643863,0.67815,0.672188,0.668275,0.688791,0.793439
3.5014,0.626909,0.742077,0.614274,0.638982,0.642761,0.679344,0.672668,0.666747,0.689687,0.79231
3.5016,0.626383,0.742524,0.614652,0.637901,0.641122,0.681355,0.6745,0.664845,0.690732,0.791156
3.5018,0.625545,0.742977,0.615605,0.63724,0.639662,0.682526,0.675099,0.663563,0.691009,0.790229
3.502,0.62473,0.742621,0.616496,0.636921,0.639093,0.682187,0.673221,0.663378,0.69012,0.78958
3.5022,0.624362,0.741545,0.616812,0.637335,0.639438,0.680528,0.670809,0.663984,0.688661,0.789296
3.5024,0.624679,0.740539,0.616348,0.637536,0.640024,0.678721,0.669443,0.664647,0.687386,0.788933
3.5026,0.625413,0.7402,0.615268,0.636872,0.640316,0.677745,0.669555,0.66478,0.686965,0.788473
3.5028,0.625969,0.74044,0.614261,0.63568,0.640173,0.67812,0.671232,0.664363,0.687689,0.788297
3.503,0.625933,0.740519,0.614036,0.634743,0.639652,0.679462,0.673208,0.663757,0.688783,0.788328
3.5032,0.625156,0.739876,0.614666,0.634406,0.63922,0.680193,0.674187,0.663344,0.689399,0.788165
3.5034,0.62387,0.738691,0.615271,0.6343,0.638915,0.679782,0.674152,0.663603,0.689101,0.787547
3.5036,0.622882,0.73748,0.615204,0.634631,0.638769,0.678763,0.673995,0.664324,0.687905,0.78641
3.5038,0.622767,0.737206,0.61438,0.634819,0.638582,0.677723,0.67422,0.66482,0.686695,0.785013
3.504,0.623677,0.737948,0.613039,0.63433,0.638157,0.677081,0.674563,0.664749,0.685979,0.783917
3.5042,0.624379,0.738771,0.61173,0.634268,0.637587,0.676985,0.675445,0.664235,0.686286,0.783645
3.5044,0.623948,0.739092,0.611322,0.635188,0.637779,0.677438,0.676806,0.66361,0.686883,0.784255
3.5046,0.622241,0.738477,0.611634,0.636175,0.638923,0.678027,0.677879,0.663302,0.687307,0.785088
3.5048,0.620364,0.737288,0.612201,0.636338,0.640536,0.678108,0.678159,0.66367,0.687427,0.785318
3.505,0.619646,0.736041,0.612448,0.635446,0.641858,0.677461,0.678132,0.66452,0.686962,0.784655
3.5052,0.619708,0.735407,0.611832,0.634092,0.642524,0.676331,0.678211,0.665376,0.686113,0.783436
3.5054,0.619631,0.735159,0.610532,0.633098,0.642638,0.675148,0.679667,0.665983,0.68528,0.782599
3.5056,0.620102,0.734819,0.609236,0.633008,0.642472,0.674919,0.68227,0.666228,0.685157,0.782879
3.5058,0.622208,0.734827,0.608356,0.634182,0.642033,0.675299,0.684493,0.666039,0.685802,0.78437
3.506,0.624317,0.73464,0.608173,0.635878,0.641341,0.675861,0.686029,0.665617,0.686397,0.786571
3.5062,0.624001,0.73414,0.608368,0.636981,0.641098,0.67652,0.687243,0.665563,0.686338,0.78804
3.5064,0.621099,0.733464,0.608531,0.636758,0.641694,0.676714,0.687813,0.666165,0.685944,0.78754
3.5066,0.6177,0.732674,0.608579,0.635768,0.642829,0.675853,0.687253,0.666801,0.685372,0.785175
3.5068,0.615718,0.731889,0.609242,0.634649,0.643806,0.67488,0.686226,0.666158,0.685489,0.782044
3.507,0.61706,0.731577,0.610039,0.634318,0.644336,0.674145,0.685298,0.664766,0.686361,0.781206
3.5072,0.621415,0.731857,0.610405,0.635208,0.644474,0.674692,0.685918,0.663938,0.687728,0.78304
3.5074,0.625587,0.732469,0.61056,0.636641,0.644278,0.676837,0.687122,0.664747,0.68845,0.786312
3.5076,0.626604,0.733467,0.610499,0.637721,0.644339,0.679057,0.687172,0.666953,0.688431,0.789297
3.5078,0.624796,0.734494,0.610381,0.638327,0.645296,0.679299,0.685056,0.669278,0.687558,0.790271
3.508,0.62287,0.734806,0.610413,0.638489,0.646906,0.677629,0.681148,0.669965,0.687026,0.789166
3.5082,0.622003,0.734325,0.610567,0.639267,0.647661,0.675081,0.67902,0.668973,0.687246,0.787308
3.5084,0.62305,0.734025,0.610582,0.64039,0.647169,0.673164,0.678367,0.667533,0.688024,0.785822
3.5086,0.625418,0.734633,0.610489,0.640961,0.646431,0.673147,0.67858,0.667383,0.689082,0.785995
3.5088,0.626843,0.735796,0.610827,0.640271,0.645914,0.674665,0.677691,0.66869,0.689797,0.788127
3.509,0.626659,0.736525,0.611538,0.638672,0.646023,0.675985,0.676108,0.670049,0.689755,0.790544
3.5092,0.626117,0.736354,0.612094,0.636711,0.646869,0.676314,0.673937,0.670896,0.688874,0.792249
3.5094,0.626208,0.735656,0.61205,0.635216,0.648272,0.675893,0.671839,0.670775,0.687898,0.792944
3.5096,0.626576,0.735173,0.61152,0.634946,0.648918,0.675055,0.670376,0.670332,0.687145,0.792921
3.5098,0.626888,0.73558,0.610974,0.63698,0.648287,0.674381,0.669937,0.670954,0.686848,0.793081
3.51,0.627102,0.736807,0.61087,0.640181,0.647642,0.674272,0.669178,0.672343,0.687138,0.793505
3.5102,0.626947,0.738169,0.611383,0.641109,0.647796,0.674695,0.667565,0.673786,0.687849,0.794493
3.5104,0.626563,0.739026,0.612284,0.639062,0.648699,0.675268,0.667232,0.674568,0.68842,0.795699
3.5106,0.626985,0.739116,0.613044,0.634984,0.649765,0.675564,0.66846,0.674315,0.688328,0.796806
3.5108,0.628319,0.738647,0.613049,0.631067,0.650422,0.675354,0.669755,0.673937,0.687656,0.797738
3.511,0.629466,0.738071,0.611937,0.628956,0.650757,0.675078,0.670454,0.674969,0.686912,0.798265
3.5112,0.629773,0.73779,0.610823,0.628722,0.650498,0.675109,0.67042,0.677178,0.686826,0.798589
3.5114,0.629491,0.738116,0.610603,0.629792,0.650373,0.675382,0.670626,0.678327,0.687933,0.798555
3.5116,0.628523,0.738542,0.611405,0.630467,0.650597,0.676038,0.672323,0.677827,0.689654,0.798255
3.5118,0.627718,0.738647,0.612563,0.629436,0.65108,0.676464,0.675065,0.676257,0.690324,0.797944
3.512,0.628596,0.738063,0.613158,0.62738,0.651167,0.676305,0.677182,0.674242,0.689029,0.797909
3.5122,0.630566,0.73704,0.612729,0.626079,0.650816,0.675482,0.678221,0.673507,0.686375,0.798046
3.5124,0.631932,0.736089,0.61137,0.627026,0.650798,0.675015,0.679148,0.675098,0.684241,0.798358
3.5126,0.631451,0.735709,0.609996,0.629594,0.65132,0.675377,0.679827,0.677214,0.685298,0.798608
3.5128,0.628901,0.736178,0.609483,0.631354,0.652411,0.676162,0.680066,0.677216,0.688577,0.798395
3.513,0.626214,0.737232,0.609866,0.630953,0.653174,0.676938,0.68163,0.675219,0.691451,0.798135
3.5132,0.625627,0.737904,0.610584,0.629765,0.653401,0.677556,0.685572,0.672647,0.691755,0.797809
3.5134,0.627089,0.73744,0.611125,0.629615,0.653549,0.677993,0.690599,0.670808,0.6886,0.797763
3.5136,0.629403,0.73621,0.611134,0.63051,0.653949,0.678088,0.694066,0.670321,0.684533,0.798394
3.5138,0.63079,0.734892,0.610451,0.63189,0.654227,0.677732,0.695086,0.670727,0.68182,0.798746
3.514,0.629981,0.734188,0.609523,0.633266,0.654521,0.677989,0.695133,0.671351,0.681271,0.798676
3.5142,0.627248,0.734142,0.609477,0.63361,0.654595,0.679408,0.696365,0.671175,0.682768,0.798167
3.5144,0.624445,0.734171,0.610852,0.633376,0.654327,0.681136,0.69949,0.669748,0.684831,0.797181
3.5146,0.623295,0.733861,0.612313,0.634038,0.654211,0.682133,0.702817,0.667668,0.685808,0.796359
3.5148,0.624236,0.733255,0.612561,0.635799,0.654663,0.682135,0.704709,0.666046,0.684842,0.795846
3.515,0.626077,0.732532,0.611678,0.637379,0.655358,0.682084,0.704882,0.665636,0.682404,0.795528
3.5152,0.627698,0.731929,0.610755,0.638146,0.655902,0.682584,0.703961,0.66605,0.679847,0.795537
3.5154,0.627895,0.731534,0.610366,0.637877,0.655763,0.683491,0.703803,0.666373,0.678411,0.795625
3.5156,0.626443,0.731314,0.610606,0.636553,0.654952,0.683851,0.704105,0.666084,0.678521,0.795614
3.5158,0.624401,0.731221,0.611335,0.635493,0.654115,0.683948,0.704696,0.665204,0.67953,0.795571
3.516,0.623196,0.73115,0.612092,0.636043,0.654129,0.683969,0.704888,0.664269,0.680373,0.795399
3.5162,0.623398,0.731051,0.61243,0.63769,0.654594,0.68363,0.704845,0.663882,0.680353,0.794999
3.5164,0.624557,0.730968,0.612386,0.639079,0.655037,0.68353,0.704776,0.66425,0.679496,0.794453
3.5166,0.625695,0.73079,0.612407,0.639358,0.654958,0.683659,0.703635,0.66507,0.67835,0.794021
3.5168,0.625948,0.730365,0.61265,0.638239,0.654128,0.684324,0.701904,0.665824,0.677428,0.794006
3.517,0.625102,0.730012,0.612799,0.636117,0.652983,0.684907,0.699722,0.665813,0.676842,0.794301
3.5172,0.623762,0.729926,0.61271,0.634581,0.651748,0.684631,0.697424,0.66546,0.676752,0.794397
3.5174,0.623166,0.730041,0.612492,0.63455,0.650702,0.684025,0.695423,0.665548,0.677017,0.793603
3.5176,0.62379,0.729935,0.612589,0.635156,0.650579,0.683648,0.694005,0.666187,0.677122,0.792
3.5178,0.624858,0.729316,0.613112,0.635437,0.651063,0.683486,0.693044,0.666649,0.676859,0.790246
3.518,0.625345,0.728319,0.613796,0.634701,0.651961,0.68322,0.691785,0.666434,0.676337,0.789024
3.5182,0.624877,0.727398,0.614339,0.632997,0.652507,0.682669,0.689857,0.66551,0.675648,0.788796
3.5184,0.623875,0.726996,0.614457,0.631575,0.65207,0.682011,0.687274,0.664616,0.674971,0.789392
3.5186,0.623022,0.727167,0.61425,0.630627,0.650752,0.681489,0.684567,0.664544,0.674531,0.789993
3.5188,0.623112,0.727665,0.614019,0.629567,0.649256,0.68123,0.68276,0.665309,0.674427,0.790023
3.519,0.624105,0.728118,0.613972,0.627957,0.648109,0.681168,0.682479,0.666359,0.674627,0.789221
3.5192,0.625134,0.728177,0.614238,0.625984,0.647939,0.680938,0.683264,0.667142,0.674963,0.787742
3.5194,0.625407,0.72773,0.614742,0.624489,0.648827,0.680382,0.683854,0.667412,0.675049,0.786456
3.5196,0.624818,0.727029,0.615081,0.623536,0.649851,0.680066,0.68362,0.667224,0.674625,0.786097
3.5198,0.623577,0.726449,0.614918,0.623053,0.649769,0.68007,0.683288,0.667016,0.673718,0.786143
3.52,0.622283,0.726128,0.614291,0.622683,0.64834,0.680415,0.683848,0.667236,0.672859,0.786302
3.5202,0.622497,0.725817,0.613324,0.621963,0.646639,0.680941,0.684969,0.667759,0.672233,0.785682
3.5204,0.624043,0.725231,0.612697,0.620879,0.645563,0.681047,0.687021,0.66828,0.672445,0.784354
3.5206,0.625403,0.724247,0.612458,0.619622,0.645646,0.680286,0.68932,0.66815,0.672972,0.78269
3.5208,0.625204,0.72317,0.612563,0.618668,0.646243,0.679916,0.690784,0.66797,0.672685,0.781432
3.521,0.623311,0.722481,0.612789,0.618494,0.646905,0.679812,0.690824,0.667888,0.671322,0.780972
3.5212,0.620777,0.722287,0.612709,0.619136,0.646828,0.679553,0.690905,0.667674,0.669384,0.781184
3.5214,0.619266,0.723172,0.612309,0.62003,0.646013,0.679334,0.691397,0.667266,0.667554,0.780999
3.5216,0.619165,0.724533,0.611861,0.620556,0.645485,0.67995,0.693233,0.666447,0.667209,0.780059
3.5218,0.620178,0.726961,0.611639,0.620476,0.645436,0.680667,0.695528,0.665563,0.668101,0.778467
3.522,0.620926,0.729976,0.611312,0.620058,0.645758,0.680413,0.697519,0.665192,0.669088,0.777019
3.5222,0.620392,0.731892,0.610883,0.619832,0.646487,0.679867,0.698343,0.667398,0.668894,0.776179
3.5224,0.618159,0.732527,0.610418,0.620085,0.646944,0.679631,0.699718,0.670481,0.667124,0.77621
3.5226,0.615826,0.73202,0.609932,0.620637,0.646886,0.679704,0.702244,0.671603,0.664725,0.777761
3.5228,0.615357,0.730728,0.609542,0.621447,0.646391,0.680074,0.705214,0.670097,0.662984,0.779771
3.523,0.616969,0.729574,0.609287,0.622304,0.645609,0.680419,0.706919,0.667393,0.6626,0.781006
3.5232,0.619488,0.729369,0.609168,0.623011,0.645391,0.680515,0.707326,0.665249,0.663132,0.780783
3.5234,0.621184,0.730011,0.609164,0.623416,0.645688,0.680292,0.708083,0.6648,0.663712,0.780137
3.5236,0.620735,0.730875,0.609212,0.623429,0.646142,0.679837,0.708536,0.665898,0.663611,0.780158
3.5238,0.619638,0.731343,0.609289,0.623522,0.646451,0.679303,0.708429,0.667346,0.662797,0.781121
3.524,0.619173,0.731147,0.609393,0.623985,0.646389,0.678936,0.707865,0.667936,0.661835,0.78211
3.5242,0.619465,0.730503,0.609506,0.624557,0.646033,0.679004,0.707556,0.66747,0.661367,0.782547
3.5244,0.620388,0.729996,0.609572,0.624926,0.64546,0.679501,0.708534,0.666625,0.661634,0.782679
3.5246,0.621303,0.730042,0.609555,0.625308,0.645177,0.679926,0.711279,0.666122,0.66243,0.78283
3.5248,0.622344,0.730618,0.60944,0.62553,0.64578,0.679899,0.713136,0.666703,0.663847,0.783818
3.525,0.622878,0.731067,0.609139,0.625374,0.647081,0.679324,0.713922,0.668463,0.664856,0.785311
3.5252,0.623128,0.730769,0.608898,0.625456,0.648299,0.678209,0.713111,0.670666,0.66511,0.785997
3.5254,0.623389,0.729839,0.609194,0.625654,0.64836,0.677219,0.710001,0.671949,0.664639,0.785791
3.5256,0.623224,0.729389,0.609767,0.625923,0.64707,0.677018,0.707988,0.671747,0.664128,0.784634
3.5258,0.622547,0.730016,0.610105,0.625826,0.645615,0.677429,0.709015,0.670751,0.66371,0.783101
3.526,0.62227,0.731534,0.610012,0.625455,0.644701,0.677968,0.710965,0.669855,0.663312,0.782438
3.5262,0.622624,0.732788,0.609613,0.625777,0.644587,0.677911,0.710421,0.669707,0.662982,0.783081
3.5264,0.623445,0.732786,0.609215,0.627027,0.645383,0.677044,0.708644,0.670419,0.663204,0.784521
3.5266,0.623937,0.732001,0.609145,0.628162,0.646659,0.676314,0.707898,0.671774,0.664056,0.78552
3.5268,0.623579,0.731622,0.609496,0.628229,0.647492,0.676102,0.709067,0.672711,0.665179,0.785962
3.527,0.622614,0.732752,0.610103,0.627241,0.647538,0.676377,0.710531,0.673303,0.666079,0.78643
3.5272,0.622005,0.734751,0.610629,0.626009,0.646936,0.676966,0.711116,0.673622,0.666478,0.786749
3.5274,0.622341,0.736483,0.610739,0.625409,0.64622,0.677448,0.711261,0.674247,0.666358,0.786574
3.5276,0.623499,0.736401,0.610383,0.625736,0.645912,0.677694,0.71091,0.674385,0.666216,0.785476
3.5278,0.624836,0.734793,0.609806,0.626963,0.646225,0.677874,0.710789,0.674151,0.666757,0.784098
3.528,0.625897,0.733209,0.609389,0.628253,0.646804,0.677956,0.711452,0.673195,0.667798,0.783338
3.5282,0.625834,0.732772,0.60937,0.628693,0.646728,0.677886,0.711711,0.671575,0.668508,0.783048
3.5284,0.625511,0.733642,0.609523,0.62829,0.646109,0.677787,0.712888,0.670296,0.668734,0.783207
3.5286,0.625515,0.735164,0.609607,0.627213,0.646059,0.677728,0.714692,0.669459,0.668619,0.783731
3.5288,0.625937,0.736495,0.609724,0.626282,0.647832,0.677812,0.715385,0.668638,0.668309,0.784642
3.529,0.626408,0.737181,0.609864,0.626089,0.64976,0.6777,0.714881,0.66783,0.668621,0.786713
3.5292,0.627069,0.736824,0.609781,0.626709,0.650038,0.677721,0.713931,0.667211,0.669855,0.788715
3.5294,0.627391,0.735979,0.609301,0.627425,0.648991,0.677831,0.713003,0.66667,0.671175,0.78999
3.5296,0.626721,0.735049,0.60878,0.628134,0.647746,0.678061,0.71365,0.66629,0.671873,0.79004
3.5298,0.625711,0.734694,0.608214,0.62889,0.647349,0.678073,0.716044,0.666192,0.671985,0.789173
3.53,0.625668,0.734808,0.607737,0.629221,0.648203,0.678054,0.717821,0.66632,0.671461,0.788342
3.5302,0.626329,0.735295,0.607458,0.629101,0.649935,0.677853,0.717594,0.666499,0.671317,0.788155
3.5304,0.627024,0.735944,0.607499,0.628534,0.651495,0.677869,0.716957,0.666611,0.671733,0.78886
3.5306,0.627734,0.736109,0.607991,0.627654,0.6521,0.677788,0.715669,0.666626,0.672311,0.790095
3.5308,0.627747,0.735849,0.608089,0.627194,0.651564,0.677529,0.714408,0.666441,0.67309,0.791282
3.531,0.627434,0.735326,0.607443,0.627726,0.649933,0.677273,0.714807,0.666279,0.673365,0.791947
3.5312,0.627387,0.734649,0.606249,0.628654,0.648222,0.676883,0.715149,0.66679,0.673146,0.792041
3.5314,0.627575,0.734245,0.605284,0.6289,0.6477,0.676492,0.714263,0.667795,0.672514,0.791454
3.5316,0.628221,0.734325,0.605006,0.628353,0.648564,0.6763,0.714668,0.66852,0.671759,0.790599
3.5318,0.628656,0.735001,0.605316,0.627219,0.649736,0.676515,0.71566,0.668409,0.671525,0.789909
3.532,0.628297,0.735419,0.605728,0.62598,0.650344,0.677142,0.715109,0.667528,0.671869,0.789647
3.5322,0.627739,0.735533,0.605966,0.625672,0.649582,0.677719,0.714587,0.666618,0.672288,0.790022
3.5324,0.627269,0.73544,0.606117,0.626177,0.648131,0.677753,0.714814,0.666896,0.672351,0.790656
3.5326,0.627442,0.735177,0.606264,0.626778,0.647187,0.677168,0.715233,0.668199,0.671838,0.791128
3.5328,0.628505,0.734786,0.606397,0.627162,0.64679,0.676836,0.715562,0.669976,0.671133,0.791248
3.533,0.629453,0.734077,0.606574,0.627133,0.646704,0.677128,0.716014,0.671401,0.670687,0.790787
3.5332,0.629361,0.733591,0.606561,0.626606,0.647303,0.67765,0.716297,0.67132,0.670686,0.78991
3.5334,0.628428,0.733696,0.606482,0.625871,0.647745,0.678042,0.715992,0.670013,0.671073,0.789008
3.5336,0.627316,0.734053,0.606844,0.625128,0.647405,0.678306,0.715022,0.668577,0.671452,0.788316
3.5338,0.626409,0.734281,0.607726,0.624756,0.646392,0.678154,0.714323,0.668117,0.671612,0.788096
3.534,0.62584,0.733953,0.608614,0.625079,0.644952,0.677723,0.713982,0.669318,0.67189,0.788013
3.5342,0.625807,0.732888,0.608915,0.625865,0.643847,0.677417,0.714064,0.670579,0.672251,0.787766
3.5344,0.626184,0.731463,0.608775,0.626118,0.643539,0.677768,0.714346,0.670169,0.672518,0.786722
3.5346,0.626613,0.730386,0.608567,0.625696,0.643805,0.678431,0.713418,0.66807,0.672751,0.784905
3.5348,0.626932,0.730069,0.608519,0.62476,0.644121,0.678767,0.712417,0.666037,0.672757,0.782981
3.535,0.626922,0.730443,0.608806,0.624214,0.64409,0.678936,0.7124,0.664942,0.672886,0.781516
3.5352,0.626802,0.731106,0.609283,0.624172,0.643615,0.679289,0.712237,0.664524,0.67331,0.781163
3.5354,0.626324,0.731437,0.609576,0.624666,0.642852,0.6796,0.711587,0.664477,0.674189,0.781521
3.5356,0.626228,0.73112,0.609547,0.624763,0.641943,0.679593,0.710202,0.664037,0.674732,0.78205
3.5358,0.626804,0.730334,0.609383,0.624387,0.641681,0.679382,0.710134,0.662967,0.674753,0.782218
3.536,0.627328,0.72931,0.609286,0.624049,0.642054,0.678947,0.711845,0.661696,0.674338,0.782081
3.5362,0.62737,0.728455,0.610021,0.624261,0.642568,0.678204,0.712319,0.660652,0.673522,0.78141
3.5364,0.626459,0.728583,0.61119,0.624779,0.642702,0.677627,0.711174,0.660025,0.672816,0.780482
3.5366,0.625374,0.729388,0.612166,0.624984,0.642189,0.677733,0.71078,0.659666,0.67299,0.779539
3.5368,0.624492,0.730083,0.612317,0.624626,0.641391,0.678265,0.712589,0.658987,0.673898,0.779315
3.537,0.624232,0.729363,0.611579,0.623658,0.64077,0.678702,0.713924,0.658092,0.674296,0.780052
3.5372,0.624367,0.727496,0.610472,0.622811,0.641036,0.678065,0.712585,0.657404,0.673576,0.780886
3.5374,0.624359,0.725066,0.609915,0.622521,0.641636,0.67628,0.710393,0.657596,0.671721,0.781125
3.5376,0.624141,0.722953,0.610315,0.622688,0.642223,0.674157,0.709215,0.658578,0.669463,0.780513
3.5378,0.623696,0.721861,0.611853,0.622931,0.642578,0.672443,0.709329,0.65959,0.667942,0.779416
3.538,0.62295,0.721566,0.613603,0.623099,0.642515,0.67182,0.711056,0.659977,0.667681,0.778624
3.5382,0.622333,0.721736,0.614171,0.622882,0.642061,0.671614,0.712511,0.659743,0.668187,0.778417
3.5384,0.622393,0.721763,0.613757,0.622905,0.641607,0.6714,0.712579,0.659596,0.668129,0.778694
3.5386,0.623766,0.722475,0.613105,0.622965,0.641553,0.67038,0.712037,0.660345,0.667179,0.779354
3.5388,0.625297,0.723321,0.612712,0.62279,0.642107,0.669058,0.711653,0.661998,0.664965,0.779779
3.539,0.626387,0.723793,0.613037,0.62252,0.642594,0.667917,0.711829,0.663691,0.6628,0.779811
3.5392,0.626603,0.724038,0.613877,0.622364,0.642663,0.666674,0.711636,0.664444,0.66172,0.779672
3.5394,0.626076,0.724285,0.614623,0.622419,0.642435,0.665566,0.711761,0.664438,0.661516,0.779581
3.5396,0.62507,0.724399,0.615115,0.622473,0.642207,0.664646,0.713722,0.664461,0.66149,0.779711
3.5398,0.624244,0.724302,0.615192,0.622351,0.642534,0.66385,0.716544,0.664985,0.661295,0.779953
3.54,0.624139,0.724508,0.615096,0.622356,0.643888,0.662929,0.717866,0.665831,0.661088,0.780292
3.5402,0.624484,0.724979,0.614772,0.623352,0.645618,0.661757,0.715948,0.666469,0.660702,0.780584
3.5404,0.624649,0.725317,0.614817,0.624698,0.646761,0.660662,0.713059,0.66665,0.660587,0.781008
3.5406,0.62401,0.7253,0.615211,0.625317,0.646833,0.659938,0.713033,0.66644,0.660544,0.78139
3.5408,0.624022,0.725334,0.61541,0.624592,0.646264,0.659663,0.714104,0.666358,0.660457,0.78112
3.541,0.625038,0.726057,0.615693,0.622988,0.645785,0.65962,0.715254,0.666927,0.660315,0.780562
3.5412,0.626602,0.726827,0.615987,0.622018,0.645678,0.65956,0.715524,0.668062,0.66007,0.779982
3.5414,0.627277,0.726903,0.616353,0.622727,0.645838,0.659365,0.714066,0.669375,0.659959,0.779845
3.5416,0.627042,0.726292,0.61634,0.6242,0.645925,0.659182,0.713179,0.670433,0.660442,0.780701
3.5418,0.626635,0.725408,0.616164,0.625063,0.645524,0.658969,0.713166,0.6706,0.660896,0.782826
3.542,0.626509,0.724807,0.616066,0.624584,0.644924,0.659042,0.712192,0.66993,0.661485,0.78449
3.5422,0.626943,0.72527,0.61617,0.623181,0.644674,0.659611,0.711449,0.668919,0.662471,0.785101
3.5424,0.62738,0.726605,0.616101,0.622011,0.644626,0.660358,0.712477,0.668082,0.663258,0.784296
3.5426,0.62729,0.7278,0.615854,0.622173,0.64549,0.660638,0.712696,0.667702,0.663506,0.782773
3.5428,0.626963,0.728166,0.616121,0.623101,0.646132,0.660125,0.711797,0.66847,0.663618,0.781847
3.543,0.626382,0.727532,0.616726,0.62425,0.64554,0.659213,0.711542,0.670647,0.66389,0.782678
3.5432,0.625992,0.726365,0.617459,0.62464,0.644156,0.658652,0.711913,0.673929,0.66419,0.784972
3.5434,0.625923,0.725658,0.618034,0.624522,0.642211,0.658992,0.712041,0.675638,0.66444,0.787991
3.5436,0.62648,0.726441,0.618109,0.624252,0.64023,0.660092,0.712098,0.674392,0.665059,0.789461
3.5438,0.627129,0.728296,0.617628,0.62403,0.638871,0.661364,0.711943,0.67172,0.665937,0.788103
3.544,0.627784,0.730605,0.616935,0.623693,0.638538,0.662346,0.711755,0.669675,0.66667,0.78528
3.5442,0.628033,0.732376,0.61648,0.623778,0.638414,0.662856,0.712174,0.669688,0.666996,0.782448
3.5444,0.627853,0.732434,0.617041,0.623495,0.638076,0.663053,0.713101,0.672128,0.66714,0.78107
3.5446,0.628214,0.73093,0.618471,0.623,0.637567,0.663205,0.713915,0.675087,0.667293,0.78184
3.5448,0.628995,0.729562,0.619303,0.62228,0.636742,0.663498,0.713353,0.676601,0.668157,0.783465
3.545,0.63004,0.729354,0.618734,0.621498,0.636143,0.664154,0.713032,0.675757,0.669793,0.784785
3.5452,0.630407,0.730159,0.617271,0.620562,0.635838,0.664765,0.714002,0.673306,0.671437,0.785181
3.5454,0.629909,0.730804,0.615614,0.619547,0.635648,0.664888,0.715117,0.671104,0.672535,0.784342
3.5456,0.629709,0.730442,0.61468,0.619012,0.635979,0.664696,0.716303,0.670509,0.67255,0.783083
3.5458,0.629956,0.729361,0.614953,0.62033,0.637075,0.664062,0.716412,0.67262,0.672606,0.782357
3.546,0.630887,0.728466,0.615605,0.622651,0.637792,0.663542,0.715202,0.675891,0.672938,0.782591
3.5462,0.631659,0.728332,0.615794,0.624124,0.637773,0.663629,0.713269,0.676864,0.673882,0.783897
3.5464,0.632155,0.728954,0.615165,0.624043,0.637284,0.664282,0.712406,0.67484,0.675679,0.785632
3.5466,0.632151,0.729919,0.614203,0.623349,0.637139,0.664871,0.713819,0.670878,0.677468,0.786913
3.5468,0.631998,0.730696,0.61362,0.622829,0.637878,0.664451,0.716274,0.667439,0.678741,0.787455
3.547,0.631626,0.730938,0.613883,0.622666,0.639472,0.662772,0.717566,0.666594,0.678797,0.787366
3.5472,0.6314,0.730663,0.61442,0.623024,0.641082,0.660707,0.717571,0.667998,0.678002,0.787136
3.5474,0.631146,0.730699,0.61497,0.623791,0.641897,0.65921,0.717017,0.66939,0.677656,0.787122
3.5476,0.63123,0.731489,0.615693,0.62502,0.641687,0.658649,0.716371,0.668769,0.678104,0.787333
3.5478,0.631697,0.732452,0.616301,0.626194,0.640932,0.659094,0.71694,0.666367,0.679586,0.787547
3.548,0.632241,0.732663,0.616399,0.62705,0.640402,0.660021,0.717929,0.663384,0.681496,0.787552
3.5482,0.63228,0.73174,0.616357,0.626915,0.640456,0.660654,0.717417,0.661636,0.682894,0.787436
3.5484,0.631722,0.730204,0.616361,0.626114,0.641479,0.660629,0.717051,0.662168,0.682972,0.787394
3.5486,0.630963,0.729165,0.616157,0.625108,0.642523,0.659821,0.718348,0.663686,0.682638,0.787621
3.5488,0.63066,0.729302,0.615688,0.62498,0.642702,0.658671,0.719621,0.664271,0.682812,0.788069
3.549,0.630556,0.730255,0.615172,0.625542,0.642659,0.657833,0.720783,0.66309,0.683898,0.788446
3.5492,0.630207,0.731125,0.614868,0.626837,0.642565,0.657782,0.721542,0.661056,0.685689,0.788632
3.5494,0.630234,0.731205,0.614931,0.627945,0.6426,0.658464,0.721897,0.659405,0.687587,0.78853
3.5496,0.631208,0.730408,0.615298,0.628373,0.642387,0.659363,0.721721,0.658965,0.68781,0.788058
3.5498,0.632444,0.729215,0.615721,0.627553,0.641956,0.660041,0.721568,0.660001,0.68571,0.787561
3.55,0.632551,0.728285,0.616073,0.626083,0.641225,0.660132,0.720885,0.661774,0.683068,0.78736
3.5502,0.63169,0.728063,0.61638,0.624836,0.640463,0.659667,0.718757,0.662733,0.68118,0.787421
3.5504,0.630577,0.728285,0.616237,0.624374,0.640519,0.659234,0.71697,0.66238,0.681501,0.787152
3.5506,0.629604,0.728276,0.615581,0.62475,0.641267,0.659392,0.715864,0.661764,0.683353,0.786285
3.5508,0.628981,0.727469,0.614752,0.625393,0.641865,0.659819,0.715555,0.661615,0.684781,0.785035
3.551,0.628416,0.725881,0.614539,0.626252,0.641809,0.660121,0.715292,0.661908,0.685048,0.783793
3.5512,0.627453,0.72389,0.614995,0.627084,0.641007,0.660122,0.714184,0.66271,0.684248,0.782808
3.5514,0.626213,0.722431,0.616061,0.626964,0.640405,0.659905,0.71304,0.663591,0.683063,0.782274
3.5516,0.625047,0.721854,0.616636,0.626223,0.64049,0.659508,0.71175,0.663577,0.682141,0.781781
3.5518,0.624331,0.721664,0.616448,0.625732,0.640959,0.659105,0.710156,0.66295,0.682251,0.781035
3.552,0.62398,0.721369,0.615659,0.625926,0.641937,0.658957,0.709198,0.662733,0.68327,0.779744
3.5522,0.623979,0.720553,0.614488,0.62615,0.642988,0.65921,0.709599,0.663131,0.684072,0.778082
3.5524,0.624103,0.719257,0.613827,0.626527,0.643231,0.659755,0.7115,0.663872,0.684186,0.777019
3.5526,0.624287,0.718165,0.61432,0.626883,0.64254,0.660319,0.712863,0.664896,0.683472,0.776586
3.5528,0.623808,0.71725,0.615695,0.627186,0.641326,0.660578,0.713253,0.665797,0.682851,0.776699
3.553,0.622174,0.716248,0.616937,0.627306,0.640463,0.660351,0.712433,0.665793,0.682272,0.776783
3.5532,0.620069,0.715239,0.617297,0.626998,0.640405,0.659803,0.711016,0.665616,0.681643,0.776356
3.5534,0.618341,0.714369,0.616755,0.626771,0.640988,0.659336,0.70992,0.666538,0.681172,0.77533
3.5536,0.61755,0.713569,0.616087,0.626918,0.64179,0.65899,0.711014,0.667732,0.68067,0.774221
3.5538,0.617407,0.712782,0.6159,0.626765,0.642238,0.658662,0.71393,0.668162,0.680209,0.773647
3.554,0.617369,0.711972,0.616009,0.626558,0.642734,0.65834,0.715818,0.66764,0.680095,0.773494
3.5542,0.616897,0.711234,0.616528,0.626755,0.643084,0.657631,0.715586,0.666387,0.680419,0.773797
3.5544,0.615919,0.710599,0.617033,0.627151,0.643291,0.657281,0.713901,0.665277,0.680751,0.774091
3.5546,0.614971,0.710195,0.616973,0.6273,0.643792,0.657075,0.713064,0.665343,0.680577,0.774147
3.5548,0.614514,0.710133,0.616965,0.627121,0.644512,0.656377,0.713666,0.666558,0.679872,0.774159
3.555,0.614616,0.710609,0.617154,0.626503,0.644814,0.654866,0.714639,0.667792,0.67903,0.773612
3.5552,0.614977,0.711593,0.61714,0.62611,0.645078,0.653335,0.714778,0.668956,0.678498,0.772882
3.5554,0.615199,0.712186,0.617071,0.626854,0.645087,0.652176,0.715374,0.669875,0.67826,0.772295
3.5556,0.614815,0.711753,0.616758,0.6285,0.645158,0.6512,0.717116,0.670383,0.678097,0.771865
3.5558,0.614125,0.710831,0.616528,0.629514,0.645543,0.650349,0.717192,0.669315,0.678192,0.771747
3.556,0.613652,0.710526,0.616669,0.62884,0.645734,0.649519,0.713925,0.667108,0.678208,0.772042
3.5562,0.613588,0.710552,0.61691,0.627755,0.645747,0.648692,0.711077,0.665609,0.677512,0.772006
3.5564,0.61388,0.710491,0.617072,0.627268,0.645912,0.648151,0.710973,0.665578,0.676059,0.771457
3.5566,0.614379,0.710279,0.616978,0.627773,0.646395,0.647554,0.713551,0.666848,0.674186,0.770059
3.5568,0.61486,0.709559,0.616795,0.628514,0.646743,0.646757,0.714849,0.668194,0.672735,0.768585
3.557,0.615178,0.709321,0.616872,0.628878,0.646838,0.646227,0.71328,0.668503,0.671841,0.769276
3.5572,0.616262,0.709705,0.617658,0.628444,0.646787,0.646088,0.710905,0.667826,0.671396,0.771339
3.5574,0.617605,0.710264,0.618512,0.62788,0.646643,0.646276,0.710473,0.667017,0.670792,0.773329
3.5576,0.618675,0.711776,0.619166,0.627177,0.646432,0.646584,0.712925,0.667005,0.669655,0.773499
3.5578,0.618677,0.713666,0.619482,0.626951,0.64652,0.646857,0.714971,0.66807,0.668367,0.771109
3.558,0.618046,0.714243,0.619603,0.62761,0.647389,0.647152,0.716034,0.669655,0.667195,0.768889
3.5582,0.617034,0.712623,0.619754,0.628409,0.648352,0.647559,0.715622,0.671334,0.667498,0.76868
3.5584,0.616769,0.710285,0.619814,0.628387,0.648823,0.647894,0.714773,0.672511,0.669043,0.770179
3.5586,0.618265,0.70908,0.619451,0.627862,0.648302,0.648231,0.716072,0.672595,0.669616,0.772174
3.5588,0.620423,0.709251,0.619051,0.62782,0.646973,0.648963,0.718177,0.672216,0.668301,0.77264
3.559,0.622186,0.710209,0.619158,0.628036,0.645742,0.64986,0.718255,0.672655,0.665604,0.771531
3.5592,0.622434,0.71098,0.619855,0.628027,0.645238,0.650351,0.717667,0.673892,0.662972,0.769901
3.5594,0.621252,0.710751,0.620407,0.627558,0.645609,0.65024,0.716572,0.675094,0.661687,0.768872
3.5596,0.620036,0.709816,0.620846,0.626402,0.646827,0.649774,0.714968,0.675865,0.662071,0.769241
3.5598,0.619772,0.709153,0.621613,0.625598,0.647761,0.649402,0.715102,0.676868,0.662999,0.77088
3.56,0.620929,0.709469,0.622657,0.626533,0.647602,0.649513,0.716363,0.677711,0.663401,0.772785
3.5602,0.622877,0.71086,0.623093,0.628493,0.646499,0.650292,0.716906,0.678111,0.662882,0.773878
3.5604,0.624824,0.713457,0.622945,0.629706,0.645049,0.651506,0.715428,0.678066,0.661852,0.774019
3.5606,0.625746,0.716179,0.62253,0.628974,0.644029,0.652636,0.713663,0.67789,0.66109,0.77365
3.5608,0.625372,0.717448,0.622076,0.626999,0.643774,0.65335,0.712489,0.677855,0.661085,0.773572
3.561,0.624133,0.717436,0.622087,0.625341,0.644735,0.653595,0.713908,0.678039,0.661962,0.774051
3.5612,0.623331,0.718024,0.622445,0.624949,0.645822,0.653416,0.716219,0.678662,0.662998,0.77488
3.5614,0.62387,0.719414,0.622626,0.626359,0.645783,0.65319,0.716771,0.679297,0.663388,0.775842
3.5616,0.625236,0.719984,0.622285,0.629021,0.644954,0.653306,0.715818,0.679424,0.663461,0.776641
3.5618,0.626513,0.718741,0.621592,0.630928,0.643812,0.65386,0.714959,0.678757,0.66381,0.777286
3.562,0.626904,0.716282,0.620691,0.631233,0.643023,0.654513,0.715148,0.677403,0.664466,0.777948
3.5622,0.626237,0.714086,0.619968,0.629701,0.643087,0.654597,0.715006,0.675475,0.665054,0.779081
3.5624,0.624816,0.713408,0.620121,0.627858,0.643696,0.653865,0.713597,0.674143,0.665472,0.780372
3.5626,0.624119,0.714623,0.621075,0.627324,0.64405,0.652747,0.711173,0.674538,0.665549,0.78112
3.5628,0.625368,0.716916,0.621953,0.628186,0.644249,0.651842,0.710417,0.676208,0.665414,0.78175
3.563,0.627442,0.718757,0.622036,0.629829,0.643959,0.651519,0.711701,0.677596,0.665804,0.782463
3.5632,0.628611,0.719177,0.621338,0.631653,0.643478,0.651997,0.712876,0.677708,0.667099,0.783097
3.5634,0.627727,0.718431,0.620769,0.632551,0.643177,0.652875,0.713475,0.676512,0.668681,0.783897
3.5636,0.625516,0.717533,0.620645,0.631814,0.642714,0.653804,0.712863,0.67559,0.669837,0.7846
3.5638,0.623329,0.717474,0.62083,0.630022,0.642204,0.654718,0.711278,0.675621,0.670222,0.784957
3.564,0.621878,0.718529,0.621079,0.628422,0.642045,0.655689,0.710714,0.6768,0.669712,0.78521
3.5642,0.621477,0.720373,0.621299,0.628276,0.642209,0.656192,0.711627,0.677754,0.668701,0.785116
3.5644,0.621472,0.722447,0.62175,0.629886,0.642488,0.656302,0.712701,0.677409,0.66854,0.785488
3.5646,0.621264,0.723544,0.622132,0.632276,0.642663,0.656325,0.713949,0.676384,0.669773,0.786132
3.5648,0.620697,0.723038,0.621866,0.633536,0.642686,0.656665,0.714204,0.67562,0.671248,0.786514
3.565,0.620053,0.721476,0.620992,0.632876,0.642481,0.657473,0.712323,0.675558,0.671696,0.78667
3.5652,0.61948,0.719991,0.619901,0.631254,0.641974,0.658696,0.711376,0.676292,0.67062,0.78677
3.5654,0.618909,0.719562,0.619649,0.629926,0.641368,0.659839,0.712209,0.677222,0.668547,0.786629
3.5656,0.61829,0.720512,0.620713,0.629608,0.64102,0.660439,0.713127,0.67752,0.666375,0.786831
3.5658,0.617746,0.72212,0.622262,0.63043,0.64122,0.66052,0.7128,0.676913,0.665394,0.786868
3.566,0.617478,0.723368,0.623124,0.631407,0.641393,0.660554,0.712638,0.67586,0.665659,0.787189
3.5662,0.617421,0.723562,0.62284,0.632079,0.641649,0.66092,0.712154,0.675215,0.666143,0.787396
3.5664,0.617385,0.722746,0.621503,0.632111,0.641867,0.661436,0.711646,0.675547,0.66605,0.786833
3.5666,0.617225,0.721594,0.619823,0.631866,0.641762,0.662021,0.71147,0.676309,0.664885,0.78604
3.5668,0.616916,0.720759,0.618825,0.631064,0.641687,0.662699,0.710712,0.677065,0.663162,0.78537
3.567,0.616692,0.720566,0.618892,0.630065,0.642052,0.663049,0.710703,0.677769,0.661368,0.785351
3.5672,0.616402,0.720815,0.619329,0.629264,0.642181,0.663058,0.711466,0.677948,0.660083,0.785718
3.5674,0.616195,0.720848,0.619779,0.628752,0.6416,0.662608,0.711694,0.677649,0.659507,0.786086
3.5676,0.616467,0.72014,0.619892,0.628681,0.640873,0.662355,0.709818,0.677163,0.659224,0.785772
3.5678,0.617114,0.718408,0.619737,0.628997,0.64048,0.662408,0.708057,0.676705,0.658789,0.785104
3.568,0.617365,0.716316,0.619776,0.629324,0.64065,0.662507,0.708954,0.676495,0.658058,0.784815
3.5682,0.616836,0.714884,0.620129,0.628849,0.641074,0.662378,0.71086,0.676926,0.657103,0.785252
3.5684,0.615721,0.714627,0.620232,0.628252,0.641436,0.662088,0.711974,0.678061,0.656224,0.785749
3.5686,0.614676,0.715112,0.619824,0.627983,0.641231,0.662469,0.710565,0.679033,0.655712,0.785751
3.5688,0.614311,0.715473,0.619417,0.62803,0.640845,0.663449,0.707557,0.679873,0.655672,0.785388
3.569,0.61477,0.714535,0.619402,0.628023,0.640399,0.663935,0.705254,0.680362,0.655936,0.784574
3.5692,0.615656,0.712363,0.6197,0.627958,0.6401,0.663889,0.705235,0.679476,0.656173,0.783885
3.5694,0.616312,0.709527,0.620158,0.628154,0.640528,0.663316,0.705726,0.677732,0.656266,0.783889
3.5696,0.616317,0.707538,0.620638,0.628106,0.641037,0.662936,0.706495,0.676661,0.656092,0.784078
3.5698,0.615586,0.707179,0.620675,0.627207,0.640982,0.663181,0.708096,0.676716,0.655812,0.784071
3.57,0.614421,0.707491,0.619941,0.625838,0.640185,0.663919,0.709357,0.677427,0.655984,0.783432
3.5702,0.613441,0.707183,0.618755,0.624868,0.639318,0.66463,0.708658,0.678601,0.656783,0.782197
3.5704,0.613149,0.705816,0.617734,0.624707,0.638741,0.664247,0.706576,0.679013,0.657365,0.780939
3.5706,0.613654,0.703842,0.617167,0.625207,0.638518,0.663296,0.704769,0.678378,0.657481,0.779965
3.5708,0.614454,0.70209,0.617391,0.62602,0.638384,0.662576,0.704319,0.677647,0.656822,0.779542
3.571,0.614593,0.701191,0.618057,0.626325,0.638283,0.66259,0.705706,0.677496,0.655667,0.77966
3.5712,0.613502,0.70125,0.618997,0.625762,0.638257,0.663441,0.707305,0.677722,0.65488,0.779851
3.5714,0.612565,0.701836,0.619615,0.624704,0.638265,0.664338,0.707194,0.678357,0.655031,0.779762
3.5716,0.611954,0.702286,0.619608,0.623855,0.638195,0.664258,0.706616,0.678981,0.655861,0.779306
3.5718,0.611415,0.702198,0.619414,0.62347,0.637943,0.663123,0.70657,0.678913,0.6567,0.778508
3.572,0.610829,0.701834,0.619171,0.623738,0.637357,0.662523,0.707063,0.678612,0.657107,0.778124
3.5722,0.60961,0.701363,0.618908,0.624479,0.63709,0.663316,0.708171,0.678711,0.656743,0.778205
3.5724,0.608176,0.701061,0.618593,0.624728,0.63762,0.664157,0.709341,0.678929,0.655701,0.778533
3.5726,0.607609,0.701089,0.618461,0.624379,0.638454,0.663934,0.709629,0.679541,0.655139,0.779102
3.5728,0.607606,0.701353,0.618885,0.623729,0.639198,0.662973,0.708803,0.680005,0.655463,0.77981
3.573,0.607694,0.701715,0.619451,0.623411,0.639779,0.662008,0.707617,0.679876,0.656185,0.77983
3.5732,0.607622,0.702019,0.620062,0.623298,0.639542,0.661602,0.70677,0.679493,0.656524,0.779006
3.5734,0.607259,0.702189,0.620477,0.623471,0.637727,0.662021,0.707068,0.679718,0.655669,0.777508
3.5736,0.607172,0.702356,0.620267,0.623694,0.635856,0.663078,0.706974,0.680743,0.654865,0.776429
3.5738,0.607256,0.70265,0.619644,0.623111,0.635276,0.664286,0.705911,0.682028,0.654382,0.776729
3.574,0.607352,0.703013,0.619222,0.621773,0.636867,0.664724,0.706136,0.682932,0.654604,0.778465
3.5742,0.607357,0.703724,0.619427,0.620197,0.639546,0.66384,0.707941,0.682781,0.655756,0.780564
3.5744,0.60737,0.70501,0.620527,0.618417,0.641092,0.662026,0.709114,0.682311,0.656755,0.781352
3.5746,0.607575,0.706725,0.621644,0.616872,0.641292,0.660502,0.708651,0.68201,0.657496,0.780722
3.5748,0.608084,0.70801,0.622097,0.617029,0.640477,0.660497,0.706847,0.682463,0.657881,0.779423
3.575,0.608937,0.708182,0.621757,0.61921,0.639223,0.661757,0.705672,0.683724,0.657467,0.77867
3.5752,0.610312,0.707303,0.62079,0.62116,0.638028,0.663085,0.706064,0.685063,0.657209,0.778774
3.5754,0.611074,0.705931,0.61998,0.620593,0.637462,0.66382,0.706611,0.685347,0.657718,0.779295
3.5756,0.610859,0.705015,0.619507,0.61777,0.63771,0.663404,0.706044,0.684093,0.658568,0.780106
3.5758,0.609941,0.705074,0.619581,0.614384,0.638243,0.662415,0.705343,0.682771,0.659409,0.780859
3.576,0.609201,0.705815,0.61994,0.611417,0.638448,0.661675,0.705192,0.682289,0.659998,0.781188
3.5762,0.60933,0.706565,0.61998,0.610403,0.638719,0.661422,0.705278,0.683544,0.660473,0.781069
3.5764,0.610886,0.706543,0.62008,0.611448,0.638935,0.662004,0.705472,0.68537,0.660763,0.780929
3.5766,0.613774,0.705543,0.620379,0.613471,0.638869,0.662776,0.704748,0.686066,0.661014,0.781036
3.5768,0.615722,0.704129,0.620551,0.614879,0.638533,0.663544,0.704522,0.685064,0.661133,0.781755
3.577,0.615251,0.702906,0.620353,0.61493,0.637891,0.664009,0.705072,0.68388,0.661508,0.783169
3.5772,0.61382,0.702864,0.619782,0.613918,0.637045,0.664703,0.70668,0.683841,0.66178,0.784425
3.5774,0.613501,0.704521,0.619068,0.612437,0.636456,0.665345,0.708623,0.684505,0.661691,0.785342
3.5776,0.614377,0.707272,0.618904,0.611445,0.636754,0.665036,0.709199,0.684164,0.661494,0.785586
3.5778,0.616452,0.709422,0.619604,0.611949,0.637499,0.663981,0.708111,0.68302,0.661851,0.784827
3.578,0.619589,0.710842,0.620522,0.613188,0.638108,0.662938,0.706846,0.68181,0.662671,0.783926
3.5782,0.621456,0.711846,0.620801,0.613781,0.638072,0.662824,0.706015,0.68116,0.66353,0.783606
3.5784,0.621061,0.712446,0.620197,0.612965,0.636978,0.663612,0.706989,0.681337,0.664397,0.783784
3.5786,0.620419,0.712833,0.619419,0.611571,0.635068,0.664892,0.709302,0.681743,0.664929,0.785152
3.5788,0.621455,0.71269,0.618916,0.610616,0.633988,0.66662,0.710428,0.682529,0.665043,0.786809
3.579,0.623214,0.712225,0.619284,0.610244,0.634097,0.667617,0.709637,0.683072,0.66502,0.78787
3.5792,0.625191,0.712227,0.620138,0.609797,0.634655,0.667568,0.707806,0.683517,0.665569,0.788199
3.5794,0.626226,0.712968,0.620503,0.609402,0.63441,0.66713,0.70766,0.683328,0.666608,0.78753
3.5796,0.626053,0.714209,0.620361,0.608714,0.633252,0.667161,0.709028,0.682339,0.667171,0.786532
3.5798,0.625913,0.715562,0.620177,0.607921,0.631592,0.66774,0.711307,0.680934,0.666907,0.786286
3.58,0.627363,0.716449,0.620174,0.607059,0.629718,0.668632,0.713758,0.679892,0.666165,0.78679
3.5802,0.6297,0.716657,0.620158,0.607185,0.628523,0.669234,0.714211,0.679731,0.666372,0.78783
3.5804,0.631597,0.71651,0.620525,0.607737,0.62862,0.669713,0.713349,0.680262,0.667664,0.789209
3.5806,0.631924,0.716673,0.62088,0.607388,0.629463,0.670113,0.713151,0.680956,0.66937,0.789692
3.5808,0.631122,0.717749,0.621098,0.606166,0.6295,0.670439,0.713289,0.681882,0.670706,0.789255
3.581,0.629992,0.719185,0.621113,0.604397,0.627865,0.670968,0.713747,0.682604,0.670549,0.788637
3.5812,0.629966,0.720182,0.620745,0.602926,0.625415,0.672012,0.714791,0.682569,0.669099,0.787831
3.5814,0.632253,0.72014,0.620169,0.602164,0.623433,0.673013,0.715262,0.681449,0.667711,0.787484
3.5816,0.635267,0.719365,0.619544,0.602144,0.622568,0.673203,0.71531,0.679869,0.667592,0.787731
3.5818,0.636673,0.718426,0.619184,0.602564,0.622684,0.67248,0.716158,0.678872,0.668544,0.788197
3.582,0.635712,0.718393,0.619292,0.602946,0.623215,0.671467,0.716567,0.678746,0.670044,0.789044
3.5822,0.633858,0.718934,0.619541,0.602664,0.623443,0.670983,0.715783,0.679377,0.670798,0.789512
3.5824,0.632571,0.719846,0.619449,0.601767,0.623104,0.671333,0.714067,0.680645,0.670921,0.789371
3.5826,0.632845,0.720388,0.618989,0.600894,0.622513,0.672245,0.713205,0.681208,0.671032,0.788433
3.5828,0.635112,0.720296,0.618294,0.600726,0.62201,0.673143,0.71436,0.680431,0.671011,0.787268
3.583,0.637983,0.720187,0.617502,0.601374,0.621812,0.673318,0.716089,0.679347,0.671231,0.786358
3.5832,0.638737,0.720415,0.617568,0.602299,0.622065,0.672974,0.71627,0.678203,0.671316,0.786357
3.5834,0.636074,0.720207,0.618507,0.602811,0.622299,0.672642,0.714443,0.677497,0.671312,0.786999
3.5836,0.632127,0.719392,0.619223,0.602529,0.622401,0.672388,0.712554,0.67806,0.671116,0.787507
3.5838,0.629318,0.718462,0.619149,0.601849,0.62282,0.672331,0.711919,0.67908,0.670547,0.787549
3.584,0.629452,0.717738,0.618356,0.601621,0.623858,0.672172,0.712224,0.679505,0.67027,0.786874
3.5842,0.631808,0.717459,0.617088,0.602186,0.624848,0.671434,0.713149,0.679447,0.670985,0.785779
3.5844,0.633837,0.717361,0.615859,0.603088,0.625356,0.670755,0.712751,0.678722,0.671963,0.784561
3.5846,0.634208,0.717223,0.615659,0.604021,0.62506,0.670985,0.710357,0.677387,0.67257,0.784153
3.5848,0.632835,0.716924,0.616083,0.604734,0.62403,0.671864,0.708193,0.676153,0.672233,0.78455
3.585,0.630523,0.716887,0.616538,0.604851,0.623015,0.672551,0.706927,0.675574,0.671593,0.785512
3.5852,0.628657,0.717474,0.616784,0.604614,0.62298,0.672388,0.707259,0.675637,0.671463,0.786209
3.5854,0.628213,0.717875,0.61709,0.604909,0.624114,0.671222,0.70811,0.675897,0.671553,0.785961
3.5856,0.629078,0.7175,0.617006,0.60577,0.625704,0.669774,0.708421,0.67594,0.671854,0.785089
3.5858,0.63023,0.716354,0.616276,0.606442,0.626692,0.668476,0.707149,0.675668,0.672177,0.783894
3.586,0.630546,0.71511,0.615465,0.606507,0.62636,0.66843,0.704518,0.675089,0.671682,0.782851
3.5862,0.629408,0.714217,0.614977,0.605907,0.624853,0.669813,0.702317,0.674682,0.670375,0.782215
3.5864,0.62745,0.714083,0.614878,0.604834,0.623378,0.671255,0.701554,0.674777,0.66934,0.781639
3.5866,0.626328,0.714351,0.61555,0.603981,0.623059,0.671712,0.70161,0.675217,0.669221,0.780782
3.5868,0.6264,0.714726,0.616536,0.603844,0.624111,0.670611,0.702611,0.67513,0.669661,0.779803
3.587,0.627187,0.715227,0.617022,0.604229,0.625413,0.668707,0.702165,0.674266,0.670022,0.778604
3.5872,0.627856,0.715838,0.61655,0.604387,0.625521,0.667318,0.700675,0.672804,0.669886,0.777187
3.5874,0.627468,0.716275,0.615406,0.603728,0.624353,0.6676,0.699835,0.671377,0.669278,0.775645
3.5876,0.626326,0.716488,0.614324,0.602531,0.622858,0.668787,0.699437,0.670634,0.668662,0.774252
3.5878,0.625142,0.71626,0.613968,0.601366,0.622246,0.6697,0.698728,0.67029,0.668604,0.77313
3.588,0.624755,0.715766,0.614505,0.600887,0.623217,0.669905,0.697867,0.670287,0.669375,0.772011
3.5882,0.625881,0.715258,0.615548,0.601248,0.62535,0.67006,0.69773,0.669954,0.670524,0.770676
3.5884,0.627256,0.715466,0.616307,0.601874,0.627534,0.67043,0.698405,0.669138,0.671335,0.769374
3.5886,0.628017,0.716794,0.616608,0.601542,0.628319,0.670491,0.699162,0.668181,0.671334,0.768269
3.5888,0.627745,0.718098,0.616782,0.599853,0.627684,0.670644,0.699567,0.667724,0.670509,0.767247
3.589,0.626289,0.718863,0.617001,0.597418,0.626687,0.670734,0.699917,0.667096,0.669975,0.766182
3.5892,0.624526,0.718691,0.617222,0.595558,0.626656,0.671032,0.700845,0.66608,0.670279,0.764765
3.5894,0.6241,0.717539,0.617224,0.595149,0.627539,0.670913,0.702144,0.664781,0.671349,0.763351
3.5896,0.624939,0.716896,0.616968,0.596217,0.629286,0.670717,0.702838,0.663995,0.672511,0.762158
3.5898,0.625955,0.717717,0.616465,0.597478,0.630784,0.67046,0.703959,0.66356,0.672828,0.761219
3.59,0.62614,0.719922,0.616218,0.597858,0.631063,0.670365,0.704498,0.663449,0.67208,0.760661
3.5902,0.625747,0.721983,0.616293,0.597431,0.630596,0.670198,0.704337,0.663754,0.670595,0.760859
3.5904,0.625809,0.72293,0.616046,0.596515,0.630185,0.670145,0.702698,0.66382,0.669169,0.761476
3.5906,0.626998,0.723004,0.615211,0.595885,0.630453,0.670095,0.700591,0.663222,0.668356,0.76206
3.5908,0.628568,0.722595,0.613895,0.596072,0.631138,0.669904,0.698724,0.662301,0.668562,0.762126
3.591,0.629424,0.722368,0.613248,0.596913,0.631885,0.669621,0.698322,0.661671,0.668757,0.761498
3.5912,0.628899,0.723465,0.613651,0.597759,0.632163,0.669316,0.698289,0.661802,0.668438,0.760816
3.5914,0.627561,0.725285,0.614647,0.598591,0.631717,0.669605,0.698102,0.662736,0.668039,0.761064
3.5916,0.626285,0.726322,0.615471,0.599415,0.631237,0.670184,0.696562,0.66434,0.668968,0.761878
3.5918,0.62654,0.726474,0.615822,0.599958,0.631514,0.669978,0.692995,0.665631,0.670322,0.76257
3.592,0.628786,0.7258,0.615845,0.599993,0.632483,0.669416,0.689252,0.666053,0.670636,0.762363
3.5922,0.630936,0.724755,0.615448,0.599715,0.633369,0.669254,0.687179,0.666224,0.6698,0.761054
3.5924,0.631731,0.724869,0.615038,0.599548,0.633477,0.669766,0.685718,0.666383,0.668333,0.75962
3.5926,0.630704,0.726639,0.614948,0.599466,0.632901,0.670079,0.68391,0.666613,0.667378,0.758811
3.5928,0.628928,0.729045,0.615265,0.599608,0.632317,0.669581,0.681232,0.667459,0.667666,0.759219
3.593,0.628201,0.73071,0.615808,0.599429,0.632152,0.668698,0.678515,0.668216,0.668887,0.760381
3.5932,0.62908,0.730764,0.615889,0.59911,0.632697,0.667858,0.676897,0.668198,0.66996,0.760971
3.5934,0.630647,0.729667,0.615688,0.598975,0.633625,0.667087,0.675991,0.667686,0.670335,0.760627
3.5936,0.631605,0.729224,0.615759,0.5991,0.634351,0.666584,0.675076,0.667167,0.670303,0.760034
3.5938,0.631278,0.730854,0.616373,0.599355,0.634454,0.666623,0.673635,0.666905,0.669705,0.760531
3.594,0.630091,0.733389,0.61704,0.599575,0.633957,0.667024,0.672025,0.667263,0.669434,0.761488
3.5942,0.629137,0.735168,0.616875,0.599792,0.633444,0.6674,0.671157,0.668474,0.669753,0.762179
3.5944,0.629195,0.735087,0.616022,0.600748,0.633534,0.667598,0.671601,0.669925,0.670544,0.761519
3.5946,0.630694,0.733009,0.615332,0.602206,0.63429,0.667583,0.672827,0.670984,0.671088,0.759872
3.5948,0.632579,0.730303,0.614853,0.603302,0.634828,0.667441,0.673782,0.671805,0.670942,0.758475
3.595,0.633065,0.729577,0.614377,0.603644,0.634272,0.667338,0.67396,0.672679,0.67,0.75791
3.5952,0.632332,0.731133,0.613491,0.603257,0.63262,0.667332,0.673196,0.67278,0.669244,0.758545
3.5954,0.63147,0.733592,0.612423,0.60264,0.630297,0.667518,0.672854,0.671872,0.669647,0.760031
3.5956,0.631126,0.734667,0.611816,0.602155,0.628418,0.667857,0.67406,0.670587,0.670888,0.762052
3.5958,0.631503,0.73299,0.611755,0.601975,0.628771,0.668233,0.675893,0.67,0.672691,0.763756
3.596,0.632294,0.72942,0.611939,0.60287,0.631272,0.668301,0.676556,0.671229,0.674435,0.764596
3.5962,0.633298,0.726384,0.612007,0.604523,0.633071,0.668552,0.675337,0.673225,0.67459,0.764695
3.5964,0.633841,0.725232,0.611762,0.606551,0.632455,0.669141,0.674093,0.674873,0.673145,0.764595
3.5966,0.6337,0.725873,0.61128,0.607884,0.629479,0.669792,0.674335,0.675731,0.671104,0.765145
3.5968,0.633192,0.727133,0.610849,0.608116,0.625493,0.670237,0.675939,0.675217,0.669559,0.766196
3.597,0.632866,0.727619,0.610683,0.607441,0.62288,0.6701,0.677885,0.674318,0.669536,0.767371
3.5972,0.633109,0.726246,0.610763,0.606481,0.622444,0.669814,0.679066,0.673804,0.670245,0.768605
3.5974,0.633829,0.723485,0.610952,0.606513,0.623193,0.670187,0.679707,0.674842,0.67104,0.769449
3.5976,0.634564,0.720735,0.611171,0.607929,0.623655,0.671279,0.680668,0.677076,0.671529,0.769954
3.5978,0.63488,0.719412,0.611195,0.609829,0.622931,0.673011,0.682072,0.678659,0.671732,0.77032
3.598,0.634579,0.719708,0.610858,0.611237,0.621116,0.674303,0.683169,0.678538,0.671417,0.770431
3.5982,0.633666,0.720758,0.61025,0.611387,0.619143,0.674447,0.683363,0.677395,0.670633,0.770468
3.5984,0.632536,0.721107,0.609773,0.610639,0.617891,0.673669,0.683051,0.676262,0.669817,0.770545
3.5986,0.631546,0.720447,0.609703,0.60997,0.617662,0.672763,0.682848,0.675813,0.669636,0.770726
3.5988,0.630995,0.719212,0.610101,0.610353,0.618056,0.672424,0.682727,0.676109,0.670228,0.771251
3.599,0.631185,0.718398,0.610773,0.611468,0.61844,0.673259,0.682373,0.676695,0.671174,0.772117
3.5992,0.631336,0.718573,0.611369,0.613084,0.618341,0.674484,0.68212,0.677022,0.67182,0.773072
3.5994,0.631204,0.719579,0.611567,0.614478,0.617873,0.675815,0.682076,0.676979,0.671782,0.773868
3.5996,0.63071,0.720841,0.611244,0.61528,0.617414,0.676738,0.681717,0.676846,0.671223,0.774273
3.5998,0.629594,0.721051,0.610535,0.615178,0.617343,0.676262,0.681404,0.676875,0.670592,0.774159
3.6,0.627811,0.720318,0.609756,0.614678,0.617702,0.674255,0.680126,0.677175,0.670288,0.773767
3.6002,0.626325,0.719919,0.609322,0.614061,0.618234,0.672534,0.678564,0.677499,0.67094,0.773618
3.6004,0.625838,0.720248,0.609458,0.61386,0.618785,0.671872,0.677915,0.67731,0.672438,0.773705
3.6006,0.625955,0.720834,0.609834,0.614407,0.619142,0.67208,0.678353,0.677275,0.6738,0.773603
3.6008,0.625743,0.721022,0.609846,0.615301,0.619361,0.672874,0.677494,0.677598,0.673912,0.773284
3.601,0.624878,0.720404,0.609026,0.61626,0.619543,0.673354,0.674391,0.678486,0.672943,0.772541
3.6012,0.623552,0.718992,0.607845,0.616895,0.619688,0.673065,0.670755,0.678603,0.671992,0.771593
3.6014,0.622428,0.71771,0.60673,0.61685,0.619909,0.672539,0.668925,0.676946,0.671667,0.770776
3.6016,0.621748,0.717626,0.60653,0.616356,0.620193,0.672185,0.669294,0.674271,0.672598,0.769794
3.6018,0.621411,0.718824,0.607574,0.616042,0.620452,0.672151,0.669917,0.672372,0.673917,0.768655
3.602,0.621182,0.720261,0.608751,0.616099,0.620764,0.672256,0.669327,0.672102,0.674575,0.767489
3.6022,0.620963,0.720956,0.608807,0.617055,0.621323,0.672329,0.667779,0.673225,0.674337,0.766176
3.6024,0.620743,0.72051,0.607406,0.618075,0.622066,0.67211,0.666329,0.673767,0.673327,0.764821
3.6026,0.620497,0.71922,0.605612,0.618577,0.622681,0.671662,0.665941,0.672473,0.672795,0.763743
3.6028,0.620259,0.718641,0.604395,0.618005,0.622919,0.671215,0.666949,0.66919,0.673246,0.762633
3.603,0.620128,0.719506,0.603928,0.617532,0.622667,0.671383,0.668895,0.665422,0.674701,0.76162
3.6032,0.619922,0.720868,0.604045,0.617581,0.622077,0.672015,0.670801,0.662732,0.675919,0.760562
3.6034,0.619391,0.721402,0.604179,0.617493,0.621728,0.672369,0.671649,0.662088,0.676157,0.759229
3.6036,0.6192,0.721136,0.604028,0.617104,0.621797,0.672184,0.671686,0.66288,0.675979,0.757785
3.6038,0.619805,0.720617,0.603654,0.61652,0.622051,0.671358,0.672211,0.6633,0.675593,0.756321
3.604,0.62102,0.72011,0.603224,0.61621,0.621793,0.670644,0.67327,0.662321,0.675918,0.755029
3.6042,0.621977,0.720386,0.602964,0.617259,0.621073,0.670357,0.674592,0.660702,0.676879,0.754248
3.6044,0.621929,0.721154,0.603063,0.618718,0.620368,0.670655,0.675198,0.659027,0.677586,0.753876
3.6046,0.620761,0.721778,0.603446,0.619397,0.620114,0.670764,0.675387,0.658542,0.677542,0.753725
3.6048,0.619983,0.721565,0.603869,0.61885,0.62073,0.670515,0.675922,0.659644,0.676771,0.753626
3.605,0.620067,0.72073,0.604132,0.616889,0.622083,0.669564,0.676132,0.66086,0.675706,0.753398
3.6052,0.621265,0.719519,0.604197,0.614969,0.623489,0.668334,0.677552,0.66158,0.675075,0.752936
3.6054,0.623016,0.718354,0.603998,0.614758,0.624139,0.667982,0.679725,0.661602,0.674943,0.752346
3.6056,0.624308,0.717866,0.603878,0.616384,0.623665,0.667993,0.679601,0.66124,0.675045,0.752062
3.6058,0.62437,0.718258,0.604263,0.618,0.622905,0.667823,0.679451,0.660639,0.675317,0.752219
3.606,0.623309,0.719033,0.605156,0.618102,0.622764,0.667879,0.680794,0.659942,0.675362,0.752488
3.6062,0.621932,0.719669,0.605888,0.617199,0.623288,0.668392,0.681629,0.660009,0.675109,0.752438
3.6064,0.621151,0.719739,0.605916,0.61604,0.624311,0.668874,0.682121,0.661013,0.674574,0.751836
3.6066,0.621555,0.718931,0.605301,0.615331,0.625318,0.668794,0.682533,0.662184,0.674395,0.750892
3.6068,0.622339,0.717853,0.604855,0.615196,0.625451,0.668465,0.682567,0.662483,0.674297,0.750128
3.607,0.62325,0.717291,0.605494,0.615876,0.625318,0.667818,0.683642,0.661937,0.674062,0.750038
3.6072,0.624499,0.717439,0.607058,0.616172,0.625385,0.667252,0.685177,0.660923,0.673508,0.750704
3.6074,0.626082,0.718164,0.608495,0.615568,0.625607,0.667406,0.685251,0.66048,0.672646,0.751911
3.6076,0.627248,0.719422,0.608957,0.614689,0.625854,0.667697,0.686059,0.661,0.671899,0.752991
3.6078,0.627189,0.720488,0.608215,0.614283,0.625964,0.668169,0.687221,0.66265,0.671564,0.753305
3.608,0.625917,0.72117,0.606813,0.614673,0.626025,0.668675,0.687106,0.664283,0.671707,0.75327
3.6082,0.624676,0.720934,0.60546,0.615136,0.625831,0.668608,0.687905,0.664738,0.672187,0.75316
3.6084,0.625236,0.719946,0.604985,0.615038,0.625447,0.668114,0.689202,0.663653,0.672473,0.75334
3.6086,0.627545,0.719101,0.605434,0.614536,0.625607,0.667651,0.689744,0.662727,0.672032,0.753826
3.6088,0.630251,0.718754,0.606247,0.61389,0.626768,0.666918,0.68948,0.663202,0.670737,0.753671
3.609,0.631111,0.719794,0.60671,0.613639,0.628434,0.666262,0.689264,0.665229,0.669013,0.753075
3.6092,0.629692,0.7217,0.606639,0.614175,0.629263,0.666183,0.690024,0.667822,0.667468,0.752111
3.6094,0.627296,0.723462,0.606457,0.61511,0.628702,0.66652,0.691665,0.669898,0.667321,0.751482
3.6096,0.625748,0.724114,0.606679,0.615789,0.627104,0.666677,0.692885,0.67091,0.668933,0.752562
3.6098,0.626556,0.723435,0.6069,0.61583,0.626031,0.666599,0.693841,0.670499,0.670019,0.754468
3.61,0.629493,0.7222,0.606844,0.615422,0.626735,0.66655,0.693863,0.669511,0.669445,0.755785
3.6102,0.63233,0.721528,0.606237,0.615034,0.628691,0.666387,0.693858,0.669033,0.666972,0.755657
3.6104,0.633473,0.722291,0.605284,0.614987,0.630959,0.666118,0.693362,0.669995,0.663481,0.755245
3.6106,0.632491,0.724483,0.604968,0.614871,0.632044,0.665966,0.693885,0.671564,0.661012,0.754663
3.6108,0.630406,0.726722,0.605265,0.614775,0.631044,0.665989,0.695186,0.673174,0.660633,0.754512
3.611,0.628857,0.727643,0.606442,0.615152,0.629431,0.666107,0.696191,0.674075,0.662426,0.755244
3.6112,0.629143,0.726972,0.608708,0.615427,0.629095,0.666426,0.696264,0.674649,0.665699,0.756077
3.6114,0.630839,0.726266,0.610737,0.615199,0.630104,0.666724,0.695798,0.675349,0.668629,0.7567
3.6116,0.632862,0.726838,0.610744,0.614605,0.631283,0.667102,0.69531,0.676432,0.669634,0.756449
3.6118,0.633745,0.728411,0.609018,0.613666,0.631749,0.667354,0.69484,0.677458,0.667963,0.755344
3.612,0.632799,0.730026,0.607471,0.612845,0.631507,0.667266,0.694859,0.677857,0.665001,0.755141
3.6122,0.631238,0.730304,0.607132,0.612491,0.630974,0.666764,0.694366,0.677919,0.66292,0.756339
3.6124,0.630249,0.729253,0.608047,0.612546,0.630832,0.666197,0.693961,0.67815,0.662671,0.758219
3.6126,0.630112,0.727917,0.60938,0.612318,0.630834,0.665848,0.694698,0.678773,0.664261,0.760174
3.6128,0.630694,0.727564,0.61013,0.611401,0.630607,0.6665,0.697092,0.679653,0.666299,0.761059
3.613,0.631083,0.728798,0.610079,0.610032,0.63052,0.667728,0.698825,0.679781,0.667161,0.761318
3.6132,0.630372,0.731056,0.609665,0.608594,0.630954,0.669169,0.698832,0.679255,0.666444,0.761611
3.6134,0.629153,0.732927,0.60934,0.607278,0.631634,0.669616,0.698244,0.678543,0.66534,0.761894
3.6136,0.62844,0.732793,0.609245,0.606475,0.631929,0.667993,0.697494,0.678961,0.664771,0.762405
3.6138,0.628696,0.731089,0.609456,0.606135,0.631707,0.665736,0.698046,0.679926,0.664871,0.763359
3.614,0.629328,0.729539,0.609941,0.605879,0.630858,0.664331,0.700644,0.680922,0.665648,0.764419
3.6142,0.630298,0.729073,0.611028,0.606647,0.629998,0.664226,0.70275,0.681603,0.666111,0.765711
3.6144,0.631473,0.729612,0.612169,0.608028,0.629681,0.664297,0.703364,0.681807,0.666236,0.767048
3.6146,0.632114,0.730311,0.612822,0.60807,0.629764,0.66436,0.703548,0.681706,0.666127,0.768066
3.6148,0.631784,0.73028,0.612579,0.606511,0.630652,0.664344,0.703245,0.681881,0.665835,0.768425
3.615,0.631389,0.729604,0.611921,0.604502,0.632278,0.663705,0.703967,0.682301,0.665974,0.768174
3.6152,0.631746,0.728852,0.611192,0.603336,0.633808,0.662438,0.705086,0.682889,0.66648,0.767787
3.6154,0.632701,0.728402,0.61063,0.603312,0.634003,0.661135,0.704912,0.683493,0.667001,0.767682
3.6156,0.633096,0.728622,0.610438,0.603887,0.632828,0.660444,0.703527,0.683451,0.667165,0.768212
3.6158,0.632261,0.728567,0.610939,0.604317,0.631028,0.660448,0.703087,0.683226,0.667093,0.76935
3.616,0.630945,0.728073,0.611723,0.604256,0.630029,0.6608,0.705119,0.683367,0.666664,0.770433
3.6162,0.630049,0.72717,0.612304,0.604021,0.630331,0.661021,0.70723,0.683601,0.666314,0.770796
3.6164,0.629753,0.726595,0.612144,0.60405,0.631861,0.660875,0.707824,0.683636,0.666328,0.770358
3.6166,0.629941,0.726361,0.611639,0.60418,0.633044,0.660468,0.706725,0.683499,0.666625,0.769505
3.6168,0.629961,0.72622,0.611274,0.604193,0.632813,0.660174,0.705638,0.683692,0.666866,0.768859
3.617,0.629537,0.725854,0.611201,0.60389,0.631654,0.660375,0.704567,0.683834,0.666755,0.769057
3.6172,0.629152,0.725018,0.611394,0.603315,0.63046,0.661079,0.704099,0.684085,0.666357,0.769215
3.6174,0.629031,0.724091,0.611992,0.603487,0.629755,0.661714,0.703682,0.68387,0.666048,0.768794
3.6176,0.62881,0.723294,0.612535,0.604648,0.629776,0.661782,0.702696,0.683018,0.665915,0.767438
3.6178,0.628563,0.722689,0.612549,0.605859,0.630387,0.661303,0.701701,0.68175,0.666155,0.765078
3.618,0.628046,0.722024,0.611783,0.606172,0.63095,0.660491,0.700754,0.681009,0.666281,0.763164
3.6182,0.627136,0.721206,0.610852,0.605461,0.630957,0.659801,0.699545,0.680847,0.666328,0.762341
3.6184,0.626232,0.720798,0.610297,0.604357,0.630384,0.659542,0.698772,0.680697,0.666347,0.76262
3.6186,0.625792,0.720827,0.610375,0.60372,0.629612,0.659797,0.698661,0.68041,0.666385,0.763164
3.6188,0.625405,0.721205,0.610875,0.604047,0.629126,0.660277,0.699157,0.680075,0.666375,0.762943
3.619,0.625543,0.721341,0.611413,0.60511,0.629153,0.660554,0.69914,0.679819,0.666655,0.761128
3.6192,0.626234,0.72123,0.611617,0.606195,0.629531,0.660227,0.699701,0.679569,0.667262,0.758447
3.6194,0.626413,0.720474,0.611442,0.606552,0.63033,0.659813,0.701253,0.679238,0.667958,0.756006
3.6196,0.62612,0.719088,0.611369,0.605928,0.630964,0.659795,0.702048,0.678744,0.668146,0.755017
3.6198,0.625132,0.71781,0.611325,0.604733,0.630751,0.659797,0.700908,0.677696,0.667816,0.755412
3.62,0.624144,0.717544,0.611259,0.603745,0.630305,0.659827,0.699979,0.676045,0.666958,0.755751
3.6202,0.623279,0.718433,0.611206,0.603541,0.630192,0.659874,0.700278,0.674553,0.665899,0.754981
3.6204,0.623263,0.719801,0.611166,0.604188,0.630137,0.659706,0.700445,0.674289,0.665145,0.753047
3.6206,0.623892,0.72068,0.611183,0.604932,0.630317,0.659328,0.699617,0.675579,0.664845,0.750799
3.6208,0.624401,0.720488,0.611591,0.605137,0.630995,0.6594,0.699312,0.677009,0.664772,0.749194
3.621,0.624165,0.71982,0.611935,0.603909,0.631917,0.659685,0.699053,0.677732,0.664179,0.748666
3.6212,0.62279,0.719025,0.6119,0.601445,0.632432,0.659891,0.700031,0.677478,0.662746,0.749003
3.6214,0.621028,0.718476,0.611411,0.59897,0.632661,0.660219,0.700486,0.676766,0.660629,0.749639
3.6216,0.620517,0.718219,0.610722,0.598118,0.632749,0.660316,0.698765,0.676013,0.658932,0.749807
3.6218,0.621245,0.718085,0.610527,0.598886,0.632883,0.660379,0.697908,0.675712,0.658362,0.749222
3.622,0.622735,0.718498,0.610818,0.600234,0.632906,0.660075,0.698876,0.676073,0.658828,0.748427
3.6222,0.624061,0.719218,0.611274,0.600527,0.632603,0.659749,0.700207,0.676552,0.659293,0.747926
3.6224,0.624899,0.719511,0.612121,0.599359,0.632361,0.659222,0.702024,0.676871,0.658794,0.747855
3.6226,0.624577,0.719092,0.613058,0.597355,0.632354,0.658746,0.703122,0.67776,0.656953,0.748201
3.6228,0.623491,0.718532,0.613492,0.595523,0.632742,0.6587,0.702297,0.679264,0.654367,0.748444
3.623,0.623357,0.718325,0.613376,0.594681,0.633805,0.658819,0.701402,0.680296,0.652331,0.748225
3.6232,0.62433,0.718583,0.613017,0.594909,0.63498,0.658869,0.701854,0.680106,0.651751,0.747963
3.6234,0.625792,0.719294,0.613083,0.595754,0.636037,0.658758,0.702994,0.678962,0.652783,0.74817
3.6236,0.626572,0.719889,0.613569,0.596339,0.636084,0.658753,0.702868,0.677763,0.653833,0.748681
3.6238,0.626586,0.720149,0.614213,0.596497,0.635042,0.659115,0.701614,0.677689,0.653968,0.749691
3.624,0.626274,0.719985,0.614394,0.596311,0.633632,0.659357,0.700329,0.679142,0.65312,0.750216
3.6242,0.626142,0.720109,0.614278,0.59603,0.633199,0.659324,0.699514,0.68094,0.651835,0.750435
3.6244,0.626813,0.720641,0.613705,0.595858,0.633787,0.659509,0.699142,0.681896,0.650964,0.750382
3.6246,0.627616,0.721193,0.613273,0.596279,0.634961,0.659772,0.698879,0.681748,0.650982,0.750527
3.6248,0.627619,0.721183,0.613504,0.597664,0.63609,0.660026,0.698338,0.681445,0.651954,0.751335
3.625,0.62732,0.720421,0.613993,0.598839,0.636891,0.660372,0.697709,0.681206,0.653449,0.752527
3.6252,0.627137,0.719532,0.614205,0.598904,0.63669,0.660571,0.697533,0.680863,0.654068,0.753519
3.6254,0.627092,0.718904,0.613962,0.598532,0.635705,0.660564,0.698208,0.680442,0.653339,0.753867
3.6256,0.627353,0.718828,0.613687,0.598768,0.635274,0.660185,0.699444,0.680007,0.652337,0.753564
3.6258,0.627555,0.719549,0.613471,0.599477,0.63564,0.65951,0.699518,0.679094,0.651549,0.753215
3.626,0.627642,0.720718,0.613377,0.600023,0.636315,0.659205,0.698007,0.678353,0.651024,0.753114
3.6262,0.627618,0.721413,0.613871,0.600604,0.636857,0.659297,0.696493,0.679653,0.651963,0.753936
3.6264,0.628184,0.721005,0.614726,0.601479,0.637216,0.660029,0.695437,0.682457,0.654173,0.755481
3.6266,0.629997,0.719765,0.615243,0.602333,0.636636,0.660621,0.694545,0.683176,0.655275,0.757279
3.6268,0.63212,0.718628,0.615114,0.604051,0.635364,0.660728,0.693022,0.681682,0.654411,0.758734
3.627,0.633242,0.718699,0.614526,0.605818,0.633798,0.660839,0.690843,0.679185,0.651684,0.759709
3.6272,0.632262,0.719778,0.613968,0.60649,0.632547,0.660771,0.689938,0.676482,0.648977,0.760033
3.6274,0.629938,0.721095,0.613803,0.605756,0.631911,0.660891,0.689213,0.674814,0.648216,0.760198
3.6276,0.628221,0.721744,0.614512,0.604304,0.631125,0.66146,0.687782,0.674532,0.649204,0.760464
3.6278,0.629166,0.721352,0.615997,0.603181,0.630417,0.66229,0.685965,0.674819,0.650162,0.760887
3.628,0.631984,0.720521,0.617587,0.603212,0.631031,0.66257,0.684927,0.675418,0.650174,0.7618
3.6282,0.634505,0.720339,0.618174,0.604468,0.632678,0.66205,0.684121,0.675638,0.649063,0.762933
3.6284,0.6349,0.721133,0.617924,0.606106,0.634217,0.661925,0.681917,0.6747,0.647617,0.763855
3.6286,0.633028,0.722425,0.616989,0.607024,0.635076,0.662353,0.679426,0.67296,0.647059,0.764534
3.6288,0.630812,0.723401,0.616185,0.606871,0.635168,0.662981,0.677712,0.671913,0.647738,0.764811
3.629,0.629737,0.723653,0.615973,0.606497,0.634736,0.663224,0.676417,0.671806,0.648716,0.764767
3.6292,0.630963,0.723197,0.616485,0.60681,0.63477,0.662785,0.674654,0.67205,0.649136,0.764901
3.6294,0.633913,0.722547,0.61713,0.607772,0.635329,0.661885,0.672387,0.672021,0.648636,0.765334
3.6296,0.635876,0.722496,0.617626,0.609184,0.636014,0.661134,0.670065,0.6714,0.647806,0.766154
3.6298,0.634974,0.723231,0.617323,0.610136,0.636587,0.660991,0.66801,0.670424,0.647541,0.767336
3.63,0.63259,0.724312,0.616197,0.610065,0.636603,0.661544,0.66685,0.669656,0.648029,0.768354
3.6302,0.630636,0.724783,0.615288,0.609222,0.63626,0.66254,0.6666,0.669505,0.648977,0.768859
3.6304,0.629995,0.724425,0.615011,0.608337,0.635999,0.663318,0.666795,0.670001,0.649969,0.768839
3.6306,0.630725,0.723188,0.615251,0.607999,0.636403,0.663157,0.66715,0.671464,0.650906,0.768405
3.6308,0.631986,0.721803,0.615717,0.608625,0.637305,0.661995,0.667483,0.672776,0.651283,0.767885
3.631,0.632725,0.720739,0.615975,0.609788,0.63818,0.660641,0.667773,0.672732,0.651484,0.767537
3.6312,0.632271,0.719968,0.615711,0.610556,0.638701,0.660342,0.66792,0.672119,0.651909,0.767483
3.6314,0.631089,0.719857,0.615195,0.610887,0.638357,0.660697,0.667978,0.671354,0.652436,0.767568
3.6316,0.629825,0.720061,0.614782,0.610627,0.637537,0.660835,0.668574,0.670663,0.652483,0.767736
3.6318,0.629438,0.720092,0.614989,0.609929,0.637439,0.660179,0.670132,0.670412,0.652562,0.767396
3.632,0.62992,0.719205,0.615432,0.609888,0.637979,0.658834,0.671083,0.670566,0.652935,0.766702
3.6322,0.63038,0.717198,0.616082,0.610479,0.638924,0.657548,0.670276,0.671023,0.65383,0.766099
3.6324,0.630403,0.714578,0.616393,0.611158,0.639794,0.656427,0.668728,0.671421,0.655174,0.765687
3.6326,0.6304,0.712512,0.616311,0.61215,0.639811,0.655567,0.668108,0.671588,0.656519,0.765547
3.6328,0.630875,0.71199,0.615893,0.613024,0.63963,0.655034,0.669012,0.671574,0.657503,0.765155
3.633,0.631319,0.713009,0.615787,0.613832,0.640188,0.654216,0.670899,0.671421,0.657911,0.764306
3.6332,0.631207,0.714136,0.615722,0.614641,0.64137,0.653001,0.672401,0.671275,0.657846,0.763159
3.6334,0.630669,0.713761,0.615548,0.614966,0.641906,0.651436,0.672983,0.671147,0.65787,0.761877
3.6336,0.630023,0.711682,0.615649,0.614502,0.641298,0.650391,0.673317,0.671303,0.658254,0.760808
3.6338,0.629769,0.708778,0.615785,0.613836,0.640081,0.650719,0.674344,0.671553,0.659074,0.760024
3.634,0.630107,0.706348,0.615449,0.61394,0.638773,0.651506,0.676146,0.671603,0.660012,0.759512
3.6342,0.630433,0.705273,0.614884,0.614912,0.638192,0.651342,0.677313,0.671555,0.660989,0.758891
3.6344,0.630188,0.705394,0.614559,0.615927,0.638344,0.649909,0.677694,0.671583,0.661758,0.758033
3.6346,0.629309,0.705803,0.614703,0.616258,0.638364,0.648251,0.67781,0.671897,0.662392,0.75706
3.6348,0.629009,0.705616,0.615176,0.615671,0.637768,0.647269,0.677389,0.672377,0.662639,0.756145
3.635,0.629759,0.704663,0.615698,0.614888,0.636131,0.647267,0.676955,0.673341,0.663055,0.75564
3.6352,0.630972,0.703373,0.615782,0.615185,0.634343,0.647957,0.676404,0.674288,0.663428,0.755544
3.6354,0.631357,0.702308,0.6156,0.616104,0.633035,0.648709,0.676396,0.674635,0.66406,0.755607
3.6356,0.631026,0.701927,0.615343,0.617045,0.632337,0.649054,0.675642,0.67499,0.664928,0.75563
3.6358,0.630018,0.702227,0.614971,0.617561,0.632089,0.648954,0.674172,0.675706,0.665251,0.755205
3.636,0.62875,0.702605,0.614975,0.617538,0.631479,0.648809,0.671822,0.676025,0.665043,0.754441
3.6362,0.627503,0.702467,0.615245,0.617194,0.630252,0.648782,0.670062,0.67615,0.664412,0.754156
3.6364,0.62696,0.702102,0.615599,0.616749,0.628614,0.649074,0.668976,0.676164,0.664235,0.754305
3.6366,0.627049,0.702157,0.615648,0.616483,0.627217,0.649774,0.669948,0.675783,0.664704,0.754527
3.6368,0.627979,0.702551,0.615374,0.616333,0.626155,0.650543,0.672361,0.676087,0.665413,0.754278
3.637,0.628776,0.70275,0.614696,0.616211,0.625719,0.650708,0.671829,0.677538,0.665923,0.753158
3.6372,0.628475,0.702903,0.614258,0.61627,0.626009,0.65024,0.668247,0.679226,0.665764,0.751673
3.6374,0.626885,0.702913,0.614231,0.616257,0.626188,0.649497,0.665107,0.680293,0.665687,0.750586
3.6376,0.624725,0.702661,0.61438,0.615909,0.625944,0.649075,0.663484,0.680629,0.666324,0.750307
3.6378,0.623921,0.702742,0.614861,0.615402,0.625157,0.649182,0.664286,0.680355,0.667176,0.750852
3.638,0.625267,0.703151,0.615287,0.615119,0.624146,0.649692,0.666061,0.679318,0.667689,0.751551
3.6382,0.62729,0.703939,0.615405,0.6152,0.623377,0.650268,0.666426,0.678353,0.667262,0.751729
3.6384,0.628867,0.704578,0.614894,0.61542,0.623181,0.650654,0.664804,0.678085,0.665961,0.751165
3.6386,0.628491,0.704479,0.614378,0.615555,0.623496,0.650746,0.662429,0.678259,0.664718,0.750006
3.6388,0.626397,0.703537,0.614039,0.615192,0.623869,0.650602,0.66103,0.67857,0.664479,0.748914
3.639,0.623892,0.702449,0.614187,0.614351,0.624019,0.650426,0.661847,0.678355,0.66535,0.748856
3.6392,0.622974,0.701669,0.614586,0.614178,0.624233,0.650244,0.664177,0.677782,0.666538,0.749625
3.6394,0.624029,0.701483,0.614673,0.615331,0.624646,0.650228,0.665477,0.677122,0.667061,0.750566
3.6396,0.625673,0.702376,0.614621,0.616754,0.625078,0.650303,0.665147,0.676969,0.666382,0.75091
3.6398,0.626251,0.704111,0.614549,0.617431,0.625323,0.650119,0.664786,0.677179,0.664981,0.749838
3.64,0.624787,0.705613,0.614076,0.616641,0.625514,0.649643,0.665006,0.677447,0.664052,0.747976
3.6402,0.622381,0.706299,0.613936,0.615482,0.626092,0.648888,0.665499,0.67773,0.664482,0.746026
3.6404,0.620371,0.706034,0.614728,0.61544,0.626925,0.648779,0.666112,0.677959,0.66575,0.744802
3.6406,0.620178,0.705987,0.616227,0.617056,0.627923,0.648818,0.666607,0.677841,0.666613,0.745078
3.6408,0.621314,0.706439,0.617354,0.618964,0.628619,0.64819,0.667659,0.677694,0.666363,0.746146
3.641,0.622723,0.70734,0.617884,0.620221,0.629181,0.647083,0.669687,0.678287,0.66514,0.746915
3.6412,0.623366,0.708226,0.617501,0.620779,0.629568,0.646046,0.671999,0.679684,0.663913,0.746907
3.6414,0.622993,0.70906,0.616895,0.62092,0.629717,0.645134,0.673581,0.681103,0.66377,0.747001
3.6416,0.621992,0.709686,0.616759,0.620631,0.629939,0.644638,0.674337,0.681089,0.665084,0.747985
3.6418,0.621158,0.71011,0.617105,0.620618,0.630367,0.644538,0.675068,0.679638,0.667114,0.749718
3.642,0.620792,0.710075,0.617883,0.620961,0.631143,0.644764,0.675985,0.677811,0.668287,0.750856
3.6422,0.620952,0.709598,0.618679,0.621316,0.632201,0.644598,0.677285,0.67681,0.667885,0.750788
3.6424,0.621273,0.708567,0.618781,0.621457,0.633028,0.643717,0.678867,0.677009,0.66681,0.750052
3.6426,0.620721,0.707403,0.618197,0.621443,0.633436,0.642883,0.679762,0.677429,0.665914,0.750172
3.6428,0.619777,0.706674,0.618162,0.621609,0.633609,0.642723,0.679269,0.677436,0.666337,0.751666
3.643,0.619492,0.706547,0.619046,0.622179,0.633835,0.642917,0.677589,0.678284,0.667875,0.753768
3.6432,0.620108,0.706928,0.61996,0.623217,0.634068,0.643001,0.676085,0.679904,0.668958,0.755403
3.6434,0.620942,0.707597,0.620437,0.623912,0.634394,0.642804,0.675931,0.680421,0.669259,0.755923
3.6436,0.621292,0.708407,0.620391,0.623666,0.634651,0.642554,0.677151,0.679722,0.669181,0.756556
3.6438,0.620873,0.708853,0.619789,0.62279,0.635226,0.642545,0.679346,0.678614,0.668711,0.7575
3.644,0.620132,0.7088,0.619431,0.621711,0.635749,0.642814,0.680084,0.678038,0.668619,0.758929
3.6442,0.619877,0.70852,0.619814,0.621255,0.635966,0.643314,0.677745,0.677929,0.668579,0.75998
3.6444,0.620328,0.708377,0.620748,0.622903,0.635671,0.64393,0.673655,0.678085,0.668748,0.760535
3.6446,0.620956,0.708544,0.621496,0.625754,0.635099,0.644324,0.670127,0.678617,0.668969,0.760544
3.6448,0.621403,0.70954,0.621079,0.627938,0.634774,0.644536,0.669178,0.678758,0.668618,0.760337
3.645,0.621219,0.71114,0.619526,0.627807,0.63474,0.644946,0.669956,0.678293,0.667637,0.760866
3.6452,0.620568,0.712212,0.617527,0.625523,0.634679,0.645665,0.672452,0.67759,0.6664,0.762249
3.6454,0.620243,0.712176,0.615686,0.622337,0.634755,0.64641,0.673865,0.676516,0.665413,0.763843
3.6456,0.62084,0.711232,0.61525,0.620499,0.635134,0.646709,0.671451,0.676317,0.665097,0.765056
3.6458,0.622313,0.71001,0.61652,0.621487,0.635845,0.646836,0.666183,0.677918,0.666459,0.765408
3.646,0.62378,0.709404,0.618472,0.624501,0.636291,0.647143,0.661406,0.679834,0.667941,0.765643
3.6462,0.624322,0.709964,0.619679,0.627103,0.636387,0.647708,0.65977,0.680909,0.667571,0.765915
3.6464,0.623452,0.711355,0.619358,0.627266,0.635846,0.648497,0.661,0.680628,0.665649,0.766407
3.6466,0.622111,0.712959,0.618313,0.625553,0.635413,0.649607,0.662768,0.680106,0.662376,0.766905
3.6468,0.621794,0.714271,0.617363,0.623188,0.63547,0.650733,0.662941,0.680311,0.659508,0.76728
3.647,0.622752,0.714338,0.617402,0.62229,0.635862,0.651403,0.661152,0.680639,0.658511,0.767367
3.6472,0.624154,0.713038,0.618178,0.623175,0.636612,0.651407,0.658751,0.680939,0.659069,0.767599
3.6474,0.625176,0.711184,0.618673,0.624992,0.63758,0.650881,0.65826,0.681796,0.659888,0.768135
3.6476,0.625085,0.709675,0.618698,0.625968,0.638555,0.65037,0.660489,0.683135,0.660822,0.768892
3.6478,0.623651,0.709162,0.618342,0.625617,0.639599,0.650111,0.663261,0.684026,0.66038,0.769647
3.648,0.622171,0.709547,0.61753,0.624332,0.640371,0.650383,0.664427,0.68383,0.658548,0.770118
3.6482,0.622254,0.710143,0.616518,0.623109,0.640554,0.650942,0.664612,0.682669,0.656564,0.770189
3.6484,0.623466,0.709771,0.615892,0.622534,0.640102,0.650901,0.664648,0.681981,0.655276,0.76988
3.6486,0.624377,0.708082,0.615571,0.623109,0.639626,0.649959,0.664496,0.682214,0.655004,0.770049
3.6488,0.624014,0.705767,0.615599,0.624325,0.639652,0.648451,0.664521,0.682752,0.655451,0.770864
3.649,0.62217,0.704025,0.615937,0.62498,0.640012,0.647351,0.665204,0.683823,0.65597,0.772421
3.6492,0.61988,0.703491,0.616656,0.624826,0.640271,0.6468,0.666218,0.684889,0.656143,0.773712
3.6494,0.618557,0.703515,0.617316,0.624046,0.640322,0.646611,0.667914,0.68524,0.656148,0.774015
3.6496,0.618989,0.703324,0.617327,0.623917,0.640264,0.646719,0.669625,0.685031,0.656305,0.773388
3.6498,0.620082,0.702438,0.616715,0.62508,0.640099,0.646798,0.670389,0.684502,0.656667,0.77245
3.65,0.620286,0.700709,0.616044,0.626794,0.639896,0.646208,0.670866,0.683908,0.657194,0.772187
3.6502,0.619262,0.698817,0.615682,0.627435,0.640165,0.645009,0.672093,0.684539,0.657621,0.772867
3.6504,0.617553,0.697307,0.615603,0.627028,0.640692,0.644217,0.674284,0.686048,0.657669,0.774004
3.6506,0.616522,0.696299,0.615721,0.626475,0.64083,0.643774,0.676946,0.68748,0.657675,0.774538
3.6508,0.616553,0.695728,0.61595,0.626171,0.640035,0.643646,0.679259,0.687606,0.65813,0.774429
3.651,0.617311,0.695141,0.61605,0.626197,0.638636,0.644083,0.680331,0.686247,0.659028,0.773709
3.6512,0.617892,0.694288,0.615955,0.626723,0.63719,0.644581,0.679355,0.684632,0.659981,0.772552
3.6514,0.617652,0.693364,0.615737,0.62755,0.635839,0.644495,0.677585,0.684081,0.660534,0.772435
3.6516,0.61651,0.692453,0.615268,0.627828,0.634817,0.643803,0.677338,0.684939,0.660312,0.773441
3.6518,0.615008,0.691702,0.614797,0.62721,0.633931,0.643093,0.67847,0.68641,0.659694,0.774451
3.652,0.614515,0.691345,0.614541,0.626234,0.633149,0.642944,0.679228,0.687597,0.659451,0.77461
3.6522,0.615379,0.69124,0.614593,0.625651,0.632161,0.643473,0.679909,0.687555,0.660015,0.773496
3.6524,0.617325,0.691236,0.615176,0.625662,0.631024,0.644425,0.679091,0.687029,0.661245,0.771398
3.6526,0.618771,0.691375,0.615752,0.62616,0.630063,0.645382,0.676369,0.686364,0.662473,0.770185
3.6528,0.618372,0.6912,0.616017,0.626599,0.628786,0.64566,0.672859,0.685321,0.662886,0.769501
3.653,0.61702,0.690849,0.615655,0.626528,0.62711,0.645404,0.669951,0.684706,0.662293,0.769155
3.6532,0.616389,0.690843,0.614487,0.626189,0.625799,0.645551,0.668791,0.684612,0.661578,0.769127
3.6534,0.617084,0.691123,0.613136,0.625918,0.625202,0.646436,0.669453,0.685449,0.661285,0.768334
3.6536,0.618131,0.69133,0.612326,0.625957,0.625429,0.647318,0.669286,0.686705,0.661519,0.767453
3.6538,0.618797,0.691101,0.612408,0.625835,0.625716,0.647453,0.667483,0.687136,0.661933,0.766848
3.654,0.618534,0.690367,0.612939,0.625628,0.625361,0.646785,0.664303,0.686527,0.661534,0.766354
3.6542,0.617596,0.689731,0.613438,0.62556,0.624389,0.645904,0.660833,0.685651,0.660246,0.766236
3.6544,0.616757,0.689717,0.613646,0.625444,0.623263,0.645562,0.658932,0.685877,0.658279,0.766083
3.6546,0.616546,0.690407,0.61324,0.624928,0.622412,0.646107,0.659569,0.687143,0.656707,0.765475
3.6548,0.617604,0.691427,0.612627,0.624081,0.622086,0.647254,0.660956,0.688185,0.656445,0.764864
3.655,0.619646,0.692204,0.612152,0.623217,0.622323,0.648434,0.661182,0.688631,0.657544,0.764683
3.6552,0.620959,0.692412,0.612188,0.622888,0.622804,0.64915,0.659922,0.688127,0.658589,0.764747
3.6554,0.620724,0.692125,0.61251,0.622954,0.623033,0.649227,0.658567,0.687753,0.657943,0.764904
3.6556,0.619009,0.691612,0.613186,0.623185,0.622796,0.648793,0.658577,0.687785,0.655504,0.764641
3.6558,0.617352,0.691523,0.613456,0.623395,0.622633,0.648332,0.660113,0.688676,0.652313,0.7636
3.656,0.616678,0.6933,0.613169,0.623163,0.623007,0.648309,0.662144,0.689505,0.650212,0.76198
3.6562,0.616988,0.696373,0.612557,0.622672,0.623757,0.648662,0.662975,0.689982,0.649893,0.760476
3.6564,0.617672,0.698097,0.612343,0.62241,0.624439,0.648908,0.662441,0.689617,0.650697,0.760013
3.6566,0.618219,0.696721,0.612384,0.622725,0.624875,0.648688,0.662269,0.689191,0.651425,0.76088
3.6568,0.618432,0.693065,0.612324,0.62312,0.625398,0.647937,0.662421,0.688844,0.65128,0.762177
3.657,0.618307,0.689246,0.612078,0.623759,0.625841,0.646514,0.6623,0.688625,0.650135,0.763305
3.6572,0.617866,0.687826,0.611866,0.624597,0.62664,0.645204,0.662034,0.688494,0.648865,0.763481
3.6574,0.618168,0.689853,0.611932,0.624999,0.62768,0.644858,0.661948,0.688277,0.648302,0.762793
3.6576,0.61933,0.694641,0.612414,0.625013,0.628495,0.645402,0.66205,0.687951,0.648621,0.761923
3.6578,0.620686,0.698297,0.613443,0.62485,0.628824,0.646185,0.662303,0.68767,0.649488,0.761407
3.658,0.621829,0.698555,0.614348,0.625219,0.629027,0.646325,0.662827,0.687669,0.65023,0.762218
3.6582,0.622535,0.695027,0.614857,0.626019,0.629073,0.645474,0.663612,0.68828,0.650073,0.763788
3.6584,0.623095,0.690228,0.614677,0.626259,0.628991,0.643653,0.664459,0.688954,0.649085,0.764956
3.6586,0.623424,0.687766,0.614021,0.625547,0.62888,0.641905,0.665579,0.688668,0.648319,0.764951
3.6588,0.623321,0.688842,0.613497,0.62416,0.628701,0.641055,0.667002,0.687552,0.648561,0.7631
3.659,0.622674,0.692693,0.613259,0.62317,0.628515,0.641641,0.668309,0.686755,0.649566,0.760621
3.6592,0.621852,0.696377,0.613523,0.623488,0.628369,0.642699,0.66932,0.686362,0.650536,0.759014
3.6594,0.621072,0.697635,0.614107,0.625056,0.627913,0.643135,0.669767,0.686831,0.650936,0.759087
3.6596,0.62072,0.696158,0.614542,0.626401,0.627208,0.642763,0.669323,0.687394,0.650705,0.760993
3.6598,0.621876,0.693713,0.614902,0.626854,0.626742,0.642279,0.668198,0.688337,0.650358,0.762919
3.66,0.623576,0.692325,0.614962,0.625747,0.626613,0.64212,0.667378,0.690053,0.650529,0.763497
3.6602,0.624383,0.693323,0.614773,0.62449,0.626213,0.642431,0.66722,0.691275,0.651295,0.762433
3.6604,0.623631,0.697408,0.614593,0.624304,0.625615,0.643188,0.667096,0.691009,0.652353,0.761525
3.6606,0.622257,0.702222,0.61454,0.625398,0.625098,0.644192,0.665957,0.689668,0.653396,0.761403
3.6608,0.62133,0.704838,0.614768,0.626728,0.624868,0.645185,0.664459,0.687716,0.654048,0.762003
3.661,0.620812,0.704542,0.615589,0.627902,0.626234,0.645892,0.663893,0.686587,0.654189,0.762762
3.6612,0.621323,0.703019,0.616632,0.628727,0.628775,0.646086,0.664567,0.687016,0.653951,0.76277
3.6614,0.622779,0.702494,0.617253,0.628642,0.630413,0.646042,0.666581,0.688528,0.653839,0.762509
3.6616,0.624116,0.703802,0.617067,0.627181,0.629629,0.646333,0.666621,0.690017,0.654108,0.762302
3.6618,0.624095,0.706694,0.616254,0.624924,0.627447,0.647088,0.663492,0.690309,0.654354,0.761807
3.662,0.622224,0.709525,0.615423,0.623163,0.6265,0.648064,0.659374,0.689387,0.654154,0.761959
3.6622,0.619612,0.71066,0.615131,0.622332,0.627248,0.649101,0.658109,0.688092,0.653388,0.76257
3.6624,0.617783,0.710057,0.615439,0.621977,0.628808,0.649667,0.660492,0.687614,0.652362,0.763162
3.6626,0.619022,0.709468,0.616064,0.622047,0.629901,0.650318,0.664421,0.688112,0.651494,0.763956
3.6628,0.623175,0.709745,0.616662,0.621788,0.629805,0.651417,0.666167,0.689452,0.651085,0.76427
3.663,0.627063,0.710686,0.616971,0.620973,0.628975,0.652831,0.664482,0.690294,0.65107,0.764636
3.6632,0.627904,0.712064,0.61687,0.619776,0.628389,0.654161,0.662007,0.690347,0.65101,0.76523
3.6634,0.625817,0.713362,0.616492,0.618226,0.628508,0.655038,0.660784,0.69022,0.650591,0.765664
3.6636,0.62323,0.713625,0.616027,0.616525,0.629291,0.65535,0.661539,0.69093,0.649462,0.766062
3.6638,0.621976,0.713759,0.615538,0.614713,0.630059,0.655347,0.663745,0.691831,0.648301,0.766662
3.664,0.622559,0.713978,0.615246,0.61379,0.630366,0.65553,0.666134,0.6927,0.647747,0.767339
3.6642,0.624,0.714185,0.615946,0.614925,0.630451,0.655998,0.667864,0.69263,0.647736,0.767978
3.6644,0.625027,0.713896,0.61766,0.61716,0.63052,0.656353,0.66836,0.691588,0.64809,0.768129
3.6646,0.624862,0.71275,0.619098,0.618167,0.63078,0.656268,0.667693,0.690511,0.648048,0.767991
3.6648,0.624076,0.710948,0.618909,0.616661,0.631293,0.655727,0.667501,0.690358,0.647145,0.768043
3.665,0.623659,0.709044,0.616806,0.61425,0.632162,0.654812,0.669229,0.691183,0.646053,0.768341
3.6652,0.623823,0.708115,0.614163,0.612382,0.632773,0.654102,0.672259,0.692036,0.645533,0.769196
3.6654,0.624288,0.708399,0.612235,0.611484,0.633211,0.653729,0.674926,0.691862,0.64617,0.770068
3.6656,0.624779,0.708824,0.611665,0.611718,0.633471,0.653669,0.675874,0.690465,0.647804,0.770742
3.6658,0.624851,0.708118,0.61249,0.612589,0.633709,0.653731,0.675791,0.688701,0.64952,0.771087
3.666,0.624512,0.705873,0.613643,0.613232,0.63403,0.653045,0.67668,0.687743,0.65074,0.77072
3.6662,0.62442,0.702887,0.613708,0.613403,0.634421,0.651663,0.6786,0.688091,0.65095,0.770232
3.6664,0.624804,0.7004,0.61229,0.613331,0.634749,0.650073,0.681033,0.689238,0.65044,0.769895
3.6666,0.625233,0.699284,0.610383,0.613077,0.634805,0.648718,0.683059,0.690214,0.64996,0.77023
3.6668,0.625498,0.69934,0.608757,0.612729,0.634503,0.647846,0.683661,0.690214,0.650025,0.771512
3.667,0.62551,0.699448,0.6081,0.612475,0.634238,0.647484,0.683838,0.689113,0.651049,0.772641
3.6672,0.624896,0.698907,0.608264,0.612298,0.634159,0.647109,0.685817,0.68757,0.652937,0.772922
3.6674,0.624113,0.697212,0.608898,0.612594,0.634096,0.646481,0.68862,0.68678,0.654662,0.772188
3.6676,0.624306,0.694828,0.609333,0.613993,0.634195,0.645774,0.690383,0.686849,0.655397,0.771258
3.6678,0.625073,0.692769,0.609117,0.616108,0.633964,0.645165,0.690235,0.687553,0.655132,0.770818
3.668,0.62515,0.691767,0.608383,0.617538,0.633412,0.644773,0.688582,0.687704,0.654435,0.770732
3.6682,0.62438,0.691872,0.607611,0.617216,0.632216,0.644553,0.687526,0.686446,0.654151,0.770757
3.6684,0.623144,0.692439,0.607211,0.615748,0.631074,0.64446,0.68867,0.684128,0.654873,0.770626
3.6686,0.62169,0.692732,0.607336,0.614451,0.630408,0.644434,0.690805,0.6815,0.656385,0.770455
3.6688,0.620546,0.692404,0.607817,0.614372,0.630033,0.644492,0.692395,0.680015,0.65797,0.770411
3.669,0.619956,0.69163,0.608258,0.615802,0.629463,0.644689,0.693127,0.679739,0.65901,0.770154
3.6692,0.619818,0.690956,0.608347,0.617889,0.628602,0.645111,0.692614,0.680454,0.659316,0.769797
3.6694,0.619354,0.690744,0.607993,0.619156,0.627156,0.645715,0.692075,0.68091,0.659129,0.769536
3.6696,0.618121,0.690865,0.607764,0.618689,0.625276,0.646161,0.693273,0.679417,0.659012,0.769488
3.6698,0.616124,0.69118,0.608137,0.616806,0.623607,0.646457,0.694997,0.676659,0.659231,0.769569
3.67,0.614132,0.691454,0.608801,0.614735,0.622742,0.646716,0.696917,0.67458,0.659861,0.769498
3.6702,0.612982,0.691455,0.609112,0.614085,0.62286,0.646926,0.698943,0.673799,0.660549,0.768772
3.6704,0.613215,0.691246,0.60879,0.614974,0.623251,0.647049,0.699366,0.674293,0.660728,0.767524
3.6706,0.614196,0.691157,0.608118,0.616636,0.623211,0.64711,0.699019,0.674784,0.660278,0.7663
3.6708,0.614848,0.691428,0.607768,0.61766,0.622455,0.647227,0.698874,0.674669,0.659128,0.765551
3.671,0.614309,0.691843,0.608211,0.616991,0.621379,0.647533,0.69933,0.673606,0.657887,0.765261
3.6712,0.612837,0.692239,0.609239,0.614735,0.620611,0.648026,0.700293,0.672118,0.657205,0.765577
3.6714,0.611439,0.692554,0.610225,0.612337,0.620474,0.648645,0.701742,0.671012,0.657194,0.765714
3.6716,0.610994,0.69283,0.610687,0.611117,0.620878,0.649298,0.703408,0.670759,0.65726,0.765627
3.6718,0.611617,0.693023,0.610517,0.611546,0.621456,0.649938,0.7044,0.671352,0.656991,0.76517
3.672,0.612726,0.693123,0.609923,0.612557,0.621767,0.650513,0.704859,0.672332,0.656263,0.764759
3.6722,0.61355,0.693046,0.609328,0.612708,0.62152,0.650817,0.705909,0.673054,0.655335,0.764577
3.6724,0.613626,0.692705,0.609092,0.61144,0.621061,0.65082,0.708286,0.673234,0.654113,0.764351
3.6726,0.613011,0.692351,0.609219,0.609545,0.621114,0.650853,0.709966,0.672877,0.65311,0.763932
3.6728,0.612236,0.692188,0.60964,0.608615,0.621674,0.650909,0.709949,0.67275,0.65295,0.76333
3.673,0.612047,0.692316,0.609914,0.609015,0.622276,0.650943,0.7086,0.673318,0.653118,0.763576
3.6732,0.612865,0.692239,0.6095,0.610279,0.62275,0.650784,0.707713,0.674109,0.653502,0.764464
3.6734,0.614048,0.691597,0.60844,0.61098,0.623035,0.650738,0.708466,0.674257,0.654137,0.765285
3.6736,0.61481,0.690764,0.607516,0.611063,0.623331,0.650375,0.71002,0.674328,0.655388,0.765877
3.6738,0.614778,0.689759,0.607452,0.611329,0.624201,0.64973,0.711149,0.674629,0.656388,0.765729
3.674,0.614251,0.689231,0.60827,0.611663,0.625463,0.649154,0.710971,0.674814,0.656796,0.765067
3.6742,0.613784,0.689053,0.608969,0.612029,0.626892,0.648748,0.709302,0.675109,0.6563,0.764493
3.6744,0.613882,0.688747,0.60965,0.612599,0.627601,0.648268,0.708153,0.675353,0.655699,0.764422
3.6746,0.614681,0.687977,0.610732,0.613284,0.628014,0.647361,0.708789,0.675158,0.655487,0.76531
3.6748,0.61589,0.686757,0.611059,0.613687,0.628126,0.646481,0.709503,0.67455,0.656505,0.766785
3.675,0.617684,0.685532,0.609986,0.613381,0.628481,0.64572,0.709953,0.673936,0.658115,0.76761
3.6752,0.61971,0.685001,0.607989,0.612599,0.629106,0.645716,0.710086,0.674161,0.659663,0.767601
3.6754,0.620446,0.685169,0.606208,0.612215,0.6295,0.646405,0.708068,0.675169,0.660455,0.767106
3.6756,0.61922,0.685378,0.60549,0.612655,0.629693,0.647484,0.705326,0.67636,0.660199,0.766517
3.6758,0.616859,0.685402,0.605822,0.613548,0.629523,0.648916,0.703242,0.676653,0.659427,0.767127
3.676,0.614835,0.684942,0.60655,0.614161,0.629201,0.649979,0.702888,0.675437,0.659047,0.768576
3.6762,0.614751,0.684143,0.607746,0.614412,0.629382,0.650014,0.703834,0.673002,0.65916,0.769841
3.6764,0.616431,0.683629,0.609017,0.614535,0.630312,0.649263,0.706042,0.670652,0.659842,0.770177
3.6766,0.619899,0.683741,0.609479,0.614433,0.631477,0.648923,0.7072,0.670049,0.660802,0.769268
3.6768,0.623153,0.68452,0.609111,0.614656,0.632569,0.649519,0.705914,0.671174,0.66162,0.768052
3.677,0.62347,0.685778,0.608609,0.6155,0.633332,0.650785,0.70495,0.672173,0.662278,0.767388
3.6772,0.621032,0.686894,0.608468,0.616357,0.633567,0.652048,0.70568,0.672349,0.663101,0.768125
3.6774,0.617707,0.687436,0.608737,0.616497,0.633789,0.652678,0.707023,0.671687,0.664108,0.769758
3.6776,0.615841,0.687536,0.609252,0.615905,0.634386,0.652492,0.707528,0.670296,0.664949,0.771293
3.6778,0.615594,0.687599,0.60972,0.615568,0.635351,0.651945,0.707323,0.668962,0.665677,0.77163
3.678,0.616405,0.688054,0.609779,0.616068,0.6364,0.651947,0.706659,0.668168,0.665724,0.770358
3.6782,0.617672,0.689149,0.609746,0.616739,0.637013,0.652723,0.706006,0.667686,0.665079,0.768725
3.6784,0.618397,0.69043,0.610267,0.61692,0.637162,0.653945,0.704798,0.667003,0.663943,0.767627
3.6786,0.61777,0.691342,0.611365,0.616617,0.636876,0.65479,0.702885,0.666058,0.66285,0.767545
3.6788,0.616026,0.691776,0.61283,0.615929,0.63676,0.655239,0.7029,0.664852,0.662843,0.768059
3.679,0.614379,0.691844,0.613824,0.615893,0.636904,0.655564,0.705185,0.6652,0.665368,0.768536
3.6792,0.614136,0.691931,0.613764,0.61729,0.637506,0.655931,0.707087,0.667343,0.668871,0.76816
3.6794,0.615295,0.69258,0.61278,0.619255,0.63852,0.65665,0.706037,0.66946,0.670025,0.767508
3.6796,0.616737,0.693805,0.612011,0.620666,0.639573,0.657321,0.704189,0.670248,0.668709,0.766342
3.6798,0.617407,0.695267,0.611848,0.620201,0.640183,0.657493,0.703534,0.669808,0.66547,0.765145
3.68,0.617083,0.696628,0.6126,0.618651,0.640211,0.657774,0.705597,0.668943,0.661832,0.764454
3.6802,0.616322,0.697507,0.613436,0.617139,0.639816,0.658606,0.70881,0.66853,0.659951,0.763853
3.6804,0.615794,0.698093,0.61371,0.616601,0.639153,0.659914,0.710062,0.66918,0.660342,0.763063
3.6806,0.615975,0.69867,0.61297,0.617476,0.638491,0.661172,0.708765,0.670635,0.66172,0.762006
3.6808,0.61707,0.699178,0.611787,0.618724,0.638192,0.661638,0.706524,0.671816,0.662808,0.760665
3.681,0.618122,0.699239,0.610956,0.619282,0.638343,0.661331,0.705904,0.672382,0.662157,0.759359
3.6812,0.61821,0.698699,0.611197,0.619078,0.638403,0.660602,0.707975,0.672712,0.66013,0.758658
3.6814,0.617989,0.697483,0.612105,0.618443,0.638088,0.660186,0.709476,0.672897,0.658114,0.758383
3.6816,0.618106,0.696154,0.613088,0.617888,0.637154,0.660259,0.708474,0.673093,0.657034,0.758234
3.6818,0.618361,0.6955,0.613399,0.617547,0.635561,0.660609,0.706575,0.67339,0.657078,0.757946
3.682,0.618459,0.695895,0.612865,0.617961,0.63387,0.66098,0.705817,0.673767,0.657835,0.757257
3.6822,0.618385,0.696647,0.612048,0.618671,0.632529,0.661465,0.706032,0.674068,0.658486,0.75665
3.6824,0.618098,0.696539,0.611561,0.618811,0.631807,0.661522,0.707616,0.674615,0.658466,0.756504
3.6826,0.617841,0.695005,0.611588,0.618731,0.631749,0.661197,0.709352,0.675713,0.657859,0.75677
3.6828,0.618102,0.69271,0.611968,0.618768,0.631799,0.660588,0.709775,0.676947,0.657163,0.757394
3.683,0.618884,0.691076,0.612241,0.61904,0.631032,0.660737,0.708906,0.677768,0.656978,0.757856
3.6832,0.619643,0.690538,0.611889,0.619402,0.629202,0.662071,0.709323,0.677834,0.657544,0.757796
3.6834,0.619968,0.691078,0.611049,0.619424,0.626865,0.663584,0.711458,0.677204,0.658476,0.757654
3.6836,0.619797,0.691728,0.610445,0.619282,0.625145,0.6645,0.713747,0.676341,0.659194,0.757712
3.6838,0.619029,0.691493,0.610403,0.619045,0.624891,0.664571,0.714607,0.675861,0.659703,0.757966
3.684,0.618043,0.689869,0.610512,0.619108,0.625948,0.664079,0.713712,0.676066,0.660204,0.758517
3.6842,0.617891,0.687686,0.610221,0.619632,0.627099,0.662978,0.71343,0.676449,0.660824,0.759162
3.6844,0.619153,0.686104,0.609364,0.620258,0.627231,0.661975,0.714494,0.676054,0.661611,0.759265
3.6846,0.620364,0.685743,0.608351,0.620481,0.626564,0.661853,0.715763,0.674621,0.662745,0.75915
3.6848,0.620358,0.686285,0.607557,0.620162,0.625801,0.662496,0.716288,0.673088,0.663983,0.759018
3.685,0.619048,0.686985,0.60751,0.619305,0.625187,0.663792,0.71515,0.671781,0.664781,0.759134
3.6852,0.617378,0.687238,0.607963,0.618549,0.624858,0.664969,0.713778,0.671079,0.66535,0.759677
3.6854,0.616191,0.686786,0.608233,0.618777,0.624912,0.665598,0.713681,0.670724,0.66566,0.760037
3.6856,0.616096,0.686002,0.608045,0.619956,0.625038,0.66544,0.714648,0.669855,0.666421,0.759922
3.6858,0.616652,0.685591,0.607446,0.621384,0.6251,0.665073,0.715336,0.667912,0.667434,0.759757
3.686,0.616761,0.685887,0.606585,0.621932,0.625331,0.664592,0.714503,0.665658,0.668207,0.759402
3.6862,0.615955,0.686614,0.605582,0.621509,0.625877,0.664247,0.71392,0.663934,0.66861,0.759555
3.6864,0.61457,0.687471,0.604789,0.620858,0.626146,0.664236,0.71489,0.662857,0.668569,0.75999
3.6866,0.612992,0.688477,0.604332,0.620844,0.625911,0.664436,0.71535,0.662371,0.668614,0.75971
3.6868,0.611968,0.689282,0.60415,0.62148,0.625325,0.664556,0.714745,0.662092,0.669355,0.758787
3.687,0.61233,0.689377,0.604312,0.622254,0.624955,0.664137,0.715116,0.661772,0.6705,0.757383
3.6872,0.613105,0.688719,0.604551,0.622853,0.625002,0.663371,0.715713,0.660835,0.671301,0.756
3.6874,0.613193,0.687831,0.604566,0.623244,0.625468,0.662024,0.715746,0.65945,0.671354,0.755236
3.6876,0.612929,0.687311,0.604297,0.623192,0.625947,0.66074,0.715922,0.658261,0.67077,0.755119
3.6878,0.612397,0.687549,0.604005,0.622645,0.625976,0.659754,0.716676,0.65759,0.670164,0.755362
3.688,0.612172,0.688518,0.604029,0.622446,0.625658,0.659759,0.717115,0.657333,0.670229,0.754962
3.6882,0.612645,0.689713,0.604422,0.622589,0.625491,0.659859,0.717261,0.657234,0.671046,0.753359
3.6884,0.613264,0.690485,0.604922,0.623244,0.625396,0.659464,0.716941,0.657115,0.672164,0.750791
3.6886,0.613658,0.690576,0.605203,0.623919,0.625901,0.657997,0.717037,0.657004,0.673031,0.748469
3.6888,0.613734,0.690144,0.605005,0.624022,0.62678,0.656,0.718742,0.657022,0.673196,0.747145
3.689,0.613542,0.689547,0.604644,0.62325,0.627668,0.654191,0.720443,0.657288,0.672499,0.747102
3.6892,0.613327,0.689134,0.60469,0.622532,0.627809,0.653481,0.719656,0.657651,0.671451,0.748117
3.6894,0.613624,0.688789,0.605209,0.62215,0.627065,0.653527,0.719679,0.657912,0.670765,0.748806
3.6896,0.614427,0.689103,0.605778,0.621978,0.626216,0.653319,0.720815,0.658323,0.670968,0.748713
3.6898,0.615385,0.690012,0.606016,0.622479,0.626223,0.652608,0.721723,0.659218,0.671521,0.748307
3.69,0.615857,0.691309,0.605955,0.623285,0.627857,0.651769,0.721372,0.659961,0.671288,0.748642
3.6902,0.615355,0.692373,0.606233,0.62366,0.630331,0.650884,0.719313,0.660293,0.670306,0.749553
3.6904,0.61467,0.692962,0.606859,0.62373,0.631656,0.650632,0.71804,0.660048,0.668889,0.750378
3.6906,0.615414,0.69299,0.607484,0.623405,0.631024,0.651407,0.718742,0.659494,0.667414,0.750416
3.6908,0.617675,0.693009,0.607851,0.623163,0.629181,0.652909,0.719923,0.659292,0.666499,0.749864
3.691,0.620146,0.693196,0.607877,0.623383,0.62754,0.654062,0.720718,0.659835,0.666765,0.749435
3.6912,0.621304,0.692936,0.607903,0.623585,0.627252,0.654106,0.721412,0.660862,0.667066,0.749531
3.6914,0.620479,0.692184,0.607992,0.623121,0.628647,0.65312,0.721018,0.662,0.666259,0.750554
3.6916,0.618753,0.691074,0.608005,0.622091,0.630513,0.651807,0.719494,0.663066,0.663988,0.751971
3.6918,0.617832,0.69023,0.608354,0.621184,0.631909,0.651167,0.718357,0.663815,0.661201,0.75287
3.692,0.618668,0.690538,0.6094,0.620877,0.632389,0.65178,0.717663,0.6641,0.659048,0.752872
3.6922,0.621252,0.691254,0.610568,0.621294,0.631716,0.653114,0.717075,0.664209,0.658219,0.752003
3.6924,0.623656,0.691438,0.611714,0.621939,0.630752,0.65433,0.715943,0.664764,0.658227,0.751283
3.6926,0.624453,0.690923,0.612771,0.622114,0.630466,0.65485,0.714623,0.66549,0.658172,0.751515
3.6928,0.623203,0.689991,0.613575,0.621449,0.63133,0.654412,0.713384,0.666344,0.657585,0.752677
3.693,0.621563,0.689267,0.613758,0.620242,0.63325,0.653336,0.712447,0.666722,0.656554,0.754141
3.6932,0.621651,0.689062,0.613729,0.619192,0.634806,0.652459,0.711914,0.66626,0.6557,0.755269
3.6934,0.623642,0.689384,0.613724,0.61893,0.635402,0.65253,0.712288,0.665229,0.655512,0.755729
3.6936,0.626181,0.690697,0.613406,0.619442,0.635912,0.653618,0.71312,0.663987,0.655872,0.755685
3.6938,0.627672,0.693115,0.612936,0.620079,0.636526,0.655111,0.712927,0.663722,0.656349,0.755361
3.694,0.627436,0.695063,0.613278,0.62018,0.636838,0.656171,0.712041,0.664144,0.656596,0.755491
3.6942,0.626415,0.695515,0.614094,0.6195,0.636801,0.656398,0.710688,0.664919,0.656484,0.756437
3.6944,0.625304,0.694866,0.614698,0.618584,0.636833,0.656011,0.710788,0.665017,0.656107,0.757513
3.6946,0.6251,0.694202,0.614961,0.618186,0.637127,0.655488,0.71231,0.663591,0.655869,0.757777
3.6948,0.625656,0.694177,0.614537,0.618262,0.637768,0.655137,0.713987,0.66124,0.656316,0.756713
3.695,0.626686,0.694856,0.614016,0.617985,0.638626,0.65491,0.713533,0.659523,0.657398,0.75498
3.6952,0.628016,0.695878,0.613701,0.617076,0.639782,0.655144,0.710666,0.658906,0.658461,0.753473
3.6954,0.628544,0.6968,0.613915,0.615765,0.640596,0.655353,0.708456,0.659148,0.658928,0.75268
3.6956,0.627769,0.697275,0.61442,0.614319,0.641063,0.655251,0.708589,0.659527,0.658969,0.752987
3.6958,0.626814,0.697512,0.614926,0.613418,0.641527,0.654607,0.710083,0.659235,0.659014,0.753491
3.696,0.627571,0.69805,0.615346,0.613084,0.642099,0.653686,0.711514,0.658193,0.659634,0.753753
3.6962,0.62911,0.699037,0.615626,0.612953,0.642527,0.652933,0.711576,0.65707,0.660694,0.753472
3.6964,0.629822,0.700218,0.615734,0.612861,0.642626,0.652571,0.711065,0.6566,0.661573,0.752428
3.6966,0.629374,0.701507,0.615773,0.612701,0.642962,0.652262,0.711578,0.657024,0.661812,0.751908
3.6968,0.627599,0.703109,0.615834,0.612366,0.64341,0.652236,0.712481,0.658017,0.66158,0.751781
3.697,0.625588,0.704732,0.615809,0.611191,0.644077,0.652718,0.712829,0.659008,0.661412,0.751606
3.6972,0.624211,0.705816,0.615753,0.609689,0.64488,0.652629,0.714298,0.659593,0.661534,0.751249
3.6974,0.624082,0.705776,0.616032,0.608944,0.645802,0.651472,0.715597,0.659834,0.66195,0.750317
3.6976,0.626708,0.704875,0.616985,0.609467,0.646502,0.650028,0.716079,0.659794,0.662909,0.74908
3.6978,0.629911,0.703739,0.617741,0.610646,0.646937,0.649125,0.717582,0.660164,0.663911,0.748106
3.698,0.630804,0.703177,0.61731,0.61095,0.646754,0.648949,0.719151,0.661357,0.664335,0.747492
3.6982,0.629443,0.703356,0.615587,0.609864,0.645917,0.649018,0.719024,0.66284,0.663565,0.747271
3.6984,0.627133,0.70421,0.613424,0.608424,0.644843,0.648983,0.717742,0.663683,0.662175,0.747367
3.6986,0.625033,0.705081,0.612165,0.607514,0.644554,0.648681,0.716979,0.663408,0.66122,0.747478
3.6988,0.62383,0.705364,0.612261,0.607311,0.645157,0.648117,0.718028,0.662436,0.661114,0.747516
3.699,0.623845,0.70432,0.613081,0.607637,0.646115,0.647548,0.720274,0.661865,0.661481,0.747591
3.6992,0.624605,0.702267,0.613479,0.608295,0.646465,0.64734,0.722638,0.662422,0.662332,0.747746
3.6994,0.625094,0.700238,0.612766,0.609048,0.645869,0.64777,0.723424,0.663858,0.662834,0.748058
3.6996,0.624839,0.698773,0.611208,0.609568,0.644261,0.648695,0.7237,0.665432,0.662128,0.748492
3.6998,0.62426,0.698428,0.609363,0.609534,0.642724,0.649686,0.72424,0.666595,0.660851,0.74872
3.7,0.623862,0.698871,0.607958,0.608951,0.642035,0.65018,0.725644,0.667126,0.659365,0.748834
3.7002,0.623879,0.699664,0.607426,0.608233,0.641958,0.650002,0.72634,0.667143,0.658255,0.749218
3.7004,0.62424,0.699925,0.607731,0.607973,0.642367,0.649902,0.726308,0.667087,0.65798,0.749864
3.7006,0.62414,0.698986,0.608175,0.608705,0.642851,0.65055,0.725706,0.667266,0.657983,0.750189
3.7008,0.623518,0.697223,0.607952,0.610331,0.642626,0.651569,0.725129,0.667561,0.657947,0.749916
3.701,0.623369,0.695315,0.60692,0.611715,0.641554,0.652174,0.725319,0.667635,0.657727,0.749063
3.7012,0.624286,0.694247,0.605587,0.611965,0.640295,0.652064,0.725999,0.667071,0.657336,0.747986
3.7014,0.625563,0.694067,0.604666,0.611081,0.639645,0.651642,0.726681,0.666374,0.657031,0.74746
3.7016,0.626334,0.694316,0.604546,0.609901,0.639635,0.651464,0.726473,0.666021,0.657011,0.747669
3.7018,0.626834,0.694386,0.605029,0.609364,0.639772,0.652404,0.725637,0.665837,0.657193,0.748442
3.702,0.626659,0.693977,0.605572,0.609794,0.639404,0.653992,0.72453,0.665281,0.657506,0.749436
3.7022,0.625928,0.693114,0.605774,0.610802,0.638223,0.655384,0.723991,0.663977,0.657957,0.749893
3.7024,0.625861,0.69226,0.605566,0.611674,0.636741,0.655867,0.724609,0.662077,0.658458,0.749577
3.7026,0.626799,0.691903,0.605143,0.611916,0.63576,0.65534,0.725442,0.660323,0.658959,0.748796
3.7028,0.627675,0.691945,0.604787,0.611438,0.635613,0.654214,0.725801,0.659207,0.65953,0.747827
3.703,0.627674,0.692277,0.604866,0.610487,0.636389,0.653256,0.724045,0.658575,0.659908,0.747385
3.7032,0.626423,0.692964,0.605337,0.60959,0.637031,0.653263,0.721635,0.658254,0.660335,0.747926
3.7034,0.624379,0.693813,0.605979,0.609117,0.63675,0.654065,0.719383,0.657858,0.661169,0.748323
3.7036,0.622899,0.694503,0.606286,0.609243,0.63522,0.655186,0.718294,0.657777,0.662137,0.748091
3.7038,0.622929,0.694549,0.606126,0.609688,0.63317,0.656364,0.720173,0.657508,0.662618,0.746908
3.704,0.624172,0.693894,0.605794,0.609693,0.63157,0.656923,0.722708,0.656634,0.662416,0.745044
3.7042,0.62569,0.693469,0.605661,0.609213,0.631263,0.656868,0.722028,0.655786,0.661791,0.74367
3.7044,0.626131,0.693977,0.60594,0.608125,0.632534,0.656421,0.719158,0.655316,0.661324,0.743139
3.7046,0.624928,0.695357,0.606613,0.607317,0.634536,0.656361,0.717545,0.655237,0.66154,0.743357
3.7048,0.623105,0.697111,0.607429,0.606826,0.635372,0.656723,0.718674,0.655371,0.662455,0.743857
3.705,0.621678,0.698475,0.608074,0.606584,0.634856,0.657922,0.721279,0.65559,0.66358,0.743915
3.7052,0.620995,0.699231,0.608301,0.60658,0.633348,0.659228,0.722738,0.655859,0.664339,0.743187
3.7054,0.620663,0.699083,0.608047,0.606271,0.632095,0.659893,0.722827,0.656158,0.664443,0.741811
3.7056,0.620675,0.698308,0.607553,0.606139,0.631372,0.659893,0.723073,0.656374,0.663914,0.740057
3.7058,0.620795,0.697783,0.607355,0.605876,0.631371,0.659281,0.72242,0.656325,0.663199,0.738637
3.706,0.620433,0.698008,0.607573,0.60505,0.631874,0.658663,0.721296,0.656145,0.662807,0.738374
3.7062,0.619371,0.698616,0.608207,0.604296,0.632236,0.658359,0.720778,0.656115,0.662863,0.739146
3.7064,0.618101,0.699356,0.609032,0.604053,0.63215,0.658394,0.72105,0.656374,0.663065,0.740998
3.7066,0.61709,0.699915,0.609242,0.604558,0.631819,0.658679,0.721937,0.656791,0.662752,0.742546
3.7068,0.616709,0.700201,0.608621,0.606476,0.631923,0.659187,0.722867,0.657232,0.661744,0.743156
3.707,0.617073,0.699902,0.607848,0.609117,0.632895,0.659987,0.723049,0.657604,0.660558,0.743146
3.7072,0.617525,0.699181,0.607666,0.610774,0.634623,0.660495,0.722128,0.657819,0.659837,0.742726
3.7074,0.617639,0.698763,0.608021,0.610641,0.635967,0.660929,0.721257,0.657917,0.659682,0.743095
3.7076,0.617376,0.699069,0.608619,0.609764,0.636337,0.661438,0.721755,0.658183,0.659379,0.743982
3.7078,0.617045,0.700021,0.608559,0.609421,0.636144,0.661755,0.723108,0.658937,0.658755,0.744634
3.708,0.616996,0.701427,0.60755,0.61007,0.636012,0.661515,0.723982,0.660008,0.657924,0.745113
3.7082,0.617289,0.702576,0.606375,0.61154,0.636183,0.660906,0.723905,0.660916,0.657276,0.744754
3.7084,0.617629,0.702828,0.60566,0.612893,0.637137,0.660747,0.722879,0.661591,0.656732,0.744422
3.7086,0.617984,0.702123,0.606257,0.613369,0.638214,0.660807,0.721848,0.661947,0.656364,0.745488
3.7088,0.618089,0.701011,0.607816,0.612624,0.639059,0.660851,0.721566,0.662024,0.655613,0.747236
3.709,0.618079,0.700265,0.608868,0.611877,0.639293,0.661279,0.721157,0.662267,0.654617,0.748383
3.7092,0.618435,0.700338,0.609099,0.611866,0.638923,0.662193,0.720768,0.663079,0.653654,0.748449
3.7094,0.619194,0.701101,0.608917,0.612482,0.638343,0.662705,0.721018,0.665034,0.653445,0.747377
3.7096,0.619927,0.702174,0.608886,0.6128,0.638268,0.662896,0.722078,0.667425,0.654969,0.746304
3.7098,0.620507,0.702994,0.608765,0.611931,0.639115,0.662746,0.723119,0.667959,0.656952,0.746659
3.71,0.621413,0.703129,0.608796,0.610503,0.640292,0.662544,0.72316,0.665946,0.658323,0.748428
3.7102,0.622831,0.702664,0.60923,0.609494,0.641298,0.662447,0.722921,0.662672,0.658621,0.75114
3.7104,0.62411,0.702005,0.609765,0.609457,0.64198,0.662623,0.722306,0.660489,0.658329,0.753763
3.7106,0.624683,0.701773,0.610487,0.610229,0.642093,0.66307,0.721288,0.660225,0.657947,0.754605
3.7108,0.62455,0.702349,0.610854,0.611068,0.641594,0.663286,0.720268,0.66156,0.657769,0.753621
3.711,0.624181,0.703361,0.610834,0.611073,0.64103,0.663123,0.719722,0.662824,0.658614,0.751493
3.7112,0.624692,0.704157,0.610556,0.610086,0.640879,0.66265,0.720439,0.663578,0.660415,0.749371
3.7114,0.626632,0.704369,0.610507,0.608907,0.641233,0.662355,0.721138,0.663447,0.662129,0.748902
3.7116,0.628894,0.704087,0.610772,0.608585,0.641753,0.66218,0.718959,0.661695,0.663183,0.750399
3.7118,0.629188,0.703236,0.61111,0.609438,0.642242,0.662054,0.714739,0.659052,0.663953,0.752522
3.712,0.627518,0.70248,0.611242,0.610787,0.642846,0.662027,0.713153,0.658595,0.664664,0.753918
3.7122,0.625224,0.701861,0.611024,0.611818,0.643131,0.661707,0.714636,0.661216,0.664664,0.753334
3.7124,0.623668,0.701852,0.610649,0.61162,0.643548,0.660964,0.716543,0.664196,0.664109,0.751015
3.7126,0.624064,0.702195,0.610484,0.610635,0.644205,0.660479,0.717439,0.664914,0.663593,0.748596
3.7128,0.626125,0.702102,0.610747,0.609944,0.644137,0.660983,0.716119,0.663017,0.663909,0.747548
3.713,0.628337,0.701298,0.61133,0.610176,0.643494,0.661549,0.713773,0.660361,0.665431,0.748042
3.7132,0.628601,0.700051,0.611875,0.611151,0.643302,0.661717,0.712192,0.658688,0.667098,0.749725
3.7134,0.626527,0.698671,0.612008,0.61215,0.643696,0.661337,0.71236,0.658903,0.668136,0.750796
3.7136,0.623899,0.699002,0.611579,0.612479,0.64422,0.660309,0.713767,0.660956,0.668438,0.750415
3.7138,0.622133,0.701207,0.610769,0.612083,0.644489,0.659296,0.715233,0.663251,0.668332,0.748826
3.714,0.622235,0.703074,0.610156,0.611233,0.64502,0.659521,0.715823,0.663983,0.668661,0.746739
3.7142,0.625206,0.702759,0.610784,0.610203,0.645465,0.660624,0.715368,0.663151,0.66972,0.7452
3.7144,0.629721,0.700711,0.612625,0.610084,0.645047,0.661785,0.715806,0.662318,0.670531,0.744698
3.7146,0.632231,0.698416,0.613856,0.611432,0.643678,0.662576,0.716343,0.662263,0.670559,0.744964
3.7148,0.630336,0.696945,0.613454,0.613605,0.641969,0.662719,0.715679,0.662853,0.669994,0.745394
3.715,0.625647,0.69671,0.61154,0.615173,0.640588,0.662245,0.714337,0.663655,0.669531,0.745428
3.7152,0.621416,0.697282,0.609246,0.615496,0.639751,0.662217,0.712479,0.66397,0.669835,0.744955
3.7154,0.619966,0.697659,0.608109,0.614293,0.639591,0.662772,0.711459,0.663587,0.670492,0.744218
3.7156,0.621511,0.697306,0.608278,0.613141,0.639329,0.663653,0.712085,0.663399,0.670765,0.743688
3.7158,0.624116,0.696598,0.609487,0.613137,0.638652,0.664562,0.713156,0.664067,0.670803,0.743566
3.716,0.625502,0.696072,0.610439,0.614866,0.637576,0.664935,0.713404,0.665256,0.670241,0.743903
3.7162,0.624851,0.695894,0.610326,0.617449,0.636002,0.664765,0.71264,0.666344,0.670137,0.744489
3.7164,0.623079,0.696064,0.60929,0.618968,0.634004,0.664484,0.711004,0.666988,0.671266,0.744696
3.7166,0.621399,0.696387,0.607783,0.618185,0.632436,0.664669,0.710069,0.667072,0.672701,0.744554
3.7168,0.620863,0.696143,0.606539,0.616364,0.631167,0.665457,0.711665,0.666804,0.673582,0.744767
3.717,0.621993,0.695718,0.605949,0.615044,0.629851,0.666094,0.713726,0.666823,0.673659,0.745268
3.7172,0.623312,0.696048,0.605878,0.614917,0.628881,0.666028,0.714693,0.667338,0.672667,0.745567
3.7174,0.623634,0.696835,0.605786,0.615814,0.628426,0.665334,0.714868,0.667788,0.671995,0.745627
3.7176,0.623805,0.696982,0.605456,0.617006,0.627976,0.664715,0.713678,0.667606,0.672114,0.745022
3.7178,0.624393,0.696014,0.604911,0.617687,0.626943,0.664531,0.712428,0.666733,0.673084,0.743983
3.718,0.624637,0.694242,0.604264,0.617391,0.625276,0.665153,0.712152,0.665447,0.67441,0.743136
3.7182,0.623946,0.692518,0.603666,0.616945,0.623515,0.666331,0.711806,0.664363,0.675183,0.742962
3.7184,0.62269,0.691938,0.603263,0.616843,0.622358,0.667184,0.711454,0.664001,0.675098,0.743707
3.7186,0.621534,0.692771,0.603207,0.616778,0.622055,0.666891,0.712539,0.664753,0.673987,0.744654
3.7188,0.621048,0.694163,0.60351,0.616759,0.622269,0.665788,0.714089,0.665492,0.672438,0.74501
3.719,0.621657,0.695017,0.603997,0.61701,0.622468,0.664843,0.714372,0.664737,0.67177,0.744672
3.7192,0.622873,0.694696,0.604432,0.617292,0.622258,0.664485,0.712986,0.662429,0.67303,0.743556
3.7194,0.623585,0.693355,0.604412,0.617264,0.621426,0.664635,0.711139,0.660152,0.675233,0.742704
3.7196,0.623232,0.691698,0.604149,0.617881,0.620259,0.664842,0.71057,0.659307,0.676483,0.743036
3.7198,0.62212,0.690753,0.604152,0.618807,0.619672,0.664685,0.710971,0.661802,0.676382,0.744522
3.72,0.620603,0.691053,0.604574,0.619407,0.620227,0.663785,0.711063,0.665499,0.675166,0.745486
3.7202,0.619454,0.691981,0.605057,0.619384,0.621192,0.662798,0.70964,0.666543,0.673991,0.744765
3.7204,0.619598,0.692461,0.605224,0.618976,0.621453,0.662679,0.708237,0.663739,0.673952,0.742642
3.7206,0.620901,0.69176,0.604918,0.618341,0.620518,0.663484,0.707466,0.659643,0.674921,0.739949
3.7208,0.622173,0.690364,0.604379,0.617926,0.618928,0.664198,0.706265,0.65672,0.675776,0.738389
3.721,0.62289,0.688963,0.604131,0.618331,0.617752,0.664316,0.705038,0.65621,0.675989,0.738687
3.7212,0.622491,0.688119,0.604534,0.619795,0.617656,0.663866,0.705045,0.657765,0.676015,0.740091
3.7214,0.621012,0.687862,0.605459,0.621176,0.618572,0.663367,0.706539,0.659497,0.676099,0.741315
3.7216,0.619288,0.688055,0.606396,0.621894,0.619783,0.663087,0.707553,0.659842,0.676092,0.74089
3.7218,0.618096,0.688252,0.606825,0.621369,0.62047,0.662977,0.706777,0.659152,0.676317,0.738909
3.722,0.617875,0.68799,0.606516,0.619967,0.620235,0.66321,0.704884,0.658449,0.676879,0.736713
3.7222,0.618778,0.687638,0.605722,0.618754,0.619362,0.663619,0.703816,0.658088,0.677056,0.735419
3.7224,0.619395,0.68751,0.605139,0.618659,0.618441,0.663894,0.704676,0.658396,0.676735,0.735608
3.7226,0.619269,0.687831,0.605444,0.619472,0.617955,0.664361,0.705714,0.659091,0.676989,0.7366
3.7228,0.618497,0.688044,0.606325,0.620416,0.618011,0.664641,0.707304,0.659584,0.677887,0.737195
3.723,0.617707,0.687616,0.606917,0.620966,0.61817,0.664624,0.708674,0.660269,0.678097,0.736746
3.7232,0.617344,0.687045,0.606749,0.620899,0.618113,0.664608,0.709034,0.661689,0.677837,0.736419
3.7234,0.617537,0.68659,0.605555,0.620689,0.618125,0.665118,0.70783,0.663072,0.67815,0.736905
3.7236,0.617928,0.686804,0.604084,0.620627,0.619342,0.665612,0.706102,0.663283,0.678543,0.737995
3.7238,0.618588,0.687974,0.603538,0.621062,0.622068,0.665728,0.705887,0.662326,0.678981,0.739357
3.724,0.620319,0.68917,0.604117,0.621757,0.624179,0.66525,0.707023,0.661006,0.67908,0.7398
3.7242,0.622367,0.689528,0.605087,0.622261,0.624708,0.665031,0.70906,0.660198,0.67852,0.739663
3.7244,0.623373,0.689192,0.606393,0.622345,0.624073,0.665068,0.710454,0.660738,0.67809,0.739524
3.7246,0.623013,0.688714,0.608132,0.622252,0.623767,0.665213,0.710375,0.66245,0.677626,0.739523
3.7248,0.622104,0.688683,0.609156,0.622233,0.624444,0.664677,0.70823,0.664892,0.677564,0.739907
3.725,0.621453,0.689103,0.608691,0.622208,0.625359,0.663764,0.705891,0.666615,0.677857,0.740326
3.7252,0.621544,0.690019,0.607003,0.622466,0.625842,0.663134,0.704744,0.66683,0.677657,0.740368
3.7254,0.622123,0.69121,0.605128,0.622624,0.62584,0.662784,0.704864,0.665617,0.676998,0.74024
3.7256,0.623125,0.692185,0.603957,0.622225,0.625657,0.663191,0.706676,0.663909,0.676587,0.740206
3.7258,0.62419,0.692823,0.603805,0.621193,0.625448,0.664108,0.708204,0.662618,0.676385,0.740473
3.726,0.625026,0.693092,0.60442,0.619588,0.625505,0.66499,0.706775,0.662555,0.676494,0.740917
3.7262,0.625513,0.69337,0.605259,0.617727,0.625885,0.665365,0.704227,0.663776,0.677291,0.741159
3.7264,0.62613,0.693707,0.605794,0.616477,0.626716,0.664995,0.703791,0.664636,0.678483,0.741123
3.7266,0.626605,0.694013,0.605912,0.616121,0.627931,0.664495,0.705792,0.663951,0.679316,0.741028
3.7268,0.62709,0.694363,0.6059,0.616189,0.628937,0.664399,0.70684,0.661755,0.679226,0.74116
3.727,0.627262,0.695046,0.606001,0.615921,0.629471,0.664788,0.706343,0.659642,0.678267,0.741576
3.7272,0.626865,0.695942,0.606355,0.61493,0.629411,0.665313,0.705421,0.658932,0.677087,0.742155
3.7274,0.626418,0.696622,0.606955,0.613143,0.629628,0.665501,0.704991,0.660029,0.676491,0.742595
3.7276,0.62672,0.696864,0.607787,0.610972,0.630356,0.665295,0.70654,0.660947,0.676277,0.742607
3.7278,0.627794,0.69667,0.608415,0.610087,0.631028,0.664722,0.708526,0.660335,0.676593,0.74228
3.728,0.629252,0.696129,0.60884,0.611545,0.631504,0.664277,0.708911,0.658891,0.677402,0.742369
3.7282,0.630203,0.695975,0.60958,0.614246,0.632034,0.664909,0.708849,0.658067,0.678475,0.743073
3.7284,0.630067,0.696759,0.610557,0.616223,0.63232,0.665995,0.708533,0.658808,0.678938,0.744051
3.7286,0.628906,0.697716,0.61152,0.616397,0.63238,0.666625,0.707898,0.660863,0.678085,0.744637
3.7288,0.627485,0.6979,0.611924,0.615178,0.632315,0.666296,0.708193,0.662748,0.676282,0.744299
3.729,0.626298,0.696913,0.611727,0.614015,0.632301,0.665094,0.708468,0.663019,0.675054,0.743296
3.7292,0.62577,0.695599,0.610936,0.613404,0.632577,0.663885,0.707687,0.661545,0.675627,0.742272
3.7294,0.626548,0.694783,0.610771,0.613304,0.633405,0.663983,0.706885,0.658855,0.678012,0.741896
3.7296,0.629187,0.695002,0.611473,0.613854,0.634299,0.665188,0.707968,0.657261,0.680773,0.742215
3.7298,0.631309,0.695665,0.612783,0.6145,0.63474,0.666426,0.709402,0.65749,0.681679,0.742487
3.73,0.630854,0.696351,0.613968,0.614637,0.63477,0.667009,0.710403,0.658702,0.680032,0.741983
3.7302,0.628142,0.696053,0.613988,0.61456,0.634498,0.666056,0.709674,0.659082,0.677786,0.740557
3.7304,0.62527,0.694488,0.612741,0.614627,0.634551,0.663936,0.709306,0.658041,0.676985,0.739169
3.7306,0.624414,0.692792,0.611662,0.614536,0.635251,0.66268,0.709851,0.65606,0.67847,0.738393
3.7308,0.625921,0.692258,0.611964,0.61442,0.635914,0.663294,0.710242,0.655968,0.681368,0.738543
3.731,0.628523,0.693118,0.613704,0.614341,0.635865,0.665045,0.710262,0.658046,0.683107,0.739345
3.7312,0.630822,0.694648,0.61571,0.614035,0.635562,0.666619,0.709906,0.660572,0.682528,0.740161
3.7314,0.631141,0.69569,0.616439,0.614162,0.63531,0.667088,0.70924,0.662146,0.680491,0.740355
3.7316,0.629867,0.695738,0.61546,0.614648,0.635363,0.666404,0.70951,0.662672,0.678431,0.739852
3.7318,0.628647,0.694613,0.614097,0.615273,0.635352,0.665891,0.711491,0.662198,0.677314,0.738742
3.732,0.628441,0.693045,0.613643,0.61583,0.635451,0.666399,0.713596,0.661169,0.677722,0.73789
3.7322,0.629108,0.691965,0.614261,0.615844,0.63585,0.667537,0.714766,0.660306,0.678883,0.737784
3.7324,0.629808,0.691705,0.615441,0.615247,0.635917,0.66817,0.714128,0.660134,0.679525,0.738132
3.7326,0.629764,0.692111,0.616415,0.614362,0.635575,0.667991,0.714031,0.660703,0.679172,0.738786
3.7328,0.62888,0.692615,0.616434,0.614157,0.634872,0.666813,0.714034,0.661583,0.67824,0.739139
3.733,0.627717,0.692656,0.615364,0.614667,0.634604,0.664738,0.713719,0.662187,0.677369,0.738698
3.7332,0.626989,0.692146,0.614283,0.616015,0.635044,0.662794,0.713473,0.662304,0.677061,0.738117
3.7334,0.627061,0.691371,0.614373,0.617121,0.635265,0.661925,0.712562,0.662152,0.677209,0.73799
3.7336,0.627482,0.690988,0.615052,0.61757,0.634709,0.661452,0.711352,0.661985,0.677636,0.738422
3.7338,0.627806,0.6914,0.615304,0.616956,0.634267,0.660602,0.708858,0.66235,0.677692,0.739123
3.734,0.627892,0.691937,0.614642,0.615888,0.634497,0.659276,0.706167,0.663068,0.677349,0.739699
3.7342,0.627501,0.691841,0.612991,0.615075,0.635269,0.65771,0.702986,0.663889,0.676944,0.739586
3.7344,0.626779,0.690955,0.611481,0.61535,0.635845,0.65636,0.699965,0.664207,0.676744,0.738886
3.7346,0.626284,0.689681,0.610735,0.616414,0.635619,0.655549,0.697653,0.663847,0.67709,0.737965
3.7348,0.626075,0.68884,0.610986,0.617723,0.634727,0.655278,0.69627,0.662783,0.677309,0.737626
3.735,0.626339,0.68896,0.611788,0.618524,0.63381,0.65518,0.695107,0.661829,0.677349,0.738227
3.7352,0.62635,0.689742,0.612152,0.618844,0.633328,0.654877,0.693389,0.661411,0.677462,0.739119
3.7354,0.626437,0.690499,0.611274,0.618469,0.633348,0.654298,0.691174,0.662053,0.677797,0.739764
3.7356,0.626747,0.690729,0.609215,0.617243,0.633644,0.653643,0.689061,0.66297,0.677979,0.739955
3.7358,0.627272,0.690315,0.607079,0.61579,0.633462,0.653261,0.687725,0.663922,0.677961,0.739429
3.736,0.627686,0.689561,0.605952,0.614213,0.632982,0.653449,0.687436,0.664758,0.677216,0.7386
3.7362,0.627466,0.689,0.605953,0.612998,0.632972,0.653815,0.688152,0.665154,0.676032,0.738383
3.7364,0.62657,0.688952,0.606612,0.612301,0.633155,0.653844,0.689322,0.664444,0.675183,0.739
3.7366,0.625343,0.689161,0.60693,0.611783,0.632972,0.653815,0.690469,0.662863,0.675472,0.739579
3.7368,0.624638,0.689215,0.606414,0.611342,0.632443,0.654123,0.69063,0.661502,0.676603,0.739655
3.737,0.624745,0.688572,0.605188,0.610945,0.63172,0.654397,0.690045,0.661613,0.677929,0.738631
3.7372,0.625597,0.687601,0.603918,0.610645,0.630704,0.654189,0.690177,0.66309,0.678303,0.73719
3.7374,0.626691,0.687285,0.603207,0.610331,0.630031,0.653493,0.691071,0.665102,0.677546,0.735877
3.7376,0.626844,0.687475,0.603257,0.610234,0.63031,0.652697,0.691222,0.666278,0.676215,0.735327
3.7378,0.625781,0.687308,0.603849,0.610411,0.631332,0.652217,0.690305,0.666005,0.675018,0.735282
3.738,0.624473,0.686192,0.604492,0.610754,0.632296,0.652262,0.689112,0.665305,0.675073,0.736023
3.7382,0.624268,0.684422,0.604775,0.611072,0.631936,0.652783,0.688607,0.66525,0.675896,0.736548
3.7384,0.625218,0.683105,0.604625,0.61124,0.630494,0.653639,0.688963,0.665521,0.676989,0.736033
3.7386,0.626968,0.682896,0.60426,0.611302,0.628826,0.654492,0.689751,0.666474,0.677294,0.734461
3.7388,0.628193,0.683265,0.603963,0.611373,0.627988,0.654935,0.690319,0.667686,0.676911,0.732516
3.739,0.627977,0.683401,0.603995,0.611542,0.628241,0.654637,0.690553,0.667688,0.675983,0.731443
3.7392,0.626477,0.682852,0.604605,0.611655,0.629071,0.653788,0.690929,0.667096,0.674879,0.73272
3.7394,0.6251,0.682685,0.605462,0.611835,0.629981,0.653071,0.691737,0.667204,0.674352,0.73485
3.7396,0.6255,0.684053,0.606072,0.612574,0.630293,0.653051,0.692556,0.667778,0.674289,0.735992
3.7398,0.627372,0.686154,0.606274,0.613621,0.629894,0.653387,0.692728,0.668873,0.675141,0.735408
3.74,0.629251,0.68738,0.606156,0.614388,0.628926,0.653308,0.691956,0.669976,0.676073,0.734189
3.7402,0.629646,0.687164,0.606059,0.614552,0.627428,0.652541,0.690659,0.670622,0.676476,0.733293
3.7404,0.62897,0.686469,0.606264,0.614183,0.625915,0.651328,0.689223,0.670968,0.675894,0.73334
3.7406,0.628368,0.686113,0.606807,0.61369,0.624844,0.650037,0.688217,0.672256,0.674535,0.733987
3.7408,0.628068,0.686298,0.607472,0.613541,0.624333,0.649179,0.687435,0.674495,0.673228,0.734944
3.741,0.628782,0.687572,0.607893,0.613982,0.624553,0.648762,0.687572,0.676112,0.672886,0.735808
3.7412,0.630542,0.689696,0.607965,0.614814,0.624828,0.648595,0.686747,0.676169,0.673715,0.736086
3.7414,0.631965,0.691361,0.607811,0.61613,0.624715,0.648335,0.683918,0.675585,0.675715,0.736144
3.7416,0.632346,0.691688,0.607736,0.617283,0.624369,0.648239,0.67984,0.674836,0.677755,0.736204
3.7418,0.631868,0.691493,0.608002,0.617417,0.624323,0.647899,0.677561,0.674686,0.678302,0.736357
3.742,0.631146,0.691358,0.608469,0.616512,0.625008,0.646916,0.677302,0.67615,0.676876,0.736659
3.7422,0.630333,0.691457,0.608726,0.615202,0.625967,0.645513,0.676964,0.678798,0.674291,0.737139
3.7424,0.629731,0.691628,0.608627,0.614327,0.626758,0.644415,0.675104,0.680605,0.671785,0.737501
3.7426,0.629134,0.691409,0.608102,0.614099,0.627905,0.643789,0.672302,0.680449,0.671591,0.737699
3.7428,0.62881,0.690654,0.608205,0.614252,0.629002,0.643854,0.669296,0.678863,0.673045,0.737706
3.743,0.629376,0.689769,0.609196,0.614914,0.629275,0.644406,0.668228,0.677467,0.674082,0.737849
3.7432,0.63075,0.68962,0.610369,0.615405,0.628317,0.644895,0.669347,0.678087,0.673156,0.738414
3.7434,0.632512,0.690189,0.610876,0.615444,0.627438,0.645195,0.670364,0.681052,0.670086,0.739398
3.7436,0.633138,0.690894,0.610228,0.61476,0.627522,0.645378,0.669732,0.684063,0.666308,0.740523
3.7438,0.632171,0.691919,0.608979,0.613519,0.628642,0.645567,0.667836,0.685364,0.664312,0.741445
3.744,0.630343,0.692518,0.608094,0.612333,0.630215,0.64592,0.666554,0.684842,0.66459,0.741959
3.7442,0.629042,0.692604,0.608115,0.611325,0.631623,0.64657,0.667163,0.683425,0.666079,0.742148
3.7444,0.628717,0.692405,0.608936,0.611433,0.632282,0.647329,0.669369,0.68257,0.668429,0.742609
3.7446,0.630637,0.691969,0.609861,0.612413,0.632231,0.647859,0.671784,0.683634,0.670658,0.743582
3.7448,0.634059,0.691447,0.609971,0.613424,0.632329,0.648294,0.673537,0.685428,0.670946,0.744616
3.745,0.635725,0.692451,0.609096,0.61394,0.632987,0.648719,0.674452,0.687004,0.669304,0.745181
3.7452,0.633807,0.694935,0.607872,0.613349,0.634202,0.649076,0.674502,0.687593,0.667143,0.744656
3.7454,0.629973,0.697454,0.607765,0.612158,0.635181,0.649234,0.675154,0.686894,0.666026,0.743774
3.7456,0.627002,0.698134,0.609091,0.61059,0.63542,0.64909,0.677094,0.685327,0.666627,0.743997
3.7458,0.625946,0.697114,0.610722,0.609247,0.635118,0.648788,0.67966,0.683304,0.668259,0.745539
3.746,0.626989,0.695768,0.611597,0.609487,0.634796,0.648568,0.681675,0.681317,0.669687,0.746991
3.7462,0.628864,0.694975,0.611718,0.611069,0.634774,0.648625,0.68225,0.680036,0.670007,0.746959
3.7464,0.629742,0.694908,0.611622,0.612655,0.63509,0.649128,0.681586,0.679679,0.669339,0.74463
3.7466,0.629097,0.696062,0.611432,0.613017,0.635618,0.650004,0.680499,0.680047,0.668406,0.741053
3.7468,0.628023,0.698458,0.611337,0.612283,0.636143,0.650904,0.680198,0.680198,0.667888,0.73826
3.747,0.627337,0.700426,0.611446,0.611195,0.63638,0.651507,0.681419,0.67909,0.668131,0.736925
3.7472,0.627223,0.701468,0.611436,0.610524,0.636349,0.651636,0.683713,0.677953,0.668997,0.737568
3.7474,0.628045,0.701873,0.611628,0.610616,0.63624,0.651215,0.68566,0.679352,0.670647,0.738851
3.7476,0.629086,0.701928,0.612121,0.611349,0.63596,0.650653,0.685426,0.682332,0.671983,0.738961
3.7478,0.629004,0.701771,0.612743,0.61225,0.635439,0.650645,0.684576,0.683838,0.672137,0.737758
3.748,0.628495,0.701248,0.613151,0.613014,0.634541,0.65117,0.68533,0.682823,0.671159,0.735626
3.7482,0.628986,0.700674,0.613126,0.613604,0.633338,0.651507,0.687262,0.680799,0.668827,0.733635
3.7484,0.630099,0.700705,0.612747,0.61383,0.632567,0.650994,0.688565,0.679403,0.666186,0.732936
3.7486,0.630674,0.701378,0.61223,0.613655,0.632659,0.649777,0.687799,0.679537,0.664419,0.733274
3.7488,0.630372,0.703217,0.611925,0.613232,0.633224,0.648239,0.686276,0.680696,0.66388,0.734081
3.749,0.629363,0.705328,0.611989,0.612767,0.633494,0.647144,0.685996,0.681625,0.664393,0.734729
3.7492,0.628149,0.706195,0.612446,0.612658,0.633368,0.647246,0.688094,0.681746,0.665349,0.734598
3.7494,0.627837,0.705356,0.613095,0.613228,0.632166,0.648433,0.690561,0.681444,0.665392,0.734044
3.7496,0.629026,0.703541,0.613507,0.61426,0.629923,0.649724,0.691675,0.681202,0.663717,0.733714
3.7498,0.630726,0.701897,0.613334,0.615054,0.627729,0.64984,0.690901,0.681368,0.660968,0.733791
3.75,0.631546,0.702029,0.612583,0.615067,0.626534,0.648668,0.689385,0.681627,0.658153,0.734325
3.7502,0.631032,0.703733,0.611643,0.614172,0.626492,0.64663,0.689908,0.682041,0.656541,0.735121
3.7504,0.629429,0.705614,0.610926,0.612675,0.627426,0.644709,0.691708,0.68257,0.656387,0.735722
3.7506,0.627619,0.706215,0.610954,0.611787,0.628343,0.643893,0.69373,0.683032,0.657078,0.735746
3.7508,0.627272,0.705216,0.611583,0.612286,0.628306,0.6442,0.693653,0.683516,0.657529,0.735152
3.751,0.628784,0.703551,0.612013,0.613503,0.627134,0.644992,0.692114,0.68415,0.65722,0.734576
3.7512,0.630561,0.701897,0.611553,0.614119,0.625414,0.645516,0.692169,0.68436,0.656099,0.734234
3.7514,0.630916,0.701431,0.61034,0.613395,0.624184,0.64526,0.694045,0.683906,0.654667,0.734761
3.7516,0.62961,0.702557,0.608904,0.611649,0.623988,0.644268,0.695401,0.683206,0.653715,0.735754
3.7518,0.627101,0.704163,0.607784,0.609591,0.62461,0.643188,0.695182,0.683509,0.653667,0.73654
3.752,0.625141,0.705124,0.607582,0.608635,0.62533,0.642722,0.694254,0.684471,0.654331,0.737041
3.7522,0.625017,0.704355,0.608119,0.609317,0.625498,0.643196,0.694307,0.685255,0.655231,0.736916
3.7524,0.626652,0.702671,0.608612,0.611116,0.624939,0.644366,0.695785,0.685327,0.65588,0.736441
3.7526,0.628593,0.701249,0.608253,0.612785,0.623986,0.645579,0.697616,0.685274,0.655984,0.736218
3.7528,0.629289,0.701431,0.607046,0.613489,0.623188,0.646129,0.698736,0.685098,0.655553,0.736183
3.753,0.628136,0.703014,0.605502,0.612732,0.622988,0.645856,0.698624,0.685236,0.654929,0.736674
3.7532,0.625891,0.704446,0.604407,0.611375,0.623382,0.645537,0.697898,0.685163,0.654724,0.737287
3.7534,0.624237,0.70472,0.60402,0.610955,0.623882,0.645782,0.697909,0.684808,0.655481,0.737507
3.7536,0.624318,0.70393,0.60409,0.612221,0.623917,0.646735,0.698376,0.684355,0.65677,0.73705
3.7538,0.625608,0.702538,0.604208,0.614586,0.623342,0.647574,0.69922,0.683713,0.657836,0.735721
3.754,0.627168,0.701198,0.604078,0.616338,0.622437,0.647687,0.699349,0.683347,0.657977,0.733928
3.7542,0.627989,0.700545,0.603775,0.616893,0.62167,0.647116,0.698071,0.683443,0.657205,0.732378
3.7544,0.627473,0.70071,0.603505,0.616368,0.621458,0.646415,0.696565,0.683739,0.656212,0.731638
3.7546,0.62597,0.701262,0.603426,0.61556,0.62177,0.646161,0.696178,0.683542,0.655775,0.73184
3.7548,0.624443,0.701611,0.603565,0.614879,0.622238,0.646556,0.696642,0.683131,0.656238,0.732002
3.755,0.623886,0.701511,0.603834,0.614892,0.62249,0.647375,0.697194,0.682437,0.657347,0.731688
3.7552,0.624524,0.701121,0.604106,0.615672,0.622333,0.648229,0.697223,0.682032,0.658466,0.730522
3.7554,0.625772,0.700648,0.604189,0.616512,0.62172,0.648717,0.696367,0.681695,0.658953,0.729228
3.7556,0.626692,0.700577,0.604259,0.616897,0.620881,0.648577,0.694897,0.681597,0.658531,0.729211
3.7558,0.626771,0.700898,0.604754,0.617219,0.620467,0.648109,0.694284,0.68124,0.657557,0.729912
3.756,0.626177,0.701379,0.605766,0.617801,0.62057,0.647872,0.69507,0.680797,0.656757,0.730793
3.7562,0.625716,0.701727,0.606558,0.618493,0.620929,0.648017,0.694798,0.680329,0.656853,0.730952
3.7564,0.62598,0.701658,0.606687,0.618818,0.620965,0.648418,0.693565,0.679665,0.657478,0.729815
3.7566,0.626787,0.701303,0.606118,0.618327,0.62061,0.648612,0.693125,0.679511,0.658157,0.728933
3.7568,0.627505,0.700663,0.605831,0.617845,0.62124,0.648264,0.693854,0.6801,0.658071,0.729081
3.757,0.628268,0.699891,0.606474,0.617934,0.623464,0.647043,0.693794,0.680963,0.657406,0.729656
3.7572,0.628881,0.699698,0.607619,0.618754,0.625291,0.645585,0.69237,0.681448,0.656335,0.73075
3.7574,0.628574,0.700332,0.608866,0.620152,0.625184,0.644912,0.690647,0.681674,0.655603,0.731317
3.7576,0.627999,0.701749,0.609673,0.621534,0.622956,0.645583,0.690447,0.681809,0.655072,0.731484
3.7578,0.627364,0.703522,0.610011,0.621676,0.620516,0.647038,0.691276,0.682101,0.65482,0.731541
3.758,0.627243,0.705163,0.609998,0.621145,0.620775,0.647859,0.692466,0.682302,0.65455,0.731602
3.7582,0.627835,0.706008,0.609893,0.620833,0.623686,0.646686,0.692154,0.682597,0.653997,0.731786
3.7584,0.629033,0.705544,0.610344,0.620891,0.626358,0.643964,0.691695,0.682832,0.653495,0.731992
3.7586,0.630003,0.703736,0.611109,0.621027,0.626757,0.641443,0.691531,0.683228,0.653276,0.732409
3.7588,0.630156,0.701981,0.611615,0.621503,0.624877,0.64085,0.691376,0.683604,0.653805,0.733165
3.759,0.629261,0.702081,0.611881,0.622055,0.62203,0.641906,0.690663,0.683548,0.654916,0.734173
3.7592,0.628093,0.704054,0.611921,0.622425,0.619867,0.643294,0.690746,0.683186,0.655879,0.73503
3.7594,0.628134,0.706015,0.612048,0.622414,0.619394,0.643667,0.691842,0.682845,0.656378,0.735203
3.7596,0.630002,0.706765,0.612863,0.62221,0.62058,0.642617,0.69342,0.682834,0.656844,0.73497
3.7598,0.632748,0.706033,0.614212,0.621213,0.623466,0.640941,0.693759,0.68239,0.657815,0.734632
3.76,0.63472,0.704223,0.615097,0.619095,0.62622,0.639623,0.692422,0.681558,0.658967,0.734703
3.7602,0.634415,0.702988,0.615375,0.616423,0.62693,0.639324,0.690721,0.681002,0.659914,0.735125
3.7604,0.632075,0.702906,0.6154,0.614308,0.625829,0.640101,0.689468,0.680607,0.660114,0.736386
3.7606,0.629976,0.703706,0.615304,0.613438,0.624514,0.641443,0.69043,0.681155,0.659574,0.738001
3.7608,0.630569,0.704255,0.615152,0.61312,0.624036,0.642471,0.692722,0.68272,0.658911,0.739169
3.761,0.632661,0.703846,0.615553,0.612773,0.625006,0.642578,0.693984,0.683863,0.658815,0.739198
3.7612,0.634674,0.702636,0.616421,0.611743,0.626359,0.64185,0.694805,0.683374,0.659531,0.738347
3.7614,0.635317,0.701971,0.61703,0.610847,0.627193,0.641209,0.696063,0.681881,0.660466,0.738123
3.7616,0.634065,0.702626,0.617026,0.610168,0.627107,0.641533,0.696421,0.680671,0.660806,0.739035
3.7618,0.632211,0.703664,0.616444,0.609262,0.626414,0.64268,0.69492,0.680279,0.660215,0.740296
3.762,0.631,0.704454,0.615903,0.608166,0.62616,0.643962,0.69422,0.680595,0.659295,0.741246
3.7622,0.630998,0.704767,0.615726,0.607454,0.62711,0.644822,0.695638,0.681338,0.658763,0.741354
3.7624,0.632072,0.70439,0.615533,0.608314,0.628911,0.645093,0.697571,0.681628,0.658618,0.741008
3.7626,0.633115,0.703438,0.615099,0.610237,0.630173,0.645231,0.69775,0.681234,0.659424,0.740831
3.7628,0.633409,0.702388,0.614559,0.611569,0.629722,0.645349,0.696346,0.681066,0.660805,0.741302
3.763,0.633263,0.701586,0.614036,0.611252,0.628046,0.645779,0.695335,0.680933,0.661785,0.742494
3.7632,0.632686,0.701284,0.613572,0.610145,0.627114,0.646981,0.696038,0.681498,0.661649,0.74413
3.7634,0.631927,0.701534,0.613417,0.60972,0.628067,0.648491,0.698426,0.682879,0.660589,0.74461
3.7636,0.631331,0.701895,0.613113,0.610087,0.629961,0.649159,0.700185,0.683757,0.65947,0.743948
3.7638,0.631186,0.702563,0.612847,0.610835,0.631103,0.648984,0.700565,0.683373,0.658922,0.743149
3.764,0.631195,0.703102,0.612774,0.611445,0.630994,0.649163,0.698686,0.682691,0.659359,0.742738
3.7642,0.631594,0.702908,0.613028,0.612281,0.629859,0.650005,0.695448,0.68312,0.660514,0.743238
3.7644,0.632359,0.701641,0.613279,0.613106,0.628858,0.650708,0.693898,0.684057,0.661539,0.744266
3.7646,0.633146,0.699735,0.613066,0.613941,0.628973,0.650652,0.69592,0.684408,0.661767,0.744983
3.7648,0.633309,0.697852,0.612248,0.614424,0.630197,0.649548,0.699508,0.683724,0.661584,0.745201
3.765,0.632678,0.696711,0.611216,0.614639,0.631877,0.648278,0.70023,0.682491,0.660969,0.744807
3.7652,0.631575,0.696378,0.610384,0.614526,0.63272,0.647953,0.699412,0.681394,0.660416,0.744914
3.7654,0.630946,0.696403,0.609952,0.614314,0.632178,0.648284,0.698716,0.681652,0.660321,0.745438
3.7656,0.630642,0.695886,0.609918,0.614257,0.630545,0.648535,0.699172,0.682598,0.660367,0.746476
3.7658,0.630792,0.69445,0.610105,0.614865,0.62912,0.648433,0.699685,0.683496,0.66037,0.747073
3.766,0.631751,0.692591,0.610295,0.616145,0.629642,0.647731,0.699493,0.683391,0.660356,0.746963
3.7662,0.633098,0.690739,0.610297,0.617105,0.631641,0.645972,0.699514,0.682479,0.660393,0.746395
3.7664,0.633732,0.689728,0.61005,0.6176,0.633734,0.643692,0.700578,0.681713,0.660203,0.74586
3.7666,0.633171,0.689693,0.609599,0.61781,0.634403,0.641953,0.701585,0.68169,0.660286,0.745477
3.7668,0.631622,0.690118,0.609133,0.617558,0.633138,0.641593,0.701749,0.682378,0.660697,0.745553
3.767,0.630503,0.689891,0.608862,0.617093,0.631027,0.64238,0.70093,0.682598,0.661225,0.745788
3.7672,0.63063,0.688361,0.60885,0.617446,0.629883,0.642987,0.700968,0.681994,0.661392,0.745776
3.7674,0.631742,0.685903,0.608953,0.618984,0.630385,0.642203,0.701962,0.681095,0.66109,0.745736
3.7676,0.633435,0.683525,0.609035,0.620503,0.632225,0.640186,0.702739,0.680035,0.660377,0.745463
3.7678,0.634183,0.682121,0.609041,0.621111,0.634134,0.638432,0.702391,0.679394,0.660053,0.745094
3.768,0.63333,0.68184,0.608948,0.620577,0.634767,0.637857,0.701153,0.679353,0.660432,0.744497
3.7682,0.631508,0.682089,0.608803,0.619373,0.634024,0.63832,0.700462,0.679887,0.661618,0.743507
3.7684,0.630252,0.682209,0.608715,0.618363,0.632238,0.638993,0.700512,0.680272,0.662659,0.74213
3.7686,0.630048,0.681894,0.608724,0.618214,0.63059,0.639238,0.701098,0.679748,0.663408,0.740642
3.7688,0.631067,0.681255,0.608782,0.618926,0.630051,0.638869,0.702216,0.678383,0.663895,0.739122
3.769,0.632361,0.680701,0.60873,0.619944,0.631097,0.638252,0.702904,0.676906,0.663907,0.737795
3.7692,0.633284,0.680594,0.60832,0.620673,0.632644,0.637818,0.70299,0.676137,0.663342,0.736651
3.7694,0.632985,0.680908,0.607533,0.620751,0.63275,0.637947,0.702813,0.676212,0.662933,0.735788
3.7696,0.631951,0.681185,0.606826,0.620186,0.631659,0.638512,0.702966,0.676522,0.662782,0.735112
3.7698,0.630678,0.681399,0.606392,0.619414,0.630582,0.639369,0.704521,0.67661,0.663053,0.73506
3.77,0.629874,0.681741,0.606222,0.618853,0.629979,0.640228,0.704797,0.676307,0.663489,0.735218
3.7702,0.6295,0.682233,0.606145,0.619146,0.629881,0.640825,0.703216,0.675974,0.663628,0.734979
3.7704,0.629276,0.682637,0.605797,0.620125,0.629872,0.640926,0.70172,0.675811,0.663424,0.734207
3.7706,0.629444,0.682847,0.605345,0.620858,0.629684,0.640835,0.700843,0.675858,0.662915,0.732827
3.7708,0.629755,0.683486,0.604743,0.621252,0.629128,0.640789,0.699959,0.675428,0.662653,0.731851
3.771,0.62996,0.684606,0.604701,0.621395,0.62839,0.640919,0.699748,0.67433,0.6629,0.731429
3.7712,0.629716,0.685648,0.605204,0.621075,0.627569,0.641296,0.700519,0.672998,0.663632,0.731786
3.7714,0.629091,0.686399,0.605414,0.620907,0.627114,0.641965,0.701513,0.672228,0.664344,0.732468
3.7716,0.62882,0.686758,0.604844,0.62082,0.62732,0.642844,0.701024,0.67239,0.665153,0.732725
3.7718,0.628839,0.686588,0.603622,0.62091,0.627924,0.643666,0.698832,0.673041,0.665839,0.732226
3.772,0.629583,0.686082,0.602552,0.621469,0.628305,0.644171,0.696535,0.673515,0.665891,0.731141
3.7722,0.630854,0.685522,0.60195,0.621814,0.628174,0.644205,0.695857,0.673494,0.665738,0.730555
3.7724,0.631542,0.685076,0.601868,0.621543,0.627817,0.64384,0.697043,0.67285,0.665338,0.731413
3.7726,0.631522,0.685017,0.602057,0.621426,0.627523,0.643392,0.69807,0.671829,0.665263,0.732994
3.7728,0.630695,0.68529,0.602111,0.621902,0.627916,0.643507,0.698501,0.671115,0.666457,0.734083
3.773,0.62982,0.685585,0.601928,0.622521,0.628724,0.644365,0.69906,0.671142,0.668128,0.734392
3.7732,0.629131,0.685449,0.601739,0.622532,0.629812,0.644901,0.698733,0.67125,0.669926,0.733533
3.7734,0.628896,0.684518,0.601724,0.621947,0.630575,0.644242,0.697588,0.671247,0.671395,0.733077
3.7736,0.629419,0.683689,0.601884,0.620769,0.630506,0.642635,0.696994,0.670435,0.671664,0.733557
3.7738,0.630705,0.683212,0.602192,0.618983,0.629759,0.640978,0.697232,0.668931,0.671121,0.734549
3.774,0.631772,0.682861,0.602576,0.617137,0.629265,0.639984,0.698235,0.667037,0.670454,0.735809
3.7742,0.631984,0.682837,0.602918,0.61603,0.62917,0.64007,0.700435,0.665848,0.670767,0.73641
3.7744,0.6314,0.682511,0.603115,0.615986,0.629865,0.640813,0.701262,0.665366,0.671745,0.736123
3.7746,0.630847,0.681902,0.603324,0.616342,0.630717,0.64115,0.699906,0.665297,0.672969,0.73563
3.7748,0.630614,0.680931,0.603681,0.616718,0.631457,0.64037,0.697786,0.665508,0.673689,0.73558
3.775,0.630791,0.680282,0.604133,0.616439,0.631654,0.639108,0.697884,0.66694,0.673986,0.73623
3.7752,0.631256,0.680231,0.604723,0.615113,0.631207,0.638385,0.699983,0.668156,0.674419,0.737567
3.7754,0.63142,0.680067,0.605467,0.613604,0.630453,0.638774,0.701908,0.667509,0.674871,0.738695
3.7756,0.631548,0.679885,0.606262,0.612215,0.629969,0.639898,0.701005,0.664616,0.675857,0.739097
3.7758,0.63133,0.679626,0.606905,0.611381,0.629868,0.640516,0.698586,0.661385,0.676684,0.739065
3.776,0.630918,0.679287,0.607172,0.611621,0.630313,0.640549,0.69866,0.6598,0.677198,0.73935
3.7762,0.630868,0.678903,0.607136,0.612314,0.631359,0.640269,0.702273,0.660128,0.677768,0.740474
3.7764,0.631207,0.678507,0.607114,0.612779,0.633031,0.640464,0.7062,0.66106,0.677867,0.7419
3.7766,0.631817,0.678158,0.607459,0.612569,0.63444,0.641157,0.705945,0.661196,0.677858,0.743142
3.7768,0.632355,0.677941,0.608298,0.611873,0.634344,0.642041,0.703306,0.660172,0.678249,0.743955
3.777,0.632518,0.678137,0.609274,0.611039,0.633276,0.642991,0.701823,0.658712,0.67851,0.744052
3.7772,0.632726,0.678698,0.609867,0.610442,0.632626,0.643819,0.703285,0.657844,0.678249,0.743251
3.7774,0.633201,0.679285,0.609811,0.610241,0.63313,0.644211,0.706597,0.65803,0.677575,0.741775
3.7776,0.633452,0.679629,0.609186,0.610286,0.634371,0.643903,0.708493,0.659333,0.676837,0.740544
3.7778,0.633278,0.679571,0.608519,0.610895,0.635741,0.643439,0.70767,0.661385,0.676021,0.740726
3.778,0.632804,0.679258,0.608291,0.611567,0.636213,0.643667,0.70582,0.662526,0.675065,0.742298
3.7782,0.63216,0.679395,0.608472,0.611675,0.635535,0.644651,0.705564,0.661981,0.674588,0.744193
3.7784,0.631527,0.680251,0.608859,0.611282,0.634287,0.645509,0.706463,0.660993,0.674206,0.745587
3.7786,0.630783,0.68115,0.608956,0.610952,0.63317,0.645773,0.706858,0.661223,0.673247,0.746029
3.7788,0.630109,0.681431,0.608503,0.611065,0.633493,0.645583,0.706671,0.662556,0.671314,0.745759
3.779,0.629404,0.680975,0.608383,0.611756,0.635294,0.645072,0.705703,0.664162,0.669243,0.745816
3.7792,0.629237,0.680185,0.609011,0.612589,0.637135,0.644676,0.704857,0.6659,0.669195,0.746131
3.7794,0.629459,0.679881,0.609602,0.612673,0.638089,0.645042,0.706065,0.666351,0.670676,0.746717
3.7796,0.630114,0.680487,0.609456,0.612028,0.638417,0.645621,0.707633,0.6654,0.672074,0.747327
3.7798,0.630404,0.681711,0.608458,0.611688,0.638417,0.646098,0.708918,0.665058,0.67217,0.747523
3.78,0.629373,0.683229,0.60721,0.612094,0.638065,0.646445,0.708717,0.665737,0.670692,0.747509
3.7802,0.626701,0.685095,0.60612,0.612818,0.637705,0.647323,0.707035,0.667504,0.668753,0.747856
3.7804,0.623821,0.686357,0.605598,0.613396,0.63733,0.648466,0.705102,0.669277,0.667651,0.747946
3.7806,0.622078,0.68633,0.605594,0.613353,0.636585,0.649025,0.704928,0.670136,0.667872,0.748522
3.7808,0.622522,0.684975,0.605795,0.613516,0.635953,0.648864,0.707203,0.670476,0.668846,0.749343
3.781,0.624062,0.683066,0.606419,0.614117,0.63635,0.648374,0.70822,0.671383,0.669474,0.74966
3.7812,0.625256,0.681727,0.606834,0.614993,0.637338,0.647884,0.706945,0.672121,0.669047,0.749641
3.7814,0.624832,0.681511,0.606995,0.615431,0.637613,0.648227,0.704507,0.671954,0.667966,0.748991
3.7816,0.622584,0.682247,0.607392,0.615056,0.636121,0.649836,0.70366,0.671276,0.666914,0.748488
3.7818,0.619904,0.683449,0.607798,0.613888,0.633388,0.651756,0.705344,0.670521,0.666329,0.748733
3.782,0.618526,0.684152,0.607912,0.612708,0.630444,0.653459,0.708726,0.669962,0.666299,0.749481
3.7822,0.618797,0.683615,0.607674,0.61229,0.629159,0.654807,0.710838,0.670918,0.666518,0.750101
3.7824,0.619946,0.681808,0.607261,0.61285,0.629566,0.655795,0.711624,0.673139,0.666541,0.750307
3.7826,0.620738,0.679698,0.606997,0.613881,0.630395,0.656136,0.711856,0.675425,0.666329,0.749756
3.7828,0.62051,0.678327,0.607088,0.614633,0.630392,0.655888,0.711026,0.675981,0.666154,0.749305
3.783,0.619624,0.677818,0.607361,0.61472,0.628626,0.655813,0.7102,0.674368,0.666172,0.749363
3.7832,0.618824,0.677724,0.607562,0.61429,0.625964,0.65635,0.710051,0.671729,0.666285,0.750082
3.7834,0.618553,0.677593,0.607579,0.613884,0.623671,0.657413,0.710105,0.670681,0.666285,0.750914
3.7836,0.618971,0.677005,0.607367,0.613829,0.622383,0.658059,0.710442,0.671589,0.665752,0.751172
3.7838,0.619534,0.676461,0.607118,0.614068,0.622275,0.657957,0.710977,0.673578,0.664702,0.751139
3.784,0.619555,0.675806,0.607137,0.61454,0.622384,0.657808,0.709177,0.67516,0.663806,0.7505
3.7842,0.619462,0.674722,0.607743,0.614986,0.622116,0.65808,0.706821,0.675119,0.663435,0.749997
3.7844,0.619788,0.673248,0.608401,0.615191,0.621217,0.659035,0.70646,0.674282,0.663359,0.750255
3.7846,0.620499,0.671957,0.6086,0.615193,0.619852,0.660055,0.708106,0.673592,0.663346,0.750955
3.7848,0.621149,0.671378,0.608263,0.615049,0.618584,0.660997,0.709692,0.673129,0.662949,0.751283
3.785,0.621803,0.671522,0.607741,0.614854,0.617725,0.66139,0.710461,0.673192,0.661977,0.750713
3.7852,0.622294,0.672004,0.607403,0.614715,0.617341,0.660987,0.709805,0.67409,0.660621,0.749266
3.7854,0.622226,0.672391,0.607401,0.614756,0.617352,0.661031,0.708386,0.674811,0.659087,0.747706
3.7856,0.622183,0.672449,0.607656,0.615023,0.617468,0.661654,0.707518,0.675265,0.657836,0.747001
3.7858,0.622952,0.672205,0.607788,0.615381,0.617329,0.662571,0.707528,0.675689,0.656642,0.747348
3.786,0.624014,0.671891,0.607483,0.615625,0.616828,0.663027,0.708051,0.67647,0.655495,0.748438
3.7862,0.624516,0.6717,0.606821,0.615528,0.616276,0.662269,0.708314,0.676768,0.654569,0.749163
3.7864,0.624158,0.671874,0.606421,0.615015,0.616027,0.661226,0.706925,0.676202,0.654142,0.748657
3.7866,0.622943,0.672407,0.606628,0.614317,0.616147,0.660936,0.706488,0.675021,0.654605,0.747032
3.7868,0.621472,0.672865,0.606903,0.613796,0.616245,0.661429,0.707317,0.67389,0.65569,0.744867
3.787,0.621311,0.672894,0.607243,0.61363,0.616031,0.662292,0.70807,0.673447,0.65671,0.743476
3.7872,0.622692,0.672581,0.607096,0.614099,0.615582,0.663016,0.708156,0.674382,0.656917,0.743147
3.7874,0.623949,0.672188,0.606378,0.614874,0.615206,0.663236,0.707581,0.676078,0.656369,0.743163
3.7876,0.623615,0.672179,0.605496,0.614959,0.615176,0.663146,0.706508,0.677402,0.655891,0.743278
3.7878,0.621828,0.672825,0.604864,0.613717,0.615536,0.662627,0.706157,0.677197,0.656097,0.743378
3.788,0.619875,0.673926,0.605158,0.611668,0.616094,0.662603,0.707071,0.675484,0.656986,0.743109
3.7882,0.61888,0.675119,0.605896,0.609945,0.616491,0.663643,0.709599,0.673917,0.658181,0.742587
3.7884,0.619739,0.67599,0.60629,0.609882,0.616523,0.664701,0.712394,0.673721,0.659004,0.742235
3.7886,0.621493,0.676296,0.605977,0.610803,0.616295,0.664762,0.713313,0.674714,0.658937,0.741892
3.7888,0.622326,0.676186,0.60504,0.611309,0.616127,0.664147,0.711473,0.676352,0.658384,0.741793
3.789,0.621256,0.67596,0.603826,0.610525,0.616157,0.663434,0.708874,0.677589,0.658146,0.742144
3.7892,0.619056,0.676167,0.603216,0.608769,0.616321,0.663481,0.707444,0.677245,0.658423,0.742548
3.7894,0.617198,0.676861,0.60379,0.60698,0.616684,0.664109,0.709528,0.675692,0.659185,0.742876
3.7896,0.617626,0.677825,0.605065,0.605914,0.617048,0.664848,0.712892,0.67423,0.660099,0.742779
3.7898,0.619848,0.678588,0.606393,0.605959,0.617016,0.665052,0.713588,0.674553,0.660473,0.741878
3.79,0.62161,0.678769,0.607019,0.606639,0.617077,0.665128,0.71217,0.676616,0.660336,0.740986
3.7902,0.621613,0.678482,0.607043,0.607721,0.617871,0.66499,0.711642,0.678226,0.660597,0.740724
3.7904,0.620568,0.677908,0.606684,0.608933,0.618322,0.664964,0.712189,0.677834,0.661669,0.741478
3.7906,0.619308,0.677077,0.606391,0.608963,0.617937,0.665187,0.712446,0.675564,0.663411,0.743032
3.7908,0.618474,0.676365,0.60668,0.608178,0.616766,0.665416,0.71311,0.673775,0.665013,0.743927
3.791,0.61849,0.675778,0.607832,0.607857,0.615688,0.665906,0.71336,0.673591,0.665629,0.743903
3.7912,0.619255,0.67516,0.6095,0.608271,0.615449,0.666048,0.713561,0.674956,0.665181,0.743409
3.7914,0.620127,0.674589,0.610988,0.609222,0.615898,0.666048,0.713419,0.676631,0.664288,0.742915
3.7916,0.620914,0.674565,0.611918,0.610328,0.616557,0.665837,0.713024,0.677522,0.663643,0.743477
3.7918,0.621737,0.674494,0.612021,0.609963,0.616511,0.665718,0.712828,0.676814,0.663587,0.74449
3.792,0.622201,0.6744,0.611473,0.607862,0.615451,0.665637,0.713034,0.674878,0.664212,0.745478
3.7922,0.622381,0.674428,0.610695,0.605497,0.614077,0.6655,0.713572,0.673501,0.664652,0.74571
3.7924,0.621975,0.674197,0.610203,0.604587,0.613115,0.665801,0.713645,0.673931,0.664285,0.745152
3.7926,0.621204,0.673745,0.610429,0.605325,0.61294,0.666523,0.712725,0.675517,0.663266,0.744263
3.7928,0.620818,0.673655,0.611165,0.606501,0.613375,0.66685,0.712478,0.676691,0.66185,0.743817
3.793,0.621393,0.67416,0.612164,0.606758,0.613911,0.666985,0.71321,0.676687,0.661148,0.744273
3.7932,0.622539,0.674792,0.612829,0.605634,0.614859,0.667261,0.714293,0.675616,0.660921,0.745474
3.7934,0.62342,0.675028,0.612447,0.60403,0.615982,0.667445,0.714243,0.674286,0.661237,0.746969
3.7936,0.623683,0.67489,0.611115,0.603297,0.616493,0.667621,0.713244,0.674015,0.661112,0.747676
3.7938,0.623232,0.675374,0.609231,0.603864,0.616442,0.667383,0.711781,0.675013,0.660011,0.747773
3.794,0.622038,0.676437,0.608176,0.605114,0.616555,0.667359,0.71049,0.676876,0.65822,0.747328
3.7942,0.621054,0.677632,0.608527,0.606142,0.617124,0.667773,0.712661,0.678345,0.656088,0.747079
3.7944,0.6217,0.678436,0.610712,0.606543,0.617928,0.668269,0.715402,0.678397,0.654878,0.747423
3.7946,0.623993,0.678773,0.613241,0.606273,0.618414,0.668559,0.714623,0.677812,0.654682,0.747682
3.7948,0.626132,0.678951,0.614086,0.605999,0.618793,0.668358,0.712478,0.677143,0.654815,0.747972
3.795,0.626834,0.678989,0.612886,0.607044,0.619267,0.668073,0.711171,0.677058,0.65444,0.748244
3.7952,0.625696,0.678919,0.610964,0.609001,0.619899,0.667721,0.711247,0.677536,0.653443,0.748161
3.7954,0.623776,0.678996,0.609519,0.610325,0.620521,0.667391,0.711535,0.677938,0.652064,0.748044
3.7956,0.622922,0.679197,0.609299,0.610173,0.620973,0.667185,0.710965,0.677376,0.651177,0.747846
3.7958,0.624052,0.679464,0.610324,0.609407,0.621218,0.666949,0.71051,0.675786,0.65155,0.747929
3.796,0.625783,0.679976,0.611776,0.609292,0.62123,0.666547,0.710798,0.675309,0.653924,0.748649
3.7962,0.627112,0.68074,0.612617,0.610264,0.621222,0.666614,0.71089,0.676314,0.656776,0.749313
3.7964,0.627979,0.681547,0.612628,0.61144,0.621357,0.667314,0.710303,0.678268,0.658175,0.749961
3.7966,0.627942,0.682094,0.612382,0.612477,0.62168,0.667954,0.709423,0.680234,0.65764,0.749964
3.7968,0.627093,0.682275,0.612217,0.612812,0.622164,0.668027,0.709966,0.680519,0.656152,0.749531
3.797,0.626236,0.682278,0.612169,0.611875,0.622644,0.667429,0.711955,0.679424,0.65506,0.749038
3.7972,0.625921,0.682142,0.612128,0.610234,0.62291,0.666375,0.713835,0.678735,0.654815,0.749015
3.7974,0.626439,0.682063,0.612043,0.609461,0.622654,0.665747,0.71536,0.679609,0.655178,0.74936
3.7976,0.627664,0.682408,0.612355,0.610201,0.621845,0.665943,0.714385,0.681123,0.655906,0.74968
3.7978,0.629289,0.683435,0.613473,0.611618,0.620828,0.666758,0.711398,0.681744,0.656425,0.74977
3.798,0.630597,0.684314,0.614826,0.612612,0.62024,0.667655,0.710566,0.680731,0.656664,0.749603
3.7982,0.630852,0.684128,0.615545,0.612652,0.619902,0.667753,0.71255,0.678824,0.65664,0.74917
3.7984,0.629611,0.682907,0.615757,0.612299,0.619488,0.667075,0.714391,0.677349,0.656428,0.749082
3.7986,0.627474,0.681263,0.615311,0.612115,0.618631,0.665872,0.712538,0.676929,0.656125,0.749006
3.7988,0.625821,0.679734,0.614674,0.612428,0.617357,0.665253,0.708731,0.677396,0.655847,0.749052
3.799,0.626106,0.678704,0.614372,0.613046,0.616182,0.665769,0.706112,0.678037,0.655766,0.749031
3.7992,0.627849,0.678489,0.6149,0.613677,0.615368,0.666975,0.705968,0.678202,0.656011,0.748833
3.7994,0.630189,0.679009,0.615882,0.614163,0.615316,0.66854,0.707188,0.677673,0.656514,0.748382
3.7996,0.631611,0.679325,0.616995,0.614488,0.615101,0.66969,0.707651,0.676785,0.657125,0.748141
3.7998,0.631289,0.678314,0.617331,0.614611,0.614018,0.669546,0.7064,0.676158,0.657632,0.748595
3.8,0.629528,0.675949,0.616643,0.614938,0.612625,0.668391,0.704325,0.676139,0.657733,0.7492
3.8002,0.628208,0.673293,0.615209,0.615217,0.61176,0.666997,0.703332,0.676422,0.657418,0.749377
3.8004,0.628344,0.671624,0.613907,0.615358,0.61185,0.666055,0.703369,0.67652,0.656964,0.748714
3.8006,0.629472,0.671433,0.613509,0.61566,0.612358,0.665915,0.704353,0.676216,0.656531,0.747473
3.8008,0.630719,0.672146,0.614069,0.616177,0.612485,0.666298,0.706291,0.675822,0.656299,0.746689
3.801,0.631054,0.672673,0.614934,0.616954,0.612295,0.667125,0.706581,0.675767,0.656659,0.746625
3.8012,0.630336,0.672236,0.615556,0.617894,0.612106,0.66768,0.70487,0.67538,0.657152,0.747035
3.8014,0.629413,0.67103,0.61536,0.618326,0.61247,0.667788,0.702721,0.674561,0.656942,0.747444
3.8016,0.629249,0.669839,0.614874,0.618106,0.612961,0.667149,0.701726,0.673184,0.655897,0.746583
3.8018,0.629619,0.669395,0.61457,0.617353,0.613435,0.666495,0.702201,0.672319,0.654199,0.745144
3.802,0.629935,0.669847,0.614913,0.61691,0.613594,0.666306,0.704212,0.671792,0.652476,0.744575
3.8022,0.630392,0.670755,0.615621,0.617402,0.613606,0.666823,0.705049,0.671366,0.651302,0.745081
3.8024,0.630411,0.671506,0.615981,0.618223,0.613553,0.667428,0.70366,0.670714,0.650999,0.7458
3.8026,0.630239,0.671666,0.615528,0.619055,0.61341,0.667131,0.701453,0.669219,0.651198,0.746071
3.8028,0.629937,0.67116,0.614599,0.619572,0.613314,0.666633,0.701578,0.667424,0.651264,0.745441
3.803,0.629682,0.670758,0.613802,0.619357,0.613622,0.666565,0.703184,0.666255,0.6509,0.744159
3.8032,0.629423,0.671074,0.613563,0.61868,0.613998,0.667103,0.704118,0.666224,0.650086,0.743327
3.8034,0.629153,0.671905,0.614313,0.618179,0.614276,0.667917,0.702905,0.666571,0.649041,0.74327
3.8036,0.629458,0.6726,0.615412,0.618084,0.614443,0.668001,0.70057,0.666229,0.64848,0.744156
3.8038,0.630031,0.672558,0.616194,0.61838,0.614464,0.667382,0.699607,0.664806,0.648708,0.745103
3.804,0.63096,0.671842,0.616022,0.61871,0.614566,0.666403,0.700576,0.662691,0.649274,0.745012
3.8042,0.631622,0.671243,0.615484,0.619138,0.61466,0.665644,0.702637,0.660808,0.649659,0.743466
3.8044,0.631775,0.671532,0.61507,0.619278,0.614564,0.665162,0.703661,0.659852,0.649567,0.741324
3.8046,0.631678,0.672693,0.614783,0.619473,0.614708,0.665,0.702166,0.659801,0.649215,0.739619
3.8048,0.631216,0.674059,0.615163,0.619464,0.614938,0.665372,0.699615,0.660111,0.648977,0.739079
3.805,0.630659,0.674923,0.61629,0.619539,0.615296,0.66603,0.699051,0.660206,0.649073,0.739813
3.8052,0.630898,0.67497,0.617753,0.619618,0.615368,0.666213,0.70038,0.659851,0.649584,0.740712
3.8054,0.632032,0.674453,0.618523,0.619573,0.615107,0.665851,0.702226,0.659207,0.650347,0.740994
3.8056,0.633024,0.673989,0.618408,0.619218,0.614858,0.665315,0.702684,0.658684,0.650839,0.740302
3.8058,0.632734,0.674063,0.617452,0.618571,0.614943,0.664992,0.701267,0.658576,0.650893,0.73932
3.806,0.631957,0.674447,0.616225,0.618454,0.615117,0.664932,0.698541,0.658539,0.651096,0.738417
3.8062,0.631684,0.674866,0.615134,0.618744,0.615174,0.664976,0.69758,0.658622,0.651578,0.738121
3.8064,0.632391,0.675184,0.614978,0.61933,0.615149,0.664691,0.698869,0.659282,0.651923,0.738347
3.8066,0.633561,0.67495,0.615796,0.61978,0.61513,0.663927,0.700333,0.660027,0.651803,0.738443
3.8068,0.634592,0.674036,0.616732,0.619702,0.615442,0.662852,0.700551,0.660103,0.651296,0.738231
3.807,0.634396,0.673208,0.617408,0.619008,0.615941,0.661964,0.699259,0.659295,0.650761,0.737375
3.8072,0.63445,0.672994,0.617579,0.618045,0.61674,0.662235,0.698004,0.658058,0.650742,0.735798
3.8074,0.635876,0.673796,0.617417,0.617323,0.617607,0.663737,0.698255,0.657172,0.651537,0.734062
3.8076,0.637379,0.674867,0.617597,0.617195,0.618073,0.665657,0.700097,0.657182,0.652809,0.732831
3.8078,0.637513,0.675356,0.61841,0.617479,0.61804,0.666673,0.701062,0.658035,0.653825,0.732051
3.808,0.636487,0.675047,0.61874,0.618113,0.618144,0.6657,0.700453,0.65922,0.654055,0.732052
3.8082,0.634656,0.67424,0.618524,0.619145,0.619129,0.663743,0.698461,0.660111,0.653543,0.732213
3.8084,0.633792,0.673279,0.618102,0.62021,0.620453,0.662622,0.697651,0.660248,0.65268,0.73177
3.8086,0.635307,0.672992,0.617601,0.62057,0.620903,0.662663,0.699759,0.659732,0.652233,0.730919
3.8088,0.638241,0.673265,0.617584,0.619968,0.620117,0.66355,0.703254,0.658864,0.652889,0.72975
3.809,0.640354,0.673861,0.617988,0.619664,0.618565,0.664882,0.703332,0.65819,0.654186,0.7286
3.8092,0.640201,0.675787,0.618076,0.619997,0.617157,0.665667,0.700416,0.658401,0.65503,0.728078
3.8094,0.637928,0.677974,0.618052,0.620324,0.616782,0.665401,0.698144,0.659326,0.654574,0.727822
3.8096,0.635237,0.679053,0.618076,0.619988,0.61751,0.664458,0.697087,0.660263,0.653463,0.727868
3.8098,0.634439,0.679206,0.618805,0.619421,0.618756,0.663597,0.698207,0.66042,0.652274,0.728183
3.81,0.635642,0.679177,0.619882,0.619298,0.619365,0.663358,0.701044,0.659935,0.651799,0.728238
3.8102,0.637688,0.680041,0.62106,0.62011,0.619032,0.664477,0.703731,0.659067,0.652269,0.728134
3.8104,0.639317,0.68189,0.6216,0.621442,0.617738,0.666657,0.703782,0.658312,0.652971,0.728175
3.8106,0.639455,0.683515,0.620952,0.622238,0.616415,0.66842,0.702438,0.658369,0.652862,0.728287
3.8108,0.637834,0.684135,0.619842,0.621959,0.615611,0.668436,0.701134,0.659183,0.651734,0.72868
3.811,0.635842,0.684478,0.618924,0.620873,0.61501,0.667651,0.701412,0.659906,0.649516,0.729018
3.8112,0.634897,0.684993,0.619102,0.620447,0.615071,0.66709,0.703592,0.660012,0.647469,0.729276
3.8114,0.635201,0.685221,0.619917,0.621776,0.615361,0.667573,0.70489,0.659308,0.646999,0.730029
3.8116,0.636341,0.685225,0.621089,0.623714,0.615151,0.668475,0.705071,0.658409,0.647814,0.731051
3.8118,0.637901,0.685004,0.622086,0.624869,0.61478,0.668938,0.705178,0.658383,0.648683,0.731682
3.812,0.63922,0.685162,0.622399,0.624583,0.614287,0.668666,0.705912,0.659436,0.648823,0.731735
3.8122,0.63945,0.686137,0.621936,0.623179,0.613987,0.668062,0.705597,0.660497,0.648282,0.731095
3.8124,0.638245,0.686839,0.620864,0.62159,0.613874,0.66747,0.704258,0.660243,0.647558,0.730358
3.8126,0.63711,0.687038,0.620117,0.62133,0.613825,0.66717,0.702947,0.658623,0.647454,0.730379
3.8128,0.637269,0.68627,0.620112,0.622324,0.613751,0.667345,0.703205,0.656787,0.64787,0.731145
3.813,0.638698,0.684331,0.620604,0.623821,0.613807,0.667373,0.705206,0.655867,0.648768,0.732411
3.8132,0.639817,0.682082,0.621587,0.624615,0.614119,0.666897,0.706728,0.65624,0.649458,0.733735
3.8134,0.639842,0.680624,0.622231,0.624062,0.614528,0.665857,0.706309,0.657426,0.649654,0.734372
3.8136,0.639105,0.680238,0.621947,0.623251,0.614859,0.665059,0.704636,0.658549,0.649568,0.734262
3.8138,0.638545,0.680564,0.621,0.622729,0.615022,0.665539,0.702152,0.65891,0.64964,0.733739
3.814,0.638589,0.6807,0.619968,0.622618,0.615269,0.666909,0.700994,0.658987,0.650692,0.73341
3.8142,0.639598,0.679824,0.619677,0.622711,0.615651,0.667638,0.701455,0.659017,0.651711,0.733827
3.8144,0.640576,0.67806,0.620591,0.623055,0.616361,0.667131,0.70175,0.658859,0.651935,0.734717
3.8146,0.640471,0.676228,0.621817,0.623579,0.617492,0.665994,0.702355,0.658708,0.651856,0.735469
3.8148,0.639172,0.675098,0.622634,0.623798,0.618333,0.66491,0.702182,0.658804,0.651927,0.735364
3.815,0.637919,0.674956,0.622749,0.623665,0.618211,0.664612,0.700231,0.65898,0.652266,0.734651
3.8152,0.637612,0.675391,0.622348,0.623526,0.617098,0.665024,0.698255,0.659254,0.652732,0.733494
3.8154,0.638032,0.675771,0.621735,0.623838,0.615831,0.665402,0.697102,0.659583,0.653016,0.732442
3.8156,0.638448,0.67575,0.621171,0.623942,0.615457,0.665193,0.696572,0.659929,0.65285,0.731703
3.8158,0.638269,0.675365,0.620995,0.623492,0.616264,0.664368,0.69521,0.660541,0.653146,0.731174
3.816,0.637463,0.674958,0.621284,0.622733,0.617681,0.66348,0.692792,0.660912,0.653829,0.730546
3.8162,0.636626,0.674937,0.621664,0.622619,0.618827,0.663079,0.69059,0.66148,0.654374,0.7297
3.8164,0.636307,0.675426,0.6217,0.622974,0.61889,0.663309,0.689325,0.661959,0.654341,0.728876
3.8166,0.636551,0.676254,0.621393,0.623794,0.617963,0.66357,0.689301,0.661516,0.653797,0.728255
3.8168,0.636879,0.676812,0.620987,0.624293,0.617206,0.663942,0.690154,0.661064,0.653505,0.727955
3.817,0.636742,0.677212,0.620499,0.624513,0.617304,0.663938,0.691015,0.660869,0.653745,0.727535
3.8172,0.636306,0.677923,0.619807,0.624206,0.618104,0.663381,0.691422,0.66057,0.654425,0.726659
3.8174,0.635647,0.67875,0.61897,0.623524,0.619151,0.662695,0.691219,0.66071,0.655018,0.725399
3.8176,0.635448,0.679005,0.617899,0.62274,0.619597,0.661945,0.690625,0.661456,0.654974,0.724115
3.8178,0.636035,0.678448,0.616894,0.622102,0.61925,0.661481,0.690268,0.662537,0.654343,0.723189
3.818,0.636457,0.677398,0.61623,0.622294,0.618812,0.661776,0.690076,0.66342,0.653497,0.722964
3.8182,0.636599,0.676612,0.616233,0.624166,0.618729,0.662494,0.689518,0.663525,0.653451,0.723166
3.8184,0.636008,0.676846,0.616837,0.62634,0.619329,0.662775,0.688634,0.663255,0.654325,0.723473
3.8186,0.635365,0.678082,0.616923,0.627,0.620154,0.662466,0.688181,0.663087,0.655759,0.723593
3.8188,0.634756,0.679498,0.615828,0.625776,0.621153,0.661996,0.688535,0.663044,0.656846,0.72326
3.819,0.634617,0.680296,0.613842,0.623761,0.622161,0.661702,0.688971,0.663162,0.657036,0.722683
3.8192,0.634671,0.680161,0.612163,0.62239,0.622761,0.661287,0.688835,0.663375,0.656535,0.722092
3.8194,0.634943,0.679262,0.611359,0.622615,0.622263,0.660717,0.688247,0.663246,0.655871,0.721812
3.8196,0.63496,0.67829,0.611462,0.623872,0.621339,0.660502,0.687729,0.66318,0.6558,0.722234
3.8198,0.634483,0.678006,0.612216,0.62539,0.621044,0.660868,0.688331,0.663419,0.656603,0.723217
3.82,0.633343,0.67888,0.612591,0.626404,0.621438,0.661319,0.690086,0.663915,0.657868,0.724005
3.8202,0.631995,0.680272,0.611922,0.626902,0.621974,0.661255,0.69164,0.664447,0.658965,0.724374
3.8204,0.63153,0.680807,0.61058,0.626879,0.622179,0.660584,0.691431,0.664458,0.659153,0.724065
3.8206,0.632052,0.679824,0.609362,0.626669,0.622029,0.659651,0.68926,0.663686,0.658836,0.723363
3.8208,0.632686,0.677744,0.60881,0.626172,0.622065,0.658746,0.686831,0.662761,0.658708,0.722971
3.821,0.63294,0.676078,0.609029,0.626122,0.623132,0.658441,0.685605,0.662856,0.65888,0.723281
3.8212,0.632612,0.67546,0.609676,0.626792,0.624383,0.658252,0.68509,0.663932,0.659444,0.724238
3.8214,0.632013,0.675927,0.610203,0.62829,0.624926,0.658206,0.685137,0.665809,0.659926,0.725407
3.8216,0.631551,0.67649,0.610275,0.6297,0.624577,0.658301,0.684947,0.666531,0.659967,0.725995
3.8218,0.631608,0.67604,0.609981,0.630175,0.624075,0.65837,0.683597,0.664979,0.660318,0.725793
3.822,0.632135,0.674493,0.609634,0.629686,0.623844,0.658142,0.681524,0.662579,0.660726,0.725077
3.8222,0.632752,0.672497,0.609457,0.628933,0.623912,0.65801,0.679343,0.660951,0.660968,0.7243
3.8224,0.633073,0.671266,0.609583,0.628391,0.624585,0.658006,0.679107,0.661115,0.661193,0.724253
3.8226,0.632826,0.671197,0.60992,0.628501,0.625579,0.658569,0.678559,0.662979,0.661353,0.724799
3.8228,0.632215,0.67189,0.610188,0.628987,0.625729,0.658976,0.675647,0.664734,0.661442,0.725176
3.823,0.631949,0.672691,0.610252,0.629981,0.624572,0.658694,0.672544,0.665441,0.661522,0.724824
3.8232,0.632046,0.673203,0.610172,0.631131,0.622842,0.657949,0.671268,0.665063,0.661761,0.72389
3.8234,0.632507,0.673233,0.610107,0.632237,0.621293,0.657592,0.671196,0.663879,0.661848,0.722786
3.8236,0.633529,0.673072,0.610306,0.632677,0.620247,0.658186,0.670053,0.663311,0.66248,0.72287
3.8238,0.635023,0.672961,0.610864,0.632561,0.620048,0.659273,0.667119,0.663949,0.663491,0.724629
3.824,0.635569,0.673014,0.611542,0.632064,0.620207,0.660109,0.664153,0.665048,0.664402,0.727038
3.8242,0.634657,0.67314,0.612067,0.631496,0.62066,0.660424,0.662788,0.665989,0.664792,0.729172
3.8244,0.632934,0.67331,0.612938,0.63119,0.620747,0.659815,0.662766,0.666622,0.664618,0.729436
3.8246,0.631618,0.673689,0.613794,0.631846,0.620172,0.65918,0.662902,0.666664,0.663763,0.727916
3.8248,0.631624,0.674341,0.613852,0.633597,0.619073,0.658927,0.662359,0.666566,0.663292,0.72617
3.825,0.632491,0.674961,0.612941,0.634965,0.617695,0.659453,0.661388,0.667597,0.664165,0.725226
3.8252,0.633466,0.67537,0.611481,0.634852,0.616165,0.660495,0.661016,0.669099,0.665867,0.726191
3.8254,0.633781,0.675715,0.610245,0.633117,0.615103,0.661496,0.662018,0.670124,0.667449,0.72798
3.8256,0.633564,0.676355,0.609835,0.631161,0.614544,0.66173,0.663385,0.669851,0.667751,0.729284
3.8258,0.632671,0.677053,0.610107,0.630126,0.614583,0.660801,0.663337,0.668501,0.665926,0.729356
3.826,0.631364,0.677449,0.611127,0.630111,0.614715,0.659588,0.662773,0.667293,0.663732,0.728423
3.8262,0.630346,0.677407,0.613262,0.630621,0.614577,0.659226,0.662926,0.66759,0.662853,0.727183
3.8264,0.630132,0.677162,0.615326,0.631683,0.613968,0.660022,0.664204,0.669115,0.6632,0.726693
3.8266,0.630856,0.677087,0.615663,0.632374,0.613156,0.661517,0.665877,0.670628,0.66413,0.727037
3.8268,0.632278,0.677485,0.614225,0.632225,0.612611,0.663237,0.667159,0.671077,0.664691,0.728036
3.827,0.633686,0.678454,0.611723,0.631602,0.612509,0.664249,0.668418,0.670329,0.66444,0.729132
3.8272,0.634615,0.679696,0.610142,0.630412,0.612761,0.663927,0.669683,0.669187,0.663723,0.729456
3.8274,0.634187,0.680792,0.610185,0.629329,0.613231,0.662694,0.670795,0.668667,0.66302,0.729538
3.8276,0.632954,0.681378,0.611219,0.628805,0.614134,0.661551,0.670752,0.668775,0.662825,0.729649
3.8278,0.632399,0.681415,0.61215,0.628643,0.615049,0.661111,0.670382,0.669195,0.663706,0.730494
3.828,0.632623,0.680874,0.612105,0.629043,0.615635,0.661552,0.670827,0.669842,0.664442,0.731569
3.8282,0.633207,0.680007,0.611144,0.629825,0.615861,0.66243,0.672217,0.670957,0.664454,0.732159
3.8284,0.634485,0.680223,0.60993,0.630252,0.615924,0.663012,0.673055,0.671815,0.664271,0.732082
3.8286,0.635654,0.6818,0.609869,0.630208,0.615514,0.663045,0.673014,0.671446,0.664633,0.731503
3.8288,0.635417,0.683978,0.610817,0.629481,0.614846,0.6631,0.67274,0.67026,0.665129,0.730711
3.829,0.633682,0.685322,0.611552,0.628648,0.61445,0.663037,0.672793,0.669612,0.665629,0.730691
3.8292,0.631508,0.68535,0.611442,0.628528,0.614519,0.662683,0.673931,0.670566,0.66629,0.731138
3.8294,0.63061,0.684242,0.611132,0.629358,0.615272,0.662098,0.675096,0.672662,0.666793,0.73217
3.8296,0.632002,0.683223,0.611229,0.630322,0.616874,0.661562,0.674765,0.674155,0.667308,0.733524
3.8298,0.634407,0.683739,0.611519,0.630655,0.618786,0.661278,0.674586,0.673801,0.667732,0.734055
3.83,0.636025,0.685384,0.611786,0.630395,0.619871,0.66125,0.675356,0.672458,0.667861,0.733468
3.8302,0.635831,0.687156,0.61202,0.629928,0.6197,0.661366,0.676742,0.67093,0.667733,0.732346
3.8304,0.634072,0.687906,0.611819,0.62928,0.618838,0.661477,0.678789,0.670629,0.667275,0.731756
3.8306,0.632126,0.687703,0.611262,0.628395,0.61845,0.661358,0.680597,0.671768,0.666327,0.732132
3.8308,0.631469,0.6868,0.611556,0.62765,0.618695,0.660651,0.680088,0.673339,0.665775,0.732932
3.831,0.633003,0.685834,0.613008,0.626899,0.619413,0.659637,0.678671,0.674465,0.665755,0.733343
3.8312,0.635488,0.685645,0.614508,0.626768,0.620358,0.659014,0.679056,0.674364,0.665905,0.733151
3.8314,0.636639,0.686341,0.615016,0.627662,0.621195,0.658647,0.680914,0.673235,0.665724,0.732291
3.8316,0.635945,0.687245,0.614333,0.628829,0.621924,0.658492,0.682285,0.672093,0.665192,0.731198
3.8318,0.634162,0.688014,0.613017,0.629154,0.622495,0.657854,0.68166,0.671545,0.66412,0.730569
3.832,0.632357,0.688495,0.612105,0.628649,0.622984,0.656607,0.680261,0.6716,0.663248,0.731094
3.8322,0.631493,0.688874,0.612408,0.6275,0.623398,0.655454,0.680052,0.67211,0.662801,0.732428
3.8324,0.631781,0.689029,0.61376,0.626997,0.6239,0.654856,0.682251,0.67321,0.662268,0.733543
3.8326,0.633067,0.688892,0.615188,0.627901,0.624528,0.655064,0.683974,0.674276,0.661307,0.733961
3.8328,0.634457,0.688455,0.615755,0.629794,0.624861,0.656095,0.684318,0.675256,0.659817,0.733501
3.833,0.634856,0.688467,0.615106,0.631442,0.625313,0.656845,0.68362,0.675641,0.658324,0.732513
3.8332,0.634159,0.689074,0.613544,0.631445,0.626131,0.657121,0.682511,0.675259,0.657311,0.732011
3.8334,0.632927,0.690008,0.612141,0.629678,0.627247,0.656598,0.682156,0.674327,0.656562,0.732237
3.8336,0.632125,0.690657,0.611855,0.627134,0.62804,0.655325,0.682808,0.673617,0.655781,0.732853
3.8338,0.632128,0.690295,0.612799,0.625293,0.627998,0.654476,0.68449,0.674025,0.654853,0.733359
3.834,0.632509,0.689292,0.613953,0.624856,0.62723,0.654491,0.685138,0.675266,0.653803,0.733271
3.8342,0.632849,0.688361,0.614561,0.625572,0.626237,0.655092,0.683571,0.676157,0.652744,0.732732
3.8344,0.633314,0.68791,0.614368,0.626564,0.625989,0.655425,0.682055,0.67582,0.65224,0.732225
3.8346,0.633496,0.68852,0.613195,0.626713,0.626937,0.655443,0.682508,0.674659,0.652474,0.731545
3.8348,0.633813,0.689748,0.611632,0.625382,0.628994,0.654728,0.684017,0.673443,0.652977,0.731427
3.835,0.633902,0.690659,0.610677,0.62329,0.630692,0.653604,0.68535,0.673206,0.653283,0.731425
3.8352,0.634169,0.690416,0.610654,0.62138,0.631194,0.652978,0.685574,0.674114,0.653079,0.73149
3.8354,0.634747,0.689708,0.611347,0.62021,0.630342,0.653312,0.684644,0.675321,0.65257,0.731821
3.8356,0.635037,0.688886,0.612074,0.619561,0.628949,0.654135,0.683788,0.676262,0.652272,0.732148
3.8358,0.634325,0.688144,0.611846,0.619455,0.628175,0.654574,0.68389,0.675992,0.652452,0.732467
3.836,0.63339,0.688377,0.610546,0.619578,0.628634,0.654098,0.685196,0.674972,0.653025,0.732249
3.8362,0.632869,0.689421,0.608876,0.619096,0.629912,0.652895,0.686994,0.673888,0.653574,0.731525
3.8364,0.633382,0.690366,0.607554,0.618227,0.630792,0.652019,0.687753,0.67382,0.653821,0.73103
3.8366,0.634451,0.690744,0.607052,0.617333,0.630743,0.652136,0.687146,0.674369,0.653812,0.730969
3.8368,0.634694,0.690601,0.607274,0.616941,0.630106,0.653217,0.687036,0.674826,0.653813,0.730976
3.837,0.633545,0.690017,0.607626,0.616629,0.629372,0.65401,0.687606,0.674631,0.653917,0.730821
3.8372,0.631751,0.688999,0.60766,0.616255,0.629039,0.6536,0.688203,0.67377,0.654519,0.7307
3.8374,0.630638,0.688342,0.607439,0.615808,0.629424,0.6521,0.688363,0.672616,0.655477,0.730476
3.8376,0.630831,0.688853,0.607175,0.615424,0.630281,0.650849,0.687983,0.671663,0.655945,0.730383
3.8378,0.631597,0.68984,0.607058,0.61523,0.630887,0.650439,0.687913,0.671401,0.656293,0.730099
3.838,0.631834,0.690482,0.607113,0.615121,0.630758,0.651362,0.688893,0.671546,0.656865,0.729686
3.8382,0.631198,0.690627,0.607246,0.614946,0.63001,0.652546,0.689925,0.67216,0.657187,0.729229
3.8384,0.630749,0.69017,0.607292,0.614745,0.629278,0.653349,0.68998,0.672285,0.657349,0.728552
3.8386,0.630634,0.689326,0.607138,0.614635,0.629201,0.652899,0.688921,0.671986,0.657459,0.727955
3.8388,0.630781,0.689061,0.606844,0.614645,0.629603,0.651825,0.689453,0.671114,0.657521,0.72801
3.839,0.631102,0.689748,0.60676,0.614528,0.629856,0.650483,0.69114,0.670451,0.657487,0.728756
3.8392,0.631092,0.690537,0.607091,0.614229,0.629842,0.650159,0.691386,0.670571,0.657606,0.729864
3.8394,0.630949,0.690444,0.607697,0.614241,0.629259,0.65072,0.688949,0.670844,0.657983,0.730181
3.8396,0.630944,0.688896,0.608196,0.61496,0.628633,0.651281,0.686929,0.671078,0.658677,0.729356
3.8398,0.631137,0.686371,0.608324,0.615897,0.628628,0.651374,0.686818,0.67063,0.659394,0.728228
3.84,0.631221,0.684145,0.608039,0.616262,0.62925,0.650471,0.687397,0.669583,0.660311,0.727664
3.8402,0.63087,0.683243,0.607711,0.616302,0.630397,0.649341,0.688302,0.668846,0.661089,0.728341
3.8404,0.630529,0.683724,0.607842,0.616167,0.631417,0.648242,0.688786,0.669103,0.661486,0.729411
3.8406,0.63015,0.684841,0.608538,0.616037,0.63162,0.647412,0.688247,0.67066,0.661531,0.730451
3.8408,0.630042,0.685903,0.609386,0.616213,0.630977,0.646513,0.687597,0.672364,0.661821,0.730549
3.841,0.630736,0.68723,0.609989,0.616672,0.630261,0.645817,0.688032,0.672936,0.662422,0.730139
3.8412,0.631889,0.688043,0.610011,0.617152,0.630179,0.64496,0.689398,0.672392,0.663215,0.729473
3.8414,0.632632,0.687752,0.609399,0.617699,0.630786,0.644369,0.690672,0.672051,0.663506,0.729313
3.8416,0.632363,0.686806,0.60854,0.618946,0.631385,0.64387,0.690801,0.672666,0.663275,0.729881
3.8418,0.631379,0.686821,0.607956,0.620297,0.631292,0.643929,0.689792,0.674308,0.663086,0.730393
3.842,0.630222,0.688518,0.608165,0.620771,0.630369,0.644294,0.688835,0.67559,0.663444,0.730178
3.8422,0.629651,0.690428,0.608891,0.620533,0.629111,0.64389,0.688478,0.675145,0.664058,0.728877
3.8424,0.629728,0.691246,0.609558,0.619866,0.62831,0.642802,0.689233,0.673423,0.664956,0.726793
3.8426,0.630133,0.690925,0.609574,0.619308,0.629064,0.6417,0.690828,0.672354,0.666135,0.725041
3.8428,0.630501,0.690395,0.608942,0.619318,0.631514,0.640904,0.692246,0.673842,0.667078,0.725307
3.843,0.630439,0.690263,0.609231,0.620205,0.633637,0.640528,0.692003,0.676938,0.668172,0.72752
3.8432,0.629708,0.691164,0.609997,0.621456,0.633713,0.640574,0.690224,0.678103,0.66912,0.730003
3.8434,0.628725,0.692674,0.610544,0.622539,0.631924,0.641023,0.689196,0.676189,0.670069,0.731356
3.8436,0.627746,0.694178,0.610738,0.623072,0.629334,0.64156,0.68985,0.671718,0.671161,0.731094
3.8438,0.626741,0.695255,0.610093,0.622986,0.62777,0.641868,0.691708,0.667999,0.672183,0.730101
3.844,0.625817,0.69542,0.609069,0.622427,0.62792,0.641809,0.692924,0.667532,0.672712,0.729233
3.8442,0.625355,0.695116,0.608106,0.621782,0.629697,0.64171,0.693862,0.669351,0.672871,0.728988
3.8444,0.625318,0.695213,0.60745,0.621343,0.631722,0.64199,0.695062,0.67287,0.673346,0.729627
3.8446,0.624521,0.696005,0.60703,0.621172,0.632337,0.642641,0.69487,0.676664,0.674191,0.730808
3.8448,0.622844,0.697123,0.606816,0.621274,0.631102,0.643598,0.693548,0.677408,0.674378,0.7319
3.845,0.620989,0.697479,0.606687,0.621954,0.628863,0.644776,0.692736,0.674252,0.673588,0.732915
3.8452,0.620113,0.696623,0.606578,0.622918,0.626865,0.645776,0.69215,0.670967,0.672089,0.73356
3.8454,0.620415,0.694874,0.606518,0.623939,0.626182,0.646391,0.692012,0.670463,0.670585,0.734077
3.8456,0.621661,0.693617,0.606948,0.624983,0.62738,0.646953,0.693609,0.672812,0.6712,0.734409
3.8458,0.623211,0.694328,0.608294,0.625127,0.629367,0.647442,0.695585,0.675351,0.673947,0.734999
3.846,0.624895,0.696274,0.609668,0.624024,0.630937,0.647755,0.69644,0.675713,0.676046,0.735994
3.8462,0.626761,0.697643,0.610286,0.621943,0.63103,0.647782,0.695997,0.674145,0.675664,0.737348
3.8464,0.627617,0.69695,0.610297,0.619919,0.630054,0.64791,0.695806,0.672669,0.672426,0.738971
3.8466,0.627268,0.694123,0.610284,0.619173,0.629415,0.648411,0.696732,0.672468,0.667676,0.740094
3.8468,0.626446,0.690868,0.61055,0.61975,0.629688,0.649163,0.69806,0.673611,0.664308,0.740747
3.847,0.625834,0.688554,0.61093,0.620321,0.630513,0.649751,0.699043,0.675504,0.664142,0.740749
3.8472,0.62579,0.687981,0.611212,0.619888,0.631519,0.650328,0.699302,0.676884,0.667029,0.740002
3.8474,0.626699,0.688805,0.611316,0.61923,0.632134,0.651017,0.699778,0.677081,0.671522,0.739149
3.8476,0.628216,0.68944,0.611345,0.620098,0.632424,0.651202,0.700432,0.677173,0.67387,0.738554
3.8478,0.629515,0.689042,0.6114,0.621365,0.632685,0.651113,0.699998,0.677032,0.671681,0.738479
3.848,0.630185,0.687483,0.611606,0.621789,0.632826,0.651209,0.699187,0.676053,0.666409,0.738999
3.8482,0.630399,0.685657,0.611856,0.621586,0.633152,0.651589,0.699244,0.675364,0.661894,0.739481
3.8484,0.630124,0.684881,0.611979,0.621014,0.633385,0.652499,0.699809,0.674982,0.660302,0.739693
3.8486,0.629843,0.685356,0.611867,0.620887,0.633336,0.653377,0.700264,0.6746,0.661664,0.739155
3.8488,0.629665,0.68689,0.611613,0.621021,0.633072,0.654317,0.700181,0.6748,0.664159,0.73793
3.849,0.630358,0.688329,0.611487,0.621133,0.632777,0.655168,0.699255,0.675302,0.665329,0.736083
3.8492,0.63208,0.689035,0.611584,0.620849,0.632649,0.655426,0.698464,0.675155,0.664278,0.734392
3.8494,0.633929,0.688676,0.611795,0.620478,0.632782,0.655246,0.698479,0.674174,0.662285,0.733064
3.8496,0.634448,0.687756,0.611859,0.619975,0.633146,0.654691,0.698896,0.672211,0.660968,0.732137
3.8498,0.633722,0.687226,0.6115,0.619968,0.63339,0.654515,0.69924,0.670029,0.660845,0.731649
3.85,0.632358,0.687315,0.610817,0.620233,0.633601,0.654187,0.699331,0.668628,0.661908,0.731056
3.8502,0.631146,0.688172,0.610387,0.620295,0.634017,0.653578,0.699519,0.668255,0.663198,0.730732
3.8504,0.631128,0.688996,0.610477,0.619665,0.634632,0.6535,0.700333,0.668109,0.663426,0.730338
3.8506,0.632201,0.689381,0.610859,0.618978,0.635152,0.653791,0.701548,0.667571,0.662875,0.729884
3.8508,0.633242,0.689172,0.610886,0.619091,0.635153,0.65408,0.702347,0.666165,0.662984,0.729762
3.851,0.633976,0.688405,0.61031,0.61999,0.634679,0.654221,0.702138,0.663969,0.663929,0.72969
3.8512,0.634348,0.687453,0.609301,0.620981,0.63423,0.654272,0.700667,0.661683,0.664796,0.729371
3.8514,0.634009,0.686897,0.608166,0.621419,0.633974,0.65403,0.698871,0.660607,0.664916,0.728829
3.8516,0.633192,0.686668,0.607357,0.621138,0.63445,0.653424,0.697438,0.661013,0.664078,0.728211
3.8518,0.63247,0.686832,0.60693,0.620522,0.635286,0.653191,0.696439,0.662024,0.662713,0.727813
3.852,0.632363,0.687505,0.60696,0.620638,0.636069,0.65354,0.695422,0.662546,0.661981,0.727587
3.8522,0.632939,0.688469,0.607145,0.621307,0.636448,0.6545,0.693223,0.661937,0.66269,0.727312
3.8524,0.633684,0.689291,0.606899,0.622068,0.635857,0.655026,0.690713,0.660601,0.66428,0.726791
3.8526,0.634074,0.689291,0.606262,0.622882,0.6348,0.654643,0.68947,0.659544,0.665582,0.726125
3.8528,0.633971,0.688413,0.605569,0.623051,0.634188,0.654121,0.689426,0.659582,0.665587,0.725771
3.853,0.633554,0.687035,0.60505,0.622614,0.63422,0.653675,0.688956,0.660528,0.664132,0.725948
3.8532,0.633494,0.686025,0.604541,0.622221,0.634561,0.653377,0.686294,0.66147,0.662685,0.726394
3.8534,0.634013,0.686254,0.604142,0.622405,0.635116,0.653433,0.682373,0.661878,0.662442,0.726551
3.8536,0.634435,0.687502,0.603797,0.623059,0.635454,0.653574,0.678627,0.661731,0.663977,0.725861
3.8538,0.634268,0.688862,0.603497,0.623707,0.635855,0.653402,0.676569,0.661116,0.665745,0.724806
3.854,0.633718,0.689025,0.603288,0.62376,0.636357,0.653217,0.67584,0.660503,0.665756,0.723747
3.8542,0.633113,0.688236,0.603218,0.623696,0.636792,0.653109,0.674932,0.660517,0.663784,0.72322
3.8544,0.632781,0.687358,0.60332,0.624208,0.636449,0.653352,0.672946,0.66121,0.660558,0.723615
3.8546,0.632472,0.686745,0.603541,0.62506,0.635439,0.6535,0.670352,0.662038,0.658341,0.724356
3.8548,0.632546,0.687368,0.603754,0.625652,0.6346,0.653504,0.668439,0.662427,0.658244,0.724708
3.855,0.632973,0.68888,0.603869,0.625333,0.634937,0.654,0.667615,0.662319,0.659449,0.724423
3.8552,0.633788,0.690513,0.603879,0.624308,0.635875,0.654451,0.667402,0.662223,0.660432,0.723212
3.8554,0.634211,0.691247,0.603803,0.62359,0.636266,0.65463,0.667194,0.662662,0.660024,0.72177
3.8556,0.634274,0.690598,0.603719,0.623697,0.635233,0.654187,0.666827,0.663704,0.657735,0.721181
3.8558,0.633616,0.689518,0.603914,0.62507,0.633238,0.653627,0.66659,0.664842,0.655109,0.721313
3.856,0.63265,0.689258,0.60449,0.626793,0.63151,0.653904,0.666838,0.665389,0.653467,0.721937
3.8562,0.631798,0.689594,0.605161,0.628078,0.63071,0.654871,0.667138,0.665262,0.653929,0.722013
3.8564,0.631931,0.689667,0.605559,0.627969,0.630934,0.655288,0.667354,0.664801,0.656195,0.720865
3.8566,0.632689,0.688864,0.605489,0.626806,0.631258,0.654905,0.668361,0.66423,0.657937,0.719583
3.8568,0.633265,0.68715,0.605046,0.625839,0.631074,0.65479,0.669648,0.663861,0.657635,0.718781
3.857,0.632563,0.685369,0.604691,0.625478,0.631162,0.655361,0.670078,0.664039,0.656132,0.718893
3.8572,0.630802,0.684522,0.604948,0.626182,0.631234,0.655905,0.669377,0.664516,0.654546,0.719521
3.8574,0.628748,0.684955,0.605916,0.627308,0.630937,0.655895,0.667914,0.665096,0.653902,0.719697
3.8576,0.627485,0.686224,0.607182,0.628512,0.63055,0.65548,0.667444,0.665379,0.654733,0.718817
3.8578,0.626728,0.687633,0.608055,0.629056,0.630514,0.655219,0.668619,0.665333,0.656476,0.717315
3.858,0.626535,0.688368,0.607968,0.628771,0.631275,0.655327,0.670462,0.665065,0.657911,0.71564
3.8582,0.626023,0.688423,0.606976,0.628125,0.632165,0.655529,0.671911,0.665325,0.658244,0.715979
3.8584,0.625393,0.68791,0.605719,0.62804,0.632942,0.655546,0.672627,0.66614,0.657822,0.718246
3.8586,0.626495,0.687324,0.605084,0.628427,0.633127,0.655323,0.673225,0.66753,0.657319,0.720767
3.8588,0.628647,0.68839,0.605751,0.629048,0.633158,0.654981,0.674533,0.668512,0.657173,0.722415
3.859,0.629521,0.691259,0.607081,0.629474,0.632995,0.654496,0.676239,0.668356,0.65745,0.722624
3.8592,0.627818,0.693955,0.608114,0.629346,0.632777,0.653797,0.677502,0.667986,0.657964,0.721884
3.8594,0.624552,0.694832,0.608337,0.629036,0.632644,0.652753,0.678059,0.668016,0.658698,0.721813
3.8596,0.62183,0.693299,0.607484,0.62892,0.633037,0.651874,0.677897,0.668212,0.659501,0.722333
3.8598,0.622035,0.690824,0.60619,0.629135,0.633045,0.651419,0.677173,0.668735,0.660881,0.72367
3.86,0.625528,0.68927,0.605358,0.628766,0.631979,0.650943,0.677097,0.670047,0.662962,0.725173
3.8602,0.629499,0.689802,0.605507,0.627742,0.630161,0.650505,0.677109,0.671348,0.664268,0.725852
3.8604,0.630931,0.692244,0.606445,0.626312,0.628315,0.649875,0.677796,0.67223,0.664619,0.725774
3.8606,0.629202,0.695371,0.607647,0.625388,0.627066,0.649269,0.678778,0.6721,0.664213,0.725709
3.8608,0.626511,0.697255,0.608742,0.625226,0.627047,0.648847,0.678823,0.671754,0.663249,0.726427
3.861,0.624977,0.697063,0.609208,0.625205,0.627911,0.648056,0.678289,0.671659,0.663617,0.72748
3.8612,0.625867,0.695688,0.608604,0.625134,0.629144,0.646786,0.678186,0.671741,0.66599,0.728117
3.8614,0.628407,0.694425,0.607297,0.624733,0.629805,0.64535,0.680772,0.671882,0.668366,0.728
3.8616,0.629874,0.694479,0.606014,0.623533,0.629055,0.644215,0.685666,0.67208,0.669517,0.727715
3.8618,0.629413,0.695745,0.605407,0.621752,0.627471,0.643746,0.68921,0.671986,0.668524,0.72774
3.862,0.628354,0.697359,0.605617,0.620104,0.627081,0.643599,0.690062,0.672029,0.665829,0.728329
3.8622,0.628177,0.698674,0.606252,0.61934,0.628317,0.643185,0.689152,0.672118,0.663124,0.729789
3.8624,0.628938,0.699167,0.607492,0.619461,0.629932,0.642831,0.688761,0.672772,0.662469,0.731053
3.8626,0.630074,0.698341,0.608918,0.619748,0.630701,0.642617,0.690739,0.6738,0.663893,0.731912
3.8628,0.630894,0.696883,0.609735,0.619573,0.630369,0.642781,0.694236,0.674825,0.665467,0.732415
3.863,0.630895,0.696276,0.609711,0.618938,0.629472,0.643109,0.696432,0.67504,0.66555,0.732604
3.8632,0.629924,0.697147,0.609394,0.618227,0.628637,0.643325,0.697593,0.674978,0.663549,0.73247
3.8634,0.628922,0.698957,0.609366,0.617691,0.628397,0.643361,0.6986,0.67503,0.660461,0.732334
3.8636,0.62903,0.700539,0.609701,0.617448,0.628941,0.64335,0.699914,0.67494,0.65775,0.731949
3.8638,0.630489,0.700729,0.610178,0.617526,0.629827,0.643403,0.701658,0.674384,0.656726,0.731788
3.864,0.631903,0.700091,0.610422,0.617747,0.630985,0.643471,0.703524,0.673763,0.658683,0.731889
3.8642,0.632627,0.698791,0.610269,0.617795,0.632183,0.643653,0.704777,0.673693,0.662304,0.731837
3.8644,0.631884,0.698018,0.609871,0.617535,0.633008,0.643855,0.705013,0.673565,0.664176,0.732064
3.8646,0.630898,0.698093,0.609708,0.617436,0.632847,0.64388,0.704517,0.673606,0.662443,0.732572
3.8648,0.631608,0.698498,0.610139,0.617744,0.631981,0.643892,0.703863,0.674122,0.658157,0.732605
3.865,0.633422,0.698765,0.611128,0.618337,0.631454,0.643959,0.703386,0.674689,0.654339,0.732408
3.8652,0.634556,0.699048,0.612126,0.618636,0.631597,0.643852,0.702675,0.67465,0.652808,0.732258
3.8654,0.634249,0.699074,0.612586,0.61829,0.632093,0.643529,0.701734,0.674214,0.653867,0.732102
3.8656,0.63282,0.698863,0.612414,0.617378,0.632495,0.643271,0.700228,0.673683,0.6561,0.732593
3.8658,0.631202,0.69822,0.611921,0.616497,0.632749,0.643471,0.698194,0.673346,0.657438,0.732924
3.866,0.631554,0.697894,0.611855,0.616435,0.632827,0.644147,0.696856,0.673389,0.656928,0.732994
3.8662,0.634544,0.698075,0.612212,0.617289,0.632575,0.644989,0.696899,0.673752,0.655372,0.732839
3.8664,0.63737,0.698941,0.61295,0.618437,0.632718,0.645698,0.697369,0.674137,0.653963,0.732342
3.8666,0.637949,0.69982,0.613482,0.619018,0.633351,0.646039,0.695912,0.674182,0.653384,0.731975
3.8668,0.636291,0.699937,0.613396,0.618521,0.634054,0.645903,0.692442,0.673645,0.653846,0.731871
3.867,0.633254,0.698864,0.612689,0.616914,0.634376,0.645365,0.688649,0.672837,0.654659,0.73201
3.8672,0.631568,0.697066,0.611925,0.615018,0.634243,0.645099,0.686886,0.672313,0.655254,0.731935
3.8674,0.632439,0.695386,0.611554,0.61442,0.633626,0.645488,0.686363,0.67184,0.655752,0.731545
3.8676,0.63503,0.694607,0.611773,0.615323,0.633178,0.645876,0.684754,0.67116,0.656565,0.731038
3.8678,0.63763,0.695224,0.612365,0.616278,0.633501,0.64589,0.681717,0.670064,0.65727,0.730992
3.868,0.638296,0.696421,0.613103,0.616055,0.634736,0.645081,0.678625,0.668817,0.657357,0.731475
3.8682,0.636422,0.697158,0.614013,0.614159,0.635774,0.644368,0.675999,0.667625,0.656807,0.732328
3.8684,0.633854,0.696404,0.6144,0.611617,0.635793,0.644077,0.674731,0.66675,0.656063,0.732647
3.8686,0.632218,0.694509,0.614134,0.610092,0.634986,0.643806,0.674662,0.666218,0.655732,0.732413
3.8688,0.633016,0.692683,0.613484,0.610418,0.634715,0.643783,0.674472,0.665317,0.656269,0.731553
3.869,0.635632,0.691925,0.613345,0.611527,0.635462,0.643676,0.673557,0.664473,0.65765,0.730426
3.8692,0.638093,0.692677,0.614006,0.612338,0.636528,0.643079,0.67247,0.66328,0.659153,0.729881
3.8694,0.638709,0.693882,0.614883,0.611625,0.636971,0.641599,0.671785,0.661968,0.659804,0.729941
3.8696,0.637252,0.694367,0.615179,0.609959,0.636383,0.640201,0.672113,0.660797,0.659288,0.730588
3.8698,0.635259,0.693436,0.614912,0.608142,0.635383,0.639597,0.673443,0.660059,0.658005,0.730749
3.87,0.634407,0.691371,0.614476,0.606848,0.634964,0.640183,0.674381,0.6594,0.656854,0.7299
3.8702,0.634999,0.689995,0.614432,0.606618,0.635355,0.640969,0.674346,0.659004,0.65683,0.727952
3.8704,0.636339,0.690482,0.614839,0.607138,0.636183,0.640783,0.675206,0.658513,0.657881,0.725726
3.8706,0.637488,0.692217,0.615181,0.607511,0.636966,0.639744,0.677005,0.657654,0.658826,0.723815
3.8708,0.638473,0.693619,0.615566,0.607392,0.637271,0.638399,0.678197,0.656949,0.658679,0.722785
3.871,0.638431,0.693582,0.615808,0.60727,0.636879,0.637596,0.678618,0.656727,0.657149,0.722327
3.8712,0.636914,0.692355,0.615948,0.607261,0.635981,0.637708,0.678649,0.656868,0.655175,0.722343
3.8714,0.635567,0.690849,0.615809,0.607462,0.635124,0.638532,0.678492,0.657027,0.65406,0.721949
3.8716,0.635575,0.69007,0.615891,0.607587,0.634837,0.639545,0.67906,0.656977,0.654497,0.72068
3.8718,0.636328,0.690549,0.616266,0.607754,0.635178,0.640227,0.680631,0.656802,0.655596,0.718544
3.872,0.637298,0.691721,0.616644,0.607999,0.63552,0.640403,0.68275,0.656873,0.65584,0.716243
3.8722,0.637714,0.692704,0.616852,0.608351,0.636035,0.640274,0.684614,0.6575,0.65455,0.714673
3.8724,0.637006,0.693096,0.616587,0.608736,0.636483,0.639979,0.68566,0.658511,0.652429,0.714777
3.8726,0.635649,0.69282,0.616007,0.609045,0.636298,0.640119,0.68599,0.659293,0.650572,0.715499
3.8728,0.634343,0.691924,0.615407,0.609224,0.635826,0.641074,0.686186,0.659539,0.65019,0.715702
3.873,0.633702,0.690894,0.615135,0.60924,0.635068,0.642209,0.686789,0.659559,0.650907,0.714867
3.8732,0.634117,0.689669,0.615803,0.609252,0.634452,0.642756,0.687776,0.659947,0.651476,0.714086
3.8734,0.63496,0.688382,0.617457,0.60978,0.634227,0.642283,0.687786,0.6612,0.650689,0.714103
3.8736,0.635262,0.687517,0.618694,0.611094,0.635057,0.641214,0.687013,0.663164,0.649233,0.714767
3.8738,0.633907,0.687304,0.618691,0.612791,0.635687,0.640383,0.686109,0.664547,0.648583,0.71541
3.874,0.631058,0.687442,0.617688,0.614155,0.634866,0.640503,0.684852,0.664275,0.64942,0.715753
3.8742,0.628218,0.687193,0.616505,0.614973,0.632819,0.641685,0.683474,0.662781,0.651235,0.715885
3.8744,0.6265,0.68668,0.616258,0.614969,0.630255,0.6434,0.682426,0.66147,0.653217,0.716003
3.8746,0.626714,0.685974,0.616794,0.614375,0.628861,0.644836,0.682064,0.661971,0.654013,0.716452
3.8748,0.62809,0.685209,0.617908,0.614591,0.629612,0.645307,0.681995,0.663448,0.653488,0.717375
3.875,0.629317,0.684209,0.619211,0.615874,0.630941,0.644748,0.682013,0.663982,0.653979,0.71833
3.8752,0.629273,0.683342,0.61965,0.618034,0.631172,0.643868,0.680599,0.662256,0.655666,0.719056
3.8754,0.627778,0.682811,0.618933,0.619832,0.629718,0.643635,0.678723,0.659279,0.657979,0.719706
3.8756,0.625658,0.683196,0.617761,0.620052,0.627939,0.644633,0.677866,0.657253,0.659589,0.720171
3.8758,0.624005,0.685137,0.616954,0.619023,0.62806,0.645832,0.678938,0.65725,0.659643,0.72052
3.876,0.623285,0.687467,0.616966,0.617625,0.629711,0.646106,0.679457,0.658636,0.658364,0.721196
3.8762,0.623697,0.688322,0.617746,0.617414,0.631383,0.645023,0.677511,0.659676,0.657223,0.721882
3.8764,0.624395,0.687288,0.618957,0.619124,0.631921,0.643701,0.674311,0.660518,0.657984,0.722594
3.8766,0.62448,0.685794,0.620096,0.621742,0.631205,0.643226,0.671811,0.66102,0.660046,0.723314
3.8768,0.623775,0.685134,0.620907,0.623723,0.630009,0.643311,0.671223,0.660542,0.662392,0.723757
3.877,0.622594,0.685685,0.621097,0.624411,0.6292,0.643214,0.671922,0.660052,0.66341,0.723788
3.8772,0.621528,0.687324,0.620635,0.623996,0.629686,0.64246,0.672418,0.660512,0.662789,0.723783
3.8774,0.62112,0.689108,0.619805,0.623082,0.631272,0.640949,0.672139,0.661521,0.661307,0.72376
3.8776,0.621479,0.689672,0.619548,0.622688,0.633132,0.639283,0.67137,0.662526,0.660034,0.724015
3.8778,0.622524,0.688978,0.620074,0.622968,0.633825,0.638405,0.670893,0.663731,0.660357,0.724555
3.878,0.624031,0.688691,0.620639,0.62375,0.633282,0.638443,0.671638,0.664574,0.661965,0.725008
3.8782,0.624693,0.689711,0.620659,0.624202,0.632806,0.638536,0.67373,0.66456,0.663894,0.725845
3.8784,0.624029,0.691044,0.619819,0.62368,0.632926,0.637872,0.675792,0.664513,0.664697,0.726499
3.8786,0.622871,0.691506,0.618073,0.622156,0.633839,0.636419,0.676699,0.664915,0.663729,0.727067
3.8788,0.622311,0.69069,0.616204,0.620006,0.634839,0.634689,0.677114,0.665795,0.662068,0.727394
3.879,0.622774,0.689202,0.615136,0.618037,0.635608,0.633436,0.677267,0.666879,0.661948,0.727289
3.8792,0.623803,0.688448,0.615215,0.617133,0.636102,0.633107,0.677069,0.667076,0.663208,0.727204
3.8794,0.62484,0.689714,0.616159,0.617175,0.63632,0.633388,0.677033,0.666169,0.665259,0.727574
3.8796,0.62505,0.692671,0.617269,0.617735,0.636591,0.633654,0.677418,0.664867,0.666795,0.72861
3.8798,0.624675,0.695557,0.617856,0.618049,0.636567,0.633546,0.678391,0.664208,0.666638,0.729714
3.88,0.624501,0.696437,0.617694,0.617262,0.636586,0.633222,0.679704,0.665551,0.665133,0.730286
3.8802,0.624687,0.695305,0.617057,0.615265,0.636629,0.633048,0.680559,0.66782,0.663582,0.730212
3.8804,0.625098,0.693475,0.616419,0.613258,0.636127,0.633344,0.681011,0.669483,0.663006,0.729768
3.8806,0.625792,0.692602,0.61609,0.611722,0.634731,0.634001,0.681971,0.669123,0.664178,0.729725
3.8808,0.626677,0.693094,0.616211,0.61179,0.633033,0.634688,0.683929,0.667023,0.666256,0.73018
3.881,0.627166,0.694239,0.616718,0.614084,0.631687,0.63555,0.686259,0.665264,0.667372,0.730768
3.8812,0.627613,0.694941,0.61741,0.616861,0.630883,0.636539,0.687703,0.665583,0.666985,0.731352
3.8814,0.628288,0.694608,0.617861,0.61837,0.63036,0.637627,0.687759,0.667452,0.66531,0.731198
3.8816,0.628471,0.693666,0.617729,0.617998,0.629811,0.638795,0.686837,0.669098,0.663458,0.730676
3.8818,0.627809,0.693346,0.617177,0.61636,0.629071,0.639604,0.686153,0.669266,0.662814,0.730385
3.882,0.627252,0.693791,0.616655,0.614646,0.628407,0.640173,0.685713,0.668018,0.663572,0.730355
3.8822,0.627071,0.693944,0.616565,0.613966,0.62816,0.640218,0.685964,0.66624,0.665131,0.730976
3.8824,0.627549,0.693792,0.616986,0.614636,0.628322,0.640326,0.685992,0.665008,0.666477,0.731915
3.8826,0.628483,0.693159,0.617661,0.616008,0.628514,0.640838,0.684867,0.664966,0.666583,0.732337
3.8828,0.629861,0.691815,0.618129,0.61721,0.628443,0.642119,0.682964,0.66592,0.665562,0.732197
3.883,0.631356,0.690967,0.61796,0.617692,0.62805,0.643625,0.680334,0.667058,0.664318,0.731802
3.8832,0.631882,0.691476,0.617063,0.617377,0.62755,0.644532,0.678082,0.667576,0.663541,0.731858
3.8834,0.630691,0.693193,0.61587,0.61645,0.627154,0.64458,0.677058,0.667243,0.663064,0.732367
3.8836,0.629025,0.69429,0.615242,0.615503,0.627446,0.643938,0.676899,0.666434,0.663203,0.732262
3.8838,0.628551,0.693826,0.615466,0.615125,0.628533,0.643079,0.675629,0.665484,0.663678,0.731799
3.884,0.629526,0.692299,0.61597,0.615446,0.629504,0.642933,0.67401,0.664581,0.66397,0.731152
3.8842,0.631013,0.690632,0.616274,0.616281,0.629503,0.643948,0.672293,0.664187,0.664018,0.73064
3.8844,0.631763,0.690123,0.615802,0.61692,0.628434,0.645947,0.669656,0.664072,0.663851,0.730746
3.8846,0.63123,0.690802,0.614984,0.616931,0.626967,0.648085,0.666945,0.663889,0.663422,0.73128
3.8848,0.630298,0.691836,0.614359,0.61618,0.626019,0.64921,0.666049,0.66342,0.662916,0.731912
3.885,0.629974,0.692511,0.614076,0.61574,0.62616,0.649144,0.666892,0.662649,0.662775,0.732063
3.8852,0.630118,0.691892,0.614081,0.615958,0.627311,0.648313,0.667956,0.661518,0.663013,0.731034
3.8854,0.630358,0.69068,0.614733,0.616695,0.628712,0.647947,0.667314,0.660164,0.663892,0.729619
3.8856,0.630385,0.689959,0.615066,0.617264,0.629359,0.648478,0.664958,0.659043,0.664624,0.72838
3.8858,0.630215,0.689864,0.61439,0.617668,0.628862,0.649745,0.662882,0.658579,0.664666,0.72798
3.886,0.630033,0.69008,0.61318,0.617595,0.627608,0.65145,0.662835,0.658183,0.663942,0.728374
3.8862,0.630108,0.690193,0.611987,0.617659,0.626358,0.652826,0.664736,0.65731,0.662879,0.728964
3.8864,0.63026,0.689726,0.611577,0.617728,0.62583,0.653294,0.667194,0.656086,0.662296,0.729067
3.8866,0.63045,0.688661,0.61176,0.618229,0.626184,0.652882,0.66863,0.655058,0.663102,0.72837
3.8868,0.630768,0.687764,0.611738,0.618671,0.627278,0.652101,0.667643,0.654249,0.664424,0.727287
3.887,0.631203,0.687573,0.611087,0.61896,0.627863,0.651728,0.666977,0.653264,0.66536,0.726429
3.8872,0.631332,0.688106,0.610245,0.618603,0.627096,0.652314,0.668576,0.652077,0.665546,0.726014
3.8874,0.631133,0.68858,0.609801,0.618294,0.62517,0.653862,0.6712,0.651025,0.664703,0.72614
3.8876,0.630619,0.688555,0.609898,0.618794,0.622981,0.655302,0.672479,0.650335,0.663436,0.726425
3.8878,0.630482,0.688017,0.610313,0.619974,0.621611,0.656112,0.671014,0.649694,0.662876,0.72626
3.888,0.630641,0.68761,0.610685,0.620897,0.62162,0.655698,0.668877,0.649199,0.663974,0.725352
3.8882,0.630759,0.687905,0.610767,0.621265,0.622175,0.654965,0.668978,0.648902,0.666187,0.724209
3.8884,0.630574,0.688559,0.610532,0.620698,0.622456,0.655115,0.671251,0.648856,0.667723,0.722877
3.8886,0.630267,0.689062,0.610136,0.620056,0.621976,0.65596,0.673857,0.649145,0.66759,0.722445
3.8888,0.629569,0.688662,0.609875,0.620083,0.620315,0.656383,0.675061,0.649703,0.666215,0.723019
3.889,0.628814,0.687556,0.610064,0.620892,0.618203,0.656404,0.674931,0.650315,0.664853,0.72372
3.8892,0.62836,0.686561,0.610781,0.621986,0.616534,0.656216,0.675202,0.650536,0.664371,0.724394
3.8894,0.629092,0.686484,0.611523,0.623077,0.615656,0.655983,0.676809,0.65052,0.664872,0.723995
3.8896,0.630185,0.687734,0.611788,0.623748,0.615693,0.655759,0.678717,0.650902,0.665852,0.723041
3.8898,0.630535,0.689216,0.611483,0.623788,0.616131,0.655625,0.679216,0.651822,0.666451,0.721917
3.89,0.629373,0.68963,0.610911,0.623539,0.616278,0.656142,0.678375,0.652699,0.66661,0.721135
3.8902,0.627463,0.688694,0.610565,0.623856,0.615487,0.656934,0.677345,0.653876,0.667026,0.721023
3.8904,0.625911,0.68707,0.610843,0.624104,0.614892,0.657471,0.676825,0.654715,0.66741,0.72165
3.8906,0.625169,0.685814,0.611708,0.624253,0.614984,0.657095,0.676911,0.655209,0.667821,0.722757
3.8908,0.625965,0.685774,0.612709,0.624865,0.61545,0.656571,0.677476,0.655262,0.667809,0.723928
3.891,0.627477,0.687178,0.613319,0.625416,0.615852,0.656643,0.678884,0.655838,0.667391,0.724224
3.8912,0.628512,0.688874,0.613226,0.62561,0.615977,0.657199,0.680096,0.656732,0.66641,0.723262
3.8914,0.628457,0.690018,0.612408,0.626058,0.616226,0.657556,0.680007,0.657991,0.666167,0.722127
3.8916,0.627513,0.69032,0.611352,0.626469,0.616565,0.657405,0.677268,0.659098,0.667066,0.721994
3.8918,0.626866,0.690127,0.6112,0.626659,0.61671,0.656496,0.673231,0.659484,0.66813,0.722983
3.892,0.627128,0.689855,0.612012,0.626481,0.616797,0.655252,0.670872,0.659005,0.668409,0.724262
3.8922,0.627663,0.689253,0.613354,0.626336,0.61727,0.654672,0.671275,0.658862,0.667694,0.724734
3.8924,0.627782,0.688382,0.613904,0.626884,0.617784,0.65464,0.672743,0.659531,0.666628,0.724213
3.8926,0.627524,0.687215,0.613087,0.628391,0.618152,0.654504,0.671973,0.660416,0.665882,0.723847
3.8928,0.627249,0.686315,0.611624,0.630577,0.61862,0.654266,0.668959,0.661622,0.665942,0.724881
3.893,0.626868,0.685867,0.610249,0.632014,0.619564,0.654146,0.665872,0.663246,0.666556,0.726954
3.8932,0.626897,0.6859,0.609606,0.631562,0.620311,0.654138,0.664207,0.664812,0.667015,0.728432
3.8934,0.627043,0.685797,0.609725,0.629511,0.620462,0.654158,0.664162,0.665608,0.667054,0.728826
3.8936,0.626887,0.68565,0.610586,0.627811,0.620186,0.654086,0.66473,0.666332,0.666516,0.727855
3.8938,0.626085,0.686651,0.611374,0.627976,0.619982,0.654057,0.665045,0.666348,0.665929,0.72643
3.894,0.625387,0.688423,0.611227,0.629641,0.62014,0.653955,0.664837,0.665309,0.665832,0.725952
3.8942,0.625554,0.688737,0.610245,0.631486,0.62092,0.654083,0.664556,0.664934,0.666458,0.72674
3.8944,0.627148,0.687573,0.608959,0.632431,0.622286,0.654533,0.664973,0.665873,0.667749,0.728519
3.8946,0.62956,0.68617,0.607914,0.63233,0.623307,0.654807,0.666579,0.667568,0.668712,0.730397
3.8948,0.631069,0.684875,0.60765,0.631773,0.623585,0.654958,0.669284,0.669256,0.669028,0.731225
3.895,0.631089,0.684174,0.607967,0.631319,0.623749,0.654825,0.671419,0.669878,0.668523,0.730988
3.8952,0.629561,0.683943,0.608402,0.631207,0.624112,0.654343,0.671572,0.669733,0.667656,0.729901
3.8954,0.627675,0.684864,0.60863,0.631582,0.62486,0.653588,0.671832,0.669424,0.667032,0.729247
3.8956,0.627217,0.686081,0.608551,0.632284,0.625498,0.652921,0.673268,0.669339,0.666662,0.729703
3.8958,0.628384,0.686203,0.608243,0.632499,0.625879,0.652513,0.675001,0.669502,0.666475,0.730496
3.896,0.630415,0.685148,0.60795,0.632488,0.626173,0.652639,0.67627,0.669503,0.666444,0.730854
3.8962,0.631663,0.684083,0.607874,0.6331,0.626219,0.652908,0.67817,0.668567,0.667111,0.729798
3.8964,0.63179,0.683764,0.608055,0.633856,0.625811,0.653413,0.680732,0.667181,0.668269,0.727676
3.8966,0.630817,0.684163,0.608388,0.633861,0.625605,0.654407,0.682628,0.666098,0.66925,0.725448
3.8968,0.629536,0.685378,0.608694,0.632758,0.626123,0.655407,0.684993,0.665638,0.669435,0.724385
3.897,0.628908,0.686743,0.608842,0.631131,0.626762,0.655085,0.68809,0.665359,0.668722,0.724789
3.8972,0.629342,0.686991,0.608683,0.630446,0.626917,0.653883,0.69142,0.665076,0.66772,0.725535
3.8974,0.630923,0.686438,0.608587,0.631258,0.6271,0.653048,0.694145,0.666375,0.667397,0.725622
3.8976,0.632677,0.686679,0.608984,0.632827,0.627498,0.653215,0.69488,0.668083,0.667787,0.724485
3.8978,0.633344,0.68774,0.609741,0.633401,0.628069,0.654041,0.693835,0.668278,0.668215,0.722433
3.898,0.63267,0.688588,0.610315,0.632491,0.628211,0.654455,0.694625,0.666695,0.668434,0.72066
3.8982,0.631383,0.688672,0.610371,0.630968,0.627893,0.654382,0.697185,0.66454,0.668077,0.720035
3.8984,0.630494,0.687896,0.609998,0.630029,0.62708,0.654425,0.698896,0.662649,0.667419,0.72064
3.8986,0.630469,0.686552,0.609711,0.630025,0.626468,0.654489,0.698231,0.661485,0.666809,0.72172
3.8988,0.630954,0.685889,0.609941,0.630701,0.626504,0.654558,0.695352,0.661107,0.666513,0.722333
3.899,0.631566,0.686827,0.610651,0.631439,0.627755,0.654755,0.693286,0.661159,0.666655,0.721964
3.8992,0.632195,0.688675,0.611484,0.631158,0.629735,0.655162,0.693417,0.661169,0.66694,0.7209
3.8994,0.632505,0.69006,0.612063,0.63034,0.631055,0.655717,0.695519,0.661058,0.666996,0.719973
3.8996,0.632729,0.690229,0.612109,0.629491,0.630729,0.656019,0.696177,0.661015,0.666754,0.719819
3.8998,0.633467,0.689212,0.61155,0.629483,0.629097,0.656538,0.694527,0.661032,0.666373,0.720441
3.9,0.634686,0.6875,0.611078,0.630126,0.627911,0.657188,0.690689,0.661081,0.665798,0.721346
3.9002,0.635815,0.686481,0.611309,0.630399,0.628572,0.657548,0.687443,0.661155,0.665526,0.721887
3.9004,0.635849,0.687112,0.612183,0.630224,0.630478,0.657275,0.686805,0.660912,0.666047,0.721729
3.9006,0.635412,0.688675,0.612946,0.629526,0.632754,0.656397,0.68861,0.660654,0.666856,0.72106
3.9008,0.635403,0.689476,0.612827,0.629135,0.633877,0.655724,0.690667,0.661087,0.666953,0.720206
3.901,0.635458,0.688246,0.612071,0.629325,0.63362,0.655796,0.692208,0.662327,0.666005,0.719569
3.9012,0.635333,0.685409,0.610845,0.629566,0.632484,0.656528,0.69268,0.663287,0.664407,0.719409
3.9014,0.635278,0.682775,0.609902,0.62963,0.631103,0.657156,0.691178,0.662984,0.662988,0.719623
3.9016,0.635187,0.681819,0.609615,0.628818,0.630584,0.657495,0.690142,0.661543,0.662622,0.720034
3.9018,0.634872,0.682336,0.609646,0.627313,0.631445,0.657282,0.691788,0.65987,0.663418,0.720375
3.902,0.634518,0.683454,0.609545,0.626501,0.63281,0.657379,0.693752,0.659076,0.66462,0.720434
3.9022,0.634446,0.6841,0.608967,0.627473,0.633519,0.657857,0.694739,0.659695,0.66528,0.72019
3.9024,0.634696,0.682989,0.608117,0.629279,0.633198,0.657618,0.693849,0.661214,0.664947,0.719778
3.9026,0.635087,0.680213,0.607283,0.630819,0.632243,0.657218,0.691595,0.66254,0.663835,0.719454
3.9028,0.635449,0.677198,0.606945,0.631176,0.631658,0.657218,0.691834,0.662872,0.662546,0.719233
3.903,0.635311,0.675596,0.607165,0.629919,0.631634,0.657753,0.693805,0.662105,0.661984,0.719185
3.9032,0.635115,0.675787,0.607549,0.628468,0.632016,0.658688,0.696047,0.660817,0.662768,0.719475
3.9034,0.635431,0.676723,0.607574,0.628208,0.632412,0.659278,0.69635,0.66002,0.664105,0.719506
3.9036,0.636393,0.67696,0.607138,0.629827,0.632264,0.659333,0.694803,0.660427,0.665096,0.719374
3.9038,0.637102,0.675884,0.606401,0.632111,0.631859,0.659176,0.693328,0.661306,0.664371,0.718697
3.904,0.637042,0.674232,0.60576,0.633161,0.631766,0.658869,0.693055,0.661711,0.66216,0.717345
3.9042,0.636661,0.673161,0.605603,0.632112,0.63188,0.65888,0.695079,0.661186,0.659887,0.715948
3.9044,0.636226,0.673094,0.605964,0.629967,0.632067,0.65929,0.698536,0.659919,0.658411,0.71457
3.9046,0.635839,0.673865,0.606585,0.628551,0.632234,0.660094,0.70021,0.658664,0.658662,0.713863
3.9048,0.635687,0.674852,0.607129,0.628729,0.632243,0.660876,0.698721,0.657968,0.659562,0.713911
3.905,0.635675,0.675358,0.60738,0.630143,0.632049,0.661124,0.696257,0.658279,0.659884,0.714286
3.9052,0.635784,0.675244,0.607421,0.631696,0.631809,0.660781,0.695176,0.659288,0.658672,0.714241
3.9054,0.635658,0.67497,0.607464,0.632089,0.631476,0.660242,0.696622,0.660387,0.656431,0.713095
3.9056,0.635475,0.674996,0.607726,0.631087,0.631599,0.659837,0.699982,0.660354,0.6541,0.71096
3.9058,0.63524,0.67539,0.608385,0.630316,0.632173,0.660333,0.702563,0.658926,0.652968,0.710096
3.906,0.635539,0.676037,0.609411,0.630508,0.632945,0.661628,0.702499,0.657254,0.653216,0.711092
3.9062,0.635846,0.676653,0.610165,0.631247,0.633493,0.662973,0.701884,0.656187,0.654103,0.713092
3.9064,0.635694,0.677087,0.61028,0.631831,0.633544,0.663379,0.702044,0.656062,0.654426,0.714473
3.9066,0.635039,0.677175,0.609893,0.631894,0.633077,0.662673,0.702454,0.656683,0.653863,0.714321
3.9068,0.634346,0.677113,0.610075,0.631807,0.632745,0.661418,0.702302,0.657482,0.652952,0.713937
3.907,0.633956,0.67732,0.610933,0.632022,0.633184,0.660458,0.701456,0.657666,0.653236,0.713601
3.9072,0.63415,0.677952,0.611569,0.632491,0.634172,0.660447,0.701162,0.65698,0.654359,0.713376
3.9074,0.634598,0.678844,0.611651,0.632727,0.635095,0.660949,0.701259,0.656077,0.655474,0.713421
3.9076,0.634808,0.679685,0.611522,0.632555,0.635617,0.661671,0.701851,0.655724,0.655921,0.713494
3.9078,0.634465,0.680388,0.611981,0.632368,0.635629,0.661717,0.7024,0.656165,0.655795,0.713623
3.908,0.633681,0.680818,0.612663,0.632035,0.635765,0.66104,0.702793,0.657043,0.65566,0.71409
3.9082,0.632922,0.680818,0.613479,0.632076,0.63617,0.659921,0.701482,0.657622,0.655995,0.715186
3.9084,0.632766,0.680415,0.614127,0.632847,0.636034,0.65938,0.700472,0.65828,0.656922,0.716361
3.9086,0.633547,0.679854,0.614162,0.634044,0.63494,0.659553,0.701464,0.659306,0.657697,0.717225
3.9088,0.634933,0.679335,0.613937,0.634552,0.633103,0.659591,0.702691,0.660233,0.658219,0.71714
3.909,0.635731,0.679065,0.613881,0.634046,0.631161,0.659807,0.703782,0.660904,0.658145,0.716219
3.9092,0.634917,0.678956,0.614115,0.633126,0.630201,0.660251,0.704492,0.660869,0.65792,0.715328
3.9094,0.633221,0.678778,0.614549,0.632266,0.630167,0.660412,0.704113,0.660945,0.658071,0.715647
3.9096,0.631744,0.678146,0.61464,0.631726,0.631211,0.659964,0.702704,0.661752,0.658744,0.71722
3.9098,0.631718,0.677287,0.614456,0.631937,0.632581,0.659125,0.702298,0.662662,0.659747,0.719688
3.91,0.633452,0.676502,0.614483,0.632997,0.633434,0.658394,0.703842,0.663804,0.660754,0.721774
3.9102,0.635242,0.67611,0.615505,0.63416,0.632922,0.658057,0.706158,0.664637,0.661064,0.72251
3.9104,0.635806,0.676348,0.616883,0.634465,0.631736,0.658198,0.708212,0.66457,0.660669,0.722418
3.9106,0.634574,0.677872,0.617597,0.633977,0.630419,0.658563,0.708385,0.6649,0.660186,0.722375
3.9108,0.633053,0.679073,0.617809,0.632768,0.629274,0.6587,0.707183,0.666037,0.660241,0.723176
3.911,0.631982,0.678599,0.617874,0.632033,0.629516,0.658486,0.706889,0.667264,0.661073,0.724693
3.9112,0.631219,0.676713,0.617913,0.632846,0.63079,0.658743,0.708511,0.668031,0.662833,0.72566
3.9114,0.631012,0.674433,0.618048,0.634084,0.632093,0.659338,0.710376,0.668143,0.664523,0.725366
3.9116,0.631454,0.673402,0.618377,0.6348,0.632219,0.659375,0.710661,0.66777,0.664774,0.724147
3.9118,0.632326,0.67378,0.619055,0.634346,0.630967,0.658584,0.710048,0.667428,0.663923,0.722755
3.912,0.632911,0.675436,0.619882,0.632952,0.629731,0.657926,0.710363,0.667606,0.66239,0.722298
3.9122,0.633129,0.678126,0.620224,0.631707,0.629179,0.657664,0.711661,0.668875,0.661184,0.723074
3.9124,0.632887,0.680145,0.619841,0.631443,0.629863,0.657569,0.713195,0.670436,0.661062,0.72391
3.9126,0.632444,0.680281,0.619068,0.632022,0.631379,0.657545,0.713635,0.671699,0.662546,0.723983
3.9128,0.632706,0.679025,0.618485,0.632762,0.632413,0.657679,0.712296,0.672067,0.665045,0.723003
3.913,0.633321,0.677899,0.618456,0.632843,0.632517,0.65781,0.710875,0.671772,0.666825,0.721757
3.9132,0.63382,0.677865,0.618893,0.632217,0.631548,0.657728,0.710635,0.671875,0.66719,0.72062
3.9134,0.633569,0.679277,0.619404,0.630935,0.630478,0.657485,0.712369,0.6727,0.666038,0.720012
3.9136,0.633174,0.681389,0.619562,0.630045,0.630301,0.656995,0.713468,0.673761,0.664246,0.719958
3.9138,0.63324,0.682462,0.619186,0.630467,0.630835,0.656278,0.713105,0.674908,0.663081,0.720075
3.914,0.634406,0.682412,0.619007,0.631905,0.631776,0.656498,0.713336,0.675735,0.663588,0.720468
3.9142,0.636184,0.682286,0.62002,0.632964,0.632173,0.65764,0.713938,0.676135,0.665721,0.720392
3.9144,0.637197,0.682802,0.621165,0.63234,0.631606,0.658855,0.714416,0.676672,0.668285,0.71919
3.9146,0.636395,0.6838,0.621354,0.630468,0.630635,0.659435,0.714079,0.677212,0.669663,0.717867
3.9148,0.634245,0.685015,0.620238,0.628294,0.62981,0.658809,0.712827,0.677134,0.669048,0.716923
3.915,0.632369,0.686285,0.618173,0.627029,0.629959,0.657373,0.713284,0.677731,0.666764,0.716569
3.9152,0.631801,0.686562,0.616529,0.626713,0.631075,0.655869,0.715321,0.678878,0.664664,0.717201
3.9154,0.632845,0.685738,0.61633,0.627204,0.631886,0.655453,0.715984,0.679477,0.663615,0.717726
3.9156,0.634958,0.6855,0.617568,0.628024,0.631851,0.656457,0.715331,0.680176,0.664039,0.717746
3.9158,0.636383,0.686374,0.6188,0.628563,0.631149,0.65807,0.715056,0.680846,0.665614,0.717323
3.916,0.636089,0.687303,0.618598,0.628527,0.630275,0.659077,0.715302,0.681421,0.667116,0.716453
3.9162,0.635245,0.687888,0.616768,0.627722,0.629605,0.65894,0.715406,0.68148,0.667582,0.715861
3.9164,0.635013,0.688158,0.614099,0.62651,0.629465,0.658324,0.714854,0.68048,0.66684,0.715842
3.9166,0.635216,0.687497,0.611848,0.62569,0.629517,0.657748,0.714061,0.679667,0.665574,0.716144
3.9168,0.635362,0.686326,0.610989,0.626018,0.629304,0.657566,0.71414,0.679576,0.664863,0.716912
3.917,0.635014,0.686301,0.611542,0.627076,0.629119,0.658196,0.714916,0.680071,0.664915,0.717732
3.9172,0.634257,0.687581,0.612547,0.627898,0.629336,0.658995,0.714833,0.681091,0.665693,0.718048
3.9174,0.63346,0.688452,0.613009,0.628213,0.630103,0.659077,0.7152,0.681623,0.666325,0.718071
3.9176,0.632936,0.68734,0.612529,0.627907,0.630794,0.658718,0.716404,0.68131,0.666469,0.717756
3.9178,0.633385,0.684659,0.611422,0.627427,0.631189,0.659029,0.717368,0.680721,0.666133,0.717793
3.918,0.634582,0.68194,0.610394,0.626773,0.630806,0.659669,0.71691,0.680382,0.665963,0.718549
3.9182,0.635799,0.680712,0.610025,0.626087,0.630412,0.660647,0.715154,0.680405,0.665943,0.7196
3.9184,0.636012,0.68185,0.610421,0.625582,0.630645,0.661247,0.714492,0.681256,0.665711,0.7206
3.9186,0.634977,0.684082,0.611226,0.625999,0.631106,0.660997,0.716769,0.682009,0.665512,0.721036
3.9188,0.633545,0.685653,0.611912,0.626792,0.631711,0.65991,0.719492,0.681921,0.664961,0.720762
3.919,0.632834,0.685161,0.612076,0.627722,0.63244,0.659573,0.71961,0.681262,0.664692,0.720134
3.9192,0.633308,0.682792,0.611707,0.628113,0.632605,0.660374,0.718236,0.680538,0.664968,0.719412
3.9194,0.634424,0.680506,0.61111,0.627703,0.63219,0.661828,0.716482,0.680153,0.665746,0.718886
3.9196,0.634968,0.679702,0.610803,0.626262,0.63157,0.662403,0.716385,0.679845,0.665951,0.718739
3.9198,0.635101,0.680422,0.611009,0.624519,0.631632,0.661407,0.716726,0.679651,0.665632,0.718671
3.92,0.634817,0.68206,0.611541,0.623716,0.632642,0.659833,0.717387,0.679789,0.664788,0.718245
3.9202,0.634615,0.68354,0.611975,0.624348,0.633674,0.658502,0.717038,0.679937,0.663756,0.717342
3.9204,0.634459,0.683569,0.612036,0.625835,0.633503,0.658133,0.715745,0.680179,0.663429,0.715941
3.9206,0.634225,0.682057,0.611787,0.626879,0.632334,0.659195,0.714889,0.679956,0.664156,0.714759
3.9208,0.63388,0.680056,0.611536,0.626529,0.631057,0.66092,0.714466,0.67886,0.665155,0.713921
3.921,0.633461,0.678945,0.611637,0.624973,0.630487,0.661941,0.715136,0.67793,0.665533,0.713271
3.9212,0.633116,0.679204,0.612124,0.623967,0.630794,0.661696,0.71594,0.677424,0.664702,0.712818
3.9214,0.633774,0.680409,0.612748,0.624487,0.631229,0.660526,0.715277,0.677619,0.663361,0.712443
3.9216,0.635247,0.681561,0.613199,0.626118,0.631803,0.659196,0.713029,0.678483,0.662525,0.71216
3.9218,0.636276,0.681873,0.613238,0.627539,0.632331,0.658757,0.710754,0.678968,0.662667,0.71232
3.922,0.636673,0.681243,0.61278,0.627686,0.632391,0.659209,0.709966,0.679197,0.663523,0.712666
3.9222,0.636654,0.680406,0.612103,0.626434,0.631997,0.660199,0.710961,0.678994,0.664279,0.712968
3.9224,0.635961,0.680184,0.611759,0.624596,0.631351,0.661113,0.712478,0.677867,0.66451,0.713159
3.9226,0.634749,0.680493,0.612085,0.623324,0.630893,0.661286,0.712809,0.676427,0.664216,0.713102
3.9228,0.634184,0.681112,0.612661,0.623074,0.630902,0.660515,0.711511,0.67571,0.663575,0.712808
3.923,0.634646,0.681538,0.612925,0.623389,0.6312,0.659536,0.710773,0.676243,0.662835,0.712694
3.9232,0.635395,0.681619,0.612726,0.623604,0.631592,0.658858,0.711156,0.677614,0.662441,0.712887
3.9234,0.636126,0.681529,0.61239,0.622963,0.632216,0.658891,0.711614,0.678673,0.662324,0.713352
3.9236,0.636299,0.681607,0.612236,0.621503,0.632571,0.659135,0.71162,0.678659,0.662632,0.713789
3.9238,0.63628,0.68167,0.612364,0.620447,0.632398,0.6597,0.711477,0.677647,0.663214,0.714073
3.924,0.635902,0.681583,0.612548,0.619774,0.631894,0.660435,0.711195,0.67609,0.663573,0.714021
3.9242,0.635883,0.681847,0.612996,0.619748,0.63146,0.660557,0.711564,0.675375,0.664179,0.714257
3.9244,0.63635,0.682467,0.613488,0.620349,0.631342,0.660123,0.71204,0.675508,0.664207,0.714806
3.9246,0.636404,0.682821,0.613557,0.620333,0.631449,0.659447,0.712988,0.676095,0.663774,0.715477
3.9248,0.636442,0.683076,0.613043,0.619397,0.631805,0.659177,0.712891,0.677542,0.66342,0.716124
3.925,0.635954,0.683679,0.611972,0.618376,0.632289,0.659053,0.712375,0.678853,0.663578,0.716495
3.9252,0.635002,0.683948,0.610931,0.617621,0.632841,0.659085,0.712479,0.678853,0.664568,0.716446
3.9254,0.634816,0.683864,0.610313,0.617008,0.633432,0.65864,0.7142,0.67745,0.666263,0.716097
3.9256,0.635122,0.683744,0.610362,0.616426,0.633821,0.657931,0.714929,0.675476,0.667867,0.715865
3.9258,0.635909,0.683633,0.610908,0.615685,0.633637,0.658006,0.714306,0.6739,0.668581,0.716106
3.926,0.636541,0.683688,0.611678,0.615023,0.633135,0.658729,0.714639,0.673661,0.66794,0.716784
3.9262,0.636109,0.68434,0.612944,0.61556,0.632752,0.659166,0.716677,0.674338,0.666563,0.71742
3.9264,0.635077,0.685464,0.613897,0.617367,0.632988,0.658916,0.718094,0.674923,0.665503,0.717528
3.9266,0.635622,0.686519,0.614027,0.618817,0.633635,0.658109,0.717913,0.674898,0.665894,0.717504
3.9268,0.637666,0.686946,0.613739,0.618995,0.634143,0.657465,0.716469,0.673969,0.667391,0.717391
3.927,0.639104,0.686529,0.613681,0.618206,0.634096,0.657411,0.716794,0.672217,0.669251,0.717545
3.9272,0.638527,0.686188,0.613902,0.616991,0.633601,0.657916,0.71825,0.670416,0.670836,0.718347
3.9274,0.636108,0.686838,0.61416,0.615939,0.633036,0.658531,0.71948,0.66879,0.671271,0.719433
3.9276,0.633535,0.688146,0.614312,0.615656,0.633085,0.658618,0.719931,0.668176,0.670713,0.720442
3.9278,0.632276,0.689244,0.614229,0.616578,0.633688,0.657809,0.719618,0.668406,0.670058,0.72056
3.928,0.632979,0.689518,0.614148,0.617881,0.633794,0.656314,0.719614,0.668674,0.66956,0.720048
3.9282,0.634695,0.688462,0.614475,0.618663,0.633156,0.655396,0.721048,0.668623,0.669718,0.719529
3.9284,0.636539,0.686263,0.615353,0.618675,0.631664,0.65575,0.721761,0.667445,0.670716,0.719567
3.9286,0.637304,0.684155,0.616518,0.618114,0.630065,0.65671,0.721427,0.665442,0.671759,0.720183
3.9288,0.636203,0.683528,0.61754,0.617437,0.629072,0.657569,0.721674,0.663549,0.672782,0.721538
3.929,0.634257,0.684135,0.618089,0.617052,0.62978,0.657931,0.722348,0.663844,0.673665,0.72305
3.9292,0.634104,0.684943,0.617993,0.617184,0.631709,0.657685,0.723157,0.667397,0.673878,0.72422
3.9294,0.635235,0.684852,0.617454,0.617945,0.632886,0.657279,0.72245,0.671324,0.673768,0.724701
3.9296,0.636171,0.683399,0.616869,0.619164,0.632021,0.656883,0.72018,0.672337,0.673223,0.724866
3.9298,0.635462,0.681117,0.616701,0.620186,0.629634,0.657101,0.718414,0.670961,0.672848,0.724972
3.93,0.633461,0.679152,0.6172,0.620332,0.627928,0.657643,0.718825,0.669652,0.672782,0.725515
3.9302,0.630949,0.678,0.618081,0.619596,0.627938,0.65831,0.720006,0.668963,0.672936,0.726132
3.9304,0.629621,0.677736,0.618675,0.618387,0.629274,0.659197,0.720763,0.669651,0.672894,0.726918
3.9306,0.630618,0.677733,0.618455,0.617767,0.631013,0.659767,0.720795,0.672495,0.673455,0.7273
3.9308,0.634125,0.67716,0.617866,0.619111,0.632175,0.659274,0.720378,0.674689,0.673776,0.727174
3.931,0.638321,0.675925,0.617308,0.622881,0.631763,0.658508,0.719325,0.674854,0.673249,0.727005
3.9312,0.639819,0.674419,0.617753,0.62604,0.629897,0.658042,0.71866,0.675027,0.671882,0.727156
3.9314,0.637839,0.67322,0.618914,0.62572,0.628122,0.657864,0.719454,0.675942,0.670435,0.727701
3.9316,0.634538,0.672657,0.620111,0.622221,0.627517,0.658255,0.721069,0.676338,0.669043,0.728261
3.9318,0.632677,0.672484,0.62058,0.617719,0.628048,0.658836,0.722676,0.675988,0.668471,0.728252
3.932,0.632785,0.672322,0.620319,0.614796,0.62903,0.659089,0.722308,0.676163,0.668909,0.728004
3.9322,0.634583,0.671905,0.619322,0.614758,0.629705,0.659057,0.720118,0.677034,0.669321,0.728219
3.9324,0.636492,0.671303,0.618309,0.616542,0.629664,0.659071,0.718511,0.678385,0.668259,0.728675
3.9326,0.636851,0.670884,0.618173,0.618084,0.628918,0.65917,0.718594,0.680372,0.665495,0.729332
3.9328,0.635573,0.670732,0.619353,0.617636,0.62792,0.65936,0.719544,0.682081,0.662009,0.729556
3.933,0.634091,0.670777,0.620771,0.614954,0.62728,0.659478,0.72082,0.682451,0.659722,0.728992
3.9332,0.633224,0.67096,0.621326,0.611592,0.627205,0.660122,0.721266,0.681945,0.659209,0.728083
3.9334,0.633323,0.670918,0.621187,0.609117,0.627286,0.661115,0.721332,0.681709,0.66041,0.727097
3.9336,0.634262,0.670753,0.620479,0.608349,0.627174,0.661961,0.720554,0.681757,0.662018,0.726445
3.9338,0.635122,0.671113,0.619866,0.608721,0.62703,0.66223,0.719394,0.68231,0.662293,0.726424
3.934,0.63495,0.672103,0.61982,0.609008,0.626879,0.661993,0.718998,0.68384,0.660685,0.726637
3.9342,0.634391,0.672939,0.620598,0.608908,0.626375,0.662013,0.719907,0.685594,0.657728,0.726975
3.9344,0.634673,0.673099,0.621499,0.608641,0.625101,0.662193,0.721223,0.68608,0.655002,0.727145
3.9346,0.635651,0.672435,0.621727,0.608376,0.623729,0.662676,0.721525,0.684968,0.653917,0.726779
3.9348,0.63617,0.671399,0.62112,0.608213,0.623017,0.663273,0.719639,0.682749,0.654597,0.726341
3.935,0.635952,0.67088,0.620288,0.608061,0.62271,0.663687,0.717583,0.680656,0.656111,0.725964
3.9352,0.634732,0.671478,0.619882,0.607826,0.622568,0.664182,0.716797,0.679781,0.657152,0.72564
3.9354,0.633161,0.672788,0.620059,0.607602,0.62222,0.664344,0.717752,0.680385,0.656867,0.725664
3.9356,0.632312,0.67375,0.620725,0.607713,0.621462,0.664672,0.719901,0.681445,0.655547,0.725764
3.9358,0.633093,0.67382,0.621204,0.608229,0.620168,0.664896,0.721667,0.681342,0.654246,0.725811
3.936,0.634566,0.672991,0.621339,0.60887,0.618565,0.665363,0.720766,0.679688,0.653936,0.725831
3.9362,0.635411,0.671547,0.621261,0.609191,0.617092,0.665631,0.71845,0.677104,0.654761,0.725212
3.9364,0.63502,0.670798,0.621346,0.608764,0.616199,0.665362,0.71618,0.675513,0.655942,0.724315
3.9366,0.634039,0.671444,0.621661,0.608083,0.61582,0.664898,0.714517,0.675103,0.656753,0.723466
3.9368,0.632958,0.672767,0.621829,0.608171,0.615818,0.66448,0.714002,0.674908,0.656994,0.722824
3.937,0.632646,0.673182,0.621696,0.609086,0.615766,0.664468,0.714665,0.674333,0.65675,0.723023
3.9372,0.632941,0.671791,0.621354,0.610152,0.615391,0.66501,0.715875,0.673107,0.656257,0.723482
3.9374,0.633175,0.669222,0.620897,0.610462,0.614804,0.665354,0.716793,0.671431,0.655882,0.724206
3.9376,0.63295,0.666824,0.620781,0.60973,0.614311,0.664733,0.716502,0.669837,0.65588,0.724865
3.9378,0.632637,0.66581,0.62118,0.608596,0.614262,0.663452,0.715332,0.668711,0.656204,0.724985
3.938,0.632315,0.666131,0.621734,0.60809,0.614733,0.661999,0.713858,0.668164,0.656719,0.725042
3.9382,0.631998,0.66691,0.622045,0.608724,0.615447,0.661166,0.71283,0.668029,0.657345,0.724587
3.9384,0.631776,0.666701,0.621916,0.610003,0.615931,0.661175,0.7125,0.668039,0.657899,0.723607
3.9386,0.631794,0.665188,0.621634,0.611097,0.616022,0.661858,0.712849,0.667988,0.658149,0.722987
3.9388,0.631897,0.663066,0.621592,0.611332,0.615756,0.662628,0.7142,0.667776,0.658044,0.722833
3.939,0.632255,0.66166,0.621541,0.61048,0.615379,0.662822,0.714243,0.66752,0.657688,0.723477
3.9392,0.632377,0.661466,0.621683,0.609129,0.615435,0.662262,0.713419,0.66728,0.657134,0.724419
3.9394,0.632632,0.662308,0.622008,0.608736,0.616074,0.661415,0.712958,0.667072,0.656743,0.724982
3.9396,0.632795,0.66369,0.622258,0.609367,0.616855,0.661003,0.712189,0.66727,0.656892,0.724709
3.9398,0.632787,0.664182,0.622467,0.609978,0.61732,0.661103,0.712645,0.668247,0.657197,0.723642
3.94,0.632622,0.663611,0.622755,0.609457,0.617405,0.661683,0.71387,0.669905,0.657143,0.722978
3.9402,0.632234,0.662532,0.622817,0.607677,0.617239,0.662274,0.713574,0.671205,0.656781,0.723252
3.9404,0.632099,0.661703,0.622462,0.605505,0.61713,0.662344,0.712997,0.671153,0.655842,0.724074
3.9406,0.632884,0.661673,0.622048,0.604225,0.617294,0.661854,0.71413,0.66966,0.654722,0.724467
3.9408,0.63398,0.662366,0.622055,0.604403,0.617726,0.661253,0.716046,0.668701,0.653823,0.723993
3.941,0.634699,0.663321,0.623005,0.605205,0.618299,0.660983,0.717276,0.669339,0.653609,0.723515
3.9412,0.634411,0.664206,0.624375,0.605986,0.618753,0.661131,0.71828,0.670751,0.654155,0.723398
3.9414,0.633423,0.664701,0.625003,0.60554,0.618874,0.661587,0.718967,0.672436,0.654468,0.724063
3.9416,0.632417,0.66467,0.624731,0.603605,0.6187,0.661926,0.720118,0.674293,0.653995,0.725139
3.9418,0.631894,0.664245,0.62391,0.601326,0.618648,0.661598,0.72169,0.675358,0.652941,0.725806
3.942,0.632137,0.663928,0.623227,0.599729,0.619035,0.660806,0.72284,0.674844,0.652103,0.72553
3.9422,0.632922,0.664345,0.623255,0.599595,0.619663,0.660359,0.723239,0.672841,0.651939,0.724769
3.9424,0.63373,0.665481,0.62384,0.600775,0.620294,0.660292,0.72366,0.671044,0.652057,0.723989
3.9426,0.634408,0.666778,0.624485,0.602135,0.621643,0.660341,0.723536,0.670987,0.652019,0.723952
3.9428,0.6343,0.667549,0.624698,0.602669,0.622678,0.659871,0.723246,0.672716,0.651541,0.724754
3.943,0.633756,0.667571,0.624526,0.602413,0.622508,0.658803,0.722511,0.675304,0.650947,0.725852
3.9432,0.634417,0.667368,0.624264,0.60187,0.621497,0.657626,0.722047,0.677169,0.650849,0.727399
3.9434,0.636948,0.667474,0.624363,0.601598,0.620013,0.656642,0.721813,0.677382,0.651292,0.728654
3.9436,0.639299,0.668203,0.625017,0.602016,0.619072,0.656104,0.722344,0.67609,0.652186,0.72912
3.9438,0.640223,0.669788,0.625789,0.603082,0.619239,0.65548,0.721696,0.674772,0.65313,0.728504
3.944,0.639255,0.671905,0.626426,0.604426,0.620261,0.654906,0.719644,0.674899,0.653693,0.727416
3.9442,0.63752,0.673686,0.626942,0.605464,0.621576,0.65429,0.716913,0.676396,0.65379,0.726889
3.9444,0.636696,0.674541,0.626922,0.606398,0.623589,0.653467,0.714979,0.678368,0.654226,0.727569
3.9446,0.637712,0.674132,0.626181,0.606952,0.625248,0.65277,0.71307,0.68055,0.6549,0.728771
3.9448,0.639343,0.672705,0.624952,0.606992,0.625106,0.651872,0.711932,0.681835,0.655448,0.730252
3.945,0.639886,0.671238,0.623794,0.606895,0.623137,0.650784,0.711464,0.681731,0.655897,0.73109
3.9452,0.638686,0.67049,0.623241,0.607331,0.62084,0.650024,0.710431,0.680461,0.656077,0.731007
3.9454,0.636558,0.671238,0.623687,0.608246,0.619664,0.649563,0.707246,0.678736,0.655969,0.730522
3.9456,0.635463,0.673603,0.624607,0.609404,0.620035,0.649045,0.702872,0.678217,0.655935,0.730251
3.9458,0.63595,0.675989,0.624851,0.610439,0.621153,0.648157,0.699195,0.679445,0.65628,0.73036
3.946,0.637067,0.676482,0.624179,0.611138,0.622001,0.647132,0.698123,0.681258,0.656637,0.731022
3.9462,0.638063,0.6741,0.62317,0.611959,0.622092,0.646458,0.698581,0.6822,0.657627,0.731362
3.9464,0.637785,0.670551,0.621828,0.612403,0.62155,0.646354,0.697984,0.681645,0.659151,0.73133
3.9466,0.636623,0.668625,0.620705,0.612311,0.620806,0.646624,0.695766,0.679811,0.659976,0.731252
3.9468,0.635239,0.669019,0.620357,0.611985,0.620308,0.646864,0.693303,0.677841,0.659932,0.730997
3.947,0.63497,0.670858,0.620361,0.611812,0.620459,0.646832,0.692044,0.677427,0.659711,0.730816
3.9472,0.635905,0.672412,0.619933,0.611865,0.621133,0.646434,0.692817,0.678839,0.659232,0.730861
3.9474,0.63691,0.672125,0.618868,0.612365,0.621561,0.645863,0.694707,0.68122,0.659231,0.730834
3.9476,0.636746,0.669951,0.6178,0.613497,0.621793,0.645767,0.696037,0.682242,0.660002,0.730879
3.9478,0.6357,0.667413,0.617145,0.614992,0.622087,0.646389,0.695948,0.681161,0.661534,0.730927
3.948,0.634777,0.665814,0.616771,0.615519,0.622285,0.64736,0.694974,0.679053,0.662882,0.730833
3.9482,0.634317,0.665748,0.616376,0.615074,0.622151,0.648135,0.694659,0.677426,0.663616,0.73114
3.9484,0.634443,0.666601,0.615953,0.614477,0.62179,0.648659,0.6958,0.677205,0.663858,0.73153
3.9486,0.634706,0.667364,0.615628,0.614407,0.621592,0.648421,0.697443,0.677983,0.663527,0.732007
3.9488,0.634875,0.667497,0.615421,0.614893,0.621403,0.647966,0.697867,0.678682,0.662737,0.73205
3.949,0.634798,0.667112,0.615294,0.615468,0.621258,0.647812,0.697479,0.678893,0.662094,0.731782
3.9492,0.63477,0.666337,0.615204,0.616058,0.621484,0.648016,0.697716,0.678413,0.662496,0.730931
3.9494,0.635496,0.665676,0.615104,0.6162,0.622069,0.648492,0.699699,0.677435,0.663257,0.730369
3.9496,0.636757,0.665715,0.614966,0.616072,0.622556,0.64902,0.703131,0.676546,0.664459,0.730188
3.9498,0.637496,0.6664,0.614763,0.616055,0.622419,0.649182,0.705822,0.676068,0.665819,0.72986
3.95,0.636796,0.6671,0.614644,0.616163,0.621479,0.648982,0.706294,0.676049,0.666049,0.729831
3.9502,0.634879,0.667446,0.614932,0.616015,0.620027,0.648984,0.705491,0.676052,0.66481,0.73006
3.9504,0.63296,0.667845,0.615485,0.615571,0.618748,0.649483,0.705522,0.676669,0.662848,0.73014
3.9506,0.632398,0.668234,0.616147,0.615113,0.618288,0.650271,0.706626,0.677149,0.660934,0.729785
3.9508,0.632908,0.668195,0.616525,0.615214,0.618787,0.651022,0.707595,0.676975,0.660137,0.729014
3.951,0.633566,0.667749,0.61638,0.616338,0.619337,0.651663,0.707269,0.676076,0.661121,0.728083
3.9512,0.633534,0.667548,0.616043,0.617751,0.619107,0.651871,0.705256,0.67489,0.663182,0.727605
3.9514,0.632541,0.668014,0.615958,0.618748,0.617556,0.651713,0.702917,0.673888,0.664524,0.727422
3.9516,0.631322,0.668886,0.616253,0.618519,0.615768,0.65154,0.701279,0.67404,0.664553,0.727378
3.9518,0.630567,0.670054,0.616922,0.618128,0.61464,0.651595,0.700359,0.675024,0.663431,0.727196
3.952,0.630679,0.671141,0.617722,0.618644,0.614339,0.651922,0.699203,0.675571,0.662379,0.726595
3.9522,0.632085,0.671512,0.618181,0.61974,0.614251,0.652479,0.697637,0.675221,0.662501,0.725959
3.9524,0.633612,0.671004,0.617966,0.620688,0.613995,0.653287,0.696304,0.673938,0.663773,0.725525
3.9526,0.634069,0.670119,0.617144,0.621198,0.6132,0.654173,0.695242,0.672354,0.664761,0.725506
3.9528,0.633599,0.669355,0.616307,0.620821,0.612301,0.654748,0.693294,0.67141,0.664969,0.725796
3.953,0.632634,0.669351,0.616108,0.62091,0.611752,0.654886,0.690026,0.672335,0.664837,0.725971
3.9532,0.632245,0.670323,0.616342,0.622304,0.61118,0.65477,0.685891,0.674318,0.6641,0.725546
3.9534,0.632212,0.671616,0.616457,0.624405,0.610524,0.654553,0.68263,0.675845,0.663336,0.724737
3.9536,0.632179,0.672015,0.616348,0.625788,0.610282,0.654232,0.680782,0.675662,0.663103,0.723614
3.9538,0.632117,0.671112,0.616197,0.625671,0.610465,0.654308,0.680006,0.674332,0.663254,0.722932
3.954,0.632003,0.669025,0.615988,0.624547,0.611141,0.654256,0.679296,0.672644,0.663413,0.723074
3.9542,0.631696,0.667208,0.615569,0.62364,0.611639,0.653889,0.677169,0.671566,0.6634,0.724223
3.9544,0.631402,0.666307,0.614728,0.623841,0.612087,0.653505,0.673972,0.671546,0.66343,0.725207
3.9546,0.631203,0.666457,0.613821,0.625245,0.612885,0.652974,0.671181,0.672692,0.663649,0.725554
3.9548,0.631766,0.66709,0.61328,0.627236,0.614098,0.651887,0.670195,0.673854,0.663867,0.724884
3.955,0.633048,0.666892,0.612995,0.628529,0.615445,0.650395,0.670809,0.674649,0.663952,0.723805
3.9552,0.633733,0.665858,0.612945,0.628312,0.616316,0.648644,0.671583,0.674695,0.663855,0.723718
3.9554,0.633667,0.663935,0.612911,0.627384,0.616351,0.647768,0.671418,0.674204,0.663411,0.724404
3.9556,0.633137,0.662181,0.613241,0.626976,0.615904,0.647517,0.670593,0.673364,0.663271,0.725351
3.9558,0.633299,0.661576,0.613668,0.627114,0.615789,0.647731,0.670136,0.673168,0.664093,0.726399
3.956,0.633793,0.662009,0.613541,0.627085,0.616501,0.647524,0.670835,0.673905,0.66538,0.726665
3.9562,0.634466,0.663005,0.612875,0.626355,0.617837,0.646236,0.6723,0.675023,0.66593,0.726273
3.9564,0.634363,0.664745,0.611817,0.624857,0.619548,0.644498,0.673482,0.67557,0.665475,0.725502
3.9566,0.633848,0.666364,0.610897,0.623089,0.621186,0.643278,0.674304,0.675237,0.664486,0.724368
3.9568,0.633979,0.666793,0.610683,0.621981,0.621723,0.642767,0.674903,0.674656,0.663583,0.723773
3.957,0.634705,0.665669,0.611301,0.62171,0.621114,0.642886,0.675776,0.673556,0.664086,0.72353
3.9572,0.636041,0.663972,0.612405,0.621525,0.620305,0.642996,0.676563,0.672415,0.665268,0.723407
3.9574,0.637429,0.663162,0.613411,0.620613,0.62009,0.642866,0.677879,0.67172,0.66623,0.723604
3.9576,0.638292,0.66379,0.613778,0.618664,0.620963,0.642351,0.680572,0.671308,0.666412,0.723645
3.9578,0.638204,0.665675,0.613425,0.616275,0.622042,0.641671,0.68407,0.670413,0.665865,0.723283
3.958,0.63688,0.667613,0.612811,0.614647,0.62297,0.641195,0.686583,0.669856,0.66531,0.723039
3.9582,0.635144,0.66828,0.612351,0.614868,0.62377,0.641164,0.687792,0.669618,0.66575,0.722979
3.9584,0.634069,0.667539,0.612346,0.615961,0.624034,0.641355,0.688724,0.668495,0.667136,0.722955
3.9586,0.634733,0.666355,0.612959,0.617041,0.624197,0.641417,0.69002,0.666761,0.668531,0.723013
3.9588,0.63656,0.665529,0.613912,0.617333,0.624581,0.641636,0.691356,0.664842,0.669217,0.722839
3.959,0.638019,0.665274,0.614751,0.616392,0.62475,0.642249,0.691952,0.663807,0.669419,0.722743
3.9592,0.637843,0.665242,0.6154,0.61468,0.624539,0.642847,0.692084,0.663925,0.66915,0.722784
3.9594,0.636223,0.664895,0.615659,0.613473,0.624495,0.642837,0.691841,0.664206,0.669154,0.722711
3.9596,0.634197,0.664036,0.615458,0.613639,0.625314,0.642308,0.690798,0.664057,0.66966,0.7226
3.9598,0.633222,0.663233,0.615141,0.61526,0.626488,0.641644,0.689159,0.663315,0.670615,0.722614
3.96,0.634327,0.663122,0.615249,0.617937,0.627277,0.641165,0.688167,0.66222,0.671724,0.722642
3.9602,0.636273,0.663717,0.615951,0.619979,0.627299,0.641261,0.688851,0.66114,0.672494,0.723176
3.9604,0.637807,0.664629,0.616831,0.620265,0.62676,0.642164,0.689564,0.660481,0.672788,0.724026
3.9606,0.638573,0.665098,0.617312,0.618748,0.626315,0.643427,0.688412,0.660463,0.672874,0.725118
3.9608,0.638246,0.664275,0.617202,0.616236,0.626461,0.644307,0.686398,0.660992,0.672902,0.725899
3.961,0.637429,0.662435,0.616658,0.614585,0.62773,0.644369,0.684422,0.662464,0.673483,0.726461
3.9612,0.636946,0.66108,0.616039,0.61556,0.630493,0.643642,0.683056,0.663995,0.675253,0.726877
3.9614,0.637239,0.66124,0.615834,0.618038,0.633041,0.64252,0.681263,0.664237,0.677042,0.727484
3.9616,0.637772,0.662906,0.616123,0.620266,0.633626,0.641704,0.679109,0.663288,0.67763,0.72847
3.9618,0.638298,0.664327,0.616444,0.621257,0.632019,0.641645,0.677093,0.662476,0.676988,0.729157
3.962,0.638178,0.664664,0.616355,0.621411,0.629731,0.642692,0.676503,0.662688,0.675325,0.729702
3.9622,0.637788,0.664379,0.616042,0.621833,0.628903,0.643616,0.67683,0.663586,0.674236,0.73014
3.9624,0.636763,0.663788,0.615877,0.62255,0.630764,0.643377,0.676488,0.664576,0.674652,0.729929
3.9626,0.635885,0.663583,0.615912,0.622596,0.634101,0.641809,0.674221,0.665383,0.676419,0.729535
3.9628,0.636576,0.663987,0.616052,0.622326,0.636818,0.639766,0.670945,0.66559,0.678736,0.729081
3.963,0.638586,0.664811,0.616153,0.621869,0.637327,0.638583,0.66979,0.665055,0.67972,0.728825
3.9632,0.639338,0.665744,0.615613,0.621945,0.635671,0.639012,0.671192,0.664763,0.679094,0.729241
3.9634,0.63816,0.666525,0.614354,0.623231,0.633343,0.640336,0.672853,0.66522,0.677087,0.729707
3.9636,0.635809,0.667069,0.613026,0.625005,0.632078,0.640794,0.672415,0.665823,0.674895,0.730322
3.9638,0.633609,0.667282,0.612081,0.625727,0.63291,0.639552,0.670079,0.66619,0.6741,0.73139
3.964,0.632074,0.667434,0.611883,0.625287,0.635732,0.637395,0.66863,0.666699,0.674838,0.732497
3.9642,0.632879,0.667933,0.612212,0.624586,0.638351,0.635741,0.670258,0.667309,0.676306,0.733052
3.9644,0.634949,0.668706,0.612529,0.62448,0.63913,0.635147,0.673908,0.667796,0.677965,0.7329
3.9646,0.635445,0.669273,0.61247,0.624953,0.637589,0.635437,0.676161,0.66801,0.678971,0.731952
3.9648,0.633772,0.669324,0.611925,0.626204,0.634796,0.636432,0.675782,0.667741,0.678536,0.730757
3.965,0.631224,0.668914,0.611178,0.627741,0.632309,0.636991,0.675258,0.667167,0.677122,0.730142
3.9652,0.629108,0.668379,0.610673,0.628706,0.631242,0.636631,0.675697,0.667043,0.675549,0.730152
3.9654,0.62887,0.668292,0.610597,0.628516,0.631549,0.635869,0.677328,0.667335,0.6745,0.730493
3.9656,0.630219,0.668897,0.610899,0.628138,0.632574,0.635444,0.678773,0.6677,0.674557,0.730899
3.9658,0.632124,0.669877,0.611291,0.628026,0.632693,0.635777,0.678855,0.668518,0.675432,0.731337
3.966,0.632859,0.670638,0.611451,0.628566,0.631443,0.636858,0.67846,0.670013,0.676136,0.731626
3.9662,0.631839,0.670873,0.611303,0.629074,0.629352,0.638269,0.678381,0.671378,0.675927,0.731325
3.9664,0.630323,0.670671,0.610963,0.629419,0.627185,0.639474,0.678926,0.672256,0.674607,0.73041
3.9666,0.629466,0.670222,0.610721,0.629585,0.625508,0.640013,0.680497,0.672733,0.672738,0.729199
3.9668,0.629543,0.669854,0.610885,0.630122,0.624639,0.639994,0.682875,0.672348,0.671788,0.728793
3.967,0.629928,0.669838,0.611407,0.630475,0.625222,0.640378,0.685236,0.671535,0.672067,0.729222
3.9672,0.630168,0.670276,0.611947,0.630365,0.626326,0.641243,0.686633,0.671152,0.672972,0.729925
3.9674,0.630152,0.670615,0.612215,0.629612,0.626513,0.64209,0.686647,0.671492,0.673486,0.73012
3.9676,0.630292,0.670511,0.61251,0.628609,0.625555,0.6424,0.685762,0.672234,0.672683,0.729703
3.9678,0.630532,0.669631,0.613045,0.628527,0.623993,0.642433,0.684781,0.67291,0.670804,0.728681
3.968,0.6305,0.668444,0.613933,0.629601,0.622419,0.642896,0.684552,0.673438,0.669457,0.728328
3.9682,0.630648,0.667357,0.614714,0.631182,0.621648,0.643718,0.684806,0.673464,0.668981,0.728633
3.9684,0.630862,0.667038,0.615195,0.631886,0.621625,0.644942,0.684339,0.673263,0.669537,0.729074
3.9686,0.630936,0.667146,0.61505,0.631289,0.622016,0.646034,0.682796,0.673064,0.670128,0.729063
3.9688,0.630651,0.667581,0.614403,0.62998,0.622508,0.64714,0.682222,0.673954,0.670637,0.728504
3.969,0.630205,0.66746,0.613566,0.628934,0.62262,0.647768,0.682046,0.675947,0.670848,0.727927
3.9692,0.630237,0.666114,0.613524,0.62933,0.622485,0.647768,0.681965,0.677197,0.670212,0.727606
3.9694,0.631079,0.664094,0.614416,0.630833,0.622707,0.647969,0.681079,0.676452,0.66898,0.727591
3.9696,0.632076,0.662506,0.616019,0.63188,0.622914,0.648342,0.678378,0.674664,0.668357,0.728105
3.9698,0.632542,0.661642,0.617204,0.631445,0.622283,0.649292,0.675676,0.6732,0.668195,0.728712
3.97,0.632304,0.661596,0.617198,0.630187,0.621121,0.650224,0.674449,0.6731,0.668077,0.729241
3.9702,0.631349,0.66204,0.616299,0.629257,0.620113,0.65067,0.673566,0.674121,0.667852,0.728993
3.9704,0.630113,0.662311,0.615214,0.629019,0.619912,0.650626,0.671842,0.675121,0.667184,0.728575
3.9706,0.62966,0.662142,0.615058,0.6294,0.620967,0.650244,0.669434,0.675615,0.666252,0.727939
3.9708,0.630423,0.661319,0.615894,0.629772,0.622782,0.649774,0.667056,0.675754,0.665463,0.727274
3.971,0.631569,0.660278,0.617559,0.629553,0.623754,0.650277,0.665683,0.675883,0.665172,0.726731
3.9712,0.632411,0.659565,0.618794,0.62874,0.622997,0.651515,0.665765,0.675665,0.665478,0.726567
3.9714,0.632763,0.659359,0.619125,0.627706,0.621098,0.65297,0.665976,0.67529,0.666105,0.726386
3.9716,0.632141,0.659632,0.618674,0.626824,0.619363,0.653968,0.664922,0.674718,0.666678,0.726177
3.9718,0.631329,0.660089,0.617632,0.626281,0.618409,0.653477,0.662819,0.674478,0.66669,0.725823
3.972,0.631472,0.660323,0.616583,0.626011,0.618939,0.652253,0.661297,0.674404,0.665886,0.725402
3.9722,0.632467,0.660135,0.616331,0.625633,0.620683,0.651307,0.661507,0.674282,0.664974,0.725028
3.9724,0.632965,0.659769,0.616935,0.625174,0.62204,0.650824,0.663299,0.673863,0.665067,0.724786
3.9726,0.632767,0.659846,0.617838,0.624789,0.622072,0.651427,0.665502,0.673514,0.666216,0.725009
3.9728,0.632229,0.660308,0.61838,0.624804,0.621079,0.653074,0.666286,0.672902,0.667496,0.725618
3.973,0.631787,0.660657,0.618477,0.625483,0.619612,0.654305,0.665441,0.671949,0.667544,0.725882
3.9732,0.631609,0.660587,0.618469,0.625807,0.618485,0.653843,0.665101,0.671737,0.666463,0.725597
3.9734,0.63167,0.660141,0.618805,0.625096,0.618725,0.651912,0.665939,0.672366,0.665503,0.724584
3.9736,0.632135,0.659631,0.619425,0.623337,0.620684,0.649735,0.667459,0.673033,0.665423,0.723089
3.9738,0.632806,0.65957,0.620275,0.621428,0.623369,0.648143,0.669208,0.673184,0.66646,0.721887
3.974,0.633192,0.660168,0.62103,0.620424,0.624956,0.647574,0.67092,0.672574,0.667987,0.721328
3.9742,0.633495,0.661631,0.622177,0.621089,0.62496,0.648017,0.671631,0.671238,0.669086,0.721526
3.9744,0.633187,0.663472,0.623755,0.623249,0.6236,0.648801,0.671394,0.670853,0.668986,0.722208
3.9746,0.632729,0.664938,0.624554,0.625317,0.621974,0.649243,0.670469,0.671972,0.668002,0.722732
3.9748,0.63205,0.665445,0.624471,0.625542,0.621791,0.649142,0.670192,0.673185,0.667015,0.722836
3.975,0.631485,0.665196,0.623753,0.623867,0.623304,0.648786,0.671902,0.673384,0.666675,0.722322
3.9752,0.63177,0.664597,0.622748,0.621186,0.625202,0.648274,0.674272,0.67291,0.666955,0.721139
3.9754,0.632609,0.664619,0.621913,0.618795,0.626335,0.648028,0.675562,0.672284,0.667532,0.719579
3.9756,0.633878,0.665601,0.621969,0.618085,0.626478,0.64841,0.677173,0.671559,0.667941,0.718052
3.9758,0.634752,0.666948,0.622865,0.618942,0.626168,0.64904,0.677946,0.671177,0.667743,0.717323
3.976,0.634562,0.668281,0.623297,0.620166,0.626201,0.649048,0.676945,0.671841,0.666969,0.717288
3.9762,0.633504,0.669301,0.622275,0.620557,0.627312,0.648125,0.676918,0.672586,0.666013,0.717037
3.9764,0.632065,0.670098,0.620121,0.619916,0.629084,0.646905,0.678588,0.672436,0.665468,0.716634
3.9766,0.631415,0.670434,0.617921,0.61916,0.630605,0.646253,0.68006,0.672014,0.666079,0.715774
3.9768,0.632161,0.671004,0.617047,0.618557,0.631126,0.64635,0.681422,0.672114,0.667082,0.714527
3.977,0.634204,0.671724,0.617621,0.618368,0.630867,0.646945,0.682543,0.673179,0.668015,0.713424
3.9772,0.635597,0.671921,0.618942,0.618837,0.630644,0.647563,0.683431,0.674174,0.668774,0.713038
3.9774,0.635567,0.671279,0.619724,0.619446,0.630877,0.647809,0.684783,0.673994,0.668852,0.714017
3.9776,0.634368,0.670055,0.619768,0.619809,0.631644,0.647531,0.685791,0.673027,0.668176,0.714944
3.9778,0.632593,0.668995,0.62005,0.620161,0.632262,0.646994,0.686285,0.672308,0.667562,0.714522
3.978,0.631819,0.668746,0.620482,0.6201,0.632173,0.646774,0.687159,0.672245,0.667304,0.712552
3.9782,0.633111,0.668923,0.620478,0.619824,0.631869,0.646879,0.687777,0.672903,0.667464,0.709899
3.9784,0.635389,0.669118,0.619896,0.619864,0.631715,0.647088,0.68961,0.673392,0.667765,0.70803
3.9786,0.636797,0.669444,0.619133,0.620238,0.632578,0.646966,0.692579,0.673005,0.667874,0.707586
3.9788,0.636748,0.671108,0.618449,0.620764,0.633791,0.646045,0.694713,0.67201,0.668081,0.708223
3.979,0.63572,0.67377,0.617913,0.621748,0.63428,0.644632,0.693971,0.671155,0.668561,0.708805
3.9792,0.634827,0.675955,0.617647,0.623178,0.633591,0.643465,0.691849,0.671083,0.669364,0.708898
3.9794,0.634574,0.676582,0.617589,0.624357,0.632349,0.643467,0.690775,0.671948,0.670377,0.708433
3.9796,0.635296,0.675797,0.617587,0.624179,0.631068,0.644391,0.692789,0.673551,0.67122,0.707854
3.9798,0.636318,0.674701,0.61762,0.622799,0.630108,0.64521,0.698222,0.674932,0.671667,0.707648
3.98,0.636492,0.674477,0.617622,0.621064,0.629788,0.644566,0.703764,0.675318,0.671709,0.70795
3.9802,0.635805,0.675724,0.617449,0.620672,0.629652,0.642805,0.704328,0.67469,0.671794,0.708567
3.9804,0.634959,0.677674,0.617103,0.622013,0.629381,0.64099,0.701377,0.674132,0.671765,0.709013
3.9806,0.634699,0.679149,0.616688,0.624526,0.628285,0.639855,0.699211,0.674028,0.671965,0.709243
3.9808,0.63436,0.680019,0.616479,0.626173,0.627061,0.639597,0.698988,0.674831,0.672715,0.709651
3.981,0.632932,0.680495,0.616733,0.625979,0.626378,0.639648,0.701779,0.675895,0.673269,0.71028
3.9812,0.631056,0.68041,0.617613,0.624744,0.626116,0.639306,0.705182,0.676459,0.673062,0.710754
3.9814,0.629729,0.679919,0.618553,0.623416,0.625867,0.63842,0.705759,0.676574,0.672466,0.710937
3.9816,0.629204,0.679279,0.619271,0.622688,0.62544,0.63724,0.704372,0.676574,0.671868,0.710716
3.9818,0.629413,0.678716,0.619198,0.622751,0.624927,0.636457,0.703222,0.676572,0.671481,0.710529
3.982,0.629674,0.67857,0.618741,0.623919,0.624193,0.636333,0.703209,0.677318,0.671569,0.710654
3.9822,0.629255,0.679019,0.61825,0.625496,0.623295,0.636693,0.704065,0.678011,0.672151,0.711303
3.9824,0.628142,0.67975,0.618373,0.62604,0.622495,0.637137,0.704774,0.678268,0.67282,0.712453
3.9826,0.626854,0.68017,0.618855,0.625573,0.622075,0.637341,0.704703,0.678239,0.673557,0.713602
3.9828,0.626063,0.680012,0.619282,0.624731,0.622031,0.637244,0.703883,0.678608,0.673755,0.714238
3.983,0.62611,0.679485,0.619268,0.624139,0.622154,0.637025,0.70309,0.678975,0.672844,0.714176
3.9832,0.626753,0.678872,0.618654,0.623744,0.622193,0.636995,0.702967,0.678929,0.671397,0.713405
3.9834,0.627381,0.678451,0.618012,0.623405,0.621781,0.637189,0.703619,0.678979,0.670226,0.712499
3.9836,0.627444,0.678475,0.617501,0.623274,0.621133,0.637661,0.704449,0.679263,0.669989,0.712288
3.9838,0.626646,0.678806,0.617384,0.623194,0.620692,0.638516,0.704715,0.679417,0.670708,0.712964
3.984,0.625358,0.678777,0.617719,0.623143,0.620423,0.639689,0.705039,0.679309,0.671193,0.713854
3.9842,0.62491,0.677888,0.618301,0.622959,0.619953,0.64032,0.705349,0.67886,0.671032,0.714098
3.9844,0.625816,0.676162,0.618485,0.623113,0.61925,0.640172,0.705214,0.67856,0.670025,0.71327
3.9846,0.627194,0.674252,0.61816,0.623123,0.618576,0.63949,0.704864,0.678166,0.668754,0.711738
3.9848,0.627846,0.672829,0.617248,0.623214,0.6182,0.638864,0.703944,0.677476,0.667719,0.710674
3.985,0.627282,0.672156,0.616657,0.623587,0.618066,0.63883,0.702823,0.676713,0.667828,0.710236
3.9852,0.626082,0.671826,0.61714,0.623067,0.617984,0.639526,0.702851,0.675834,0.669065,0.710587
3.9854,0.625333,0.671312,0.618388,0.621098,0.617872,0.640664,0.703887,0.675826,0.670189,0.710824
3.9856,0.625702,0.670472,0.619447,0.618714,0.617746,0.641759,0.704908,0.676945,0.670571,0.710412
3.9858,0.626889,0.669474,0.619998,0.616686,0.617591,0.642467,0.706882,0.678291,0.669691,0.709382
3.986,0.628089,0.668191,0.620066,0.615661,0.617396,0.642686,0.70775,0.678529,0.668617,0.707894
3.9862,0.628626,0.667028,0.619698,0.615317,0.617159,0.642603,0.705669,0.677565,0.667962,0.706702
3.9864,0.628256,0.66647,0.619554,0.615531,0.616908,0.64252,0.703949,0.675712,0.667649,0.70598
3.9866,0.627314,0.666066,0.619776,0.615436,0.616696,0.642864,0.704624,0.674724,0.667447,0.705573
3.9868,0.626688,0.665458,0.620391,0.615042,0.616569,0.643711,0.708625,0.675523,0.667359,0.705308
3.987,0.626725,0.664548,0.621052,0.614547,0.616471,0.644429,0.712339,0.677526,0.6672,0.704718
3.9872,0.627343,0.663514,0.621088,0.613956,0.616284,0.644762,0.712044,0.678635,0.667163,0.703984
3.9874,0.627888,0.662614,0.620989,0.613259,0.615864,0.644377,0.709788,0.678284,0.667171,0.703367
3.9876,0.627682,0.662126,0.621475,0.612794,0.615545,0.643705,0.708509,0.677406,0.667006,0.702984
3.9878,0.626733,0.662157,0.622075,0.612895,0.615004,0.643225,0.710292,0.677051,0.667124,0.70303
3.988,0.625588,0.662531,0.622193,0.613444,0.61411,0.643378,0.713126,0.677274,0.667409,0.703363
3.9882,0.624975,0.662987,0.621923,0.613998,0.612984,0.643655,0.714523,0.678187,0.66744,0.703762
3.9884,0.62479,0.663338,0.62175,0.614288,0.612214,0.643554,0.714801,0.678775,0.667166,0.704155
3.9886,0.624962,0.663467,0.621854,0.614225,0.612009,0.643074,0.714153,0.679088,0.66673,0.704377
3.9888,0.625146,0.663521,0.622068,0.613841,0.612343,0.642045,0.713495,0.679264,0.666357,0.704377
3.989,0.624971,0.663549,0.622252,0.613497,0.612473,0.640776,0.714746,0.679572,0.66616,0.704497
3.9892,0.624524,0.663811,0.62235,0.613657,0.612024,0.6398,0.717506,0.679458,0.666355,0.704947
3.9894,0.623514,0.665245,0.622458,0.614559,0.611289,0.639676,0.720035,0.678998,0.667019,0.705422
3.9896,0.622377,0.667267,0.622599,0.615796,0.610626,0.640394,0.721427,0.678396,0.667758,0.705502
3.9898,0.621551,0.668601,0.622735,0.616558,0.610154,0.641076,0.721432,0.677668,0.667908,0.705032
3.99,0.62107,0.668312,0.622778,0.616626,0.610126,0.640943,0.719768,0.67752,0.667305,0.704277
3.9902,0.620821,0.666631,0.622298,0.616895,0.610637,0.639988,0.71769,0.678627,0.666298,0.704233
3.9904,0.621303,0.665276,0.621695,0.617485,0.611318,0.638912,0.71635,0.680449,0.665553,0.70481
3.9906,0.622895,0.665947,0.621496,0.618264,0.611813,0.638364,0.715847,0.681599,0.665625,0.705592
3.9908,0.624033,0.668456,0.621671,0.618903,0.612043,0.638551,0.715968,0.681404,0.666545,0.706082
3.991,0.624062,0.670633,0.622432,0.619131,0.612111,0.639258,0.715518,0.680334,0.667683,0.706032
3.9912,0.623951,0.670829,0.623445,0.61912,0.612442,0.640019,0.71422,0.679307,0.66827,0.705768
3.9914,0.624122,0.669247,0.624044,0.620062,0.613435,0.640405,0.711755,0.679477,0.668125,0.705995
3.9916,0.624142,0.667449,0.62391,0.621478,0.614615,0.640321,0.707983,0.68096,0.667352,0.706844
3.9918,0.624717,0.667279,0.622956,0.622445,0.615794,0.639969,0.704226,0.682549,0.666384,0.70798
3.992,0.625843,0.668813,0.621702,0.622683,0.616828,0.639727,0.701784,0.682844,0.665651,0.708685
3.9922,0.626315,0.671013,0.621004,0.622547,0.617781,0.640035,0.701206,0.681799,0.665536,0.708437
3.9924,0.626102,0.673443,0.621181,0.622151,0.618553,0.64056,0.70136,0.680467,0.665934,0.707716
3.9926,0.626918,0.675241,0.621903,0.621677,0.619024,0.640792,0.702903,0.680019,0.665967,0.707052
3.9928,0.628393,0.675891,0.622824,0.621173,0.619325,0.640572,0.703225,0.680443,0.666429,0.706865
3.993,0.629487,0.675347,0.62339,0.620875,0.619814,0.640103,0.700505,0.680807,0.66672,0.707427
3.9932,0.629289,0.674071,0.623083,0.620925,0.62031,0.639773,0.697547,0.680282,0.66614,0.708647
3.9934,0.627759,0.672942,0.621984,0.621036,0.620731,0.63972,0.696344,0.679359,0.665735,0.710035
3.9936,0.625893,0.672917,0.621027,0.620977,0.621491,0.639937,0.696296,0.678904,0.664859,0.71101
3.9938,0.625194,0.674292,0.62105,0.620769,0.622715,0.640327,0.69597,0.67975,0.663441,0.711359
3.994,0.62665,0.67617,0.621692,0.620617,0.623778,0.640692,0.694801,0.68068,0.662114,0.711264
3.9942,0.62906,0.677537,0.622536,0.620638,0.624243,0.640995,0.693275,0.681072,0.661117,0.711154
3.9944,0.630549,0.678289,0.623286,0.62052,0.624843,0.641121,0.692277,0.680848,0.661667,0.711062
3.9946,0.630229,0.679208,0.623271,0.620027,0.625341,0.64096,0.692347,0.679746,0.662916,0.710586
3.9948,0.629115,0.68003,0.622543,0.619025,0.625281,0.640669,0.693168,0.678211,0.663675,0.710318
3.995,0.627922,0.680634,0.621469,0.618125,0.624613,0.640356,0.693994,0.677616,0.663573,0.710077
3.9952,0.627436,0.681098,0.620673,0.618098,0.623764,0.640272,0.694493,0.678286,0.662928,0.710055
3.9954,0.628292,0.681451,0.620713,0.618434,0.623348,0.640298,0.695024,0.679638,0.66228,0.711412
3.9956,0.629773,0.681396,0.621269,0.619061,0.623367,0.640131,0.695237,0.680224,0.662067,0.713763
3.9958,0.630795,0.681628,0.621862,0.619695,0.623906,0.6396,0.694738,0.680072,0.662873,0.714907
3.996,0.630837,0.682709,0.622002,0.62029,0.625552,0.638643,0.694432,0.680186,0.664715,0.714144
3.9962,0.63092,0.684529,0.621699,0.620332,0.626764,0.637323,0.695672,0.681161,0.666591,0.711422
3.9964,0.631467,0.686517,0.621433,0.620162,0.626958,0.636558,0.698506,0.682091,0.667391,0.708569
3.9966,0.632004,0.68758,0.62155,0.619754,0.626183,0.636725,0.701748,0.681884,0.666625,0.707342
3.9968,0.632506,0.687729,0.622004,0.619898,0.624515,0.637408,0.702984,0.681019,0.665038,0.707926
3.997,0.633277,0.687748,0.622418,0.620782,0.622793,0.637547,0.702613,0.68037,0.663426,0.70948
3.9972,0.633598,0.688146,0.622407,0.621275,0.621756,0.63664,0.701857,0.679852,0.663262,0.71057
3.9974,0.633184,0.688771,0.621804,0.621549,0.621734,0.635019,0.702958,0.679473,0.665078,0.70971
3.9976,0.633211,0.689612,0.621011,0.621628,0.622503,0.633308,0.705467,0.678582,0.667363,0.707225
3.9978,0.634634,0.69008,0.620415,0.621078,0.623321,0.632253,0.70752,0.677015,0.668437,0.704432
3.998,0.636129,0.68998,0.620216,0.619534,0.623688,0.632107,0.710007,0.675204,0.668165,0.702652
3.9982,0.636271,0.689617,0.620272,0.617517,0.623871,0.632469,0.711495,0.673682,0.666874,0.702555
3.9984,0.634741,0.689108,0.620336,0.616286,0.62423,0.633146,0.711244,0.672597,0.666106,0.703587
3.9986,0.6327,0.688732,0.620366,0.616217,0.624618,0.633613,0.710257,0.671845,0.667171,0.704733
3.9988,0.631701,0.689053,0.620473,0.617067,0.624811,0.633513,0.709726,0.671248,0.669401,0.705093
3.999,0.63217,0.69062,0.62062,0.618167,0.624892,0.632994,0.710032,0.670906,0.671478,0.704518
3.9992,0.633407,0.692544,0.620674,0.618841,0.624647,0.632551,0.712143,0.670817,0.672241,0.703543
3.9994,0.634259,0.694141,0.620609,0.618654,0.624111,0.632663,0.713815,0.670804,0.670429,0.702954
3.9996,0.633437,0.694858,0.620433,0.617804,0.623955,0.633439,0.712948,0.670824,0.667681,0.703297
3.9998,0.631546,0.694308,0.62013,0.617074,0.624021,0.634566,0.709937,0.670856,0.666617,0.704266
4,0.629982,0.692951,0.61985,0.616987,0.623979,0.635454,0.707659,0.670753,0.668232,0.705137
