TIME,I_pu39,I_pu31,I_pu38,I_pu37,I_pu36,I_pu35,I_pu30,I_pu34,I_pu33,I_pu
2.9,0.633898,0.650507,0.614954,0.623027,0.624072,0.647829,0.69696,0.682619,0.65683,0.671309
2.9002,0.633445,0.649935,0.614316,0.62221,0.624877,0.647733,0.696704,0.682479,0.656553,0.671294
2.9004,0.634248,0.649679,0.613322,0.621631,0.626147,0.646759,0.696457,0.682576,0.656103,0.671668
2.9006,0.635519,0.649879,0.61239,0.621646,0.627094,0.645008,0.696051,0.68289,0.655789,0.67196
2.9008,0.636519,0.650087,0.612047,0.622816,0.627451,0.643284,0.696443,0.682995,0.655958,0.671717
2.901,0.636743,0.649849,0.612265,0.624293,0.627271,0.642234,0.697055,0.682895,0.65651,0.670775
2.9012,0.636172,0.648934,0.612756,0.625002,0.626722,0.641933,0.696448,0.682403,0.656942,0.669504
2.9014,0.635115,0.647441,0.613072,0.624639,0.626178,0.641999,0.69592,0.681689,0.657474,0.66854
2.9016,0.634415,0.646289,0.612985,0.623393,0.626286,0.641962,0.696055,0.681522,0.657838,0.66826
2.9018,0.634186,0.645729,0.612608,0.622689,0.626856,0.641554,0.696252,0.681972,0.657597,0.66864
2.902,0.635163,0.645804,0.61226,0.623396,0.628094,0.640901,0.695795,0.682517,0.657383,0.669326
2.9022,0.63659,0.646053,0.612194,0.624865,0.629383,0.640395,0.694847,0.683344,0.657411,0.669793
2.9024,0.638019,0.645705,0.612456,0.626192,0.629895,0.640347,0.693786,0.684024,0.658161,0.669899
2.9026,0.638933,0.644727,0.612963,0.626156,0.629578,0.640794,0.69347,0.683661,0.65948,0.669789
2.9028,0.63861,0.643514,0.613313,0.625268,0.628675,0.641583,0.694488,0.682516,0.660463,0.669718
2.903,0.63754,0.642313,0.613726,0.624315,0.628014,0.641964,0.695789,0.681636,0.660591,0.669773
2.9032,0.63646,0.641012,0.614442,0.6238,0.628113,0.641827,0.695749,0.681669,0.660511,0.670087
2.9034,0.636476,0.639822,0.615252,0.623716,0.628704,0.641788,0.695605,0.682336,0.660521,0.670765
2.9036,0.637342,0.639091,0.615761,0.623953,0.628999,0.642033,0.695475,0.68244,0.660519,0.671661
2.9038,0.638565,0.639007,0.615845,0.624377,0.628451,0.642297,0.694882,0.681585,0.660847,0.672213
2.904,0.6391,0.639141,0.615568,0.624645,0.627999,0.642414,0.694741,0.68051,0.661111,0.672072
2.9042,0.638226,0.638925,0.615284,0.624687,0.627926,0.642255,0.695084,0.680287,0.661673,0.671808
2.9044,0.637167,0.638271,0.615566,0.624523,0.628451,0.641898,0.694915,0.680768,0.66278,0.672157
2.9046,0.636882,0.637526,0.616616,0.624277,0.62964,0.64169,0.695024,0.681194,0.663802,0.672929
2.9048,0.637667,0.637185,0.617855,0.624332,0.6306,0.641975,0.695459,0.680894,0.664902,0.673904
2.905,0.638898,0.637322,0.618628,0.624612,0.630638,0.642716,0.695307,0.680117,0.666058,0.674714
2.9052,0.639647,0.637903,0.618614,0.625321,0.630429,0.643613,0.695223,0.679108,0.667013,0.675137
2.9054,0.639275,0.638632,0.617776,0.625749,0.630438,0.644325,0.694405,0.678488,0.667763,0.675364
2.9056,0.638868,0.639135,0.616871,0.625523,0.630495,0.644522,0.693516,0.678908,0.668136,0.675782
2.9058,0.638996,0.639114,0.616984,0.624796,0.630532,0.644131,0.693665,0.679812,0.667773,0.676281
2.906,0.639468,0.638692,0.618463,0.624289,0.630433,0.64378,0.693778,0.680611,0.666783,0.676837
2.9062,0.640475,0.638687,0.620348,0.625096,0.63014,0.644029,0.693755,0.6807,0.665576,0.676998
2.9064,0.641062,0.639615,0.621208,0.626659,0.629704,0.644513,0.692821,0.679677,0.664543,0.676761
2.9066,0.640543,0.640915,0.620426,0.627812,0.629975,0.644548,0.690923,0.678541,0.664389,0.676642
2.9068,0.639432,0.641772,0.618591,0.6277,0.631163,0.643966,0.689774,0.678799,0.664596,0.676763
2.907,0.638514,0.641729,0.616802,0.626428,0.632794,0.642769,0.69072,0.680548,0.665893,0.676758
2.9072,0.638019,0.641146,0.616445,0.625206,0.633819,0.641408,0.69201,0.682457,0.667484,0.676582
2.9074,0.638104,0.640831,0.617656,0.625585,0.633588,0.640582,0.691998,0.683383,0.667585,0.675803
2.9076,0.638607,0.64151,0.620043,0.627143,0.632426,0.640658,0.691715,0.683243,0.666198,0.674596
2.9078,0.639109,0.643305,0.622519,0.628611,0.631281,0.641585,0.691301,0.682826,0.664101,0.673232
2.908,0.639254,0.645925,0.623138,0.628738,0.631355,0.642001,0.691745,0.682543,0.66261,0.672336
2.9082,0.639,0.648195,0.621413,0.627661,0.632612,0.641151,0.693299,0.682783,0.663907,0.6718
2.9084,0.638817,0.649091,0.618608,0.626634,0.634578,0.639294,0.694863,0.683595,0.666602,0.671635
2.9086,0.639573,0.648733,0.616427,0.626088,0.636132,0.637243,0.695414,0.684402,0.668002,0.672532
2.9088,0.640869,0.647957,0.615873,0.625844,0.636318,0.636029,0.695762,0.684968,0.668206,0.67372
2.909,0.641506,0.648075,0.616894,0.626045,0.635419,0.635905,0.696733,0.68442,0.667407,0.673861
2.9092,0.640626,0.649661,0.61842,0.626643,0.63413,0.636298,0.697113,0.683263,0.665841,0.672581
2.9094,0.638504,0.651826,0.619182,0.627138,0.63334,0.636507,0.696736,0.682498,0.665002,0.670935
2.9096,0.636059,0.653146,0.618766,0.627138,0.633435,0.636121,0.696512,0.682727,0.666324,0.669842
2.9098,0.634504,0.653143,0.617798,0.626712,0.634901,0.635216,0.696273,0.683287,0.668541,0.669961
2.91,0.634392,0.652627,0.617046,0.626173,0.636797,0.634114,0.696173,0.683559,0.670156,0.671539
2.9102,0.635395,0.652495,0.61697,0.62583,0.638207,0.633323,0.695954,0.68382,0.670105,0.673696
2.9104,0.636175,0.653008,0.617588,0.625917,0.638606,0.633189,0.696849,0.684247,0.668534,0.674854
2.9106,0.635421,0.654034,0.618405,0.626236,0.63755,0.633672,0.698162,0.683999,0.666863,0.67482
2.9108,0.63322,0.655453,0.618751,0.626374,0.635484,0.634442,0.698681,0.68337,0.666147,0.674424
2.911,0.630663,0.65676,0.618446,0.625827,0.63432,0.635171,0.699323,0.683772,0.666553,0.674194
2.9112,0.628862,0.657677,0.618759,0.625053,0.635048,0.635345,0.700079,0.685852,0.667775,0.674309
2.9114,0.629179,0.658586,0.619887,0.624758,0.636891,0.634815,0.700363,0.687557,0.668817,0.674734
2.9116,0.631946,0.659537,0.620858,0.625043,0.638378,0.634334,0.699973,0.687356,0.669063,0.674896
2.9118,0.634468,0.660022,0.620789,0.625523,0.638678,0.634585,0.698999,0.68547,0.668835,0.674662
2.912,0.633858,0.660125,0.619643,0.625745,0.637795,0.63522,0.698386,0.682932,0.668495,0.674102
2.9122,0.630039,0.659955,0.618213,0.624984,0.636606,0.635603,0.698341,0.68135,0.668327,0.673427
2.9124,0.625954,0.659679,0.617482,0.623612,0.636454,0.635389,0.698398,0.681432,0.668185,0.673068
2.9126,0.623977,0.660078,0.618186,0.622355,0.63711,0.634699,0.698521,0.683129,0.667762,0.672704
2.9128,0.624832,0.661205,0.619795,0.622425,0.63786,0.634057,0.698138,0.684563,0.667082,0.671804
2.913,0.627743,0.662861,0.621527,0.623256,0.638053,0.634053,0.698003,0.684638,0.666661,0.670696
2.9132,0.63005,0.663976,0.622284,0.623838,0.63759,0.634794,0.698685,0.683538,0.666917,0.669751
2.9134,0.630034,0.66435,0.621529,0.623165,0.636973,0.635923,0.698499,0.682308,0.667569,0.669364
2.9136,0.628768,0.663965,0.619823,0.621604,0.636542,0.636922,0.698532,0.681438,0.668016,0.669475
2.9138,0.62728,0.66296,0.618638,0.61995,0.636431,0.637324,0.699405,0.681307,0.667869,0.669717
2.914,0.626803,0.662414,0.618734,0.619238,0.636651,0.637102,0.699361,0.681854,0.667094,0.669274
2.9142,0.627399,0.662663,0.619815,0.619363,0.636895,0.636625,0.698233,0.682065,0.666485,0.667777
2.9144,0.628061,0.663472,0.621004,0.619731,0.636779,0.63633,0.697762,0.681636,0.666628,0.665653
2.9146,0.628719,0.664223,0.621354,0.619659,0.636681,0.636617,0.697451,0.681125,0.667612,0.664077
2.9148,0.629252,0.664049,0.620885,0.618959,0.636966,0.636892,0.696349,0.68097,0.668675,0.663391
2.915,0.629553,0.662922,0.620053,0.618482,0.637396,0.637039,0.69557,0.680687,0.668985,0.663392
2.9152,0.629058,0.661381,0.619427,0.618784,0.637676,0.636546,0.694842,0.680166,0.668296,0.663664
2.9154,0.628118,0.660125,0.619686,0.619269,0.637525,0.63544,0.693875,0.67961,0.667411,0.663775
2.9156,0.627318,0.659689,0.620375,0.619552,0.63719,0.634643,0.694137,0.678952,0.667008,0.663449
2.9158,0.626674,0.660375,0.621282,0.619189,0.636563,0.634386,0.695201,0.678334,0.667736,0.662664
2.916,0.626671,0.661361,0.622029,0.61849,0.636512,0.634184,0.695771,0.677984,0.668762,0.661805
2.9162,0.627036,0.662054,0.621787,0.618255,0.637035,0.633494,0.695082,0.677938,0.66947,0.661422
2.9164,0.627863,0.661815,0.620567,0.618473,0.637771,0.632503,0.693842,0.678061,0.669239,0.661727
2.9166,0.628584,0.660949,0.619306,0.618857,0.637936,0.631291,0.693512,0.678157,0.668122,0.662565
2.9168,0.62916,0.660213,0.618534,0.619161,0.637558,0.630343,0.693605,0.677953,0.667034,0.663429
2.917,0.629565,0.659946,0.618453,0.618809,0.636435,0.630166,0.694009,0.677439,0.666548,0.663922
2.9172,0.629518,0.659798,0.619168,0.617876,0.634995,0.630761,0.694861,0.677351,0.667082,0.664126
2.9174,0.628835,0.659421,0.62014,0.616888,0.6349,0.631483,0.695003,0.677586,0.667916,0.664314
2.9176,0.628271,0.659017,0.620837,0.616291,0.636589,0.631078,0.694572,0.67774,0.668574,0.66423
2.9178,0.628332,0.658352,0.620834,0.616289,0.638593,0.629424,0.694331,0.677484,0.668844,0.663815
2.918,0.62895,0.657378,0.62041,0.616769,0.639544,0.627617,0.693562,0.676633,0.668531,0.663292
2.9182,0.629761,0.656457,0.620559,0.617167,0.638594,0.626746,0.693368,0.675792,0.667979,0.663004
2.9184,0.630103,0.655829,0.621017,0.616909,0.63639,0.627156,0.693849,0.675263,0.667394,0.663247
2.9186,0.629655,0.655528,0.621288,0.616091,0.634855,0.628314,0.694963,0.674956,0.667485,0.664055
2.9188,0.628771,0.655782,0.621646,0.615242,0.635287,0.629247,0.695855,0.67533,0.668108,0.665054
2.919,0.628335,0.656297,0.622087,0.614967,0.637319,0.629326,0.695807,0.675781,0.669419,0.665735
2.9192,0.628772,0.656449,0.622194,0.615308,0.639058,0.628735,0.69578,0.676004,0.67057,0.665906
2.9194,0.629911,0.655717,0.621938,0.615777,0.639619,0.628333,0.69732,0.675485,0.670801,0.665693
2.9196,0.631131,0.654098,0.621701,0.615769,0.638672,0.628551,0.698726,0.674652,0.670282,0.665433
2.9198,0.631537,0.652339,0.621777,0.615171,0.637339,0.62929,0.697604,0.674032,0.669186,0.665358
2.92,0.630885,0.651566,0.622074,0.614167,0.636324,0.630327,0.694476,0.673901,0.668112,0.665794
2.9202,0.630114,0.65231,0.622439,0.613388,0.636499,0.631024,0.691978,0.67398,0.668144,0.666697
2.9204,0.62996,0.654205,0.622403,0.613006,0.637617,0.630991,0.692174,0.674238,0.66908,0.6673
2.9206,0.630568,0.655793,0.622349,0.612527,0.638295,0.630504,0.693067,0.674481,0.670428,0.667042
2.9208,0.631835,0.656464,0.622583,0.611909,0.637891,0.630135,0.692727,0.674526,0.671321,0.665735
2.921,0.632952,0.656045,0.622971,0.611226,0.63708,0.630333,0.692176,0.674576,0.671616,0.664504
2.9212,0.63332,0.655041,0.623887,0.610804,0.636095,0.631088,0.692844,0.675053,0.67169,0.663884
2.9214,0.632815,0.654329,0.62482,0.610174,0.635184,0.632098,0.693271,0.676053,0.671675,0.664366
2.9216,0.632294,0.654978,0.62537,0.609533,0.634652,0.633068,0.693699,0.677217,0.671444,0.665531
2.9218,0.633036,0.656831,0.625224,0.608411,0.634886,0.633834,0.69431,0.678024,0.671149,0.666517
2.922,0.634502,0.658479,0.624747,0.607612,0.635353,0.634366,0.694292,0.678411,0.670538,0.666355
2.9222,0.636025,0.658774,0.624944,0.60746,0.635288,0.634778,0.69431,0.67921,0.669784,0.666215
2.9224,0.63713,0.657539,0.625696,0.607267,0.634912,0.635226,0.694943,0.679827,0.669102,0.666879
2.9226,0.637726,0.655834,0.626584,0.607013,0.634532,0.635813,0.694922,0.679998,0.668314,0.667308
2.9228,0.637586,0.655109,0.627055,0.606832,0.634129,0.636351,0.695264,0.679826,0.66737,0.667173
2.923,0.637092,0.655673,0.627338,0.606406,0.633699,0.636895,0.696746,0.679399,0.666461,0.666962
2.9232,0.63652,0.65705,0.627325,0.605548,0.633426,0.637262,0.697715,0.678932,0.665857,0.666824
2.9234,0.636426,0.658571,0.627412,0.604766,0.633936,0.637218,0.697902,0.678835,0.665635,0.667207
2.9236,0.636779,0.659306,0.62809,0.60448,0.634957,0.636847,0.697349,0.680811,0.666625,0.66811
2.9238,0.63715,0.658643,0.628713,0.605557,0.636252,0.636183,0.695888,0.683751,0.668302,0.669617
2.924,0.637133,0.657588,0.628931,0.60709,0.636638,0.63586,0.695597,0.685009,0.669357,0.671378
2.9242,0.637079,0.656895,0.628826,0.607804,0.635859,0.636095,0.697187,0.68295,0.669367,0.672131
2.9244,0.637114,0.657541,0.628144,0.607763,0.634212,0.636554,0.698285,0.678939,0.668745,0.671966
2.9246,0.63717,0.659344,0.62659,0.607933,0.63322,0.636405,0.698329,0.675153,0.668253,0.671441
2.9248,0.637679,0.660939,0.624812,0.60831,0.633595,0.635496,0.698533,0.674253,0.668421,0.671563
2.925,0.638437,0.661755,0.623703,0.608545,0.634915,0.634171,0.698371,0.676087,0.669015,0.672712
2.9252,0.638377,0.661614,0.623565,0.608585,0.636579,0.633354,0.699065,0.677864,0.669403,0.674143
2.9254,0.637208,0.660515,0.623941,0.608237,0.637403,0.63289,0.700808,0.677574,0.669959,0.675278
2.9256,0.635538,0.659077,0.624143,0.607987,0.636578,0.632592,0.701045,0.674804,0.670746,0.675293
2.9258,0.634399,0.657925,0.623744,0.60856,0.635137,0.632738,0.700066,0.671144,0.671472,0.674678
2.926,0.634331,0.65745,0.622804,0.610236,0.634528,0.633093,0.699656,0.668578,0.671691,0.674905
2.9262,0.634659,0.657282,0.621882,0.612027,0.635114,0.633117,0.700747,0.669514,0.671715,0.676195
2.9264,0.634755,0.657096,0.62156,0.61327,0.636255,0.632548,0.701387,0.673164,0.671758,0.677582
2.9266,0.634252,0.656485,0.621953,0.613458,0.637239,0.631698,0.700754,0.67569,0.671873,0.678134
2.9268,0.632861,0.655782,0.622682,0.612961,0.637427,0.63116,0.700237,0.674896,0.672557,0.677707
2.927,0.631518,0.655496,0.623187,0.612912,0.636617,0.631237,0.701006,0.672184,0.673515,0.676399
2.9272,0.630982,0.655905,0.623148,0.6138,0.635606,0.631837,0.702189,0.669786,0.67442,0.675235
2.9274,0.631106,0.656661,0.622744,0.615544,0.63516,0.632606,0.702311,0.668729,0.674724,0.674959
2.9276,0.63081,0.657586,0.622385,0.61693,0.635762,0.633287,0.701092,0.669855,0.674352,0.675625
2.9278,0.629557,0.659279,0.622347,0.61722,0.637304,0.633637,0.700241,0.672688,0.674047,0.675903
2.928,0.627853,0.660885,0.622562,0.616632,0.638482,0.633567,0.701008,0.674485,0.674065,0.674894
2.9282,0.62627,0.661269,0.622735,0.61587,0.638139,0.633526,0.702489,0.673992,0.67421,0.672982
2.9284,0.625138,0.660501,0.622715,0.615323,0.63638,0.633898,0.702632,0.673384,0.674205,0.67096
2.9286,0.624739,0.658965,0.622813,0.615629,0.634718,0.634633,0.702567,0.673573,0.673795,0.669703
2.9288,0.625188,0.65724,0.622975,0.616983,0.634296,0.635261,0.703495,0.673793,0.673439,0.669702
2.929,0.625444,0.656044,0.623097,0.618263,0.634523,0.635403,0.704932,0.673768,0.673517,0.670636
2.9292,0.624644,0.655681,0.623094,0.61863,0.634479,0.635082,0.705535,0.673398,0.6738,0.671475
2.9294,0.623084,0.655912,0.622972,0.617862,0.633514,0.634858,0.704989,0.672428,0.674002,0.671357
2.9296,0.621599,0.65635,0.622785,0.616721,0.631874,0.635348,0.704149,0.671698,0.674176,0.670241
2.9298,0.620771,0.656691,0.622578,0.615987,0.630079,0.636457,0.704954,0.672248,0.673955,0.668853
2.93,0.620725,0.656759,0.622389,0.616068,0.629017,0.637661,0.706311,0.673599,0.673609,0.668131
2.9302,0.621162,0.656518,0.622167,0.616656,0.628838,0.638527,0.706117,0.674578,0.673172,0.66857
2.9304,0.621541,0.656157,0.621829,0.617089,0.628531,0.638952,0.704157,0.674791,0.673561,0.669872
2.9306,0.621449,0.656012,0.621376,0.617368,0.627287,0.639029,0.703636,0.67431,0.674775,0.67112
2.9308,0.620866,0.656044,0.620938,0.61709,0.625353,0.639055,0.704883,0.673009,0.675787,0.671418
2.931,0.620245,0.655997,0.620583,0.61645,0.623232,0.63934,0.704558,0.672193,0.67558,0.670844
2.9312,0.619827,0.656161,0.620093,0.61577,0.621834,0.639818,0.702566,0.673239,0.674533,0.670216
2.9314,0.619761,0.656707,0.61936,0.615199,0.621933,0.640398,0.699412,0.675019,0.673518,0.669955
2.9316,0.620062,0.657043,0.618868,0.615125,0.623,0.64042,0.697545,0.675439,0.673311,0.670044
2.9318,0.620511,0.6566,0.618739,0.615628,0.623816,0.640058,0.696622,0.673704,0.674128,0.670169
2.932,0.620586,0.655487,0.619018,0.616362,0.623556,0.639296,0.696119,0.670764,0.675295,0.670045
2.9322,0.620284,0.654317,0.61939,0.616625,0.622502,0.638405,0.694526,0.668417,0.676239,0.669745
2.9324,0.619951,0.653784,0.619188,0.616788,0.621422,0.637838,0.691604,0.668158,0.676476,0.669646
2.9326,0.619874,0.654287,0.618464,0.616736,0.620888,0.637536,0.688731,0.669472,0.675705,0.670053
2.9328,0.620138,0.655485,0.617442,0.616976,0.621219,0.638221,0.687425,0.670434,0.674825,0.670881
2.933,0.620714,0.656548,0.616521,0.617729,0.622101,0.639456,0.687396,0.669546,0.675007,0.67176
2.9332,0.621438,0.656812,0.616355,0.618214,0.622883,0.639541,0.68737,0.666832,0.676166,0.672367
2.9334,0.622053,0.656207,0.616483,0.617996,0.623015,0.638546,0.686752,0.663583,0.677449,0.672489
2.9336,0.622349,0.655132,0.616394,0.617181,0.62296,0.636913,0.685965,0.661794,0.677894,0.672094
2.9338,0.622198,0.654164,0.616,0.616365,0.623431,0.635911,0.686152,0.662149,0.677013,0.671662
2.934,0.621786,0.653798,0.615444,0.616584,0.62427,0.635914,0.687163,0.663565,0.675477,0.671738
2.9342,0.621375,0.65409,0.614854,0.617743,0.624638,0.636262,0.687272,0.6642,0.674627,0.672324
2.9344,0.621333,0.65429,0.614329,0.618768,0.62417,0.636317,0.687106,0.663874,0.674922,0.672697
2.9346,0.621896,0.653918,0.613979,0.619023,0.62324,0.635957,0.687563,0.662778,0.676233,0.672173
2.9348,0.622451,0.652751,0.613936,0.618728,0.622515,0.635415,0.687893,0.661476,0.677183,0.670729
2.935,0.622855,0.651667,0.614235,0.618561,0.622496,0.634834,0.687351,0.660765,0.677473,0.669342
2.9352,0.622879,0.651137,0.614775,0.618775,0.623261,0.634449,0.686091,0.660904,0.677379,0.668424
2.9354,0.623047,0.65124,0.615346,0.619249,0.624331,0.634534,0.685115,0.661387,0.677467,0.668518
2.9356,0.623265,0.651199,0.61572,0.619596,0.625034,0.63515,0.685343,0.661608,0.677992,0.669363
2.9358,0.62393,0.650641,0.615807,0.619669,0.62504,0.636096,0.686366,0.661386,0.67808,0.670381
2.936,0.62427,0.649628,0.615673,0.619624,0.624414,0.636966,0.687402,0.661036,0.677693,0.670498
2.9362,0.623891,0.648691,0.615505,0.619727,0.623496,0.637372,0.688085,0.661013,0.676884,0.669483
2.9364,0.623105,0.64774,0.615869,0.61983,0.6229,0.637439,0.68845,0.661337,0.676618,0.668162
2.9366,0.62213,0.647079,0.616901,0.619722,0.623049,0.637776,0.689064,0.661821,0.676872,0.667492
2.9368,0.621422,0.646856,0.618387,0.619727,0.623796,0.638566,0.690226,0.662335,0.677456,0.668003
2.937,0.621177,0.646472,0.619851,0.62012,0.624615,0.63958,0.691328,0.662568,0.678298,0.668865
2.9372,0.621337,0.645869,0.620587,0.620746,0.624604,0.640458,0.691255,0.662325,0.678629,0.66972
2.9374,0.621875,0.64504,0.620492,0.621197,0.6236,0.640981,0.689686,0.662007,0.678422,0.670256
2.9376,0.622459,0.644399,0.619822,0.621562,0.621775,0.641315,0.687862,0.661797,0.677713,0.669954
2.9378,0.624074,0.644193,0.619404,0.62188,0.619676,0.64186,0.686595,0.661778,0.67712,0.66915
2.938,0.625763,0.644402,0.619972,0.621929,0.618202,0.642793,0.686898,0.662029,0.676685,0.668501
2.9382,0.626121,0.644802,0.621258,0.621787,0.617688,0.64405,0.687292,0.662516,0.677116,0.668482
2.9384,0.625454,0.645198,0.622584,0.621918,0.618344,0.645395,0.686795,0.662977,0.678028,0.669236
2.9386,0.624973,0.645511,0.623374,0.622493,0.620513,0.646435,0.68461,0.663908,0.678966,0.670464
2.9388,0.625087,0.645709,0.623255,0.623283,0.622045,0.646777,0.681876,0.665008,0.679283,0.671753
2.939,0.625936,0.645868,0.622414,0.624559,0.621106,0.6466,0.679726,0.665672,0.678579,0.672499
2.9392,0.627388,0.645859,0.621421,0.625448,0.618494,0.646513,0.678063,0.665478,0.677484,0.672644
2.9394,0.628419,0.645916,0.621092,0.625393,0.616083,0.646891,0.676386,0.66444,0.676376,0.673016
2.9396,0.628224,0.646316,0.621731,0.62433,0.615464,0.647247,0.674612,0.663242,0.675672,0.673795
2.9398,0.628216,0.646913,0.62298,0.622922,0.6167,0.646942,0.673249,0.663121,0.676005,0.674665
2.94,0.629677,0.647276,0.624154,0.622303,0.618573,0.645965,0.672172,0.663917,0.677309,0.675132
2.9402,0.63149,0.647193,0.624719,0.622738,0.619732,0.645277,0.670368,0.666052,0.678685,0.675176
2.9404,0.632461,0.646773,0.62457,0.623859,0.619572,0.645471,0.667609,0.668917,0.679169,0.675463
2.9406,0.632027,0.646424,0.624072,0.62531,0.618505,0.646332,0.664916,0.669874,0.67844,0.676254
2.9408,0.630399,0.646524,0.623975,0.626048,0.61731,0.64709,0.663217,0.667753,0.676807,0.677793
2.941,0.628847,0.647146,0.625168,0.625631,0.616849,0.646926,0.662804,0.66393,0.675785,0.679697
2.9412,0.629003,0.647998,0.626978,0.624817,0.617854,0.645469,0.663258,0.66103,0.676019,0.680652
2.9414,0.630846,0.648695,0.628058,0.624291,0.620264,0.643489,0.663533,0.660451,0.676725,0.680076
2.9416,0.632863,0.649004,0.627606,0.62431,0.622202,0.641747,0.662873,0.661617,0.676812,0.679477
2.9418,0.634125,0.648853,0.625883,0.624997,0.622814,0.641595,0.661886,0.663284,0.676061,0.679778
2.942,0.634244,0.648391,0.623886,0.625319,0.622355,0.642482,0.661658,0.663442,0.675268,0.68112
2.9422,0.633115,0.647907,0.62286,0.624609,0.621614,0.643099,0.662476,0.661692,0.675463,0.683149
2.9424,0.631336,0.647857,0.62334,0.622882,0.620778,0.642891,0.663974,0.659123,0.676166,0.684804
2.9426,0.629765,0.648378,0.624436,0.620883,0.620168,0.641952,0.665714,0.65697,0.676874,0.685138
2.9428,0.628863,0.648866,0.624955,0.619679,0.61982,0.640627,0.666942,0.656081,0.677656,0.684444
2.943,0.628551,0.64879,0.624555,0.619918,0.619616,0.63942,0.667057,0.657992,0.678553,0.683927
2.9432,0.628398,0.647941,0.623593,0.622034,0.619652,0.638768,0.666793,0.661276,0.679062,0.684688
2.9434,0.62933,0.646582,0.622641,0.623833,0.620032,0.638825,0.666356,0.663313,0.678828,0.686483
2.9436,0.632468,0.645499,0.621976,0.623438,0.62,0.639432,0.666878,0.662983,0.678513,0.688095
2.9438,0.635467,0.645207,0.621846,0.621218,0.619711,0.640339,0.668728,0.661492,0.678132,0.688997
2.944,0.636211,0.645584,0.621916,0.618874,0.61876,0.641183,0.670909,0.660215,0.678548,0.688698
2.9442,0.634926,0.646445,0.621575,0.617911,0.617478,0.641666,0.672225,0.660066,0.67974,0.68805
2.9444,0.632546,0.646753,0.620985,0.618339,0.61684,0.64183,0.672058,0.661244,0.681337,0.688345
2.9446,0.630761,0.645966,0.620655,0.618756,0.617144,0.641889,0.671522,0.662444,0.682603,0.68972
2.9448,0.631437,0.644515,0.620539,0.618867,0.617594,0.641922,0.672833,0.66284,0.682703,0.691439
2.945,0.633477,0.643151,0.620287,0.618738,0.61727,0.642459,0.676402,0.66299,0.681048,0.692877
2.9452,0.634922,0.642402,0.619697,0.618281,0.616312,0.644034,0.679831,0.663413,0.678847,0.693071
2.9454,0.634329,0.642426,0.618835,0.617648,0.616467,0.645806,0.680746,0.663742,0.677981,0.69192
2.9456,0.631999,0.64277,0.617941,0.616702,0.618119,0.646605,0.679233,0.663446,0.679017,0.690331
2.9458,0.629763,0.643009,0.61731,0.616176,0.619664,0.645792,0.677615,0.662634,0.680266,0.689391
2.946,0.628946,0.642787,0.617109,0.616977,0.620132,0.644035,0.677225,0.661895,0.680278,0.689498
2.9462,0.629978,0.642209,0.61732,0.6183,0.619612,0.642708,0.678137,0.661904,0.678106,0.690316
2.9464,0.63205,0.641717,0.61765,0.618999,0.618634,0.642779,0.678392,0.662893,0.674891,0.691097
2.9466,0.633765,0.641636,0.617745,0.618982,0.617848,0.644117,0.677465,0.664232,0.672394,0.691255
2.9468,0.634404,0.641998,0.617437,0.618759,0.617589,0.645822,0.675353,0.664952,0.6719,0.690757
2.947,0.633348,0.642622,0.616807,0.618415,0.618025,0.646936,0.673353,0.664791,0.672645,0.689963
2.9472,0.631464,0.643196,0.616156,0.618151,0.619042,0.646959,0.671479,0.664339,0.673103,0.689166
2.9474,0.630503,0.643401,0.615852,0.618017,0.620084,0.646099,0.66946,0.664192,0.672042,0.689121
2.9476,0.630556,0.643214,0.61604,0.618056,0.620677,0.64501,0.667,0.664602,0.669365,0.689686
2.9478,0.631184,0.643214,0.616461,0.618306,0.620831,0.64457,0.665124,0.665587,0.666575,0.690103
2.948,0.631504,0.643908,0.616751,0.618786,0.620461,0.645231,0.664332,0.666607,0.665259,0.690239
2.9482,0.631268,0.644825,0.617022,0.619282,0.620296,0.64614,0.663159,0.666707,0.665828,0.68996
2.9484,0.630596,0.645348,0.617067,0.619266,0.620537,0.646676,0.661144,0.665791,0.667733,0.689173
2.9486,0.62999,0.645141,0.617174,0.618634,0.62127,0.646311,0.658747,0.664464,0.668985,0.6885
2.9488,0.630043,0.644484,0.617279,0.617728,0.622634,0.644911,0.657187,0.663332,0.66918,0.68845
2.949,0.630867,0.644023,0.617638,0.617068,0.624358,0.643258,0.656282,0.663019,0.668439,0.688833
2.9492,0.631277,0.6443,0.617969,0.616983,0.625647,0.641894,0.656016,0.66333,0.667335,0.689238
2.9494,0.630807,0.645308,0.618423,0.617398,0.62565,0.641879,0.656235,0.663302,0.666634,0.689546
2.9496,0.629602,0.646478,0.618575,0.617902,0.624959,0.64263,0.656077,0.662661,0.666838,0.69004
2.9498,0.628968,0.647165,0.618453,0.617966,0.624331,0.643403,0.65561,0.66135,0.667883,0.690644
2.95,0.629446,0.647053,0.618144,0.617308,0.623755,0.643399,0.655079,0.659649,0.668738,0.690922
2.9502,0.630504,0.646278,0.617712,0.615992,0.623589,0.641931,0.655145,0.658477,0.669099,0.690517
2.9504,0.631026,0.645369,0.617338,0.614495,0.62423,0.639801,0.656255,0.657862,0.669408,0.68973
2.9506,0.631027,0.644946,0.616919,0.613499,0.625059,0.638004,0.657509,0.657131,0.669707,0.689155
2.9508,0.630729,0.645229,0.616752,0.613487,0.625396,0.637259,0.657756,0.656087,0.67005,0.688845
2.951,0.630452,0.645624,0.616518,0.614216,0.624937,0.637331,0.657842,0.654985,0.670259,0.689005
2.9512,0.630166,0.645206,0.616459,0.614414,0.624324,0.6377,0.659059,0.654119,0.670367,0.689297
2.9514,0.630562,0.643862,0.616395,0.613659,0.624144,0.637794,0.660588,0.653442,0.670565,0.689461
2.9516,0.631088,0.642613,0.616426,0.611873,0.624819,0.637397,0.661101,0.652792,0.670933,0.689238
2.9518,0.631822,0.642131,0.616458,0.610168,0.626096,0.636782,0.660293,0.652252,0.671571,0.688604
2.952,0.6325,0.642688,0.616686,0.60922,0.627002,0.636388,0.659516,0.651987,0.672371,0.688034
2.9522,0.633527,0.643322,0.616764,0.609179,0.627212,0.636562,0.660126,0.652148,0.672788,0.687922
2.9524,0.63419,0.643041,0.616785,0.609181,0.626915,0.637317,0.661969,0.652678,0.672697,0.688235
2.9526,0.63439,0.641851,0.61696,0.609273,0.626384,0.63837,0.664113,0.653265,0.672386,0.688524
2.9528,0.633701,0.640055,0.616955,0.608712,0.626422,0.639241,0.66568,0.653622,0.672292,0.688941
2.953,0.632957,0.638661,0.616614,0.607847,0.627092,0.639474,0.666731,0.653638,0.673207,0.689153
2.9532,0.632812,0.638104,0.616304,0.607075,0.627903,0.639505,0.667787,0.653198,0.674613,0.68908
2.9534,0.633691,0.638757,0.616013,0.60627,0.628151,0.639734,0.669267,0.652923,0.675396,0.68906
2.9536,0.634937,0.640304,0.61583,0.605736,0.627715,0.640085,0.670893,0.653605,0.674937,0.688769
2.9538,0.63631,0.641656,0.615776,0.605825,0.626952,0.640388,0.671907,0.655034,0.67344,0.68835
2.954,0.63698,0.641889,0.615787,0.606042,0.626929,0.640479,0.671886,0.65633,0.671809,0.687995
2.9542,0.636849,0.641108,0.615879,0.605917,0.627537,0.64027,0.671407,0.656843,0.671283,0.687598
2.9544,0.63616,0.639965,0.616109,0.605372,0.628495,0.640068,0.670993,0.65718,0.672508,0.687677
2.9546,0.636203,0.639251,0.616398,0.60493,0.629096,0.640284,0.6708,0.657133,0.674729,0.687979
2.9548,0.637278,0.639492,0.616779,0.605066,0.628576,0.641067,0.671172,0.657278,0.676026,0.688119
2.955,0.638451,0.640967,0.617172,0.605889,0.627803,0.642135,0.671243,0.658214,0.675809,0.687845
2.9552,0.63898,0.642703,0.617522,0.607366,0.627618,0.642992,0.670442,0.659692,0.674417,0.687467
2.9554,0.638669,0.643676,0.61767,0.608505,0.628136,0.643303,0.668717,0.661344,0.672731,0.686901
2.9556,0.638055,0.643845,0.617678,0.60848,0.628911,0.642954,0.666623,0.662394,0.672319,0.68647
2.9558,0.637675,0.643631,0.618136,0.607799,0.629177,0.642379,0.665575,0.662203,0.673407,0.685932
2.956,0.637689,0.643524,0.61919,0.607653,0.629045,0.642309,0.665856,0.660762,0.674892,0.685263
2.9562,0.637867,0.643647,0.620279,0.608521,0.628436,0.642966,0.665048,0.659618,0.675834,0.684325
2.9564,0.637827,0.644181,0.620983,0.609848,0.62767,0.64379,0.662237,0.66023,0.675561,0.683218
2.9566,0.637341,0.645589,0.621197,0.611248,0.627102,0.643895,0.659353,0.662307,0.674194,0.682173
2.9568,0.636451,0.64745,0.620978,0.611871,0.62749,0.643442,0.6586,0.664132,0.673062,0.681405
2.957,0.635679,0.648447,0.620811,0.611705,0.629039,0.64283,0.65922,0.664366,0.672879,0.681161
2.9572,0.634695,0.648637,0.621119,0.611173,0.630791,0.64191,0.658926,0.663234,0.673737,0.681335
2.9574,0.634008,0.648437,0.621913,0.611347,0.631785,0.640881,0.657539,0.662113,0.675021,0.681636
2.9576,0.633746,0.648795,0.623062,0.612528,0.631267,0.640614,0.656106,0.662081,0.676145,0.68185
2.9578,0.633981,0.650489,0.624181,0.61396,0.63041,0.641242,0.655713,0.663293,0.676118,0.681997
2.958,0.633871,0.652621,0.624499,0.614688,0.63061,0.641683,0.656439,0.66531,0.675797,0.682152
2.9582,0.633787,0.654209,0.623824,0.61461,0.631208,0.640959,0.657547,0.667732,0.675523,0.682528
2.9584,0.633393,0.654586,0.622827,0.613935,0.631417,0.639612,0.658337,0.669161,0.675254,0.68342
2.9586,0.6339,0.653788,0.622184,0.613209,0.630719,0.638337,0.658825,0.66874,0.675177,0.684271
2.9588,0.635526,0.652816,0.622238,0.613105,0.628853,0.638345,0.659383,0.667063,0.675036,0.684857
2.959,0.635978,0.65278,0.622648,0.613698,0.6264,0.639203,0.660111,0.665395,0.675074,0.685292
2.9592,0.634677,0.654249,0.623183,0.614473,0.624533,0.639731,0.661111,0.66483,0.676053,0.685653
2.9594,0.632421,0.65665,0.623674,0.614536,0.623929,0.639374,0.662781,0.665979,0.67725,0.68637
2.9596,0.63007,0.658426,0.62427,0.61344,0.624774,0.638357,0.66422,0.668256,0.678247,0.687486
2.9598,0.628206,0.658924,0.625554,0.612669,0.626934,0.637267,0.664459,0.6706,0.678723,0.688303
2.96,0.627042,0.658401,0.626314,0.612854,0.628499,0.636608,0.663953,0.670637,0.678103,0.688374
2.9602,0.62738,0.657217,0.625599,0.613178,0.62824,0.636678,0.663639,0.667845,0.677503,0.687636
2.9604,0.62875,0.656551,0.623854,0.613284,0.626818,0.637424,0.664269,0.66368,0.677642,0.686735
2.9606,0.62988,0.656977,0.622132,0.612444,0.625581,0.638492,0.665912,0.660713,0.678738,0.686469
2.9608,0.629891,0.658129,0.621243,0.610644,0.625178,0.639253,0.667848,0.660527,0.6802,0.686977
2.961,0.628838,0.659519,0.621054,0.608742,0.625564,0.639428,0.669143,0.662405,0.680708,0.688157
2.9612,0.627634,0.660132,0.62097,0.607192,0.626131,0.639161,0.669895,0.663816,0.680085,0.689599
2.9614,0.62758,0.659874,0.620804,0.606681,0.62614,0.63885,0.67113,0.662962,0.679581,0.690178
2.9616,0.629056,0.659085,0.620145,0.607019,0.625641,0.639046,0.673384,0.659957,0.679473,0.689843
2.9618,0.630815,0.65825,0.619092,0.607243,0.625528,0.63979,0.675873,0.656635,0.679688,0.689487
2.962,0.631224,0.657818,0.618232,0.606799,0.626602,0.640455,0.677304,0.654664,0.67995,0.689077
2.9622,0.630167,0.657577,0.618123,0.605692,0.627852,0.640604,0.677504,0.654793,0.679823,0.688627
2.9624,0.628797,0.657275,0.618492,0.604948,0.628445,0.64032,0.677713,0.656446,0.679057,0.688277
2.9626,0.627883,0.656839,0.618852,0.60621,0.627902,0.640007,0.677788,0.658053,0.67833,0.687869
2.9628,0.628133,0.656309,0.618935,0.608998,0.626784,0.640093,0.678164,0.658316,0.678728,0.686881
2.963,0.629078,0.65611,0.61877,0.611364,0.625874,0.640626,0.67763,0.657143,0.679704,0.685786
2.9632,0.630092,0.655814,0.618541,0.61212,0.625887,0.641379,0.676643,0.655585,0.680855,0.684771
2.9634,0.630471,0.655068,0.6184,0.611601,0.62677,0.64208,0.676647,0.654559,0.680935,0.684492
2.9636,0.630323,0.653874,0.61842,0.610764,0.627737,0.642627,0.676514,0.654759,0.680268,0.684547
2.9638,0.629908,0.6529,0.618423,0.610218,0.628246,0.643048,0.674726,0.656147,0.679266,0.684404
2.964,0.63038,0.652611,0.618414,0.610636,0.628296,0.643392,0.671956,0.657639,0.678552,0.683758
2.9642,0.631819,0.653379,0.618759,0.611855,0.627865,0.643602,0.669434,0.658021,0.678819,0.682873
2.9644,0.633164,0.654793,0.619535,0.613176,0.627411,0.643767,0.668179,0.657751,0.679234,0.681869
2.9646,0.633234,0.656018,0.620133,0.613958,0.627199,0.644206,0.667975,0.658053,0.679405,0.680703
2.9648,0.632532,0.656241,0.620101,0.614278,0.627384,0.644523,0.667657,0.658945,0.679544,0.679669
2.965,0.631914,0.65546,0.619563,0.614161,0.627845,0.644803,0.665694,0.659527,0.679669,0.678997
2.9652,0.631623,0.654601,0.619008,0.614083,0.628457,0.644594,0.663524,0.659294,0.679557,0.678497
2.9654,0.63165,0.654408,0.618885,0.613994,0.628646,0.643747,0.661919,0.658338,0.67934,0.677866
2.9656,0.632114,0.654866,0.61929,0.613729,0.628697,0.64267,0.662376,0.657468,0.678903,0.677005
2.9658,0.633181,0.65558,0.619958,0.613293,0.629187,0.641615,0.66382,0.657607,0.678398,0.676142
2.966,0.634454,0.656116,0.620467,0.613035,0.629688,0.641848,0.66404,0.658747,0.678042,0.675569
2.9662,0.635128,0.656223,0.62052,0.613211,0.629704,0.643405,0.662816,0.660016,0.677995,0.675431
2.9664,0.635271,0.655905,0.620051,0.613561,0.629239,0.644452,0.661782,0.660672,0.67834,0.675637
2.9666,0.634763,0.655422,0.619305,0.61364,0.628941,0.64425,0.661622,0.660623,0.678594,0.675911
2.9668,0.634488,0.654966,0.618566,0.613129,0.628816,0.6427,0.662289,0.660152,0.678345,0.67585
2.967,0.634317,0.655212,0.618052,0.61201,0.62864,0.640191,0.663616,0.659727,0.677999,0.67537
2.9672,0.634815,0.655908,0.618022,0.610671,0.628608,0.63817,0.664595,0.659796,0.677486,0.675076
2.9674,0.636247,0.656596,0.618522,0.610154,0.628729,0.638029,0.664797,0.660267,0.676928,0.675331
2.9676,0.637489,0.656789,0.619091,0.610537,0.628756,0.639255,0.665587,0.66078,0.676559,0.675906
2.9678,0.637824,0.656308,0.619422,0.61077,0.628657,0.640894,0.667029,0.660636,0.676292,0.676281
2.968,0.637278,0.655555,0.619407,0.610101,0.628414,0.641846,0.668619,0.659768,0.676569,0.675994
2.9682,0.636605,0.654962,0.619123,0.608662,0.628388,0.641779,0.669486,0.658189,0.676876,0.675086
2.9684,0.636156,0.654693,0.618726,0.606736,0.628507,0.641085,0.669362,0.656739,0.677054,0.674137
2.9686,0.636517,0.65519,0.618189,0.605977,0.628726,0.640495,0.669074,0.655849,0.677553,0.673915
2.9688,0.637346,0.656081,0.617622,0.606481,0.629179,0.64068,0.670072,0.655876,0.678579,0.674634
2.969,0.638846,0.657124,0.617489,0.606855,0.629359,0.641775,0.671699,0.656358,0.679901,0.675887
2.9692,0.640809,0.658028,0.617623,0.605978,0.629239,0.643384,0.673364,0.656633,0.680812,0.676958
2.9694,0.641923,0.658273,0.618387,0.603946,0.629019,0.644476,0.674112,0.655734,0.680697,0.677257
2.9696,0.641131,0.657634,0.619288,0.601914,0.628863,0.644969,0.675245,0.654222,0.680256,0.676658
2.9698,0.639218,0.656655,0.619379,0.600885,0.629224,0.645118,0.676015,0.65287,0.679564,0.675614
2.97,0.637415,0.656453,0.618498,0.600804,0.63005,0.64518,0.676665,0.652923,0.679097,0.675028
2.9702,0.637547,0.657176,0.617329,0.60113,0.630545,0.64558,0.677618,0.654482,0.679065,0.675433
2.9704,0.639977,0.658324,0.616678,0.601162,0.63012,0.646254,0.679285,0.656868,0.679286,0.676276
2.9706,0.643099,0.659762,0.616829,0.600746,0.629233,0.647081,0.680966,0.658358,0.679318,0.676686
2.9708,0.644255,0.660652,0.617525,0.60055,0.628491,0.647584,0.682227,0.658093,0.679285,0.676062
2.971,0.642903,0.661116,0.618285,0.600562,0.628226,0.647485,0.682764,0.656947,0.678892,0.674616
2.9712,0.641658,0.661247,0.618873,0.600986,0.628422,0.647026,0.682285,0.656788,0.67878,0.672915
2.9714,0.642078,0.661232,0.619184,0.601392,0.628823,0.64709,0.681604,0.657715,0.678943,0.671833
2.9716,0.643955,0.661588,0.619348,0.602017,0.629056,0.64767,0.681952,0.659638,0.67916,0.671956
2.9718,0.645629,0.662663,0.619455,0.60265,0.62926,0.64896,0.68345,0.661959,0.679238,0.672563
2.972,0.645471,0.663779,0.619521,0.603042,0.62923,0.6499,0.685063,0.663765,0.67908,0.672967
2.9722,0.644198,0.664639,0.619514,0.603029,0.628829,0.650247,0.685529,0.664116,0.678786,0.672597
2.9724,0.643956,0.664838,0.619479,0.6027,0.628727,0.649955,0.685066,0.663633,0.678578,0.671445
2.9726,0.644246,0.664672,0.619722,0.602411,0.629039,0.649202,0.685273,0.662681,0.678468,0.66977
2.9728,0.644034,0.664281,0.620341,0.603061,0.629068,0.64893,0.686829,0.661975,0.6782,0.668338
2.973,0.643393,0.66437,0.621104,0.604581,0.628692,0.649936,0.688523,0.661896,0.678154,0.667617
2.9732,0.64257,0.665081,0.622101,0.606213,0.628394,0.651703,0.689141,0.66229,0.678461,0.667504
2.9734,0.641485,0.665869,0.623085,0.607198,0.628228,0.65302,0.68857,0.66258,0.678609,0.667633
2.9736,0.640971,0.66599,0.623429,0.607659,0.628481,0.653209,0.688004,0.663445,0.679003,0.667355
2.9738,0.641893,0.665067,0.62318,0.607862,0.629269,0.652841,0.687568,0.663928,0.680161,0.666735
2.974,0.643644,0.663754,0.622758,0.608085,0.630064,0.652964,0.686379,0.66296,0.681354,0.666264
2.9742,0.644635,0.663217,0.62268,0.608947,0.629953,0.653678,0.68517,0.66096,0.682054,0.666341
2.9744,0.644266,0.663906,0.623006,0.610383,0.62936,0.654398,0.684073,0.658789,0.681943,0.667056
2.9746,0.642897,0.665306,0.623588,0.611382,0.629218,0.654902,0.682927,0.658203,0.680885,0.668168
2.9748,0.641331,0.666525,0.624122,0.611554,0.629811,0.655272,0.682702,0.659774,0.680066,0.669277
2.975,0.640758,0.666831,0.624151,0.611158,0.630312,0.655211,0.683298,0.661186,0.680308,0.669884
2.9752,0.641771,0.66602,0.623649,0.610512,0.630736,0.655162,0.684016,0.66064,0.681435,0.66992
2.9754,0.64357,0.665062,0.623401,0.610169,0.630745,0.65542,0.685347,0.657933,0.683135,0.669997
2.9756,0.644214,0.665327,0.623393,0.610661,0.630101,0.655926,0.687623,0.654756,0.684129,0.67058
2.9758,0.643078,0.667066,0.623841,0.611519,0.629586,0.656289,0.688334,0.652727,0.68369,0.671493
2.976,0.64097,0.668989,0.624215,0.611841,0.62972,0.656207,0.688182,0.65248,0.682033,0.672324
2.9762,0.638918,0.66975,0.623918,0.611242,0.630114,0.655495,0.688409,0.653383,0.680455,0.672966
2.9764,0.637902,0.668795,0.623323,0.610217,0.630754,0.655126,0.688604,0.654009,0.680492,0.673169
2.9766,0.638616,0.666938,0.622893,0.609624,0.63135,0.656155,0.689519,0.653432,0.682206,0.673144
2.9768,0.640273,0.665726,0.6229,0.609294,0.631726,0.658059,0.691156,0.653475,0.685183,0.673401
2.977,0.641257,0.66607,0.622906,0.609023,0.631641,0.659344,0.69175,0.655068,0.68695,0.674263
2.9772,0.640868,0.667636,0.62263,0.608537,0.630887,0.659592,0.69148,0.65699,0.686321,0.675554
2.9774,0.639474,0.669314,0.622055,0.607482,0.630184,0.658622,0.691851,0.658073,0.684427,0.676818
2.9776,0.638031,0.670078,0.621315,0.606217,0.630466,0.657321,0.692689,0.658107,0.682501,0.677577
2.9778,0.637376,0.669465,0.620667,0.605261,0.631405,0.65657,0.69395,0.658133,0.681138,0.677649
2.978,0.638411,0.66779,0.620487,0.604934,0.632152,0.656623,0.695726,0.658892,0.680885,0.677211
2.9782,0.640127,0.666176,0.620463,0.605062,0.632213,0.657368,0.696565,0.659637,0.681738,0.676825
2.9784,0.640629,0.665843,0.620614,0.60502,0.631961,0.65857,0.69643,0.659965,0.683246,0.677049
2.9786,0.640039,0.666494,0.620669,0.604286,0.631468,0.659147,0.697316,0.659631,0.684393,0.677738
2.9788,0.639438,0.667101,0.620385,0.603106,0.631133,0.658895,0.699144,0.659103,0.684922,0.678269
2.979,0.638911,0.666842,0.619975,0.601987,0.630966,0.657753,0.700131,0.659259,0.684317,0.678399
2.9792,0.638241,0.665286,0.619667,0.601558,0.631429,0.6568,0.700312,0.66008,0.683155,0.677773
2.9794,0.637704,0.663477,0.619558,0.601625,0.632372,0.656391,0.699293,0.660947,0.681557,0.676646
2.9796,0.637336,0.662082,0.619565,0.601946,0.632809,0.656987,0.698791,0.661127,0.680541,0.675386
2.9798,0.637123,0.661545,0.619564,0.602375,0.632015,0.657884,0.699916,0.660784,0.679958,0.674948
2.98,0.637567,0.661709,0.619533,0.60274,0.63047,0.65859,0.701537,0.660993,0.679731,0.675476
2.9802,0.63866,0.66158,0.619482,0.603007,0.629532,0.658725,0.701771,0.661597,0.679759,0.676295
2.9804,0.639475,0.660692,0.619355,0.603197,0.62988,0.658289,0.701956,0.662394,0.679656,0.676209
2.9806,0.639413,0.659204,0.61916,0.603228,0.631127,0.657184,0.703411,0.662904,0.679052,0.675217
2.9808,0.638789,0.657498,0.619237,0.603013,0.632314,0.655908,0.705112,0.662786,0.678172,0.673704
2.981,0.637907,0.656027,0.619798,0.602669,0.632491,0.655383,0.704977,0.662948,0.677595,0.672794
2.9812,0.63689,0.655085,0.6206,0.602858,0.631891,0.656036,0.704845,0.663274,0.677134,0.672936
2.9814,0.636574,0.654445,0.621382,0.603812,0.630996,0.6571,0.704795,0.663629,0.676631,0.673418
2.9816,0.637553,0.653645,0.621919,0.605244,0.63028,0.657655,0.704385,0.664152,0.676204,0.673457
2.9818,0.638923,0.652776,0.622101,0.606279,0.630064,0.657306,0.703706,0.664784,0.675963,0.672693
2.982,0.639032,0.65242,0.621815,0.606226,0.630168,0.656407,0.702841,0.664916,0.676022,0.671428
2.9822,0.637533,0.652537,0.62147,0.605552,0.630741,0.655554,0.703958,0.664488,0.676087,0.670282
2.9824,0.635287,0.65335,0.621578,0.604785,0.631166,0.65537,0.706294,0.664045,0.675715,0.669802
2.9826,0.633381,0.654357,0.622117,0.60458,0.631231,0.655904,0.707003,0.664192,0.674793,0.670119
2.9828,0.633448,0.655127,0.622617,0.605229,0.630808,0.656445,0.706863,0.664938,0.673676,0.670941
2.983,0.635144,0.655183,0.622676,0.606378,0.630533,0.656451,0.706049,0.665848,0.672774,0.671735
2.9832,0.636245,0.654478,0.622075,0.607308,0.630509,0.656136,0.705771,0.666129,0.672152,0.672093
2.9834,0.635214,0.653786,0.620995,0.607377,0.630295,0.656296,0.706665,0.666124,0.672501,0.672079
2.9836,0.632213,0.654075,0.620238,0.606485,0.630021,0.657263,0.706796,0.666225,0.67342,0.671844
2.9838,0.628859,0.655341,0.620427,0.605137,0.629762,0.657901,0.705899,0.666631,0.674045,0.671868
2.984,0.626994,0.6565,0.621273,0.604186,0.629914,0.657551,0.705757,0.66711,0.673899,0.672463
2.9842,0.627318,0.656957,0.622464,0.604418,0.630524,0.656463,0.708254,0.667052,0.672987,0.673329
2.9844,0.628733,0.656504,0.62311,0.605277,0.630914,0.655283,0.711485,0.666748,0.671912,0.673862
2.9846,0.629889,0.655713,0.622693,0.606473,0.630599,0.65464,0.71237,0.666453,0.671153,0.673748
2.9848,0.629729,0.655395,0.621385,0.607369,0.62976,0.654918,0.710145,0.666383,0.671578,0.673065
2.985,0.628584,0.656061,0.619773,0.606969,0.62905,0.655594,0.708204,0.666417,0.67268,0.672465
2.9852,0.627459,0.657346,0.61884,0.604937,0.629023,0.656427,0.709553,0.666612,0.67403,0.672496
2.9854,0.627127,0.65839,0.61891,0.60243,0.629471,0.656534,0.71283,0.666708,0.675121,0.673211
2.9856,0.627669,0.658561,0.619572,0.600986,0.630384,0.656051,0.716506,0.667311,0.675647,0.674204
2.9858,0.628593,0.658074,0.620372,0.600944,0.63113,0.65522,0.718284,0.668563,0.675272,0.675024
2.986,0.629253,0.657998,0.620391,0.601749,0.631171,0.654788,0.718357,0.669337,0.673866,0.675303
2.9862,0.629327,0.658541,0.619418,0.601998,0.63087,0.654761,0.718534,0.669196,0.672677,0.674929
2.9864,0.628964,0.659285,0.618135,0.601206,0.630433,0.655029,0.71969,0.669056,0.672888,0.674328
2.9866,0.6286,0.6596,0.617339,0.599914,0.630009,0.655022,0.721667,0.669062,0.674537,0.674016
2.9868,0.628387,0.659676,0.617246,0.59889,0.629974,0.654801,0.722894,0.668602,0.676217,0.674432
2.987,0.62873,0.659856,0.617589,0.598642,0.630156,0.654729,0.722747,0.668164,0.677202,0.67519
2.9872,0.629811,0.660475,0.617959,0.598952,0.630342,0.655438,0.721776,0.668168,0.677048,0.675497
2.9874,0.631113,0.661338,0.618045,0.599401,0.63038,0.656134,0.720477,0.668386,0.676281,0.674914
2.9876,0.631791,0.662141,0.617967,0.599693,0.630357,0.656578,0.719216,0.668707,0.675727,0.673466
2.9878,0.6315,0.662688,0.618275,0.599964,0.630418,0.656537,0.719431,0.668992,0.675646,0.671728
2.988,0.630534,0.662944,0.619507,0.600397,0.630514,0.656472,0.719872,0.669042,0.676051,0.670593
2.9882,0.629832,0.663341,0.620848,0.600969,0.63042,0.65713,0.719662,0.668814,0.676676,0.67057
2.9884,0.630147,0.6644,0.621424,0.602324,0.630208,0.658085,0.71754,0.668589,0.677019,0.671092
2.9886,0.631346,0.665755,0.62102,0.604619,0.630105,0.658553,0.714089,0.669071,0.677552,0.671515
2.9888,0.632606,0.666742,0.620436,0.606548,0.629826,0.658181,0.710574,0.669744,0.677605,0.671099
2.989,0.63353,0.666919,0.620567,0.60682,0.629991,0.657554,0.709281,0.6703,0.677182,0.670462
2.9892,0.63381,0.666548,0.62137,0.606816,0.630674,0.657345,0.71092,0.671057,0.675744,0.66973
2.9894,0.633364,0.666092,0.622235,0.607761,0.631095,0.657381,0.710555,0.67161,0.673348,0.669098
2.9896,0.632358,0.66603,0.622718,0.609466,0.630803,0.657708,0.706816,0.671542,0.671028,0.669348
2.9898,0.631179,0.666732,0.622668,0.611064,0.630055,0.658634,0.701946,0.671119,0.669644,0.670087
2.99,0.630268,0.667891,0.62242,0.611614,0.629142,0.659527,0.697933,0.670933,0.669381,0.670417
2.9902,0.629761,0.668765,0.622999,0.611018,0.629099,0.659902,0.695976,0.6714,0.670003,0.669964
2.9904,0.629876,0.668914,0.624356,0.610613,0.629873,0.65973,0.695253,0.672934,0.670866,0.669128
2.9906,0.631408,0.668358,0.62582,0.611441,0.631075,0.659308,0.694402,0.674652,0.67103,0.668439
2.9908,0.633759,0.667598,0.626472,0.613217,0.631964,0.658805,0.692958,0.676102,0.670269,0.668414
2.991,0.634427,0.667304,0.626339,0.615162,0.632402,0.658765,0.691303,0.676361,0.668963,0.669067
2.9912,0.632912,0.668117,0.625462,0.616355,0.632084,0.659133,0.68958,0.675711,0.667884,0.670062
2.9914,0.630201,0.670038,0.624933,0.616409,0.631023,0.660092,0.688061,0.675357,0.6678,0.670981
2.9916,0.62803,0.672339,0.625209,0.615838,0.629694,0.66092,0.68694,0.675894,0.668857,0.671729
2.9918,0.627093,0.673583,0.625777,0.615329,0.628522,0.661154,0.686377,0.676748,0.669991,0.672344
2.992,0.628907,0.672916,0.626197,0.615706,0.628001,0.660796,0.686709,0.677549,0.670125,0.672647
2.9922,0.631815,0.670733,0.62638,0.616794,0.628162,0.659953,0.687567,0.677755,0.66987,0.673296
2.9924,0.632601,0.668185,0.626155,0.617505,0.628306,0.658853,0.687862,0.677005,0.669646,0.674192
2.9926,0.630446,0.666496,0.625648,0.617458,0.62787,0.658007,0.686803,0.675954,0.669928,0.675036
2.9928,0.626789,0.666063,0.625,0.616863,0.626722,0.658058,0.685603,0.675446,0.670625,0.675466
2.993,0.62372,0.666435,0.624704,0.61625,0.625168,0.658583,0.685173,0.675717,0.670795,0.675478
2.9932,0.622738,0.666715,0.624989,0.616762,0.623909,0.658776,0.685728,0.676268,0.66964,0.675436
2.9934,0.623905,0.666016,0.62618,0.618752,0.623189,0.658059,0.686121,0.676563,0.667454,0.676041
2.9936,0.625754,0.664178,0.627675,0.621341,0.623203,0.657146,0.68563,0.676482,0.665248,0.676925
2.9938,0.626868,0.661837,0.62844,0.622813,0.623021,0.656428,0.684648,0.676421,0.663883,0.678462
2.994,0.626628,0.659876,0.628715,0.622241,0.622313,0.655499,0.683983,0.676689,0.663564,0.680037
2.9942,0.625374,0.658977,0.628489,0.620375,0.621297,0.654574,0.684314,0.677226,0.663931,0.681389
2.9944,0.623975,0.660172,0.627936,0.618729,0.620589,0.654103,0.685634,0.678113,0.663944,0.682527
2.9946,0.623549,0.66311,0.627782,0.618397,0.621241,0.654203,0.687336,0.679169,0.664307,0.683306
2.9948,0.624665,0.665179,0.627951,0.619495,0.622046,0.653871,0.688754,0.679686,0.663975,0.683645
2.995,0.626153,0.664211,0.628435,0.620985,0.621767,0.652872,0.689652,0.679314,0.663308,0.683986
2.9952,0.626894,0.661081,0.628882,0.622069,0.620419,0.651601,0.69012,0.67821,0.662677,0.684436
2.9954,0.627274,0.657659,0.628821,0.622224,0.618756,0.650508,0.690405,0.676917,0.661978,0.68478
2.9956,0.62781,0.655301,0.628633,0.620953,0.617602,0.64971,0.690361,0.675994,0.661434,0.68492
2.9958,0.628007,0.654776,0.629174,0.618868,0.617205,0.64904,0.690142,0.676343,0.661347,0.684835
2.996,0.628067,0.655554,0.629994,0.616708,0.617408,0.648476,0.689443,0.67831,0.661255,0.684485
2.9962,0.628166,0.656249,0.630396,0.614986,0.617762,0.648078,0.689341,0.680128,0.66089,0.683756
2.9964,0.628573,0.656249,0.629606,0.614022,0.617848,0.647931,0.688978,0.680176,0.66046,0.682996
2.9966,0.629226,0.655985,0.627918,0.614069,0.617475,0.64793,0.687782,0.678272,0.660239,0.682438
2.9968,0.630028,0.655742,0.626599,0.614798,0.616807,0.64794,0.68606,0.676172,0.660361,0.682119
2.997,0.630832,0.655426,0.626345,0.615558,0.616245,0.647921,0.683876,0.675683,0.660604,0.681596
2.9972,0.631018,0.655402,0.626972,0.615495,0.616046,0.647924,0.682266,0.67687,0.660641,0.680761
2.9974,0.630404,0.65584,0.628081,0.614219,0.616136,0.64786,0.681427,0.678695,0.660298,0.679778
2.9976,0.629575,0.655904,0.628903,0.612309,0.616511,0.647775,0.67995,0.679345,0.659814,0.678667
2.9978,0.628662,0.655996,0.628776,0.610768,0.617112,0.64818,0.677931,0.678816,0.659889,0.677912
2.998,0.628112,0.65713,0.62763,0.609824,0.617894,0.648954,0.675566,0.677637,0.660669,0.677599
2.9982,0.628655,0.658849,0.62638,0.609648,0.618535,0.649673,0.674395,0.676234,0.661596,0.677576
2.9984,0.629977,0.659763,0.625969,0.610183,0.618613,0.649996,0.674384,0.67553,0.662445,0.677346
2.9986,0.630852,0.65942,0.626721,0.610922,0.61846,0.649649,0.674334,0.67598,0.662924,0.676662
2.9988,0.630021,0.65819,0.627782,0.611137,0.618634,0.649026,0.672888,0.676856,0.662519,0.675701
2.999,0.627644,0.656795,0.628501,0.610487,0.619159,0.648653,0.670895,0.677258,0.661759,0.67496
2.9992,0.625582,0.656523,0.628295,0.609308,0.619801,0.648634,0.669686,0.676953,0.661792,0.674828
2.9994,0.625105,0.658015,0.627291,0.608354,0.620518,0.648969,0.669576,0.676126,0.66247,0.675339
2.9996,0.626014,0.660218,0.626148,0.608224,0.621227,0.649341,0.670003,0.675194,0.663308,0.676173
2.9998,0.62701,0.661525,0.625583,0.609023,0.621612,0.649373,0.670147,0.674793,0.663671,0.676809
3,0.627108,0.661254,0.625903,0.610102,0.6214,0.649598,0.669787,0.674884,0.663009,0.676902
3.0002,0.625592,0.659781,0.626717,0.610694,0.620421,0.650015,0.669405,0.674948,0.661955,0.678046
3.0004,0.623099,0.658488,0.627448,0.610331,0.619085,0.650529,0.669732,0.675113,0.661341,0.681486
3.0006,0.620982,0.658721,0.627625,0.609532,0.618482,0.651153,0.670992,0.675583,0.661427,0.686731
3.0008,0.620534,0.662193,0.627122,0.609356,0.618723,0.651461,0.672504,0.676032,0.662279,0.694113
3.001,0.62213,0.667715,0.626285,0.610485,0.619723,0.651503,0.674014,0.676447,0.663357,0.702688
3.0012,0.62459,0.674094,0.625908,0.612331,0.620618,0.651995,0.676366,0.676388,0.663816,0.713025
3.0014,0.626975,0.680317,0.626426,0.614263,0.620391,0.653525,0.67899,0.676133,0.664221,0.724794
3.0016,0.628608,0.686999,0.627294,0.615485,0.619642,0.655983,0.681809,0.676704,0.665044,0.738794
3.0018,0.629063,0.695414,0.628027,0.616181,0.61935,0.659104,0.685696,0.677745,0.666525,0.755126
3.002,0.629304,0.706267,0.628287,0.617299,0.620142,0.662135,0.691527,0.679527,0.668974,0.77373
3.0022,0.630612,0.718995,0.62813,0.619708,0.622146,0.665097,0.699239,0.681841,0.672263,0.793831
3.0024,0.63366,0.732639,0.627898,0.623474,0.624606,0.667765,0.708221,0.6843,0.675934,0.814994
3.0026,0.63829,0.746546,0.62802,0.628274,0.62721,0.671418,0.718131,0.686868,0.679716,0.836157
3.0028,0.64387,0.760657,0.628782,0.633521,0.629883,0.676137,0.728976,0.689024,0.683462,0.857429
3.003,0.649521,0.775246,0.630171,0.638421,0.63285,0.681176,0.7415,0.691173,0.687219,0.879724
3.0032,0.654382,0.791387,0.631838,0.642739,0.636051,0.686428,0.756118,0.694261,0.691186,0.903871
3.0034,0.659046,0.808925,0.633467,0.647302,0.638974,0.691368,0.771822,0.698903,0.695482,0.929861
3.0036,0.664785,0.826986,0.634781,0.652637,0.641874,0.696024,0.787276,0.704037,0.700161,0.957095
3.0038,0.671542,0.845105,0.636095,0.658546,0.645015,0.701422,0.80224,0.70868,0.704969,0.98466
3.004,0.678426,0.863084,0.637927,0.664308,0.648752,0.707996,0.816924,0.712786,0.709777,1.01233
3.0042,0.684795,0.881266,0.639996,0.669592,0.653018,0.715314,0.832191,0.716291,0.71442,1.04005
3.0044,0.690883,0.900023,0.641612,0.674548,0.657488,0.722265,0.848062,0.719977,0.718757,1.06808
3.0046,0.697376,0.919612,0.643328,0.679496,0.661969,0.728993,0.864431,0.725214,0.722926,1.09684
3.0048,0.70428,0.940002,0.646188,0.684976,0.666324,0.73541,0.881078,0.731377,0.726984,1.12625
3.005,0.711428,0.960953,0.649232,0.690924,0.670698,0.741386,0.897595,0.737482,0.731552,1.15628
3.0052,0.718579,0.982211,0.651284,0.697029,0.675296,0.747282,0.914802,0.742828,0.737025,1.18682
3.0054,0.725635,1.00371,0.651703,0.702662,0.68012,0.753304,0.931833,0.747188,0.742349,1.21684
3.0056,0.732728,1.02558,0.651014,0.707466,0.685013,0.759854,0.948968,0.751381,0.746901,1.24603
3.0058,0.740088,1.04767,0.650281,0.711138,0.689636,0.766833,0.966249,0.755741,0.750474,1.27505
3.006,0.747535,1.06931,0.650642,0.714409,0.693991,0.773485,0.983017,0.76023,0.753695,1.30439
3.0062,0.754116,1.09053,0.652625,0.718083,0.698002,0.77966,0.99969,0.765007,0.757388,1.33383
3.0064,0.76014,1.11131,0.655184,0.722738,0.702241,0.785118,1.01494,0.76935,0.761179,1.36318
3.0066,0.766064,1.1317,0.65685,0.728267,0.706534,0.79025,1.02927,0.772988,0.764443,1.39238
3.0068,0.771919,1.15168,0.656896,0.733402,0.710023,0.795145,1.04384,0.776806,0.767915,1.42124
3.007,0.777533,1.17112,0.655655,0.737261,0.71304,0.800233,1.05995,0.781263,0.772579,1.44867
3.0072,0.783054,1.1901,0.654144,0.739704,0.715624,0.805831,1.07857,0.785851,0.776827,1.47476
3.0074,0.789117,1.20873,0.654089,0.741367,0.718194,0.810995,1.09674,0.789878,0.779714,1.50014
3.0076,0.795135,1.22738,0.655945,0.743694,0.721186,0.815277,1.11096,0.793056,0.781139,1.52526
3.0078,0.800186,1.24626,0.658112,0.74903,0.724792,0.818695,1.12114,0.795304,0.781864,1.55062
3.008,0.803973,1.26483,0.659341,0.756751,0.727962,0.821083,1.13053,0.797835,0.783221,1.57639
3.0082,0.806633,1.28243,0.659339,0.763615,0.729876,0.822858,1.14258,0.801714,0.785485,1.60149
3.0084,0.808686,1.29887,0.658524,0.766756,0.730755,0.824708,1.15821,0.805851,0.787564,1.62442
3.0086,0.810464,1.31436,0.657276,0.766637,0.731184,0.827166,1.17535,0.808311,0.788652,1.64534
3.0088,0.812582,1.32937,0.655832,0.765263,0.731197,0.829026,1.19093,0.808584,0.788238,1.6646
3.009,0.815198,1.34401,0.654297,0.765047,0.730968,0.830386,1.20312,0.808339,0.786761,1.6822
3.0092,0.817762,1.35807,0.652739,0.767843,0.730905,0.831408,1.21187,0.808419,0.785099,1.69883
3.0094,0.819543,1.37069,0.651019,0.772567,0.731135,0.831537,1.21944,0.808717,0.784654,1.7161
3.0096,0.820124,1.38169,0.649559,0.77624,0.731406,0.831193,1.22797,0.809828,0.78528,1.73413
3.0098,0.819417,1.39137,0.648408,0.777256,0.731257,0.830921,1.23787,0.81085,0.785726,1.7517
3.01,0.817595,1.40023,0.647209,0.775897,0.730194,0.830343,1.24796,0.810586,0.784672,1.76676
3.0102,0.815426,1.40838,0.644933,0.773508,0.72801,0.829219,1.25597,0.808572,0.781661,1.77808
3.0104,0.813671,1.41582,0.641647,0.771668,0.72534,0.827786,1.26093,0.805458,0.777973,1.78616
3.0106,0.812771,1.42215,0.637919,0.771454,0.723227,0.826461,1.26407,0.802563,0.775527,1.7931
3.0108,0.812268,1.42712,0.634604,0.772634,0.721185,0.825284,1.26746,0.801448,0.774628,1.80092
3.011,0.811131,1.43026,0.632169,0.773954,0.718233,0.823553,1.27253,0.801482,0.774398,1.80998
3.0112,0.808967,1.43194,0.629691,0.773982,0.713816,0.820802,1.27891,0.800668,0.773137,1.81893
3.0114,0.806343,1.43232,0.626145,0.77214,0.708394,0.817472,1.2853,0.797834,0.769888,1.82572
3.0116,0.804082,1.43189,0.621917,0.768925,0.702688,0.813644,1.29067,0.79305,0.765321,1.82873
3.0118,0.801834,1.43064,0.617891,0.765159,0.698051,0.809377,1.29404,0.787614,0.760683,1.82816
3.012,0.798797,1.42823,0.614332,0.761394,0.694601,0.804918,1.29468,0.782463,0.757195,1.82538
3.0122,0.794956,1.42422,0.611219,0.757615,0.690847,0.800327,1.29351,0.777561,0.754396,1.82178
3.0124,0.790279,1.41851,0.608069,0.753636,0.68505,0.795645,1.29193,0.772325,0.751214,1.81843
3.0126,0.784489,1.41141,0.6049,0.749792,0.677306,0.790824,1.29073,0.766595,0.74735,1.81495
3.0128,0.777923,1.40332,0.601419,0.745875,0.669251,0.785621,1.28979,0.760329,0.742742,1.81016
3.013,0.771248,1.39435,0.598056,0.740955,0.662585,0.779922,1.28702,0.75378,0.738033,1.80267
3.0132,0.764936,1.38449,0.595033,0.735004,0.658021,0.773894,1.28216,0.747615,0.734066,1.79223
3.0134,0.759121,1.37374,0.592387,0.728554,0.655035,0.768204,1.27531,0.742361,0.730684,1.77923
3.0136,0.753579,1.36239,0.589574,0.722523,0.652155,0.763229,1.26731,0.737988,0.726395,1.76473
3.0138,0.7481,1.35092,0.586003,0.717105,0.647833,0.758753,1.25967,0.734283,0.720612,1.74953
3.014,0.742726,1.33976,0.581835,0.712212,0.641962,0.753927,1.25148,0.730942,0.713918,1.73398
3.0142,0.737721,1.32832,0.577831,0.707401,0.636145,0.748437,1.24216,0.72695,0.707919,1.7175
3.0144,0.73305,1.31528,0.575185,0.702036,0.631194,0.742433,1.23264,0.721852,0.703188,1.69983
3.0146,0.727997,1.30015,0.573572,0.695576,0.627002,0.736236,1.22206,0.71688,0.699992,1.68067
3.0148,0.722107,1.28352,0.572397,0.688476,0.623403,0.729901,1.20928,0.712909,0.697524,1.65947
3.015,0.715798,1.26664,0.570724,0.681884,0.619963,0.723682,1.19471,0.709351,0.694195,1.63605
3.0152,0.709862,1.25034,0.568519,0.676416,0.616513,0.717501,1.17983,0.705709,0.689663,1.61088
3.0154,0.704377,1.23452,0.566067,0.672007,0.613349,0.711395,1.16557,0.701404,0.684639,1.58527
3.0156,0.699359,1.21854,0.564195,0.668177,0.610784,0.705325,1.15207,0.696571,0.680124,1.56057
3.0158,0.69428,1.20224,0.563111,0.664519,0.609076,0.699757,1.13818,0.6923,0.67691,1.53778
3.016,0.688955,1.18647,0.562527,0.660998,0.607413,0.695178,1.12342,0.689328,0.675143,1.51687
3.0162,0.683573,1.17222,0.561625,0.657767,0.605352,0.691067,1.10858,0.687475,0.674177,1.49712
3.0164,0.678691,1.15972,0.56038,0.655033,0.603029,0.686972,1.09437,0.686218,0.672973,1.47808
3.0166,0.675877,1.1487,0.559069,0.653029,0.60103,0.682738,1.08121,0.685154,0.671375,1.45979
3.0168,0.674502,1.13871,0.558303,0.651871,0.599876,0.678244,1.06965,0.683955,0.669899,1.4426
3.017,0.672377,1.12911,0.558252,0.650978,0.600072,0.673888,1.05999,0.682471,0.668716,1.42678
3.0172,0.668695,1.11993,0.558642,0.650045,0.600826,0.670397,1.05209,0.681107,0.668249,1.413
3.0174,0.664065,1.11184,0.55919,0.649731,0.601634,0.668005,1.04467,0.6803,0.668218,1.40139
3.0176,0.660318,1.10564,0.559367,0.650121,0.602149,0.666525,1.03621,0.679855,0.668208,1.39162
3.0178,0.658666,1.10078,0.559248,0.650451,0.602668,0.665574,1.02743,0.679172,0.667989,1.38333
3.018,0.658863,1.09632,0.559028,0.650212,0.603181,0.664559,1.01934,0.678146,0.668432,1.37633
3.0182,0.659928,1.0918,0.558763,0.649611,0.604122,0.663415,1.01255,0.676944,0.669926,1.37047
3.0184,0.660725,1.08756,0.558604,0.649294,0.605983,0.662493,1.00724,0.676043,0.672159,1.3659
3.0186,0.660737,1.08501,0.558866,0.649875,0.608153,0.662176,1.00261,0.675877,0.674317,1.3629
3.0188,0.660553,1.08484,0.559287,0.651632,0.610352,0.662799,0.998475,0.676999,0.676289,1.36174
3.019,0.661112,1.08673,0.559947,0.654298,0.612458,0.664506,0.995484,0.678296,0.677983,1.36246
3.0192,0.663053,1.08914,0.560552,0.657326,0.61472,0.667113,0.993623,0.679439,0.67983,1.36485
3.0194,0.666381,1.0909,0.561482,0.660312,0.616724,0.669986,0.992637,0.680016,0.682058,1.36847
3.0196,0.670505,1.092,0.562883,0.663044,0.618421,0.672517,0.992448,0.679829,0.684467,1.37283
3.0198,0.674582,1.09363,0.564064,0.665417,0.620526,0.674675,0.993182,0.679705,0.686916,1.37765
3.02,0.677971,1.09728,0.564622,0.667579,0.623155,0.676901,0.994817,0.680371,0.689487,1.383
3.0202,0.680814,1.10282,0.564832,0.670044,0.625904,0.679312,0.996605,0.681929,0.692083,1.38908
3.0204,0.683936,1.10906,0.56526,0.673178,0.629289,0.682014,0.999182,0.683651,0.695149,1.39629
3.0206,0.68782,1.1149,0.566145,0.676516,0.633371,0.685206,1.00148,0.684853,0.698591,1.40465
3.0208,0.692202,1.12003,0.567393,0.679615,0.637378,0.688553,1.00357,0.685531,0.702187,1.41381
3.021,0.696961,1.12498,0.568772,0.682037,0.640482,0.69168,1.00529,0.686126,0.70544,1.42332
3.0212,0.701689,1.13072,0.571027,0.684567,0.642735,0.694746,1.00682,0.687265,0.708181,1.43292
3.0214,0.705684,1.13795,0.574117,0.687779,0.644882,0.69809,1.00968,0.689225,0.711117,1.44262
3.0216,0.709596,1.14667,0.576851,0.691138,0.648002,0.702035,1.01353,0.691819,0.714397,1.45251
3.0218,0.714248,1.15624,0.578573,0.694129,0.652355,0.706716,1.01762,0.69469,0.717996,1.46276
3.022,0.719586,1.16597,0.579283,0.696469,0.657159,0.711676,1.02126,0.697453,0.721489,1.4735
3.0222,0.72489,1.17555,0.579679,0.698499,0.661786,0.716616,1.02439,0.700042,0.725092,1.48449
3.0224,0.729484,1.18521,0.580523,0.700446,0.665725,0.721152,1.0275,0.703,0.72868,1.49554
3.0226,0.733206,1.19486,0.581943,0.702426,0.668165,0.725194,1.02962,0.706013,0.731918,1.5066
3.0228,0.736512,1.20467,0.583762,0.704611,0.668881,0.729062,1.03075,0.709013,0.73444,1.51773
3.023,0.740309,1.21503,0.585569,0.706735,0.668833,0.732754,1.03211,0.712093,0.736045,1.52876
3.0232,0.744569,1.22541,0.586867,0.709005,0.66925,0.736188,1.03507,0.714643,0.737337,1.53981
3.0234,0.749131,1.2353,0.587953,0.71269,0.670634,0.738985,1.03898,0.716307,0.738964,1.55115
3.0236,0.753866,1.24443,0.58888,0.717386,0.672617,0.741449,1.0419,0.717765,0.7413,1.56273
3.0238,0.758379,1.25325,0.589418,0.72135,0.674442,0.743944,1.04316,0.719625,0.743934,1.57414
3.024,0.762601,1.26239,0.589689,0.723278,0.675631,0.746572,1.04429,0.721926,0.746244,1.58492
3.0242,0.767323,1.27225,0.589962,0.723702,0.676269,0.749163,1.04749,0.724412,0.74791,1.59499
3.0244,0.772598,1.28273,0.590572,0.724901,0.677314,0.75149,1.05198,0.726858,0.749138,1.60473
3.0246,0.777886,1.29239,0.591103,0.727045,0.679561,0.753197,1.05552,0.729448,0.750616,1.61473
3.0248,0.782635,1.30027,0.591367,0.729866,0.682605,0.754199,1.05746,0.732051,0.752767,1.62538
3.025,0.786679,1.30671,0.591693,0.732977,0.685293,0.754591,1.06074,0.734476,0.75552,1.63666
3.0252,0.789403,1.31248,0.592063,0.735106,0.686601,0.754636,1.06704,0.736573,0.758118,1.64757
3.0254,0.790965,1.31784,0.592236,0.735841,0.686703,0.754416,1.07174,0.73816,0.759476,1.65671
3.0256,0.792616,1.32373,0.592169,0.735563,0.686108,0.753943,1.07347,0.739127,0.759362,1.66364
3.0258,0.795053,1.33059,0.591759,0.735515,0.685673,0.753371,1.07471,0.74003,0.758415,1.66911
3.026,0.797963,1.33752,0.591451,0.736844,0.685988,0.753035,1.07622,0.741367,0.758064,1.67409
3.0262,0.800591,1.34334,0.591539,0.739296,0.686868,0.753023,1.07731,0.74334,0.759257,1.67905
3.0264,0.802378,1.34692,0.59184,0.741254,0.687464,0.753082,1.07832,0.744572,0.760977,1.68386
3.0266,0.803634,1.34885,0.592131,0.74184,0.6871,0.75257,1.07988,0.744471,0.76186,1.68806
3.0268,0.80451,1.35005,0.591939,0.74122,0.686016,0.751352,1.08188,0.743748,0.760962,1.69103
3.027,0.804636,1.35152,0.591044,0.740637,0.685035,0.749688,1.08311,0.742824,0.758744,1.69266
3.0272,0.804051,1.353,0.589412,0.741116,0.684696,0.748382,1.08283,0.741884,0.756888,1.6933
3.0274,0.803363,1.35379,0.588373,0.74241,0.685139,0.74783,1.082,0.742273,0.756193,1.69373
3.0276,0.803519,1.353,0.588552,0.742646,0.686132,0.747804,1.08087,0.744805,0.756628,1.69449
3.0278,0.804431,1.35082,0.589573,0.740719,0.686829,0.747744,1.07878,0.747249,0.75698,1.69563
3.028,0.804453,1.34837,0.590823,0.737413,0.686339,0.746896,1.07663,0.74752,0.756727,1.69607
3.0282,0.802275,1.34549,0.590733,0.7343,0.684752,0.744894,1.07638,0.745403,0.755043,1.69459
3.0284,0.797972,1.34163,0.588862,0.73298,0.683057,0.742265,1.07639,0.741862,0.75208,1.69071
3.0286,0.793095,1.3368,0.586766,0.733726,0.681973,0.739788,1.073,0.739578,0.749954,1.68509
3.0288,0.789145,1.33135,0.585515,0.735506,0.680912,0.738115,1.06684,0.740782,0.749221,1.67871
3.029,0.786943,1.32547,0.585659,0.736949,0.679529,0.737239,1.06177,0.743688,0.74894,1.67193
3.0292,0.78575,1.31921,0.587124,0.736403,0.677335,0.736176,1.05894,0.745569,0.748522,1.66465
3.0294,0.784107,1.31209,0.588655,0.733878,0.674434,0.734049,1.05815,0.744681,0.747192,1.65636
3.0296,0.780905,1.3034,0.588651,0.730961,0.671819,0.730707,1.05656,0.74164,0.744761,1.64669
3.0298,0.776111,1.29304,0.587506,0.729332,0.669793,0.726932,1.05143,0.739222,0.7419,1.63523
3.03,0.770796,1.28183,0.586283,0.729605,0.667864,0.724006,1.04356,0.738949,0.739423,1.6225
3.0302,0.766328,1.27108,0.584983,0.730999,0.665475,0.722778,1.03651,0.739468,0.738225,1.60872
3.0304,0.76352,1.26181,0.583886,0.731796,0.662401,0.723038,1.03207,0.738854,0.738526,1.59453
3.0306,0.762204,1.25402,0.583551,0.730903,0.659201,0.723365,1.0302,0.737116,0.739112,1.57977
3.0308,0.761393,1.24619,0.583289,0.72924,0.656216,0.722168,1.02666,0.735066,0.738118,1.56399
3.031,0.759885,1.23652,0.582835,0.728081,0.653902,0.719129,1.01925,0.733024,0.735289,1.54677
3.0312,0.757015,1.22435,0.582737,0.727541,0.652005,0.715325,1.00987,0.731668,0.731999,1.5283
3.0314,0.753311,1.21037,0.582871,0.726732,0.649907,0.712012,1.00267,0.731253,0.729622,1.50912
3.0316,0.749912,1.19633,0.58263,0.725579,0.647101,0.709621,0.997513,0.731269,0.728785,1.48991
3.0318,0.747456,1.18352,0.581615,0.724033,0.643847,0.708159,0.99174,0.73119,0.728516,1.47054
3.032,0.745605,1.17208,0.580033,0.722406,0.640728,0.706718,0.984537,0.730854,0.727683,1.45052
3.0322,0.743392,1.16154,0.578556,0.721113,0.638351,0.704473,0.976429,0.729782,0.725821,1.42965
3.0324,0.74086,1.15121,0.57791,0.720729,0.637055,0.701432,0.96946,0.728249,0.723805,1.4085
3.0326,0.738484,1.14076,0.578415,0.720881,0.636787,0.698321,0.965148,0.726532,0.722602,1.38834
3.0328,0.736677,1.13053,0.579696,0.721017,0.637092,0.695844,0.960993,0.725713,0.722445,1.37014
3.033,0.735486,1.12074,0.580669,0.720955,0.637491,0.694549,0.953767,0.726314,0.722613,1.35401
3.0332,0.734709,1.11148,0.581154,0.720577,0.637659,0.69357,0.945227,0.726964,0.72221,1.33934
3.0334,0.734192,1.10291,0.5811,0.720065,0.637477,0.691709,0.938336,0.726466,0.721527,1.32532
3.0336,0.733782,1.09488,0.580812,0.719667,0.637305,0.689264,0.933781,0.725645,0.721238,1.31125
3.0338,0.733329,1.08726,0.580901,0.719705,0.637732,0.686984,0.930537,0.725666,0.721861,1.29762
3.034,0.732784,1.08034,0.581538,0.720132,0.638599,0.685257,0.926108,0.726092,0.722951,1.28555
3.0342,0.7323,1.07444,0.58229,0.720684,0.639567,0.684035,0.919744,0.726477,0.724001,1.27532
3.0344,0.732075,1.06928,0.582978,0.720892,0.640615,0.683254,0.914471,0.726532,0.724509,1.26633
3.0346,0.732083,1.06428,0.583628,0.72101,0.641649,0.682654,0.910363,0.726249,0.724717,1.25792
3.0348,0.732062,1.05922,0.584402,0.721765,0.642624,0.681938,0.90632,0.725969,0.724808,1.25005
3.035,0.732071,1.05458,0.585174,0.723652,0.64372,0.681255,0.903561,0.726205,0.725549,1.24335
3.0352,0.73221,1.05125,0.585831,0.725772,0.645178,0.681091,0.900516,0.727651,0.726947,1.23847
3.0354,0.733024,1.04905,0.586393,0.727239,0.647164,0.681789,0.896223,0.72923,0.728504,1.23553
3.0356,0.735104,1.04744,0.586918,0.728057,0.649709,0.683317,0.894226,0.729976,0.730576,1.2341
3.0358,0.737484,1.046,0.587956,0.728791,0.652692,0.685416,0.895093,0.729385,0.732688,1.23358
3.036,0.738939,1.04447,0.58955,0.729705,0.655746,0.687638,0.895317,0.728392,0.73416,1.23352
3.0362,0.739355,1.0431,0.591154,0.731721,0.658428,0.689392,0.893145,0.727704,0.735562,1.23373
3.0364,0.739485,1.0426,0.592519,0.734976,0.66061,0.690857,0.889931,0.728323,0.736858,1.23448
3.0366,0.740331,1.04361,0.593512,0.738104,0.662759,0.692809,0.88874,0.730496,0.738169,1.23629
3.0368,0.742598,1.04629,0.593904,0.73998,0.665085,0.69532,0.890196,0.734697,0.740139,1.23929
3.037,0.74536,1.0495,0.594217,0.740862,0.667571,0.698129,0.893492,0.738916,0.742322,1.24304
3.0372,0.747657,1.05177,0.595074,0.741766,0.670064,0.700547,0.895716,0.740593,0.744123,1.24688
3.0374,0.749287,1.05274,0.596901,0.744068,0.672175,0.702191,0.895276,0.738958,0.74551,1.25051
3.0376,0.750588,1.05335,0.599132,0.747586,0.67428,0.703488,0.89403,0.73583,0.746753,1.25437
3.0378,0.752087,1.05498,0.601146,0.751001,0.676406,0.705131,0.894567,0.73409,0.74831,1.25901
3.038,0.754061,1.05904,0.602744,0.752982,0.678353,0.70766,0.896538,0.735211,0.750554,1.26466
3.0382,0.756481,1.06675,0.604077,0.753898,0.679892,0.711138,0.898621,0.738621,0.753341,1.271
3.0384,0.759144,1.07618,0.605473,0.755012,0.681394,0.715309,0.900675,0.742427,0.756413,1.27735
3.0386,0.761933,1.08395,0.60652,0.756594,0.68424,0.719852,0.901705,0.744908,0.75958,1.28304
3.0388,0.764921,1.08844,0.606743,0.75878,0.689402,0.723904,0.902301,0.745518,0.762654,1.28826
3.039,0.768308,1.09095,0.607136,0.761596,0.694956,0.726717,0.904771,0.745729,0.765377,1.29367
3.0392,0.7722,1.09403,0.608246,0.764456,0.698133,0.728612,0.908373,0.746928,0.767421,1.29977
3.0394,0.776732,1.09917,0.609621,0.766324,0.698658,0.730763,0.910937,0.749129,0.76897,1.30677
3.0396,0.780928,1.10636,0.610596,0.767185,0.698384,0.733868,0.912047,0.75194,0.770647,1.31416
3.0398,0.783881,1.11433,0.611525,0.767575,0.698836,0.737196,0.91353,0.754647,0.772272,1.32116
3.04,0.786296,1.12132,0.612649,0.767849,0.700654,0.739838,0.916429,0.756405,0.773782,1.32708
3.0402,0.788199,1.12626,0.613532,0.76876,0.703479,0.741244,0.918943,0.757742,0.775559,1.33204
3.0404,0.790139,1.12985,0.61426,0.770485,0.706469,0.741813,0.921085,0.759151,0.777585,1.33673
3.0406,0.792965,1.13356,0.61473,0.772379,0.708815,0.74232,0.924032,0.760255,0.778917,1.34197
3.0408,0.796347,1.13821,0.614994,0.773586,0.710233,0.743157,0.92734,0.761201,0.778818,1.34819
3.041,0.799762,1.14387,0.615383,0.773728,0.711306,0.744835,0.929817,0.76322,0.777448,1.35517
3.0412,0.80248,1.14994,0.616124,0.773588,0.712716,0.746998,0.931157,0.7668,0.776218,1.36223
3.0414,0.80472,1.15569,0.617145,0.77431,0.714715,0.748588,0.931922,0.770303,0.775671,1.3688
3.0416,0.806917,1.1609,0.61781,0.776492,0.716781,0.748981,0.933134,0.772086,0.776482,1.37484
3.0418,0.808843,1.16589,0.618105,0.779733,0.71838,0.748814,0.935036,0.772333,0.77785,1.38051
3.042,0.810277,1.17067,0.618385,0.782621,0.71907,0.748867,0.936214,0.772151,0.778474,1.38577
3.0422,0.811735,1.17485,0.618813,0.784048,0.719325,0.74883,0.937182,0.772325,0.77772,1.39066
3.0424,0.814004,1.17814,0.619476,0.784072,0.720353,0.748535,0.939088,0.773558,0.775698,1.39514
3.0426,0.8167,1.18061,0.620351,0.783719,0.722483,0.747956,0.939289,0.775854,0.773227,1.39887
3.0428,0.819065,1.18258,0.620996,0.784181,0.724606,0.747341,0.938435,0.778403,0.771474,1.40186
3.043,0.820342,1.18438,0.621202,0.785142,0.725611,0.747231,0.938563,0.780257,0.772549,1.40424
3.0432,0.820552,1.1859,0.621162,0.786152,0.725668,0.747615,0.93826,0.781385,0.775422,1.40617
3.0434,0.820412,1.18734,0.621309,0.786453,0.72583,0.748019,0.938156,0.782661,0.777603,1.40767
3.0436,0.820733,1.18828,0.621969,0.785886,0.726883,0.747858,0.939622,0.785181,0.7775,1.4088
3.0438,0.821362,1.18808,0.623219,0.784873,0.728007,0.747128,0.941142,0.787818,0.775471,1.40961
3.044,0.821676,1.18647,0.624902,0.784554,0.728102,0.746563,0.940889,0.789202,0.773194,1.41025
3.0442,0.821494,1.18394,0.626461,0.78509,0.727219,0.747064,0.93893,0.789952,0.772107,1.41084
3.0444,0.820999,1.1812,0.627166,0.786151,0.726088,0.748544,0.937254,0.791389,0.773002,1.41137
3.0446,0.820965,1.17898,0.627564,0.787505,0.7254,0.749776,0.937918,0.792609,0.775047,1.41134
3.0448,0.821782,1.17718,0.628607,0.787835,0.725208,0.750119,0.939972,0.793172,0.776514,1.41002
3.045,0.822298,1.17458,0.630312,0.786337,0.725243,0.749675,0.941153,0.793106,0.776682,1.40731
3.0452,0.821303,1.1701,0.631571,0.784126,0.725634,0.748677,0.941409,0.792211,0.776117,1.40334
3.0454,0.818717,1.16389,0.631638,0.783013,0.72626,0.747936,0.939115,0.792606,0.775777,1.39871
3.0456,0.815548,1.15671,0.630847,0.784639,0.726433,0.748114,0.933965,0.795324,0.775986,1.39351
3.0458,0.813579,1.14969,0.629943,0.787316,0.725813,0.749147,0.928948,0.798487,0.776076,1.38793
3.046,0.813748,1.1434,0.629665,0.788506,0.724563,0.750134,0.927226,0.799741,0.775829,1.38161
3.0462,0.814977,1.13754,0.630115,0.787114,0.723116,0.750389,0.928532,0.798512,0.775003,1.37437
3.0464,0.815398,1.13122,0.630893,0.784412,0.722219,0.749722,0.929795,0.796244,0.77398,1.36606
3.0466,0.813892,1.12385,0.631482,0.782708,0.722375,0.748595,0.928985,0.795133,0.773569,1.35684
3.0468,0.810906,1.11561,0.631229,0.783147,0.723463,0.747468,0.925467,0.796523,0.774019,1.34688
3.047,0.808148,1.10744,0.630506,0.785544,0.724867,0.746279,0.921303,0.8,0.774885,1.33659
3.0472,0.807311,1.10035,0.63013,0.788365,0.725755,0.7456,0.918899,0.803839,0.775416,1.32569
3.0474,0.808861,1.09454,0.630754,0.78975,0.725957,0.745374,0.91862,0.806146,0.775095,1.31393
3.0476,0.811649,1.08876,0.632098,0.789514,0.725282,0.744989,0.918092,0.806161,0.774064,1.30133
3.0478,0.813323,1.08169,0.63309,0.788883,0.723986,0.744519,0.914827,0.804809,0.773208,1.28827
3.048,0.812655,1.07332,0.632986,0.788709,0.722623,0.743728,0.909841,0.803634,0.773071,1.27499
3.0482,0.810758,1.06437,0.631779,0.789011,0.721728,0.742518,0.90535,0.803558,0.773284,1.26132
3.0484,0.809092,1.05542,0.630148,0.789407,0.721153,0.74154,0.90188,0.804493,0.773353,1.24708
3.0486,0.808148,1.04678,0.629046,0.789366,0.721021,0.741076,0.899173,0.805568,0.772926,1.23224
3.0488,0.807769,1.0385,0.629085,0.788894,0.720898,0.741269,0.895921,0.805826,0.772028,1.21717
3.049,0.807345,1.03042,0.630169,0.788558,0.720197,0.741615,0.892126,0.805245,0.771288,1.20247
3.0492,0.80649,1.02255,0.631716,0.788822,0.718623,0.741832,0.889162,0.804519,0.771389,1.18875
3.0494,0.805607,1.01522,0.633144,0.78967,0.716486,0.741915,0.88728,0.804199,0.772428,1.17629
3.0496,0.80536,1.00878,0.634202,0.79084,0.714376,0.741362,0.885699,0.803586,0.774114,1.165
3.0498,0.805856,1.00321,0.634892,0.792182,0.712892,0.740797,0.884274,0.802669,0.775999,1.1546
3.05,0.806844,0.998286,0.635233,0.793632,0.71248,0.740832,0.882025,0.801575,0.777517,1.14478
3.0502,0.808184,0.993631,0.635535,0.794937,0.712703,0.741432,0.87961,0.800508,0.778284,1.13512
3.0504,0.809565,0.988712,0.636002,0.795781,0.712647,0.742608,0.877206,0.799647,0.77901,1.12558
3.0506,0.810455,0.983536,0.636758,0.796291,0.711771,0.743728,0.875051,0.798834,0.779916,1.11663
3.0508,0.810888,0.978672,0.637773,0.796847,0.710269,0.744224,0.87259,0.797721,0.781591,1.10853
3.051,0.8115,0.974766,0.638743,0.797713,0.708651,0.744733,0.869374,0.796572,0.783151,1.10132
3.0512,0.812564,0.971689,0.639472,0.798366,0.707434,0.745466,0.867835,0.795838,0.783759,1.09489
3.0514,0.813514,0.968771,0.640045,0.798352,0.706911,0.746004,0.868637,0.795868,0.783633,1.08917
3.0516,0.814242,0.965589,0.640741,0.798162,0.707098,0.746599,0.869417,0.796347,0.783012,1.08417
3.0518,0.814503,0.962135,0.641865,0.798006,0.707764,0.748095,0.867971,0.796712,0.782807,1.08009
3.052,0.814664,0.959105,0.643535,0.798527,0.708539,0.749814,0.864567,0.797066,0.783953,1.07711
3.0522,0.815139,0.957359,0.645618,0.799458,0.70928,0.750991,0.861464,0.797399,0.785925,1.07528
3.0524,0.816571,0.956531,0.64775,0.799894,0.710213,0.751507,0.860974,0.798146,0.78728,1.07451
3.0526,0.81851,0.955887,0.649393,0.799476,0.711732,0.752423,0.863191,0.799955,0.787457,1.07469
3.0528,0.82006,0.954858,0.650348,0.79836,0.713481,0.754326,0.866142,0.802256,0.786315,1.07561
3.053,0.820235,0.95337,0.650978,0.797374,0.714793,0.756898,0.867943,0.80407,0.785032,1.07694
3.0532,0.819714,0.952072,0.651819,0.797294,0.715991,0.758914,0.867692,0.805526,0.784835,1.07848
3.0534,0.819892,0.951644,0.652984,0.798639,0.71747,0.759539,0.866435,0.806553,0.785469,1.08033
3.0536,0.821672,0.952212,0.6542,0.800618,0.719028,0.759393,0.866581,0.807093,0.78632,1.08261
3.0538,0.824731,0.9535,0.655441,0.801431,0.720349,0.760189,0.868877,0.807824,0.786769,1.08523
3.054,0.827931,0.954865,0.65657,0.800846,0.721235,0.762416,0.872014,0.808854,0.786335,1.0882
3.0542,0.830177,0.955847,0.657265,0.800031,0.72173,0.765409,0.873946,0.810193,0.785307,1.09172
3.0544,0.830824,0.956614,0.657476,0.799909,0.722362,0.768281,0.874066,0.812325,0.784361,1.0956
3.0546,0.830185,0.957705,0.657998,0.800784,0.723737,0.769946,0.874035,0.814761,0.784139,1.09956
3.0548,0.829577,0.959693,0.659785,0.802329,0.726011,0.770737,0.874868,0.816511,0.784971,1.10378
3.055,0.830321,0.963237,0.661767,0.804014,0.728811,0.771837,0.877427,0.817443,0.786695,1.10869
3.0552,0.832845,0.968976,0.66254,0.805353,0.731587,0.773803,0.881001,0.817508,0.788783,1.11384
3.0554,0.836495,0.975366,0.661754,0.806179,0.733872,0.775916,0.883636,0.817557,0.790751,1.11861
3.0556,0.840159,0.980421,0.660023,0.806899,0.73557,0.777665,0.885615,0.818262,0.7926,1.12306
3.0558,0.843131,0.983499,0.658874,0.807625,0.736965,0.778546,0.886188,0.819628,0.793793,1.12725
3.056,0.845331,0.985413,0.659226,0.808601,0.738489,0.778923,0.885461,0.821231,0.794252,1.13143
3.0562,0.846953,0.987604,0.66071,0.809863,0.740249,0.779943,0.88521,0.822398,0.794937,1.13588
3.0564,0.848438,0.991217,0.662211,0.811024,0.741847,0.781631,0.886797,0.822943,0.796146,1.14057
3.0566,0.850375,0.9961,0.662513,0.811988,0.743567,0.783351,0.88912,0.822985,0.797426,1.14525
3.0568,0.852609,1.00138,0.661845,0.812824,0.745226,0.78476,0.890672,0.822958,0.798253,1.14963
3.057,0.85467,1.00658,0.661357,0.813774,0.74662,0.78518,0.891004,0.823083,0.798436,1.15369
3.0572,0.85633,1.01096,0.661585,0.815218,0.748152,0.784925,0.891978,0.823843,0.798415,1.15765
3.0574,0.857507,1.01449,0.662768,0.817423,0.749416,0.785139,0.893933,0.824992,0.798771,1.16184
3.0576,0.858413,1.01764,0.664733,0.819697,0.750378,0.78612,0.895855,0.825892,0.799899,1.16653
3.0578,0.859471,1.02063,0.666916,0.821441,0.751372,0.787626,0.896839,0.826396,0.801793,1.17178
3.058,0.861024,1.02372,0.668516,0.822339,0.752478,0.788936,0.898095,0.827628,0.803981,1.17742
3.0582,0.863159,1.02708,0.669021,0.822824,0.75398,0.789988,0.900173,0.830172,0.805355,1.18319
3.0584,0.86574,1.03058,0.669011,0.823349,0.755466,0.790605,0.902347,0.831664,0.806034,1.18858
3.0586,0.868537,1.03358,0.669284,0.824272,0.756291,0.790317,0.903536,0.83038,0.806503,1.193
3.0588,0.871097,1.03627,0.669848,0.825229,0.756564,0.789304,0.902859,0.827091,0.807196,1.19651
3.059,0.872926,1.03887,0.670488,0.826175,0.756494,0.787996,0.901677,0.823774,0.808007,1.19954
3.0592,0.873891,1.04089,0.671025,0.827004,0.756566,0.787348,0.900628,0.823019,0.808825,1.20238
3.0594,0.87442,1.04218,0.671291,0.827554,0.757089,0.787823,0.901023,0.825336,0.809477,1.20511
3.0596,0.874998,1.04297,0.671494,0.827693,0.757991,0.788759,0.902758,0.828419,0.809592,1.20762
3.0598,0.875432,1.0438,0.671942,0.827351,0.759392,0.789201,0.903185,0.829394,0.80981,1.20959
3.06,0.875674,1.04534,0.672817,0.826633,0.760638,0.789118,0.901589,0.829375,0.810301,1.21085
3.0602,0.875623,1.04751,0.673978,0.826122,0.761174,0.789116,0.900225,0.829184,0.810743,1.21154
3.0604,0.875381,1.04947,0.675205,0.825805,0.760977,0.788802,0.901001,0.829023,0.810894,1.21208
3.0606,0.875414,1.04994,0.676439,0.825282,0.760767,0.788473,0.903104,0.829259,0.810115,1.2129
3.0608,0.875357,1.04858,0.677614,0.82477,0.761139,0.788281,0.904695,0.829961,0.808733,1.21419
3.061,0.874621,1.04644,0.678586,0.825497,0.761442,0.788725,0.904825,0.830944,0.807377,1.2158
3.0612,0.87317,1.04486,0.67941,0.82768,0.761276,0.789276,0.904236,0.831981,0.806421,1.21707
3.0614,0.871492,1.04445,0.680237,0.829676,0.760789,0.789031,0.903545,0.832853,0.805895,1.21719
3.0616,0.870034,1.04504,0.680973,0.829063,0.760432,0.788419,0.903056,0.833347,0.805467,1.21573
3.0618,0.868863,1.04494,0.681577,0.825195,0.76035,0.787383,0.904513,0.83367,0.804751,1.21308
3.062,0.867674,1.04269,0.681811,0.820001,0.760093,0.786156,0.905507,0.83391,0.803431,1.20994
3.0622,0.866344,1.03855,0.682246,0.815982,0.759531,0.785294,0.904091,0.833874,0.801988,1.20682
3.0624,0.864557,1.03418,0.682738,0.814862,0.758895,0.784811,0.901663,0.833745,0.800847,1.20359
3.0626,0.862315,1.03111,0.68283,0.816171,0.75844,0.784287,0.900367,0.833894,0.799973,1.19976
3.0628,0.859987,1.02959,0.682575,0.817686,0.75827,0.783326,0.900599,0.834365,0.799257,1.19497
3.063,0.85784,1.0284,0.68179,0.817343,0.758262,0.782068,0.901009,0.835101,0.798523,1.18922
3.0632,0.855952,1.02564,0.680939,0.814876,0.758315,0.781055,0.900358,0.83594,0.797827,1.1828
3.0634,0.854339,1.02056,0.680451,0.811751,0.758478,0.78071,0.899986,0.836782,0.797476,1.17576
3.0636,0.853043,1.01467,0.680966,0.809824,0.758798,0.780872,0.899833,0.837691,0.797719,1.16866
3.0638,0.852134,1.00998,0.682312,0.810205,0.759107,0.780605,0.898347,0.838813,0.798577,1.16128
3.064,0.851665,1.00648,0.683072,0.812534,0.759283,0.780055,0.896193,0.84002,0.799492,1.15358
3.0642,0.851599,1.00324,0.68252,0.814674,0.759189,0.778879,0.894601,0.840877,0.799749,1.14497
3.0644,0.851433,0.999164,0.680918,0.815218,0.758778,0.776976,0.893417,0.841126,0.799655,1.13533
3.0646,0.85065,0.99317,0.679152,0.814418,0.75828,0.774941,0.891545,0.840854,0.799519,1.12501
3.0648,0.849561,0.986432,0.67801,0.812987,0.757362,0.773834,0.88883,0.840207,0.79928,1.11469
3.065,0.848715,0.980795,0.677882,0.811858,0.756032,0.773452,0.885853,0.839461,0.799401,1.10468
3.0652,0.848128,0.976695,0.67843,0.811883,0.754391,0.773227,0.883603,0.838876,0.800152,1.09501
3.0654,0.84738,0.973152,0.678957,0.812814,0.753131,0.772916,0.881546,0.838236,0.801519,1.08548
3.0656,0.845864,0.968734,0.678986,0.81351,0.752237,0.772455,0.879154,0.837393,0.803118,1.07598
3.0658,0.843573,0.962771,0.678603,0.813352,0.751166,0.772267,0.877051,0.836316,0.804324,1.06662
3.066,0.841276,0.956061,0.678334,0.81283,0.749653,0.772517,0.876481,0.835063,0.804945,1.05775
3.0662,0.839953,0.950212,0.678735,0.812594,0.747776,0.77314,0.876292,0.834045,0.805303,1.04972
3.0664,0.839963,0.945942,0.679934,0.812942,0.74552,0.773392,0.875853,0.833484,0.805936,1.04274
3.0666,0.840846,0.943,0.681206,0.814085,0.743498,0.772354,0.874723,0.832352,0.807034,1.03668
3.0668,0.841847,0.940132,0.681927,0.815598,0.742281,0.771263,0.873388,0.830278,0.808331,1.03084
3.067,0.842409,0.936297,0.682303,0.816411,0.741969,0.771012,0.871069,0.827975,0.809492,1.0248
3.0672,0.842262,0.931222,0.682573,0.816452,0.74165,0.77131,0.867638,0.826643,0.810348,1.01898
3.0674,0.841627,0.925866,0.682758,0.81637,0.740436,0.771853,0.865992,0.826536,0.810714,1.01377
3.0676,0.841146,0.921808,0.682861,0.8166,0.738443,0.77211,0.866559,0.826529,0.810575,1.009
3.0678,0.84099,0.919617,0.682886,0.816537,0.736217,0.771526,0.866568,0.825357,0.810194,1.00443
3.068,0.841011,0.918565,0.682886,0.81599,0.734803,0.770162,0.864947,0.822798,0.809813,1.00003
3.0682,0.841135,0.91738,0.682992,0.814914,0.73448,0.768727,0.862683,0.819831,0.809575,0.99606
3.0684,0.840788,0.915231,0.683398,0.814024,0.734877,0.768045,0.86072,0.817731,0.809682,0.992997
3.0686,0.840459,0.912127,0.684238,0.813509,0.735339,0.768446,0.861558,0.817143,0.809984,0.99122
3.0688,0.840091,0.909151,0.685498,0.813641,0.735525,0.769704,0.864458,0.817741,0.810574,0.990717
3.069,0.840199,0.907445,0.687044,0.81355,0.735649,0.771258,0.86495,0.818656,0.810834,0.991095
3.0692,0.840704,0.907307,0.688546,0.813313,0.735929,0.772589,0.862358,0.819223,0.810523,0.991923
3.0694,0.841536,0.908134,0.689484,0.812537,0.736093,0.773325,0.859554,0.819425,0.80902,0.992895
3.0696,0.842331,0.909082,0.689724,0.810809,0.736153,0.773447,0.859045,0.819706,0.807089,0.993861
3.0698,0.842507,0.909969,0.689722,0.808767,0.736293,0.773313,0.8618,0.819963,0.80558,0.994908
3.07,0.84254,0.910295,0.690015,0.807337,0.736425,0.77352,0.864549,0.820246,0.805476,0.996378
3.0702,0.842885,0.90968,0.690689,0.806978,0.736593,0.774103,0.865629,0.820904,0.806498,0.99851
3.0704,0.843175,0.908452,0.691446,0.806887,0.737039,0.774577,0.865476,0.822,0.806974,1.00107
3.0706,0.843598,0.90788,0.691989,0.806086,0.737677,0.774524,0.864389,0.823183,0.806012,1.00368
3.0708,0.844588,0.908957,0.692155,0.804323,0.738506,0.773798,0.864064,0.824311,0.803798,1.00614
3.071,0.846017,0.911398,0.692018,0.801973,0.739338,0.772923,0.865219,0.824836,0.801246,1.00848
3.0712,0.847638,0.914201,0.692505,0.800016,0.740019,0.772406,0.86613,0.824957,0.799724,1.01104
3.0714,0.849238,0.916773,0.694689,0.799272,0.740688,0.772705,0.865,0.825004,0.799852,1.01412
3.0716,0.850487,0.918936,0.697356,0.799726,0.741648,0.773096,0.865241,0.825357,0.801238,1.0176
3.0718,0.851123,0.921006,0.698257,0.800841,0.743244,0.772593,0.868722,0.826288,0.802985,1.02108
3.072,0.851156,0.923049,0.696576,0.802525,0.74541,0.771003,0.871271,0.827884,0.804214,1.0242
3.0722,0.851316,0.925575,0.693501,0.803469,0.747573,0.769099,0.871215,0.8299,0.804288,1.0269
3.0724,0.851767,0.928784,0.691043,0.803234,0.749069,0.767639,0.870142,0.831608,0.80336,1.02958
3.0726,0.852058,0.932281,0.690432,0.802107,0.749744,0.767483,0.868326,0.83245,0.802523,1.03273
3.0728,0.852212,0.935676,0.691657,0.801501,0.749886,0.767915,0.868213,0.832613,0.802771,1.03634
3.073,0.853268,0.938815,0.693455,0.801823,0.749987,0.767597,0.870459,0.83274,0.804013,1.04005
3.0732,0.855208,0.941458,0.694289,0.802489,0.750521,0.76598,0.871711,0.833285,0.8056,1.04338
3.0734,0.856918,0.943431,0.694288,0.803255,0.751495,0.763522,0.870187,0.833576,0.806393,1.04613
3.0736,0.857632,0.944962,0.694917,0.804277,0.752478,0.761178,0.867588,0.833327,0.805879,1.0485
3.0738,0.857558,0.946616,0.69645,0.805412,0.752913,0.759735,0.866568,0.833159,0.80473,1.05102
3.074,0.857339,0.948364,0.698528,0.806103,0.752558,0.759452,0.868734,0.833152,0.803974,1.05417
3.0742,0.857826,0.950278,0.700275,0.806625,0.751951,0.760015,0.871905,0.832957,0.804297,1.05813
3.0744,0.85914,0.952179,0.700925,0.807671,0.75158,0.760766,0.874231,0.832474,0.805875,1.06265
3.0746,0.860243,0.953701,0.701022,0.809356,0.751539,0.761269,0.874387,0.831668,0.808177,1.06736
3.0748,0.860841,0.95493,0.70116,0.811097,0.751795,0.761586,0.872848,0.830156,0.810403,1.07196
3.075,0.860952,0.955585,0.701267,0.812072,0.751991,0.76183,0.870346,0.828743,0.811991,1.0762
3.0752,0.861078,0.955692,0.701499,0.811791,0.75168,0.761877,0.868823,0.827639,0.812739,1.07979
3.0754,0.861708,0.955609,0.701855,0.810626,0.750549,0.761958,0.869121,0.827076,0.812903,1.08285
3.0756,0.86272,0.955492,0.702026,0.809511,0.74893,0.762488,0.87053,0.82687,0.812926,1.08562
3.0758,0.862859,0.955432,0.702118,0.809406,0.747402,0.763361,0.870962,0.826349,0.813038,1.08816
3.076,0.861604,0.955333,0.702883,0.810432,0.746259,0.763826,0.871135,0.825394,0.81329,1.09053
3.0762,0.859899,0.954852,0.704531,0.812039,0.74551,0.763482,0.871056,0.824511,0.813886,1.09261
3.0764,0.859253,0.953849,0.706404,0.813238,0.745002,0.762692,0.869874,0.824195,0.814392,1.09427
3.0766,0.860345,0.952433,0.707704,0.813682,0.744508,0.76212,0.868066,0.824724,0.814524,1.0955
3.0768,0.862194,0.950965,0.708424,0.81403,0.743914,0.762219,0.868108,0.825489,0.814253,1.09653
3.077,0.86368,0.949863,0.708814,0.814873,0.743341,0.763057,0.870537,0.825775,0.813487,1.09766
3.0772,0.863938,0.949382,0.708873,0.815853,0.743082,0.764364,0.873196,0.825535,0.812778,1.09914
3.0774,0.862634,0.949473,0.709075,0.815835,0.743413,0.765747,0.873539,0.825045,0.812145,1.10098
3.0776,0.861228,0.949885,0.710116,0.815113,0.744345,0.766865,0.873003,0.824971,0.811531,1.10303
3.0778,0.860671,0.950262,0.711804,0.81438,0.745064,0.767325,0.873519,0.825896,0.810913,1.10478
3.078,0.861443,0.950049,0.713254,0.81381,0.745075,0.76702,0.874267,0.827117,0.810388,1.10566
3.0782,0.86262,0.948914,0.713538,0.813521,0.744874,0.76639,0.874094,0.828057,0.8103,1.10533
3.0784,0.862072,0.947185,0.712711,0.813495,0.744853,0.766064,0.87283,0.828568,0.810257,1.10402
3.0786,0.859982,0.945191,0.711909,0.813486,0.744753,0.765991,0.871735,0.828565,0.809818,1.10212
3.0788,0.858324,0.943248,0.711903,0.81323,0.744245,0.766005,0.871301,0.828327,0.809235,1.10008
3.079,0.858139,0.941884,0.713009,0.812412,0.74327,0.76574,0.87111,0.828162,0.809022,1.09805
3.0792,0.858917,0.941058,0.714615,0.811436,0.742171,0.765112,0.870438,0.827942,0.80931,1.09567
3.0794,0.859772,0.940197,0.71592,0.811423,0.741457,0.764058,0.868924,0.827525,0.809869,1.09271
3.0796,0.859256,0.93872,0.716772,0.812153,0.74148,0.763055,0.867899,0.826999,0.81041,1.08911
3.0798,0.857263,0.936554,0.717286,0.812803,0.742157,0.762288,0.867972,0.826715,0.81067,1.08497
3.08,0.854864,0.9342,0.717427,0.812892,0.743119,0.761155,0.868588,0.826978,0.810714,1.08043
3.0802,0.853628,0.932397,0.717683,0.812338,0.744124,0.75961,0.868257,0.827754,0.810827,1.0755
3.0804,0.854041,0.931506,0.717853,0.81157,0.74498,0.757887,0.867897,0.828801,0.8109,1.07019
3.0806,0.855037,0.931015,0.718127,0.810717,0.745351,0.756893,0.868999,0.829901,0.811252,1.06437
3.0808,0.854657,0.93001,0.718424,0.809812,0.745006,0.756447,0.870508,0.830614,0.812057,1.05813
3.081,0.852557,0.927901,0.718455,0.808957,0.744358,0.75589,0.870083,0.830602,0.812357,1.0517
3.0812,0.849968,0.924995,0.718212,0.808648,0.744025,0.754427,0.868911,0.830341,0.812275,1.04549
3.0814,0.848435,0.921863,0.71792,0.808229,0.744343,0.751765,0.868071,0.830259,0.811866,1.03947
3.0816,0.847671,0.918859,0.71774,0.807137,0.744622,0.748676,0.867438,0.830156,0.811222,1.03356
3.0818,0.846693,0.915988,0.717584,0.805879,0.744262,0.746267,0.868516,0.829807,0.810638,1.02753
3.082,0.845214,0.912945,0.717663,0.804935,0.743448,0.74504,0.870662,0.829071,0.81021,1.02123
3.0822,0.843676,0.909611,0.71802,0.804624,0.742292,0.744681,0.871446,0.82812,0.810383,1.01494
3.0824,0.842388,0.906139,0.718538,0.804706,0.740899,0.744491,0.869783,0.827074,0.810922,1.00914
3.0826,0.841515,0.902695,0.718925,0.804909,0.739607,0.744014,0.867089,0.826219,0.811946,1.00414
3.0828,0.841081,0.899321,0.719243,0.804972,0.738747,0.743317,0.865282,0.825696,0.812643,0.999919
3.083,0.840791,0.895909,0.719006,0.805062,0.738004,0.742868,0.865432,0.825303,0.812323,0.996236
3.0832,0.840809,0.892254,0.718649,0.805405,0.737225,0.743033,0.866827,0.824232,0.811384,0.992416
3.0834,0.840449,0.888446,0.719064,0.80587,0.736219,0.7435,0.867713,0.822241,0.81058,0.988168
3.0836,0.839131,0.884621,0.720217,0.8061,0.735045,0.743757,0.867182,0.820008,0.810595,0.983933
3.0838,0.837749,0.881063,0.721116,0.806151,0.733725,0.744,0.865763,0.818529,0.811106,0.980094
3.084,0.836729,0.878007,0.721321,0.806078,0.732506,0.744218,0.864485,0.81852,0.811603,0.976564
3.0842,0.835992,0.875467,0.72076,0.805857,0.731276,0.744207,0.863642,0.818866,0.811711,0.973655
3.0844,0.835783,0.8731,0.719677,0.805288,0.729703,0.744406,0.862422,0.818023,0.811416,0.971074
3.0846,0.835504,0.870384,0.719093,0.804261,0.727829,0.745191,0.862335,0.815418,0.810718,0.968552
3.0848,0.834535,0.867094,0.719376,0.802887,0.726033,0.746383,0.863129,0.811817,0.810057,0.966728
3.085,0.832832,0.86363,0.720209,0.801261,0.724673,0.747458,0.863663,0.808721,0.810081,0.966398
3.0852,0.831107,0.860667,0.720935,0.799942,0.723899,0.748186,0.863472,0.807202,0.811383,0.966758
3.0854,0.830697,0.858786,0.721463,0.799343,0.723664,0.748849,0.861897,0.807221,0.812933,0.966637
3.0856,0.831379,0.858022,0.721457,0.799069,0.7238,0.749794,0.860356,0.807888,0.813721,0.96526
3.0858,0.832211,0.857831,0.720978,0.798161,0.724112,0.750977,0.860399,0.808253,0.813411,0.96218
3.086,0.832913,0.857612,0.720537,0.796881,0.724329,0.75191,0.861306,0.80795,0.812687,0.957825
3.0862,0.832794,0.856723,0.720455,0.795212,0.724127,0.752154,0.862319,0.807335,0.811679,0.953494
3.0864,0.831493,0.854702,0.720715,0.79279,0.723873,0.751775,0.861192,0.806767,0.810757,0.949874
3.0866,0.829652,0.851835,0.721414,0.790186,0.723904,0.751203,0.857812,0.806265,0.810836,0.946772
3.0868,0.828834,0.848619,0.722109,0.788015,0.723838,0.750752,0.854861,0.806274,0.811321,0.943175
3.087,0.828942,0.845163,0.722292,0.786123,0.723228,0.750415,0.855169,0.806723,0.811036,0.937637
3.0872,0.828734,0.841219,0.722255,0.783872,0.721978,0.74987,0.856845,0.806867,0.809548,0.929915
3.0874,0.827965,0.836332,0.722345,0.781092,0.720434,0.748908,0.855778,0.806382,0.807357,0.92086
3.0876,0.826893,0.830236,0.722611,0.777939,0.719138,0.747137,0.850519,0.805691,0.805258,0.911345
3.0878,0.825638,0.823367,0.722786,0.774665,0.718421,0.744914,0.843795,0.805038,0.804212,0.902413
3.088,0.82449,0.816547,0.72231,0.771494,0.7181,0.742676,0.838786,0.804458,0.803769,0.894521
3.0882,0.823598,0.810239,0.721714,0.768562,0.717775,0.740481,0.83552,0.80403,0.802679,0.887459
3.0884,0.822127,0.804278,0.721063,0.766128,0.717221,0.738348,0.832087,0.803845,0.800408,0.880095
3.0886,0.819672,0.798293,0.720489,0.764673,0.716211,0.736044,0.827017,0.803794,0.796976,0.871445
3.0888,0.816691,0.791947,0.719662,0.76342,0.714735,0.733348,0.820292,0.803495,0.794277,0.861767
3.089,0.81379,0.784946,0.718596,0.761659,0.713523,0.730489,0.813926,0.802515,0.792905,0.852007
3.0892,0.811121,0.777722,0.717911,0.758949,0.712534,0.727069,0.808676,0.801021,0.792184,0.843087
3.0894,0.808646,0.771255,0.717794,0.755734,0.71169,0.723194,0.804318,0.799264,0.791251,0.835301
3.0896,0.806468,0.765504,0.71781,0.752973,0.710566,0.719801,0.799137,0.797408,0.788946,0.828285
3.0898,0.8049,0.759988,0.717769,0.75106,0.709517,0.717289,0.794004,0.795668,0.785484,0.821764
3.09,0.803469,0.754381,0.717708,0.749746,0.708928,0.715309,0.79128,0.794113,0.782612,0.815177
3.0902,0.801495,0.748603,0.717718,0.748424,0.708734,0.713339,0.789697,0.793176,0.781252,0.809093
3.0904,0.798907,0.743187,0.718027,0.746721,0.708351,0.711251,0.787115,0.792824,0.781639,0.804303
3.0906,0.796362,0.738401,0.719003,0.74493,0.708194,0.709401,0.78319,0.792614,0.782876,0.800485
3.0908,0.794271,0.734611,0.720179,0.743759,0.708014,0.708284,0.77934,0.791934,0.783166,0.797079
3.091,0.793134,0.731689,0.721023,0.744128,0.707239,0.708064,0.776926,0.790818,0.782399,0.793141
3.0912,0.79283,0.729054,0.721329,0.74538,0.707408,0.708585,0.776494,0.789583,0.781507,0.788473
3.0914,0.792558,0.726546,0.721036,0.746663,0.709293,0.709395,0.777042,0.79055,0.781421,0.784079
3.0916,0.792462,0.724357,0.720987,0.747019,0.711477,0.709901,0.777425,0.793846,0.782505,0.781119
3.0918,0.791793,0.722577,0.721756,0.74702,0.712269,0.709876,0.777544,0.797112,0.783641,0.779291
3.092,0.789615,0.7217,0.723434,0.74764,0.711186,0.710097,0.777994,0.798045,0.784028,0.777708
3.0922,0.786593,0.721209,0.725367,0.749104,0.709439,0.711305,0.778861,0.796957,0.783578,0.775184
3.0924,0.784241,0.720612,0.726732,0.751119,0.708619,0.713206,0.780718,0.794918,0.782724,0.771805
3.0926,0.783888,0.719572,0.727394,0.753109,0.709428,0.715255,0.782547,0.793857,0.782489,0.768311
3.0928,0.785654,0.718239,0.727753,0.754815,0.711664,0.717255,0.784346,0.795405,0.783814,0.765137
3.093,0.787829,0.717227,0.729016,0.755974,0.714202,0.719521,0.78677,0.798754,0.786555,0.763138
3.0932,0.788667,0.716939,0.731165,0.756669,0.716029,0.722185,0.789482,0.801945,0.789019,0.761798
3.0934,0.787902,0.717414,0.733847,0.757305,0.716782,0.725261,0.791559,0.803395,0.790544,0.760179
3.0936,0.78647,0.718405,0.736133,0.758549,0.716867,0.728128,0.793485,0.80296,0.791238,0.758023
3.0938,0.785653,0.719409,0.737598,0.76068,0.717273,0.73076,0.795466,0.801799,0.791633,0.755038
3.094,0.786387,0.720128,0.738397,0.763245,0.718857,0.732918,0.797908,0.801728,0.792898,0.751612
3.0942,0.78859,0.720596,0.739052,0.765418,0.72163,0.734482,0.801422,0.803795,0.794579,0.748868
3.0944,0.791314,0.720932,0.739967,0.766558,0.724816,0.73553,0.805077,0.807172,0.796205,0.747113
3.0946,0.793579,0.721337,0.741742,0.767501,0.727481,0.736495,0.808585,0.810592,0.798024,0.745984
3.0948,0.795461,0.722036,0.744095,0.76895,0.729337,0.737923,0.810731,0.813945,0.799824,0.744717
3.095,0.797347,0.723223,0.746002,0.770922,0.73055,0.739923,0.813041,0.816493,0.801871,0.742685
3.0952,0.798774,0.724689,0.746878,0.77267,0.731489,0.742244,0.815422,0.817723,0.804397,0.739838
3.0954,0.799258,0.726063,0.74713,0.773694,0.732464,0.744266,0.819605,0.817508,0.80668,0.736742
3.0956,0.79922,0.726917,0.74775,0.774082,0.733783,0.745631,0.825197,0.816672,0.808197,0.734618
3.0958,0.799606,0.727112,0.749844,0.774361,0.735483,0.746169,0.828757,0.816544,0.808707,0.733528
3.096,0.800727,0.727049,0.752329,0.775096,0.737384,0.746847,0.830523,0.818037,0.808721,0.732803
3.0962,0.802609,0.727277,0.753908,0.776556,0.739319,0.748158,0.831939,0.820836,0.809129,0.731662
3.0964,0.804586,0.728075,0.754519,0.778509,0.741241,0.749814,0.834828,0.823647,0.81057,0.729287
3.0966,0.806428,0.729453,0.754135,0.78035,0.743135,0.751065,0.83869,0.825334,0.813022,0.726705
3.0968,0.808045,0.730923,0.753512,0.781632,0.745115,0.751553,0.843342,0.825825,0.815867,0.724183
3.097,0.80914,0.731994,0.753487,0.782324,0.74724,0.751678,0.848162,0.825945,0.818007,0.721748
3.0972,0.809879,0.732465,0.754563,0.782682,0.749141,0.751544,0.851882,0.826368,0.819303,0.720044
3.0974,0.810508,0.732291,0.75612,0.783247,0.750969,0.751651,0.853714,0.828167,0.820437,0.71844
3.0976,0.811998,0.731921,0.757113,0.784496,0.752763,0.752118,0.853849,0.830818,0.821327,0.716722
3.0978,0.813722,0.731833,0.75718,0.78627,0.754799,0.753067,0.854787,0.833238,0.822216,0.714867
3.098,0.81488,0.732256,0.75655,0.788174,0.756501,0.754033,0.857771,0.834248,0.82328,0.71259
3.0982,0.815525,0.73263,0.756012,0.789303,0.757205,0.754611,0.861826,0.833661,0.824104,0.710141
3.0984,0.816009,0.732262,0.756209,0.789423,0.757144,0.754898,0.865799,0.832739,0.824805,0.707834
3.0986,0.817041,0.731133,0.757224,0.789129,0.756848,0.755167,0.867493,0.832723,0.826052,0.706106
3.0988,0.818365,0.729676,0.758598,0.789249,0.757142,0.755526,0.867237,0.833967,0.827454,0.704645
3.099,0.819329,0.728436,0.75971,0.790137,0.758136,0.755954,0.866476,0.835817,0.828985,0.703229
3.0992,0.819596,0.727423,0.760259,0.791811,0.759181,0.756547,0.867929,0.837304,0.830517,0.701348
3.0994,0.819364,0.726386,0.760453,0.793177,0.759828,0.75756,0.871799,0.837885,0.831495,0.699531
3.0996,0.819539,0.72495,0.76083,0.793851,0.75962,0.759036,0.875167,0.83783,0.831904,0.697869
3.0998,0.820041,0.722832,0.761598,0.793526,0.758317,0.760765,0.876561,0.837691,0.832205,0.696342
3.1,0.821069,0.720223,0.762535,0.793072,0.756286,0.762248,0.875453,0.83818,0.832209,0.694457
3.1002,0.822522,0.71781,0.763623,0.792632,0.754335,0.763077,0.874919,0.838715,0.832619,0.692443
3.1004,0.823166,0.716151,0.764753,0.792287,0.753243,0.763399,0.876719,0.838923,0.833918,0.69029
3.1006,0.822441,0.715086,0.765352,0.791849,0.753482,0.763359,0.879832,0.839416,0.835632,0.687754
3.1008,0.821059,0.713757,0.765184,0.791253,0.754481,0.763247,0.880627,0.840409,0.837365,0.685134
3.101,0.820732,0.711404,0.764543,0.791565,0.755336,0.763349,0.878998,0.841862,0.837851,0.682753
3.1012,0.821529,0.708134,0.763946,0.792674,0.755036,0.763642,0.877774,0.842677,0.836931,0.681018
3.1014,0.822458,0.704815,0.763844,0.793372,0.753342,0.763935,0.877565,0.842412,0.835256,0.679778
3.1016,0.822261,0.702239,0.764386,0.792641,0.751057,0.764201,0.877457,0.841305,0.833832,0.678641
3.1018,0.820846,0.700554,0.765365,0.790697,0.749332,0.764438,0.878516,0.839772,0.833959,0.676838
3.102,0.819033,0.699406,0.766367,0.788716,0.748909,0.764623,0.87814,0.839045,0.83529,0.674887
3.1022,0.818316,0.69809,0.767067,0.787769,0.749698,0.764784,0.876026,0.838779,0.837201,0.672813
3.1024,0.818875,0.696198,0.767409,0.788121,0.75089,0.765041,0.875082,0.838619,0.838599,0.670581
3.1026,0.820168,0.69391,0.76747,0.78898,0.751403,0.765437,0.87523,0.838631,0.838368,0.668832
3.1028,0.820479,0.691511,0.767355,0.789238,0.750771,0.765739,0.874918,0.838502,0.837034,0.667306
3.103,0.819395,0.689412,0.767296,0.788662,0.749602,0.765782,0.873885,0.838377,0.835321,0.665891
3.1032,0.817271,0.687917,0.767398,0.787699,0.748492,0.765625,0.871454,0.838322,0.833761,0.664209
3.1034,0.815523,0.686863,0.767435,0.786931,0.74775,0.765283,0.869761,0.837574,0.832645,0.662234
3.1036,0.81453,0.68568,0.767271,0.786525,0.747473,0.764679,0.870368,0.836354,0.831834,0.660541
3.1038,0.813934,0.68401,0.767239,0.786446,0.747415,0.763863,0.871071,0.835867,0.830801,0.65906
3.104,0.813888,0.681861,0.767182,0.786258,0.747211,0.762947,0.869405,0.835972,0.829254,0.657819
3.1042,0.813973,0.679634,0.766806,0.785793,0.746882,0.761823,0.865329,0.836179,0.827562,0.656491
3.1044,0.813271,0.677887,0.766499,0.785902,0.746783,0.760708,0.862477,0.83605,0.826377,0.655244
3.1046,0.811891,0.67687,0.766483,0.786501,0.747063,0.759735,0.861397,0.835361,0.825335,0.654161
3.1048,0.810338,0.676354,0.767559,0.787368,0.747625,0.759517,0.862972,0.83433,0.824092,0.653112
3.105,0.809091,0.675953,0.769499,0.78824,0.748281,0.759402,0.86507,0.833593,0.822005,0.652649
3.1052,0.808373,0.675277,0.770387,0.788554,0.748972,0.758734,0.863901,0.833728,0.819312,0.652137
3.1054,0.808175,0.674225,0.769283,0.787874,0.749576,0.757349,0.860775,0.834449,0.816785,0.651375
3.1056,0.808148,0.672947,0.766832,0.78716,0.750073,0.75558,0.857794,0.835273,0.815003,0.65033
3.1058,0.807589,0.671788,0.764371,0.787486,0.750655,0.75444,0.8561,0.83634,0.814025,0.649473
3.106,0.806911,0.67103,0.763171,0.788039,0.751379,0.753911,0.856815,0.838209,0.813287,0.649426
3.1062,0.806901,0.670739,0.763613,0.788063,0.751809,0.753589,0.858439,0.840119,0.812065,0.649782
3.1064,0.807344,0.670796,0.764888,0.787462,0.751878,0.753296,0.859722,0.84108,0.810236,0.649991
3.1066,0.80751,0.670507,0.765761,0.786583,0.751666,0.752887,0.859003,0.84099,0.808145,0.649687
3.1068,0.807091,0.669713,0.765469,0.786262,0.75176,0.752262,0.857712,0.840286,0.80639,0.648829
3.107,0.805929,0.668863,0.764488,0.786929,0.751948,0.751494,0.856798,0.839954,0.805385,0.648564
3.1072,0.804675,0.66825,0.763818,0.788129,0.752516,0.750934,0.857058,0.840894,0.805091,0.649472
3.1074,0.80405,0.667939,0.764125,0.789069,0.753075,0.75092,0.857914,0.842889,0.805095,0.650939
3.1076,0.804405,0.667862,0.765355,0.789366,0.753138,0.751611,0.860096,0.844562,0.805074,0.652457
3.1078,0.805451,0.667947,0.767177,0.789289,0.752654,0.752894,0.861968,0.845182,0.804992,0.653031
3.108,0.806184,0.667929,0.7687,0.789915,0.751858,0.754445,0.863093,0.844797,0.805045,0.65222
3.1082,0.806761,0.667984,0.769454,0.791799,0.751339,0.755772,0.862837,0.844133,0.806002,0.651417
3.1084,0.807086,0.66813,0.769706,0.793766,0.751343,0.756513,0.862612,0.843602,0.807479,0.65152
3.1086,0.807108,0.668416,0.769954,0.794616,0.75219,0.756993,0.863496,0.843789,0.808792,0.65271
3.1088,0.807387,0.668831,0.770455,0.794157,0.753177,0.757895,0.865045,0.844904,0.809524,0.654305
3.109,0.807811,0.669349,0.771065,0.793265,0.753325,0.75928,0.865624,0.845774,0.809474,0.655067
3.1092,0.808224,0.670071,0.77155,0.793021,0.752581,0.760986,0.865619,0.846024,0.809279,0.654844
3.1094,0.808375,0.671173,0.771904,0.793661,0.751522,0.762429,0.8665,0.84633,0.809277,0.654104
3.1096,0.80826,0.672694,0.772347,0.794901,0.751006,0.763257,0.868519,0.847139,0.810092,0.653514
3.1098,0.80867,0.674413,0.773611,0.795909,0.751447,0.763639,0.870839,0.84793,0.811484,0.65394
3.11,0.809629,0.676133,0.775664,0.796023,0.752703,0.764192,0.872888,0.848916,0.812951,0.655292
3.1102,0.810912,0.677807,0.777601,0.79526,0.754242,0.765384,0.874393,0.849686,0.814693,0.656834
3.1104,0.812159,0.679589,0.77861,0.794145,0.755569,0.767304,0.87605,0.850329,0.816025,0.657998
3.1106,0.813004,0.681603,0.778705,0.793494,0.756596,0.769674,0.877916,0.850926,0.817217,0.658244
3.1108,0.814132,0.683896,0.778578,0.793658,0.757684,0.771969,0.879783,0.85165,0.818406,0.65785
3.111,0.815663,0.686333,0.77895,0.794725,0.759501,0.773662,0.881391,0.852421,0.819169,0.657806
3.1112,0.816586,0.688585,0.780501,0.795894,0.76203,0.774571,0.882438,0.85338,0.820184,0.658686
3.1114,0.817247,0.69058,0.78335,0.797917,0.76468,0.77509,0.883875,0.854194,0.821641,0.660165
3.1116,0.818212,0.692564,0.786403,0.80018,0.766241,0.775765,0.88558,0.855017,0.823724,0.661427
3.1118,0.819278,0.694619,0.788051,0.800928,0.76661,0.776949,0.887347,0.855406,0.825813,0.662217
3.112,0.820118,0.696668,0.787794,0.799344,0.766942,0.778275,0.890155,0.855639,0.827122,0.662426
3.1122,0.82089,0.698647,0.786645,0.796579,0.767779,0.779278,0.893194,0.855864,0.827978,0.662318
3.1124,0.821673,0.700484,0.78573,0.794454,0.769166,0.780163,0.895106,0.855607,0.828881,0.662778
3.1126,0.822516,0.702121,0.785742,0.794,0.770941,0.78087,0.896818,0.855005,0.830381,0.663623
3.1128,0.823437,0.703804,0.786904,0.795072,0.772525,0.782043,0.89858,0.854674,0.832584,0.66483
3.113,0.824372,0.705784,0.788784,0.796686,0.77389,0.783213,0.90125,0.85462,0.83499,0.665556
3.1132,0.825243,0.708053,0.790591,0.797726,0.775339,0.783612,0.905285,0.855081,0.836953,0.665573
3.1134,0.825991,0.710409,0.791819,0.797755,0.777327,0.783381,0.909589,0.85568,0.838092,0.665199
3.1136,0.826722,0.712582,0.792441,0.797209,0.779446,0.782577,0.913137,0.856027,0.838686,0.664982
3.1138,0.827694,0.714313,0.792653,0.796896,0.781219,0.782312,0.914646,0.855159,0.839371,0.664949
3.114,0.829095,0.715531,0.792697,0.797426,0.78203,0.783098,0.914247,0.853214,0.840838,0.665195
3.1142,0.830764,0.716476,0.792766,0.798544,0.781597,0.78419,0.91355,0.851135,0.842792,0.665539
3.1144,0.832112,0.717633,0.792898,0.79966,0.780778,0.785017,0.914148,0.849604,0.844648,0.665699
3.1146,0.833114,0.71909,0.793046,0.800626,0.780953,0.785,0.916494,0.849215,0.846194,0.665696
3.1148,0.833999,0.720172,0.793144,0.801204,0.78299,0.784171,0.918828,0.849477,0.847188,0.665304
3.115,0.834774,0.720463,0.793053,0.80139,0.786045,0.782948,0.919799,0.849672,0.847794,0.665138
3.1152,0.835208,0.720265,0.792988,0.801555,0.788601,0.781987,0.920514,0.849059,0.848936,0.665079
3.1154,0.835101,0.719999,0.792924,0.801985,0.790034,0.781893,0.921885,0.847457,0.850514,0.665353
3.1156,0.834887,0.720096,0.792791,0.802604,0.790364,0.782618,0.924094,0.845597,0.852298,0.665518
3.1158,0.834689,0.720425,0.792406,0.803129,0.789901,0.783613,0.927044,0.844476,0.854187,0.665272
3.116,0.834466,0.720646,0.792274,0.803575,0.78962,0.78435,0.928955,0.844466,0.855375,0.664478
3.1162,0.833918,0.7201,0.791986,0.804251,0.789978,0.784668,0.929236,0.84525,0.85564,0.663685
3.1164,0.83316,0.71885,0.791192,0.805254,0.790668,0.784806,0.929259,0.846198,0.855232,0.66314
3.1166,0.832311,0.717873,0.790378,0.806218,0.791515,0.785093,0.930667,0.846799,0.855111,0.663169
3.1168,0.831801,0.717204,0.789944,0.80659,0.79237,0.785418,0.931864,0.846815,0.855706,0.663495
3.117,0.831457,0.716403,0.789965,0.806321,0.792928,0.785921,0.931947,0.846207,0.85625,0.663293
3.1172,0.831382,0.715266,0.789831,0.805895,0.792871,0.786872,0.930861,0.845691,0.856408,0.662294
3.1174,0.830817,0.713748,0.788946,0.805943,0.792447,0.787968,0.929531,0.845974,0.856116,0.66045
3.1176,0.829313,0.712173,0.787403,0.806297,0.791667,0.78892,0.929493,0.846559,0.855379,0.658764
3.1178,0.827662,0.710726,0.785685,0.806482,0.790851,0.789539,0.931627,0.846615,0.854632,0.657949
3.118,0.826712,0.709432,0.784474,0.806107,0.790169,0.789615,0.93343,0.845723,0.854439,0.658383
3.1182,0.82685,0.708194,0.784131,0.804812,0.78984,0.789437,0.933695,0.844336,0.854638,0.659257
3.1184,0.827557,0.707,0.784474,0.802916,0.789831,0.789183,0.931871,0.843457,0.854791,0.659517
3.1186,0.827701,0.705931,0.784979,0.801088,0.789717,0.789104,0.930364,0.844166,0.854615,0.658412
3.1188,0.826801,0.70503,0.785212,0.799785,0.789174,0.789442,0.929416,0.845873,0.854345,0.656093
3.119,0.825066,0.704228,0.785079,0.799109,0.788492,0.790226,0.929496,0.847038,0.853858,0.653599
3.1192,0.82334,0.703381,0.784715,0.798566,0.787932,0.791067,0.929468,0.846465,0.853362,0.652384
3.1194,0.82243,0.702168,0.784262,0.797623,0.787019,0.791317,0.927573,0.845043,0.85277,0.652463
3.1196,0.822638,0.700479,0.784151,0.796405,0.785709,0.790921,0.925757,0.84357,0.851919,0.653386
3.1198,0.823232,0.698825,0.784572,0.795263,0.78434,0.790281,0.924346,0.84282,0.850884,0.653884
3.12,0.823064,0.697683,0.785093,0.794479,0.783326,0.789694,0.922788,0.842819,0.849491,0.65298
3.1202,0.822272,0.696909,0.785094,0.793765,0.78275,0.789202,0.921549,0.843178,0.848057,0.650553
3.1204,0.821659,0.696044,0.784563,0.792585,0.782545,0.7888,0.920057,0.84385,0.846982,0.647992
3.1206,0.821102,0.69476,0.784241,0.790876,0.782787,0.787995,0.918477,0.84456,0.846005,0.646365
3.1208,0.820153,0.693081,0.78489,0.789499,0.782813,0.786587,0.91817,0.844798,0.845139,0.646046
3.121,0.818644,0.691386,0.786022,0.788606,0.78207,0.784891,0.918012,0.844232,0.844114,0.646355
3.1212,0.81682,0.690199,0.787048,0.788276,0.781655,0.783555,0.91623,0.843201,0.843096,0.646374
3.1214,0.815256,0.689782,0.787989,0.788529,0.781661,0.782692,0.912832,0.842685,0.842233,0.645856
3.1216,0.814523,0.689856,0.788789,0.788706,0.781862,0.78168,0.911206,0.843157,0.842156,0.644645
3.1218,0.814656,0.68992,0.788697,0.788662,0.781997,0.780105,0.911508,0.844359,0.841931,0.643675
3.122,0.815094,0.689511,0.787844,0.788732,0.782029,0.778151,0.911455,0.845827,0.84067,0.643769
3.1222,0.815237,0.688439,0.787033,0.788938,0.781527,0.776459,0.90948,0.847309,0.838508,0.644267
3.1224,0.814886,0.687132,0.786462,0.788991,0.780699,0.775333,0.905717,0.848639,0.836938,0.644758
3.1226,0.813975,0.686275,0.786415,0.789264,0.780561,0.774638,0.903157,0.849014,0.837094,0.644363
3.1228,0.81243,0.686189,0.787008,0.789839,0.781189,0.773775,0.902684,0.847663,0.838354,0.643281
3.123,0.811896,0.686429,0.788217,0.790631,0.781592,0.772624,0.903345,0.845649,0.839569,0.642352
3.1232,0.813082,0.686374,0.789561,0.791462,0.781198,0.771374,0.903957,0.844299,0.839858,0.642175
3.1234,0.815615,0.685743,0.790474,0.791918,0.779973,0.77037,0.903483,0.844062,0.839111,0.643016
3.1236,0.817686,0.684974,0.790843,0.791262,0.778689,0.769779,0.901515,0.845157,0.837775,0.644804
3.1238,0.818166,0.684244,0.790962,0.789728,0.778573,0.769496,0.89926,0.846887,0.836902,0.646427
3.124,0.816686,0.684359,0.790617,0.788083,0.779657,0.769357,0.897823,0.847937,0.836844,0.647373
3.1242,0.814353,0.685149,0.790312,0.787328,0.781319,0.769329,0.898985,0.847452,0.837568,0.647598
3.1244,0.813322,0.686006,0.791077,0.787606,0.782418,0.769583,0.901162,0.845341,0.838454,0.647217
3.1246,0.815216,0.686632,0.792988,0.788358,0.783087,0.770367,0.903105,0.84263,0.839306,0.647493
3.1248,0.81879,0.686965,0.794502,0.788398,0.783505,0.771532,0.903426,0.840445,0.840181,0.648671
3.125,0.821403,0.68739,0.794521,0.78754,0.783933,0.772547,0.902011,0.841422,0.841478,0.650203
3.1252,0.821195,0.688484,0.793673,0.786252,0.78437,0.773145,0.90203,0.84609,0.841996,0.651823
3.1254,0.819167,0.690398,0.792574,0.784702,0.784378,0.773765,0.903777,0.850747,0.841642,0.65288
3.1256,0.817287,0.692568,0.792071,0.783484,0.784259,0.775025,0.905425,0.851255,0.840879,0.653288
3.1258,0.817688,0.694058,0.792354,0.783021,0.784682,0.776554,0.907091,0.847333,0.840307,0.653817
3.126,0.820195,0.694534,0.793008,0.783506,0.785692,0.778095,0.908845,0.841922,0.840681,0.655083
3.1262,0.823202,0.694395,0.793634,0.784405,0.786604,0.779041,0.909605,0.838615,0.84272,0.657369
3.1264,0.824817,0.694561,0.793643,0.784956,0.786931,0.779885,0.910568,0.838992,0.845585,0.660065
3.1266,0.825026,0.695787,0.792978,0.784705,0.786725,0.780887,0.912056,0.8417,0.847395,0.662143
3.1268,0.825042,0.698187,0.792158,0.783824,0.786503,0.782776,0.913245,0.844164,0.84795,0.662866
3.127,0.825392,0.701273,0.791844,0.783081,0.786745,0.785589,0.9143,0.844779,0.847843,0.662874
3.1272,0.825828,0.704243,0.792275,0.783277,0.787701,0.788229,0.915507,0.843601,0.847453,0.663095
3.1274,0.826265,0.706516,0.793092,0.784669,0.789054,0.789849,0.916695,0.841852,0.847621,0.663928
3.1276,0.827379,0.708066,0.793865,0.786782,0.790447,0.790425,0.917765,0.841278,0.848894,0.665309
3.1278,0.828937,0.709299,0.794356,0.78884,0.79213,0.790635,0.918802,0.843376,0.851155,0.667036
3.128,0.830986,0.710796,0.794743,0.790762,0.79379,0.791392,0.919473,0.846586,0.853402,0.668703
3.1282,0.833268,0.713157,0.794939,0.791811,0.794664,0.792759,0.920302,0.848795,0.854356,0.669831
3.1284,0.834411,0.716239,0.794766,0.791909,0.794555,0.794264,0.922024,0.849545,0.853587,0.670723
3.1286,0.834014,0.719287,0.794119,0.791785,0.793719,0.79528,0.924111,0.84912,0.852353,0.671735
3.1288,0.833517,0.7216,0.793564,0.791895,0.793432,0.795729,0.925751,0.847926,0.851962,0.672637
3.129,0.833803,0.723021,0.793584,0.792655,0.793895,0.7962,0.92695,0.847137,0.853105,0.673722
3.1292,0.835027,0.723931,0.794163,0.794276,0.795283,0.796771,0.927275,0.847359,0.854941,0.674782
3.1294,0.836884,0.725119,0.794912,0.796511,0.797293,0.79722,0.92756,0.848915,0.856672,0.675617
3.1296,0.838971,0.727172,0.795367,0.798405,0.798845,0.797735,0.92867,0.851623,0.85752,0.676856
3.1298,0.840613,0.729931,0.79509,0.800002,0.799978,0.798356,0.929981,0.854192,0.857129,0.678074
3.13,0.841445,0.732904,0.794341,0.80083,0.80056,0.799255,0.932126,0.855327,0.856576,0.679038
3.1302,0.841631,0.735492,0.793642,0.800731,0.800753,0.799713,0.934017,0.854948,0.857051,0.679636
3.1304,0.841611,0.737209,0.793154,0.800386,0.801071,0.799327,0.934846,0.853804,0.858675,0.679371
3.1306,0.842019,0.738182,0.7933,0.800714,0.801727,0.798642,0.934718,0.852904,0.860196,0.679179
3.1308,0.843049,0.73924,0.793889,0.801793,0.802493,0.798031,0.934628,0.852927,0.860632,0.67937
3.131,0.844277,0.740743,0.79417,0.803435,0.80332,0.797857,0.935576,0.854433,0.860013,0.67981
3.1312,0.845724,0.742622,0.794053,0.805391,0.803846,0.798056,0.936807,0.856666,0.859349,0.680725
3.1314,0.846611,0.744067,0.793462,0.80699,0.804103,0.798144,0.93838,0.858346,0.859984,0.681403
3.1316,0.846663,0.744529,0.792628,0.807887,0.804266,0.797931,0.939901,0.858401,0.861855,0.681611
3.1318,0.846123,0.744086,0.791977,0.808217,0.804793,0.797423,0.940038,0.856986,0.864069,0.681965
3.132,0.845463,0.743388,0.791483,0.808351,0.805692,0.796842,0.938556,0.855432,0.86593,0.682153
3.1322,0.845107,0.743319,0.791358,0.808565,0.80677,0.796584,0.937703,0.855223,0.866156,0.682902
3.1324,0.845655,0.744373,0.791596,0.808989,0.807065,0.796826,0.938728,0.856523,0.864837,0.683871
3.1326,0.84715,0.745801,0.790943,0.809942,0.806976,0.797447,0.941005,0.859051,0.863027,0.684044
3.1328,0.848818,0.746141,0.789474,0.810953,0.807114,0.798231,0.94306,0.861406,0.862382,0.683753
3.133,0.849846,0.744525,0.788211,0.811464,0.807491,0.798994,0.943251,0.861682,0.862893,0.682683
3.1332,0.84993,0.741619,0.787762,0.811482,0.807587,0.799607,0.942034,0.860583,0.863954,0.681431
3.1334,0.849473,0.739301,0.78798,0.811115,0.807029,0.799832,0.940695,0.859886,0.86476,0.681243
3.1336,0.849076,0.738436,0.788169,0.810527,0.806058,0.800193,0.94004,0.859563,0.864521,0.681483
3.1338,0.849538,0.739072,0.787883,0.809787,0.80503,0.801065,0.940376,0.859706,0.864047,0.681853
3.134,0.850609,0.740111,0.786936,0.809213,0.804365,0.801944,0.941047,0.86132,0.863546,0.681483
3.1342,0.851708,0.739867,0.785757,0.809248,0.804294,0.802049,0.940672,0.863279,0.862615,0.679982
3.1344,0.852044,0.737695,0.784758,0.809632,0.804646,0.801081,0.939139,0.864256,0.861445,0.678259
3.1346,0.85171,0.734489,0.784718,0.809948,0.805274,0.799595,0.937542,0.863621,0.860349,0.676842
3.1348,0.850472,0.73178,0.785544,0.809702,0.805534,0.798569,0.93724,0.861446,0.859716,0.67648
3.135,0.848689,0.730408,0.786179,0.808964,0.804705,0.798574,0.937642,0.859062,0.859745,0.6772
3.1352,0.847307,0.730266,0.785588,0.808046,0.803224,0.79948,0.936902,0.858451,0.859923,0.677715
3.1354,0.846566,0.73057,0.783827,0.80715,0.801409,0.800599,0.935413,0.859848,0.859551,0.677479
3.1356,0.846748,0.730271,0.781951,0.80665,0.799514,0.801296,0.932838,0.861771,0.858619,0.675938
3.1358,0.847109,0.729009,0.780744,0.8072,0.798536,0.801372,0.93041,0.862767,0.857297,0.673647
3.136,0.846442,0.727274,0.779958,0.807759,0.798644,0.800843,0.931105,0.86241,0.855824,0.672072
3.1362,0.844823,0.725723,0.779695,0.807403,0.798864,0.800094,0.932752,0.861141,0.855032,0.671501
3.1364,0.842562,0.724787,0.779971,0.806492,0.798149,0.799723,0.931913,0.859942,0.855157,0.671803
3.1366,0.840519,0.724294,0.779864,0.805874,0.796461,0.799773,0.92848,0.859738,0.855454,0.671862
3.1368,0.839054,0.72368,0.779297,0.805841,0.794577,0.800073,0.924796,0.860586,0.855272,0.671163
3.137,0.838329,0.722601,0.778704,0.805815,0.793292,0.800048,0.922676,0.861576,0.854308,0.67003
3.1372,0.838212,0.721008,0.778265,0.805397,0.792823,0.79932,0.923244,0.861137,0.852704,0.668932
3.1374,0.838016,0.719375,0.778166,0.804903,0.792767,0.798281,0.925006,0.859137,0.851225,0.668544
3.1376,0.837263,0.718241,0.778043,0.80446,0.79242,0.797159,0.924576,0.856209,0.85079,0.668725
3.1378,0.836274,0.717667,0.77796,0.804679,0.791463,0.796097,0.921424,0.853985,0.851024,0.669059
3.138,0.835278,0.717336,0.777967,0.805228,0.790224,0.794851,0.917288,0.853189,0.851771,0.668948
3.1382,0.834649,0.716927,0.777666,0.80585,0.789426,0.79337,0.914868,0.854074,0.851918,0.668025
3.1384,0.834177,0.716339,0.777466,0.805575,0.789296,0.791911,0.915643,0.854818,0.851041,0.666834
3.1386,0.833598,0.715625,0.777222,0.80448,0.789404,0.79097,0.917523,0.853631,0.849301,0.666477
3.1388,0.832726,0.71484,0.776778,0.803301,0.789947,0.790524,0.917108,0.850901,0.848318,0.666643
3.139,0.831805,0.714447,0.7763,0.80277,0.790375,0.790608,0.914877,0.850117,0.848686,0.667196
3.1392,0.83107,0.714978,0.775763,0.803203,0.790075,0.790299,0.912955,0.852165,0.849212,0.667392
3.1394,0.83076,0.715766,0.775401,0.803976,0.78965,0.788989,0.912561,0.85447,0.849358,0.666862
3.1396,0.830529,0.716035,0.775583,0.804555,0.789259,0.786999,0.91159,0.854457,0.848465,0.666089
3.1398,0.829898,0.715135,0.776122,0.804909,0.788795,0.785101,0.908872,0.852025,0.846946,0.665667
3.14,0.828676,0.713223,0.776459,0.805132,0.788779,0.784031,0.904988,0.848608,0.846128,0.665991
3.1402,0.827475,0.711842,0.776202,0.805923,0.789511,0.783833,0.901585,0.845953,0.846415,0.667346
3.1404,0.826897,0.711683,0.775429,0.806755,0.790318,0.784043,0.899919,0.844984,0.84697,0.668712
3.1406,0.827016,0.712413,0.774672,0.807025,0.790511,0.784194,0.900134,0.845432,0.847432,0.669828
3.1408,0.826919,0.712984,0.77467,0.806984,0.790163,0.784196,0.90083,0.846169,0.847293,0.670512
3.141,0.826007,0.712522,0.775971,0.80721,0.789571,0.784224,0.900734,0.846201,0.84615,0.670846
3.1412,0.824319,0.711339,0.777929,0.808124,0.789269,0.784516,0.899817,0.845451,0.845097,0.671466
3.1414,0.82259,0.710235,0.779363,0.809466,0.789935,0.785273,0.898956,0.844591,0.845185,0.672422
3.1416,0.822026,0.710268,0.779241,0.810812,0.791231,0.786282,0.899101,0.844629,0.846235,0.673808
3.1418,0.822459,0.711865,0.777681,0.811397,0.792259,0.787034,0.900428,0.845622,0.847626,0.675483
3.142,0.823344,0.714552,0.775873,0.810754,0.792373,0.787789,0.902276,0.846575,0.848745,0.676872
3.1422,0.825481,0.717405,0.775173,0.809832,0.791576,0.789031,0.903682,0.847125,0.848804,0.677699
3.1424,0.827555,0.719268,0.775953,0.810021,0.790436,0.790368,0.904131,0.84779,0.848098,0.678356
3.1426,0.827444,0.720095,0.777377,0.811298,0.789557,0.79133,0.904649,0.848349,0.847771,0.679342
3.1428,0.825623,0.720432,0.778519,0.812773,0.790019,0.791794,0.906512,0.848251,0.848669,0.68085
3.143,0.823894,0.721069,0.778413,0.813559,0.792052,0.79196,0.908696,0.847428,0.850464,0.682758
3.1432,0.82342,0.722356,0.777171,0.813669,0.794305,0.792236,0.909697,0.84646,0.852488,0.684583
3.1434,0.824419,0.724297,0.775904,0.81368,0.795363,0.793111,0.909539,0.846084,0.853918,0.686222
3.1436,0.82594,0.726587,0.776101,0.813834,0.795347,0.794804,0.909689,0.84668,0.854341,0.687438
3.1438,0.826943,0.728915,0.777667,0.814763,0.794783,0.797022,0.911126,0.848029,0.854204,0.688405
3.144,0.827047,0.731138,0.77967,0.816811,0.793881,0.799207,0.913365,0.8495,0.853932,0.689294
3.1442,0.826653,0.73323,0.780765,0.819328,0.793732,0.800975,0.915338,0.850566,0.853973,0.690551
3.1444,0.826617,0.735137,0.780268,0.821377,0.794848,0.80216,0.916545,0.851318,0.85454,0.69237
3.1446,0.827445,0.736919,0.779086,0.822651,0.796649,0.802801,0.917392,0.851922,0.855762,0.694443
3.1448,0.829012,0.738835,0.778087,0.822696,0.798098,0.803301,0.918462,0.852466,0.856647,0.696601
3.145,0.830872,0.740966,0.777964,0.822159,0.79845,0.804089,0.92002,0.852774,0.856936,0.698398
3.1452,0.832451,0.743316,0.778552,0.821762,0.797644,0.805729,0.921712,0.852893,0.857321,0.699525
3.1454,0.833626,0.746087,0.779137,0.821765,0.796657,0.807483,0.92275,0.85278,0.858086,0.700047
3.1456,0.834619,0.748821,0.779001,0.822374,0.796741,0.808812,0.922793,0.852512,0.859192,0.700384
3.1458,0.835349,0.751382,0.778087,0.823433,0.798597,0.808899,0.922716,0.852558,0.860221,0.701163
3.146,0.835894,0.753573,0.777282,0.824245,0.801262,0.808063,0.922841,0.853214,0.860796,0.702497
3.1462,0.836374,0.755391,0.77691,0.824149,0.803304,0.807056,0.923223,0.853848,0.861074,0.704157
3.1464,0.836942,0.757157,0.777422,0.823152,0.804041,0.806802,0.923441,0.853896,0.861549,0.705551
3.1466,0.83781,0.759229,0.778562,0.821803,0.803756,0.807425,0.923352,0.853127,0.862452,0.706182
3.1468,0.83903,0.761683,0.77913,0.820445,0.803137,0.808785,0.922454,0.852116,0.86349,0.706377
3.147,0.840385,0.764142,0.778711,0.819344,0.80336,0.811493,0.921508,0.85207,0.864319,0.706651
3.1472,0.841707,0.766135,0.777429,0.818714,0.804329,0.814187,0.921592,0.852464,0.864751,0.707369
3.1474,0.843024,0.76746,0.776359,0.81838,0.805526,0.814941,0.922767,0.85256,0.864794,0.708662
3.1476,0.844272,0.768691,0.775875,0.818023,0.80659,0.814068,0.923528,0.851884,0.865322,0.710181
3.1478,0.845294,0.769979,0.775969,0.817347,0.807193,0.812693,0.922476,0.850582,0.866428,0.711222
3.148,0.846183,0.771386,0.776538,0.816567,0.807447,0.811713,0.920626,0.849307,0.867784,0.711538
3.1482,0.84712,0.772374,0.777032,0.81569,0.807766,0.811368,0.919076,0.848673,0.868644,0.71135
3.1484,0.847993,0.772533,0.777209,0.81466,0.80813,0.811666,0.918652,0.848729,0.868578,0.71098
3.1486,0.848388,0.772415,0.776798,0.813582,0.808818,0.812321,0.918874,0.848997,0.867748,0.711567
3.1488,0.848156,0.772465,0.776287,0.812639,0.809386,0.812754,0.918876,0.84904,0.866846,0.712644
3.149,0.847414,0.773269,0.776465,0.812038,0.810105,0.812822,0.918719,0.848655,0.866771,0.713595
3.1492,0.846543,0.774465,0.777075,0.811877,0.811059,0.812685,0.918534,0.847998,0.867611,0.713766
3.1494,0.846458,0.774881,0.777258,0.812074,0.811407,0.812697,0.918547,0.84753,0.869434,0.7132
3.1496,0.84703,0.773926,0.776686,0.812368,0.810993,0.813207,0.918777,0.847668,0.871493,0.712309
3.1498,0.847809,0.77186,0.775974,0.812536,0.810714,0.814203,0.919097,0.848485,0.872233,0.712267
3.15,0.848066,0.769502,0.775656,0.812564,0.810583,0.81503,0.91945,0.849776,0.870912,0.712403
3.1502,0.847308,0.767927,0.775741,0.812368,0.81042,0.815319,0.919792,0.850932,0.868937,0.712538
3.1504,0.846117,0.767374,0.775588,0.81201,0.810094,0.815562,0.920267,0.851285,0.86777,0.712223
3.1506,0.84508,0.767254,0.775304,0.812027,0.808797,0.816116,0.920554,0.85108,0.867717,0.711142
3.1508,0.844586,0.767057,0.774876,0.812711,0.806764,0.816736,0.920816,0.850715,0.868163,0.709825
3.151,0.844799,0.766225,0.774267,0.813294,0.804752,0.817459,0.921402,0.850388,0.868208,0.709168
3.1512,0.84564,0.764767,0.773442,0.813043,0.803781,0.81819,0.921964,0.850328,0.867416,0.70923
3.1514,0.845937,0.762977,0.772895,0.811736,0.803963,0.818533,0.921287,0.850592,0.865961,0.709562
3.1516,0.844635,0.761674,0.772836,0.809988,0.804428,0.818399,0.919504,0.850846,0.864399,0.709755
3.1518,0.841931,0.761105,0.7731,0.808756,0.805123,0.818326,0.917799,0.8509,0.863258,0.708913
3.152,0.839113,0.761269,0.773274,0.808599,0.804979,0.818757,0.917091,0.850897,0.86277,0.707659
3.1522,0.837389,0.761382,0.772899,0.809313,0.80306,0.81959,0.917268,0.850975,0.862796,0.706045
3.1524,0.837168,0.760945,0.77202,0.810228,0.800857,0.820351,0.917601,0.851189,0.86273,0.704478
3.1526,0.837914,0.759804,0.770551,0.810729,0.799969,0.820482,0.917415,0.85169,0.861846,0.703917
3.1528,0.838593,0.757843,0.769276,0.810455,0.800122,0.8196,0.916622,0.852474,0.860934,0.703884
3.153,0.838469,0.755712,0.768826,0.809445,0.800368,0.818328,0.915719,0.853028,0.860343,0.703625
3.1532,0.837465,0.754,0.768806,0.808147,0.800139,0.817691,0.915124,0.853079,0.859857,0.703047
3.1534,0.836128,0.752738,0.768602,0.807241,0.798939,0.817881,0.914726,0.853012,0.859296,0.701714
3.1536,0.835244,0.751819,0.768313,0.807427,0.797341,0.818034,0.914196,0.852979,0.858382,0.700081
3.1538,0.834914,0.750888,0.767825,0.807923,0.796407,0.817226,0.913138,0.852785,0.857117,0.698723
3.154,0.834483,0.749599,0.767168,0.807955,0.796682,0.815145,0.911789,0.852013,0.856057,0.697864
3.1542,0.833501,0.748093,0.766509,0.806835,0.797616,0.812533,0.909917,0.851194,0.855805,0.697644
3.1544,0.831998,0.746739,0.766077,0.804553,0.79811,0.810322,0.908838,0.850228,0.855995,0.697707
3.1546,0.830537,0.745824,0.765926,0.802181,0.797919,0.809213,0.907598,0.849286,0.856334,0.697488
3.1548,0.829709,0.745443,0.766272,0.800547,0.797081,0.809231,0.906184,0.848596,0.855822,0.696848
3.155,0.829622,0.745431,0.766586,0.800122,0.795755,0.809367,0.904906,0.847979,0.854598,0.695846
3.1552,0.829921,0.745434,0.766567,0.800693,0.794788,0.808327,0.903844,0.847775,0.853139,0.695477
3.1554,0.830166,0.745021,0.766476,0.802924,0.79478,0.806182,0.901858,0.847644,0.852482,0.695838
3.1556,0.830151,0.744232,0.766461,0.805878,0.795668,0.80382,0.899401,0.847204,0.85365,0.696585
3.1558,0.829922,0.743551,0.766283,0.807102,0.797065,0.802432,0.897103,0.845756,0.855676,0.696918
3.156,0.829615,0.743184,0.765871,0.805197,0.798238,0.802568,0.896454,0.844054,0.856602,0.696772
3.1562,0.829476,0.743027,0.765423,0.802264,0.798289,0.803102,0.897037,0.843254,0.855904,0.696499
3.1564,0.8296,0.742718,0.765033,0.800599,0.797137,0.802765,0.896995,0.843578,0.854028,0.696408
3.1566,0.82979,0.74193,0.764835,0.801036,0.795827,0.801246,0.895159,0.844406,0.852233,0.696756
3.1568,0.829388,0.741224,0.764914,0.802646,0.795785,0.799259,0.89235,0.844708,0.85166,0.697688
3.157,0.828593,0.740919,0.765142,0.803896,0.796835,0.79776,0.890043,0.844427,0.852685,0.699046
3.1572,0.828042,0.741056,0.765306,0.804234,0.797906,0.797288,0.889685,0.844047,0.854324,0.700511
3.1574,0.827711,0.741043,0.765324,0.803701,0.798221,0.797853,0.891151,0.844048,0.855442,0.701913
3.1576,0.827332,0.74064,0.765588,0.802701,0.797329,0.798998,0.892467,0.844136,0.855472,0.702889
3.1578,0.827444,0.739814,0.766155,0.801974,0.796046,0.800147,0.892666,0.844154,0.854666,0.703644
3.158,0.827604,0.739248,0.76668,0.802355,0.796053,0.800879,0.892256,0.844261,0.853804,0.704099
3.1582,0.827111,0.739498,0.766816,0.80418,0.797041,0.801015,0.89212,0.844474,0.853762,0.704561
3.1584,0.826015,0.740781,0.766441,0.805856,0.798038,0.800835,0.892998,0.844739,0.85454,0.7058
3.1586,0.82506,0.74234,0.765781,0.806619,0.799114,0.801032,0.895038,0.845213,0.85507,0.707847
3.1588,0.824379,0.743894,0.765527,0.806566,0.799881,0.801765,0.897131,0.846133,0.854649,0.710224
3.159,0.824249,0.744997,0.765649,0.806529,0.800034,0.802655,0.898632,0.847104,0.853976,0.712087
3.1592,0.824432,0.745607,0.765797,0.806834,0.79985,0.803345,0.900145,0.847641,0.853688,0.712805
3.1594,0.824657,0.746017,0.765554,0.807511,0.800623,0.803785,0.901793,0.848009,0.854165,0.713137
3.1596,0.824924,0.747041,0.76461,0.808422,0.802196,0.804047,0.902855,0.848323,0.855367,0.714112
3.1598,0.824976,0.748839,0.763346,0.808879,0.803521,0.804462,0.903359,0.849232,0.85674,0.715678
3.16,0.824793,0.7517,0.762521,0.808826,0.803905,0.805408,0.903998,0.850601,0.857506,0.717551
3.1602,0.824644,0.754832,0.762786,0.809644,0.80347,0.806923,0.905248,0.852292,0.857511,0.719047
3.1604,0.824867,0.757332,0.763957,0.811421,0.803063,0.808706,0.907064,0.854365,0.857158,0.719941
3.1606,0.825606,0.759039,0.765605,0.813673,0.803322,0.810387,0.909125,0.856062,0.856846,0.720443
3.1608,0.826751,0.760463,0.766608,0.815298,0.804232,0.811756,0.910969,0.857244,0.857215,0.721444
3.161,0.828047,0.762141,0.766459,0.816213,0.805644,0.812787,0.912541,0.85799,0.858553,0.723363
3.1612,0.829303,0.764773,0.765006,0.816523,0.80687,0.813721,0.914101,0.858364,0.859919,0.725745
3.1614,0.83048,0.767787,0.762683,0.816362,0.807147,0.814834,0.915791,0.85876,0.860586,0.727548
3.1616,0.831524,0.770528,0.760626,0.816285,0.806533,0.816094,0.917404,0.859767,0.86058,0.728381
3.1618,0.832517,0.772451,0.759489,0.81658,0.805651,0.817424,0.918889,0.860638,0.86025,0.728822
3.162,0.833755,0.774031,0.75939,0.817143,0.805112,0.818297,0.920604,0.860791,0.860208,0.72921
3.1622,0.835071,0.775813,0.759995,0.817331,0.805276,0.818825,0.922083,0.860394,0.861095,0.730334
3.1624,0.836208,0.777826,0.76037,0.817154,0.805989,0.818972,0.922509,0.859619,0.862666,0.732042
3.1626,0.837404,0.780121,0.760903,0.816493,0.807199,0.819024,0.922085,0.860096,0.86415,0.734415
3.1628,0.83908,0.782559,0.761658,0.816963,0.808682,0.819224,0.921573,0.861629,0.864889,0.736488
3.163,0.841316,0.784878,0.762101,0.818732,0.809851,0.819519,0.92124,0.863223,0.864927,0.737396
3.1632,0.843871,0.786852,0.762179,0.819844,0.810353,0.820704,0.921312,0.863613,0.86497,0.737132
3.1634,0.845941,0.788682,0.762145,0.819193,0.809851,0.822194,0.921436,0.862346,0.865434,0.736687
3.1636,0.84699,0.790592,0.762045,0.816824,0.808948,0.822888,0.921349,0.859929,0.866475,0.736704
3.1638,0.847225,0.79285,0.761912,0.814277,0.808287,0.82227,0.920731,0.857907,0.867708,0.738079
3.164,0.847493,0.794883,0.761719,0.812992,0.808533,0.821332,0.919812,0.857295,0.868387,0.739889
3.1642,0.848429,0.796359,0.761388,0.813421,0.809267,0.820733,0.919705,0.858104,0.868861,0.741313
3.1644,0.849863,0.797404,0.761148,0.814212,0.809702,0.821405,0.921124,0.859106,0.869417,0.742055
3.1646,0.851509,0.798337,0.761427,0.814357,0.810018,0.823001,0.923981,0.858971,0.870063,0.741861
3.1648,0.853219,0.799554,0.762212,0.81373,0.810566,0.824189,0.925944,0.857403,0.870823,0.7412
3.165,0.854236,0.800696,0.763139,0.812749,0.811483,0.823995,0.925873,0.855482,0.871397,0.740731
3.1652,0.853999,0.80159,0.764008,0.812053,0.812454,0.8228,0.924869,0.854258,0.871467,0.740638
3.1654,0.852739,0.802145,0.764353,0.811504,0.813061,0.821574,0.925894,0.85423,0.871012,0.74111
3.1656,0.851362,0.802536,0.764112,0.81141,0.813136,0.821109,0.930195,0.855083,0.87088,0.742319
3.1658,0.851284,0.803578,0.763655,0.811523,0.812907,0.821676,0.93488,0.855856,0.871277,0.74331
3.166,0.852645,0.805161,0.763379,0.812021,0.812502,0.822979,0.937146,0.855888,0.872474,0.743601
3.1662,0.854633,0.80651,0.763454,0.812754,0.812178,0.824355,0.936665,0.855323,0.873634,0.743121
3.1664,0.855844,0.806852,0.763605,0.812995,0.812121,0.825214,0.935374,0.854866,0.873918,0.742239
3.1666,0.855115,0.806107,0.76351,0.81317,0.812003,0.82531,0.935302,0.855198,0.873165,0.741441
3.1668,0.852723,0.804905,0.763021,0.813266,0.811685,0.82514,0.936497,0.856376,0.871576,0.740964
3.167,0.850017,0.804679,0.762292,0.813095,0.811219,0.825435,0.938065,0.857367,0.870608,0.741262
3.1672,0.84865,0.8052,0.761527,0.812874,0.810491,0.826018,0.940348,0.857899,0.871016,0.742131
3.1674,0.849502,0.805552,0.760975,0.812361,0.809823,0.826478,0.941557,0.858172,0.872027,0.74287
3.1676,0.850921,0.80496,0.760493,0.811437,0.809208,0.826222,0.941287,0.858226,0.872316,0.742637
3.1678,0.851139,0.803366,0.759908,0.810822,0.809007,0.825162,0.940145,0.85829,0.871309,0.741098
3.168,0.850102,0.801605,0.759164,0.810555,0.808915,0.823926,0.938589,0.858588,0.869337,0.738789
3.1682,0.848043,0.800721,0.758314,0.810596,0.808794,0.82327,0.938233,0.858853,0.867403,0.73665
3.1684,0.846044,0.80107,0.75731,0.811228,0.808788,0.82343,0.940982,0.85883,0.866322,0.735471
3.1686,0.844975,0.801663,0.756325,0.811973,0.809032,0.824032,0.944746,0.858835,0.866284,0.735302
3.1688,0.844831,0.801274,0.755561,0.812419,0.809363,0.824506,0.945714,0.85922,0.866841,0.735402
3.169,0.845042,0.799863,0.754737,0.81259,0.808579,0.824555,0.944275,0.859836,0.867076,0.735298
3.1692,0.844977,0.798577,0.753849,0.812459,0.806557,0.824287,0.943071,0.860509,0.866369,0.734814
3.1694,0.844426,0.797565,0.75285,0.812042,0.804653,0.823866,0.943275,0.861159,0.865524,0.733714
3.1696,0.843708,0.796635,0.751657,0.811598,0.803309,0.823645,0.94445,0.861355,0.864718,0.732335
3.1698,0.843075,0.795687,0.750464,0.811321,0.802583,0.823684,0.944864,0.861,0.863824,0.730831
3.17,0.842381,0.794495,0.749574,0.811081,0.802607,0.823692,0.943722,0.860887,0.862824,0.729348
3.1702,0.841881,0.793215,0.748986,0.810521,0.802937,0.823179,0.942256,0.861527,0.861477,0.728498
3.1704,0.841725,0.792558,0.748802,0.809485,0.802783,0.8219,0.94144,0.862201,0.86064,0.727936
3.1706,0.841691,0.792151,0.748749,0.808095,0.801861,0.820162,0.940348,0.861927,0.860562,0.727681
3.1708,0.841329,0.791287,0.748551,0.806788,0.800615,0.818887,0.938445,0.86034,0.86108,0.727446
3.171,0.840545,0.789879,0.748187,0.806072,0.799528,0.818237,0.936947,0.858206,0.862391,0.726895
3.1712,0.8398,0.788264,0.747955,0.806036,0.798864,0.8178,0.935158,0.857476,0.863469,0.725814
3.1714,0.839318,0.786965,0.748177,0.806169,0.798827,0.816995,0.933807,0.858142,0.863112,0.724679
3.1716,0.839749,0.786231,0.748715,0.806079,0.799318,0.815476,0.932721,0.859019,0.861442,0.723812
3.1718,0.840739,0.785805,0.74922,0.80544,0.799513,0.813527,0.931068,0.858562,0.859642,0.72343
3.172,0.841512,0.785408,0.749361,0.80459,0.79969,0.811918,0.928747,0.856558,0.858672,0.723473
3.1722,0.841633,0.785314,0.749234,0.803442,0.80047,0.810701,0.926684,0.854736,0.858126,0.724071
3.1724,0.841061,0.785136,0.749318,0.802007,0.801204,0.809758,0.925047,0.855875,0.857948,0.724612
3.1726,0.840206,0.784794,0.749786,0.800794,0.800811,0.808973,0.924536,0.859119,0.85806,0.724657
3.1728,0.839676,0.78431,0.750412,0.80005,0.799614,0.808589,0.923913,0.861011,0.858796,0.724001
3.173,0.839608,0.783659,0.75089,0.800247,0.798745,0.808465,0.9217,0.859365,0.859536,0.723291
3.1732,0.839857,0.782832,0.750942,0.800814,0.798796,0.807855,0.91849,0.855486,0.860079,0.722989
3.1734,0.839849,0.782457,0.750789,0.800688,0.799363,0.806519,0.916071,0.852887,0.859785,0.723783
3.1736,0.839465,0.783181,0.750737,0.800334,0.800529,0.804927,0.91482,0.854088,0.858562,0.724953
3.1738,0.838746,0.784858,0.751291,0.801137,0.801825,0.803776,0.914282,0.857391,0.857176,0.726069
3.174,0.838557,0.786401,0.752277,0.80258,0.802496,0.803566,0.913431,0.859445,0.857049,0.72707
3.1742,0.838747,0.787377,0.753695,0.803765,0.801919,0.804255,0.91222,0.85877,0.858475,0.727415
3.1744,0.838974,0.787797,0.755014,0.804233,0.800272,0.805442,0.911315,0.85694,0.860368,0.727211
3.1746,0.838391,0.787584,0.755546,0.804108,0.798749,0.806621,0.911109,0.855665,0.861879,0.727448
3.1748,0.83713,0.787205,0.75505,0.804346,0.798613,0.80746,0.911562,0.855678,0.861823,0.728329
3.175,0.836003,0.787362,0.753916,0.805042,0.799689,0.807607,0.912185,0.857547,0.860895,0.729932
3.1752,0.835649,0.788547,0.752963,0.806091,0.801157,0.807389,0.912691,0.859888,0.860608,0.731531
3.1754,0.835999,0.791099,0.752919,0.806727,0.801922,0.807785,0.913255,0.860852,0.861249,0.732183
3.1756,0.83664,0.793928,0.753584,0.806499,0.801197,0.809164,0.914141,0.860208,0.862198,0.732068
3.1758,0.836483,0.795939,0.754166,0.805806,0.799735,0.810735,0.915328,0.860068,0.862539,0.732032
3.176,0.835802,0.796522,0.754152,0.806274,0.798809,0.811613,0.916789,0.860633,0.862045,0.732546
3.1762,0.835356,0.796779,0.754373,0.807991,0.799307,0.811466,0.917815,0.861609,0.861259,0.73441
3.1764,0.83532,0.797433,0.755568,0.809874,0.801043,0.810895,0.918247,0.862457,0.860845,0.73706
3.1766,0.836309,0.798771,0.756959,0.811541,0.802826,0.810859,0.918676,0.86298,0.86186,0.739573
3.1768,0.838111,0.800684,0.757744,0.812873,0.803426,0.811937,0.919613,0.863112,0.8635,0.741167
3.177,0.839449,0.802724,0.757386,0.813445,0.802937,0.814064,0.920911,0.863114,0.864758,0.741565
3.1772,0.84014,0.804467,0.756423,0.812846,0.801786,0.816525,0.922145,0.863584,0.864926,0.741551
3.1774,0.840221,0.805665,0.755528,0.812188,0.800946,0.818525,0.922959,0.864483,0.864144,0.742098
3.1776,0.840092,0.807156,0.755037,0.812212,0.801639,0.819479,0.923437,0.865348,0.863314,0.743416
3.1778,0.840444,0.809099,0.755411,0.812998,0.803503,0.819595,0.924363,0.86598,0.863677,0.745071
3.178,0.84167,0.811008,0.756308,0.813336,0.80544,0.819881,0.926205,0.866775,0.865293,0.746713
3.1782,0.843206,0.812826,0.75703,0.813605,0.806225,0.820565,0.928515,0.867388,0.867041,0.748258
3.1784,0.844511,0.814115,0.75685,0.814281,0.805536,0.821604,0.930216,0.868273,0.867914,0.749313
3.1786,0.845776,0.81484,0.756068,0.815085,0.804482,0.822706,0.931024,0.868763,0.867407,0.750344
3.1788,0.846834,0.815721,0.755313,0.814881,0.803955,0.823118,0.931221,0.868841,0.865869,0.751329
3.179,0.84788,0.816886,0.754801,0.813908,0.804322,0.822818,0.93115,0.868284,0.864755,0.752544
3.1792,0.848858,0.818389,0.754821,0.812947,0.805139,0.822431,0.932048,0.867593,0.865045,0.754069
3.1794,0.849792,0.819966,0.755814,0.812533,0.80602,0.822566,0.933752,0.867442,0.866645,0.755528
3.1796,0.851127,0.821494,0.757067,0.812771,0.806649,0.823082,0.934431,0.867702,0.86873,0.756646
3.1798,0.852812,0.822891,0.758149,0.813273,0.807378,0.823596,0.933256,0.867655,0.869785,0.757331
3.18,0.853952,0.824207,0.758638,0.81395,0.808158,0.823802,0.931711,0.867118,0.869412,0.757554
3.1802,0.854201,0.825869,0.758116,0.814437,0.808531,0.823242,0.931239,0.865746,0.868515,0.758097
3.1804,0.853906,0.827547,0.757286,0.814633,0.808403,0.822768,0.933046,0.864075,0.867901,0.75922
3.1806,0.854173,0.828815,0.756742,0.814556,0.808275,0.822626,0.934089,0.862655,0.868801,0.760476
3.1808,0.855165,0.829564,0.756633,0.814178,0.808431,0.823487,0.932755,0.861897,0.87113,0.761613
3.181,0.856541,0.83013,0.756985,0.814122,0.808951,0.824841,0.930822,0.861731,0.873199,0.762136
3.1812,0.857708,0.830808,0.757343,0.814914,0.809971,0.825365,0.930144,0.861587,0.873801,0.761921
3.1814,0.858476,0.831743,0.757084,0.816002,0.811188,0.824477,0.93175,0.861259,0.872967,0.761423
3.1816,0.859347,0.832508,0.756313,0.816403,0.811752,0.823007,0.932931,0.860418,0.871655,0.761084
3.1818,0.859926,0.833151,0.755668,0.81577,0.811188,0.822125,0.931538,0.859454,0.871085,0.761455
3.182,0.86003,0.833757,0.755491,0.814512,0.809809,0.822223,0.928957,0.858976,0.871622,0.762384
3.1822,0.859799,0.834532,0.755788,0.813435,0.80851,0.823038,0.92738,0.859027,0.872712,0.763193
3.1824,0.859823,0.835232,0.755944,0.813126,0.808129,0.823911,0.927318,0.859304,0.874143,0.763574
3.1826,0.860047,0.835798,0.755557,0.81361,0.808866,0.82436,0.927781,0.859478,0.87469,0.763143
3.1828,0.860505,0.835911,0.754873,0.814446,0.810229,0.824415,0.927738,0.859459,0.874174,0.762293
3.183,0.860845,0.835345,0.754202,0.815105,0.811288,0.824487,0.927127,0.859458,0.873322,0.762134
3.1832,0.861609,0.834315,0.753846,0.815334,0.811152,0.824908,0.926612,0.859761,0.87305,0.762529
3.1834,0.862462,0.833792,0.753732,0.815006,0.810106,0.825361,0.926747,0.860397,0.873037,0.763062
3.1836,0.863264,0.834167,0.753627,0.814228,0.809101,0.825747,0.927702,0.860789,0.87279,0.762971
3.1838,0.864045,0.834555,0.753368,0.81343,0.808636,0.826091,0.928891,0.861192,0.871928,0.761787
3.184,0.86403,0.834239,0.753066,0.81304,0.808498,0.826044,0.92916,0.861899,0.87055,0.760035
3.1842,0.862896,0.833278,0.752415,0.812947,0.807939,0.825491,0.928581,0.862457,0.869451,0.758862
3.1844,0.862122,0.832058,0.751552,0.812493,0.806472,0.824812,0.928276,0.862469,0.869133,0.758613
3.1846,0.86272,0.831061,0.750708,0.811139,0.804248,0.824367,0.928537,0.861916,0.869242,0.759116
3.1848,0.86359,0.830526,0.75032,0.809525,0.802107,0.824252,0.929433,0.860978,0.86934,0.759405
3.185,0.863646,0.830235,0.750448,0.807927,0.800846,0.824298,0.930828,0.861027,0.869362,0.758593
3.1852,0.863003,0.82992,0.75104,0.806725,0.800464,0.824363,0.932298,0.862113,0.869162,0.756713
3.1854,0.861795,0.829157,0.751307,0.805933,0.800168,0.824462,0.932434,0.863065,0.868456,0.754697
3.1856,0.860574,0.827646,0.751034,0.805028,0.799678,0.824746,0.931754,0.863643,0.867881,0.753081
3.1858,0.860955,0.825664,0.750371,0.803895,0.798223,0.825257,0.931694,0.863596,0.867921,0.752897
3.186,0.862893,0.824041,0.749751,0.802752,0.795755,0.825813,0.932702,0.862507,0.867911,0.753465
3.1862,0.863952,0.823457,0.749465,0.801633,0.792731,0.825979,0.934465,0.861216,0.867588,0.753479
3.1864,0.862666,0.823459,0.749819,0.800197,0.790065,0.825721,0.935804,0.861045,0.866968,0.752402
3.1866,0.859666,0.822956,0.750242,0.798311,0.788305,0.825387,0.935641,0.862099,0.865961,0.750185
3.1868,0.857257,0.821223,0.750423,0.796274,0.787328,0.82499,0.934736,0.863661,0.86528,0.747754
3.187,0.856452,0.818644,0.750224,0.794454,0.7865,0.824828,0.93452,0.864695,0.865678,0.746306
3.1872,0.857342,0.816189,0.749745,0.793117,0.785275,0.824696,0.935166,0.864013,0.866275,0.746334
3.1874,0.858994,0.814343,0.749487,0.7925,0.78361,0.824218,0.93498,0.862506,0.865948,0.747044
3.1876,0.859769,0.813434,0.749699,0.792377,0.781931,0.823202,0.934017,0.861568,0.864482,0.747908
3.1878,0.858977,0.812932,0.750063,0.792196,0.780724,0.82219,0.931904,0.861675,0.862607,0.74778
3.188,0.856843,0.812299,0.750119,0.79155,0.780132,0.821385,0.929082,0.862623,0.861073,0.746937
3.1882,0.854981,0.811277,0.749788,0.790571,0.780024,0.821007,0.927,0.864108,0.861208,0.745766
3.1884,0.854556,0.810015,0.749312,0.789786,0.780115,0.820578,0.925969,0.864867,0.863069,0.744919
3.1886,0.855142,0.808828,0.749131,0.790256,0.780267,0.819437,0.925342,0.864712,0.864729,0.745068
3.1888,0.856154,0.807911,0.749323,0.79169,0.780558,0.817741,0.924073,0.864118,0.864346,0.745749
3.189,0.856269,0.807715,0.749771,0.793253,0.780697,0.815732,0.922585,0.864351,0.862233,0.746708
3.1892,0.855277,0.808115,0.750096,0.794517,0.78052,0.813877,0.920275,0.865212,0.859605,0.746916
3.1894,0.854239,0.80824,0.750217,0.794847,0.780226,0.812683,0.916791,0.865869,0.858253,0.746367
3.1896,0.854008,0.807334,0.750082,0.794419,0.780157,0.812094,0.913306,0.865797,0.85878,0.74541
3.1898,0.854678,0.806065,0.74945,0.793904,0.780141,0.811728,0.911445,0.865049,0.860386,0.744479
3.19,0.855288,0.805078,0.748333,0.79415,0.780468,0.811125,0.910583,0.864299,0.862078,0.744147
3.1902,0.85502,0.805051,0.747596,0.795219,0.78125,0.810069,0.909923,0.863917,0.862488,0.744546
3.1904,0.853761,0.806021,0.747814,0.796479,0.782548,0.80882,0.909217,0.864696,0.861473,0.745252
3.1906,0.852023,0.807546,0.748404,0.797684,0.784115,0.807847,0.908146,0.866325,0.860602,0.745987
3.1908,0.851123,0.808438,0.748869,0.798894,0.785146,0.807594,0.906824,0.867317,0.86073,0.746481
3.191,0.852149,0.808338,0.748509,0.800273,0.785521,0.808167,0.905703,0.865974,0.861205,0.74658
3.1912,0.8544,0.807272,0.747258,0.800885,0.7854,0.809234,0.905226,0.862817,0.861808,0.746762
3.1914,0.856381,0.806479,0.745579,0.800571,0.785233,0.810342,0.905486,0.85997,0.862158,0.747604
3.1916,0.856989,0.806899,0.74396,0.800111,0.785618,0.810932,0.906206,0.860221,0.862042,0.749135
3.1918,0.856109,0.808283,0.743003,0.799858,0.786715,0.810753,0.907004,0.864965,0.861924,0.750574
3.192,0.854664,0.80997,0.74276,0.800503,0.787793,0.810725,0.907703,0.870457,0.861579,0.75156
3.1922,0.854076,0.811245,0.742839,0.80198,0.787908,0.811543,0.90868,0.872085,0.861313,0.751702
3.1924,0.854646,0.811894,0.742707,0.803521,0.786961,0.813111,0.909772,0.869444,0.861379,0.7519
3.1926,0.855646,0.81203,0.742165,0.804525,0.785733,0.814601,0.911371,0.866018,0.861616,0.752623
3.1928,0.856217,0.81217,0.741119,0.805114,0.784796,0.815325,0.913727,0.864925,0.862253,0.754327
3.193,0.855647,0.812646,0.739952,0.805166,0.784832,0.815286,0.915834,0.866672,0.862973,0.756758
3.1932,0.854475,0.81417,0.739202,0.805139,0.787179,0.815053,0.917382,0.869623,0.863227,0.759686
3.1934,0.854829,0.816969,0.739178,0.805915,0.790183,0.815232,0.918857,0.872026,0.863455,0.761852
3.1936,0.857512,0.820171,0.739802,0.807906,0.791051,0.81627,0.920428,0.872578,0.863734,0.762733
3.1938,0.860494,0.823113,0.740699,0.810686,0.789247,0.818247,0.922475,0.871546,0.86418,0.76276
3.194,0.861565,0.824857,0.741432,0.812779,0.786211,0.820758,0.92424,0.870658,0.864541,0.762382
3.1942,0.860181,0.825206,0.741673,0.813398,0.784484,0.822967,0.925341,0.871179,0.864924,0.762854
3.1944,0.858514,0.82547,0.74125,0.812478,0.786377,0.823981,0.926132,0.872771,0.864738,0.764908
3.1946,0.858496,0.826526,0.740704,0.811569,0.79059,0.823624,0.927427,0.874275,0.864286,0.767878
3.1948,0.860515,0.828328,0.740582,0.811552,0.793855,0.822854,0.92937,0.874584,0.864108,0.770717
3.195,0.862803,0.830375,0.741198,0.812622,0.794203,0.822963,0.931362,0.873517,0.864563,0.772251
3.1952,0.863843,0.832596,0.742121,0.814284,0.79246,0.824332,0.932736,0.872384,0.865112,0.77218
3.1954,0.863387,0.834655,0.742565,0.815949,0.79092,0.826044,0.933158,0.872467,0.865365,0.771597
3.1956,0.862169,0.836514,0.742191,0.816594,0.790643,0.827025,0.932674,0.87301,0.864595,0.771664
3.1958,0.861069,0.837964,0.741432,0.816441,0.792036,0.827053,0.932859,0.873344,0.862955,0.772777
3.196,0.86082,0.839288,0.741194,0.815617,0.794435,0.826241,0.934082,0.873153,0.861311,0.775009
3.1962,0.861705,0.840516,0.741676,0.815341,0.796274,0.825551,0.934898,0.872657,0.860419,0.777826
3.1964,0.863662,0.842012,0.742999,0.816035,0.797109,0.825727,0.934325,0.871725,0.860727,0.779664
3.1966,0.865888,0.843974,0.744478,0.817195,0.797309,0.826302,0.933625,0.870699,0.861605,0.780005
3.1968,0.867823,0.845855,0.745323,0.81791,0.797845,0.827185,0.933629,0.869544,0.862284,0.779558
3.197,0.868615,0.847313,0.745198,0.81821,0.798976,0.827389,0.93391,0.869093,0.861588,0.779366
3.1972,0.867759,0.848196,0.744408,0.817956,0.800307,0.827369,0.933063,0.868873,0.859332,0.78002
3.1974,0.866006,0.848735,0.743561,0.81699,0.800761,0.827391,0.931974,0.868715,0.85652,0.781469
3.1976,0.864601,0.849143,0.743091,0.815981,0.800245,0.827203,0.931637,0.868567,0.854606,0.783024
3.1978,0.864247,0.849676,0.743191,0.815579,0.799592,0.82686,0.932384,0.868666,0.85397,0.783927
3.198,0.865404,0.850434,0.743428,0.816239,0.799867,0.826296,0.932891,0.868739,0.854691,0.784203
3.1982,0.867435,0.851272,0.743733,0.817453,0.800739,0.825606,0.933236,0.867798,0.855776,0.784272
3.1984,0.868773,0.851783,0.743578,0.818504,0.80169,0.825055,0.9326,0.866158,0.855791,0.784671
3.1986,0.868513,0.852273,0.74339,0.818833,0.802025,0.824904,0.930619,0.864896,0.854371,0.78525
3.1988,0.867043,0.852604,0.743069,0.81847,0.801751,0.825216,0.928384,0.864418,0.852204,0.785783
3.199,0.865256,0.852905,0.742269,0.818213,0.80094,0.825717,0.9272,0.864829,0.850374,0.785889
3.1992,0.864589,0.853351,0.740864,0.818146,0.800498,0.826095,0.927299,0.865262,0.849743,0.785537
3.1994,0.865237,0.853795,0.739317,0.818146,0.800934,0.82625,0.927856,0.865281,0.850419,0.785052
3.1996,0.866717,0.853894,0.738245,0.81834,0.801959,0.826354,0.928006,0.864716,0.851712,0.785101
3.1998,0.867848,0.853612,0.737604,0.818051,0.802464,0.826603,0.927571,0.864033,0.852622,0.785771
3.2,0.867436,0.853278,0.737091,0.817585,0.802011,0.826941,0.927075,0.863753,0.852446,0.786098
3.2002,0.866122,0.852947,0.736371,0.817115,0.800934,0.827343,0.927249,0.863801,0.851558,0.785554
3.2004,0.864656,0.852893,0.735589,0.816747,0.799682,0.827781,0.928595,0.863992,0.850692,0.784154
3.2006,0.863853,0.852803,0.734993,0.816648,0.798693,0.827838,0.929895,0.864476,0.850091,0.782123
3.2008,0.863781,0.852057,0.734362,0.816371,0.798721,0.827352,0.930346,0.864959,0.849938,0.780515
3.201,0.863972,0.850513,0.733461,0.81616,0.799331,0.826502,0.930764,0.865007,0.849808,0.780237
3.2012,0.86378,0.848721,0.732328,0.815652,0.79944,0.825554,0.931331,0.864275,0.84917,0.781501
3.2014,0.862954,0.847068,0.731358,0.814489,0.798351,0.824835,0.930928,0.862912,0.84804,0.782885
3.2016,0.861474,0.84609,0.73086,0.813058,0.796278,0.8247,0.929394,0.861577,0.847036,0.782861
3.2018,0.860195,0.845636,0.730867,0.812534,0.794128,0.825135,0.927898,0.860899,0.846663,0.780991
3.202,0.85963,0.845307,0.731161,0.812884,0.792829,0.825722,0.927653,0.861094,0.846824,0.778006
3.2022,0.859328,0.844645,0.731424,0.81335,0.792687,0.826035,0.928372,0.861845,0.847105,0.775271
3.2024,0.858848,0.842896,0.731447,0.813157,0.793113,0.825964,0.929008,0.862535,0.847221,0.774176
3.2026,0.858126,0.840031,0.731104,0.812309,0.793021,0.825627,0.928885,0.862739,0.846946,0.774752
3.2028,0.856977,0.836851,0.730487,0.811698,0.792482,0.825228,0.928207,0.862342,0.84613,0.775846
3.203,0.856111,0.83464,0.730242,0.811669,0.791696,0.824876,0.927731,0.861388,0.845564,0.776304
3.2032,0.85577,0.833709,0.730614,0.811557,0.790797,0.824652,0.927666,0.860889,0.845685,0.775043
3.2034,0.856068,0.833986,0.731201,0.810558,0.789801,0.824562,0.927627,0.861089,0.845926,0.772462
3.2036,0.856719,0.83422,0.731314,0.809004,0.788989,0.824237,0.927952,0.862015,0.845498,0.770286
3.2038,0.856825,0.833473,0.73079,0.807185,0.788434,0.823573,0.927828,0.862488,0.843879,0.769061
3.204,0.855078,0.8315,0.729952,0.805465,0.787735,0.82247,0.926099,0.861469,0.841969,0.769362
3.2042,0.852454,0.829299,0.729315,0.804061,0.787094,0.821002,0.923019,0.859042,0.840791,0.770165
3.2044,0.851311,0.828224,0.729386,0.803209,0.786754,0.819591,0.920868,0.856274,0.840517,0.770104
3.2046,0.851578,0.828317,0.730369,0.802667,0.786611,0.818449,0.919978,0.854532,0.840779,0.768957
3.2048,0.85255,0.828448,0.732107,0.80185,0.786448,0.818036,0.920339,0.854861,0.840566,0.766725
3.205,0.852752,0.827313,0.733466,0.800654,0.786165,0.81848,0.919665,0.856183,0.839341,0.765012
3.2052,0.851165,0.825374,0.733433,0.799496,0.786207,0.818384,0.917772,0.857311,0.8372,0.76474
3.2054,0.848313,0.824111,0.732215,0.798303,0.786775,0.817162,0.91501,0.85741,0.83489,0.765602
3.2056,0.84659,0.823706,0.731254,0.796943,0.787547,0.815513,0.912683,0.857327,0.83455,0.766353
3.2058,0.847829,0.823561,0.73123,0.795624,0.78773,0.814213,0.911956,0.858378,0.836566,0.766113
3.206,0.851203,0.823025,0.73202,0.794772,0.787054,0.813771,0.91253,0.859894,0.838666,0.764802
3.2062,0.85368,0.822269,0.733058,0.794366,0.78613,0.813712,0.911524,0.861605,0.838562,0.763506
3.2064,0.852953,0.821596,0.733695,0.793729,0.785276,0.813342,0.908461,0.862884,0.836004,0.763023
3.2066,0.849461,0.820983,0.73354,0.792547,0.784967,0.812316,0.905052,0.862823,0.832407,0.763327
3.2068,0.846326,0.820891,0.733488,0.791221,0.785523,0.81088,0.903064,0.86208,0.830232,0.764545
3.207,0.845568,0.821241,0.733511,0.790288,0.786805,0.80958,0.902608,0.861767,0.830181,0.765518
3.2072,0.84749,0.821696,0.733512,0.789944,0.787763,0.808832,0.902653,0.862337,0.831455,0.766043
3.2074,0.850414,0.821959,0.733597,0.789928,0.78774,0.808819,0.90198,0.863806,0.832665,0.766331
3.2076,0.852685,0.821732,0.734069,0.790001,0.786517,0.809493,0.900622,0.865515,0.832749,0.766088
3.2078,0.853079,0.821356,0.735094,0.789921,0.785383,0.810536,0.899591,0.866243,0.83185,0.766042
3.208,0.85143,0.821231,0.736161,0.789781,0.785321,0.811436,0.899541,0.865941,0.830917,0.766148
3.2082,0.848982,0.821575,0.736583,0.789795,0.786132,0.811739,0.900187,0.865721,0.830664,0.766901
3.2084,0.847418,0.822454,0.736175,0.790097,0.787151,0.811503,0.901147,0.866388,0.831622,0.768286
3.2086,0.847533,0.82365,0.735296,0.790464,0.787578,0.811556,0.90206,0.867768,0.832932,0.769315
3.2088,0.849384,0.824669,0.734678,0.790876,0.787142,0.81248,0.902764,0.868386,0.834129,0.770515
3.209,0.851131,0.825204,0.734893,0.791532,0.785968,0.813887,0.903343,0.867289,0.834862,0.771702
3.2092,0.851912,0.825494,0.735602,0.792351,0.784893,0.815134,0.904127,0.865754,0.834899,0.772757
3.2094,0.851209,0.82617,0.736413,0.792691,0.784201,0.815488,0.9053,0.865452,0.834757,0.773758
3.2096,0.849646,0.827079,0.73683,0.792299,0.784052,0.815049,0.90645,0.866386,0.835148,0.774369
3.2098,0.848249,0.82854,0.736746,0.791419,0.784456,0.814631,0.907257,0.867964,0.835702,0.775078
3.21,0.847933,0.830581,0.736221,0.791097,0.785648,0.814947,0.90837,0.868924,0.835679,0.776208
3.2102,0.848313,0.832848,0.735715,0.791997,0.787222,0.816046,0.910211,0.868957,0.834625,0.777366
3.2104,0.847981,0.834572,0.735536,0.793523,0.788196,0.817575,0.912285,0.868146,0.832574,0.778654
3.2106,0.847051,0.835483,0.735849,0.795064,0.788358,0.819117,0.914244,0.867237,0.830425,0.779968
3.2108,0.846154,0.835806,0.736501,0.796377,0.788081,0.820403,0.916032,0.867103,0.829304,0.780934
3.211,0.845859,0.83662,0.736969,0.797148,0.787596,0.821259,0.917521,0.867683,0.829015,0.78212
3.2112,0.846186,0.838024,0.737409,0.797568,0.787243,0.821808,0.919196,0.868889,0.829368,0.783169
3.2114,0.847332,0.840147,0.737682,0.798461,0.787012,0.822351,0.921185,0.870697,0.8306,0.784044
3.2116,0.848825,0.842296,0.737299,0.799466,0.787269,0.823223,0.922654,0.871965,0.832035,0.785227
3.2118,0.849906,0.844195,0.73649,0.799636,0.788288,0.824004,0.923617,0.871783,0.832786,0.78639
3.212,0.850585,0.846194,0.735347,0.799201,0.789494,0.824366,0.924969,0.870132,0.832682,0.787312
3.2122,0.850875,0.848157,0.734398,0.798777,0.790109,0.824335,0.926302,0.867991,0.831597,0.78828
3.2124,0.850826,0.849752,0.734101,0.799079,0.790108,0.823968,0.92665,0.8669,0.830616,0.789382
3.2126,0.85056,0.850816,0.735405,0.80082,0.789939,0.8241,0.925956,0.867949,0.831433,0.790598
3.2128,0.850678,0.851508,0.73756,0.803612,0.789762,0.824632,0.925294,0.870369,0.83368,0.792027
3.213,0.851219,0.852247,0.738969,0.80579,0.789908,0.825028,0.925673,0.872051,0.836205,0.793402
3.2132,0.851787,0.85351,0.738901,0.806124,0.790582,0.824949,0.926256,0.872334,0.837639,0.794658
3.2134,0.852064,0.855331,0.737861,0.804813,0.791385,0.824253,0.926473,0.871179,0.837434,0.795436
3.2136,0.851956,0.857235,0.736414,0.803282,0.792096,0.823009,0.925268,0.8695,0.836778,0.795614
3.2138,0.852673,0.858842,0.735539,0.802975,0.792935,0.82188,0.923757,0.869001,0.836911,0.795537
3.214,0.854685,0.860211,0.735661,0.804108,0.793594,0.821564,0.923042,0.869685,0.837679,0.795679
3.2142,0.856969,0.861054,0.736324,0.805947,0.793607,0.821937,0.923904,0.870641,0.838719,0.796406
3.2144,0.857486,0.861208,0.737165,0.80733,0.79317,0.822784,0.926201,0.871732,0.839456,0.797453
3.2146,0.856334,0.860867,0.737483,0.807234,0.792869,0.823176,0.928989,0.87235,0.839364,0.798541
3.2148,0.855083,0.86032,0.736903,0.805828,0.792657,0.822422,0.92987,0.872642,0.83906,0.799362
3.215,0.854853,0.859994,0.73559,0.804227,0.792554,0.820906,0.928786,0.872459,0.839376,0.799712
3.2152,0.856088,0.859956,0.734321,0.803392,0.792756,0.819573,0.928872,0.872061,0.840252,0.799896
3.2154,0.857588,0.860048,0.733889,0.803591,0.793245,0.819014,0.930517,0.871561,0.841462,0.799835
3.2156,0.858757,0.859815,0.734433,0.805081,0.793522,0.81928,0.933153,0.870939,0.842156,0.800172
3.2158,0.859465,0.858949,0.735392,0.807079,0.793341,0.82006,0.935235,0.870329,0.842132,0.800842
3.216,0.859704,0.85749,0.735972,0.807603,0.792926,0.82089,0.93483,0.86994,0.841997,0.801684
3.2162,0.859446,0.855441,0.735547,0.806585,0.79263,0.821433,0.934031,0.869829,0.842346,0.802154
3.2164,0.858612,0.853501,0.734494,0.804753,0.792495,0.821547,0.933941,0.869891,0.843025,0.802205
3.2166,0.858116,0.851892,0.733705,0.802994,0.792439,0.821212,0.93521,0.869594,0.843582,0.801695
3.2168,0.858251,0.850722,0.733312,0.802238,0.792614,0.820792,0.936589,0.86883,0.843919,0.801304
3.217,0.85841,0.849721,0.733427,0.80225,0.792606,0.820772,0.936615,0.868204,0.843651,0.801173
3.2172,0.858548,0.848312,0.733957,0.802982,0.791902,0.821257,0.935302,0.868024,0.842903,0.801112
3.2174,0.858666,0.846382,0.734251,0.803404,0.790167,0.822182,0.934406,0.868321,0.841825,0.800888
3.2176,0.858364,0.84403,0.733915,0.802857,0.78788,0.823208,0.934034,0.868693,0.840727,0.800627
3.2178,0.85809,0.841577,0.733523,0.801357,0.786098,0.823854,0.93385,0.868151,0.839833,0.800373
3.218,0.857747,0.839494,0.733754,0.799853,0.784931,0.823607,0.933443,0.866987,0.839415,0.800043
3.2182,0.856834,0.838033,0.73393,0.798944,0.784496,0.822578,0.933372,0.86589,0.839688,0.799512
3.2184,0.855625,0.837057,0.73364,0.799133,0.783979,0.821546,0.932995,0.865124,0.840284,0.798646
3.2186,0.854197,0.836283,0.732884,0.79976,0.782822,0.821399,0.931988,0.864851,0.840355,0.797751
3.2188,0.85312,0.835396,0.731894,0.799697,0.780703,0.822365,0.932926,0.865225,0.839696,0.796861
3.219,0.852202,0.83428,0.731069,0.799121,0.778066,0.824014,0.935087,0.865108,0.839286,0.796302
3.2192,0.852171,0.833007,0.730712,0.798297,0.775437,0.82543,0.934888,0.864443,0.839825,0.796263
3.2194,0.852816,0.831547,0.730442,0.797422,0.773565,0.825798,0.931906,0.863106,0.840623,0.796142
3.2196,0.852681,0.830168,0.730204,0.797099,0.772473,0.825134,0.929054,0.861758,0.840566,0.795663
3.2198,0.851322,0.82931,0.730669,0.796972,0.771645,0.824208,0.928984,0.861209,0.839385,0.794678
3.22,0.848766,0.828698,0.73152,0.796686,0.770447,0.823518,0.93069,0.861947,0.837816,0.793181
3.2202,0.846045,0.827758,0.732119,0.795856,0.768616,0.823185,0.93269,0.862823,0.836662,0.791589
3.2204,0.844422,0.82621,0.732028,0.795065,0.766594,0.823502,0.932997,0.862773,0.836422,0.790158
3.2206,0.843964,0.824266,0.731365,0.794697,0.764865,0.823803,0.931662,0.861528,0.83674,0.789544
3.2208,0.843772,0.822427,0.73072,0.795507,0.763601,0.823233,0.929976,0.860046,0.836766,0.789999
3.221,0.843266,0.821205,0.730615,0.796345,0.7628,0.821698,0.929575,0.859152,0.835938,0.791298
3.2212,0.842366,0.820725,0.731444,0.795919,0.76239,0.819727,0.929464,0.858909,0.8345,0.792131
3.2214,0.84148,0.82068,0.732877,0.79423,0.762238,0.817996,0.929007,0.859644,0.833192,0.791527
3.2216,0.840557,0.820634,0.73417,0.792331,0.762182,0.817206,0.929294,0.860402,0.832613,0.789405
3.2218,0.839437,0.820299,0.734338,0.791182,0.762199,0.816915,0.929519,0.860785,0.832948,0.787327
3.222,0.83836,0.819536,0.733697,0.791362,0.762741,0.816357,0.929102,0.860317,0.833825,0.78612
3.2222,0.837571,0.818556,0.732807,0.791721,0.763363,0.815283,0.92735,0.859728,0.834493,0.786217
3.2224,0.836818,0.817678,0.732313,0.792007,0.763878,0.81371,0.926682,0.859037,0.834088,0.787032
3.2226,0.836388,0.817008,0.731899,0.79248,0.76387,0.811906,0.928083,0.858879,0.832997,0.787461
3.2228,0.836875,0.81645,0.730937,0.792999,0.763502,0.810424,0.928913,0.85903,0.832019,0.787252
3.223,0.837712,0.815871,0.729467,0.793266,0.762723,0.809337,0.9277,0.858924,0.831288,0.786349
3.2232,0.83789,0.815477,0.728325,0.792615,0.761936,0.808555,0.926305,0.858434,0.830443,0.785271
3.2234,0.836879,0.815324,0.728816,0.79125,0.761906,0.807929,0.925809,0.858664,0.829652,0.785191
3.2236,0.834895,0.815069,0.730958,0.790719,0.762765,0.807289,0.925951,0.859418,0.828443,0.785826
3.2238,0.833086,0.814662,0.732946,0.791393,0.764323,0.806662,0.925646,0.859493,0.827015,0.787283
3.224,0.832305,0.81431,0.733584,0.793074,0.765821,0.806195,0.924653,0.858264,0.826328,0.789059
3.2242,0.832626,0.814013,0.732828,0.79449,0.766805,0.806126,0.924108,0.856153,0.82679,0.790194
3.2244,0.83345,0.813549,0.731511,0.79464,0.766721,0.806591,0.92553,0.853964,0.827557,0.790429
3.2246,0.833871,0.812997,0.730535,0.793492,0.76599,0.807563,0.927142,0.852455,0.827613,0.790266
3.2248,0.834022,0.812655,0.730367,0.792355,0.765613,0.808815,0.926915,0.852648,0.826664,0.789965
3.225,0.833889,0.813146,0.731181,0.792181,0.765745,0.809621,0.925113,0.854203,0.824193,0.790176
3.2252,0.834027,0.814835,0.73255,0.793548,0.765655,0.809957,0.924379,0.855788,0.821716,0.791108
3.2254,0.834658,0.816774,0.733592,0.795138,0.765712,0.810556,0.925711,0.855567,0.820749,0.79239
3.2256,0.835493,0.818102,0.733779,0.79568,0.766029,0.811743,0.929445,0.85321,0.821235,0.793751
3.2258,0.836092,0.818633,0.733421,0.794717,0.766173,0.81284,0.93218,0.850401,0.822289,0.795225
3.226,0.836361,0.818694,0.733292,0.79333,0.765974,0.813331,0.932277,0.849194,0.82281,0.79628
3.2262,0.835963,0.81966,0.733876,0.792734,0.765846,0.813231,0.929696,0.85021,0.821936,0.797396
3.2264,0.835071,0.822289,0.734708,0.792899,0.765793,0.813025,0.928291,0.851836,0.820231,0.798141
3.2266,0.834574,0.825199,0.735356,0.793331,0.765749,0.813362,0.929366,0.852531,0.818625,0.798995
3.2268,0.834776,0.827182,0.735306,0.793387,0.765773,0.814507,0.932053,0.851401,0.818104,0.80032
3.227,0.835694,0.828264,0.734831,0.793552,0.766049,0.816166,0.933484,0.84908,0.819017,0.801559
3.2272,0.836844,0.829102,0.734388,0.794011,0.766754,0.817816,0.933149,0.846987,0.820765,0.802802
3.2274,0.837937,0.830081,0.734221,0.795017,0.767889,0.819038,0.932032,0.846303,0.822254,0.803716
3.2276,0.838277,0.83165,0.734553,0.795663,0.769312,0.819562,0.931186,0.847368,0.822596,0.804324
3.2278,0.83785,0.834007,0.735,0.796171,0.770479,0.819512,0.931857,0.849426,0.821769,0.804917
3.228,0.83703,0.836092,0.735451,0.796388,0.771061,0.819437,0.932984,0.850577,0.820962,0.805883
3.2282,0.836672,0.837669,0.735452,0.796614,0.771728,0.81998,0.933894,0.850208,0.821193,0.806997
3.2284,0.837054,0.838983,0.734623,0.796568,0.772879,0.821262,0.933237,0.849267,0.822519,0.808052
3.2286,0.83773,0.840295,0.733429,0.79615,0.773954,0.822197,0.931361,0.848551,0.824257,0.809034
3.2288,0.838164,0.841687,0.732803,0.796093,0.774349,0.822276,0.930101,0.848217,0.825144,0.809905
3.229,0.83841,0.842984,0.732945,0.796462,0.774094,0.821267,0.930279,0.848777,0.824479,0.810967
3.2292,0.838229,0.84436,0.733606,0.79677,0.77378,0.820074,0.932429,0.849898,0.823053,0.812432
3.2294,0.838004,0.845415,0.734313,0.796625,0.77385,0.819478,0.935128,0.850702,0.822579,0.813195
3.2296,0.837943,0.846407,0.7344,0.796612,0.774422,0.820267,0.93605,0.851365,0.823883,0.813894
3.2298,0.837949,0.847723,0.733719,0.797383,0.775338,0.821849,0.935042,0.851646,0.82642,0.814144
3.23,0.838055,0.84996,0.7326,0.798499,0.776364,0.822468,0.933365,0.850776,0.828583,0.813865
3.2302,0.838263,0.852433,0.731833,0.799332,0.77738,0.821609,0.932279,0.849241,0.8293,0.814148
3.2304,0.838532,0.854548,0.73188,0.799369,0.778235,0.819752,0.933004,0.847416,0.828336,0.815519
3.2306,0.83891,0.855638,0.732378,0.798681,0.778704,0.818371,0.934915,0.846265,0.827149,0.817209
3.2308,0.839358,0.855553,0.732816,0.797876,0.778618,0.81811,0.936767,0.846887,0.827395,0.819256
3.231,0.839615,0.854715,0.732681,0.797625,0.778065,0.818426,0.937599,0.84838,0.828762,0.82051
3.2312,0.839504,0.854559,0.73187,0.797749,0.777384,0.818407,0.936911,0.849618,0.830184,0.820566
3.2314,0.839222,0.855786,0.730678,0.797822,0.777081,0.817863,0.934832,0.850288,0.830673,0.819945
3.2316,0.838925,0.857637,0.729494,0.79731,0.77723,0.817315,0.933206,0.849933,0.830193,0.819572
3.2318,0.839045,0.858989,0.728535,0.7965,0.777404,0.817115,0.932972,0.84864,0.829075,0.820226
3.232,0.838877,0.859701,0.727589,0.796139,0.777046,0.817813,0.933281,0.847654,0.828603,0.821919
3.2322,0.838352,0.859654,0.726684,0.795957,0.77596,0.81929,0.934398,0.847705,0.829152,0.823347
3.2324,0.837094,0.859166,0.726143,0.795515,0.774509,0.820827,0.935145,0.848675,0.830615,0.823344
3.2326,0.836114,0.859395,0.725906,0.794622,0.773335,0.821593,0.934285,0.849913,0.831701,0.822652
3.2328,0.835679,0.860361,0.725763,0.79314,0.77236,0.821542,0.931938,0.850745,0.832221,0.82165
3.233,0.835145,0.861827,0.725272,0.791608,0.771197,0.821162,0.928994,0.85065,0.832169,0.821038
3.2332,0.83375,0.862675,0.724191,0.790841,0.769829,0.820836,0.926985,0.849603,0.831321,0.821151
3.2334,0.831687,0.862322,0.72302,0.790829,0.768546,0.821128,0.926941,0.848634,0.830199,0.821412
3.2336,0.829741,0.861061,0.722007,0.790557,0.767259,0.822199,0.927906,0.848327,0.829685,0.821634
3.2338,0.828282,0.859827,0.721174,0.789646,0.765961,0.823303,0.927951,0.848773,0.830088,0.821748
3.234,0.827303,0.85968,0.720494,0.788391,0.76521,0.8238,0.925963,0.849453,0.831309,0.821188
3.2342,0.826601,0.860317,0.719885,0.787525,0.764651,0.823633,0.923876,0.849484,0.832369,0.820426
3.2344,0.825695,0.860606,0.719374,0.786744,0.763645,0.822993,0.922635,0.848973,0.832572,0.819699
3.2346,0.824213,0.8601,0.71889,0.785857,0.761992,0.822256,0.922319,0.848209,0.831957,0.819322
3.2348,0.822446,0.859351,0.718385,0.784931,0.760096,0.821914,0.921396,0.847993,0.830905,0.818968
3.235,0.821166,0.858561,0.717911,0.784076,0.758521,0.822135,0.919242,0.848012,0.83009,0.818556
3.2352,0.820421,0.858234,0.717595,0.783419,0.757582,0.822682,0.916695,0.848226,0.829983,0.818019
3.2354,0.820029,0.858141,0.717472,0.782976,0.757247,0.823231,0.91469,0.848088,0.830072,0.817037
3.2356,0.819573,0.857869,0.717508,0.782641,0.757189,0.823559,0.913652,0.847825,0.830575,0.815536
3.2358,0.818874,0.857028,0.7176,0.782297,0.757019,0.823669,0.913275,0.848333,0.830959,0.813939
3.236,0.818056,0.855328,0.717501,0.78195,0.756396,0.823625,0.912928,0.849457,0.83067,0.813256
3.2362,0.817379,0.853049,0.71718,0.781401,0.755393,0.823327,0.912349,0.849522,0.829519,0.813116
3.2364,0.817017,0.851266,0.717125,0.780584,0.754768,0.822861,0.911826,0.848396,0.828524,0.812784
3.2366,0.816524,0.850497,0.717434,0.77999,0.754682,0.82241,0.911832,0.847078,0.828311,0.811561
3.2368,0.815768,0.850588,0.717864,0.779824,0.754836,0.821779,0.911468,0.845745,0.828382,0.809407
3.237,0.815243,0.850772,0.718021,0.779607,0.754648,0.821174,0.910805,0.845038,0.828155,0.807192
3.2372,0.814944,0.850325,0.717627,0.778825,0.753833,0.820424,0.910724,0.845328,0.827242,0.80562
3.2374,0.814382,0.849187,0.71713,0.777421,0.752874,0.819374,0.911168,0.845463,0.826363,0.805014
3.2376,0.813165,0.847366,0.717143,0.775898,0.752113,0.817916,0.910738,0.844677,0.825711,0.805434
3.2378,0.811417,0.84525,0.717634,0.774937,0.752256,0.816608,0.908742,0.843807,0.825536,0.805656
3.238,0.809753,0.843597,0.718377,0.77477,0.75338,0.815512,0.906289,0.843138,0.82526,0.805131
3.2382,0.808777,0.843005,0.718678,0.775073,0.754322,0.814192,0.905081,0.8432,0.824599,0.803543
3.2384,0.808646,0.843432,0.718308,0.775376,0.754446,0.812618,0.905472,0.843325,0.823584,0.802028
3.2386,0.808997,0.843536,0.717608,0.776018,0.754209,0.811079,0.906372,0.842383,0.822562,0.801149
3.2388,0.809268,0.84243,0.716989,0.776699,0.75376,0.809479,0.906506,0.841901,0.822168,0.801616
3.239,0.809121,0.840516,0.716781,0.77657,0.752905,0.807772,0.905659,0.842745,0.822273,0.802675
3.2392,0.808742,0.838893,0.717221,0.775438,0.752379,0.806064,0.904855,0.844124,0.822207,0.803219
3.2394,0.808714,0.838079,0.717922,0.773783,0.752804,0.804591,0.905016,0.844741,0.822336,0.802479
3.2396,0.809296,0.838112,0.718223,0.772368,0.754023,0.803907,0.906011,0.844227,0.822509,0.800836
3.2398,0.80941,0.838479,0.717903,0.771795,0.754962,0.80369,0.906399,0.842855,0.822233,0.799633
3.24,0.80851,0.838503,0.717423,0.77204,0.755014,0.803511,0.905427,0.841107,0.821635,0.799958
3.2402,0.806727,0.837906,0.717796,0.772488,0.754934,0.802879,0.903838,0.839737,0.821059,0.801183
3.2404,0.805068,0.836946,0.718713,0.773543,0.754828,0.801747,0.902305,0.839335,0.820779,0.802554
3.2406,0.805189,0.836432,0.719571,0.774368,0.754888,0.800599,0.901642,0.839645,0.820901,0.803032
3.2408,0.807031,0.836557,0.720333,0.773747,0.755145,0.800006,0.901462,0.839945,0.821454,0.802698
3.241,0.808619,0.837055,0.721451,0.771935,0.756034,0.800244,0.902561,0.839707,0.822342,0.802183
3.2412,0.80851,0.837479,0.722445,0.769523,0.757237,0.80107,0.903828,0.839009,0.823205,0.802634
3.2414,0.806324,0.83793,0.722698,0.768524,0.758961,0.802075,0.903587,0.83839,0.82351,0.803712
3.2416,0.803039,0.839131,0.722341,0.770422,0.7609,0.802536,0.902887,0.838468,0.823266,0.804864
3.2418,0.800334,0.840523,0.721526,0.773035,0.762167,0.802338,0.903003,0.839002,0.823188,0.805682
3.242,0.800628,0.841585,0.720812,0.773646,0.761987,0.802469,0.90417,0.839677,0.823208,0.805976
3.2422,0.804942,0.842558,0.720932,0.771823,0.760885,0.803476,0.907234,0.83955,0.822985,0.806206
3.2424,0.809477,0.843179,0.721627,0.769128,0.760313,0.804616,0.911285,0.838427,0.822205,0.807332
3.2426,0.810314,0.843333,0.722263,0.767842,0.760886,0.805017,0.914087,0.836849,0.820777,0.809065
3.2428,0.807084,0.8436,0.722632,0.768408,0.762448,0.804424,0.913332,0.835558,0.819365,0.810662
3.243,0.802455,0.844454,0.723075,0.770088,0.764943,0.803474,0.911471,0.835077,0.8184,0.811973
3.2432,0.800739,0.845926,0.723325,0.77214,0.767624,0.8031,0.9109,0.836555,0.81898,0.812389
3.2434,0.804117,0.847695,0.723462,0.774009,0.768696,0.803752,0.912355,0.839048,0.821182,0.812953
3.2436,0.810156,0.849374,0.723332,0.775015,0.767888,0.805394,0.914785,0.839351,0.822693,0.813886
3.2438,0.814437,0.850792,0.723128,0.775015,0.76597,0.807429,0.91691,0.837227,0.822001,0.814928
3.244,0.81463,0.851813,0.722787,0.77433,0.764515,0.809089,0.916495,0.833749,0.819064,0.816246
3.2442,0.812577,0.852505,0.722387,0.773561,0.764287,0.809915,0.916195,0.830894,0.81501,0.817288
3.2444,0.810837,0.852967,0.722399,0.773516,0.765726,0.809901,0.917183,0.829905,0.812234,0.818179
3.2446,0.810447,0.853833,0.722645,0.774544,0.768157,0.809591,0.918095,0.830656,0.8115,0.81897
3.2448,0.812296,0.855576,0.722751,0.776111,0.770491,0.809798,0.917674,0.831723,0.812932,0.819604
3.245,0.815639,0.857562,0.722489,0.777518,0.771565,0.810866,0.916814,0.832206,0.815199,0.820219
3.2452,0.817694,0.858981,0.721911,0.778156,0.771091,0.812234,0.916649,0.831889,0.816059,0.820999
3.2454,0.817068,0.859796,0.721438,0.777904,0.770272,0.813505,0.917499,0.831391,0.814616,0.821964
3.2456,0.816287,0.860784,0.721065,0.777164,0.770414,0.813758,0.918595,0.831535,0.811812,0.822933
3.2458,0.817206,0.86216,0.720843,0.77688,0.771957,0.812901,0.918745,0.83283,0.810428,0.824004
3.246,0.818528,0.863973,0.720671,0.777691,0.773936,0.811496,0.917681,0.834703,0.811851,0.825024
3.2462,0.819296,0.865708,0.720715,0.779465,0.774879,0.810698,0.916132,0.8356,0.814857,0.825665
3.2464,0.818552,0.867066,0.720792,0.781221,0.774825,0.810698,0.91564,0.835015,0.817432,0.826101
3.2466,0.81637,0.867855,0.720723,0.782015,0.774203,0.810977,0.917158,0.833487,0.818018,0.826504
3.2468,0.814665,0.868214,0.720562,0.781904,0.773088,0.811299,0.918719,0.832175,0.817091,0.827381
3.247,0.814855,0.868957,0.720281,0.781697,0.772428,0.811059,0.919734,0.832487,0.816113,0.828548
3.2472,0.816464,0.870309,0.720208,0.781851,0.772902,0.810779,0.91914,0.834466,0.815571,0.829293
3.2474,0.818222,0.871816,0.720227,0.782226,0.774075,0.810381,0.917335,0.836227,0.815783,0.82935
3.2476,0.818757,0.872922,0.720164,0.782158,0.774943,0.809487,0.915882,0.836227,0.816866,0.828935
3.2478,0.817589,0.873084,0.720377,0.781349,0.774799,0.808536,0.916034,0.835249,0.81803,0.828451
3.248,0.816091,0.872468,0.720969,0.780285,0.773778,0.807816,0.917039,0.834504,0.818438,0.828768
3.2482,0.815992,0.871767,0.721186,0.779442,0.773393,0.807364,0.917734,0.835247,0.818017,0.829572
3.2484,0.817352,0.871934,0.720438,0.779211,0.773911,0.806924,0.917383,0.836896,0.817227,0.830548
3.2486,0.819071,0.872575,0.718804,0.779241,0.774559,0.806356,0.916452,0.838368,0.81664,0.831306
3.2488,0.819603,0.87297,0.717058,0.778667,0.774395,0.805801,0.915242,0.838622,0.816559,0.83129
3.249,0.818465,0.873145,0.716139,0.777321,0.773812,0.805564,0.914427,0.837404,0.816912,0.830985
3.2492,0.816354,0.873238,0.716418,0.775352,0.773487,0.805708,0.913902,0.835724,0.817435,0.830557
3.2494,0.814758,0.873396,0.717473,0.77395,0.77384,0.806008,0.913246,0.834906,0.817816,0.830533
3.2496,0.814816,0.873685,0.718358,0.773157,0.774295,0.806296,0.911728,0.835482,0.818044,0.830873
3.2498,0.816264,0.873747,0.718147,0.773134,0.773655,0.80654,0.910046,0.836896,0.818278,0.831517
3.25,0.817879,0.873906,0.717207,0.773082,0.772534,0.806735,0.907825,0.837593,0.818411,0.831716
3.2502,0.818428,0.873898,0.716354,0.771936,0.771793,0.80695,0.905634,0.837438,0.818288,0.831163
3.2504,0.817254,0.873439,0.716144,0.769439,0.771276,0.807266,0.903391,0.837205,0.817712,0.830161
3.2506,0.81507,0.87288,0.716788,0.766482,0.770846,0.807434,0.901849,0.837152,0.816811,0.829168
3.2508,0.813459,0.872115,0.717681,0.764263,0.77027,0.807336,0.901059,0.837069,0.815876,0.828712
3.251,0.813297,0.870862,0.71828,0.763448,0.770152,0.807309,0.900034,0.836779,0.815097,0.828454
3.2512,0.813886,0.869674,0.717956,0.763547,0.770083,0.807223,0.897563,0.836056,0.814603,0.828118
3.2514,0.813706,0.868905,0.717198,0.763552,0.770219,0.807181,0.894578,0.835405,0.813938,0.827589
3.2516,0.811966,0.8686,0.716324,0.762724,0.770191,0.807253,0.891981,0.835126,0.812827,0.826547
3.2518,0.809622,0.868539,0.716008,0.761167,0.769214,0.80757,0.89043,0.835336,0.811405,0.825794
3.252,0.807724,0.868281,0.716678,0.759549,0.767881,0.808246,0.889916,0.835754,0.809743,0.82536
3.2522,0.806675,0.867975,0.717538,0.758563,0.76691,0.809106,0.889628,0.836055,0.808257,0.82535
3.2524,0.806111,0.867706,0.717664,0.758535,0.766247,0.809822,0.888921,0.83599,0.807234,0.825033
3.2526,0.80509,0.867481,0.716862,0.759204,0.765621,0.810093,0.887728,0.835385,0.806617,0.823703
3.2528,0.803239,0.867197,0.71613,0.759801,0.765044,0.80978,0.886581,0.834496,0.806774,0.821853
3.253,0.801084,0.866128,0.716161,0.759519,0.764323,0.809233,0.886234,0.833637,0.806621,0.820186
3.2532,0.799553,0.864179,0.716809,0.758638,0.763685,0.80883,0.887052,0.834061,0.805271,0.819598
3.2534,0.799051,0.862558,0.71744,0.758247,0.763072,0.80849,0.888027,0.835784,0.802844,0.8198
3.2536,0.798647,0.861735,0.71722,0.758443,0.762477,0.808055,0.888262,0.837607,0.800071,0.820034
3.2538,0.797463,0.861085,0.716153,0.758663,0.762138,0.807851,0.888258,0.83781,0.798101,0.81983
3.254,0.795266,0.860204,0.715085,0.758273,0.761816,0.807532,0.888362,0.836269,0.797308,0.819049
3.2542,0.79246,0.858635,0.714711,0.75707,0.761096,0.806517,0.887637,0.834875,0.797193,0.818051
3.2544,0.789854,0.856927,0.715022,0.755657,0.760497,0.80487,0.886126,0.834541,0.796937,0.816823
3.2546,0.78808,0.855735,0.715681,0.75503,0.759996,0.80298,0.884961,0.835017,0.796098,0.815544
3.2548,0.787231,0.855103,0.716234,0.755527,0.760085,0.801532,0.885058,0.835651,0.794919,0.814377
3.255,0.786924,0.854793,0.716278,0.75661,0.760837,0.800889,0.886046,0.835556,0.793955,0.813669
3.2552,0.78665,0.85406,0.715828,0.757815,0.761863,0.800964,0.886822,0.83531,0.79364,0.813853
3.2554,0.786074,0.852818,0.715435,0.758999,0.762263,0.800581,0.886722,0.835157,0.794223,0.81473
3.2556,0.785238,0.850899,0.715527,0.759376,0.761373,0.799183,0.886184,0.835236,0.795496,0.815655
3.2558,0.784669,0.848858,0.715892,0.758577,0.759897,0.79729,0.886392,0.834638,0.796331,0.815709
3.256,0.784464,0.847594,0.716321,0.757037,0.758873,0.79578,0.887628,0.834028,0.796141,0.815465
3.2562,0.784269,0.84718,0.716219,0.755603,0.75882,0.794742,0.888994,0.834009,0.795552,0.814954
3.2564,0.784201,0.847524,0.715568,0.755118,0.75921,0.794251,0.889508,0.834332,0.795093,0.814902
3.2566,0.784521,0.847569,0.715024,0.755645,0.75934,0.794363,0.888817,0.834164,0.794877,0.815317
3.2568,0.785031,0.847078,0.715143,0.757352,0.758898,0.794624,0.887645,0.833284,0.794916,0.816225
3.257,0.785226,0.846051,0.7158,0.75946,0.758239,0.794531,0.886274,0.832912,0.794876,0.817045
3.2572,0.785101,0.845688,0.716698,0.760438,0.75802,0.793936,0.885516,0.833675,0.794646,0.817602
3.2574,0.785393,0.846604,0.717458,0.760091,0.758794,0.793149,0.884855,0.834766,0.794759,0.817369
3.2576,0.785793,0.847708,0.71745,0.758834,0.760161,0.792592,0.885046,0.835011,0.796224,0.81654
3.2578,0.785765,0.847829,0.716881,0.758184,0.761329,0.79267,0.884552,0.833414,0.798452,0.815956
3.258,0.785287,0.847008,0.716287,0.759269,0.761851,0.793486,0.883248,0.831489,0.799842,0.816158
3.2582,0.784769,0.846453,0.716048,0.761089,0.76182,0.794272,0.880999,0.830816,0.799883,0.81707
3.2584,0.784573,0.846768,0.716028,0.762956,0.761497,0.794667,0.87759,0.831567,0.798983,0.818149
3.2586,0.785496,0.847847,0.716093,0.764092,0.760759,0.794984,0.874188,0.832453,0.797591,0.819113
3.2588,0.78626,0.849178,0.716076,0.764045,0.760021,0.795579,0.872136,0.832776,0.797184,0.819904
3.259,0.78618,0.85006,0.715609,0.763335,0.759333,0.796346,0.872075,0.831763,0.798668,0.820588
3.2592,0.785315,0.850133,0.715117,0.762783,0.758961,0.79688,0.871773,0.829569,0.801665,0.821262
3.2594,0.784124,0.850053,0.71527,0.76268,0.759316,0.796771,0.8711,0.827331,0.804589,0.821952
3.2596,0.783074,0.850562,0.716616,0.76333,0.759711,0.796159,0.870757,0.826791,0.805571,0.822704
3.2598,0.78233,0.851601,0.718531,0.764291,0.759476,0.795759,0.870305,0.827399,0.804918,0.823258
3.26,0.782348,0.85301,0.719717,0.765428,0.758505,0.796338,0.869099,0.827577,0.803517,0.823602
3.2602,0.784728,0.854273,0.719254,0.766852,0.757247,0.798027,0.867537,0.826266,0.803367,0.824171
3.2604,0.788067,0.854992,0.717644,0.767913,0.756086,0.800086,0.866186,0.823331,0.80544,0.825625
3.2606,0.790214,0.855263,0.716246,0.768155,0.755205,0.801717,0.865518,0.820907,0.808489,0.827361
3.2608,0.790334,0.855797,0.715771,0.767771,0.754551,0.802583,0.86563,0.820513,0.810495,0.82877
3.261,0.789243,0.856816,0.716302,0.767049,0.75504,0.802803,0.866018,0.820905,0.81087,0.829572
3.2612,0.788409,0.858538,0.717506,0.766801,0.756397,0.802797,0.866412,0.820166,0.810506,0.829492
3.2614,0.788912,0.860454,0.718395,0.767271,0.757188,0.803079,0.867037,0.818428,0.809947,0.829397
3.2616,0.790449,0.861885,0.718193,0.7681,0.756164,0.803918,0.868127,0.816139,0.809721,0.82986
3.2618,0.791996,0.862195,0.717189,0.768863,0.753783,0.805317,0.869088,0.814465,0.810315,0.831005
3.262,0.792974,0.862034,0.715869,0.769035,0.751401,0.806463,0.869547,0.813568,0.810956,0.832519
3.2622,0.793291,0.862115,0.71492,0.768368,0.750009,0.807098,0.870484,0.813205,0.811993,0.833737
3.2624,0.793122,0.862871,0.715001,0.767391,0.750126,0.806767,0.871667,0.813178,0.813175,0.834058
3.2626,0.793523,0.864232,0.715732,0.766838,0.751316,0.80571,0.87235,0.812674,0.813878,0.834198
3.2628,0.794971,0.866148,0.716747,0.766972,0.75253,0.804672,0.873684,0.811406,0.81304,0.834904
3.263,0.79698,0.867879,0.717172,0.767567,0.752968,0.804184,0.876583,0.810062,0.811103,0.836287
3.2632,0.797943,0.869471,0.716731,0.768115,0.752602,0.804945,0.879805,0.809364,0.808981,0.837639
3.2634,0.79729,0.871038,0.716257,0.768234,0.75199,0.805873,0.882225,0.809473,0.807956,0.838142
3.2636,0.796213,0.872198,0.716252,0.767926,0.751891,0.806146,0.883751,0.810155,0.808452,0.83795
3.2638,0.79627,0.872754,0.71624,0.767553,0.752503,0.80552,0.884526,0.811015,0.809321,0.837776
3.264,0.797108,0.872843,0.715845,0.767399,0.753394,0.804788,0.885316,0.811736,0.809514,0.837621
3.2642,0.798116,0.872658,0.714846,0.767525,0.754079,0.80411,0.886543,0.811969,0.808395,0.837692
3.2644,0.798776,0.872337,0.713683,0.767659,0.754174,0.803256,0.887875,0.812125,0.806103,0.83816
3.2646,0.798179,0.871662,0.713158,0.767598,0.753941,0.802461,0.889377,0.812883,0.803323,0.838453
3.2648,0.796689,0.870715,0.713386,0.767054,0.753778,0.801856,0.890631,0.813907,0.801261,0.838837
3.265,0.796091,0.869788,0.71415,0.76602,0.753839,0.801442,0.890821,0.814378,0.800372,0.83986
3.2652,0.796965,0.869106,0.714541,0.765178,0.753949,0.801078,0.889507,0.813922,0.80053,0.841049
3.2654,0.798376,0.868852,0.714262,0.764464,0.753921,0.800654,0.88763,0.812897,0.801158,0.841937
3.2656,0.79914,0.869011,0.713215,0.764006,0.753811,0.800262,0.886515,0.812259,0.801345,0.842173
3.2658,0.799109,0.869384,0.712268,0.763622,0.753814,0.800066,0.886171,0.812696,0.800666,0.841422
3.266,0.798059,0.869794,0.712344,0.762822,0.754037,0.800199,0.886571,0.814031,0.799399,0.840412
3.2662,0.797378,0.870085,0.712898,0.761391,0.754428,0.800689,0.886761,0.815463,0.798237,0.839992
3.2664,0.797597,0.870194,0.71311,0.759955,0.754762,0.801432,0.88551,0.816281,0.797843,0.840245
3.2666,0.798587,0.869905,0.712536,0.759175,0.754591,0.80217,0.883092,0.816385,0.798284,0.841003
3.2668,0.799098,0.86935,0.711709,0.758651,0.754079,0.802488,0.880447,0.81613,0.798773,0.841451
3.267,0.798466,0.869213,0.711045,0.757416,0.753752,0.802651,0.879198,0.81596,0.798929,0.840818
3.2672,0.796705,0.869612,0.710606,0.755413,0.753794,0.803076,0.878452,0.816188,0.798694,0.839631
3.2674,0.794985,0.869802,0.710332,0.753274,0.753808,0.803459,0.878057,0.816715,0.798065,0.838243
3.2676,0.794191,0.869072,0.710488,0.751582,0.752965,0.803608,0.877686,0.817037,0.797141,0.837167
3.2678,0.794968,0.867418,0.710891,0.75065,0.751524,0.803389,0.87724,0.816503,0.796156,0.836701
3.268,0.796045,0.865497,0.71099,0.750143,0.750054,0.802851,0.875414,0.815063,0.795351,0.836955
3.2682,0.796235,0.864123,0.710828,0.749522,0.748854,0.802314,0.872073,0.813333,0.794899,0.837321
3.2684,0.794809,0.863744,0.710308,0.74852,0.748079,0.802099,0.869104,0.812126,0.794921,0.837799
3.2686,0.792509,0.864036,0.709536,0.747221,0.747581,0.802386,0.867556,0.812137,0.795324,0.837683
3.2688,0.790202,0.864312,0.708698,0.746052,0.747116,0.803114,0.867062,0.812605,0.795739,0.837256
3.269,0.78951,0.86398,0.708125,0.745486,0.745953,0.804037,0.86658,0.812698,0.795872,0.836345
3.2692,0.790382,0.862851,0.70826,0.745606,0.744012,0.804808,0.865569,0.81184,0.795733,0.835002
3.2694,0.79163,0.861184,0.708779,0.746102,0.741629,0.805044,0.864303,0.809988,0.795409,0.833464
3.2696,0.79151,0.859574,0.709022,0.746342,0.739332,0.804775,0.863395,0.807604,0.794934,0.832078
3.2698,0.789824,0.858593,0.70859,0.745838,0.737984,0.80436,0.863359,0.806091,0.794496,0.831122
3.27,0.787321,0.857973,0.707883,0.745185,0.7378,0.804581,0.863752,0.805455,0.794476,0.830601
3.2702,0.784794,0.85702,0.707298,0.745035,0.738173,0.804963,0.863682,0.805072,0.794629,0.830157
3.2704,0.783322,0.855337,0.70718,0.745148,0.738058,0.804977,0.863541,0.804524,0.794251,0.829731
3.2706,0.783134,0.852884,0.707662,0.745155,0.736832,0.804122,0.864329,0.803646,0.792988,0.828904
3.2708,0.783475,0.850668,0.708204,0.74486,0.735171,0.802864,0.864963,0.802983,0.791171,0.828377
3.271,0.783779,0.849198,0.708309,0.744732,0.733936,0.801826,0.864576,0.80265,0.789395,0.828367
3.2712,0.783358,0.848056,0.707977,0.744781,0.733515,0.80099,0.862886,0.802479,0.788132,0.828936
3.2714,0.782225,0.846611,0.7075,0.745584,0.733894,0.800359,0.860985,0.802331,0.787543,0.829677
3.2716,0.780711,0.84476,0.707232,0.746676,0.734727,0.799489,0.860376,0.802262,0.787138,0.829466
3.2718,0.779623,0.842453,0.707176,0.747395,0.735833,0.798212,0.861209,0.802453,0.786647,0.828742
3.272,0.779335,0.840899,0.707169,0.747586,0.737148,0.796652,0.862499,0.803082,0.786002,0.828131
3.2722,0.779498,0.841992,0.707332,0.747372,0.73807,0.79486,0.86336,0.804165,0.785466,0.827555
3.2724,0.779363,0.844725,0.707621,0.74728,0.737881,0.793372,0.863763,0.804851,0.784406,0.827097
3.2726,0.779681,0.846286,0.70786,0.747253,0.736846,0.792624,0.864065,0.804814,0.782766,0.826898
3.2728,0.780119,0.845353,0.707851,0.747157,0.735816,0.79227,0.864434,0.804892,0.780952,0.826546
3.273,0.779729,0.842801,0.707647,0.74674,0.736074,0.791806,0.865003,0.805793,0.779392,0.826128
3.2732,0.778493,0.840256,0.707508,0.746228,0.737383,0.791064,0.865813,0.806864,0.778544,0.825931
3.2734,0.776844,0.839136,0.707837,0.746398,0.738819,0.790065,0.86571,0.807612,0.778377,0.825976
3.2736,0.775543,0.839915,0.708322,0.74822,0.739592,0.789101,0.86457,0.807442,0.778293,0.826132
3.2738,0.775597,0.841648,0.708737,0.750539,0.739708,0.788525,0.863911,0.807135,0.778625,0.826243
3.274,0.777222,0.842977,0.708669,0.751122,0.740028,0.788503,0.863744,0.807576,0.779623,0.826083
3.2742,0.779896,0.844114,0.70842,0.749843,0.7411,0.788883,0.863868,0.808275,0.780254,0.825641
3.2744,0.781893,0.845485,0.708181,0.747339,0.742706,0.789313,0.863946,0.809008,0.780312,0.825676
3.2746,0.781479,0.846575,0.708216,0.744537,0.743897,0.789556,0.862853,0.809295,0.780072,0.826259
3.2748,0.779979,0.846541,0.708358,0.743288,0.744585,0.789532,0.860718,0.809043,0.780176,0.827584
3.275,0.779007,0.845855,0.708501,0.744258,0.745019,0.789203,0.859098,0.808891,0.780936,0.828923
3.2752,0.778394,0.844846,0.708338,0.746211,0.74507,0.788962,0.858768,0.808878,0.781824,0.829383
3.2754,0.777552,0.844102,0.707845,0.747341,0.744368,0.78905,0.858699,0.809126,0.782672,0.829137
3.2756,0.776853,0.844556,0.707352,0.746898,0.743274,0.78952,0.85905,0.809203,0.783579,0.828873
3.2758,0.776062,0.846206,0.707056,0.744946,0.742228,0.790354,0.859099,0.808627,0.784482,0.828857
3.276,0.775186,0.848033,0.70712,0.742538,0.741682,0.791061,0.857215,0.807569,0.785403,0.830124
3.2762,0.774646,0.848395,0.707228,0.741364,0.741965,0.791129,0.85478,0.806455,0.786611,0.832396
3.2764,0.774521,0.846851,0.707294,0.742585,0.743033,0.790603,0.853208,0.806105,0.788025,0.834579
3.2766,0.774917,0.845001,0.707786,0.7464,0.744355,0.790059,0.852885,0.806372,0.789065,0.836402
3.2768,0.775604,0.845338,0.708602,0.750421,0.744759,0.790213,0.852716,0.806586,0.789522,0.837228
3.277,0.775856,0.849162,0.709138,0.752199,0.74368,0.791358,0.851888,0.805704,0.789451,0.836999
3.2772,0.775553,0.854083,0.709354,0.751293,0.741529,0.793184,0.85114,0.803836,0.789354,0.836622
3.2774,0.775285,0.856045,0.708905,0.749524,0.739998,0.795026,0.851312,0.802452,0.789978,0.836989
3.2776,0.775499,0.853697,0.707839,0.748796,0.740435,0.796137,0.852037,0.801539,0.791352,0.838411
3.2778,0.776207,0.849529,0.707125,0.749464,0.743238,0.796151,0.852633,0.802005,0.792994,0.840651
3.278,0.777474,0.847248,0.707192,0.750971,0.746008,0.795234,0.853071,0.804988,0.794754,0.842316
3.2782,0.779058,0.848772,0.707552,0.752316,0.74663,0.794643,0.853833,0.808008,0.795851,0.84288
3.2784,0.780011,0.853228,0.707603,0.752819,0.744919,0.795343,0.854994,0.807915,0.795707,0.842393
3.2786,0.780207,0.858085,0.706935,0.752751,0.74207,0.796763,0.856359,0.804497,0.795028,0.841477
3.2788,0.780132,0.860688,0.705848,0.752525,0.739628,0.798223,0.857473,0.801046,0.794791,0.841781
3.279,0.780366,0.86109,0.704935,0.752371,0.738664,0.798433,0.857494,0.80082,0.79537,0.843183
3.2792,0.780919,0.860548,0.704913,0.75239,0.739323,0.797102,0.857085,0.803406,0.796149,0.844835
3.2794,0.781597,0.859922,0.705228,0.752547,0.740726,0.794995,0.857742,0.806223,0.796518,0.846322
3.2796,0.781719,0.859969,0.705564,0.752655,0.741749,0.793819,0.860142,0.80678,0.796678,0.846624
3.2798,0.780666,0.861427,0.705692,0.752535,0.741817,0.794201,0.862632,0.805104,0.797103,0.846025
3.28,0.778503,0.863956,0.705491,0.752266,0.741137,0.795631,0.864016,0.803129,0.797393,0.845574
3.2802,0.776893,0.866155,0.704644,0.752115,0.740327,0.796395,0.864351,0.802186,0.797438,0.845568
3.2804,0.776672,0.867615,0.703456,0.752264,0.740165,0.795663,0.864932,0.802987,0.797239,0.846215
3.2806,0.777699,0.868526,0.702842,0.752507,0.740709,0.793777,0.86703,0.804574,0.797102,0.847343
3.2808,0.778394,0.869097,0.703194,0.752356,0.741704,0.791542,0.869459,0.805502,0.796747,0.848072
3.281,0.778217,0.869306,0.704064,0.751796,0.742714,0.789842,0.871361,0.805449,0.796163,0.848276
3.2812,0.777209,0.869404,0.70503,0.750935,0.743299,0.78904,0.872356,0.805119,0.795781,0.848205
3.2814,0.77543,0.869636,0.705125,0.75025,0.743676,0.789061,0.872277,0.804835,0.795697,0.847988
3.2816,0.77405,0.870118,0.704114,0.750262,0.744068,0.789175,0.871859,0.804435,0.795918,0.847829
3.2818,0.773565,0.871061,0.702602,0.750475,0.744959,0.788833,0.871593,0.803947,0.796639,0.847867
3.282,0.773794,0.872297,0.701432,0.749811,0.745915,0.788012,0.871425,0.803416,0.797537,0.84819
3.2822,0.773967,0.873091,0.701063,0.748119,0.746313,0.787044,0.871335,0.803021,0.798086,0.848576
3.2824,0.773299,0.873461,0.701459,0.745725,0.746021,0.78633,0.870801,0.803115,0.797993,0.84886
3.2826,0.77177,0.873664,0.702192,0.744129,0.745693,0.786261,0.869849,0.803898,0.797421,0.848931
3.2828,0.770327,0.873602,0.702689,0.743844,0.745569,0.786909,0.868584,0.804866,0.796607,0.84853
3.283,0.769813,0.8739,0.702523,0.743878,0.74532,0.787921,0.867564,0.805497,0.79621,0.848231
3.2832,0.77031,0.874154,0.701676,0.743144,0.745139,0.788782,0.867032,0.805643,0.796397,0.8481
3.2834,0.771356,0.873937,0.70104,0.741345,0.744745,0.789057,0.866528,0.805291,0.796589,0.847852
3.2836,0.772213,0.873344,0.7009,0.739349,0.744413,0.789003,0.865153,0.804769,0.796724,0.847618
3.2838,0.772008,0.872287,0.700985,0.737521,0.744106,0.789125,0.862266,0.80466,0.796499,0.8468
3.284,0.770852,0.871172,0.700629,0.73683,0.743698,0.789337,0.859437,0.804958,0.796143,0.845534
3.2842,0.77022,0.870336,0.699529,0.737417,0.743379,0.78935,0.857488,0.805069,0.795733,0.844325
3.2844,0.77076,0.869672,0.698003,0.738056,0.743095,0.788952,0.85591,0.804185,0.79523,0.843666
3.2846,0.771623,0.86948,0.696616,0.737499,0.742704,0.788278,0.854461,0.802453,0.794962,0.843617
3.2848,0.771573,0.869564,0.695922,0.73589,0.742134,0.787812,0.852968,0.800555,0.794913,0.844137
3.285,0.770091,0.869099,0.69575,0.73424,0.74208,0.787915,0.850982,0.798805,0.794876,0.844712
3.2852,0.767849,0.868469,0.695624,0.733191,0.742869,0.788409,0.848828,0.797899,0.794353,0.845031
3.2854,0.766246,0.868306,0.695288,0.732953,0.744255,0.788919,0.847056,0.797932,0.7936,0.844601
3.2856,0.766173,0.868068,0.694664,0.733399,0.745159,0.789204,0.845956,0.797749,0.793207,0.842892
3.2858,0.767284,0.867236,0.693612,0.733977,0.74425,0.789348,0.845427,0.796312,0.793432,0.840679
3.286,0.768473,0.865931,0.692276,0.73417,0.742405,0.789534,0.845071,0.794341,0.793668,0.838928
3.2862,0.768779,0.864115,0.691007,0.733942,0.74094,0.789629,0.844653,0.792367,0.793398,0.837849
3.2864,0.767866,0.86261,0.690314,0.733587,0.740161,0.789523,0.844359,0.790593,0.792439,0.837559
3.2866,0.766153,0.862258,0.690246,0.733433,0.73988,0.789455,0.844601,0.789442,0.79102,0.837665
3.2868,0.764691,0.862499,0.690112,0.733655,0.740306,0.789305,0.845097,0.789118,0.790329,0.837183
3.287,0.764311,0.862233,0.689433,0.733997,0.741333,0.788912,0.845457,0.78884,0.790684,0.83605
3.2872,0.764558,0.860692,0.688241,0.734154,0.742106,0.787982,0.845753,0.788185,0.791668,0.834517
3.2874,0.764587,0.858246,0.686929,0.733963,0.742128,0.786887,0.846412,0.786833,0.792187,0.833236
3.2876,0.76367,0.855945,0.686031,0.733398,0.74158,0.786016,0.84657,0.784989,0.792,0.832436
3.2878,0.761824,0.854695,0.685886,0.732981,0.740829,0.785163,0.846875,0.783226,0.790933,0.832163
3.288,0.759701,0.854746,0.686376,0.733186,0.74068,0.784039,0.847103,0.782034,0.790028,0.832017
3.2882,0.758309,0.855506,0.687064,0.733856,0.741344,0.782664,0.848522,0.781504,0.789776,0.831624
3.2884,0.758697,0.85589,0.687508,0.734585,0.742239,0.781501,0.850393,0.781418,0.789979,0.831071
3.2886,0.759541,0.855178,0.687549,0.73519,0.742699,0.780997,0.851389,0.781602,0.790308,0.830721
3.2888,0.759419,0.854183,0.687133,0.735547,0.743015,0.780997,0.851248,0.782136,0.790206,0.830862
3.289,0.757704,0.853635,0.686708,0.735546,0.743115,0.780707,0.851059,0.7826,0.78935,0.831071
3.2892,0.755548,0.853307,0.68685,0.735319,0.742517,0.779429,0.851782,0.782603,0.787977,0.830948
3.2894,0.755569,0.852952,0.687626,0.735194,0.741808,0.777589,0.853208,0.782329,0.78664,0.830232
3.2896,0.757552,0.852356,0.688347,0.73555,0.741049,0.776084,0.854567,0.782348,0.785929,0.829597
3.2898,0.759485,0.851893,0.68846,0.73616,0.740117,0.77524,0.855054,0.78249,0.786223,0.829243
3.29,0.76022,0.852281,0.687873,0.736548,0.739284,0.774818,0.854479,0.782422,0.787268,0.829751
3.2902,0.759468,0.853249,0.687375,0.736702,0.739333,0.774424,0.852897,0.782018,0.788118,0.830638
3.2904,0.757813,0.853704,0.687763,0.736253,0.74089,0.773873,0.850736,0.781892,0.788323,0.831306
3.2906,0.757178,0.852983,0.688884,0.735469,0.741995,0.773236,0.849809,0.782884,0.788202,0.831262
3.2908,0.758191,0.851889,0.690292,0.734519,0.741592,0.772977,0.85028,0.784217,0.788049,0.830655
3.291,0.760005,0.851157,0.691737,0.733906,0.739813,0.773409,0.851533,0.785099,0.787984,0.829834
3.2912,0.7614,0.851019,0.692688,0.73392,0.737032,0.77439,0.851206,0.784956,0.78795,0.829318
3.2914,0.761628,0.851404,0.692581,0.734507,0.735694,0.7755,0.849846,0.784555,0.788001,0.830038
3.2916,0.760862,0.851749,0.691999,0.734808,0.737491,0.77603,0.8481,0.784638,0.788399,0.831707
3.2918,0.760261,0.852005,0.691745,0.735025,0.740908,0.775508,0.845687,0.785071,0.788703,0.833402
3.292,0.761294,0.852835,0.692151,0.734899,0.743826,0.774872,0.843689,0.78573,0.789203,0.834347
3.2922,0.763666,0.85412,0.692827,0.734513,0.744226,0.775299,0.843461,0.786546,0.789364,0.834122
3.2924,0.765307,0.854878,0.693255,0.734215,0.74184,0.777116,0.844721,0.78676,0.789117,0.833607
3.2926,0.765063,0.854589,0.692995,0.734014,0.738942,0.779147,0.845267,0.786643,0.788588,0.833446
3.2928,0.763238,0.853669,0.692467,0.733773,0.737266,0.780041,0.842787,0.787003,0.787951,0.834434
3.293,0.760681,0.852888,0.692515,0.734196,0.737677,0.779501,0.838857,0.787958,0.787667,0.836392
3.2932,0.75936,0.852998,0.693532,0.735789,0.739364,0.778726,0.835826,0.788965,0.787585,0.838617
3.2934,0.760689,0.85499,0.694802,0.737222,0.74105,0.778997,0.83565,0.78937,0.787576,0.840144
3.2936,0.763784,0.858082,0.695934,0.737551,0.741978,0.780681,0.837813,0.789722,0.787796,0.840488
3.2938,0.766041,0.860504,0.696566,0.737133,0.741919,0.783197,0.839631,0.790069,0.787959,0.839837
3.294,0.7659,0.86077,0.696299,0.736656,0.741087,0.785441,0.839268,0.791136,0.78785,0.839611
3.2942,0.763077,0.859324,0.695283,0.736454,0.739852,0.786541,0.837268,0.793099,0.787489,0.840508
3.2944,0.76037,0.857818,0.695053,0.737237,0.739057,0.786435,0.835785,0.795163,0.787492,0.842446
3.2946,0.759962,0.858013,0.696332,0.738475,0.739039,0.785703,0.836492,0.796056,0.788128,0.844742
3.2948,0.763253,0.860874,0.697564,0.738823,0.739095,0.784813,0.839257,0.795028,0.789208,0.846094
3.295,0.767964,0.864861,0.697426,0.738687,0.739369,0.784419,0.841796,0.792827,0.790012,0.846243
3.2952,0.769658,0.867451,0.695969,0.739029,0.739889,0.785043,0.842445,0.790762,0.789845,0.845735
3.2954,0.766951,0.867157,0.693618,0.739827,0.740363,0.786068,0.842298,0.790171,0.789321,0.845206
3.2956,0.762389,0.865035,0.691528,0.740072,0.740687,0.787098,0.842233,0.791084,0.788734,0.845648
3.2958,0.759202,0.863647,0.690633,0.738916,0.741077,0.787132,0.842248,0.792497,0.788669,0.84716
3.296,0.760291,0.864559,0.690924,0.736954,0.741511,0.786016,0.842772,0.793099,0.789685,0.849594
3.2962,0.764378,0.867177,0.69164,0.735845,0.741694,0.784,0.843812,0.79245,0.791353,0.851774
3.2964,0.767458,0.869725,0.691635,0.735762,0.741344,0.782275,0.844993,0.79017,0.792613,0.852163
3.2966,0.767284,0.87095,0.690689,0.736163,0.741433,0.781528,0.846022,0.787257,0.793129,0.851506
3.2968,0.765621,0.870194,0.689272,0.735982,0.742399,0.781785,0.846633,0.784766,0.793234,0.850905
3.297,0.764345,0.868684,0.688175,0.734531,0.743299,0.782343,0.847151,0.783705,0.792875,0.85085
3.2972,0.763766,0.868293,0.687574,0.732671,0.743422,0.782934,0.848884,0.783855,0.792641,0.85155
3.2974,0.765034,0.869662,0.687838,0.731402,0.742784,0.782876,0.852409,0.784491,0.793481,0.852777
3.2976,0.767684,0.871651,0.688388,0.730885,0.741856,0.782491,0.856334,0.784294,0.795039,0.854033
3.2978,0.769124,0.872813,0.688513,0.730569,0.741373,0.7819,0.858415,0.783388,0.796355,0.854798
3.298,0.769212,0.872877,0.689032,0.730013,0.741361,0.780806,0.858514,0.781952,0.796915,0.854466
3.2982,0.769914,0.872587,0.689603,0.729025,0.741755,0.779575,0.858313,0.780167,0.796592,0.853264
3.2984,0.771174,0.872825,0.689629,0.728079,0.742317,0.7787,0.859521,0.778587,0.795724,0.85212
3.2986,0.771526,0.873905,0.688886,0.727426,0.742535,0.778445,0.861456,0.777656,0.794801,0.851628
3.2988,0.771114,0.874976,0.687746,0.726958,0.742619,0.778617,0.862402,0.777238,0.79419,0.852122
3.299,0.770297,0.87547,0.686786,0.726449,0.742231,0.778754,0.861795,0.776931,0.79409,0.853245
3.2992,0.76945,0.87559,0.686383,0.725794,0.741771,0.778677,0.860155,0.776449,0.794486,0.85406
3.2994,0.769098,0.87595,0.686627,0.725178,0.741196,0.778464,0.858937,0.775768,0.795077,0.854192
3.2996,0.770132,0.87647,0.687027,0.724902,0.740634,0.778423,0.858608,0.77515,0.795506,0.853441
3.2998,0.771886,0.876492,0.686902,0.72507,0.739816,0.778691,0.858218,0.774932,0.79521,0.852105
3.3,0.77283,0.876315,0.686369,0.725552,0.739011,0.77902,0.8578,0.775274,0.794417,0.850924
3.3002,0.772461,0.876247,0.685915,0.725832,0.738252,0.779282,0.855883,0.775864,0.793871,0.850145
3.3004,0.771133,0.876144,0.685584,0.725488,0.737808,0.779784,0.853422,0.775881,0.79364,0.84969
3.3006,0.769198,0.875769,0.685254,0.724866,0.737153,0.780319,0.851937,0.775439,0.793624,0.849213
3.3008,0.767988,0.87534,0.684796,0.724794,0.736269,0.78057,0.851924,0.775414,0.793404,0.848831
3.301,0.768732,0.875124,0.684085,0.725152,0.735214,0.780309,0.851448,0.775659,0.792543,0.848284
3.3012,0.770277,0.87461,0.683189,0.725416,0.734459,0.77964,0.848783,0.775553,0.791162,0.847601
3.3014,0.771121,0.873389,0.682464,0.7252,0.73422,0.779027,0.844357,0.77477,0.789866,0.846788
3.3016,0.769917,0.871784,0.682213,0.724465,0.734387,0.779201,0.840527,0.773596,0.788979,0.846023
3.3018,0.766707,0.870492,0.68239,0.723551,0.734187,0.77996,0.838876,0.772655,0.789177,0.845314
3.302,0.76298,0.869925,0.682689,0.722947,0.733258,0.781185,0.838639,0.772375,0.790301,0.844776
3.3022,0.760266,0.869812,0.682838,0.723049,0.73147,0.782464,0.838202,0.772697,0.790855,0.844465
3.3024,0.760047,0.869391,0.682677,0.723804,0.730116,0.783091,0.836799,0.773335,0.789963,0.843985
3.3026,0.761224,0.868451,0.68213,0.724766,0.729964,0.782808,0.834981,0.77397,0.788398,0.843404
3.3028,0.761817,0.867269,0.681324,0.725327,0.730212,0.781811,0.833638,0.774305,0.786615,0.842205
3.303,0.760152,0.866132,0.680695,0.725055,0.730436,0.780737,0.83344,0.774249,0.785468,0.840886
3.3032,0.756714,0.865511,0.680731,0.724126,0.730524,0.779937,0.834335,0.77383,0.785304,0.839827
3.3034,0.753207,0.865152,0.681022,0.72321,0.73028,0.780001,0.835126,0.773286,0.785498,0.83902
3.3036,0.751609,0.864258,0.681325,0.722794,0.729072,0.780717,0.835069,0.773224,0.785119,0.838628
3.3038,0.752406,0.862408,0.681112,0.723057,0.727372,0.781419,0.835095,0.773424,0.784111,0.83829
3.304,0.753982,0.860573,0.68008,0.723266,0.726473,0.78133,0.835387,0.773462,0.783316,0.838089
3.3042,0.754527,0.85927,0.678689,0.722793,0.726572,0.780434,0.83517,0.772925,0.783088,0.837745
3.3044,0.752829,0.858992,0.677416,0.721697,0.727122,0.779792,0.834232,0.771855,0.783016,0.837343
3.3046,0.749546,0.859246,0.67705,0.720312,0.727234,0.779644,0.833267,0.77089,0.782947,0.836438
3.3048,0.746501,0.859388,0.677362,0.719614,0.726484,0.779967,0.833059,0.770459,0.782548,0.835284
3.305,0.745085,0.858258,0.67817,0.719378,0.725243,0.780587,0.83367,0.770359,0.782143,0.833859
3.3052,0.745581,0.855807,0.678798,0.720461,0.724324,0.781231,0.834569,0.769675,0.781986,0.832742
3.3054,0.74704,0.853587,0.678214,0.722525,0.724423,0.781408,0.835026,0.769533,0.782621,0.832313
3.3056,0.748045,0.852513,0.67668,0.723253,0.725182,0.781167,0.834953,0.771417,0.78388,0.832156
3.3058,0.748439,0.852711,0.675445,0.721566,0.725837,0.78094,0.835284,0.773497,0.784074,0.832052
3.306,0.748395,0.853161,0.675161,0.718776,0.72556,0.780999,0.836763,0.774118,0.782919,0.831729
3.3062,0.748241,0.853038,0.675903,0.71651,0.72417,0.780982,0.838757,0.773091,0.780696,0.831104
3.3064,0.748136,0.851522,0.676902,0.715575,0.722648,0.78079,0.840027,0.771424,0.778179,0.830358
3.3066,0.747469,0.848986,0.677021,0.715811,0.722053,0.780469,0.840042,0.770478,0.776559,0.829849
3.3068,0.746534,0.845971,0.675902,0.716463,0.723072,0.779983,0.839253,0.771331,0.776249,0.829708
3.307,0.745484,0.843859,0.67446,0.717852,0.724757,0.779407,0.837899,0.773911,0.776915,0.830003
3.3072,0.744879,0.843146,0.673661,0.719746,0.725881,0.778976,0.837498,0.776707,0.777456,0.830538
3.3074,0.74458,0.843562,0.673978,0.720794,0.725907,0.778994,0.837501,0.778266,0.776358,0.830892
3.3076,0.743991,0.845821,0.675709,0.720707,0.724887,0.779522,0.836719,0.778093,0.774435,0.831164
3.3078,0.742701,0.848744,0.677624,0.72032,0.723632,0.780319,0.835243,0.777063,0.772564,0.831568
3.308,0.741136,0.849791,0.678767,0.720995,0.723371,0.780748,0.833106,0.776471,0.771109,0.832379
3.3082,0.739379,0.848422,0.678835,0.722982,0.724154,0.780732,0.83189,0.777299,0.77027,0.833434
3.3084,0.738217,0.845951,0.678247,0.725208,0.72539,0.780801,0.830827,0.779012,0.769764,0.833845
3.3086,0.738134,0.844298,0.677589,0.726167,0.726556,0.781193,0.829477,0.780586,0.76895,0.833837
3.3088,0.739113,0.844815,0.677654,0.725783,0.726743,0.781712,0.828017,0.781975,0.767475,0.83352
3.309,0.740093,0.84711,0.678219,0.724838,0.726051,0.781898,0.827489,0.782852,0.765744,0.833373
3.3092,0.740647,0.849529,0.678719,0.72418,0.724962,0.781799,0.826773,0.782679,0.764233,0.83385
3.3094,0.74073,0.851107,0.678866,0.724588,0.723784,0.781574,0.826991,0.782027,0.763325,0.835131
3.3096,0.739915,0.851449,0.679074,0.725625,0.722789,0.781867,0.828899,0.781979,0.763126,0.837176
3.3098,0.738844,0.851469,0.679749,0.726805,0.721718,0.782538,0.830081,0.782778,0.763235,0.838941
3.31,0.738125,0.851741,0.680865,0.727954,0.721038,0.783437,0.828744,0.78446,0.763983,0.839689
3.3102,0.738174,0.852202,0.681938,0.728354,0.721372,0.784185,0.825725,0.785868,0.764754,0.838926
3.3104,0.738809,0.852561,0.682329,0.727054,0.721849,0.784692,0.823299,0.786653,0.76511,0.837619
3.3106,0.739588,0.852785,0.682056,0.72524,0.721583,0.784661,0.823309,0.786582,0.765054,0.837031
3.3108,0.74016,0.853029,0.681496,0.723982,0.720771,0.784712,0.825188,0.786034,0.764831,0.838067
3.311,0.740442,0.853188,0.68117,0.723152,0.719848,0.784856,0.826831,0.785246,0.764909,0.840536
3.3112,0.74054,0.853538,0.6812,0.722094,0.718868,0.785391,0.827341,0.785284,0.765739,0.842982
3.3114,0.74063,0.854106,0.681354,0.721819,0.717598,0.785619,0.827459,0.786736,0.766721,0.844171
3.3116,0.740789,0.854858,0.681697,0.722244,0.716361,0.785522,0.828337,0.78849,0.767313,0.843989
3.3118,0.741236,0.856083,0.682131,0.722486,0.715392,0.785991,0.829694,0.789314,0.767446,0.843534
3.312,0.741992,0.857092,0.682557,0.721659,0.714588,0.786892,0.830427,0.788501,0.767115,0.843594
3.3122,0.742675,0.857514,0.68304,0.719745,0.713735,0.787522,0.831367,0.786582,0.766636,0.844394
3.3124,0.743005,0.857632,0.683673,0.717696,0.713826,0.787534,0.832783,0.785257,0.767064,0.84589
3.3126,0.742949,0.858457,0.683824,0.717629,0.714877,0.787059,0.833969,0.785072,0.768257,0.847256
3.3128,0.742676,0.860304,0.683377,0.719908,0.715506,0.786462,0.835071,0.785467,0.769075,0.848564
3.313,0.742523,0.862365,0.682696,0.722536,0.715115,0.786189,0.836516,0.786475,0.768575,0.849369
3.3132,0.742736,0.86348,0.682202,0.723571,0.714325,0.786572,0.83797,0.787217,0.766623,0.849308
3.3134,0.743319,0.862839,0.682118,0.722768,0.713848,0.787289,0.839443,0.787302,0.764402,0.849162
3.3136,0.744005,0.861325,0.682477,0.721246,0.713891,0.787705,0.841114,0.786745,0.76322,0.848932
3.3138,0.744537,0.860761,0.68303,0.720152,0.714295,0.787775,0.842501,0.786448,0.762869,0.848909
3.314,0.744884,0.862261,0.683287,0.72001,0.71448,0.787553,0.843405,0.786625,0.762659,0.849702
3.3142,0.745086,0.864546,0.68307,0.720694,0.714403,0.787828,0.844013,0.786705,0.761895,0.850773
3.3144,0.745133,0.866098,0.682563,0.721488,0.714413,0.788459,0.844244,0.787121,0.760466,0.851543
3.3146,0.744991,0.865769,0.682456,0.721722,0.714789,0.78872,0.844482,0.787925,0.758954,0.851831
3.3148,0.744791,0.863839,0.682942,0.721555,0.715212,0.7884,0.844716,0.788133,0.757817,0.851584
3.315,0.744511,0.861845,0.683272,0.721486,0.715433,0.787903,0.845369,0.787401,0.757185,0.851263
3.3152,0.744541,0.861472,0.68291,0.721799,0.715282,0.787594,0.846012,0.786673,0.756862,0.851285
3.3154,0.744825,0.862572,0.681921,0.722166,0.71479,0.787383,0.845782,0.78696,0.756473,0.851566
3.3156,0.744723,0.864169,0.680774,0.722165,0.714305,0.787666,0.844582,0.787845,0.755822,0.851847
3.3158,0.743858,0.864997,0.679946,0.721662,0.714183,0.787897,0.842963,0.788554,0.755181,0.85207
3.316,0.742489,0.864459,0.679716,0.721005,0.715022,0.787904,0.842437,0.788668,0.754927,0.852057
3.3162,0.741833,0.86325,0.67998,0.720689,0.716302,0.787916,0.842018,0.788182,0.755081,0.851813
3.3164,0.741471,0.86246,0.680187,0.721048,0.716817,0.7871,0.841003,0.788065,0.75552,0.852022
3.3166,0.740641,0.86217,0.679832,0.721927,0.716327,0.785983,0.838924,0.788462,0.755986,0.852327
3.3168,0.739419,0.862116,0.679463,0.722803,0.715292,0.785766,0.835595,0.788303,0.755925,0.852342
3.317,0.738201,0.861672,0.679266,0.723084,0.714085,0.786597,0.83195,0.787568,0.75568,0.851946
3.3172,0.737184,0.860726,0.679198,0.722447,0.713121,0.787296,0.829878,0.786343,0.755981,0.85098
3.3174,0.736192,0.859671,0.678687,0.721518,0.712815,0.787313,0.82935,0.784956,0.756934,0.849927
3.3176,0.734955,0.858899,0.677391,0.720956,0.713288,0.786803,0.828466,0.783642,0.757786,0.849271
3.3178,0.733687,0.85831,0.67598,0.72081,0.71395,0.786014,0.825847,0.782527,0.757842,0.848697
3.318,0.732637,0.857919,0.675005,0.721054,0.71435,0.784989,0.822143,0.781732,0.756985,0.848755
3.3182,0.732208,0.857059,0.674762,0.720747,0.714644,0.783987,0.819112,0.780727,0.755848,0.848784
3.3184,0.732077,0.855787,0.67475,0.719844,0.714327,0.783317,0.817755,0.779404,0.755362,0.847967
3.3186,0.731761,0.854631,0.674764,0.718894,0.713743,0.783157,0.817319,0.778083,0.756042,0.846531
3.3188,0.730991,0.853901,0.674277,0.718291,0.712945,0.783384,0.816744,0.776427,0.757527,0.844829
3.319,0.7299,0.8541,0.672961,0.717818,0.712488,0.783683,0.815501,0.774972,0.759018,0.8437
3.3192,0.728864,0.854739,0.671217,0.716835,0.712231,0.783425,0.814087,0.773569,0.759854,0.843085
3.3194,0.728281,0.854628,0.669428,0.71502,0.712119,0.783046,0.813472,0.772727,0.759781,0.842717
3.3196,0.728345,0.853853,0.668315,0.712913,0.71196,0.782778,0.81428,0.772155,0.759073,0.842507
3.3198,0.728666,0.852706,0.667904,0.711089,0.711544,0.7829,0.816174,0.770928,0.758341,0.842105
3.32,0.728537,0.851572,0.668226,0.710119,0.710915,0.782943,0.817588,0.768914,0.758331,0.841264
3.3202,0.72804,0.850674,0.668765,0.709842,0.710257,0.782401,0.817477,0.766857,0.759117,0.840256
3.3204,0.727653,0.849821,0.668721,0.709821,0.70992,0.781433,0.817168,0.765036,0.759708,0.83916
3.3206,0.727353,0.849054,0.667784,0.709466,0.710298,0.780847,0.818218,0.764182,0.759769,0.838296
3.3208,0.726938,0.848049,0.666438,0.708344,0.710778,0.780824,0.819585,0.764449,0.758704,0.83779
3.321,0.726415,0.847294,0.665366,0.706814,0.710799,0.7811,0.820325,0.764729,0.756959,0.837392
3.3212,0.726028,0.846849,0.664968,0.705559,0.710453,0.782083,0.81939,0.764787,0.755714,0.837045
3.3214,0.725586,0.846721,0.665274,0.705084,0.709896,0.783467,0.81767,0.764516,0.75535,0.836696
3.3216,0.725346,0.84642,0.665961,0.705326,0.709412,0.78406,0.817176,0.763846,0.755655,0.835952
3.3218,0.725546,0.845295,0.666549,0.705598,0.709584,0.783718,0.818154,0.763604,0.755601,0.835185
3.322,0.725948,0.843485,0.666719,0.705573,0.710098,0.7825,0.819527,0.7636,0.753936,0.834342
3.3222,0.726151,0.841697,0.666492,0.705361,0.710462,0.781394,0.820323,0.763961,0.751062,0.833598
3.3224,0.726077,0.841078,0.666332,0.705152,0.710553,0.780646,0.820378,0.764308,0.748542,0.833191
3.3226,0.725655,0.841612,0.666437,0.704979,0.710144,0.780341,0.82034,0.764366,0.746983,0.833065
3.3228,0.724964,0.841764,0.666646,0.705129,0.709246,0.78086,0.82077,0.764455,0.747201,0.832999
3.323,0.7244,0.840326,0.666877,0.705776,0.70799,0.781951,0.821472,0.764629,0.748395,0.833055
3.3232,0.724359,0.838329,0.667224,0.706892,0.707095,0.782676,0.821711,0.764884,0.748872,0.832839
3.3234,0.725117,0.836996,0.667897,0.707985,0.707054,0.782243,0.821192,0.765744,0.747919,0.83248
3.3236,0.725602,0.837146,0.668668,0.708972,0.707389,0.780985,0.819625,0.766932,0.746324,0.832294
3.3238,0.725449,0.838214,0.66958,0.709644,0.707389,0.77982,0.818527,0.767655,0.74479,0.832173
3.324,0.72563,0.839493,0.670306,0.710171,0.706388,0.779355,0.818161,0.767527,0.743945,0.832132
3.3242,0.726835,0.840219,0.670856,0.71055,0.704574,0.779898,0.817021,0.767134,0.744068,0.832124
3.3244,0.727494,0.840027,0.671318,0.711043,0.703054,0.781161,0.814741,0.767129,0.744825,0.832564
3.3246,0.726939,0.839299,0.67161,0.712008,0.702545,0.782084,0.812581,0.767797,0.745615,0.833414
3.3248,0.724932,0.838762,0.671666,0.713134,0.702729,0.782058,0.810772,0.76913,0.745902,0.834056
3.325,0.722867,0.838956,0.671453,0.713731,0.703047,0.782056,0.810265,0.77055,0.745684,0.834864
3.3252,0.722209,0.839515,0.671203,0.714001,0.702917,0.782491,0.810352,0.771276,0.745429,0.835774
3.3254,0.722411,0.839931,0.671175,0.713969,0.702331,0.783037,0.809128,0.771485,0.745454,0.836515
3.3256,0.722523,0.840217,0.671271,0.714313,0.701388,0.783463,0.806336,0.771473,0.745682,0.836886
3.3258,0.722088,0.840294,0.671547,0.715077,0.700561,0.783489,0.803626,0.77141,0.746003,0.836614
3.326,0.721231,0.840739,0.671854,0.715882,0.700081,0.782984,0.801833,0.771109,0.74654,0.836255
3.3262,0.720334,0.841566,0.672186,0.716464,0.700468,0.782975,0.801306,0.770594,0.747418,0.836365
3.3264,0.719893,0.84265,0.673492,0.716862,0.701983,0.783857,0.801352,0.769779,0.748753,0.837052
3.3266,0.721348,0.843901,0.6751,0.716721,0.703022,0.785075,0.801042,0.77009,0.750788,0.838344
3.3268,0.724702,0.844976,0.675487,0.715916,0.70268,0.786052,0.800272,0.77201,0.752173,0.839703
3.327,0.727652,0.845341,0.674289,0.715061,0.701917,0.785914,0.799405,0.773242,0.752034,0.840555
3.3272,0.728387,0.844783,0.672121,0.714321,0.701829,0.784725,0.798799,0.773082,0.750797,0.841064
3.3274,0.727382,0.844095,0.670233,0.713878,0.702352,0.783178,0.798649,0.771215,0.749987,0.841413
3.3276,0.726418,0.844414,0.669674,0.713222,0.702967,0.78279,0.79867,0.768212,0.750289,0.841959
3.3278,0.726544,0.845941,0.671701,0.712422,0.703087,0.783649,0.799124,0.765038,0.752025,0.842934
3.328,0.728283,0.84771,0.674888,0.712779,0.702512,0.784693,0.800486,0.763398,0.754596,0.843925
3.3282,0.729949,0.848558,0.676578,0.714145,0.701882,0.785614,0.802355,0.764016,0.756082,0.844752
3.3284,0.73039,0.848379,0.675324,0.716064,0.701993,0.785995,0.803616,0.766047,0.755759,0.845157
3.3286,0.729763,0.847906,0.672529,0.717989,0.703033,0.785682,0.803246,0.767877,0.754113,0.845377
3.3288,0.728956,0.847808,0.670935,0.718808,0.70503,0.784902,0.802548,0.767826,0.752371,0.846045
3.329,0.729327,0.84849,0.671325,0.718787,0.70696,0.78409,0.802743,0.766299,0.751571,0.846906
3.3292,0.730941,0.849498,0.672918,0.718352,0.70764,0.7837,0.803623,0.764015,0.752027,0.848325
3.3294,0.73258,0.850114,0.674197,0.718248,0.706542,0.783788,0.805492,0.762017,0.752875,0.849572
3.3296,0.732906,0.849957,0.674318,0.71858,0.704454,0.784072,0.807954,0.761123,0.753513,0.850055
3.3298,0.732631,0.849354,0.673702,0.719308,0.703707,0.784202,0.809911,0.761392,0.753343,0.84998
3.33,0.733233,0.848814,0.673006,0.71971,0.705269,0.784007,0.810679,0.762219,0.752004,0.849608
3.3302,0.734458,0.848713,0.672485,0.719465,0.708117,0.783172,0.810378,0.762917,0.750082,0.849552
3.3304,0.735619,0.849212,0.672137,0.718824,0.710076,0.782284,0.811045,0.763152,0.748267,0.850049
3.3306,0.736182,0.850096,0.671991,0.718322,0.709683,0.782508,0.813083,0.76301,0.747173,0.85067
3.3308,0.735633,0.851038,0.672048,0.718339,0.707461,0.783444,0.814766,0.762753,0.747173,0.851194
3.331,0.734778,0.851659,0.672385,0.718647,0.705082,0.784318,0.8149,0.76248,0.747667,0.851391
3.3312,0.734824,0.851654,0.673737,0.719046,0.704064,0.784288,0.814429,0.762469,0.748024,0.851007
3.3314,0.736054,0.851061,0.675213,0.71925,0.705158,0.783041,0.814952,0.762742,0.747826,0.850533
3.3316,0.737172,0.850445,0.675859,0.719141,0.707356,0.781358,0.816174,0.762996,0.747025,0.850364
3.3318,0.73706,0.850416,0.675326,0.71913,0.709237,0.780089,0.816638,0.763106,0.745878,0.850519
3.332,0.73538,0.850974,0.674078,0.719397,0.70964,0.77997,0.816566,0.762977,0.744823,0.851025
3.3322,0.733397,0.851815,0.672987,0.719648,0.708202,0.780794,0.816451,0.762549,0.744222,0.85161
3.3324,0.73259,0.852527,0.672592,0.719559,0.706426,0.781743,0.817188,0.761964,0.744198,0.851701
3.3326,0.733246,0.852837,0.672644,0.719316,0.705971,0.781745,0.818822,0.761583,0.744561,0.851596
3.3328,0.733908,0.852623,0.672796,0.719279,0.707435,0.780743,0.820277,0.761634,0.74501,0.851716
3.333,0.733304,0.852016,0.672548,0.719483,0.710076,0.778989,0.822083,0.762044,0.745334,0.851998
3.3332,0.730974,0.851246,0.671682,0.719558,0.711794,0.777719,0.824162,0.762555,0.745427,0.852332
3.3334,0.727934,0.850441,0.670547,0.718987,0.711616,0.776946,0.825344,0.762793,0.745252,0.851997
3.3336,0.725884,0.849883,0.66973,0.717767,0.710021,0.776647,0.826138,0.76233,0.745029,0.851169
3.3338,0.725734,0.849501,0.66981,0.716422,0.707974,0.776842,0.82783,0.761594,0.74521,0.850116
3.334,0.726934,0.849068,0.670179,0.715765,0.706612,0.776821,0.829392,0.761283,0.745815,0.849478
3.3342,0.727374,0.84801,0.670251,0.716203,0.70618,0.776241,0.829274,0.76107,0.746578,0.849429
3.3344,0.725932,0.846611,0.669336,0.717044,0.706349,0.775542,0.828169,0.760791,0.747123,0.849989
3.3346,0.723382,0.84491,0.667866,0.716864,0.706315,0.775344,0.827253,0.760175,0.74711,0.850756
3.3348,0.720952,0.84308,0.666505,0.715507,0.705743,0.77532,0.826695,0.758876,0.746684,0.850825
3.335,0.719594,0.841409,0.666158,0.713586,0.705516,0.775046,0.826288,0.757537,0.746418,0.850314
3.3352,0.719448,0.840167,0.666538,0.711904,0.705418,0.774532,0.825693,0.756533,0.746685,0.849512
3.3354,0.719845,0.839097,0.667075,0.711097,0.70505,0.774103,0.824835,0.755964,0.747511,0.848485
3.3356,0.719895,0.837689,0.667205,0.711116,0.704236,0.774749,0.823597,0.755578,0.748632,0.847683
3.3358,0.7192,0.83557,0.666719,0.711023,0.703009,0.776405,0.821399,0.754746,0.749674,0.847482
3.336,0.718079,0.833087,0.665641,0.709948,0.701465,0.778148,0.818992,0.752909,0.750323,0.847602
3.3362,0.717214,0.830565,0.664252,0.708139,0.700006,0.7786,0.817004,0.750869,0.750489,0.84777
3.3364,0.717101,0.828478,0.662914,0.706436,0.698955,0.777824,0.816034,0.749513,0.750397,0.847675
3.3366,0.717529,0.827016,0.662145,0.705249,0.698496,0.77643,0.815186,0.749053,0.750381,0.847286
3.3368,0.717753,0.825865,0.661816,0.704374,0.698259,0.775334,0.81319,0.748842,0.750484,0.846561
3.337,0.717778,0.824575,0.661903,0.703615,0.697692,0.775241,0.810339,0.748118,0.750568,0.845542
3.3372,0.717852,0.82309,0.662099,0.702753,0.696637,0.776273,0.807409,0.7469,0.75073,0.844552
3.3374,0.718068,0.821392,0.662028,0.70173,0.695198,0.777821,0.805155,0.745533,0.750438,0.843875
3.3376,0.717921,0.819735,0.661612,0.701017,0.693766,0.778817,0.804107,0.744463,0.749893,0.843732
3.3378,0.717293,0.81842,0.661164,0.700661,0.692886,0.7791,0.80329,0.743887,0.74934,0.84385
3.338,0.716673,0.817603,0.661005,0.700541,0.692827,0.77893,0.802271,0.743695,0.748653,0.843482
3.3382,0.716209,0.817283,0.661187,0.700457,0.693307,0.778765,0.800818,0.743733,0.747646,0.842956
3.3384,0.716187,0.81705,0.661587,0.700257,0.693501,0.77845,0.799236,0.743924,0.746417,0.842286
3.3386,0.716477,0.816506,0.661905,0.700396,0.69313,0.777652,0.798085,0.744181,0.744815,0.841701
3.3388,0.716867,0.815621,0.661753,0.701159,0.69238,0.776653,0.797488,0.744732,0.744138,0.841426
3.339,0.717035,0.814661,0.661369,0.70195,0.691535,0.776263,0.79724,0.745555,0.745762,0.840821
3.3392,0.716806,0.814069,0.66128,0.702354,0.691093,0.776511,0.797246,0.745347,0.748266,0.840176
3.3394,0.716179,0.814532,0.661606,0.702117,0.69145,0.776931,0.797128,0.744644,0.750467,0.839413
3.3396,0.715395,0.815611,0.662052,0.701542,0.692257,0.776967,0.796685,0.743926,0.751141,0.83883
3.3398,0.715133,0.816458,0.662383,0.701441,0.692788,0.776147,0.796733,0.744332,0.749488,0.838988
3.34,0.715379,0.816479,0.662622,0.701939,0.692541,0.774906,0.797646,0.746337,0.746816,0.839218
3.3402,0.71551,0.81544,0.662508,0.703383,0.692091,0.773826,0.798024,0.748264,0.744768,0.83927
3.3404,0.715303,0.814664,0.662779,0.705185,0.691848,0.773481,0.797059,0.748746,0.744467,0.838996
3.3406,0.715811,0.814976,0.663665,0.706287,0.69175,0.774285,0.795307,0.747406,0.746024,0.838221
3.3408,0.716719,0.816362,0.664439,0.706052,0.69177,0.775421,0.794217,0.745788,0.747882,0.837641
3.341,0.717044,0.817667,0.664887,0.70566,0.691724,0.775669,0.795263,0.745425,0.748482,0.837337
3.3412,0.716159,0.818002,0.664529,0.705819,0.691917,0.774783,0.797679,0.746698,0.74758,0.837606
3.3414,0.714336,0.817206,0.663308,0.707047,0.692727,0.773578,0.799436,0.748831,0.746117,0.839027
3.3416,0.712243,0.816499,0.662446,0.708232,0.693489,0.772835,0.799397,0.750761,0.745698,0.840581
3.3418,0.710986,0.816672,0.662857,0.708435,0.693791,0.773256,0.798751,0.750918,0.746316,0.841865
3.342,0.710345,0.817732,0.664366,0.707793,0.693251,0.774266,0.799077,0.749867,0.747389,0.842579
3.3422,0.709861,0.819109,0.66609,0.706629,0.692093,0.775008,0.800473,0.749241,0.747995,0.842281
3.3424,0.709628,0.819986,0.667155,0.706264,0.691049,0.774882,0.803066,0.750027,0.747833,0.841547
3.3426,0.709895,0.820238,0.667108,0.707497,0.690691,0.773958,0.804346,0.75138,0.747123,0.841137
3.3428,0.710691,0.820168,0.666637,0.709385,0.69196,0.772775,0.803662,0.752745,0.746445,0.841375
3.343,0.711703,0.820262,0.666476,0.710483,0.693604,0.772142,0.801642,0.753183,0.746412,0.842627
3.3432,0.71194,0.820712,0.666622,0.710198,0.693761,0.77217,0.800815,0.753077,0.74706,0.844425
3.3434,0.712026,0.821894,0.667046,0.708959,0.692232,0.773237,0.801768,0.753018,0.747961,0.846274
3.3436,0.712283,0.823122,0.667378,0.707798,0.689886,0.774803,0.802908,0.753376,0.748826,0.848104
3.3438,0.712525,0.822883,0.667264,0.707615,0.688299,0.775626,0.803174,0.754159,0.749363,0.84909
3.344,0.713047,0.821086,0.66719,0.70857,0.688265,0.774908,0.801517,0.754994,0.749508,0.849088
3.3442,0.713512,0.818707,0.667474,0.710111,0.688931,0.773322,0.797944,0.755673,0.74951,0.848729
3.3444,0.713754,0.817408,0.668319,0.711209,0.689625,0.772308,0.794773,0.757281,0.750026,0.84849
3.3446,0.713935,0.817941,0.669116,0.711204,0.690507,0.772654,0.792932,0.759243,0.751439,0.848757
3.3448,0.714548,0.819734,0.669262,0.710246,0.691191,0.773844,0.793355,0.76069,0.752582,0.849691
3.345,0.715451,0.821083,0.668603,0.709306,0.691586,0.774616,0.79397,0.761041,0.752151,0.851144
3.3452,0.716393,0.821221,0.66753,0.709133,0.691696,0.774234,0.793935,0.760652,0.75058,0.852842
3.3454,0.717,0.820211,0.667137,0.709753,0.692311,0.773272,0.793258,0.759855,0.748597,0.854472
3.3456,0.717044,0.818854,0.667732,0.710288,0.693827,0.772243,0.790961,0.759028,0.747066,0.855627
3.3458,0.716987,0.818164,0.668521,0.709941,0.696179,0.771317,0.788357,0.758786,0.74704,0.856228
3.346,0.716937,0.818629,0.668742,0.708187,0.698076,0.770788,0.786756,0.759901,0.749364,0.856712
3.3462,0.717327,0.819906,0.66844,0.706036,0.69863,0.770591,0.786492,0.761774,0.752748,0.857127
3.3464,0.718294,0.821261,0.668029,0.704797,0.697827,0.77062,0.786764,0.763413,0.755031,0.857694
3.3466,0.719453,0.822082,0.668101,0.704613,0.696381,0.770682,0.786656,0.764265,0.754537,0.858563
3.3468,0.720167,0.822291,0.668591,0.705044,0.695361,0.771176,0.786026,0.764316,0.75222,0.859533
3.347,0.720162,0.822389,0.668648,0.70506,0.695369,0.771455,0.785588,0.763781,0.749634,0.860051
3.3472,0.719778,0.822711,0.667665,0.704164,0.696447,0.7709,0.785999,0.762721,0.748386,0.859709
3.3474,0.719142,0.823599,0.665998,0.702435,0.698164,0.769635,0.787576,0.761351,0.749441,0.85884
3.3476,0.719228,0.825075,0.664418,0.700153,0.699665,0.768199,0.789806,0.760659,0.751766,0.857856
3.3478,0.72042,0.826571,0.664499,0.698062,0.699967,0.767153,0.791604,0.761385,0.753699,0.857211
3.348,0.722406,0.827512,0.66629,0.696834,0.698924,0.766935,0.792132,0.76269,0.754187,0.857045
3.3482,0.723717,0.827654,0.668099,0.696511,0.697513,0.767369,0.793055,0.763347,0.753008,0.856992
3.3484,0.723267,0.827238,0.668265,0.696406,0.6967,0.768263,0.795126,0.762871,0.750834,0.856599
3.3486,0.721677,0.826946,0.666695,0.695772,0.697038,0.768932,0.797465,0.761667,0.749145,0.855559
3.3488,0.720336,0.827215,0.66463,0.694471,0.698272,0.768683,0.799219,0.760663,0.749145,0.853936
3.349,0.719757,0.828061,0.663152,0.692949,0.699597,0.767666,0.799611,0.760279,0.750576,0.852359
3.3492,0.720696,0.829091,0.662803,0.691884,0.700254,0.766035,0.799969,0.760188,0.752147,0.851492
3.3494,0.722692,0.829869,0.663593,0.691553,0.700058,0.765109,0.801649,0.760409,0.752706,0.85085
3.3496,0.723996,0.830174,0.664613,0.691798,0.699262,0.765645,0.803643,0.760794,0.751867,0.849893
3.3498,0.724124,0.829934,0.664779,0.692228,0.698346,0.766349,0.805813,0.760859,0.749997,0.84828
3.35,0.72312,0.829441,0.664239,0.692367,0.697783,0.766241,0.806499,0.760142,0.748803,0.846149
3.3502,0.720719,0.829321,0.663817,0.691941,0.697821,0.765743,0.805294,0.758947,0.7491,0.844291
3.3504,0.718357,0.829618,0.663773,0.691123,0.698292,0.765657,0.804065,0.758355,0.750657,0.842968
3.3506,0.717566,0.829731,0.663964,0.690772,0.698208,0.766114,0.804174,0.758631,0.75205,0.842
3.3508,0.718513,0.829286,0.664268,0.691257,0.697566,0.766466,0.805242,0.758955,0.752043,0.841131
3.351,0.720229,0.828133,0.66407,0.692437,0.696952,0.766191,0.807198,0.758764,0.75065,0.840079
3.3512,0.720929,0.826659,0.663026,0.693292,0.696237,0.765232,0.807762,0.75857,0.748901,0.838908
3.3514,0.720072,0.825117,0.66183,0.692996,0.695516,0.764542,0.807005,0.757942,0.747775,0.837811
3.3516,0.718303,0.823795,0.661414,0.691708,0.694349,0.764469,0.807312,0.756797,0.748546,0.836965
3.3518,0.716752,0.822721,0.661809,0.690624,0.692957,0.764928,0.808298,0.755384,0.750222,0.836419
3.352,0.716385,0.822153,0.662419,0.690345,0.691274,0.765568,0.808739,0.754791,0.751808,0.83613
3.3522,0.71731,0.821214,0.662717,0.691486,0.689965,0.766031,0.808336,0.755037,0.752022,0.835802
3.3524,0.718582,0.819272,0.662375,0.693006,0.689144,0.766053,0.807749,0.755568,0.750586,0.835176
3.3526,0.71886,0.816889,0.661274,0.693669,0.688947,0.765551,0.808215,0.755497,0.748619,0.834534
3.3528,0.71784,0.815076,0.659985,0.693229,0.688934,0.764637,0.809662,0.754868,0.747229,0.834173
3.353,0.715955,0.814127,0.659537,0.692149,0.688008,0.763613,0.810532,0.753539,0.747063,0.833995
3.3532,0.71394,0.813402,0.66,0.69143,0.68605,0.762977,0.810329,0.752599,0.748138,0.833811
3.3534,0.713068,0.812045,0.660564,0.691514,0.683698,0.762746,0.809286,0.752176,0.749349,0.833647
3.3536,0.713817,0.809718,0.660635,0.692167,0.681961,0.762801,0.808798,0.752032,0.749602,0.833693
3.3538,0.715186,0.807069,0.659704,0.693169,0.681149,0.763374,0.808209,0.752087,0.748771,0.833763
3.354,0.715753,0.804991,0.658279,0.693675,0.681025,0.763805,0.807499,0.751994,0.747371,0.834074
3.3542,0.714906,0.803875,0.657097,0.693606,0.681151,0.763899,0.80881,0.751939,0.746119,0.834474
3.3544,0.712839,0.803547,0.656527,0.693292,0.681038,0.76364,0.811153,0.75204,0.745607,0.834987
3.3546,0.710618,0.803418,0.656615,0.693417,0.680537,0.762904,0.811688,0.751984,0.745877,0.835224
3.3548,0.709392,0.802933,0.657423,0.693891,0.679881,0.76204,0.810155,0.751533,0.746472,0.834741
3.355,0.709545,0.802053,0.657664,0.694764,0.679344,0.761577,0.808103,0.751222,0.746915,0.833642
3.3552,0.71048,0.80102,0.65644,0.696166,0.679008,0.761338,0.806398,0.751608,0.746899,0.832325
3.3554,0.711215,0.800244,0.654416,0.697242,0.678996,0.761397,0.806303,0.752263,0.746512,0.831384
3.3556,0.711032,0.799948,0.652752,0.697958,0.679078,0.761498,0.807692,0.753401,0.74604,0.8314
3.3558,0.709879,0.800039,0.652077,0.69819,0.679136,0.761731,0.808989,0.754056,0.745608,0.832159
3.356,0.708292,0.800084,0.65206,0.69762,0.679269,0.761695,0.809622,0.753544,0.745129,0.832539
3.3562,0.707117,0.800306,0.652113,0.697043,0.679625,0.76101,0.809821,0.75197,0.744403,0.832794
3.3564,0.707249,0.800656,0.651711,0.697156,0.680317,0.759881,0.80924,0.7505,0.743247,0.832547
3.3566,0.708065,0.800778,0.650952,0.697794,0.681093,0.759047,0.807676,0.750432,0.741826,0.832174
3.3568,0.708597,0.800942,0.650331,0.698326,0.681785,0.758586,0.805958,0.751554,0.740517,0.832116
3.357,0.707884,0.801112,0.6501,0.699348,0.682005,0.758234,0.804521,0.752604,0.740586,0.832069
3.3572,0.705782,0.801376,0.650291,0.701384,0.681798,0.757919,0.803858,0.753083,0.742908,0.832517
3.3574,0.703814,0.801449,0.650793,0.703251,0.681749,0.757928,0.80311,0.752815,0.745059,0.832942
3.3576,0.702786,0.801148,0.651466,0.704093,0.682236,0.758201,0.801913,0.752276,0.744728,0.833175
3.3578,0.703404,0.800834,0.652033,0.703506,0.683112,0.758508,0.800152,0.752113,0.741597,0.833621
3.358,0.704801,0.801134,0.652352,0.703069,0.684177,0.75848,0.797901,0.752765,0.736949,0.834252
3.3582,0.705059,0.802458,0.652346,0.703498,0.68512,0.758086,0.796206,0.753199,0.734502,0.8352
3.3584,0.70352,0.804235,0.65224,0.70474,0.685873,0.757858,0.794982,0.752888,0.737051,0.836361
3.3586,0.702582,0.806185,0.652559,0.706204,0.685983,0.757972,0.793221,0.752327,0.742415,0.837109
3.3588,0.703566,0.80752,0.65348,0.707188,0.685249,0.75835,0.790406,0.75271,0.746091,0.837485
3.359,0.704566,0.808487,0.654368,0.707386,0.684083,0.758689,0.787569,0.754063,0.744823,0.83765
3.3592,0.704213,0.809016,0.654602,0.70677,0.683172,0.758704,0.785722,0.756247,0.739348,0.837951
3.3594,0.702446,0.809417,0.654101,0.705919,0.683066,0.758511,0.784115,0.758208,0.734135,0.839228
3.3596,0.700644,0.810403,0.6533,0.705894,0.684706,0.758102,0.781748,0.758125,0.732,0.841381
3.3598,0.701105,0.811497,0.652906,0.706446,0.687659,0.757658,0.779013,0.756584,0.733738,0.843046
3.36,0.704258,0.812261,0.65333,0.706905,0.689429,0.757057,0.776952,0.756251,0.73764,0.843452
3.3602,0.707627,0.812981,0.654398,0.707084,0.689435,0.757062,0.775973,0.757397,0.740703,0.842741
3.3604,0.708781,0.814086,0.655536,0.707228,0.6882,0.757507,0.775446,0.758593,0.740714,0.841326
3.3606,0.707378,0.815958,0.656159,0.706869,0.686166,0.758208,0.774315,0.759665,0.738997,0.840671
3.3608,0.705388,0.817768,0.655974,0.706256,0.68457,0.75866,0.772566,0.759795,0.737585,0.841539
3.361,0.704438,0.819011,0.655608,0.705856,0.684066,0.758022,0.771201,0.758783,0.737028,0.843155
3.3612,0.705111,0.819429,0.655917,0.706523,0.684378,0.756676,0.770998,0.758177,0.737827,0.844933
3.3614,0.70733,0.819363,0.656456,0.707578,0.684885,0.755834,0.772106,0.758968,0.738972,0.846045
3.3616,0.709467,0.820127,0.65697,0.708041,0.685267,0.756505,0.77377,0.760859,0.73963,0.846151
3.3618,0.709506,0.821951,0.65724,0.707395,0.68514,0.757893,0.774275,0.761949,0.739304,0.845738
3.362,0.707672,0.823811,0.656426,0.70592,0.684894,0.75895,0.774117,0.761315,0.739253,0.845429
3.3622,0.706245,0.824521,0.654822,0.70462,0.684503,0.758726,0.774659,0.7596,0.73955,0.845542
3.3624,0.705923,0.823855,0.653171,0.704541,0.684408,0.757944,0.774937,0.758522,0.73968,0.846335
3.3626,0.706563,0.822851,0.653444,0.70512,0.684136,0.756816,0.774218,0.759103,0.739356,0.847258
3.3628,0.70749,0.822796,0.655441,0.705679,0.683925,0.756242,0.772963,0.760349,0.738761,0.847817
3.363,0.707927,0.824045,0.657001,0.70593,0.683829,0.756922,0.772286,0.760796,0.738054,0.848199
3.3632,0.707794,0.826042,0.65714,0.705698,0.684284,0.757932,0.773222,0.75996,0.738173,0.848509
3.3634,0.707654,0.827888,0.655373,0.704828,0.684989,0.758596,0.774905,0.758142,0.739395,0.848557
3.3636,0.707821,0.828717,0.652936,0.703631,0.685927,0.75862,0.775929,0.75648,0.740938,0.84859
3.3638,0.708225,0.828281,0.651068,0.702452,0.686729,0.757772,0.77586,0.756137,0.74196,0.848579
3.364,0.708595,0.82752,0.650206,0.701999,0.687321,0.755944,0.775691,0.757034,0.741477,0.848392
3.3642,0.70844,0.827358,0.650388,0.702269,0.687275,0.754005,0.776669,0.75802,0.739922,0.84834
3.3644,0.708122,0.827854,0.651378,0.703322,0.686842,0.753104,0.778881,0.758277,0.738374,0.848469
3.3646,0.708373,0.828296,0.653197,0.7044,0.686022,0.753556,0.78112,0.757538,0.737841,0.848678
3.3648,0.709141,0.827981,0.654623,0.704826,0.685101,0.75436,0.781973,0.755945,0.738969,0.849098
3.365,0.709778,0.826876,0.654552,0.704004,0.684985,0.754679,0.781187,0.754253,0.741064,0.849326
3.3652,0.710187,0.825473,0.652904,0.702539,0.685693,0.754252,0.779903,0.753247,0.742566,0.849109
3.3654,0.709897,0.824587,0.650816,0.700874,0.686807,0.753342,0.778878,0.753019,0.742916,0.848879
3.3656,0.709572,0.824353,0.649554,0.699886,0.687742,0.752154,0.778714,0.753119,0.742302,0.848692
3.3658,0.710132,0.824875,0.649635,0.700027,0.688107,0.751098,0.778347,0.752987,0.741253,0.848729
3.366,0.711693,0.824872,0.650792,0.700906,0.68763,0.750819,0.777583,0.752422,0.74075,0.849141
3.3662,0.712844,0.823088,0.652039,0.70186,0.686447,0.751532,0.776801,0.751607,0.74094,0.849461
3.3664,0.712742,0.819672,0.652277,0.702031,0.68525,0.752525,0.775889,0.750949,0.741433,0.849442
3.3666,0.711172,0.816277,0.651534,0.701205,0.685132,0.753348,0.774715,0.750837,0.741584,0.849155
3.3668,0.709165,0.814275,0.650741,0.699975,0.686298,0.752993,0.773198,0.751132,0.741493,0.848405
3.367,0.708673,0.81372,0.650503,0.698903,0.687942,0.75155,0.772188,0.751159,0.741149,0.847433
3.3672,0.709723,0.813769,0.650723,0.698353,0.688844,0.750556,0.771131,0.750791,0.74083,0.846667
3.3674,0.711234,0.813117,0.651073,0.698274,0.68833,0.750557,0.769215,0.750199,0.740758,0.845563
3.3676,0.712282,0.811285,0.65108,0.698648,0.686554,0.75105,0.768016,0.749495,0.740612,0.844581
3.3678,0.711656,0.808732,0.650496,0.699081,0.684717,0.751282,0.768055,0.748401,0.740516,0.843698
3.368,0.709646,0.806478,0.649682,0.699202,0.684128,0.75106,0.768033,0.746676,0.740319,0.842572
3.3682,0.707926,0.80533,0.649257,0.698824,0.685003,0.750411,0.767003,0.74481,0.740091,0.84151
3.3684,0.707786,0.805159,0.649435,0.698241,0.686276,0.749582,0.764583,0.743725,0.740182,0.84024
3.3686,0.708873,0.805303,0.649853,0.697604,0.68721,0.749085,0.762469,0.744613,0.740641,0.839236
3.3688,0.709858,0.805082,0.650063,0.696966,0.687326,0.749266,0.761548,0.74686,0.74111,0.838194
3.369,0.709739,0.804239,0.64983,0.696547,0.686569,0.749966,0.761452,0.748877,0.741217,0.836678
3.3692,0.708548,0.802999,0.649051,0.696354,0.68538,0.750322,0.761177,0.748899,0.741027,0.834737
3.3694,0.707064,0.801878,0.647997,0.696138,0.684506,0.750083,0.760434,0.74728,0.740464,0.832814
3.3696,0.70596,0.801407,0.647312,0.695925,0.684275,0.749677,0.759991,0.744818,0.739685,0.831453
3.3698,0.705523,0.801571,0.647526,0.696089,0.684669,0.749241,0.760617,0.743025,0.739038,0.830522
3.37,0.705694,0.801759,0.64806,0.696515,0.685249,0.749073,0.762039,0.742616,0.738535,0.829949
3.3702,0.705822,0.801344,0.648335,0.696608,0.685875,0.749083,0.762698,0.743111,0.738056,0.829127
3.3704,0.706053,0.800483,0.647727,0.695925,0.685895,0.748651,0.762341,0.74433,0.737167,0.827775
3.3706,0.706133,0.799463,0.646591,0.694668,0.685256,0.747918,0.76217,0.7452,0.735933,0.826133
3.3708,0.705785,0.798599,0.645442,0.693474,0.6841,0.747553,0.762696,0.744893,0.734442,0.824684
3.371,0.704894,0.798178,0.644611,0.692894,0.683008,0.747709,0.763337,0.744089,0.732716,0.823876
3.3712,0.703819,0.798138,0.644355,0.693228,0.682738,0.748055,0.764663,0.742967,0.731353,0.823741
3.3714,0.702656,0.798183,0.644235,0.694187,0.683205,0.748487,0.766322,0.742468,0.730211,0.823953
3.3716,0.702197,0.798111,0.644483,0.695036,0.684395,0.74823,0.767417,0.742746,0.728958,0.824023
3.3718,0.702413,0.797947,0.644642,0.695254,0.685322,0.747779,0.768066,0.743486,0.727519,0.823535
3.372,0.702964,0.797692,0.644246,0.695091,0.68548,0.747972,0.768655,0.744559,0.725853,0.822866
3.3722,0.703179,0.797409,0.643188,0.694558,0.684688,0.749164,0.769254,0.745348,0.724255,0.822631
3.3724,0.702655,0.797309,0.641879,0.693972,0.683638,0.750272,0.770459,0.745151,0.723113,0.822794
3.3726,0.701962,0.798453,0.640791,0.693748,0.68301,0.750713,0.772032,0.744577,0.722609,0.823091
3.3728,0.700928,0.800942,0.640127,0.693764,0.682777,0.750151,0.772807,0.743985,0.722353,0.823554
3.373,0.700119,0.802338,0.639894,0.693544,0.682491,0.748714,0.772976,0.74367,0.721471,0.823883
3.3732,0.699976,0.801548,0.640097,0.693278,0.682309,0.747259,0.773157,0.744144,0.719823,0.824107
3.3734,0.700545,0.798781,0.640337,0.693213,0.683387,0.747001,0.772805,0.744764,0.718098,0.823945
3.3736,0.701195,0.795469,0.640278,0.692982,0.685415,0.74794,0.771873,0.74562,0.71693,0.823305
3.3738,0.701384,0.793673,0.640119,0.692663,0.68667,0.748945,0.770359,0.746679,0.716408,0.82302
3.374,0.700702,0.794021,0.640127,0.691862,0.686673,0.749205,0.769517,0.747398,0.716263,0.823009
3.3742,0.699553,0.797103,0.640586,0.690716,0.685327,0.748796,0.769179,0.747343,0.716166,0.823763
3.3744,0.698925,0.801228,0.641404,0.689513,0.684039,0.748276,0.769115,0.746784,0.715979,0.825322
3.3746,0.69912,0.803276,0.642252,0.688929,0.683891,0.748043,0.768357,0.746409,0.715694,0.826816
3.3748,0.699864,0.802223,0.642725,0.689681,0.684854,0.747846,0.767201,0.74676,0.71559,0.827778
3.375,0.700964,0.800194,0.642841,0.691,0.686319,0.747949,0.765809,0.74767,0.715771,0.827945
3.3752,0.702187,0.799126,0.643174,0.692507,0.687736,0.748217,0.764395,0.748305,0.715865,0.827552
3.3754,0.703641,0.799817,0.643862,0.693156,0.68808,0.748299,0.763278,0.748458,0.715909,0.827108
3.3756,0.704606,0.801331,0.644522,0.692505,0.687202,0.748246,0.761172,0.748151,0.71603,0.827066
3.3758,0.70396,0.803089,0.644812,0.691403,0.686228,0.747985,0.758051,0.747531,0.716262,0.827576
3.376,0.702077,0.804457,0.644705,0.690616,0.686742,0.747623,0.755498,0.746793,0.716558,0.828784
3.3762,0.700166,0.804739,0.644684,0.690814,0.688516,0.746855,0.753637,0.745678,0.716785,0.830504
3.3764,0.698958,0.804091,0.645834,0.692009,0.690217,0.745936,0.752165,0.744631,0.716863,0.83185
3.3766,0.698595,0.80343,0.647666,0.692906,0.691214,0.74516,0.750654,0.743753,0.716811,0.832715
3.3768,0.698645,0.803799,0.649065,0.693148,0.690985,0.744587,0.749437,0.743551,0.716876,0.833402
3.377,0.698914,0.805318,0.649427,0.693113,0.690455,0.744539,0.749089,0.74387,0.717296,0.833881
3.3772,0.698956,0.807449,0.648721,0.692697,0.690254,0.74504,0.74902,0.743557,0.71807,0.834388
3.3774,0.698449,0.80924,0.647479,0.692399,0.690588,0.745623,0.748452,0.742399,0.719084,0.835128
3.3776,0.697217,0.810025,0.646662,0.692004,0.691638,0.745693,0.747499,0.740609,0.719922,0.836004
3.3778,0.695333,0.810289,0.647472,0.691725,0.692796,0.744831,0.747284,0.738814,0.720098,0.836917
3.378,0.694427,0.810799,0.649195,0.691658,0.693046,0.743698,0.748495,0.737543,0.719803,0.837668
3.3782,0.696232,0.811683,0.650288,0.691443,0.692489,0.743093,0.750749,0.737079,0.719967,0.838344
3.3784,0.698807,0.812697,0.649659,0.690803,0.692088,0.743321,0.752209,0.736875,0.720951,0.839012
3.3786,0.699512,0.813685,0.647552,0.68965,0.692228,0.744057,0.752136,0.735962,0.722639,0.840104
3.3788,0.697612,0.814262,0.645255,0.687936,0.692599,0.744892,0.752429,0.734067,0.723727,0.841
3.379,0.694506,0.81466,0.64485,0.686365,0.692665,0.745057,0.753771,0.731415,0.723512,0.841602
3.3792,0.693127,0.815203,0.647659,0.685315,0.692778,0.744648,0.754848,0.72976,0.722397,0.841479
3.3794,0.695058,0.816012,0.651296,0.684924,0.692855,0.743512,0.754974,0.729799,0.720963,0.840212
3.3796,0.698872,0.81709,0.652728,0.685127,0.693466,0.742545,0.754849,0.730733,0.720373,0.838794
3.3798,0.701446,0.818212,0.651156,0.685552,0.694582,0.742056,0.755631,0.731355,0.720564,0.837962
3.38,0.701182,0.819178,0.64777,0.685605,0.69515,0.7421,0.757166,0.731151,0.721364,0.838289
3.3802,0.699653,0.819846,0.644931,0.684851,0.694663,0.742435,0.758121,0.730434,0.721856,0.83947
3.3804,0.698641,0.820087,0.644187,0.683541,0.693601,0.742609,0.757928,0.729847,0.721706,0.840482
3.3806,0.698559,0.820098,0.645044,0.682564,0.693192,0.742654,0.757826,0.729978,0.720842,0.840608
3.3808,0.699425,0.820215,0.646053,0.682475,0.69343,0.742019,0.759507,0.730636,0.720253,0.839705
3.381,0.700287,0.820361,0.646897,0.683027,0.693849,0.740951,0.762793,0.730956,0.720193,0.838042
3.3812,0.70059,0.820145,0.648091,0.68387,0.694277,0.740253,0.76544,0.731106,0.720024,0.836349
3.3814,0.700592,0.819341,0.648887,0.684654,0.694181,0.740448,0.765976,0.731445,0.719257,0.835333
3.3816,0.701213,0.817956,0.648865,0.685239,0.693518,0.741008,0.765341,0.731693,0.718178,0.835277
3.3818,0.702671,0.816483,0.648067,0.685315,0.693064,0.741806,0.764522,0.731493,0.717362,0.835923
3.382,0.703954,0.815415,0.647008,0.685004,0.693623,0.742562,0.764574,0.730824,0.717023,0.836675
3.3822,0.704283,0.814772,0.646177,0.684812,0.694642,0.742456,0.764905,0.730039,0.7171,0.837104
3.3824,0.703098,0.81445,0.64608,0.684969,0.69475,0.741888,0.764105,0.729578,0.717207,0.837045
3.3826,0.70087,0.813606,0.646558,0.68538,0.69368,0.741728,0.763693,0.729732,0.717056,0.836648
3.3828,0.699473,0.811961,0.647113,0.685958,0.692488,0.741928,0.763511,0.730383,0.716729,0.836257
3.383,0.700045,0.809642,0.647615,0.686718,0.691849,0.742245,0.762265,0.731097,0.716448,0.835915
3.3832,0.701755,0.807762,0.647867,0.687405,0.691716,0.741837,0.759885,0.731482,0.716489,0.835856
3.3834,0.703175,0.807392,0.64763,0.687576,0.691881,0.740723,0.756874,0.731424,0.716926,0.836192
3.3836,0.703451,0.807808,0.64717,0.686894,0.691805,0.739691,0.754998,0.730976,0.717329,0.836459
3.3838,0.702224,0.807353,0.646551,0.685485,0.691041,0.739864,0.754802,0.73043,0.717731,0.83639
3.384,0.70017,0.80531,0.645985,0.683923,0.689939,0.741293,0.756367,0.730235,0.718274,0.835864
3.3842,0.699316,0.80218,0.645618,0.682986,0.689146,0.742417,0.757121,0.730211,0.718522,0.834819
3.3844,0.700315,0.799282,0.645959,0.683274,0.688998,0.741639,0.75454,0.730246,0.718211,0.833799
3.3846,0.701767,0.797657,0.646387,0.683998,0.689266,0.739582,0.749986,0.730301,0.717522,0.833129
3.3848,0.7017,0.797418,0.646767,0.684063,0.689151,0.737681,0.746474,0.729793,0.716833,0.832949
3.385,0.699351,0.797832,0.647215,0.682665,0.688368,0.737655,0.745575,0.728549,0.716589,0.833347
3.3852,0.696104,0.79787,0.647671,0.680256,0.687217,0.739311,0.746372,0.726945,0.716986,0.833851
3.3854,0.693871,0.797135,0.64771,0.678854,0.686822,0.740982,0.746969,0.725983,0.717789,0.833944
3.3856,0.6934,0.795981,0.647684,0.678596,0.68732,0.742048,0.746158,0.725406,0.718477,0.833497
3.3858,0.693918,0.794906,0.647957,0.678592,0.688185,0.74186,0.744613,0.724575,0.718723,0.832397
3.386,0.69411,0.794107,0.648613,0.678157,0.688363,0.740424,0.743689,0.723373,0.718543,0.831053
3.3862,0.692727,0.793606,0.649039,0.676897,0.687329,0.739137,0.744242,0.72183,0.718071,0.830134
3.3864,0.689798,0.793245,0.649204,0.674984,0.685578,0.738668,0.746005,0.720206,0.717585,0.830019
3.3866,0.686437,0.792787,0.64877,0.672786,0.684238,0.738771,0.747878,0.719199,0.717522,0.830064
3.3868,0.684471,0.792255,0.648079,0.671543,0.683594,0.739174,0.748796,0.718541,0.717816,0.829886
3.387,0.684572,0.79162,0.647125,0.67165,0.683315,0.739238,0.749064,0.717806,0.718149,0.828596
3.3872,0.685823,0.790966,0.646472,0.672538,0.683254,0.738924,0.74949,0.716856,0.718067,0.826278
3.3874,0.686234,0.790398,0.646562,0.673434,0.682619,0.739248,0.74962,0.715948,0.717247,0.823868
3.3876,0.6848,0.790004,0.646941,0.673967,0.6813,0.740434,0.749376,0.715197,0.715825,0.822166
3.3878,0.682371,0.78988,0.64765,0.674579,0.679878,0.741427,0.749361,0.714729,0.714661,0.821332
3.388,0.680304,0.790077,0.64794,0.675123,0.679099,0.741251,0.74923,0.714566,0.713889,0.821202
3.3882,0.679374,0.79047,0.647691,0.675254,0.67913,0.740118,0.749248,0.714638,0.713547,0.82056
3.3884,0.679605,0.790872,0.647306,0.675089,0.679467,0.738982,0.749899,0.714899,0.713342,0.819271
3.3886,0.680341,0.79102,0.646779,0.675515,0.680203,0.738606,0.750653,0.715479,0.712785,0.817551
3.3888,0.680676,0.79082,0.646274,0.676225,0.680575,0.739161,0.751193,0.716822,0.71253,0.815707
3.389,0.680505,0.790447,0.646169,0.676733,0.680283,0.740205,0.751893,0.717714,0.71214,0.814557
3.3892,0.680507,0.79024,0.646347,0.676848,0.679384,0.741083,0.753137,0.717886,0.711449,0.814022
3.3894,0.680418,0.790456,0.646499,0.676934,0.678382,0.740996,0.754779,0.717384,0.710351,0.814044
3.3896,0.680029,0.790958,0.647003,0.676874,0.678084,0.739747,0.755839,0.717468,0.708713,0.814396
3.3898,0.679317,0.79151,0.647611,0.676846,0.678667,0.738019,0.756891,0.718472,0.707057,0.814319
3.39,0.678389,0.791339,0.648083,0.676623,0.67908,0.736621,0.756951,0.719916,0.705862,0.813935
3.3902,0.677633,0.789904,0.647937,0.676971,0.678795,0.736561,0.755534,0.721431,0.706364,0.814357
3.3904,0.678149,0.787826,0.647802,0.678563,0.678078,0.737726,0.753351,0.721694,0.708391,0.815522
3.3906,0.679748,0.786361,0.64772,0.68098,0.677725,0.738791,0.751459,0.720229,0.71026,0.81689
3.3908,0.681109,0.78579,0.647946,0.682346,0.677909,0.739198,0.751495,0.718228,0.710748,0.817499
3.391,0.681625,0.785872,0.648104,0.681512,0.678489,0.738974,0.752634,0.71724,0.709802,0.817272
3.3912,0.680709,0.786787,0.647465,0.678865,0.679284,0.738199,0.752813,0.718012,0.708642,0.817241
3.3914,0.67932,0.787536,0.64655,0.676854,0.679792,0.737058,0.750866,0.719966,0.708152,0.818588
3.3916,0.677874,0.78767,0.646223,0.676871,0.679701,0.736003,0.747859,0.721905,0.708372,0.820778
3.3918,0.677636,0.786876,0.646233,0.67891,0.67926,0.735811,0.745798,0.72246,0.709188,0.822851
3.392,0.679667,0.785765,0.645857,0.6816,0.678988,0.736322,0.744729,0.721933,0.709968,0.82378
3.3922,0.682386,0.786713,0.644883,0.682844,0.679146,0.737359,0.743458,0.721747,0.710395,0.82311
3.3924,0.683604,0.789893,0.643969,0.681999,0.679558,0.737831,0.742421,0.72207,0.710425,0.821985
3.3926,0.682865,0.793287,0.644213,0.680879,0.679886,0.737353,0.74084,0.722677,0.710292,0.821494
3.3928,0.681543,0.794791,0.646212,0.681129,0.679903,0.736203,0.738248,0.723577,0.710115,0.822258
3.393,0.680575,0.794298,0.648362,0.682634,0.679914,0.734811,0.7351,0.723895,0.710056,0.824348
3.3932,0.68057,0.793336,0.649315,0.684364,0.679792,0.733754,0.732835,0.723495,0.710253,0.82646
3.3934,0.681904,0.792733,0.648463,0.685029,0.680018,0.733335,0.732455,0.724525,0.71096,0.827935
3.3936,0.68362,0.793096,0.646827,0.684785,0.680417,0.733981,0.732698,0.726821,0.711528,0.828027
3.3938,0.684821,0.794918,0.645771,0.683845,0.680442,0.734967,0.731614,0.729196,0.711691,0.827523
3.394,0.684805,0.797459,0.645833,0.683083,0.680375,0.735744,0.729015,0.729828,0.711563,0.826966
3.3942,0.683667,0.798887,0.646735,0.683058,0.679978,0.735355,0.726484,0.728312,0.71179,0.827182
3.3944,0.682481,0.799676,0.647782,0.683646,0.679763,0.734402,0.725851,0.726611,0.712136,0.828613
3.3946,0.682354,0.800922,0.648095,0.684061,0.679863,0.733603,0.727417,0.726157,0.712085,0.830269
3.3948,0.683949,0.802263,0.647408,0.684011,0.679824,0.733727,0.729683,0.727063,0.711343,0.831844
3.395,0.685908,0.802777,0.646637,0.683282,0.679341,0.734045,0.730688,0.7285,0.710618,0.832535
3.3952,0.68669,0.803009,0.646729,0.682275,0.67847,0.733505,0.729647,0.729087,0.710399,0.832919
3.3954,0.686028,0.803408,0.647472,0.681541,0.677766,0.73207,0.728274,0.728474,0.710932,0.8334
3.3956,0.68427,0.803644,0.648105,0.68169,0.677816,0.730357,0.727896,0.727803,0.712148,0.833804
3.3958,0.682629,0.804266,0.648102,0.682126,0.678696,0.728803,0.72825,0.727642,0.713648,0.834665
3.396,0.682517,0.805966,0.647187,0.682284,0.679878,0.727635,0.728885,0.728343,0.714214,0.835957
3.3962,0.68476,0.807841,0.64589,0.681654,0.680639,0.726995,0.729115,0.729348,0.71353,0.837333
3.3964,0.687666,0.808522,0.645212,0.681034,0.680558,0.726767,0.728593,0.729848,0.712577,0.838232
3.3966,0.689031,0.808089,0.645527,0.681167,0.679881,0.726688,0.728009,0.729476,0.712148,0.838616
3.3968,0.68885,0.807406,0.646209,0.682089,0.679261,0.726621,0.727763,0.728681,0.712579,0.838415
3.397,0.68811,0.806791,0.646447,0.683251,0.679002,0.726569,0.727888,0.728323,0.713401,0.838078
3.3972,0.68775,0.80681,0.645836,0.683472,0.67907,0.726434,0.728622,0.728832,0.713761,0.837885
3.3974,0.687929,0.808121,0.64448,0.682794,0.679818,0.725971,0.730273,0.729873,0.713608,0.838312
3.3976,0.688058,0.809891,0.643598,0.681402,0.680713,0.725375,0.732342,0.730425,0.713427,0.839253
3.3978,0.688056,0.81034,0.645041,0.680488,0.680728,0.725052,0.73353,0.729804,0.713579,0.840308
3.398,0.687689,0.808865,0.647909,0.680403,0.679471,0.725262,0.733393,0.728509,0.71465,0.841395
3.3982,0.687542,0.805861,0.649258,0.680495,0.677846,0.726034,0.733226,0.727504,0.71633,0.842364
3.3984,0.687517,0.802714,0.648048,0.680718,0.676413,0.727034,0.733346,0.727113,0.717398,0.843028
3.3986,0.687838,0.80086,0.645035,0.680966,0.675935,0.727759,0.734056,0.726975,0.717774,0.843267
3.3988,0.688204,0.800723,0.641804,0.681084,0.675938,0.727629,0.734251,0.726459,0.71732,0.84308
3.399,0.688705,0.801668,0.640208,0.680862,0.676444,0.726857,0.733973,0.725347,0.71685,0.842545
3.3992,0.688713,0.802357,0.640798,0.680512,0.676677,0.726119,0.733093,0.723951,0.717442,0.842663
3.3994,0.688355,0.801564,0.642726,0.680412,0.675795,0.726109,0.731703,0.722753,0.718864,0.843038
3.3996,0.68803,0.799207,0.644206,0.680316,0.673534,0.726759,0.730563,0.721465,0.720788,0.843347
3.3998,0.687465,0.796313,0.644268,0.679748,0.670944,0.727833,0.729651,0.720093,0.721968,0.843685
3.4,0.6873,0.79386,0.642885,0.679286,0.66944,0.728867,0.729547,0.718604,0.722214,0.844049
3.4002,0.687113,0.79255,0.641111,0.679004,0.669443,0.72909,0.729117,0.716897,0.721386,0.844408
3.4004,0.686325,0.791894,0.6398,0.678562,0.670135,0.72893,0.729452,0.715208,0.72028,0.84418
3.4006,0.685618,0.791227,0.639281,0.678125,0.67027,0.728776,0.729717,0.713929,0.720066,0.843005
3.4008,0.685434,0.790368,0.63967,0.67779,0.66933,0.728854,0.728269,0.712819,0.720889,0.841641
3.401,0.685813,0.788807,0.640258,0.677973,0.667728,0.72939,0.726205,0.711743,0.722147,0.840567
3.4012,0.686286,0.786751,0.640226,0.678214,0.666068,0.730057,0.725536,0.710649,0.723041,0.840439
3.4014,0.686434,0.784848,0.639327,0.678198,0.66491,0.730238,0.726929,0.709505,0.723062,0.84119
3.4016,0.686065,0.783515,0.638004,0.677397,0.664514,0.729869,0.728872,0.708537,0.722247,0.842012
3.4018,0.68558,0.782878,0.636997,0.676609,0.664715,0.729546,0.728392,0.707769,0.72116,0.841981
3.402,0.685527,0.782715,0.63672,0.676101,0.665057,0.729305,0.725906,0.707137,0.720506,0.840767
3.4022,0.685583,0.782505,0.637053,0.676348,0.665208,0.729764,0.723965,0.706572,0.720647,0.838497
3.4024,0.684869,0.781936,0.637529,0.676597,0.664979,0.730503,0.723466,0.70606,0.721399,0.83621
3.4026,0.683295,0.780903,0.637553,0.676689,0.664444,0.730038,0.724614,0.705698,0.721829,0.835369
3.4028,0.68202,0.779436,0.636895,0.676127,0.66381,0.728729,0.726297,0.705612,0.721935,0.835746
3.403,0.681473,0.77808,0.636249,0.675287,0.663253,0.727527,0.727148,0.705538,0.721901,0.836851
3.4032,0.680843,0.777021,0.636354,0.674199,0.663235,0.726859,0.727496,0.705121,0.721522,0.837505
3.4034,0.680142,0.776176,0.636825,0.672997,0.663719,0.72651,0.728223,0.704727,0.721035,0.836333
3.4036,0.679674,0.775473,0.636975,0.67248,0.664308,0.726065,0.728627,0.704521,0.720316,0.833995
3.4038,0.67924,0.774655,0.636446,0.672586,0.664784,0.725257,0.728503,0.704276,0.719657,0.831498
3.404,0.678997,0.773675,0.635437,0.672851,0.665003,0.724616,0.728724,0.703718,0.719182,0.829737
3.4042,0.678555,0.772846,0.63454,0.67268,0.664867,0.724223,0.728943,0.702852,0.719191,0.829441
3.4044,0.677881,0.772326,0.634325,0.672014,0.664477,0.723883,0.72862,0.70192,0.719156,0.829987
3.4046,0.676894,0.772123,0.634844,0.67158,0.664279,0.723244,0.728212,0.701415,0.718954,0.830398
3.4048,0.676734,0.772161,0.635653,0.67153,0.664681,0.722422,0.728132,0.701657,0.718599,0.829969
3.405,0.677616,0.77227,0.636197,0.671702,0.665587,0.721721,0.72815,0.702373,0.718141,0.828834
3.4052,0.677878,0.772288,0.636107,0.672302,0.666494,0.72142,0.7279,0.70307,0.717281,0.828107
3.4054,0.6768,0.771953,0.635367,0.673028,0.666721,0.721255,0.727555,0.703566,0.716725,0.828013
3.4056,0.67479,0.771476,0.63437,0.67293,0.666038,0.721107,0.727656,0.703723,0.71673,0.82804
3.4058,0.673023,0.77152,0.63364,0.671626,0.664938,0.721104,0.728639,0.703461,0.716701,0.827487
3.406,0.672544,0.773008,0.633571,0.669946,0.664085,0.720957,0.730525,0.703034,0.716431,0.826389
3.4062,0.673657,0.774837,0.634209,0.668845,0.663888,0.72034,0.732357,0.702999,0.715768,0.824872
3.4064,0.675173,0.775113,0.634649,0.668861,0.664393,0.719401,0.732937,0.703355,0.714932,0.823615
3.4066,0.675494,0.773375,0.634177,0.669801,0.664711,0.718556,0.731945,0.703865,0.714509,0.823189
3.4068,0.674513,0.770569,0.633286,0.671225,0.664266,0.718105,0.730311,0.705379,0.715088,0.823912
3.407,0.673209,0.768364,0.632518,0.672245,0.663351,0.718131,0.728935,0.706794,0.715831,0.825485
3.4072,0.672774,0.768552,0.632508,0.672945,0.662719,0.71847,0.728679,0.706809,0.716653,0.827065
3.4074,0.673426,0.771126,0.633095,0.673861,0.662233,0.718735,0.728829,0.705335,0.717536,0.827923
3.4076,0.674508,0.775642,0.633796,0.67463,0.661807,0.718775,0.728715,0.703013,0.717637,0.827721
3.4078,0.675113,0.779029,0.634035,0.674768,0.661307,0.71876,0.728021,0.701696,0.7172,0.826565
3.408,0.675198,0.778467,0.633236,0.674768,0.66125,0.71899,0.727022,0.701627,0.716868,0.825598
3.4082,0.674943,0.775064,0.631988,0.674742,0.662526,0.719446,0.725304,0.702883,0.717488,0.826183
3.4084,0.6747,0.772668,0.630926,0.67486,0.663663,0.719658,0.724474,0.706324,0.718717,0.827521
3.4086,0.674943,0.773126,0.63099,0.675131,0.663402,0.719412,0.726385,0.709784,0.719473,0.828661
3.4088,0.675236,0.775658,0.632223,0.675648,0.661881,0.719108,0.727693,0.710493,0.718961,0.828652
3.409,0.675394,0.778016,0.633768,0.675965,0.660016,0.719214,0.726361,0.708236,0.717405,0.827024
3.4092,0.67534,0.778631,0.635064,0.675672,0.659622,0.719301,0.724394,0.705333,0.716165,0.825007
3.4094,0.674962,0.77754,0.63577,0.674495,0.661141,0.719133,0.722736,0.705758,0.716088,0.824676
3.4096,0.67502,0.775872,0.635926,0.672928,0.663553,0.718071,0.721639,0.709094,0.716761,0.825619
3.4098,0.675931,0.77517,0.636293,0.671399,0.665366,0.716583,0.720673,0.712445,0.717893,0.827102
3.41,0.676807,0.776177,0.636742,0.670245,0.66577,0.715662,0.719262,0.713695,0.718436,0.82707
3.4102,0.676774,0.779179,0.636876,0.669807,0.665143,0.71551,0.717862,0.713088,0.71827,0.825162
3.4104,0.675725,0.782871,0.636575,0.66972,0.664389,0.715598,0.717222,0.712832,0.717439,0.82311
3.4106,0.674441,0.785303,0.635713,0.668996,0.664304,0.714981,0.717516,0.714121,0.71642,0.821874
3.4108,0.67394,0.785868,0.634558,0.6673,0.66525,0.714283,0.718294,0.715625,0.715893,0.822122
3.411,0.674579,0.785392,0.63459,0.665575,0.666514,0.713403,0.718888,0.716268,0.715923,0.823446
3.4112,0.676242,0.785179,0.636197,0.665808,0.667426,0.7121,0.719326,0.716804,0.716685,0.824162
3.4114,0.67781,0.786269,0.638057,0.668431,0.667804,0.710322,0.72002,0.717417,0.717738,0.823674
3.4116,0.678274,0.788471,0.638695,0.670902,0.667981,0.708716,0.720953,0.717598,0.718747,0.822158
3.4118,0.677779,0.790491,0.637753,0.670457,0.668757,0.707648,0.721868,0.717413,0.719302,0.820232
3.412,0.677025,0.791261,0.636111,0.667275,0.67017,0.706923,0.7233,0.717506,0.719921,0.819081
3.4122,0.676864,0.790808,0.635186,0.664829,0.671756,0.706287,0.725352,0.717696,0.720174,0.819066
3.4124,0.677146,0.790149,0.635609,0.66544,0.672418,0.705541,0.726333,0.71771,0.719643,0.819926
3.4126,0.677756,0.790237,0.636782,0.667864,0.671804,0.704556,0.725041,0.717679,0.718324,0.821129
3.4128,0.678254,0.791312,0.63782,0.670132,0.670868,0.703577,0.722875,0.71766,0.717369,0.821907
3.413,0.67831,0.79297,0.637982,0.670488,0.67123,0.702914,0.722467,0.717546,0.717175,0.82193
3.4132,0.677812,0.794451,0.637059,0.669375,0.672968,0.702591,0.724537,0.717381,0.717715,0.821595
3.4134,0.677458,0.795128,0.635781,0.66779,0.67462,0.702528,0.726815,0.717395,0.718433,0.821425
3.4136,0.677055,0.795017,0.63515,0.666373,0.674997,0.702745,0.727008,0.717739,0.718711,0.821713
3.4138,0.677001,0.794657,0.635829,0.666177,0.673998,0.703184,0.725519,0.718395,0.718346,0.822672
3.414,0.676989,0.79437,0.637246,0.667094,0.672594,0.70343,0.72474,0.719117,0.717636,0.824123
3.4142,0.677336,0.794061,0.638405,0.667791,0.671573,0.703343,0.726558,0.719517,0.71692,0.825254
3.4144,0.678257,0.793534,0.638685,0.667669,0.671344,0.703375,0.730264,0.719198,0.716387,0.825932
3.4146,0.67927,0.792623,0.637892,0.666877,0.671966,0.703839,0.732986,0.718336,0.716067,0.825876
3.4148,0.680502,0.791497,0.636274,0.665902,0.672959,0.704544,0.73308,0.717708,0.715804,0.825592
3.415,0.681168,0.790655,0.635137,0.665136,0.673577,0.704981,0.731557,0.717184,0.715578,0.825855
3.4152,0.681063,0.790469,0.63557,0.664846,0.673492,0.705347,0.729883,0.71705,0.715407,0.826597
3.4154,0.68058,0.79022,0.63742,0.665199,0.672651,0.706029,0.728927,0.716894,0.715392,0.827669
3.4156,0.680117,0.78929,0.639446,0.665517,0.671832,0.70693,0.728684,0.716066,0.715473,0.828558
3.4158,0.679339,0.787653,0.639961,0.665563,0.672056,0.707852,0.728489,0.714376,0.715577,0.828884
3.416,0.678832,0.785649,0.638735,0.665591,0.672879,0.708775,0.728274,0.712738,0.715662,0.828747
3.4162,0.678802,0.783599,0.636645,0.665378,0.673591,0.70959,0.727252,0.711544,0.715664,0.828367
3.4164,0.678626,0.782152,0.635386,0.665301,0.673469,0.710004,0.725641,0.710664,0.715591,0.828128
3.4166,0.678375,0.781461,0.635415,0.665587,0.672908,0.710391,0.724174,0.709846,0.715442,0.828242
3.4168,0.677591,0.781464,0.636282,0.665596,0.67247,0.71051,0.722486,0.708589,0.715177,0.828573
3.417,0.676849,0.781035,0.63724,0.664903,0.67173,0.710305,0.721011,0.706631,0.71499,0.828484
3.4172,0.676319,0.77936,0.637466,0.66415,0.670481,0.70982,0.719593,0.70453,0.714941,0.827701
3.4174,0.675575,0.77678,0.63688,0.663913,0.669174,0.709394,0.719215,0.703061,0.715021,0.826336
3.4176,0.675047,0.774223,0.636094,0.664435,0.668264,0.709255,0.71967,0.702258,0.714558,0.824758
3.4178,0.674595,0.772556,0.635617,0.664981,0.667932,0.709238,0.719861,0.701739,0.713446,0.823528
3.418,0.674043,0.771966,0.635624,0.665297,0.668028,0.709599,0.719328,0.701181,0.712002,0.823011
3.4182,0.673423,0.771927,0.635896,0.664906,0.668177,0.709904,0.718331,0.700507,0.710566,0.822607
3.4184,0.672958,0.771761,0.636158,0.664716,0.668165,0.709989,0.717904,0.699833,0.709545,0.822064
3.4186,0.672606,0.771049,0.636305,0.664673,0.667992,0.709434,0.717278,0.699344,0.709349,0.821048
3.4188,0.672335,0.76993,0.63629,0.664972,0.667853,0.708426,0.717137,0.699108,0.709289,0.819223
3.419,0.672143,0.768956,0.636122,0.664951,0.667922,0.707382,0.717328,0.699164,0.708787,0.817332
3.4192,0.671926,0.768393,0.635994,0.664944,0.668215,0.706653,0.718696,0.699527,0.707663,0.815616
3.4194,0.671544,0.768132,0.635771,0.665041,0.668442,0.706318,0.720468,0.700058,0.705987,0.814329
3.4196,0.670786,0.767983,0.635489,0.66489,0.66839,0.705573,0.721387,0.70057,0.704024,0.813799
3.4198,0.669704,0.767848,0.635471,0.664397,0.668633,0.70418,0.721596,0.700742,0.702383,0.813258
3.42,0.669335,0.767686,0.635521,0.66435,0.669327,0.702844,0.721444,0.700684,0.701666,0.812453
3.4202,0.669761,0.767303,0.635625,0.664983,0.670061,0.701914,0.722019,0.700953,0.701803,0.811199
3.4204,0.670183,0.766544,0.63545,0.665892,0.670156,0.701526,0.723417,0.701393,0.702539,0.809543
3.4206,0.669875,0.765505,0.634995,0.666474,0.669422,0.701343,0.723884,0.701414,0.702556,0.80815
3.4208,0.668941,0.764445,0.634092,0.666417,0.668421,0.701265,0.722758,0.700914,0.701914,0.807306
3.421,0.667798,0.763743,0.633285,0.665835,0.66777,0.700831,0.720881,0.70014,0.701249,0.806973
3.4212,0.666855,0.763684,0.63292,0.665548,0.667843,0.700109,0.71949,0.6995,0.700593,0.807006
3.4214,0.666608,0.764125,0.63307,0.665884,0.668532,0.69927,0.719644,0.699422,0.700137,0.806956
3.4216,0.666582,0.764637,0.633584,0.666589,0.669387,0.698645,0.720903,0.699983,0.699934,0.806521
3.4218,0.66645,0.765242,0.634003,0.667185,0.670376,0.698525,0.721635,0.700762,0.699892,0.80581
3.422,0.666472,0.765688,0.633912,0.667683,0.670917,0.69886,0.721112,0.701213,0.700159,0.805137
3.4222,0.666744,0.765802,0.633407,0.668106,0.670449,0.698966,0.720287,0.701263,0.700474,0.804839
3.4224,0.667185,0.765002,0.632868,0.667453,0.669023,0.698783,0.720627,0.701089,0.700668,0.804944
3.4226,0.667102,0.76337,0.632387,0.665661,0.667441,0.698854,0.722465,0.700939,0.701244,0.805167
3.4228,0.66643,0.761765,0.632296,0.664004,0.666203,0.699294,0.72455,0.700997,0.70203,0.805379
3.423,0.665821,0.760725,0.632626,0.663062,0.666348,0.699607,0.725473,0.701161,0.702521,0.805135
3.4232,0.665435,0.760502,0.633471,0.663203,0.667997,0.699381,0.72483,0.701526,0.702195,0.80478
3.4234,0.665142,0.761275,0.634524,0.664848,0.670449,0.698764,0.722927,0.701841,0.701189,0.804844
3.4236,0.664671,0.762168,0.635118,0.668368,0.672053,0.697928,0.720912,0.701112,0.700339,0.805881
3.4238,0.663823,0.762357,0.635194,0.671166,0.671835,0.697427,0.71969,0.699389,0.70039,0.807425
3.424,0.66289,0.761211,0.634675,0.670144,0.670129,0.697658,0.719541,0.697837,0.701423,0.808436
3.4242,0.662375,0.760192,0.634341,0.665219,0.668383,0.69849,0.720053,0.697674,0.702823,0.80874
3.4244,0.662549,0.759966,0.63484,0.659214,0.66774,0.699345,0.721328,0.698613,0.703754,0.808264
3.4246,0.663178,0.760624,0.635986,0.655932,0.668114,0.699723,0.72254,0.699314,0.70392,0.807865
3.4248,0.663831,0.761846,0.637053,0.658464,0.668917,0.69965,0.72204,0.698829,0.70356,0.808052
3.425,0.664188,0.763011,0.637238,0.664019,0.669144,0.699389,0.720395,0.697065,0.703203,0.808834
3.4252,0.664332,0.76338,0.636593,0.667338,0.668356,0.699415,0.721071,0.6957,0.703311,0.809893
3.4254,0.664559,0.762512,0.636058,0.665715,0.667005,0.700018,0.724628,0.69544,0.703972,0.81031
3.4256,0.664995,0.761417,0.636331,0.660349,0.665787,0.700968,0.728675,0.695873,0.704904,0.809866
3.4258,0.664773,0.761183,0.636918,0.65458,0.665954,0.701417,0.729484,0.696407,0.705882,0.809105
3.426,0.663873,0.761947,0.637842,0.65158,0.667389,0.700963,0.727636,0.696337,0.706358,0.809217
3.4262,0.662474,0.763224,0.638712,0.652395,0.66876,0.7001,0.727001,0.695548,0.705573,0.811323
3.4264,0.661579,0.764356,0.6392,0.655307,0.66967,0.699076,0.727899,0.69491,0.704024,0.81402
3.4266,0.662906,0.765053,0.639626,0.657621,0.670222,0.698586,0.73084,0.695437,0.702963,0.815527
3.4268,0.666503,0.766257,0.639958,0.657599,0.669992,0.698419,0.734994,0.697157,0.702473,0.815632
3.427,0.668908,0.76836,0.6402,0.655931,0.669408,0.698992,0.738248,0.699012,0.702584,0.8144
3.4272,0.66805,0.770472,0.640034,0.654022,0.669052,0.699386,0.738285,0.700201,0.702884,0.812684
3.4274,0.66414,0.771955,0.63948,0.652905,0.669262,0.699378,0.736512,0.700698,0.702464,0.811736
3.4276,0.659871,0.772773,0.639433,0.653264,0.669761,0.698574,0.734207,0.701392,0.701611,0.81163
3.4278,0.657631,0.774258,0.640422,0.654807,0.670259,0.696909,0.734499,0.702847,0.702139,0.812786
3.428,0.658279,0.776347,0.641519,0.655773,0.670737,0.69509,0.740268,0.704015,0.70289,0.813917
3.4282,0.661241,0.777824,0.64174,0.655379,0.671335,0.694012,0.745731,0.704262,0.703088,0.814085
3.4284,0.664826,0.777736,0.641176,0.655061,0.671931,0.693605,0.746992,0.703684,0.703438,0.813712
3.4286,0.666736,0.775975,0.640114,0.65561,0.672303,0.693498,0.743463,0.702917,0.703466,0.813165
3.4288,0.665501,0.773964,0.639458,0.656638,0.672833,0.693202,0.738929,0.702779,0.702953,0.813052
3.429,0.662356,0.773482,0.639376,0.657212,0.673805,0.692379,0.737676,0.703757,0.702949,0.813729
3.4292,0.660398,0.774809,0.639541,0.656357,0.674941,0.691203,0.740669,0.705361,0.704267,0.814622
3.4294,0.661705,0.776935,0.639702,0.654164,0.675541,0.690001,0.745764,0.706753,0.706342,0.815452
3.4296,0.665457,0.778472,0.639866,0.652198,0.675394,0.689249,0.749852,0.70703,0.70789,0.816052
3.4298,0.668812,0.778557,0.64015,0.651778,0.674855,0.689254,0.74921,0.706578,0.707896,0.816221
3.43,0.669476,0.77756,0.640112,0.652767,0.674327,0.689847,0.744971,0.706313,0.706697,0.816359
3.4302,0.667349,0.776668,0.639727,0.653977,0.674586,0.690587,0.742918,0.706678,0.705267,0.816605
3.4304,0.664226,0.776868,0.639032,0.654188,0.67519,0.691,0.743439,0.707629,0.704648,0.817057
3.4306,0.662245,0.778055,0.63822,0.653057,0.675936,0.690842,0.744742,0.708648,0.705115,0.817743
3.4308,0.662197,0.77949,0.637529,0.651329,0.676171,0.690443,0.746124,0.708933,0.706182,0.818179
3.431,0.663998,0.780533,0.636997,0.650486,0.675543,0.690471,0.748195,0.708299,0.707023,0.818201
3.4312,0.666133,0.780568,0.636856,0.651177,0.67499,0.691027,0.749301,0.707692,0.707099,0.81789
3.4314,0.667279,0.779757,0.637171,0.652461,0.675066,0.691837,0.748627,0.707751,0.706588,0.817397
3.4316,0.6673,0.778736,0.638049,0.653028,0.675629,0.692678,0.748597,0.707763,0.706542,0.817107
3.4318,0.666005,0.778118,0.638787,0.652371,0.675883,0.693288,0.748536,0.707094,0.70742,0.817287
3.432,0.663792,0.778132,0.638856,0.650906,0.675324,0.693406,0.748934,0.705799,0.708336,0.817842
3.4322,0.662473,0.778566,0.638032,0.649556,0.674104,0.693448,0.749513,0.703981,0.708998,0.818557
3.4324,0.662834,0.778932,0.636571,0.649096,0.672878,0.693877,0.749314,0.702587,0.708661,0.81903
3.4326,0.664316,0.778867,0.63517,0.649503,0.672378,0.694435,0.748915,0.702133,0.707728,0.81907
3.4328,0.666399,0.778409,0.634523,0.650194,0.672808,0.694841,0.750446,0.702415,0.706751,0.818813
3.433,0.667995,0.777826,0.634776,0.650648,0.673585,0.695162,0.751754,0.702178,0.706872,0.818321
3.4332,0.668548,0.77735,0.635451,0.650645,0.67396,0.695325,0.752278,0.701997,0.707567,0.817898
3.4334,0.667353,0.776951,0.635784,0.650177,0.673841,0.695552,0.751379,0.701662,0.708202,0.818016
3.4336,0.665133,0.776463,0.635094,0.649412,0.673003,0.695933,0.749304,0.700674,0.708175,0.818288
3.4338,0.663474,0.776054,0.633678,0.648467,0.671885,0.696381,0.748868,0.698731,0.707707,0.818177
3.434,0.663009,0.775424,0.632324,0.647573,0.67125,0.696762,0.750859,0.696728,0.706957,0.817195
3.4342,0.664274,0.774487,0.631615,0.647224,0.671164,0.696947,0.753262,0.695484,0.706438,0.815389
3.4344,0.667035,0.773399,0.631895,0.647103,0.671141,0.696843,0.752915,0.694813,0.706628,0.813546
3.4346,0.669431,0.771938,0.632677,0.64722,0.671335,0.696581,0.750051,0.694222,0.707207,0.81236
3.4348,0.669517,0.770616,0.633242,0.646885,0.67118,0.696456,0.748067,0.693298,0.70739,0.81215
3.435,0.66741,0.7695,0.633116,0.645555,0.670197,0.696543,0.748841,0.692233,0.706777,0.812482
3.4352,0.664561,0.768617,0.632409,0.643827,0.669205,0.697263,0.750578,0.691308,0.706132,0.813054
3.4354,0.663243,0.767626,0.631529,0.642538,0.668761,0.698084,0.751618,0.690625,0.705703,0.812632
3.4356,0.66386,0.766287,0.630914,0.642355,0.668998,0.698685,0.75282,0.690222,0.705889,0.810794
3.4358,0.666006,0.764905,0.63062,0.642688,0.66948,0.698177,0.753785,0.690137,0.70657,0.807887
3.436,0.667597,0.763491,0.630941,0.642712,0.670288,0.697032,0.754203,0.690282,0.707262,0.804997
3.4362,0.667429,0.762071,0.63148,0.641916,0.670988,0.696841,0.75536,0.690509,0.707188,0.803753
3.4364,0.666154,0.76048,0.632064,0.640084,0.670547,0.69775,0.757652,0.690685,0.706574,0.804066
3.4366,0.664267,0.758872,0.632299,0.637882,0.668998,0.699013,0.759849,0.690728,0.705626,0.805152
3.4368,0.662497,0.757341,0.632018,0.636216,0.667624,0.699633,0.761427,0.690745,0.704857,0.806027
3.437,0.661864,0.755799,0.631298,0.635207,0.667294,0.699294,0.761681,0.690631,0.704792,0.805735
3.4372,0.662244,0.75466,0.630732,0.634812,0.667782,0.698419,0.760093,0.690395,0.705283,0.804656
3.4374,0.662587,0.753853,0.630434,0.634923,0.669023,0.697691,0.75849,0.690374,0.705822,0.803355
3.4376,0.662653,0.753143,0.630774,0.634978,0.670116,0.697756,0.757427,0.690883,0.705646,0.802417
3.4378,0.66272,0.752497,0.631217,0.63476,0.669823,0.698187,0.757042,0.691956,0.704771,0.802516
3.438,0.662518,0.751918,0.6317,0.634256,0.668659,0.698653,0.756947,0.692982,0.704096,0.803155
3.4382,0.661672,0.751438,0.632177,0.633625,0.667305,0.698725,0.756194,0.693397,0.703892,0.803531
3.4384,0.660542,0.75159,0.632258,0.633099,0.666577,0.698893,0.753822,0.693649,0.704389,0.804094
3.4386,0.659737,0.752307,0.632236,0.632844,0.666421,0.698981,0.75,0.6943,0.705372,0.804543
3.4388,0.659219,0.752879,0.63203,0.633063,0.666608,0.699159,0.746255,0.695672,0.705755,0.804596
3.439,0.659247,0.752827,0.631767,0.633564,0.667262,0.698769,0.74361,0.697262,0.705046,0.804238
3.4392,0.659845,0.75283,0.631647,0.633822,0.667679,0.697879,0.741871,0.697985,0.703561,0.803324
3.4394,0.660459,0.75354,0.631451,0.633972,0.667394,0.697401,0.739548,0.697762,0.702007,0.802695
3.4396,0.660215,0.754237,0.631541,0.634411,0.667352,0.697361,0.736782,0.697437,0.701293,0.803075
3.4398,0.659388,0.754483,0.631792,0.634897,0.6677,0.697305,0.73383,0.697359,0.701947,0.804009
3.44,0.658588,0.754223,0.631972,0.634881,0.66829,0.697221,0.730901,0.697367,0.702547,0.805176
3.4402,0.658081,0.753712,0.632278,0.634331,0.668454,0.697195,0.728196,0.697246,0.702267,0.806262
3.4404,0.658333,0.75371,0.633041,0.634301,0.668179,0.697158,0.725731,0.696613,0.700569,0.807028
3.4406,0.660065,0.754333,0.633884,0.635254,0.66736,0.697012,0.723405,0.695483,0.698418,0.807307
3.4408,0.662007,0.755291,0.634344,0.636465,0.666517,0.696806,0.72095,0.694984,0.697223,0.80691
3.441,0.662691,0.756088,0.634355,0.637274,0.667143,0.696723,0.71854,0.695718,0.69714,0.806255
3.4412,0.66165,0.756099,0.633663,0.637925,0.669496,0.696689,0.716685,0.696523,0.697722,0.805855
3.4414,0.660307,0.755423,0.633052,0.638556,0.671998,0.696545,0.715463,0.696822,0.697899,0.806391
3.4416,0.659686,0.754749,0.633061,0.638373,0.672147,0.696815,0.714695,0.696059,0.696986,0.808469
3.4418,0.659806,0.754952,0.633353,0.637739,0.66956,0.697488,0.714339,0.69436,0.694899,0.81127
3.442,0.660795,0.75608,0.633482,0.637493,0.665731,0.698114,0.714397,0.692619,0.692697,0.812484
3.4422,0.662648,0.757694,0.633349,0.637746,0.662744,0.698328,0.714702,0.691895,0.691338,0.811303
3.4424,0.663208,0.759504,0.633077,0.638456,0.662076,0.69845,0.714478,0.692441,0.691534,0.808493
3.4426,0.661804,0.761379,0.632807,0.639812,0.663209,0.698714,0.713507,0.69332,0.693073,0.805961
3.4428,0.659574,0.762649,0.632813,0.640618,0.664433,0.699239,0.713164,0.693476,0.694513,0.805486
3.443,0.657631,0.763416,0.633066,0.639932,0.664388,0.699981,0.715091,0.693246,0.694817,0.808995
3.4432,0.657022,0.763729,0.633437,0.637814,0.663739,0.700804,0.71782,0.693029,0.693856,0.813912
3.4434,0.658554,0.764152,0.633974,0.635409,0.663039,0.701235,0.720044,0.692979,0.692348,0.817075
3.4436,0.661168,0.766084,0.634298,0.63395,0.662463,0.701152,0.720036,0.693189,0.691333,0.817236
3.4438,0.662754,0.76917,0.63467,0.634441,0.662291,0.701401,0.71855,0.693617,0.691282,0.813782
3.444,0.662182,0.771919,0.634983,0.636221,0.662561,0.702398,0.71706,0.694109,0.692139,0.809584
3.4442,0.660101,0.774145,0.635418,0.636959,0.663149,0.703439,0.717186,0.694532,0.693288,0.807377
3.4444,0.658086,0.776156,0.635591,0.635354,0.663577,0.702946,0.719526,0.695331,0.694265,0.807753
3.4446,0.657356,0.77704,0.635087,0.63234,0.663564,0.701589,0.72308,0.696376,0.694627,0.810119
3.4448,0.658133,0.776391,0.634001,0.629949,0.663589,0.700564,0.725983,0.69691,0.694585,0.812049
3.445,0.659913,0.775601,0.633019,0.629849,0.663917,0.700126,0.726503,0.696633,0.694556,0.812241
3.4452,0.661452,0.775655,0.632719,0.631656,0.664339,0.700024,0.724615,0.696497,0.694623,0.811884
3.4454,0.661621,0.776485,0.633223,0.633748,0.664721,0.700118,0.723579,0.697026,0.694922,0.812207
3.4456,0.660114,0.778536,0.634455,0.634791,0.665259,0.700288,0.724509,0.697536,0.695134,0.813128
3.4458,0.657625,0.781499,0.635509,0.634507,0.666068,0.700165,0.726749,0.698124,0.694937,0.814816
3.446,0.656726,0.784012,0.635603,0.633457,0.66676,0.699685,0.727651,0.698527,0.694826,0.815894
3.4462,0.658509,0.78437,0.634673,0.632434,0.666809,0.699472,0.726052,0.698502,0.694843,0.81595
3.4464,0.660591,0.783155,0.633446,0.632234,0.666366,0.699478,0.722906,0.698819,0.694147,0.815949
3.4466,0.661059,0.782063,0.632779,0.633357,0.666026,0.699857,0.721327,0.700439,0.692293,0.816202
3.4468,0.659215,0.782244,0.632895,0.634961,0.665933,0.700281,0.722459,0.702475,0.68999,0.816928
3.447,0.656346,0.783926,0.633431,0.635676,0.666095,0.700201,0.724127,0.703728,0.688266,0.81788
3.4472,0.653694,0.786492,0.633783,0.63559,0.666718,0.700211,0.723623,0.703321,0.687558,0.818156
3.4474,0.652219,0.788241,0.633563,0.63567,0.667585,0.700328,0.721052,0.701807,0.688007,0.817638
3.4476,0.651795,0.788275,0.63312,0.636115,0.667911,0.700837,0.717256,0.701376,0.688754,0.816974
3.4478,0.65189,0.787066,0.632594,0.636632,0.66721,0.701462,0.715118,0.70247,0.688968,0.81677
3.448,0.651694,0.785615,0.632089,0.63738,0.665805,0.701878,0.714945,0.703955,0.688047,0.817427
3.4482,0.650808,0.784766,0.63157,0.637887,0.664428,0.701986,0.715278,0.705607,0.686823,0.818619
3.4484,0.649518,0.784838,0.631218,0.63837,0.663603,0.701883,0.71489,0.706577,0.686018,0.819442
3.4486,0.648267,0.785689,0.630759,0.638825,0.663529,0.702367,0.71298,0.706475,0.685985,0.81939
3.4488,0.647557,0.786811,0.629999,0.639921,0.664234,0.703325,0.710867,0.705589,0.686696,0.818698
3.449,0.647413,0.787283,0.628826,0.641256,0.664439,0.704038,0.709503,0.705245,0.687743,0.817944
3.4492,0.64748,0.78686,0.627776,0.641731,0.66356,0.704267,0.709435,0.705864,0.688522,0.817786
3.4494,0.647357,0.785837,0.627082,0.641376,0.661757,0.704464,0.710377,0.707081,0.688546,0.818412
3.4496,0.646919,0.784718,0.626725,0.640234,0.659437,0.704734,0.711167,0.708242,0.687937,0.819267
3.4498,0.646331,0.783946,0.626215,0.639272,0.65753,0.705247,0.711271,0.708878,0.687457,0.819587
3.45,0.645868,0.784136,0.625775,0.638699,0.656644,0.705707,0.711099,0.708662,0.687627,0.819129
3.4502,0.64573,0.784607,0.625709,0.638995,0.657131,0.705549,0.711596,0.70763,0.68831,0.818069
3.4504,0.645933,0.784404,0.625785,0.639772,0.658532,0.705037,0.713228,0.706446,0.689748,0.816578
3.4506,0.645973,0.783143,0.625664,0.640383,0.660028,0.704538,0.71516,0.705988,0.691411,0.815574
3.4508,0.645552,0.781458,0.62562,0.640152,0.660375,0.704024,0.716343,0.706277,0.692389,0.814663
3.451,0.645388,0.780158,0.625532,0.63943,0.659225,0.703932,0.716853,0.706882,0.692421,0.813566
3.4512,0.645586,0.779251,0.625104,0.638769,0.657647,0.704183,0.716963,0.707159,0.692133,0.812201
3.4514,0.645619,0.778947,0.624305,0.638423,0.656965,0.704694,0.717165,0.706543,0.691896,0.810181
3.4516,0.645125,0.778959,0.623574,0.638404,0.65712,0.704708,0.7178,0.705204,0.691827,0.808307
3.4518,0.644193,0.778952,0.623357,0.63819,0.657923,0.704258,0.718747,0.704204,0.692252,0.807033
3.452,0.643229,0.778183,0.623597,0.637429,0.658445,0.703416,0.719641,0.704048,0.693205,0.806189
3.4522,0.642657,0.776858,0.623936,0.636527,0.657873,0.702735,0.72101,0.703954,0.694091,0.805212
3.4524,0.642666,0.775027,0.623879,0.635869,0.656959,0.702606,0.721561,0.703461,0.694312,0.803763
3.4526,0.643049,0.773536,0.623383,0.635608,0.656147,0.702737,0.721951,0.702284,0.693851,0.801752
3.4528,0.643367,0.773232,0.622991,0.636235,0.655664,0.702664,0.722033,0.701136,0.692942,0.799571
3.453,0.643304,0.774006,0.623202,0.637619,0.65544,0.702397,0.721357,0.700585,0.692144,0.797899
3.4532,0.642769,0.774837,0.623745,0.638493,0.655512,0.701978,0.721463,0.700524,0.692042,0.796734
3.4534,0.641801,0.774394,0.624194,0.638738,0.656062,0.701623,0.722352,0.700343,0.692916,0.795904
3.4536,0.640943,0.772513,0.624206,0.638741,0.656627,0.70175,0.722873,0.699613,0.694033,0.795038
3.4538,0.640794,0.770189,0.623676,0.638774,0.656822,0.70227,0.723029,0.699348,0.693895,0.793791
3.454,0.641294,0.768931,0.62304,0.638689,0.656644,0.702787,0.722408,0.699872,0.692149,0.792424
3.4542,0.641659,0.76909,0.622674,0.638587,0.655927,0.703397,0.721596,0.700744,0.689477,0.79129
3.4544,0.641524,0.769902,0.622988,0.638169,0.655153,0.704031,0.721664,0.701264,0.687414,0.790708
3.4546,0.640275,0.770205,0.623622,0.637866,0.654398,0.704199,0.72233,0.701223,0.68656,0.790818
3.4548,0.638116,0.769431,0.624592,0.637948,0.653954,0.70404,0.72356,0.700773,0.68671,0.791263
3.455,0.635893,0.768171,0.625575,0.63881,0.654618,0.703499,0.725498,0.700445,0.687053,0.791584
3.4552,0.634895,0.767794,0.625913,0.640393,0.65605,0.702704,0.72592,0.700657,0.686543,0.791432
3.4554,0.635478,0.768577,0.625805,0.641201,0.656995,0.701786,0.726238,0.701814,0.684315,0.790885
3.4556,0.636785,0.769451,0.625254,0.641046,0.656848,0.701659,0.726169,0.703552,0.681226,0.790656
3.4558,0.637597,0.769034,0.624648,0.640055,0.655772,0.702465,0.725281,0.704565,0.678721,0.790935
3.456,0.636561,0.767293,0.624196,0.638795,0.654462,0.703513,0.725921,0.704066,0.677919,0.791434
3.4562,0.63415,0.764498,0.624274,0.638661,0.653781,0.70417,0.727014,0.702351,0.678618,0.791807
3.4564,0.631843,0.761916,0.625093,0.639786,0.654425,0.703885,0.726141,0.700619,0.679448,0.791804
3.4566,0.630879,0.761391,0.626481,0.641381,0.656027,0.702964,0.725806,0.700525,0.679284,0.791562
3.4568,0.631114,0.762461,0.627611,0.642711,0.657779,0.702055,0.727356,0.703086,0.678994,0.791578
3.457,0.632123,0.763476,0.627592,0.643266,0.658902,0.701593,0.729623,0.706478,0.679199,0.792133
3.4572,0.63318,0.763309,0.626769,0.642463,0.659135,0.701803,0.730783,0.707031,0.679774,0.793113
3.4574,0.633301,0.761408,0.62562,0.640965,0.658375,0.701948,0.729821,0.704404,0.680771,0.794234
3.4576,0.632442,0.758417,0.625517,0.639736,0.65719,0.702305,0.727806,0.700369,0.681691,0.795188
3.4578,0.631338,0.755973,0.626827,0.639416,0.656118,0.702652,0.7277,0.697161,0.682276,0.795722
3.458,0.630843,0.755173,0.628694,0.640097,0.655844,0.702638,0.729294,0.696495,0.682656,0.795909
3.4582,0.631278,0.756027,0.630072,0.641646,0.656432,0.702148,0.731116,0.699154,0.68342,0.796096
3.4584,0.632693,0.756994,0.630011,0.64335,0.657692,0.701536,0.732222,0.703429,0.683979,0.796741
3.4586,0.634741,0.756907,0.628652,0.643961,0.659025,0.701157,0.732169,0.705473,0.684339,0.79777
3.4588,0.635725,0.755593,0.627463,0.643087,0.659632,0.700798,0.731846,0.703211,0.684718,0.798441
3.459,0.635737,0.755293,0.627323,0.641335,0.659417,0.700756,0.731729,0.698444,0.684701,0.798648
3.4592,0.635418,0.757188,0.628377,0.639879,0.658844,0.701247,0.731759,0.695039,0.684941,0.79829
3.4594,0.635343,0.76007,0.629902,0.639922,0.658255,0.701678,0.73235,0.694581,0.685777,0.797533
3.4596,0.635558,0.762132,0.630096,0.64132,0.658072,0.701868,0.732741,0.696929,0.68681,0.796706
3.4598,0.635922,0.762565,0.62836,0.642994,0.658339,0.701554,0.732548,0.699355,0.687325,0.796391
3.46,0.636636,0.762178,0.625342,0.643786,0.658801,0.700909,0.732059,0.700018,0.68704,0.796739
3.4602,0.637197,0.76248,0.622654,0.643917,0.6592,0.70028,0.733469,0.699006,0.686231,0.798269
3.4604,0.637673,0.763328,0.621419,0.643604,0.659539,0.699956,0.734021,0.697891,0.68552,0.800554
3.4606,0.637745,0.764277,0.621853,0.643635,0.659837,0.699467,0.732593,0.697486,0.685553,0.802594
3.4608,0.638047,0.765453,0.623075,0.643599,0.660087,0.698437,0.732058,0.698111,0.68663,0.80353
3.461,0.638198,0.766001,0.624411,0.644243,0.660801,0.697375,0.733282,0.699768,0.688429,0.803422
3.4612,0.637896,0.765995,0.624763,0.645097,0.661723,0.697286,0.734533,0.701684,0.690338,0.80325
3.4614,0.63776,0.766668,0.624349,0.64528,0.662199,0.697848,0.734288,0.702295,0.69108,0.80356
3.4616,0.638156,0.767832,0.623525,0.645286,0.661538,0.698236,0.732546,0.702432,0.69028,0.804226
3.4618,0.63913,0.768623,0.622504,0.645287,0.660189,0.698417,0.731115,0.702585,0.689345,0.80528
3.462,0.639885,0.768751,0.621545,0.64499,0.658758,0.698543,0.73095,0.70292,0.689062,0.805892
3.4622,0.639946,0.768521,0.620887,0.644411,0.658032,0.698352,0.731371,0.702999,0.68927,0.805746
3.4624,0.640025,0.768319,0.620663,0.644057,0.659141,0.697627,0.732058,0.7023,0.68984,0.80475
3.4626,0.640155,0.769065,0.620771,0.644444,0.661226,0.696791,0.731848,0.701474,0.690162,0.803199
3.4628,0.639566,0.771589,0.620898,0.64524,0.662022,0.69675,0.730702,0.701435,0.689904,0.802239
3.463,0.639261,0.774611,0.620832,0.64573,0.660905,0.69753,0.73027,0.702237,0.689415,0.802153
3.4632,0.639412,0.776149,0.620569,0.645894,0.658025,0.698598,0.730495,0.703264,0.689213,0.802801
3.4634,0.639331,0.775625,0.620275,0.645915,0.654571,0.699727,0.730494,0.703713,0.689579,0.803936
3.4636,0.638952,0.773628,0.620113,0.645461,0.652226,0.70028,0.730985,0.703568,0.690493,0.804545
3.4638,0.638155,0.772021,0.620093,0.644938,0.651709,0.70004,0.73103,0.702924,0.691213,0.803893
3.464,0.637103,0.772274,0.620164,0.64437,0.652461,0.699252,0.731287,0.702043,0.691243,0.802291
3.4642,0.635766,0.774007,0.620319,0.644448,0.653396,0.698543,0.73294,0.702088,0.691008,0.800554
3.4644,0.634885,0.776251,0.620635,0.645005,0.653288,0.698298,0.73411,0.703336,0.690939,0.799702
3.4646,0.634584,0.777611,0.620831,0.645438,0.651953,0.698382,0.733806,0.704639,0.691365,0.800342
3.4648,0.635411,0.77723,0.620662,0.645442,0.650075,0.698447,0.732507,0.704981,0.692467,0.801525
3.465,0.636891,0.775611,0.620147,0.644793,0.648562,0.6981,0.731209,0.703923,0.693506,0.802532
3.4652,0.638316,0.774549,0.619578,0.643699,0.648002,0.697375,0.73149,0.702324,0.693837,0.80302
3.4654,0.639215,0.774665,0.619338,0.643069,0.648352,0.696369,0.73368,0.701364,0.693513,0.802689
3.4656,0.639154,0.77588,0.619611,0.643243,0.649103,0.696068,0.735307,0.701262,0.693021,0.802158
3.4658,0.638471,0.777278,0.620189,0.643833,0.64957,0.695887,0.734413,0.702038,0.692851,0.801934
3.466,0.637815,0.777289,0.620685,0.6447,0.649526,0.695085,0.731941,0.703569,0.693176,0.801816
3.4662,0.637626,0.776055,0.620813,0.645553,0.649182,0.693318,0.730215,0.704653,0.693742,0.802157
3.4664,0.638013,0.774576,0.620392,0.645564,0.648985,0.691119,0.730417,0.704532,0.694113,0.802803
3.4666,0.638723,0.773678,0.619509,0.644781,0.649228,0.689228,0.732197,0.704064,0.694004,0.803013
3.4668,0.639216,0.773551,0.618743,0.643527,0.649592,0.688434,0.734133,0.703393,0.694306,0.802801
3.467,0.639088,0.773972,0.618501,0.642193,0.650029,0.688297,0.735177,0.702801,0.695289,0.802249
3.4672,0.639307,0.77402,0.618804,0.641405,0.650769,0.687825,0.735318,0.70257,0.696236,0.801412
3.4674,0.639851,0.773,0.618959,0.641828,0.651494,0.686469,0.735016,0.702529,0.696131,0.801029
3.4676,0.640199,0.771478,0.618437,0.642801,0.651895,0.68458,0.7344,0.702657,0.695106,0.800715
3.4678,0.639845,0.770594,0.617212,0.643558,0.651724,0.682898,0.733803,0.702691,0.693705,0.800656
3.468,0.638909,0.770896,0.61598,0.643619,0.651024,0.681878,0.733225,0.702351,0.69305,0.800561
3.4682,0.638099,0.771297,0.615573,0.642883,0.650231,0.681594,0.732137,0.702332,0.693447,0.8003
3.4684,0.637776,0.771354,0.616315,0.641934,0.649963,0.68177,0.731062,0.702483,0.694106,0.800103
3.4686,0.638014,0.7711,0.617528,0.641793,0.65048,0.681926,0.729951,0.702721,0.69436,0.799318
3.4688,0.638383,0.77007,0.618023,0.642147,0.651423,0.681762,0.72935,0.702888,0.69401,0.79847
3.469,0.63849,0.768446,0.617121,0.642728,0.652185,0.681394,0.727625,0.703074,0.692656,0.797572
3.4692,0.637831,0.767615,0.615346,0.642835,0.65227,0.681188,0.724587,0.703328,0.690552,0.796868
3.4694,0.637246,0.767643,0.613597,0.642895,0.651469,0.681417,0.722234,0.70345,0.688464,0.796662
3.4696,0.637099,0.767675,0.612702,0.642882,0.650408,0.681799,0.720415,0.70323,0.687024,0.796899
3.4698,0.636889,0.766792,0.612785,0.642414,0.649934,0.682164,0.719112,0.703006,0.686281,0.797033
3.47,0.63699,0.764982,0.613425,0.641413,0.650307,0.682553,0.718188,0.703409,0.685995,0.797338
3.4702,0.637568,0.76298,0.613878,0.6405,0.650796,0.682676,0.716676,0.704073,0.685358,0.797407
3.4704,0.637977,0.76162,0.613537,0.64041,0.651042,0.682441,0.713628,0.704425,0.684015,0.797364
3.4706,0.638274,0.761224,0.612609,0.641051,0.651077,0.682146,0.710424,0.704972,0.682719,0.797533
3.4708,0.638217,0.761622,0.611799,0.641722,0.650249,0.682015,0.707797,0.705404,0.682077,0.79746
3.471,0.638067,0.761864,0.611599,0.641745,0.648618,0.682104,0.707786,0.705572,0.682356,0.797322
3.4712,0.63801,0.761074,0.61205,0.641179,0.646916,0.682368,0.710036,0.705163,0.683211,0.797346
3.4714,0.638733,0.758927,0.612833,0.640556,0.646137,0.682777,0.71139,0.704749,0.683799,0.797197
3.4716,0.639585,0.756707,0.613502,0.640284,0.646176,0.683146,0.709978,0.704553,0.683672,0.797128
3.4718,0.639636,0.755223,0.613703,0.64083,0.645783,0.683424,0.706904,0.704752,0.683054,0.797202
3.472,0.63845,0.755326,0.613383,0.641535,0.645019,0.683838,0.704252,0.704754,0.682522,0.797093
3.4722,0.636679,0.756768,0.612952,0.64137,0.644043,0.684388,0.703966,0.704331,0.68221,0.796613
3.4724,0.635248,0.757949,0.612999,0.640501,0.643088,0.684794,0.706257,0.703709,0.682498,0.795561
3.4726,0.634831,0.757255,0.613616,0.639706,0.642187,0.684844,0.708924,0.702878,0.683038,0.794993
3.4728,0.635219,0.754365,0.614405,0.639417,0.641357,0.684673,0.709795,0.701887,0.683205,0.795782
3.473,0.635568,0.750208,0.614908,0.639521,0.640942,0.684332,0.709059,0.70148,0.682898,0.796934
3.4732,0.635207,0.747059,0.615199,0.639742,0.641117,0.683857,0.708012,0.701649,0.682784,0.797553
3.4734,0.634444,0.746167,0.615281,0.639981,0.641521,0.683869,0.707427,0.702103,0.682959,0.796618
3.4736,0.633918,0.747492,0.616027,0.640346,0.641702,0.684147,0.707645,0.701784,0.684134,0.795091
3.4738,0.633976,0.749283,0.617686,0.640886,0.64158,0.684225,0.709723,0.700464,0.685661,0.793938
3.474,0.633884,0.750217,0.619054,0.641445,0.641411,0.683756,0.71354,0.698407,0.687194,0.793098
3.4742,0.633096,0.751069,0.61957,0.641836,0.641582,0.683028,0.716605,0.696929,0.688141,0.79321
3.4744,0.631757,0.75195,0.619289,0.642148,0.642258,0.682193,0.71749,0.696116,0.688104,0.793641
3.4746,0.630227,0.751671,0.6185,0.642498,0.64372,0.682008,0.717859,0.695669,0.687327,0.793726
3.4748,0.629426,0.750078,0.618101,0.643133,0.645466,0.683078,0.717823,0.695406,0.687077,0.794626
3.475,0.629505,0.747665,0.618592,0.644134,0.646259,0.683832,0.718394,0.696708,0.68813,0.795384
3.4752,0.631164,0.745856,0.619655,0.644503,0.646004,0.683445,0.719296,0.699062,0.690247,0.795595
3.4754,0.634525,0.745597,0.621298,0.64387,0.645295,0.682404,0.721323,0.699816,0.692484,0.79525
3.4756,0.637234,0.746426,0.622946,0.642525,0.645409,0.681068,0.724587,0.697937,0.693486,0.793985
3.4758,0.637791,0.747816,0.623651,0.640786,0.646692,0.679816,0.728273,0.694703,0.693517,0.793012
3.476,0.636589,0.748688,0.623084,0.63936,0.648302,0.678946,0.729561,0.692377,0.693029,0.793088
3.4762,0.634863,0.74838,0.621845,0.638858,0.649478,0.678531,0.728246,0.693192,0.692158,0.793757
3.4764,0.634148,0.747315,0.621043,0.640195,0.65007,0.678398,0.726555,0.695973,0.691507,0.795038
3.4766,0.634764,0.746307,0.621349,0.642604,0.650354,0.678325,0.727295,0.697939,0.691372,0.796146
3.4768,0.6355,0.746164,0.622674,0.643237,0.650641,0.678057,0.73092,0.697234,0.691563,0.796623
3.477,0.634894,0.747824,0.624323,0.641501,0.651043,0.67763,0.735117,0.694899,0.69187,0.79677
3.4772,0.633014,0.75037,0.625393,0.63826,0.651581,0.677401,0.736466,0.693175,0.692098,0.796621
3.4774,0.630707,0.752119,0.625361,0.634746,0.651948,0.677566,0.734456,0.692911,0.692004,0.796429
3.4776,0.628966,0.752379,0.624487,0.63226,0.652286,0.678137,0.73184,0.694487,0.691756,0.796703
3.4778,0.628643,0.752025,0.623325,0.631232,0.653148,0.678738,0.732916,0.697336,0.692384,0.797468
3.478,0.630298,0.752231,0.622621,0.631912,0.654132,0.678722,0.735982,0.698666,0.693592,0.798534
3.4782,0.633895,0.753288,0.622743,0.633359,0.654785,0.678518,0.737182,0.697845,0.694511,0.799578
3.4784,0.636627,0.755023,0.623105,0.634672,0.654809,0.678702,0.736497,0.696884,0.694663,0.800565
3.4786,0.636188,0.756901,0.623311,0.635521,0.654451,0.679383,0.734868,0.6968,0.694018,0.801377
3.4788,0.633002,0.757879,0.622782,0.635312,0.653964,0.680062,0.733897,0.697322,0.693492,0.801893
3.479,0.629769,0.757667,0.622068,0.634627,0.653886,0.680319,0.735201,0.699114,0.693774,0.802458
3.4792,0.628141,0.757325,0.621835,0.63397,0.654556,0.680393,0.737706,0.700527,0.694948,0.802957
3.4794,0.62863,0.757788,0.621821,0.632729,0.655799,0.680237,0.739089,0.700224,0.696336,0.803916
3.4796,0.63052,0.758886,0.62144,0.631346,0.657361,0.680009,0.739236,0.699619,0.697053,0.805318
3.4798,0.632086,0.760138,0.620647,0.630671,0.658243,0.680033,0.738234,0.700069,0.69672,0.806609
3.48,0.632203,0.761228,0.619734,0.629922,0.658087,0.680553,0.738501,0.700741,0.695683,0.80723
3.4802,0.631389,0.761688,0.619202,0.628509,0.657125,0.681422,0.739692,0.701317,0.694633,0.807257
3.4804,0.630714,0.761403,0.618991,0.627391,0.656216,0.68221,0.740715,0.701236,0.694486,0.807124
3.4806,0.630693,0.76122,0.618804,0.626913,0.656001,0.682399,0.74172,0.700128,0.695341,0.807156
3.4808,0.631592,0.761797,0.618438,0.62678,0.656878,0.681695,0.741201,0.699186,0.69639,0.807763
3.481,0.63284,0.762474,0.617767,0.62644,0.658159,0.680761,0.739558,0.699614,0.69708,0.808551
3.4812,0.633295,0.76234,0.617013,0.625437,0.659026,0.680456,0.739726,0.701224,0.696939,0.809258
3.4814,0.633293,0.76106,0.616616,0.623605,0.659397,0.680612,0.740336,0.702503,0.696062,0.809874
3.4816,0.634196,0.758948,0.616472,0.621787,0.659261,0.680766,0.739821,0.702322,0.69564,0.810414
3.4818,0.635875,0.757283,0.616783,0.62117,0.658836,0.680245,0.73957,0.700691,0.696086,0.810892
3.482,0.636994,0.756845,0.617508,0.621799,0.659066,0.67919,0.739666,0.698626,0.697189,0.811136
3.4822,0.636916,0.757513,0.61804,0.622673,0.6602,0.678009,0.739245,0.698117,0.697872,0.811247
3.4824,0.636003,0.758377,0.617829,0.622734,0.661761,0.677415,0.737964,0.699946,0.697923,0.811161
3.4826,0.635168,0.758477,0.616956,0.621743,0.66238,0.676891,0.737975,0.702548,0.697789,0.811175
3.4828,0.635417,0.756828,0.615956,0.620353,0.661704,0.676605,0.739367,0.70335,0.697962,0.811031
3.483,0.636796,0.753864,0.615512,0.619563,0.660412,0.676209,0.742302,0.701468,0.69811,0.811181
3.4832,0.638636,0.75089,0.615682,0.61981,0.659401,0.675738,0.743702,0.698127,0.698219,0.811869
3.4834,0.639871,0.749053,0.616446,0.620682,0.659039,0.674635,0.742408,0.695799,0.69831,0.812361
3.4836,0.639851,0.748755,0.617263,0.621259,0.659116,0.6728,0.740727,0.69603,0.697745,0.812447
3.4838,0.638693,0.748982,0.617991,0.620867,0.659616,0.670981,0.740565,0.698038,0.696701,0.812089
3.484,0.637066,0.748462,0.618066,0.61999,0.660212,0.669891,0.742473,0.699856,0.696071,0.811061
3.4842,0.636066,0.746776,0.617669,0.619482,0.660531,0.669581,0.74432,0.700009,0.696118,0.810277
3.4844,0.636466,0.744209,0.617113,0.619769,0.660519,0.669419,0.74405,0.698521,0.696614,0.810162
3.4846,0.638113,0.741754,0.616543,0.620655,0.660228,0.668964,0.742809,0.696613,0.697367,0.810392
3.4848,0.63939,0.740385,0.61614,0.621733,0.659637,0.668271,0.742998,0.69554,0.697827,0.810867
3.485,0.639145,0.740177,0.61615,0.622181,0.659221,0.667588,0.743937,0.696039,0.697632,0.810757
3.4852,0.637071,0.740574,0.616532,0.622214,0.659095,0.66714,0.744629,0.697174,0.696853,0.810228
3.4854,0.634937,0.740822,0.617289,0.622037,0.659121,0.666976,0.744192,0.698287,0.695947,0.809489
3.4856,0.633841,0.740382,0.618409,0.622116,0.659281,0.667105,0.741945,0.69896,0.695143,0.809029
3.4858,0.633849,0.739326,0.619187,0.622588,0.659262,0.667491,0.741255,0.699041,0.694868,0.809234
3.486,0.634295,0.738153,0.618999,0.623053,0.658846,0.667917,0.743192,0.698203,0.694969,0.809643
3.4862,0.633953,0.737278,0.617929,0.623086,0.658365,0.668081,0.743597,0.69672,0.695127,0.809675
3.4864,0.633172,0.737126,0.61665,0.6226,0.657758,0.6681,0.74206,0.695921,0.694962,0.809217
3.4866,0.631864,0.73761,0.615991,0.621871,0.65696,0.668469,0.739715,0.69586,0.694041,0.808425
3.4868,0.63077,0.738133,0.616299,0.621372,0.656213,0.66942,0.737084,0.696124,0.692735,0.807585
3.487,0.630176,0.737761,0.617212,0.621308,0.655734,0.670549,0.736609,0.696483,0.691713,0.806894
3.4872,0.629745,0.736394,0.61831,0.62146,0.655736,0.670946,0.738451,0.696263,0.691314,0.806931
3.4874,0.629285,0.734608,0.618772,0.620973,0.656113,0.670237,0.739725,0.695337,0.691711,0.807326
3.4876,0.628567,0.733247,0.618694,0.619974,0.656099,0.669078,0.739512,0.694427,0.692124,0.80729
3.4878,0.627522,0.732944,0.618468,0.618667,0.655419,0.668474,0.738063,0.694192,0.692239,0.807193
3.488,0.62647,0.733463,0.618483,0.618308,0.65413,0.668989,0.736771,0.694549,0.691644,0.806569
3.4882,0.625853,0.734217,0.619115,0.618575,0.653189,0.670375,0.735951,0.695394,0.691007,0.805667
3.4884,0.625851,0.734685,0.619862,0.618645,0.652995,0.671786,0.736543,0.695767,0.690717,0.805006
3.4886,0.626223,0.734351,0.620453,0.617908,0.653791,0.672576,0.736275,0.69519,0.690544,0.804433
3.4888,0.626533,0.733322,0.620924,0.616757,0.654522,0.672506,0.734414,0.693901,0.69027,0.804327
3.489,0.626563,0.732103,0.621074,0.615486,0.654213,0.671932,0.731227,0.692578,0.690002,0.804356
3.4892,0.626775,0.731128,0.620752,0.615051,0.653125,0.671624,0.727941,0.69146,0.689891,0.803701
3.4894,0.627291,0.730872,0.620151,0.61538,0.651567,0.671871,0.725624,0.691266,0.689693,0.803758
3.4896,0.627592,0.732481,0.620018,0.615454,0.650242,0.672393,0.724487,0.691497,0.689098,0.803694
3.4898,0.627148,0.735235,0.620414,0.614948,0.650162,0.672872,0.723252,0.691489,0.688276,0.802843
3.49,0.625964,0.73647,0.621016,0.614235,0.651447,0.672768,0.720939,0.691806,0.687563,0.801189
3.4902,0.624437,0.735014,0.621562,0.614794,0.653141,0.672036,0.718112,0.692138,0.687105,0.79873
3.4904,0.623568,0.731859,0.621989,0.616191,0.654046,0.671,0.715428,0.692151,0.687235,0.796973
3.4906,0.624479,0.729163,0.622299,0.617035,0.654355,0.670455,0.713492,0.691697,0.687954,0.796367
3.4908,0.627565,0.728407,0.622596,0.617005,0.654138,0.670521,0.71237,0.691023,0.688613,0.796316
3.491,0.629883,0.731252,0.62321,0.617131,0.654118,0.670723,0.711842,0.690776,0.688688,0.79626
3.4912,0.629598,0.735673,0.624018,0.61762,0.65485,0.670715,0.711394,0.691197,0.688248,0.795568
3.4914,0.626906,0.73793,0.624569,0.617977,0.656183,0.670374,0.710696,0.691931,0.687637,0.794784
3.4916,0.62337,0.737035,0.6247,0.618373,0.657129,0.669274,0.710007,0.692479,0.687171,0.795392
3.4918,0.622418,0.73552,0.624534,0.618923,0.657364,0.667739,0.709862,0.692438,0.687215,0.796686
3.492,0.626115,0.734844,0.62456,0.619064,0.657396,0.666677,0.710891,0.691578,0.687887,0.797913
3.4922,0.631543,0.735227,0.624831,0.619683,0.657373,0.666481,0.713168,0.690441,0.68883,0.798357
3.4924,0.634306,0.736352,0.625335,0.62137,0.6575,0.666759,0.714465,0.690103,0.689274,0.797755
3.4926,0.63315,0.737233,0.625859,0.623088,0.657759,0.666936,0.713985,0.690551,0.688618,0.797502
3.4928,0.630079,0.737001,0.626178,0.623954,0.658261,0.666685,0.713725,0.691639,0.688565,0.798314
3.493,0.627252,0.736062,0.626284,0.623521,0.659133,0.666073,0.714496,0.692557,0.68921,0.799442
3.4932,0.62682,0.735678,0.626156,0.622778,0.660053,0.66543,0.715268,0.692448,0.689396,0.800628
3.4934,0.629053,0.736217,0.62558,0.622884,0.660623,0.664996,0.715241,0.691491,0.689039,0.801398
3.4936,0.632149,0.737529,0.625301,0.624185,0.660502,0.664999,0.714269,0.690301,0.687669,0.801721
3.4938,0.63353,0.739163,0.625646,0.626168,0.660244,0.665492,0.713099,0.690149,0.6859,0.801983
3.494,0.633487,0.740321,0.626521,0.627743,0.66012,0.666205,0.712775,0.690786,0.684717,0.802143
3.4942,0.633763,0.740521,0.62758,0.627833,0.660441,0.666909,0.713616,0.691641,0.684294,0.80237
3.4944,0.634934,0.740993,0.62851,0.626817,0.661315,0.667306,0.715342,0.691373,0.684137,0.802702
3.4946,0.636677,0.74306,0.628555,0.625733,0.662064,0.667246,0.717327,0.690669,0.683746,0.802789
3.4948,0.636973,0.745685,0.627554,0.62508,0.662181,0.667204,0.719179,0.690734,0.682562,0.802777
3.495,0.635328,0.747278,0.626065,0.625515,0.661795,0.6675,0.720202,0.691635,0.680778,0.80271
3.4952,0.633205,0.747193,0.624693,0.626301,0.661177,0.668068,0.720003,0.692544,0.67922,0.802176
3.4954,0.632525,0.746269,0.624173,0.626796,0.661106,0.66869,0.719624,0.692418,0.678318,0.801794
3.4956,0.633582,0.745406,0.624207,0.626965,0.661311,0.669168,0.720084,0.69126,0.677977,0.802241
3.4958,0.635384,0.745796,0.624619,0.627104,0.661747,0.669265,0.721533,0.690007,0.678088,0.803478
3.496,0.636782,0.747805,0.624779,0.627416,0.662392,0.669109,0.722136,0.689813,0.679501,0.804913
3.4962,0.637269,0.750377,0.624501,0.627748,0.663076,0.669073,0.721146,0.690157,0.681644,0.80562
3.4964,0.637191,0.752039,0.624019,0.627903,0.663133,0.66944,0.718837,0.690711,0.682624,0.80527
3.4966,0.637187,0.751983,0.623879,0.628035,0.662911,0.670223,0.71772,0.690857,0.682284,0.804694
3.4968,0.637253,0.750715,0.624148,0.628743,0.662704,0.671192,0.717475,0.690181,0.681386,0.804537
3.497,0.637934,0.749594,0.624477,0.629743,0.662229,0.672001,0.717856,0.688933,0.680762,0.805199
3.4972,0.63922,0.74967,0.624386,0.629979,0.662183,0.672359,0.716964,0.687346,0.681489,0.806666
3.4974,0.639841,0.751491,0.623761,0.62937,0.662515,0.672263,0.714471,0.686993,0.682943,0.807897
3.4976,0.638872,0.753791,0.623137,0.628842,0.662924,0.672018,0.711232,0.687833,0.684312,0.808069
3.4978,0.638033,0.755048,0.622894,0.629039,0.662916,0.67193,0.709778,0.688635,0.684869,0.807611
3.498,0.638192,0.754444,0.62285,0.630319,0.662176,0.672288,0.70896,0.688606,0.684644,0.807149
3.4982,0.639108,0.752511,0.622984,0.63181,0.661557,0.67259,0.706731,0.687711,0.684674,0.807074
3.4984,0.640077,0.750698,0.623133,0.632993,0.661596,0.672989,0.703986,0.686424,0.685132,0.807989
3.4986,0.640224,0.750386,0.623083,0.633644,0.662404,0.673017,0.70238,0.685513,0.685377,0.808968
3.4988,0.63965,0.75156,0.622766,0.633706,0.663357,0.672147,0.70182,0.685442,0.685025,0.81005
3.499,0.639281,0.753569,0.622306,0.63357,0.663817,0.670937,0.700992,0.686327,0.684451,0.810949
3.4992,0.639702,0.754872,0.621894,0.633705,0.663542,0.669782,0.698732,0.687306,0.68432,0.811042
3.4994,0.641127,0.754362,0.621614,0.633822,0.662786,0.669592,0.696054,0.68771,0.685046,0.810518
3.4996,0.641893,0.752947,0.621368,0.633388,0.662024,0.669634,0.694536,0.686995,0.68674,0.809676
3.4998,0.641247,0.752139,0.621431,0.632373,0.661606,0.669334,0.694384,0.685854,0.688754,0.808707
3.5,0.639883,0.752445,0.621488,0.630879,0.661433,0.668396,0.694991,0.684897,0.689921,0.808114
3.5002,0.638589,0.752873,0.621444,0.630384,0.661709,0.666978,0.695537,0.684605,0.689639,0.808064
3.5004,0.638346,0.753048,0.621728,0.631261,0.662163,0.665125,0.6956,0.685336,0.687946,0.808062
3.5006,0.638823,0.752854,0.621747,0.632438,0.662459,0.663811,0.695564,0.686314,0.685843,0.807834
3.5008,0.639387,0.752108,0.621739,0.632868,0.662169,0.663473,0.695358,0.68676,0.684652,0.806693
3.501,0.639556,0.751011,0.621509,0.631905,0.661418,0.663584,0.695108,0.6863,0.684969,0.804768
3.5012,0.638835,0.750107,0.621131,0.630024,0.660572,0.66361,0.695286,0.6852,0.686458,0.803003
3.5014,0.637508,0.750014,0.621156,0.628494,0.65995,0.663167,0.695323,0.684074,0.687199,0.801788
3.5016,0.636507,0.750402,0.62185,0.627986,0.659641,0.662311,0.694816,0.68397,0.685962,0.801079
3.5018,0.636746,0.751076,0.622542,0.628876,0.660186,0.661456,0.694153,0.685612,0.682955,0.800699
3.502,0.638011,0.751441,0.622605,0.630544,0.660904,0.661048,0.693733,0.687838,0.679495,0.800126
3.5022,0.639202,0.750894,0.621808,0.63162,0.660619,0.661283,0.693744,0.689053,0.677609,0.799166
3.5024,0.639733,0.749454,0.620751,0.631642,0.659982,0.662112,0.693921,0.6887,0.678185,0.797533
3.5026,0.639192,0.747944,0.619955,0.630859,0.659381,0.663195,0.693944,0.687076,0.679792,0.795383
3.5028,0.637728,0.746869,0.619688,0.629583,0.65852,0.663849,0.693853,0.685351,0.680391,0.793168
3.503,0.636229,0.746528,0.620387,0.628413,0.657795,0.663791,0.69428,0.685661,0.67923,0.791529
3.5032,0.63544,0.746866,0.621465,0.628686,0.657269,0.663611,0.695774,0.687738,0.676461,0.79045
3.5034,0.635563,0.74721,0.622173,0.629957,0.656527,0.663668,0.697651,0.68954,0.67415,0.789723
3.5036,0.636157,0.747101,0.622018,0.630829,0.655693,0.66392,0.698469,0.690254,0.673508,0.789097
3.5038,0.636531,0.746353,0.621358,0.630414,0.655101,0.664339,0.697956,0.689957,0.674139,0.788042
3.504,0.636316,0.74531,0.620688,0.62887,0.654773,0.664657,0.696941,0.68916,0.674766,0.786622
3.5042,0.63601,0.744824,0.620279,0.627219,0.65443,0.664636,0.695996,0.688377,0.674526,0.785302
3.5044,0.635601,0.745247,0.620736,0.626548,0.653777,0.664558,0.695405,0.688139,0.673468,0.784247
3.5046,0.635678,0.745952,0.621813,0.627175,0.65283,0.664877,0.694763,0.688577,0.67216,0.783789
3.5048,0.635953,0.74611,0.62293,0.628436,0.651906,0.665676,0.694059,0.689259,0.671237,0.783887
3.505,0.636573,0.745547,0.623432,0.629273,0.651342,0.666687,0.693615,0.68961,0.671173,0.784023
3.5052,0.637076,0.74463,0.622854,0.629036,0.651176,0.667615,0.692841,0.689436,0.671871,0.783849
3.5054,0.637004,0.743933,0.621882,0.62795,0.651298,0.668153,0.690649,0.68925,0.672932,0.783354
3.5056,0.636367,0.743524,0.621521,0.62666,0.651932,0.668094,0.687077,0.689242,0.6739,0.782986
3.5058,0.635702,0.743016,0.621924,0.625733,0.652468,0.667834,0.683651,0.689611,0.674319,0.782966
3.506,0.635381,0.742232,0.622574,0.625757,0.652339,0.667856,0.682349,0.690001,0.674345,0.78291
3.5062,0.635303,0.741348,0.623081,0.626546,0.651743,0.668495,0.682741,0.689771,0.674003,0.78255
3.5064,0.635012,0.740987,0.62351,0.627186,0.651136,0.669176,0.682345,0.689255,0.673639,0.781859
3.5066,0.63428,0.741495,0.623731,0.626829,0.650944,0.669409,0.679882,0.688413,0.673421,0.781061
3.5068,0.63285,0.742657,0.624367,0.62566,0.651475,0.66902,0.677323,0.687677,0.673612,0.780662
3.507,0.631518,0.743694,0.625511,0.625139,0.65268,0.667879,0.676421,0.686995,0.674049,0.780962
3.5072,0.631521,0.743989,0.626489,0.625549,0.654013,0.666961,0.677769,0.686327,0.675298,0.781753
3.5074,0.632473,0.743562,0.626894,0.62623,0.654713,0.666838,0.679109,0.685689,0.676688,0.782701
3.5076,0.633011,0.742892,0.62671,0.627024,0.654456,0.667581,0.67951,0.68488,0.677549,0.783396
3.5078,0.632248,0.74268,0.626397,0.627891,0.653828,0.668442,0.679672,0.68364,0.677681,0.7836
3.508,0.630562,0.74341,0.626248,0.62818,0.653709,0.668416,0.680904,0.682324,0.677335,0.783839
3.5082,0.628531,0.744852,0.626585,0.627643,0.65459,0.667179,0.684043,0.68073,0.677683,0.785009
3.5084,0.627719,0.745962,0.627292,0.62653,0.655922,0.66544,0.686013,0.678932,0.67897,0.786606
3.5086,0.629826,0.74592,0.62834,0.62564,0.656584,0.664283,0.687295,0.677307,0.680339,0.788142
3.5088,0.633397,0.745061,0.629189,0.625541,0.656525,0.664129,0.689683,0.676478,0.680832,0.788365
3.509,0.635517,0.74481,0.629323,0.626084,0.656292,0.664493,0.692008,0.676254,0.680501,0.787511
3.5092,0.634901,0.746663,0.628788,0.626651,0.656312,0.664689,0.692729,0.675984,0.680025,0.786646
3.5094,0.632722,0.749008,0.628021,0.626453,0.656962,0.664348,0.692395,0.675069,0.680496,0.785588
3.5096,0.63151,0.750008,0.627679,0.625691,0.658489,0.663604,0.692785,0.673398,0.681708,0.785322
3.5098,0.632345,0.748877,0.628206,0.624503,0.660156,0.662841,0.69396,0.671711,0.683385,0.785943
3.51,0.634335,0.746033,0.628917,0.623057,0.660633,0.662457,0.695414,0.670818,0.684535,0.786743
3.5102,0.636663,0.743432,0.629535,0.621681,0.659792,0.66278,0.696667,0.670909,0.684824,0.787217
3.5104,0.637586,0.743782,0.629812,0.62086,0.658552,0.663715,0.696507,0.671514,0.684368,0.787337
3.5106,0.637043,0.747279,0.629711,0.620495,0.658123,0.664817,0.696536,0.671961,0.683833,0.787534
3.5108,0.635903,0.750698,0.629555,0.620086,0.65849,0.665554,0.699103,0.671892,0.683712,0.788008
3.511,0.635623,0.75135,0.629407,0.62016,0.659187,0.66589,0.702874,0.67207,0.684313,0.788197
3.5112,0.636803,0.748976,0.629199,0.621583,0.659371,0.665889,0.70577,0.672751,0.685834,0.787679
3.5114,0.639471,0.74674,0.629153,0.622921,0.658928,0.666115,0.706192,0.67386,0.687508,0.787087
3.5116,0.6416,0.74662,0.629315,0.6223,0.658031,0.66703,0.705003,0.674942,0.688661,0.786709
3.5118,0.641496,0.748113,0.629297,0.619594,0.657188,0.668329,0.706069,0.675574,0.688477,0.786592
3.512,0.640742,0.749736,0.628838,0.616424,0.65705,0.669053,0.708596,0.67565,0.687066,0.786779
3.5122,0.640766,0.749847,0.628294,0.614542,0.657875,0.668829,0.710349,0.675041,0.685424,0.787809
3.5124,0.641138,0.748257,0.627938,0.614669,0.659473,0.667979,0.710377,0.67406,0.684575,0.78942
3.5126,0.641507,0.746259,0.628442,0.615981,0.660716,0.667258,0.711039,0.673199,0.685315,0.79093
3.5128,0.642448,0.745207,0.629454,0.616932,0.660888,0.667234,0.713321,0.672796,0.687265,0.791774
3.513,0.643083,0.745634,0.629676,0.616525,0.660242,0.667993,0.71633,0.67289,0.689452,0.791963
3.5132,0.643319,0.747184,0.628724,0.615224,0.659045,0.669097,0.717772,0.673367,0.690789,0.79218
3.5134,0.64405,0.748752,0.626766,0.614193,0.658151,0.670011,0.717245,0.67397,0.690405,0.792511
3.5136,0.645219,0.749264,0.624882,0.614016,0.658114,0.670424,0.716408,0.674441,0.689057,0.792864
3.5138,0.645827,0.748565,0.624163,0.614592,0.658844,0.670333,0.716525,0.674632,0.6874,0.793538
3.514,0.645554,0.747626,0.624506,0.615284,0.659863,0.669983,0.7174,0.674627,0.686271,0.794182
3.5142,0.644654,0.747699,0.625196,0.615597,0.660266,0.669675,0.718729,0.674533,0.686414,0.794711
3.5144,0.64333,0.748611,0.625529,0.615999,0.659761,0.669937,0.71971,0.674373,0.687666,0.795439
3.5146,0.642487,0.749439,0.625022,0.617154,0.658704,0.670584,0.72,0.67416,0.689173,0.796337
3.5148,0.643302,0.74931,0.623975,0.618581,0.657598,0.670974,0.718737,0.674326,0.689678,0.797231
3.515,0.64492,0.748054,0.622905,0.619523,0.657193,0.670545,0.717042,0.675077,0.689386,0.797704
3.5152,0.645695,0.746678,0.622057,0.619431,0.657706,0.669247,0.716369,0.675375,0.68842,0.797962
3.5154,0.644708,0.746383,0.621448,0.618351,0.658799,0.668283,0.718056,0.674728,0.687408,0.797976
3.5156,0.642561,0.747348,0.621103,0.617235,0.659586,0.667724,0.720332,0.673016,0.68737,0.798304
3.5158,0.640146,0.748767,0.621047,0.617045,0.659914,0.667374,0.721072,0.67124,0.688194,0.79901
3.516,0.638875,0.749696,0.621188,0.618064,0.659413,0.666765,0.720159,0.670006,0.689336,0.799622
3.5162,0.639229,0.749675,0.621303,0.619784,0.658715,0.666097,0.720213,0.670035,0.689924,0.799764
3.5164,0.640116,0.748806,0.621163,0.621126,0.658103,0.665599,0.719646,0.670912,0.689502,0.799404
3.5166,0.640424,0.747745,0.620778,0.621224,0.657808,0.665049,0.717341,0.671591,0.689089,0.799063
3.5168,0.639626,0.747358,0.620458,0.620768,0.65798,0.66434,0.714107,0.670777,0.689357,0.79892
3.517,0.637597,0.74784,0.620435,0.62052,0.658359,0.663519,0.710874,0.668938,0.69034,0.799265
3.5172,0.634943,0.748404,0.620681,0.62123,0.65873,0.662569,0.709401,0.667182,0.691918,0.799875
3.5174,0.633059,0.747993,0.621054,0.622619,0.658855,0.661774,0.709473,0.666938,0.69288,0.800811
3.5176,0.632563,0.746273,0.621707,0.624034,0.658771,0.661111,0.70975,0.668135,0.692261,0.801135
3.5178,0.633038,0.744067,0.622437,0.624669,0.658268,0.660604,0.708301,0.669353,0.690576,0.800994
3.518,0.634034,0.742323,0.623061,0.624643,0.657433,0.660379,0.705301,0.669506,0.689135,0.800408
3.5182,0.634323,0.741423,0.623199,0.624338,0.656643,0.660452,0.702208,0.668153,0.6892,0.800026
3.5184,0.633702,0.741124,0.622745,0.624662,0.656044,0.660585,0.700143,0.666145,0.690317,0.800043
3.5186,0.633012,0.740739,0.621904,0.6255,0.656079,0.660524,0.699138,0.664808,0.691962,0.800874
3.5188,0.63282,0.73988,0.621107,0.626264,0.656289,0.660287,0.698547,0.664912,0.692689,0.801864
3.519,0.633309,0.738384,0.620531,0.626421,0.656383,0.660191,0.697905,0.666208,0.692363,0.80253
3.5192,0.634426,0.736111,0.620731,0.626415,0.655967,0.660461,0.697055,0.667693,0.691339,0.802234
3.5194,0.634863,0.733652,0.621436,0.626258,0.655494,0.661083,0.69606,0.668411,0.69052,0.800496
3.5196,0.634347,0.731579,0.622247,0.626401,0.655357,0.661481,0.695538,0.668086,0.690117,0.799088
3.5198,0.633689,0.730071,0.622554,0.626591,0.655154,0.661562,0.695756,0.667252,0.690001,0.798992
3.52,0.633292,0.728899,0.62203,0.626617,0.654162,0.661927,0.696478,0.666891,0.689787,0.79962
3.5202,0.633225,0.727588,0.620916,0.626653,0.652634,0.662535,0.696944,0.667605,0.68885,0.799927
3.5204,0.633052,0.725888,0.619802,0.626362,0.650724,0.66293,0.696943,0.669204,0.687462,0.798949
3.5206,0.632488,0.724077,0.619247,0.625801,0.649129,0.662802,0.696964,0.670514,0.685954,0.796799
3.5208,0.632121,0.722738,0.619853,0.625115,0.648386,0.662333,0.696916,0.670566,0.684513,0.794719
3.521,0.631694,0.72212,0.621219,0.624858,0.648297,0.661992,0.696512,0.669752,0.683404,0.793739
3.5212,0.631735,0.722001,0.622669,0.625701,0.647813,0.662195,0.69565,0.669096,0.68254,0.794125
3.5214,0.632229,0.721985,0.623254,0.626644,0.646796,0.663148,0.695065,0.669369,0.681569,0.795202
3.5216,0.633472,0.721704,0.623117,0.627324,0.645017,0.664571,0.695174,0.670651,0.680208,0.795809
3.5218,0.634982,0.720958,0.622438,0.627705,0.643286,0.665996,0.695586,0.672422,0.678472,0.795342
3.522,0.635605,0.720249,0.62188,0.627543,0.642309,0.666987,0.695909,0.674014,0.676871,0.794
3.5222,0.634826,0.719921,0.621956,0.626551,0.642095,0.66736,0.696185,0.674961,0.676013,0.792857
3.5224,0.633543,0.720032,0.622474,0.626365,0.642113,0.66721,0.697054,0.675135,0.675572,0.792586
3.5226,0.632784,0.720499,0.623192,0.627363,0.641881,0.667033,0.698726,0.674784,0.674917,0.793026
3.5228,0.633055,0.72141,0.623716,0.628521,0.640903,0.667244,0.700366,0.674427,0.673886,0.793495
3.523,0.633684,0.72211,0.623564,0.628863,0.63933,0.668379,0.700945,0.674831,0.672491,0.792774
3.5232,0.634047,0.722111,0.62295,0.627939,0.637851,0.669764,0.700269,0.675655,0.671218,0.790848
3.5234,0.633583,0.721902,0.622698,0.62633,0.637079,0.670742,0.698914,0.676338,0.670489,0.78918
3.5236,0.632665,0.721851,0.623493,0.625716,0.637293,0.670733,0.698233,0.677301,0.671316,0.78866
3.5238,0.632592,0.722461,0.625309,0.626823,0.638091,0.669671,0.698358,0.677849,0.673334,0.789898
3.524,0.633336,0.723363,0.626751,0.629323,0.638861,0.668478,0.698353,0.677283,0.67484,0.792131
3.5242,0.634602,0.724497,0.626717,0.631413,0.639169,0.668085,0.697572,0.675729,0.675056,0.793922
3.5244,0.635284,0.725084,0.625934,0.631837,0.638975,0.668474,0.696235,0.674137,0.674505,0.794845
3.5246,0.63497,0.725313,0.625133,0.630898,0.638768,0.668878,0.694854,0.672916,0.674158,0.794486
3.5248,0.634012,0.725311,0.624748,0.629162,0.638911,0.668535,0.693722,0.672715,0.67451,0.793584
3.525,0.633359,0.725932,0.624928,0.627761,0.639141,0.667707,0.693337,0.674612,0.675849,0.793462
3.5252,0.634077,0.727065,0.625313,0.627518,0.639667,0.666678,0.692231,0.676503,0.677028,0.794173
3.5254,0.636141,0.728126,0.625597,0.628055,0.640558,0.665862,0.690956,0.676401,0.678084,0.794714
3.5256,0.638029,0.728685,0.625803,0.628418,0.641301,0.665227,0.690331,0.674007,0.678818,0.794647
3.5258,0.638398,0.72884,0.625808,0.628226,0.641908,0.664779,0.689674,0.670674,0.678871,0.793682
3.526,0.637024,0.728771,0.625526,0.62706,0.642702,0.664793,0.687668,0.668434,0.678604,0.79234
3.5262,0.634964,0.728812,0.625098,0.625394,0.643197,0.66489,0.684962,0.670175,0.678297,0.792047
3.5264,0.634161,0.729217,0.624785,0.623715,0.643468,0.664708,0.682866,0.674955,0.677972,0.792923
3.5266,0.635397,0.73005,0.624781,0.622312,0.643701,0.664367,0.682282,0.67904,0.677727,0.794899
3.5268,0.637158,0.731169,0.625062,0.621238,0.643934,0.664203,0.682576,0.679707,0.67779,0.797119
3.527,0.637938,0.732693,0.625459,0.620438,0.644224,0.664284,0.683314,0.677586,0.678203,0.798241
3.5272,0.637595,0.73443,0.625735,0.619885,0.64484,0.664606,0.68369,0.675173,0.67882,0.797857
3.5274,0.636266,0.735461,0.625658,0.619132,0.645679,0.665184,0.682973,0.674237,0.67945,0.796334
3.5276,0.63536,0.735735,0.625501,0.618802,0.646955,0.66595,0.682166,0.675331,0.680064,0.795339
3.5278,0.635759,0.73542,0.625766,0.61842,0.648107,0.666484,0.682662,0.677172,0.680824,0.796233
3.528,0.636801,0.735185,0.62608,0.617621,0.648229,0.666823,0.684772,0.67826,0.681069,0.798711
3.5282,0.637821,0.735679,0.625804,0.61598,0.647486,0.667513,0.687595,0.678112,0.680617,0.801131
3.5284,0.637668,0.737002,0.62459,0.613948,0.646831,0.668529,0.689411,0.67772,0.679666,0.801897
3.5286,0.636308,0.738524,0.622996,0.612713,0.646976,0.669144,0.689412,0.678159,0.678578,0.800792
3.5288,0.635287,0.740057,0.622008,0.61255,0.647966,0.668856,0.689,0.678994,0.678594,0.799139
3.529,0.635396,0.74107,0.621847,0.614173,0.649457,0.667876,0.689598,0.680032,0.679677,0.798253
3.5292,0.636436,0.741367,0.62297,0.617149,0.651105,0.667016,0.690485,0.680461,0.680773,0.798541
3.5294,0.638002,0.741296,0.624986,0.619357,0.652017,0.66692,0.690891,0.679629,0.680698,0.799942
3.5296,0.639045,0.741526,0.626741,0.619437,0.652082,0.667774,0.690753,0.678854,0.678851,0.8017
3.5298,0.638877,0.74237,0.626873,0.618001,0.651795,0.669121,0.690638,0.678915,0.676065,0.802774
3.53,0.637737,0.743618,0.625532,0.616291,0.651534,0.670271,0.69105,0.6801,0.673656,0.802828
3.5302,0.636595,0.744519,0.623526,0.615281,0.651316,0.670823,0.691845,0.681306,0.672913,0.802394
3.5304,0.636099,0.744633,0.622381,0.615711,0.651741,0.670849,0.692498,0.68198,0.673821,0.802229
3.5306,0.636044,0.744396,0.622485,0.616956,0.653185,0.670601,0.693109,0.682375,0.675549,0.80244
3.5308,0.636083,0.744437,0.623059,0.617719,0.654691,0.670315,0.694274,0.682482,0.676038,0.802552
3.531,0.636308,0.74519,0.623474,0.618524,0.654965,0.670338,0.696471,0.682445,0.674441,0.802204
3.5312,0.636639,0.746408,0.623453,0.619946,0.654141,0.671011,0.698696,0.683022,0.671876,0.80138
3.5314,0.637029,0.747209,0.622581,0.621137,0.6531,0.671799,0.699574,0.683819,0.669777,0.800402
3.5316,0.637316,0.747281,0.621557,0.621314,0.652726,0.671992,0.698881,0.684184,0.669286,0.800052
3.5318,0.637153,0.747181,0.621049,0.620504,0.653116,0.670851,0.697391,0.684213,0.670299,0.800099
3.532,0.636322,0.747019,0.620949,0.619659,0.653928,0.669121,0.696426,0.683684,0.671478,0.800112
3.5322,0.635323,0.747155,0.62092,0.619967,0.655153,0.66812,0.69692,0.683292,0.671909,0.799344
3.5324,0.634694,0.747441,0.620704,0.621586,0.655888,0.668049,0.697158,0.683594,0.671427,0.797621
3.5326,0.635116,0.747527,0.620332,0.623319,0.65521,0.668416,0.696467,0.684625,0.670421,0.795397
3.5328,0.63579,0.747726,0.620074,0.62462,0.65383,0.668321,0.696605,0.685495,0.669654,0.79356
3.533,0.636165,0.747802,0.620128,0.625042,0.652699,0.667408,0.696933,0.685708,0.66975,0.792779
3.5332,0.636218,0.747723,0.620304,0.624214,0.652392,0.665894,0.695396,0.685054,0.67076,0.792875
3.5334,0.63574,0.747429,0.620309,0.622448,0.653165,0.664277,0.693326,0.684295,0.671929,0.793142
3.5336,0.634782,0.747357,0.620118,0.621532,0.65422,0.662752,0.692283,0.684126,0.672568,0.79264
3.5338,0.633938,0.747364,0.619783,0.622021,0.654559,0.661978,0.691952,0.684625,0.672951,0.791148
3.534,0.633725,0.747085,0.619501,0.623347,0.654281,0.662013,0.690915,0.685558,0.673492,0.788974
3.5342,0.63405,0.746595,0.619504,0.624649,0.653708,0.662728,0.689538,0.686039,0.673856,0.786797
3.5344,0.634393,0.745868,0.619994,0.625078,0.652706,0.663099,0.688069,0.686182,0.673881,0.785561
3.5346,0.633969,0.744918,0.620611,0.624613,0.651774,0.662411,0.686334,0.685884,0.673437,0.785452
3.5348,0.632876,0.74406,0.620819,0.62381,0.651506,0.660877,0.684417,0.685857,0.672647,0.785803
3.535,0.631635,0.743785,0.620581,0.623419,0.651875,0.659374,0.682911,0.686219,0.672067,0.785971
3.5352,0.631401,0.743472,0.619805,0.623407,0.652221,0.658701,0.6816,0.686591,0.672354,0.78546
3.5354,0.632236,0.743158,0.618866,0.623721,0.651973,0.659113,0.680506,0.686626,0.673404,0.78435
3.5356,0.633237,0.742588,0.61856,0.624,0.651011,0.660207,0.679806,0.68634,0.674421,0.783227
3.5358,0.633972,0.741734,0.618952,0.624056,0.649509,0.661259,0.679472,0.686055,0.674779,0.782519
3.536,0.63357,0.740461,0.619838,0.623861,0.648204,0.661684,0.679366,0.686166,0.674384,0.782441
3.5362,0.632491,0.73933,0.620345,0.623526,0.647852,0.661278,0.679338,0.686378,0.673387,0.782792
3.5364,0.631166,0.738299,0.620094,0.623339,0.648481,0.660524,0.679679,0.686847,0.672281,0.7828
3.5366,0.630758,0.73754,0.618985,0.623269,0.64972,0.660281,0.680529,0.687347,0.671953,0.782014
3.5368,0.630861,0.736914,0.617616,0.62303,0.650249,0.660892,0.681246,0.687518,0.672662,0.78059
3.537,0.631146,0.736196,0.616651,0.62257,0.649397,0.661885,0.681403,0.68756,0.673407,0.778957
3.5372,0.631096,0.735359,0.616529,0.622436,0.647546,0.662905,0.681551,0.687235,0.673349,0.777815
3.5374,0.630727,0.734656,0.617132,0.62256,0.64551,0.663519,0.681876,0.686437,0.672017,0.777559
3.5376,0.630288,0.734117,0.618327,0.623127,0.644381,0.663488,0.682078,0.685481,0.670219,0.777882
3.5378,0.629511,0.733507,0.61931,0.623883,0.644753,0.663209,0.682968,0.685042,0.668462,0.778321
3.538,0.62866,0.732596,0.619949,0.624357,0.645627,0.663327,0.684801,0.685377,0.667497,0.778391
3.5382,0.628639,0.731759,0.620321,0.624217,0.646098,0.664067,0.686443,0.686175,0.667091,0.777835
3.5384,0.629974,0.731114,0.620504,0.623536,0.645665,0.665268,0.687295,0.686852,0.667231,0.776903
3.5386,0.631547,0.731156,0.620299,0.622779,0.644938,0.666539,0.687816,0.687028,0.66704,0.776009
3.5388,0.632456,0.731734,0.61988,0.622391,0.644112,0.667064,0.688258,0.686757,0.665465,0.775395
3.539,0.632007,0.73251,0.619986,0.622315,0.643257,0.666796,0.689414,0.687078,0.663244,0.77548
3.5392,0.630704,0.732319,0.620671,0.622285,0.643101,0.666577,0.6913,0.687868,0.661706,0.776754
3.5394,0.62932,0.730946,0.621334,0.622168,0.643365,0.666998,0.692511,0.688545,0.661643,0.778487
3.5396,0.628504,0.728773,0.621556,0.622383,0.643716,0.667618,0.69297,0.688456,0.663061,0.779261
3.5398,0.629108,0.727843,0.621472,0.622279,0.644217,0.667804,0.693507,0.688022,0.664154,0.778138
3.54,0.63082,0.729232,0.621457,0.621008,0.64438,0.667271,0.693649,0.687734,0.664381,0.775176
3.5402,0.63219,0.731444,0.621567,0.619522,0.644123,0.666391,0.693106,0.687739,0.664623,0.772006
3.5404,0.632595,0.732247,0.622413,0.618941,0.644063,0.66586,0.69213,0.688035,0.665045,0.770355
3.5406,0.631875,0.730711,0.623781,0.61956,0.644438,0.665739,0.69148,0.688867,0.665378,0.770545
3.5408,0.630988,0.727724,0.624684,0.620869,0.644991,0.666073,0.692204,0.68996,0.666197,0.772588
3.541,0.630747,0.725772,0.625447,0.622417,0.645811,0.666364,0.693004,0.690766,0.667518,0.775041
3.5412,0.631279,0.725977,0.626361,0.623575,0.646536,0.665999,0.692668,0.69082,0.668611,0.775887
3.5414,0.632497,0.727637,0.627223,0.623786,0.647293,0.664644,0.691042,0.690292,0.668917,0.774516
3.5416,0.63332,0.72904,0.627404,0.622915,0.647969,0.662995,0.690205,0.689701,0.669334,0.771812
3.5418,0.634228,0.728786,0.626673,0.621624,0.648602,0.66166,0.689315,0.689582,0.671125,0.76923
3.542,0.635177,0.72735,0.625709,0.620671,0.64872,0.661615,0.687683,0.690196,0.672809,0.768746
3.5422,0.635735,0.72613,0.624973,0.620544,0.648375,0.663555,0.686323,0.690777,0.673606,0.770182
3.5424,0.635408,0.725827,0.6247,0.620713,0.647998,0.665861,0.686175,0.690353,0.673424,0.772161
3.5426,0.634633,0.726907,0.625216,0.620889,0.647909,0.666413,0.687291,0.689002,0.672599,0.773699
3.5428,0.634055,0.728391,0.626244,0.620979,0.648271,0.664797,0.686942,0.687099,0.672373,0.774475
3.543,0.633971,0.729088,0.627157,0.621294,0.648965,0.662325,0.683954,0.685754,0.673685,0.774571
3.5432,0.634363,0.72875,0.627595,0.621647,0.649945,0.660615,0.680919,0.687677,0.676029,0.774419
3.5434,0.635091,0.727883,0.627128,0.62185,0.650959,0.660551,0.679801,0.691007,0.677655,0.774313
3.5436,0.635148,0.72813,0.626232,0.621799,0.651973,0.661906,0.680239,0.692349,0.677598,0.774481
3.5438,0.633834,0.730388,0.625487,0.621553,0.652396,0.663562,0.680673,0.69077,0.676614,0.775591
3.544,0.631847,0.733175,0.625219,0.621276,0.652052,0.664567,0.679888,0.686546,0.675604,0.776939
3.5442,0.629992,0.734469,0.625269,0.62113,0.651541,0.664708,0.678505,0.681787,0.675171,0.778376
3.5444,0.629053,0.734618,0.625834,0.621248,0.651586,0.664242,0.678011,0.678549,0.676461,0.779551
3.5446,0.629067,0.73473,0.62661,0.621475,0.652124,0.663686,0.679026,0.677587,0.678928,0.779834
3.5448,0.629648,0.735281,0.62676,0.621398,0.652515,0.663646,0.681153,0.678379,0.680585,0.779803
3.545,0.629935,0.735912,0.626057,0.620701,0.652618,0.664272,0.683064,0.679253,0.680344,0.780402
3.5452,0.629347,0.736233,0.624828,0.619453,0.652394,0.665109,0.683442,0.67906,0.678321,0.781832
3.5454,0.627704,0.736261,0.623246,0.617925,0.652169,0.665744,0.683594,0.677318,0.675876,0.783891
3.5456,0.625814,0.736207,0.622132,0.616328,0.652321,0.665881,0.685463,0.674249,0.675014,0.785454
3.5458,0.624551,0.736452,0.622196,0.616304,0.653036,0.665703,0.687867,0.671744,0.676031,0.785913
3.546,0.625718,0.73728,0.623223,0.618154,0.65404,0.665651,0.689462,0.671683,0.677781,0.785786
3.5462,0.629283,0.738422,0.624302,0.619638,0.65484,0.666039,0.689299,0.674017,0.678807,0.785792
3.5464,0.632508,0.739407,0.624728,0.619093,0.655202,0.666809,0.688355,0.676667,0.678049,0.786851
3.5466,0.63311,0.739957,0.624265,0.616242,0.655273,0.667723,0.689011,0.677758,0.675501,0.788524
3.5468,0.631321,0.740198,0.623198,0.612544,0.655253,0.668569,0.691632,0.677012,0.67309,0.789934
3.547,0.629148,0.740334,0.62243,0.609857,0.655193,0.669151,0.694215,0.675509,0.671926,0.790424
3.5472,0.628149,0.740532,0.622693,0.609179,0.654997,0.669356,0.695544,0.674855,0.671873,0.789814
3.5474,0.62858,0.741079,0.62367,0.610257,0.654566,0.669386,0.696336,0.675354,0.67218,0.788945
3.5476,0.629861,0.741849,0.624625,0.612008,0.653917,0.669602,0.697959,0.676665,0.672065,0.788432
3.5478,0.630939,0.742328,0.62481,0.612499,0.653249,0.670018,0.700575,0.677979,0.670924,0.788417
3.548,0.63098,0.742132,0.623957,0.611026,0.652754,0.670324,0.703009,0.678643,0.66952,0.788818
3.5482,0.630534,0.741333,0.623203,0.608904,0.652454,0.670167,0.704119,0.678654,0.668999,0.788985
3.5484,0.630651,0.741033,0.623187,0.607624,0.651923,0.669904,0.703951,0.678372,0.669256,0.788739
3.5486,0.63147,0.741546,0.623341,0.60779,0.651102,0.66963,0.702891,0.678128,0.670344,0.788022
3.5488,0.632602,0.742052,0.623403,0.609082,0.649924,0.66964,0.702467,0.678134,0.671272,0.787317
3.549,0.633654,0.741779,0.623373,0.610614,0.648906,0.669972,0.703365,0.678434,0.671911,0.787107
3.5492,0.633909,0.740666,0.623289,0.611442,0.648409,0.670534,0.704845,0.679036,0.672192,0.78731
3.5494,0.633461,0.739152,0.623391,0.611334,0.647984,0.670458,0.705247,0.679829,0.672563,0.787656
3.5496,0.633088,0.737857,0.623903,0.610905,0.647079,0.669977,0.704512,0.680519,0.673102,0.78743
3.5498,0.633142,0.737726,0.624583,0.610902,0.645597,0.669233,0.702195,0.680962,0.673338,0.786767
3.55,0.633579,0.738057,0.625054,0.611583,0.643981,0.669049,0.700026,0.681337,0.673809,0.785819
3.5502,0.634256,0.737787,0.624886,0.61276,0.642483,0.669114,0.698921,0.681658,0.674718,0.785264
3.5504,0.634532,0.736803,0.62413,0.613591,0.64127,0.668719,0.699805,0.681806,0.675701,0.785226
3.5506,0.63405,0.735501,0.623139,0.613959,0.640483,0.66808,0.700366,0.682025,0.67633,0.785204
3.5508,0.633659,0.734535,0.622524,0.614459,0.639943,0.667692,0.699576,0.682485,0.676327,0.784933
3.551,0.634021,0.734062,0.622288,0.615212,0.639325,0.667443,0.698433,0.682818,0.675655,0.783971
3.5512,0.634688,0.733655,0.622409,0.615864,0.638391,0.667114,0.696907,0.682957,0.674748,0.782464
3.5514,0.634501,0.733016,0.622833,0.61604,0.637239,0.666641,0.695833,0.68254,0.674569,0.781141
3.5516,0.633021,0.732251,0.62303,0.615667,0.636215,0.666188,0.695007,0.681929,0.67563,0.780446
3.5518,0.630837,0.731687,0.623054,0.615089,0.63555,0.665932,0.693779,0.680952,0.67786,0.780499
3.552,0.628774,0.73137,0.622995,0.614934,0.635239,0.66593,0.692348,0.679904,0.680199,0.781076
3.5522,0.627803,0.731145,0.622546,0.615586,0.635107,0.666141,0.691574,0.678971,0.68158,0.781573
3.5524,0.628009,0.731011,0.622134,0.61679,0.634896,0.66648,0.691781,0.67847,0.681085,0.781451
3.5526,0.628927,0.73081,0.622406,0.6179,0.634534,0.666899,0.692422,0.678215,0.6795,0.780854
3.5528,0.629457,0.730233,0.623112,0.618347,0.633958,0.6673,0.692972,0.677813,0.677914,0.78047
3.553,0.628659,0.729847,0.623769,0.617897,0.633337,0.667459,0.693297,0.676513,0.678019,0.780851
3.5532,0.626393,0.730118,0.623632,0.616811,0.633108,0.667742,0.693773,0.674635,0.679485,0.781374
3.5534,0.624148,0.730461,0.62289,0.615857,0.633379,0.6685,0.69466,0.672968,0.681244,0.7816
3.5536,0.623317,0.73017,0.621819,0.615632,0.633477,0.669187,0.695434,0.672486,0.682086,0.780888
3.5538,0.62416,0.729088,0.620961,0.616193,0.632999,0.669451,0.695933,0.672664,0.681395,0.779497
3.554,0.625398,0.728054,0.620569,0.616895,0.632164,0.669157,0.695766,0.672881,0.679862,0.77823
3.5542,0.625405,0.727638,0.620911,0.61682,0.63145,0.668527,0.69522,0.672584,0.67869,0.777819
3.5544,0.623915,0.728202,0.621106,0.615484,0.63116,0.668035,0.69529,0.67148,0.678834,0.778316
3.5546,0.621807,0.729148,0.620739,0.613173,0.631293,0.668046,0.696079,0.670001,0.679949,0.779077
3.5548,0.620304,0.729796,0.619668,0.611113,0.631637,0.668629,0.696987,0.668996,0.681491,0.779397
3.555,0.620063,0.73002,0.618238,0.610515,0.631929,0.669489,0.697607,0.668878,0.682672,0.778894
3.5552,0.620889,0.72988,0.617153,0.611316,0.632042,0.67026,0.697897,0.669465,0.682627,0.777646
3.5554,0.621923,0.729089,0.616546,0.612146,0.631906,0.670583,0.698238,0.670265,0.682045,0.776502
3.5556,0.622057,0.72816,0.616505,0.611865,0.631595,0.670233,0.6994,0.670628,0.681116,0.776196
3.5558,0.621193,0.728287,0.616654,0.610442,0.63126,0.669598,0.701791,0.670185,0.680162,0.776776
3.556,0.619963,0.729782,0.616908,0.608965,0.631073,0.669248,0.704617,0.66948,0.679976,0.777469
3.5562,0.619143,0.73151,0.616902,0.608124,0.631209,0.669942,0.706346,0.669466,0.680589,0.77725
3.5564,0.619288,0.73254,0.616482,0.607929,0.631422,0.670902,0.706345,0.670105,0.681803,0.775648
3.5566,0.620312,0.732359,0.615625,0.608096,0.631944,0.671237,0.705955,0.670705,0.682828,0.773179
3.5568,0.621432,0.73154,0.614804,0.608137,0.633678,0.670862,0.70635,0.6708,0.683162,0.772189
3.557,0.62196,0.730894,0.614508,0.607778,0.635726,0.6697,0.707317,0.670289,0.683258,0.773096
3.5572,0.622696,0.73125,0.614813,0.607334,0.636165,0.667952,0.708459,0.669459,0.683205,0.774651
3.5574,0.623491,0.732475,0.615391,0.60722,0.635195,0.666887,0.707997,0.668922,0.683122,0.775966
3.5576,0.624404,0.733576,0.615781,0.607645,0.633312,0.667252,0.706927,0.669212,0.683637,0.775318
3.5578,0.624794,0.734244,0.615948,0.608356,0.631502,0.668022,0.706498,0.670125,0.684147,0.773476
3.558,0.624658,0.734298,0.616001,0.608739,0.630731,0.668016,0.706115,0.671069,0.684631,0.771559
3.5582,0.624074,0.733832,0.616044,0.608697,0.631395,0.666972,0.704317,0.671732,0.684543,0.77174
3.5584,0.62382,0.733469,0.616081,0.608406,0.633046,0.665224,0.70099,0.671994,0.683425,0.774427
3.5586,0.624421,0.733621,0.616362,0.608296,0.634675,0.663565,0.697783,0.671793,0.68212,0.777667
3.5588,0.626197,0.7342,0.616971,0.608629,0.635471,0.662657,0.69639,0.671795,0.681142,0.778878
3.559,0.627967,0.73448,0.617751,0.60927,0.635234,0.662665,0.69763,0.672691,0.680276,0.77781
3.5592,0.62862,0.734602,0.618275,0.609885,0.634761,0.663107,0.698832,0.674387,0.679584,0.776491
3.5594,0.62782,0.734233,0.618427,0.610116,0.634672,0.663241,0.699047,0.676354,0.679576,0.775703
3.5596,0.626416,0.733473,0.618563,0.610006,0.635702,0.662807,0.697373,0.678476,0.681288,0.776236
3.5598,0.625397,0.732664,0.619227,0.610436,0.637261,0.662114,0.694121,0.678903,0.683642,0.777564
3.56,0.62601,0.732146,0.62001,0.610987,0.638386,0.661642,0.69135,0.677301,0.685036,0.778788
3.5602,0.62796,0.731813,0.620862,0.611272,0.638661,0.661606,0.690522,0.67548,0.684758,0.779509
3.5604,0.630697,0.732824,0.62162,0.611197,0.638441,0.662052,0.691245,0.675008,0.683148,0.779614
3.5606,0.633112,0.734952,0.621762,0.610956,0.63828,0.662766,0.691861,0.675964,0.681542,0.779344
3.5608,0.634326,0.736135,0.621101,0.610826,0.638343,0.663378,0.691169,0.677614,0.681104,0.77927
3.561,0.634436,0.734786,0.620468,0.610457,0.63854,0.663795,0.689666,0.679098,0.68197,0.779706
3.5612,0.634245,0.731756,0.620107,0.609413,0.638826,0.663919,0.689035,0.679705,0.683861,0.780536
3.5614,0.634451,0.729385,0.620099,0.608759,0.639342,0.664222,0.690228,0.678777,0.685741,0.781525
3.5616,0.635114,0.730213,0.620246,0.608677,0.640025,0.664939,0.692757,0.677386,0.686831,0.782398
3.5618,0.636298,0.733317,0.620381,0.60886,0.640698,0.665839,0.694334,0.676,0.686434,0.783181
3.562,0.636999,0.735813,0.620231,0.608757,0.641318,0.666222,0.694052,0.675242,0.684797,0.783784
3.5622,0.636731,0.73543,0.619427,0.608074,0.641827,0.665845,0.693671,0.675983,0.683215,0.78453
3.5624,0.635775,0.73257,0.618087,0.60807,0.641984,0.664965,0.693822,0.678414,0.682905,0.784987
3.5626,0.635137,0.72962,0.616913,0.608619,0.641934,0.664361,0.693793,0.680718,0.683547,0.785231
3.5628,0.635746,0.728379,0.616488,0.608669,0.641626,0.664538,0.693358,0.681796,0.684765,0.785518
3.563,0.637359,0.729369,0.616785,0.60839,0.641183,0.665417,0.693046,0.682,0.68539,0.785603
3.5632,0.638903,0.731898,0.617215,0.608718,0.640959,0.666492,0.693602,0.682139,0.68483,0.785729
3.5634,0.639424,0.734091,0.617255,0.609507,0.641178,0.667233,0.695048,0.681898,0.683616,0.785931
3.5636,0.63886,0.734385,0.617111,0.609973,0.641601,0.667414,0.696335,0.682035,0.682629,0.786121
3.5638,0.63797,0.733179,0.616609,0.610011,0.642282,0.667071,0.696673,0.682417,0.682292,0.786428
3.564,0.637501,0.732186,0.615684,0.609728,0.644011,0.666589,0.69663,0.682602,0.683177,0.786731
3.5642,0.6377,0.732116,0.614687,0.609335,0.645673,0.666448,0.69766,0.683859,0.684389,0.786778
3.5644,0.638244,0.732739,0.614885,0.610214,0.645464,0.666686,0.700042,0.685755,0.684747,0.786622
3.5646,0.638637,0.733928,0.615491,0.612249,0.64357,0.667239,0.70203,0.687372,0.683462,0.786561
3.5648,0.638465,0.734748,0.615428,0.614354,0.641038,0.667904,0.702802,0.687636,0.681011,0.786547
3.565,0.637868,0.735006,0.614814,0.615339,0.639145,0.667889,0.702649,0.687201,0.678417,0.787278
3.5652,0.63728,0.734905,0.614334,0.614953,0.638696,0.667237,0.702057,0.687037,0.676789,0.788594
3.5654,0.636689,0.735242,0.614043,0.613779,0.639771,0.666298,0.701644,0.687498,0.676255,0.789601
3.5656,0.635874,0.73605,0.613849,0.612836,0.641283,0.665972,0.701031,0.68848,0.676229,0.790449
3.5658,0.634705,0.736747,0.613886,0.613267,0.641808,0.666123,0.700494,0.690045,0.676116,0.790613
3.566,0.633904,0.737129,0.614117,0.614725,0.640911,0.667205,0.699655,0.690921,0.675594,0.790161
3.5662,0.633465,0.737339,0.614408,0.616624,0.638909,0.668149,0.699556,0.690798,0.674224,0.790093
3.5664,0.633171,0.737245,0.614815,0.618001,0.636651,0.667744,0.700677,0.689854,0.672834,0.790348
3.5666,0.6328,0.737091,0.61546,0.617934,0.635053,0.666358,0.702215,0.689182,0.671624,0.7914
3.5668,0.632362,0.737397,0.616241,0.616974,0.634734,0.665098,0.703078,0.689279,0.671694,0.792598
3.567,0.632182,0.737964,0.616721,0.616537,0.635172,0.664517,0.703985,0.690088,0.672699,0.792736
3.5672,0.632604,0.738046,0.616886,0.617024,0.635352,0.664392,0.704723,0.69084,0.673151,0.792318
3.5674,0.633369,0.73714,0.616706,0.618027,0.635065,0.664604,0.705946,0.690847,0.672267,0.791579
3.5676,0.633574,0.735228,0.61643,0.618825,0.63428,0.66468,0.706896,0.691002,0.67074,0.791588
3.5678,0.633348,0.733147,0.616425,0.618962,0.633249,0.664513,0.707424,0.691753,0.669731,0.792889
3.568,0.63306,0.731985,0.617166,0.618849,0.632246,0.664166,0.709401,0.692488,0.669503,0.794438
3.5682,0.632612,0.732136,0.618372,0.618836,0.631487,0.663768,0.711572,0.692609,0.670531,0.795339
3.5684,0.63198,0.732527,0.61921,0.618994,0.631057,0.663482,0.711743,0.692155,0.672243,0.794967
3.5686,0.631387,0.731815,0.619341,0.619238,0.630957,0.663405,0.710046,0.691504,0.673377,0.793446
3.5688,0.630908,0.729318,0.618772,0.61941,0.631031,0.663542,0.708855,0.691089,0.67373,0.791807
3.569,0.630498,0.725972,0.617732,0.619354,0.630986,0.663825,0.709529,0.691135,0.67315,0.791365
3.5692,0.630142,0.723463,0.616683,0.618959,0.630642,0.664159,0.71143,0.69139,0.67218,0.792049
3.5694,0.629867,0.722915,0.616294,0.618231,0.629981,0.664391,0.713085,0.691346,0.671438,0.793138
3.5696,0.629459,0.723914,0.616459,0.618377,0.629143,0.664397,0.713842,0.691142,0.67149,0.793461
3.5698,0.628875,0.724976,0.616924,0.619552,0.628722,0.664394,0.713435,0.690849,0.672105,0.792615
3.57,0.628661,0.724857,0.617507,0.621024,0.629049,0.664604,0.712785,0.690551,0.672655,0.791095
3.5702,0.629068,0.722845,0.617961,0.621604,0.629984,0.664705,0.713243,0.690664,0.672926,0.789332
3.5704,0.62932,0.719855,0.618007,0.620895,0.630679,0.664496,0.71461,0.690655,0.672802,0.788567
3.5706,0.629117,0.717073,0.617441,0.619338,0.630507,0.664123,0.715832,0.690331,0.672544,0.788497
3.5708,0.628321,0.715539,0.616618,0.618091,0.629576,0.663765,0.716217,0.690051,0.672339,0.789196
3.571,0.627152,0.715484,0.616336,0.617715,0.628442,0.663607,0.714981,0.689974,0.671827,0.790383
3.5712,0.626534,0.716104,0.616899,0.618777,0.627785,0.663731,0.713604,0.690414,0.671373,0.791069
3.5714,0.626752,0.716536,0.618147,0.620611,0.627974,0.664067,0.713601,0.690597,0.671366,0.790989
3.5716,0.627223,0.71629,0.619187,0.621517,0.628806,0.664486,0.714572,0.690593,0.67173,0.790072
3.5718,0.627922,0.715269,0.619319,0.621057,0.629706,0.664816,0.715108,0.690722,0.672341,0.789094
3.572,0.628781,0.714038,0.618525,0.619507,0.630063,0.665035,0.715475,0.69112,0.672875,0.788664
3.5722,0.628886,0.71312,0.617081,0.617791,0.629628,0.665108,0.714866,0.690621,0.672852,0.788416
3.5724,0.628446,0.712804,0.616097,0.617027,0.628806,0.664924,0.71451,0.688628,0.671963,0.787998
3.5726,0.62854,0.713038,0.616487,0.617598,0.628245,0.664736,0.71447,0.686405,0.671297,0.787731
3.5728,0.628772,0.713558,0.617698,0.618537,0.628145,0.664943,0.713334,0.684861,0.671371,0.787438
3.573,0.628739,0.714105,0.618707,0.619238,0.62845,0.665314,0.712314,0.684578,0.671913,0.787098
3.5732,0.628188,0.71435,0.618997,0.619543,0.628952,0.665707,0.712845,0.684856,0.672877,0.786958
3.5734,0.627118,0.713979,0.618848,0.619135,0.628918,0.66561,0.714321,0.685296,0.674427,0.787067
3.5736,0.626279,0.71318,0.619017,0.618303,0.628626,0.664864,0.714686,0.686451,0.675945,0.787238
3.5738,0.626254,0.712566,0.619322,0.617946,0.628116,0.663695,0.713464,0.687393,0.676603,0.787531
3.574,0.627866,0.712519,0.619436,0.618352,0.627699,0.663048,0.712056,0.687305,0.675881,0.787053
3.5742,0.630613,0.713526,0.619358,0.619546,0.62755,0.663535,0.711391,0.686233,0.675036,0.786364
3.5744,0.632807,0.715579,0.619545,0.620591,0.627478,0.664796,0.712151,0.684953,0.675004,0.785616
3.5746,0.63304,0.717721,0.619981,0.621183,0.627305,0.665964,0.712937,0.684301,0.675678,0.784493
3.5748,0.631401,0.71899,0.620375,0.620994,0.626831,0.666786,0.711817,0.684388,0.676655,0.784278
3.575,0.629591,0.718716,0.620604,0.619954,0.626081,0.667055,0.711261,0.68491,0.677622,0.785017
3.5752,0.629683,0.717707,0.620554,0.618445,0.625053,0.667113,0.712854,0.685061,0.677683,0.786109
3.5754,0.631523,0.716972,0.62036,0.617043,0.624296,0.667161,0.714129,0.684778,0.676766,0.786852
3.5756,0.634052,0.717598,0.620146,0.616609,0.623976,0.667336,0.713011,0.684864,0.675629,0.78636
3.5758,0.635752,0.719403,0.620144,0.617407,0.623994,0.66786,0.711273,0.685868,0.674792,0.784741
3.576,0.635734,0.721954,0.620238,0.618099,0.624068,0.66849,0.710341,0.686946,0.674366,0.783408
3.5762,0.634657,0.723863,0.62065,0.619187,0.624268,0.669177,0.710061,0.687115,0.674321,0.783
3.5764,0.633536,0.724234,0.621282,0.620113,0.624524,0.669682,0.710101,0.686445,0.674355,0.783672
3.5766,0.633493,0.723352,0.621604,0.619341,0.62485,0.670119,0.710169,0.685631,0.673797,0.785089
3.5768,0.634695,0.72227,0.621471,0.616973,0.625329,0.670443,0.710704,0.685195,0.672696,0.785938
3.577,0.636317,0.722028,0.620996,0.614104,0.625797,0.670895,0.712288,0.685261,0.671206,0.786115
3.5772,0.637226,0.723464,0.620388,0.612198,0.626167,0.671566,0.71451,0.685731,0.669943,0.785528
3.5774,0.637023,0.726328,0.619839,0.61137,0.626604,0.672075,0.71503,0.686289,0.669844,0.784675
3.5776,0.63638,0.728951,0.619451,0.611425,0.627315,0.672441,0.71435,0.686561,0.670213,0.784659
3.5778,0.636183,0.730477,0.619437,0.611957,0.627979,0.672595,0.7141,0.686445,0.670755,0.785676
3.578,0.637206,0.730854,0.620073,0.611688,0.62864,0.672377,0.714831,0.686151,0.670886,0.786879
3.5782,0.638671,0.730411,0.620941,0.610446,0.629872,0.672459,0.717448,0.686014,0.670302,0.787897
3.5784,0.6394,0.729719,0.621553,0.608638,0.631378,0.67288,0.720599,0.686052,0.669019,0.788528
3.5786,0.638787,0.72929,0.621462,0.607766,0.632352,0.673395,0.721153,0.686096,0.667595,0.788722
3.5788,0.637074,0.729567,0.620582,0.608267,0.632618,0.674349,0.719579,0.686057,0.666727,0.78935
3.579,0.635114,0.73051,0.619478,0.609148,0.632549,0.67536,0.71984,0.68552,0.666743,0.790724
3.5792,0.634574,0.731639,0.618887,0.610468,0.632442,0.676132,0.721892,0.684461,0.667309,0.791769
3.5794,0.63601,0.732892,0.619086,0.611576,0.633084,0.676426,0.724055,0.683232,0.667739,0.792421
3.5796,0.638185,0.73376,0.619758,0.611689,0.634789,0.675883,0.723853,0.682571,0.667701,0.79232
3.5798,0.638736,0.733877,0.620283,0.611123,0.636866,0.675441,0.721821,0.682428,0.667346,0.791189
3.58,0.637414,0.733633,0.620195,0.610674,0.638007,0.676054,0.720676,0.682605,0.666994,0.790332
3.5802,0.634575,0.733271,0.619403,0.61058,0.637944,0.677578,0.721031,0.681919,0.666918,0.790376
3.5804,0.632269,0.733115,0.61826,0.610711,0.636979,0.67816,0.722642,0.680046,0.667301,0.791549
3.5806,0.631731,0.733769,0.617466,0.610868,0.635918,0.677594,0.723909,0.678299,0.667742,0.793322
3.5808,0.632443,0.735464,0.61732,0.61092,0.635638,0.676942,0.724922,0.677346,0.667811,0.794184
3.581,0.632818,0.73735,0.618454,0.611007,0.636158,0.676807,0.725438,0.676904,0.667778,0.793577
3.5812,0.632182,0.738434,0.620463,0.611357,0.636605,0.677048,0.724907,0.676052,0.668149,0.792264
3.5814,0.630503,0.73812,0.621225,0.612032,0.636144,0.67754,0.724021,0.674776,0.668912,0.7917
3.5816,0.629032,0.736627,0.620362,0.612888,0.635301,0.678325,0.724105,0.673234,0.669576,0.792595
3.5818,0.628294,0.73512,0.618307,0.613976,0.634384,0.679089,0.725422,0.672441,0.67007,0.794824
3.582,0.628077,0.734189,0.615757,0.614701,0.633948,0.67926,0.727524,0.672548,0.670022,0.796439
3.5822,0.628007,0.734177,0.613774,0.614653,0.634566,0.678773,0.72844,0.673046,0.669676,0.796227
3.5824,0.62771,0.735119,0.612808,0.614392,0.636163,0.677998,0.727276,0.673213,0.669563,0.794656
3.5826,0.627018,0.736105,0.612776,0.614727,0.63803,0.677444,0.726137,0.672743,0.670091,0.792473
3.5828,0.626078,0.736338,0.61305,0.61551,0.63864,0.677404,0.72702,0.671929,0.67108,0.791449
3.583,0.625229,0.73562,0.612899,0.616181,0.6378,0.677779,0.728707,0.671323,0.671957,0.792389
3.5832,0.624837,0.73451,0.612322,0.616513,0.636547,0.677973,0.730054,0.671319,0.672234,0.794162
3.5834,0.624987,0.733586,0.61126,0.616442,0.635464,0.678357,0.730625,0.671927,0.671778,0.795449
3.5836,0.625313,0.733336,0.610014,0.61593,0.635002,0.679031,0.730036,0.672423,0.670765,0.795317
3.5838,0.625297,0.733471,0.608956,0.615584,0.635213,0.679444,0.728234,0.672503,0.670001,0.793447
3.584,0.624781,0.733909,0.608292,0.61618,0.636121,0.679129,0.72674,0.672715,0.670248,0.791173
3.5842,0.624215,0.734261,0.608027,0.617326,0.636971,0.678374,0.727673,0.673134,0.670802,0.789714
3.5844,0.624127,0.733683,0.608011,0.617719,0.636913,0.677659,0.730388,0.673366,0.671197,0.789392
3.5846,0.624324,0.732125,0.608055,0.616894,0.636484,0.67728,0.732472,0.673158,0.670706,0.789899
3.5848,0.624516,0.730143,0.608024,0.615129,0.635985,0.677855,0.732801,0.672586,0.669209,0.790479
3.585,0.624481,0.728763,0.607895,0.6134,0.635635,0.679262,0.731994,0.672088,0.667805,0.790744
3.5852,0.624028,0.728497,0.607762,0.61271,0.635491,0.680486,0.731475,0.672055,0.667147,0.790699
3.5854,0.623559,0.729044,0.607753,0.613142,0.636008,0.680391,0.731069,0.672535,0.667518,0.790373
3.5856,0.623654,0.729982,0.607957,0.613694,0.63733,0.678837,0.731782,0.673292,0.668049,0.789988
3.5858,0.624154,0.730599,0.608276,0.613669,0.638732,0.676475,0.732471,0.674064,0.667968,0.7894
3.586,0.624474,0.730163,0.608462,0.612807,0.639034,0.675393,0.732629,0.674699,0.667068,0.788717
3.5862,0.624402,0.728794,0.608403,0.611048,0.637958,0.676151,0.731753,0.675078,0.665651,0.787976
3.5864,0.623924,0.727135,0.60841,0.609144,0.636337,0.677373,0.73147,0.675127,0.664361,0.78689
3.5866,0.623028,0.725802,0.608666,0.607777,0.635236,0.6785,0.731737,0.675023,0.663638,0.785701
3.5868,0.622347,0.725272,0.609094,0.607406,0.635552,0.679304,0.731738,0.675106,0.663327,0.784531
3.587,0.622727,0.725549,0.609432,0.607894,0.637006,0.679503,0.731456,0.675516,0.663106,0.783159
3.5872,0.623726,0.726236,0.609549,0.608538,0.638492,0.679334,0.73113,0.675879,0.662709,0.782078
3.5874,0.624281,0.726777,0.609432,0.608685,0.638568,0.678955,0.732443,0.675548,0.662209,0.781193
3.5876,0.623654,0.726547,0.609345,0.608101,0.637468,0.679342,0.734213,0.67452,0.661808,0.780262
3.5878,0.622369,0.725976,0.609678,0.607224,0.636611,0.680761,0.734189,0.673086,0.661714,0.779342
3.588,0.621691,0.725036,0.610472,0.606772,0.636603,0.682638,0.73307,0.671904,0.661977,0.778623
3.5882,0.621858,0.72444,0.611364,0.607186,0.637067,0.683208,0.732783,0.671225,0.66245,0.777521
3.5884,0.622695,0.724543,0.611946,0.608238,0.637696,0.682046,0.733814,0.671294,0.662974,0.776183
3.5886,0.623448,0.724904,0.611953,0.609266,0.638073,0.680531,0.735172,0.671535,0.663402,0.774435
3.5888,0.622785,0.725045,0.611386,0.609659,0.637997,0.679502,0.735717,0.670909,0.663719,0.772516
3.589,0.620508,0.724818,0.610733,0.609374,0.637802,0.679712,0.735279,0.669546,0.663966,0.771254
3.5892,0.618116,0.724063,0.610551,0.608757,0.638526,0.680435,0.734259,0.668009,0.664261,0.770031
3.5894,0.617075,0.722898,0.611074,0.608692,0.639856,0.680575,0.733348,0.66669,0.664969,0.769021
3.5896,0.61773,0.721936,0.611737,0.609728,0.640895,0.680509,0.733993,0.665834,0.665991,0.76845
3.5898,0.619541,0.721739,0.611829,0.611465,0.640906,0.680617,0.735981,0.665242,0.666864,0.767964
3.59,0.62118,0.722297,0.611377,0.612695,0.63991,0.68097,0.737433,0.664578,0.66719,0.768126
3.5902,0.621889,0.723133,0.610537,0.613206,0.638611,0.681031,0.737574,0.664705,0.667581,0.76955
3.5904,0.621052,0.723201,0.609831,0.61358,0.638329,0.680713,0.735893,0.666413,0.667986,0.771062
3.5906,0.61929,0.722166,0.609556,0.613746,0.640052,0.680517,0.73433,0.668459,0.668167,0.771844
3.5908,0.617921,0.720615,0.60995,0.614028,0.642573,0.680411,0.734395,0.669443,0.668826,0.771262
3.591,0.617938,0.719648,0.610744,0.614726,0.644321,0.680332,0.735653,0.668964,0.669877,0.769692
3.5912,0.619261,0.719301,0.611177,0.615832,0.644554,0.680333,0.735856,0.667926,0.670861,0.768573
3.5914,0.620888,0.718852,0.611014,0.617252,0.643602,0.680303,0.735448,0.667688,0.671271,0.768571
3.5916,0.621849,0.718067,0.610145,0.618056,0.642372,0.680153,0.734563,0.668623,0.671562,0.769454
3.5918,0.622401,0.71708,0.609476,0.617615,0.641639,0.680361,0.734886,0.669676,0.671946,0.770559
3.592,0.622834,0.716144,0.609252,0.617035,0.641795,0.68032,0.73706,0.670393,0.672475,0.77106
3.5922,0.622913,0.7155,0.609131,0.617318,0.642437,0.67989,0.739521,0.670758,0.673032,0.770734
3.5924,0.622686,0.71568,0.608872,0.618572,0.643017,0.679784,0.739276,0.67073,0.673413,0.770199
3.5926,0.622602,0.716321,0.608436,0.619792,0.643343,0.680114,0.737818,0.670344,0.673525,0.770558
3.5928,0.622329,0.717007,0.608434,0.620283,0.643267,0.680282,0.736458,0.670715,0.673841,0.771523
3.593,0.622626,0.718137,0.609537,0.62035,0.643233,0.680199,0.735503,0.671561,0.674262,0.77247
3.5932,0.62356,0.718602,0.611088,0.620416,0.643433,0.679977,0.735501,0.672214,0.674356,0.772935
3.5934,0.624786,0.717915,0.612059,0.621233,0.643908,0.679762,0.73588,0.671962,0.674196,0.77255
3.5936,0.625838,0.717558,0.611882,0.622381,0.644314,0.679667,0.736085,0.671092,0.674049,0.771881
3.5938,0.626318,0.718459,0.611086,0.622447,0.644291,0.679601,0.736058,0.670592,0.673943,0.771337
3.594,0.626229,0.719878,0.610569,0.621633,0.643958,0.679405,0.735757,0.6707,0.673901,0.771401
3.5942,0.626012,0.721233,0.610706,0.620891,0.643632,0.679289,0.734101,0.671622,0.673921,0.772315
3.5944,0.625982,0.722263,0.611213,0.621385,0.643466,0.67927,0.732276,0.672534,0.673827,0.773853
3.5946,0.626691,0.72283,0.611451,0.623126,0.643258,0.679265,0.732234,0.672919,0.673622,0.774867
3.5948,0.628026,0.72321,0.611076,0.624837,0.64357,0.679208,0.734369,0.672442,0.673726,0.774961
3.595,0.629412,0.724039,0.610333,0.625609,0.643867,0.678833,0.737323,0.671157,0.674621,0.774615
3.5952,0.629766,0.725007,0.609906,0.624991,0.644128,0.678342,0.738661,0.670185,0.675705,0.774938
3.5954,0.628765,0.725728,0.610359,0.623894,0.643994,0.678109,0.736407,0.670336,0.675974,0.776436
3.5956,0.627336,0.725659,0.611611,0.622768,0.643517,0.678332,0.732472,0.671448,0.675191,0.778203
3.5958,0.626391,0.724837,0.612938,0.622025,0.643403,0.678315,0.730458,0.672336,0.673802,0.779078
3.596,0.626718,0.724557,0.613444,0.623018,0.644468,0.678188,0.731521,0.672851,0.672763,0.778718
3.5962,0.62808,0.725285,0.612862,0.625521,0.646317,0.67798,0.733815,0.672917,0.672789,0.777724
3.5964,0.630052,0.727047,0.611682,0.627515,0.647497,0.677768,0.733867,0.672539,0.673742,0.777126
3.5966,0.631495,0.728595,0.610832,0.627578,0.647148,0.677376,0.733362,0.672158,0.674828,0.777556
3.5968,0.632083,0.729344,0.610579,0.625502,0.645704,0.676865,0.732924,0.671898,0.675274,0.77897
3.597,0.631929,0.728857,0.610849,0.622641,0.644105,0.676418,0.732087,0.671788,0.674832,0.78056
3.5972,0.631187,0.728048,0.611462,0.620673,0.643444,0.675385,0.731934,0.672314,0.673814,0.781684
3.5974,0.63041,0.727473,0.611919,0.620785,0.644389,0.674223,0.731404,0.673518,0.672707,0.781881
3.5976,0.630498,0.727314,0.612071,0.623093,0.646065,0.673546,0.730814,0.674335,0.672192,0.781267
3.5978,0.630986,0.727691,0.612097,0.625103,0.647136,0.674084,0.732575,0.674152,0.672523,0.78065
3.598,0.631061,0.728296,0.612162,0.624639,0.647035,0.675152,0.733698,0.672786,0.673365,0.780464
3.5982,0.631216,0.72903,0.612149,0.621788,0.645837,0.675699,0.732882,0.670788,0.673664,0.781169
3.5984,0.631219,0.729275,0.611986,0.618491,0.644232,0.675176,0.730804,0.669127,0.67263,0.78243
3.5986,0.630613,0.729198,0.61154,0.616979,0.643227,0.674223,0.728352,0.66841,0.670641,0.783546
3.5988,0.629639,0.728768,0.610936,0.617471,0.643297,0.673517,0.727519,0.669076,0.668411,0.7841
3.599,0.628944,0.728398,0.610531,0.618467,0.644141,0.673732,0.727831,0.67039,0.667321,0.784114
3.5992,0.629293,0.728688,0.610708,0.618427,0.644977,0.675317,0.726965,0.670975,0.667797,0.783893
3.5994,0.630549,0.729196,0.611479,0.617242,0.645096,0.677006,0.725227,0.669958,0.669052,0.783847
3.5996,0.631419,0.729657,0.612285,0.615452,0.644328,0.678079,0.723981,0.667576,0.669396,0.784026
3.5998,0.631446,0.729631,0.612402,0.614444,0.642989,0.677994,0.722561,0.665539,0.668312,0.784067
3.6,0.630745,0.729487,0.611625,0.614329,0.642309,0.677158,0.720527,0.665227,0.666181,0.783935
3.6002,0.629775,0.729294,0.610467,0.614254,0.6426,0.676303,0.717256,0.666469,0.663991,0.783827
3.6004,0.628888,0.728937,0.609768,0.613589,0.643381,0.675667,0.714014,0.667592,0.662716,0.783385
3.6006,0.628953,0.728862,0.610052,0.612483,0.644316,0.675644,0.713144,0.667284,0.662465,0.782769
3.6008,0.62977,0.72895,0.610726,0.611308,0.644615,0.676459,0.71446,0.665605,0.662831,0.781984
3.601,0.630424,0.729228,0.611175,0.610615,0.643797,0.677775,0.714836,0.663474,0.662996,0.780725
3.6012,0.630209,0.730124,0.610947,0.610733,0.642448,0.678356,0.711762,0.662127,0.662487,0.779579
3.6014,0.629174,0.731018,0.610249,0.611304,0.641452,0.67805,0.706562,0.662184,0.661406,0.778447
3.6016,0.627815,0.731118,0.609174,0.61162,0.641529,0.677761,0.702765,0.663128,0.660331,0.777678
3.6018,0.626789,0.730587,0.608282,0.611355,0.643079,0.677718,0.702122,0.663969,0.659799,0.777363
3.602,0.626598,0.729979,0.607705,0.610733,0.645404,0.677746,0.703299,0.664078,0.659935,0.776816
3.6022,0.627173,0.729337,0.607667,0.610293,0.647052,0.677895,0.703778,0.66352,0.660527,0.775363
3.6024,0.627891,0.728742,0.60786,0.610405,0.646585,0.677844,0.702261,0.662842,0.661087,0.773258
3.6026,0.628082,0.728334,0.607756,0.610961,0.644664,0.677545,0.699557,0.662646,0.661183,0.770767
3.6028,0.62752,0.72825,0.606927,0.611537,0.642809,0.677558,0.69772,0.663231,0.660784,0.769171
3.603,0.626524,0.728411,0.605759,0.611579,0.642005,0.678007,0.698094,0.664189,0.660278,0.768538
3.6032,0.625597,0.728653,0.604636,0.611049,0.642204,0.678778,0.700191,0.664768,0.660098,0.768022
3.6034,0.624931,0.728826,0.604185,0.610752,0.642555,0.679047,0.701852,0.665092,0.660358,0.76725
3.6036,0.624599,0.728288,0.604204,0.61125,0.642861,0.678585,0.70167,0.665459,0.660623,0.765668
3.6038,0.624683,0.727367,0.604221,0.61202,0.643011,0.67774,0.700919,0.665842,0.660532,0.763545
3.604,0.624763,0.726718,0.604039,0.612357,0.642442,0.677071,0.700964,0.666106,0.660313,0.76164
3.6042,0.62459,0.726398,0.603844,0.61196,0.641318,0.67678,0.701322,0.666859,0.660017,0.760292
3.6044,0.62362,0.726679,0.603807,0.611273,0.640027,0.677729,0.701164,0.66822,0.659872,0.759875
3.6046,0.622172,0.726974,0.603933,0.611001,0.639109,0.678994,0.70031,0.669478,0.660047,0.760071
3.6048,0.620729,0.726772,0.604154,0.611451,0.638838,0.67978,0.699754,0.670363,0.660378,0.760226
3.605,0.619657,0.726199,0.604395,0.612342,0.638975,0.679753,0.700746,0.671226,0.660668,0.760106
3.6052,0.61918,0.725673,0.604562,0.61315,0.63931,0.678754,0.702348,0.672047,0.660905,0.7595
3.6054,0.619155,0.725369,0.604591,0.613487,0.639532,0.677675,0.703398,0.672446,0.661029,0.758641
3.6056,0.61958,0.725425,0.604695,0.613269,0.639659,0.676908,0.703682,0.672376,0.661041,0.758329
3.6058,0.619638,0.725636,0.605181,0.612804,0.639362,0.677023,0.704047,0.671937,0.661161,0.758675
3.606,0.618317,0.725175,0.605835,0.612487,0.638582,0.677966,0.705025,0.671481,0.661402,0.759257
3.6062,0.616023,0.724316,0.60626,0.612469,0.637897,0.678713,0.706254,0.671599,0.661553,0.759478
3.6064,0.614589,0.723685,0.606351,0.612796,0.637735,0.678298,0.706992,0.672601,0.66146,0.75889
3.6066,0.614738,0.723596,0.606252,0.613071,0.638056,0.67711,0.706705,0.674838,0.662367,0.757882
3.6068,0.616199,0.724366,0.606251,0.613484,0.63856,0.675921,0.705659,0.677083,0.664698,0.757228
3.607,0.617427,0.725415,0.606612,0.613628,0.638684,0.675475,0.704551,0.676728,0.66682,0.757327
3.6072,0.618417,0.725611,0.607445,0.61344,0.637864,0.676007,0.704068,0.673897,0.668067,0.758128
3.6074,0.619185,0.72515,0.60857,0.612946,0.636214,0.677191,0.70477,0.670784,0.667754,0.759144
3.6076,0.619289,0.724333,0.609925,0.61251,0.634075,0.678299,0.704932,0.669487,0.666594,0.759898
3.6078,0.618793,0.723562,0.611257,0.612033,0.632753,0.678719,0.704831,0.670718,0.66583,0.760196
3.608,0.6184,0.722719,0.612255,0.612757,0.633903,0.678269,0.703484,0.673257,0.666875,0.760057
3.6082,0.6187,0.721401,0.612491,0.614994,0.636538,0.677082,0.701222,0.675564,0.66998,0.760038
3.6084,0.620139,0.719687,0.611689,0.616261,0.63811,0.676434,0.698779,0.67641,0.673268,0.760818
3.6086,0.621822,0.718302,0.61042,0.615668,0.637756,0.676882,0.696974,0.675758,0.674591,0.762055
3.6088,0.622733,0.71928,0.609407,0.614005,0.635912,0.677822,0.695752,0.674306,0.673816,0.76301
3.609,0.621921,0.722705,0.609347,0.612173,0.633816,0.678624,0.695648,0.67337,0.671849,0.762837
3.6092,0.620581,0.725805,0.609779,0.61098,0.632664,0.678764,0.695045,0.673468,0.670112,0.761566
3.6094,0.620118,0.726178,0.610233,0.610658,0.633001,0.677935,0.692732,0.674641,0.669881,0.760178
3.6096,0.621172,0.723481,0.609941,0.611023,0.634188,0.676435,0.689579,0.676338,0.671853,0.759862
3.6098,0.623155,0.719723,0.609383,0.611737,0.634654,0.675484,0.687457,0.677199,0.674764,0.762278
3.61,0.625146,0.717426,0.608952,0.612255,0.633912,0.676313,0.687512,0.677425,0.677263,0.765964
3.6102,0.625881,0.718016,0.608787,0.612396,0.632276,0.677949,0.68818,0.676569,0.678228,0.768866
3.6104,0.62521,0.721364,0.609069,0.612439,0.630363,0.679207,0.687854,0.675007,0.677609,0.769958
3.6106,0.624653,0.724939,0.609357,0.61243,0.628994,0.679209,0.686575,0.674385,0.67656,0.768113
3.6108,0.625189,0.726409,0.609529,0.612427,0.628567,0.678854,0.685543,0.67544,0.676311,0.764767
3.611,0.62636,0.725495,0.610376,0.612644,0.63023,0.678539,0.68549,0.676986,0.677273,0.761727
3.6112,0.627749,0.724238,0.611924,0.61345,0.632839,0.67838,0.686556,0.678032,0.678835,0.760609
3.6114,0.628552,0.724024,0.612654,0.614119,0.634191,0.678755,0.68811,0.677859,0.679803,0.761979
3.6116,0.628522,0.724772,0.611584,0.614304,0.633129,0.67933,0.689205,0.676518,0.679254,0.764235
3.6118,0.627856,0.725925,0.609511,0.614484,0.630388,0.680028,0.68945,0.675635,0.677386,0.765905
3.612,0.627795,0.726776,0.607645,0.614653,0.627184,0.681105,0.690083,0.675701,0.675101,0.766259
3.6122,0.628555,0.72669,0.607576,0.614526,0.625335,0.681726,0.691391,0.676326,0.673861,0.76564
3.6124,0.629089,0.726237,0.609571,0.613937,0.625811,0.681172,0.69199,0.677788,0.674287,0.764909
3.6126,0.62895,0.726585,0.611922,0.613618,0.627676,0.679568,0.691986,0.679118,0.67503,0.765267
3.6128,0.628003,0.727749,0.613085,0.614608,0.629376,0.677831,0.692651,0.679322,0.67485,0.766529
3.613,0.626572,0.72903,0.613082,0.61636,0.630023,0.676989,0.694067,0.678512,0.673601,0.768499
3.6132,0.625719,0.729867,0.613256,0.61768,0.629731,0.677516,0.695623,0.677789,0.671292,0.770241
3.6134,0.626209,0.729737,0.613404,0.617766,0.628927,0.678976,0.696716,0.677961,0.66922,0.770739
3.6136,0.627323,0.729199,0.613231,0.617038,0.628301,0.680281,0.697388,0.678926,0.668129,0.770639
3.6138,0.627433,0.72931,0.612891,0.616067,0.628466,0.680498,0.698114,0.680008,0.668344,0.770824
3.614,0.626029,0.730786,0.612338,0.616087,0.629021,0.679747,0.698782,0.680602,0.670519,0.771617
3.6142,0.62423,0.732678,0.611658,0.616679,0.6297,0.678798,0.699533,0.680038,0.673673,0.772582
3.6144,0.62345,0.733392,0.611599,0.617353,0.630624,0.678123,0.700555,0.678818,0.675197,0.773188
3.6146,0.624392,0.732698,0.612515,0.61775,0.631598,0.677924,0.701932,0.678395,0.674714,0.773092
3.6148,0.626052,0.731212,0.613634,0.617631,0.632072,0.678224,0.703295,0.678777,0.672892,0.772527
3.615,0.627072,0.730156,0.613998,0.617132,0.63194,0.678507,0.703674,0.67935,0.670885,0.772375
3.6152,0.626819,0.730155,0.613269,0.616908,0.631447,0.678415,0.70317,0.679307,0.669733,0.773036
3.6154,0.625575,0.731625,0.611863,0.617108,0.630922,0.677677,0.702273,0.678711,0.669774,0.77406
3.6156,0.624319,0.73392,0.610695,0.617529,0.630695,0.676942,0.702421,0.677898,0.67045,0.774971
3.6158,0.624027,0.7354,0.610591,0.617888,0.631075,0.676691,0.704119,0.677525,0.670996,0.775264
3.616,0.624764,0.734948,0.611561,0.618081,0.63202,0.676621,0.706155,0.678193,0.670997,0.774921
3.6162,0.625834,0.732896,0.612748,0.6181,0.632999,0.676838,0.707905,0.678808,0.67049,0.774282
3.6164,0.626453,0.730605,0.613044,0.617822,0.633392,0.676816,0.70735,0.678804,0.66969,0.773814
3.6166,0.626263,0.72922,0.61195,0.617452,0.63308,0.676558,0.704748,0.678019,0.668897,0.774162
3.6168,0.625389,0.729699,0.610405,0.617199,0.632064,0.675884,0.703774,0.676665,0.668537,0.774966
3.617,0.624326,0.731647,0.609444,0.616889,0.630961,0.675094,0.706392,0.675972,0.668413,0.775247
3.6172,0.623823,0.733817,0.609823,0.616703,0.630583,0.674207,0.710517,0.676362,0.668402,0.774498
3.6174,0.624311,0.734492,0.610925,0.616842,0.630969,0.673557,0.711552,0.677191,0.668497,0.772726
3.6176,0.625134,0.733576,0.611264,0.617491,0.63172,0.673935,0.709001,0.677801,0.668439,0.771124
3.6178,0.625683,0.731749,0.610256,0.618333,0.631644,0.674835,0.706,0.677763,0.668142,0.770092
3.618,0.625321,0.730685,0.608559,0.619,0.630275,0.675451,0.70588,0.677011,0.667589,0.769974
3.6182,0.624355,0.731425,0.607178,0.618721,0.628061,0.675467,0.70865,0.675996,0.667206,0.7701
3.6184,0.623614,0.733094,0.606573,0.617988,0.626542,0.675133,0.71107,0.675652,0.667314,0.769588
3.6186,0.623451,0.73358,0.606992,0.617927,0.626737,0.674733,0.711392,0.67594,0.667803,0.768084
3.6188,0.623764,0.732639,0.607884,0.618678,0.627716,0.674461,0.710477,0.676822,0.668918,0.765755
3.619,0.623914,0.731608,0.607993,0.619848,0.62812,0.67425,0.709469,0.678035,0.670077,0.763097
3.6192,0.624195,0.731243,0.606868,0.620361,0.627104,0.674508,0.709727,0.678566,0.67062,0.761268
3.6194,0.624337,0.731018,0.60529,0.6204,0.624986,0.675237,0.710801,0.677563,0.670597,0.76028
3.6196,0.624671,0.730858,0.604093,0.620551,0.62251,0.676015,0.710279,0.676496,0.670269,0.759913
3.6198,0.6247,0.730566,0.603728,0.621096,0.620706,0.676371,0.709131,0.676688,0.670371,0.759607
3.62,0.624113,0.729586,0.603926,0.621663,0.620141,0.675881,0.709131,0.677896,0.670991,0.758753
3.6202,0.622904,0.728099,0.604093,0.621502,0.620652,0.675242,0.708935,0.679405,0.671764,0.757324
3.6204,0.621884,0.727334,0.604,0.621058,0.621296,0.674736,0.708897,0.679688,0.67211,0.755676
3.6206,0.621943,0.7278,0.603715,0.621146,0.621064,0.67473,0.709993,0.678507,0.672114,0.754146
3.6208,0.622381,0.728541,0.603525,0.621939,0.619768,0.675107,0.710751,0.676918,0.672112,0.753155
3.621,0.622536,0.728236,0.603572,0.622615,0.6182,0.675758,0.710374,0.676126,0.672275,0.752806
3.6212,0.621981,0.727211,0.603735,0.622868,0.617164,0.675826,0.709379,0.676386,0.672635,0.752808
3.6214,0.621324,0.725798,0.603837,0.622439,0.617093,0.675291,0.708787,0.677172,0.672748,0.752865
3.6216,0.621041,0.724252,0.603815,0.62178,0.617789,0.674462,0.708427,0.677753,0.673156,0.752731
3.6218,0.621244,0.723992,0.603698,0.621366,0.61852,0.674002,0.70855,0.677671,0.673337,0.752279
3.622,0.621643,0.725319,0.603483,0.621633,0.61868,0.674174,0.709192,0.677107,0.673574,0.751477
3.6222,0.621789,0.727096,0.603317,0.622288,0.618031,0.674531,0.710149,0.67667,0.674161,0.750741
3.6224,0.621678,0.727818,0.603484,0.622458,0.61724,0.674348,0.711023,0.676644,0.674557,0.750549
3.6226,0.621342,0.72647,0.60397,0.621635,0.617094,0.6735,0.710628,0.676916,0.674676,0.750731
3.6228,0.621185,0.723434,0.604534,0.620603,0.617582,0.672058,0.708821,0.676899,0.6747,0.750974
3.623,0.620994,0.720288,0.604915,0.619966,0.61801,0.670855,0.707584,0.676376,0.674733,0.750844
3.6232,0.620893,0.718911,0.605446,0.620156,0.617838,0.670564,0.708624,0.67566,0.674775,0.750226
3.6234,0.621918,0.719684,0.606119,0.621458,0.617056,0.671392,0.710286,0.675029,0.674373,0.750045
3.6236,0.623374,0.72077,0.606897,0.622784,0.616204,0.672724,0.710804,0.676477,0.67363,0.75067
3.6238,0.624814,0.720409,0.607975,0.623566,0.615923,0.673411,0.709096,0.679027,0.672751,0.75183
3.624,0.625258,0.717972,0.608917,0.623157,0.616462,0.67313,0.70662,0.680861,0.67202,0.7534
3.6242,0.624438,0.71486,0.608936,0.622369,0.617495,0.672099,0.705628,0.680708,0.671882,0.754412
3.6244,0.623114,0.713145,0.607482,0.621974,0.61841,0.671114,0.705905,0.678859,0.672396,0.754533
3.6246,0.622248,0.713305,0.605197,0.622645,0.618757,0.670907,0.706119,0.676854,0.673111,0.754251
3.6248,0.62242,0.714132,0.603479,0.623703,0.618367,0.671373,0.705208,0.676223,0.673895,0.754376
3.625,0.623501,0.71415,0.603358,0.624372,0.617532,0.672693,0.704745,0.676963,0.674716,0.755284
3.6252,0.624867,0.712783,0.604505,0.624155,0.616815,0.673779,0.704779,0.678506,0.675235,0.756735
3.6254,0.625764,0.711128,0.606076,0.623251,0.616621,0.673879,0.705751,0.679515,0.675534,0.758182
3.6256,0.625729,0.710127,0.607183,0.622468,0.616915,0.672952,0.706511,0.679699,0.675491,0.75903
3.6258,0.625175,0.710211,0.607115,0.622455,0.617187,0.671576,0.706444,0.679053,0.674973,0.759314
3.626,0.624553,0.711097,0.60596,0.622903,0.617205,0.670621,0.705718,0.677724,0.674699,0.759599
3.6262,0.62431,0.711742,0.604605,0.623287,0.616558,0.670799,0.704796,0.67641,0.674762,0.759941
3.6264,0.624661,0.711444,0.604002,0.623088,0.615773,0.672357,0.704418,0.676833,0.674976,0.760727
3.6266,0.625647,0.710405,0.604581,0.622691,0.615,0.674114,0.706047,0.678488,0.674886,0.761936
3.6268,0.626698,0.709549,0.605924,0.622413,0.614462,0.674965,0.707705,0.678952,0.673704,0.763228
3.627,0.62705,0.710047,0.607255,0.622571,0.614345,0.674522,0.707942,0.677713,0.672068,0.764537
3.6272,0.626981,0.712284,0.608054,0.623051,0.614335,0.673986,0.706087,0.675286,0.670876,0.765315
3.6274,0.627387,0.714791,0.608201,0.623459,0.61445,0.674346,0.70344,0.672848,0.670579,0.765717
3.6276,0.628669,0.716255,0.607812,0.623235,0.6146,0.675257,0.70286,0.671338,0.670379,0.766004
3.6278,0.630585,0.716264,0.607276,0.623018,0.615789,0.675782,0.706217,0.673094,0.66986,0.766482
3.628,0.631682,0.716069,0.607107,0.623078,0.617719,0.675829,0.711229,0.67674,0.669119,0.766998
3.6282,0.632167,0.71656,0.607567,0.623012,0.618831,0.675498,0.713337,0.678717,0.668467,0.767851
3.6284,0.632135,0.717509,0.608358,0.623447,0.618131,0.674818,0.710371,0.677145,0.6685,0.768678
3.6286,0.6322,0.718609,0.60909,0.624355,0.616342,0.674817,0.705813,0.673801,0.669148,0.769528
3.6288,0.632124,0.719122,0.609391,0.624816,0.614713,0.675696,0.704148,0.672216,0.670154,0.770586
3.629,0.631749,0.718581,0.609138,0.62416,0.613927,0.676665,0.706354,0.673124,0.670878,0.771944
3.6292,0.630975,0.717491,0.608709,0.622857,0.614176,0.676825,0.709037,0.674518,0.671372,0.77308
3.6294,0.630137,0.717248,0.608602,0.622173,0.615109,0.676384,0.709138,0.674448,0.671513,0.773682
3.6296,0.629586,0.718221,0.60896,0.622514,0.616016,0.675934,0.707652,0.672526,0.671202,0.773627
3.6298,0.629748,0.720007,0.609546,0.62345,0.616467,0.675924,0.705795,0.670509,0.670753,0.773249
3.63,0.630451,0.721531,0.60995,0.624122,0.61651,0.67618,0.70484,0.669326,0.670498,0.772945
3.6302,0.631114,0.721618,0.60982,0.623936,0.616399,0.676386,0.705638,0.66922,0.670633,0.773579
3.6304,0.631157,0.720623,0.60911,0.622984,0.616469,0.676574,0.70642,0.670186,0.670899,0.774985
3.6306,0.630507,0.719821,0.608223,0.621785,0.61729,0.676316,0.706231,0.671546,0.671296,0.776645
3.6308,0.630353,0.719924,0.607647,0.620454,0.618002,0.675602,0.706189,0.671706,0.671791,0.777681
3.631,0.630859,0.720832,0.607419,0.619614,0.618278,0.675126,0.706779,0.67095,0.672096,0.777512
3.6312,0.631126,0.721763,0.607523,0.620156,0.618834,0.674861,0.70727,0.670986,0.671862,0.77665
3.6314,0.630997,0.721937,0.607585,0.621872,0.619761,0.674598,0.708202,0.671846,0.671144,0.775519
3.6316,0.630449,0.721315,0.607616,0.623893,0.620436,0.674475,0.709143,0.672534,0.670678,0.775027
3.6318,0.629647,0.720611,0.60724,0.624868,0.620469,0.674469,0.709266,0.672211,0.670289,0.776036
3.632,0.628994,0.720231,0.606824,0.624525,0.620365,0.674206,0.707507,0.671528,0.669915,0.777788
3.6322,0.628842,0.720794,0.606241,0.623156,0.620357,0.673635,0.705381,0.671285,0.669604,0.77941
3.6324,0.629279,0.722048,0.605757,0.622269,0.6211,0.673128,0.704538,0.671629,0.66994,0.7799
3.6326,0.629991,0.722851,0.605143,0.622135,0.622216,0.672393,0.704004,0.672627,0.670544,0.778669
3.6328,0.630349,0.723128,0.604619,0.623299,0.62362,0.672328,0.702568,0.674041,0.671227,0.77729
3.633,0.630371,0.722978,0.604199,0.625579,0.624962,0.672575,0.700408,0.675074,0.671279,0.776437
3.6332,0.629869,0.722535,0.604012,0.627245,0.625858,0.672326,0.698264,0.675128,0.671194,0.776913
3.6334,0.629455,0.72215,0.603694,0.626916,0.62605,0.671949,0.696743,0.674259,0.671343,0.778248
3.6336,0.62933,0.721705,0.603077,0.625504,0.625854,0.671715,0.696109,0.672878,0.671933,0.778989
3.6338,0.629961,0.721484,0.602152,0.624405,0.625909,0.671348,0.69589,0.671743,0.672476,0.778344
3.634,0.630972,0.721386,0.601109,0.624088,0.626271,0.670495,0.695499,0.672048,0.672753,0.776784
3.6342,0.631871,0.72151,0.600357,0.624391,0.626925,0.669754,0.693536,0.673278,0.672635,0.77521
3.6344,0.631472,0.721639,0.600261,0.624708,0.62762,0.669607,0.690002,0.674023,0.672189,0.774392
3.6346,0.630316,0.721363,0.600584,0.624881,0.628079,0.670182,0.686534,0.673316,0.67206,0.774481
3.6348,0.62944,0.721069,0.600963,0.624676,0.627999,0.670975,0.684748,0.671191,0.672415,0.774826
3.635,0.629272,0.720831,0.601082,0.624395,0.627578,0.671435,0.684275,0.668546,0.672919,0.77482
3.6352,0.629376,0.720958,0.600878,0.624252,0.627726,0.671024,0.683809,0.666511,0.673315,0.77432
3.6354,0.629453,0.720846,0.600492,0.624204,0.628354,0.669983,0.682502,0.665655,0.673317,0.773497
3.6356,0.629232,0.720035,0.60013,0.624173,0.629434,0.669161,0.680805,0.665555,0.673127,0.772639
3.6358,0.628771,0.719044,0.59995,0.624236,0.630133,0.668303,0.679359,0.665525,0.673126,0.772162
3.636,0.628057,0.7182,0.599909,0.624279,0.629955,0.667724,0.67884,0.665106,0.673374,0.771719
3.6362,0.628576,0.718262,0.600016,0.624147,0.629507,0.668228,0.679294,0.664448,0.673863,0.770901
3.6364,0.630221,0.718719,0.600513,0.624033,0.629118,0.66955,0.680244,0.663389,0.674536,0.769876
3.6366,0.631265,0.719206,0.601454,0.62384,0.628877,0.670654,0.681142,0.661702,0.675351,0.768599
3.6368,0.6304,0.71899,0.602398,0.623454,0.629417,0.670947,0.681033,0.659909,0.675922,0.767535
3.637,0.627986,0.71781,0.60276,0.623008,0.630324,0.670022,0.680154,0.658432,0.675925,0.766949
3.6372,0.626066,0.715952,0.602526,0.6226,0.63124,0.668509,0.680173,0.657518,0.675582,0.766711
3.6374,0.625776,0.714394,0.602474,0.622251,0.631914,0.667393,0.681817,0.657157,0.675458,0.766159
3.6376,0.627206,0.713675,0.602925,0.621952,0.632127,0.667795,0.683261,0.656925,0.675407,0.765053
3.6378,0.629151,0.713982,0.603734,0.621858,0.631741,0.669338,0.683044,0.656523,0.675491,0.764003
3.638,0.629861,0.714164,0.604639,0.621841,0.631007,0.670422,0.681152,0.65591,0.676075,0.763098
3.6382,0.629236,0.713921,0.605244,0.621519,0.63035,0.670574,0.679422,0.655165,0.676407,0.762992
3.6384,0.628228,0.713511,0.605261,0.620816,0.630053,0.670136,0.679166,0.654568,0.676644,0.763414
3.6386,0.627137,0.712599,0.604783,0.619676,0.62977,0.669608,0.680249,0.654473,0.676577,0.7635
3.6388,0.62634,0.711299,0.604117,0.618684,0.629554,0.668646,0.681895,0.654884,0.676688,0.762978
3.639,0.62635,0.710602,0.603599,0.618837,0.629709,0.667451,0.683282,0.655502,0.676713,0.762116
3.6392,0.627082,0.710253,0.603478,0.619953,0.630269,0.66714,0.683994,0.655848,0.6772,0.761283
3.6394,0.628493,0.709825,0.603684,0.620869,0.630634,0.667535,0.683999,0.655721,0.677538,0.761543
3.6396,0.629414,0.709649,0.603923,0.620691,0.630118,0.667863,0.683665,0.655748,0.677399,0.762265
3.6398,0.629164,0.709844,0.604172,0.619369,0.629162,0.668361,0.683702,0.656186,0.676492,0.762781
3.64,0.62788,0.710059,0.60417,0.617934,0.62815,0.669035,0.68433,0.656875,0.675554,0.763079
3.6402,0.626744,0.709805,0.603627,0.617793,0.627452,0.669508,0.685799,0.657897,0.675618,0.763025
3.6404,0.626858,0.708698,0.603011,0.618891,0.627485,0.669553,0.685737,0.658913,0.676366,0.762823
3.6406,0.628057,0.707193,0.602564,0.620282,0.628148,0.669392,0.684227,0.659701,0.677279,0.7629
3.6408,0.62895,0.706334,0.60259,0.620853,0.628805,0.6694,0.682579,0.659748,0.677373,0.763049
3.641,0.628823,0.705933,0.603174,0.62104,0.629022,0.669506,0.681303,0.659936,0.67696,0.763224
3.6412,0.628407,0.705438,0.603799,0.621797,0.628884,0.669613,0.681105,0.660385,0.676911,0.763243
3.6414,0.628061,0.704359,0.60371,0.623162,0.62872,0.669633,0.680458,0.661147,0.6774,0.763473
3.6416,0.628156,0.702498,0.602948,0.624334,0.62835,0.669484,0.678763,0.661712,0.678415,0.764429
3.6418,0.628142,0.700629,0.601986,0.624379,0.627509,0.669066,0.676776,0.662072,0.679118,0.76581
3.642,0.62825,0.699301,0.601624,0.623204,0.626414,0.668524,0.676222,0.661971,0.679123,0.767409
3.6422,0.628194,0.699347,0.602427,0.62189,0.625195,0.667987,0.677101,0.661239,0.678558,0.768469
3.6424,0.627867,0.700757,0.603678,0.621516,0.624098,0.667893,0.676737,0.660303,0.678015,0.768714
3.6426,0.627473,0.703134,0.60467,0.622065,0.623622,0.668343,0.674076,0.659954,0.678312,0.768186
3.6428,0.62705,0.704815,0.6052,0.622973,0.624074,0.669273,0.671608,0.659998,0.679399,0.767445
3.643,0.626707,0.70469,0.60482,0.623278,0.624459,0.669868,0.670374,0.659899,0.681247,0.767347
3.6432,0.626185,0.70321,0.603466,0.622954,0.623815,0.670084,0.670256,0.659172,0.682946,0.76816
3.6434,0.626728,0.701792,0.60178,0.622094,0.622346,0.670113,0.6702,0.657994,0.683317,0.769658
3.6436,0.628385,0.701719,0.600656,0.621612,0.62019,0.670263,0.669185,0.657078,0.682498,0.77166
3.6438,0.630125,0.703551,0.600366,0.622363,0.618117,0.67057,0.667976,0.656903,0.681731,0.773373
3.644,0.631212,0.70596,0.600924,0.623765,0.61694,0.670817,0.667575,0.657437,0.68147,0.774214
3.6442,0.630909,0.70775,0.602186,0.624843,0.617157,0.670851,0.668028,0.658185,0.682051,0.773831
3.6444,0.629641,0.708372,0.604619,0.624986,0.618924,0.67087,0.668932,0.65849,0.683406,0.772673
3.6446,0.62846,0.708046,0.607212,0.624382,0.620162,0.670862,0.670217,0.65844,0.684562,0.771699
3.6448,0.628045,0.708102,0.608472,0.62365,0.619229,0.671386,0.6717,0.658183,0.684491,0.771654
3.645,0.628915,0.709095,0.608129,0.623371,0.616529,0.672247,0.673337,0.65824,0.682968,0.772492
3.6452,0.630402,0.71008,0.606837,0.623584,0.613783,0.672899,0.674357,0.658994,0.681188,0.773745
3.6454,0.631007,0.710384,0.60556,0.623843,0.612219,0.67312,0.675029,0.660217,0.680651,0.775561
3.6456,0.630474,0.709386,0.60502,0.623765,0.612666,0.672847,0.675721,0.661588,0.682142,0.77688
3.6458,0.629354,0.707646,0.605657,0.623477,0.614693,0.672502,0.676168,0.662309,0.683839,0.776591
3.646,0.628909,0.706796,0.606824,0.623708,0.616637,0.672168,0.675784,0.661803,0.683683,0.77555
3.6462,0.629695,0.707125,0.607789,0.624206,0.617173,0.672298,0.675281,0.660888,0.681316,0.773745
3.6464,0.630836,0.708607,0.608045,0.624387,0.61651,0.672806,0.675929,0.6604,0.677337,0.772496
3.6466,0.631689,0.709784,0.607599,0.624348,0.615869,0.673448,0.677737,0.661811,0.674392,0.772412
3.6468,0.631647,0.70951,0.606805,0.624653,0.615876,0.673381,0.679236,0.664872,0.673664,0.772706
3.647,0.630715,0.708194,0.606164,0.625046,0.616613,0.672216,0.67967,0.667361,0.6749,0.773392
3.6472,0.629505,0.707125,0.606392,0.624829,0.617536,0.671133,0.679814,0.667929,0.675833,0.773302
3.6474,0.628636,0.707081,0.607198,0.624449,0.618566,0.670686,0.681139,0.667542,0.674758,0.772008
3.6476,0.62855,0.707762,0.608778,0.624586,0.61961,0.670551,0.683956,0.667107,0.671996,0.770342
3.6478,0.629556,0.708324,0.61062,0.625068,0.620474,0.670934,0.686625,0.666875,0.668833,0.769264
3.648,0.630529,0.708406,0.611071,0.62595,0.621503,0.671606,0.688059,0.666977,0.666932,0.769141
3.6482,0.630905,0.707823,0.609597,0.626863,0.622362,0.671764,0.688396,0.667552,0.666703,0.770094
3.6484,0.631128,0.706793,0.607031,0.627354,0.623154,0.671524,0.687855,0.668212,0.667349,0.771072
3.6486,0.630924,0.705878,0.604814,0.62713,0.623668,0.670772,0.687458,0.668626,0.667564,0.771271
3.6488,0.630553,0.705703,0.604095,0.626693,0.624086,0.67054,0.68777,0.6689,0.66668,0.770806
3.649,0.630034,0.706302,0.604684,0.626345,0.625083,0.671226,0.688606,0.669063,0.665007,0.769849
3.6492,0.629987,0.707196,0.606097,0.626208,0.626542,0.672192,0.688423,0.669178,0.663668,0.76901
3.6494,0.629964,0.707792,0.60692,0.626073,0.627378,0.67254,0.686652,0.669275,0.663327,0.768949
3.6496,0.630567,0.707729,0.606351,0.626447,0.627549,0.672017,0.683895,0.669403,0.663775,0.769174
3.6498,0.631505,0.707191,0.604678,0.627077,0.627797,0.670726,0.682378,0.669523,0.664474,0.769405
3.65,0.631971,0.706555,0.602955,0.627191,0.627971,0.669582,0.682401,0.669659,0.664805,0.769715
3.6502,0.631643,0.706267,0.60181,0.627212,0.628338,0.669232,0.682174,0.670024,0.664202,0.769872
3.6504,0.630725,0.706921,0.60163,0.627061,0.628746,0.669331,0.68124,0.670421,0.663258,0.769661
3.6506,0.629879,0.70819,0.602317,0.626618,0.628977,0.669755,0.679973,0.670611,0.663198,0.768884
3.6508,0.629157,0.70927,0.602926,0.626227,0.629596,0.670143,0.680948,0.670382,0.663919,0.767492
3.651,0.628808,0.709396,0.6029,0.62595,0.630362,0.670108,0.682088,0.669735,0.664496,0.765955
3.6512,0.629242,0.708732,0.602245,0.625853,0.631236,0.669987,0.680896,0.669639,0.664315,0.764844
3.6514,0.629969,0.708232,0.601348,0.626134,0.632194,0.669253,0.679798,0.670508,0.663276,0.764444
3.6516,0.630064,0.708636,0.600726,0.62668,0.632879,0.668166,0.679909,0.671965,0.661858,0.764705
3.6518,0.629371,0.709774,0.600705,0.626789,0.633265,0.667394,0.680785,0.673348,0.661126,0.765183
3.652,0.628784,0.711045,0.60119,0.626053,0.633149,0.667453,0.681783,0.673869,0.661592,0.765181
3.6522,0.628333,0.711904,0.601769,0.624943,0.632653,0.667428,0.682639,0.673008,0.662704,0.764363
3.6524,0.627912,0.711938,0.60204,0.623881,0.631984,0.666908,0.682987,0.671772,0.66366,0.762966
3.6526,0.627455,0.71097,0.601811,0.623334,0.631996,0.66624,0.683095,0.670797,0.6639,0.761393
3.6528,0.627186,0.709398,0.601363,0.623514,0.632626,0.665151,0.683518,0.670982,0.663217,0.760249
3.653,0.627061,0.707916,0.601397,0.62385,0.63308,0.664024,0.684135,0.671501,0.661949,0.760033
3.6532,0.626861,0.706912,0.602088,0.624187,0.633182,0.663679,0.684413,0.671559,0.661137,0.760328
3.6534,0.626593,0.706316,0.60294,0.624329,0.63277,0.663992,0.68495,0.67105,0.661476,0.760373
3.6536,0.626331,0.7059,0.603361,0.624048,0.632074,0.664422,0.686068,0.67011,0.662442,0.759739
3.6538,0.626113,0.70543,0.603113,0.623362,0.631684,0.664761,0.686619,0.6696,0.662723,0.758602
3.654,0.625981,0.70447,0.602629,0.622668,0.631819,0.664693,0.687003,0.669971,0.661845,0.756924
3.6542,0.62622,0.702941,0.602584,0.622171,0.632373,0.664132,0.686567,0.671134,0.660474,0.755277
3.6544,0.626325,0.701166,0.6032,0.622374,0.632986,0.663614,0.687214,0.671993,0.659382,0.754057
3.6546,0.626551,0.699688,0.604223,0.622898,0.633389,0.66367,0.687758,0.671993,0.658986,0.753428
3.6548,0.627312,0.698652,0.60516,0.623526,0.633549,0.664181,0.687469,0.671373,0.659762,0.753497
3.655,0.628409,0.698286,0.60564,0.623977,0.633492,0.664746,0.686488,0.670826,0.661194,0.753321
3.6552,0.628928,0.698597,0.605551,0.623956,0.633294,0.66483,0.684286,0.670951,0.661455,0.752544
3.6554,0.628194,0.698939,0.605079,0.623216,0.633216,0.664394,0.682097,0.671633,0.660208,0.75144
3.6556,0.627159,0.698364,0.604727,0.622597,0.633106,0.663868,0.680505,0.672904,0.658436,0.749928
3.6558,0.627166,0.696789,0.604968,0.623165,0.632884,0.663587,0.679032,0.673819,0.657202,0.748542
3.656,0.62789,0.694823,0.605605,0.624882,0.632975,0.664347,0.677514,0.673902,0.657331,0.747776
3.6562,0.628539,0.693453,0.60641,0.626845,0.63312,0.665673,0.675178,0.673244,0.658311,0.747734
3.6564,0.628102,0.693057,0.607002,0.628006,0.633349,0.666525,0.67394,0.67233,0.658921,0.748213
3.6566,0.626842,0.6934,0.607274,0.628308,0.633794,0.666202,0.673508,0.672218,0.658423,0.748305
3.6568,0.626452,0.693705,0.60819,0.62826,0.634633,0.665369,0.672286,0.673101,0.657049,0.747917
3.657,0.627704,0.693555,0.60915,0.627802,0.635433,0.664342,0.670484,0.674745,0.65551,0.747432
3.6572,0.629607,0.692957,0.609251,0.627258,0.635026,0.664033,0.669279,0.676435,0.654758,0.747189
3.6574,0.630427,0.692166,0.608933,0.626999,0.63332,0.6645,0.668777,0.6774,0.655101,0.747472
3.6576,0.630265,0.691944,0.60946,0.627041,0.63148,0.665637,0.668527,0.676957,0.656194,0.748222
3.6578,0.629372,0.692643,0.610363,0.626996,0.630578,0.667365,0.667842,0.676066,0.657375,0.748933
3.658,0.628361,0.693619,0.610316,0.626957,0.630338,0.668417,0.666902,0.675526,0.657959,0.749579
3.6582,0.627989,0.694009,0.60888,0.62713,0.630265,0.667722,0.666527,0.67596,0.658226,0.75054
3.6584,0.628607,0.693734,0.606888,0.627252,0.629789,0.666308,0.667179,0.676554,0.658426,0.751952
3.6586,0.630091,0.693579,0.605205,0.627182,0.628792,0.665448,0.66873,0.676681,0.658493,0.753409
3.6588,0.63095,0.694011,0.604283,0.626649,0.627704,0.665272,0.670215,0.676101,0.658575,0.753746
3.659,0.630275,0.694743,0.60419,0.625819,0.627493,0.665701,0.670501,0.67515,0.658985,0.752946
3.6592,0.62905,0.695214,0.604489,0.625376,0.628279,0.666639,0.670553,0.674508,0.659625,0.75183
3.6594,0.628218,0.69511,0.604613,0.625476,0.628973,0.6672,0.671634,0.674616,0.659866,0.751845
3.6596,0.628428,0.694575,0.604972,0.626167,0.628671,0.666854,0.673034,0.67497,0.660015,0.753307
3.6598,0.628905,0.694268,0.60615,0.626887,0.627707,0.666327,0.674014,0.67513,0.66004,0.755633
3.66,0.629434,0.694865,0.607408,0.627695,0.627071,0.666245,0.675817,0.675332,0.660318,0.757567
3.6602,0.629641,0.696188,0.607982,0.628161,0.626793,0.666456,0.678713,0.675517,0.660746,0.758201
3.6604,0.6294,0.697981,0.607711,0.628147,0.627258,0.666719,0.680801,0.675745,0.66173,0.757998
3.6606,0.628644,0.699289,0.607123,0.627676,0.628182,0.666873,0.681901,0.675542,0.662643,0.757168
3.6608,0.628266,0.699519,0.606947,0.626693,0.628481,0.666533,0.682481,0.674887,0.662346,0.756967
3.661,0.62825,0.698751,0.607869,0.626026,0.627821,0.66629,0.682872,0.674406,0.66172,0.757893
3.6612,0.628911,0.697801,0.60928,0.626461,0.62656,0.666482,0.684098,0.674773,0.661461,0.759435
3.6614,0.629522,0.698118,0.610207,0.62754,0.625322,0.667329,0.686475,0.675437,0.661785,0.76097
3.6616,0.629291,0.701128,0.60998,0.628941,0.624767,0.668154,0.688465,0.675681,0.662594,0.761699
3.6618,0.628857,0.70486,0.609075,0.629844,0.625072,0.668469,0.68948,0.675484,0.663169,0.761351
3.662,0.628786,0.706503,0.608411,0.629846,0.626195,0.667969,0.690327,0.675127,0.66342,0.760809
3.6622,0.628719,0.705176,0.608675,0.628559,0.627159,0.667014,0.690756,0.675157,0.663115,0.760935
3.6624,0.628923,0.701639,0.609613,0.626738,0.627201,0.666257,0.690077,0.675836,0.662568,0.761792
3.6626,0.629783,0.69834,0.610566,0.625234,0.626352,0.666756,0.689323,0.677157,0.663009,0.763576
3.6628,0.630988,0.697518,0.610844,0.624551,0.625588,0.668181,0.690386,0.677572,0.664169,0.765812
3.663,0.63202,0.699444,0.610361,0.624332,0.62531,0.669334,0.692603,0.67658,0.665263,0.767185
3.6632,0.632096,0.702543,0.609822,0.624204,0.62593,0.669938,0.693216,0.675113,0.665591,0.76756
3.6634,0.63153,0.70395,0.609618,0.623628,0.627282,0.669458,0.692791,0.674486,0.664872,0.767147
3.6636,0.630455,0.702539,0.610056,0.622196,0.628417,0.66741,0.693709,0.675015,0.663624,0.76651
3.6638,0.629906,0.699403,0.61081,0.6204,0.628868,0.665613,0.695138,0.675739,0.662607,0.76688
3.664,0.63062,0.696613,0.611371,0.618904,0.628795,0.665288,0.696806,0.676803,0.662933,0.76812
3.6642,0.631913,0.69587,0.611744,0.617572,0.628272,0.666735,0.697215,0.677549,0.664971,0.769318
3.6644,0.632551,0.697168,0.611484,0.616304,0.627393,0.668444,0.696131,0.677142,0.667488,0.770029
3.6646,0.632192,0.698879,0.610876,0.615423,0.626981,0.668882,0.697012,0.675763,0.668831,0.769641
3.6648,0.631306,0.699358,0.610714,0.614739,0.627362,0.66806,0.69868,0.674033,0.668337,0.768512
3.665,0.631021,0.698268,0.611488,0.614255,0.628405,0.666508,0.699152,0.673045,0.666758,0.767773
3.6652,0.631426,0.696528,0.612703,0.61406,0.629306,0.6655,0.698782,0.672573,0.665536,0.767787
3.6654,0.632446,0.695303,0.61339,0.613957,0.629116,0.665571,0.697879,0.672421,0.665387,0.76851
3.6656,0.633212,0.695183,0.613385,0.613691,0.62825,0.666339,0.697675,0.672039,0.666491,0.769564
3.6658,0.633538,0.696043,0.612985,0.6131,0.627732,0.667782,0.698767,0.67173,0.668461,0.770131
3.666,0.63302,0.697222,0.612628,0.612335,0.628523,0.668602,0.700598,0.671159,0.670228,0.769994
3.6662,0.632518,0.697926,0.612331,0.611682,0.630445,0.667369,0.70152,0.669587,0.670999,0.769405
3.6664,0.631929,0.697856,0.612125,0.611272,0.632337,0.665291,0.700815,0.667149,0.670724,0.768647
3.6666,0.63155,0.69742,0.612754,0.611219,0.632839,0.664058,0.699285,0.664662,0.669471,0.768062
3.6668,0.631691,0.697177,0.613528,0.611145,0.632074,0.663939,0.698831,0.66338,0.66811,0.767687
3.667,0.631632,0.697478,0.61342,0.610668,0.631252,0.664133,0.699561,0.663102,0.667506,0.767147
3.6672,0.631376,0.698167,0.61257,0.610267,0.631075,0.664163,0.700356,0.663604,0.668056,0.765954
3.6674,0.631659,0.69893,0.611566,0.610403,0.631461,0.663613,0.700788,0.664019,0.669161,0.764455
3.6676,0.632449,0.699287,0.611031,0.610702,0.632232,0.662972,0.700799,0.66317,0.670022,0.763185
3.6678,0.632669,0.699227,0.611236,0.610762,0.632462,0.662483,0.700413,0.661148,0.670578,0.762324
3.668,0.631912,0.699322,0.612029,0.610383,0.632213,0.662313,0.700226,0.659053,0.670516,0.762081
3.6682,0.630311,0.699916,0.612784,0.609661,0.632354,0.662255,0.701267,0.657749,0.670557,0.761357
3.6684,0.628476,0.700999,0.612954,0.608843,0.63283,0.661989,0.702482,0.65739,0.670696,0.759538
3.6686,0.627439,0.70215,0.612454,0.608392,0.632952,0.661491,0.702597,0.657562,0.671322,0.757252
3.6688,0.628159,0.702854,0.611623,0.608648,0.632551,0.661074,0.702038,0.657634,0.672562,0.754883
3.669,0.629654,0.703108,0.611239,0.609337,0.632091,0.660976,0.701832,0.657268,0.674062,0.75352
3.6692,0.631072,0.703114,0.611595,0.609892,0.631795,0.660901,0.702637,0.656657,0.675151,0.752972
3.6694,0.631084,0.702837,0.612282,0.609835,0.631781,0.660627,0.704186,0.656253,0.675042,0.752268
3.6696,0.629606,0.702462,0.612929,0.608964,0.631984,0.660609,0.705704,0.656404,0.673786,0.751143
3.6698,0.628219,0.701861,0.61337,0.607766,0.632489,0.660489,0.706316,0.656868,0.672187,0.749718
3.67,0.628221,0.701174,0.613339,0.607189,0.632902,0.660414,0.705728,0.657167,0.670895,0.748401
3.6702,0.629277,0.700419,0.612671,0.607305,0.632842,0.660524,0.704805,0.657535,0.670378,0.747738
3.6704,0.630507,0.700285,0.61185,0.607694,0.632252,0.660796,0.703945,0.658147,0.670265,0.747307
3.6706,0.631486,0.700409,0.611308,0.607646,0.631349,0.660734,0.703139,0.658902,0.670167,0.747255
3.6708,0.631651,0.700469,0.611684,0.606767,0.630811,0.660665,0.703406,0.659731,0.669637,0.747211
3.671,0.630599,0.699717,0.612505,0.60507,0.631423,0.660548,0.70325,0.660784,0.669049,0.747364
3.6712,0.628922,0.697961,0.613352,0.6034,0.632753,0.660505,0.702467,0.661817,0.668449,0.74754
3.6714,0.627785,0.695862,0.613892,0.602664,0.633869,0.660454,0.700445,0.662558,0.667391,0.747374
3.6716,0.627768,0.694226,0.61403,0.602736,0.634154,0.661239,0.698598,0.663345,0.666227,0.747515
3.6718,0.628692,0.693765,0.613701,0.603454,0.633359,0.662592,0.697961,0.664483,0.664687,0.747705
3.672,0.629825,0.694043,0.613335,0.603761,0.632218,0.663702,0.698726,0.66572,0.663373,0.747765
3.6722,0.630464,0.694214,0.613332,0.603867,0.631858,0.663878,0.698048,0.666671,0.66252,0.748041
3.6724,0.630345,0.693446,0.613666,0.603503,0.63245,0.662944,0.695515,0.667055,0.662109,0.748146
3.6726,0.629559,0.692003,0.614159,0.602615,0.633499,0.661535,0.692249,0.666919,0.66203,0.748529
3.6728,0.628964,0.691677,0.614869,0.601697,0.634191,0.660673,0.691363,0.666858,0.661656,0.749091
3.673,0.629254,0.692729,0.615521,0.601385,0.634088,0.660975,0.693146,0.667424,0.660661,0.74931
3.6732,0.630096,0.694122,0.615889,0.601459,0.633501,0.662267,0.693318,0.668304,0.659288,0.749134
3.6734,0.630889,0.694425,0.615968,0.601783,0.632869,0.663915,0.690833,0.669085,0.658228,0.748805
3.6736,0.630795,0.693451,0.616148,0.603392,0.632904,0.664633,0.687075,0.66927,0.657958,0.748778
3.6738,0.630106,0.692111,0.616162,0.605711,0.633761,0.664275,0.685124,0.668761,0.658435,0.749073
3.674,0.629797,0.691271,0.615999,0.60696,0.634821,0.663589,0.684974,0.667564,0.659247,0.749761
3.6742,0.629859,0.691457,0.615905,0.606607,0.635501,0.663809,0.685925,0.666431,0.659861,0.750666
3.6744,0.630496,0.692872,0.616025,0.60584,0.635199,0.665106,0.686294,0.665785,0.659909,0.751249
3.6746,0.631719,0.694416,0.616331,0.605788,0.634118,0.666358,0.685354,0.665846,0.659486,0.751438
3.6748,0.632423,0.694947,0.61642,0.606534,0.632813,0.666815,0.683529,0.665844,0.659214,0.752043
3.675,0.632245,0.694329,0.616373,0.607472,0.631879,0.666277,0.682158,0.665108,0.659485,0.752908
3.6752,0.631696,0.6936,0.616207,0.607853,0.631412,0.66562,0.682522,0.66378,0.660051,0.754126
3.6754,0.631374,0.693539,0.61596,0.607885,0.631137,0.665982,0.684415,0.663645,0.660805,0.754558
3.6756,0.630921,0.694061,0.615599,0.607983,0.630789,0.66738,0.685927,0.664406,0.661864,0.753549
3.6758,0.630029,0.694861,0.615565,0.608493,0.630622,0.669035,0.685826,0.664431,0.662818,0.751945
3.676,0.628894,0.695299,0.616282,0.609594,0.630148,0.670178,0.685075,0.663357,0.663087,0.750673
3.6762,0.627748,0.695154,0.617228,0.611135,0.629755,0.669976,0.68441,0.661816,0.662592,0.751717
3.6764,0.627084,0.694755,0.617609,0.611898,0.629813,0.668928,0.6843,0.660532,0.661667,0.755514
3.6766,0.626875,0.694629,0.617244,0.612149,0.629585,0.667904,0.684932,0.659788,0.660998,0.758967
3.6768,0.627122,0.695269,0.616152,0.612136,0.628348,0.667125,0.685734,0.659575,0.661264,0.759764
3.677,0.627055,0.697061,0.61547,0.612402,0.62612,0.667431,0.686152,0.659609,0.662428,0.757387
3.6772,0.627159,0.69913,0.615738,0.613283,0.623881,0.668952,0.685981,0.659613,0.663863,0.753443
3.6774,0.627127,0.700988,0.616408,0.614104,0.622354,0.670032,0.685972,0.659614,0.664889,0.75111
3.6776,0.626453,0.702052,0.617088,0.6147,0.621795,0.670241,0.687162,0.660091,0.665261,0.7514
3.6778,0.625345,0.701918,0.616961,0.615442,0.621678,0.669787,0.689544,0.661165,0.665226,0.754149
3.678,0.623819,0.700857,0.615567,0.616064,0.621348,0.668771,0.692302,0.662082,0.664962,0.757628
3.6782,0.622416,0.699785,0.613951,0.616311,0.620502,0.668142,0.694188,0.662841,0.664774,0.759193
3.6784,0.621981,0.699235,0.613201,0.616193,0.61916,0.669063,0.694522,0.662704,0.66468,0.758247
3.6786,0.622077,0.699507,0.613605,0.616353,0.617903,0.670946,0.694698,0.662431,0.664614,0.756181
3.6788,0.622339,0.700311,0.61527,0.617095,0.617243,0.672535,0.696275,0.663007,0.665036,0.754547
3.679,0.622164,0.700918,0.616687,0.61798,0.617079,0.672818,0.698716,0.663674,0.665492,0.75518
3.6792,0.621344,0.700842,0.616734,0.618567,0.61694,0.672333,0.6998,0.664507,0.665397,0.758021
3.6794,0.621591,0.700574,0.615827,0.618523,0.616759,0.672281,0.699168,0.665638,0.664899,0.761513
3.6796,0.622923,0.70074,0.614965,0.617914,0.616521,0.672253,0.698266,0.66615,0.663991,0.763774
3.6798,0.62428,0.701289,0.614454,0.617297,0.616431,0.672596,0.698064,0.666555,0.662623,0.763999
3.68,0.624746,0.702063,0.614449,0.617349,0.616666,0.673505,0.698696,0.667291,0.661328,0.763364
3.6802,0.624482,0.702949,0.614964,0.618013,0.617123,0.67402,0.699441,0.668547,0.660373,0.762998
3.6804,0.624075,0.703611,0.615344,0.618732,0.617473,0.673714,0.700354,0.669358,0.659765,0.76337
3.6806,0.623893,0.703611,0.615229,0.619008,0.617422,0.673129,0.700913,0.66965,0.66053,0.764344
3.6808,0.624553,0.70401,0.615201,0.61859,0.61703,0.673539,0.700476,0.669193,0.662114,0.765139
3.681,0.625039,0.705523,0.615741,0.617467,0.616658,0.674499,0.700691,0.668342,0.662699,0.765525
3.6812,0.624674,0.707254,0.61635,0.616296,0.616668,0.674594,0.701818,0.667804,0.661632,0.765919
3.6814,0.624268,0.707961,0.616857,0.615672,0.617132,0.674059,0.702934,0.668629,0.659279,0.766833
3.6816,0.624891,0.707396,0.616963,0.615275,0.618066,0.673083,0.70405,0.670612,0.65678,0.767978
3.6818,0.625811,0.705871,0.616496,0.614748,0.619108,0.671892,0.704307,0.672274,0.655445,0.768655
3.682,0.62647,0.704461,0.6157,0.614152,0.619854,0.671593,0.704418,0.672847,0.655677,0.768341
3.6822,0.626673,0.704715,0.615299,0.613389,0.620371,0.67231,0.705833,0.672803,0.656853,0.767649
3.6824,0.62586,0.706703,0.61569,0.612458,0.620691,0.673353,0.707263,0.672372,0.657929,0.76702
3.6826,0.624552,0.708888,0.616493,0.611277,0.62105,0.67354,0.708551,0.672631,0.658134,0.766807
3.6828,0.623558,0.709903,0.617092,0.61002,0.621704,0.672409,0.710245,0.673769,0.65738,0.767524
3.683,0.623234,0.70937,0.617071,0.608929,0.622515,0.670688,0.710402,0.675523,0.656264,0.768783
3.6832,0.624477,0.707726,0.616311,0.608188,0.623052,0.669456,0.709406,0.677313,0.6556,0.769434
3.6834,0.626669,0.706179,0.615055,0.607522,0.622896,0.669429,0.707385,0.678336,0.655721,0.768801
3.6836,0.62801,0.706204,0.61418,0.606682,0.622107,0.670537,0.706194,0.677764,0.656347,0.766755
3.6838,0.627732,0.707855,0.614205,0.605517,0.621514,0.671334,0.707804,0.675965,0.657247,0.764091
3.684,0.626476,0.709547,0.614572,0.604681,0.621687,0.670985,0.709494,0.674088,0.658179,0.762093
3.6842,0.625214,0.709603,0.614762,0.604596,0.62208,0.669183,0.708975,0.673373,0.658821,0.76167
3.6844,0.624572,0.707426,0.614252,0.604659,0.622452,0.667247,0.708256,0.673707,0.658942,0.762063
3.6846,0.624792,0.704112,0.613486,0.60446,0.622496,0.666456,0.709848,0.67415,0.658634,0.762581
3.6848,0.625559,0.70168,0.612795,0.604241,0.62213,0.667155,0.7122,0.673674,0.658358,0.761855
3.685,0.626632,0.701549,0.612224,0.60392,0.622042,0.668606,0.712675,0.672156,0.65851,0.760541
3.6852,0.627903,0.703383,0.611918,0.603851,0.621927,0.669728,0.712099,0.67018,0.659249,0.759079
3.6854,0.629173,0.70492,0.611564,0.604187,0.621523,0.669924,0.711128,0.668633,0.660519,0.757419
3.6856,0.629784,0.704546,0.611397,0.604865,0.620938,0.669241,0.711981,0.668274,0.661862,0.756496
3.6858,0.628743,0.70209,0.611127,0.605518,0.620188,0.668211,0.714308,0.668791,0.662736,0.755843
3.686,0.62699,0.699196,0.610829,0.605759,0.619366,0.667547,0.715204,0.668845,0.662929,0.754954
3.6862,0.625762,0.697421,0.61063,0.605506,0.619088,0.667534,0.715961,0.667888,0.662659,0.753704
3.6864,0.625696,0.697559,0.610106,0.60482,0.619432,0.667982,0.716969,0.666702,0.662263,0.751834
3.6866,0.626815,0.698616,0.609395,0.604627,0.620035,0.668912,0.717233,0.665698,0.662121,0.74995
3.6868,0.628617,0.698907,0.608706,0.605794,0.620384,0.669543,0.717358,0.66478,0.662582,0.748387
3.687,0.629757,0.697692,0.608318,0.607907,0.62017,0.669632,0.717738,0.663849,0.66365,0.747021
3.6872,0.629273,0.695614,0.608165,0.609392,0.619389,0.669389,0.717836,0.662964,0.664262,0.746061
3.6874,0.627688,0.693725,0.607987,0.6091,0.618365,0.66888,0.718299,0.662165,0.664234,0.745273
3.6876,0.62611,0.692731,0.607712,0.60723,0.617662,0.668494,0.720254,0.66158,0.663091,0.744509
3.6878,0.625431,0.692774,0.607554,0.605313,0.617608,0.668178,0.721302,0.661265,0.661392,0.743993
3.688,0.625988,0.693297,0.607684,0.605033,0.618089,0.668722,0.721143,0.66112,0.660256,0.743556
3.6882,0.627516,0.693544,0.607991,0.606654,0.61865,0.669389,0.71995,0.66095,0.659925,0.743132
3.6884,0.628717,0.693011,0.608168,0.608911,0.618964,0.669306,0.71924,0.660752,0.660426,0.742735
3.6886,0.628776,0.692023,0.608018,0.610144,0.618946,0.669132,0.719608,0.660722,0.660452,0.742131
3.6888,0.62824,0.691143,0.607499,0.609618,0.618672,0.66885,0.719753,0.661065,0.659341,0.741486
3.689,0.627308,0.690641,0.606898,0.607878,0.61833,0.668086,0.720951,0.661853,0.657066,0.741451
3.6892,0.626475,0.690429,0.606917,0.606212,0.618436,0.667487,0.723372,0.662583,0.654934,0.742688
3.6894,0.626084,0.690237,0.607748,0.605821,0.619112,0.667787,0.725655,0.662829,0.653757,0.744161
3.6896,0.626342,0.690053,0.608916,0.606736,0.620019,0.668584,0.725504,0.662999,0.65424,0.744817
3.6898,0.627732,0.690308,0.609566,0.607997,0.620556,0.668683,0.723821,0.663427,0.655496,0.743906
3.69,0.629204,0.69083,0.609627,0.608601,0.620468,0.668006,0.721301,0.663652,0.65598,0.741917
3.6902,0.629878,0.691756,0.609896,0.608616,0.620033,0.667272,0.720746,0.663483,0.654942,0.740811
3.6904,0.629376,0.692365,0.610445,0.607594,0.620066,0.666803,0.721774,0.663145,0.653195,0.741079
3.6906,0.628807,0.692338,0.611016,0.60573,0.620562,0.666757,0.722303,0.662925,0.652203,0.742862
3.6908,0.628588,0.691796,0.611156,0.603995,0.621329,0.666697,0.722061,0.663022,0.65233,0.744858
3.691,0.628784,0.691155,0.610695,0.603291,0.622168,0.666732,0.721141,0.663526,0.653495,0.74602
3.6912,0.629103,0.691076,0.610245,0.604238,0.622691,0.666587,0.720941,0.664223,0.654874,0.746191
3.6914,0.62923,0.691663,0.610363,0.607208,0.623119,0.666629,0.72109,0.664968,0.655636,0.745462
3.6916,0.629161,0.692508,0.611092,0.609984,0.623665,0.666642,0.720863,0.665717,0.656123,0.744571
3.6918,0.629627,0.692993,0.611784,0.60994,0.624204,0.666344,0.719664,0.665917,0.65642,0.744029
3.692,0.630322,0.692735,0.611973,0.607149,0.624401,0.66565,0.719848,0.665415,0.656843,0.744398
3.6922,0.630804,0.691777,0.611869,0.604037,0.624,0.665054,0.72151,0.664418,0.657238,0.745364
3.6924,0.630554,0.690872,0.611761,0.602512,0.623272,0.664771,0.722364,0.663488,0.657339,0.746445
3.6926,0.629663,0.690303,0.611868,0.603446,0.623084,0.664814,0.721074,0.663124,0.657494,0.747165
3.6928,0.628736,0.690263,0.613062,0.6061,0.623265,0.664848,0.718248,0.663616,0.658156,0.747802
3.693,0.628207,0.690491,0.614699,0.608233,0.62391,0.664636,0.716896,0.664425,0.659035,0.747945
3.6932,0.628156,0.69064,0.615272,0.608976,0.624544,0.664236,0.719035,0.664461,0.660028,0.748105
3.6934,0.628811,0.690445,0.614278,0.608872,0.625015,0.663944,0.722471,0.663667,0.660898,0.747993
3.6936,0.629679,0.690284,0.612298,0.608249,0.624829,0.663854,0.722887,0.662287,0.661842,0.747963
3.6938,0.630589,0.691586,0.61019,0.607772,0.624545,0.663992,0.719941,0.661299,0.66267,0.749592
3.694,0.630936,0.693625,0.608941,0.607873,0.624475,0.664272,0.717346,0.660929,0.663107,0.751991
3.6942,0.630497,0.694551,0.608905,0.608471,0.625084,0.664559,0.7168,0.661011,0.663385,0.753864
3.6944,0.629471,0.693623,0.60973,0.609089,0.62579,0.664627,0.719486,0.661625,0.664191,0.754112
3.6946,0.628937,0.691702,0.610526,0.609681,0.626374,0.664407,0.723369,0.66335,0.665388,0.752469
3.6948,0.62886,0.690052,0.61086,0.610278,0.626254,0.664106,0.724469,0.664084,0.665852,0.750811
3.695,0.629449,0.68952,0.610618,0.610604,0.625729,0.663863,0.724675,0.662877,0.666089,0.750327
3.6952,0.630535,0.689948,0.609823,0.61043,0.625372,0.663347,0.725159,0.661015,0.66628,0.751171
3.6954,0.631186,0.690697,0.608587,0.609889,0.625454,0.662319,0.725085,0.659424,0.666939,0.753032
3.6956,0.630965,0.69101,0.607906,0.609334,0.626217,0.661308,0.724748,0.659007,0.667695,0.755782
3.6958,0.629841,0.690569,0.608087,0.609374,0.627295,0.66035,0.724916,0.660969,0.668315,0.757986
3.696,0.628826,0.689986,0.609038,0.610287,0.628235,0.659381,0.725326,0.664432,0.668413,0.75885
3.6962,0.628642,0.689897,0.610299,0.611342,0.628627,0.658803,0.726763,0.66661,0.667655,0.75846
3.6964,0.62909,0.690436,0.611171,0.611742,0.628663,0.65841,0.728545,0.666929,0.666137,0.757539
3.6966,0.62957,0.691464,0.61137,0.611343,0.628378,0.657667,0.729437,0.666395,0.66527,0.757062
3.6968,0.629578,0.692536,0.610973,0.610652,0.6285,0.656265,0.729048,0.666299,0.665217,0.75751
3.697,0.628793,0.693139,0.61037,0.610234,0.62938,0.654402,0.727827,0.667453,0.665456,0.758551
3.6972,0.628017,0.693158,0.610047,0.610208,0.630275,0.652541,0.726205,0.669979,0.665436,0.759545
3.6974,0.627911,0.693028,0.610361,0.610129,0.630848,0.650927,0.726982,0.67222,0.664806,0.75993
3.6976,0.628165,0.693501,0.611178,0.609613,0.630876,0.649763,0.730686,0.673384,0.663469,0.760156
3.6978,0.628514,0.694627,0.611781,0.608967,0.630201,0.649496,0.733492,0.673651,0.662261,0.760684
3.698,0.628339,0.695842,0.611941,0.608717,0.629428,0.649761,0.732089,0.673349,0.661346,0.761264
3.6982,0.627163,0.696728,0.611563,0.608475,0.628723,0.649737,0.729656,0.672652,0.661066,0.761346
3.6984,0.62558,0.697326,0.610999,0.607759,0.628061,0.648822,0.728295,0.672068,0.66146,0.760819
3.6986,0.624736,0.697952,0.610888,0.606231,0.627738,0.647359,0.72828,0.672402,0.661992,0.759966
3.6988,0.624966,0.698643,0.61102,0.604526,0.627737,0.646112,0.730138,0.67314,0.66212,0.75926
3.699,0.625588,0.699864,0.611181,0.603143,0.628066,0.645574,0.731619,0.674115,0.661813,0.759421
3.6992,0.625996,0.701689,0.611113,0.602564,0.62779,0.6458,0.731586,0.67552,0.661396,0.760608
3.6994,0.626042,0.703106,0.611278,0.602541,0.626807,0.646541,0.731172,0.676503,0.661134,0.761793
3.6996,0.625858,0.703698,0.611683,0.602125,0.625245,0.647372,0.730495,0.676795,0.661326,0.762168
3.6998,0.625988,0.703371,0.612007,0.601297,0.624554,0.647934,0.730719,0.675985,0.662028,0.761429
3.7,0.62652,0.702681,0.612082,0.600366,0.625443,0.64784,0.732875,0.674337,0.662868,0.75963
3.7002,0.627033,0.70257,0.611753,0.599834,0.626411,0.647126,0.734464,0.673682,0.663279,0.757896
3.7004,0.626679,0.703146,0.611225,0.59927,0.626783,0.646658,0.735098,0.674793,0.663332,0.757555
3.7006,0.625863,0.703673,0.61093,0.598401,0.626414,0.647085,0.736076,0.676579,0.663294,0.758082
3.7008,0.62548,0.70357,0.611298,0.597267,0.625244,0.648077,0.736163,0.677462,0.66328,0.75861
3.701,0.625477,0.702438,0.611886,0.596224,0.623696,0.648879,0.735268,0.676893,0.66341,0.757931
3.7012,0.625777,0.700507,0.612451,0.595727,0.622605,0.649224,0.734354,0.676137,0.663592,0.755611
3.7014,0.626269,0.698873,0.612487,0.595869,0.622331,0.649045,0.735049,0.675652,0.663503,0.752652
3.7016,0.626731,0.698255,0.611885,0.596262,0.622658,0.648845,0.735966,0.676201,0.663161,0.750076
3.7018,0.626728,0.698309,0.611107,0.596431,0.623071,0.649014,0.736898,0.677778,0.662913,0.748778
3.702,0.626345,0.69819,0.610415,0.59622,0.623137,0.649698,0.736892,0.678919,0.663045,0.748611
3.7022,0.625948,0.697411,0.610541,0.595916,0.622767,0.65068,0.736307,0.678628,0.663493,0.748518
3.7024,0.625747,0.695896,0.611533,0.595947,0.622234,0.651539,0.73586,0.677088,0.66407,0.747616
3.7026,0.626005,0.694231,0.612422,0.596495,0.621902,0.651783,0.736288,0.675532,0.664511,0.745877
3.7028,0.626764,0.693107,0.612828,0.597243,0.621947,0.651369,0.735622,0.674602,0.66449,0.743557
3.703,0.627639,0.69294,0.612307,0.597794,0.622286,0.650994,0.734138,0.675164,0.66393,0.741389
3.7032,0.628267,0.693187,0.611341,0.597949,0.62283,0.650979,0.73307,0.676531,0.663298,0.740387
3.7034,0.628016,0.692877,0.610957,0.598154,0.623435,0.651215,0.733566,0.677479,0.663362,0.7401
3.7036,0.626978,0.691968,0.611332,0.598979,0.623976,0.651068,0.733449,0.677438,0.663677,0.740212
3.7038,0.626026,0.690608,0.612012,0.600063,0.624469,0.650384,0.731495,0.677452,0.663634,0.740024
3.704,0.626171,0.689273,0.61239,0.600966,0.625046,0.64941,0.730513,0.677817,0.663047,0.739108
3.7042,0.62724,0.688478,0.612436,0.601238,0.625672,0.648154,0.732082,0.678838,0.661549,0.737889
3.7044,0.628591,0.688256,0.612236,0.600841,0.626163,0.647116,0.734467,0.679636,0.660079,0.736694
3.7046,0.629923,0.688365,0.612408,0.600462,0.62661,0.646343,0.734417,0.679979,0.659481,0.736014
3.7048,0.630793,0.68848,0.612888,0.60078,0.627227,0.645925,0.730964,0.679772,0.659568,0.73608
3.705,0.63064,0.688457,0.613543,0.601758,0.627954,0.645356,0.72791,0.679252,0.659534,0.736336
3.7052,0.629818,0.688344,0.614145,0.602912,0.628544,0.644267,0.727437,0.679017,0.65903,0.736325
3.7054,0.629206,0.688232,0.614242,0.603685,0.628734,0.643011,0.728946,0.679337,0.658019,0.736084
3.7056,0.628649,0.688039,0.613947,0.60364,0.628506,0.642165,0.730556,0.679807,0.656536,0.73583
3.7058,0.6285,0.688055,0.613996,0.602822,0.62814,0.641532,0.729246,0.680108,0.654976,0.735856
3.706,0.628865,0.688479,0.614414,0.602041,0.628063,0.641197,0.726968,0.680684,0.653865,0.736091
3.7062,0.628996,0.689112,0.614726,0.602039,0.628279,0.640859,0.726126,0.681478,0.653331,0.736518
3.7064,0.629165,0.689342,0.614691,0.603262,0.628687,0.641047,0.726186,0.682151,0.653298,0.73669
3.7066,0.6296,0.688958,0.614363,0.604721,0.628857,0.641624,0.72521,0.682443,0.653178,0.736466
3.7068,0.629851,0.688232,0.614012,0.605435,0.628409,0.641933,0.72381,0.682429,0.652925,0.73609
3.707,0.629847,0.687735,0.614153,0.604672,0.627844,0.641703,0.724109,0.682044,0.652583,0.736065
3.7072,0.629727,0.687912,0.615329,0.602863,0.627197,0.641164,0.725728,0.681678,0.652249,0.736652
3.7074,0.630325,0.688703,0.617123,0.601134,0.626807,0.640717,0.726245,0.681496,0.652216,0.737477
3.7076,0.631962,0.689762,0.618569,0.600516,0.626678,0.640624,0.724995,0.682256,0.652504,0.738217
3.7078,0.633321,0.690567,0.61879,0.601287,0.626739,0.641059,0.723197,0.683256,0.652908,0.738712
3.708,0.633185,0.690765,0.617982,0.602284,0.627073,0.641858,0.722394,0.683906,0.653358,0.738676
3.7082,0.631694,0.690391,0.61682,0.602372,0.627972,0.642612,0.723216,0.683599,0.653968,0.738449
3.7084,0.630548,0.689848,0.616546,0.601331,0.628957,0.642834,0.724668,0.682987,0.654327,0.738708
3.7086,0.630877,0.689511,0.618035,0.599732,0.629281,0.642654,0.724806,0.682813,0.654323,0.7395
3.7088,0.632227,0.689549,0.619907,0.598656,0.628954,0.642681,0.724388,0.682825,0.654554,0.740238
3.709,0.633317,0.689747,0.620796,0.598781,0.628561,0.643038,0.724168,0.682781,0.655412,0.740407
3.7092,0.633267,0.690097,0.620186,0.599455,0.62853,0.643341,0.72351,0.682703,0.656315,0.739725
3.7094,0.632139,0.690144,0.61846,0.599711,0.629474,0.643565,0.723119,0.682367,0.65666,0.739024
3.7096,0.630425,0.689905,0.616795,0.600063,0.63101,0.643468,0.722598,0.681837,0.656247,0.740062
3.7098,0.628975,0.689424,0.616353,0.601558,0.631676,0.643185,0.721352,0.681846,0.655476,0.742914
3.71,0.629316,0.689471,0.617679,0.603234,0.630972,0.643214,0.721152,0.682034,0.655064,0.746416
3.7102,0.631569,0.690117,0.61964,0.604221,0.629644,0.64396,0.721598,0.682037,0.655614,0.74853
3.7104,0.63373,0.692049,0.620946,0.604612,0.62859,0.645181,0.722485,0.681752,0.657027,0.748213
3.7106,0.634682,0.694302,0.620676,0.604963,0.628494,0.646208,0.722232,0.681473,0.658547,0.746121
3.7108,0.633956,0.69487,0.619301,0.605303,0.629557,0.646686,0.72132,0.681475,0.659491,0.74465
3.711,0.632429,0.693865,0.617677,0.605261,0.630936,0.646632,0.719972,0.681792,0.65966,0.745207
3.7112,0.631157,0.69203,0.616608,0.605455,0.631668,0.646251,0.719072,0.682431,0.659226,0.747847
3.7114,0.630322,0.690307,0.616614,0.606058,0.631588,0.645974,0.718548,0.68344,0.65873,0.751216
3.7116,0.629759,0.689382,0.617026,0.606472,0.631188,0.646136,0.718892,0.684268,0.658715,0.753049
3.7118,0.629489,0.689687,0.617222,0.606381,0.630881,0.6468,0.720209,0.684322,0.659456,0.752803
3.712,0.629709,0.691952,0.616685,0.605695,0.630829,0.647175,0.720514,0.683396,0.660458,0.751285
3.7122,0.629747,0.694838,0.615646,0.605099,0.6313,0.646681,0.718343,0.682107,0.660668,0.749803
3.7124,0.62898,0.696565,0.615595,0.606113,0.632124,0.645448,0.716869,0.681218,0.660339,0.75037
3.7126,0.627342,0.696341,0.616632,0.60801,0.632783,0.64386,0.717657,0.681564,0.659695,0.752678
3.7128,0.625455,0.695245,0.617794,0.608582,0.63268,0.642849,0.71965,0.683144,0.65866,0.755247
3.713,0.624144,0.694657,0.618303,0.607224,0.632326,0.643142,0.720218,0.685128,0.65795,0.757021
3.7132,0.623891,0.695082,0.618029,0.604835,0.632266,0.644231,0.71888,0.685973,0.657823,0.757092
3.7134,0.624511,0.696665,0.617377,0.602872,0.632592,0.644488,0.717292,0.68569,0.658371,0.755939
3.7136,0.625335,0.69869,0.616818,0.601792,0.633922,0.643548,0.716917,0.685425,0.659129,0.755128
3.7138,0.625728,0.699684,0.616701,0.60172,0.635352,0.641832,0.717981,0.685792,0.659837,0.755466
3.714,0.625275,0.699709,0.617005,0.602141,0.636274,0.640356,0.71973,0.686022,0.660143,0.756748
3.7142,0.624283,0.700009,0.617825,0.602327,0.636042,0.640134,0.720796,0.685769,0.659409,0.758426
3.7144,0.623296,0.700674,0.619051,0.601805,0.634758,0.640601,0.721042,0.685123,0.658734,0.75904
3.7146,0.62283,0.701166,0.61965,0.600455,0.633168,0.64076,0.722088,0.684482,0.658913,0.758696
3.7148,0.623362,0.701144,0.619154,0.59896,0.632544,0.640189,0.722338,0.684609,0.659692,0.757657
3.715,0.624811,0.700581,0.617909,0.597992,0.633133,0.638959,0.721246,0.685057,0.660386,0.756753
3.7152,0.626119,0.69977,0.616934,0.597886,0.634271,0.637529,0.720454,0.685279,0.66052,0.756452
3.7154,0.626229,0.699593,0.616551,0.598157,0.635276,0.636492,0.720477,0.68471,0.66044,0.756586
3.7156,0.625429,0.700671,0.616832,0.59822,0.63559,0.636187,0.722415,0.683062,0.660424,0.756766
3.7158,0.624268,0.702411,0.617329,0.597848,0.635153,0.636571,0.724113,0.681152,0.660437,0.756882
3.716,0.623506,0.703646,0.617523,0.597307,0.634353,0.637232,0.724873,0.679713,0.660624,0.756646
3.7162,0.62356,0.703847,0.617056,0.596988,0.633802,0.637705,0.725364,0.679576,0.661106,0.756624
3.7164,0.624217,0.703202,0.616275,0.597074,0.633586,0.637773,0.725446,0.679661,0.661697,0.756992
3.7166,0.624902,0.70214,0.615785,0.597474,0.633639,0.637637,0.723947,0.680019,0.662284,0.757615
3.7168,0.625093,0.701352,0.615549,0.59792,0.634072,0.637367,0.723125,0.68047,0.662935,0.757817
3.717,0.624421,0.701494,0.615494,0.598021,0.634523,0.637184,0.722866,0.679443,0.663677,0.756804
3.7172,0.623067,0.702365,0.615856,0.597812,0.634597,0.637477,0.723666,0.677818,0.66447,0.755004
3.7174,0.622427,0.703094,0.6163,0.59772,0.63409,0.638189,0.724103,0.677106,0.665039,0.753742
3.7176,0.622821,0.702607,0.616353,0.598152,0.633424,0.638773,0.723152,0.676906,0.665214,0.753398
3.7178,0.623433,0.700626,0.615941,0.599046,0.632836,0.63884,0.721091,0.676683,0.664921,0.753822
3.718,0.623824,0.698068,0.615318,0.600177,0.632517,0.638432,0.718873,0.676014,0.664753,0.754131
3.7182,0.623104,0.696156,0.614804,0.601155,0.632585,0.637911,0.717595,0.675334,0.665373,0.753518
3.7184,0.622209,0.696004,0.614598,0.601523,0.632591,0.637676,0.717661,0.674462,0.666736,0.752284
3.7186,0.621794,0.696632,0.614723,0.601382,0.632525,0.637923,0.718397,0.673459,0.668279,0.750953
3.7188,0.621403,0.696794,0.614976,0.6015,0.632596,0.63854,0.718188,0.672653,0.669793,0.750203
3.719,0.620671,0.695449,0.615075,0.602368,0.632836,0.639268,0.716654,0.672241,0.670617,0.75033
3.7192,0.6195,0.693138,0.615436,0.603665,0.633172,0.639856,0.714685,0.672227,0.670279,0.750954
3.7194,0.617946,0.690776,0.615999,0.604629,0.633298,0.640095,0.713453,0.672498,0.669898,0.751595
3.7196,0.616827,0.689782,0.616387,0.604621,0.633008,0.640059,0.713758,0.672535,0.669831,0.751669
3.7198,0.616329,0.690441,0.616634,0.603688,0.6322,0.639892,0.714598,0.672022,0.669804,0.751026
3.72,0.617,0.691342,0.616778,0.602756,0.631583,0.639966,0.715672,0.671797,0.669771,0.749855
3.7202,0.618453,0.690995,0.616776,0.602611,0.631738,0.640355,0.717136,0.672291,0.669813,0.748742
3.7204,0.61917,0.689315,0.616356,0.603391,0.63262,0.640463,0.717522,0.673089,0.66968,0.748133
3.7206,0.618412,0.68756,0.615725,0.604093,0.633949,0.640416,0.716233,0.673381,0.669492,0.748281
3.7208,0.616646,0.686417,0.615231,0.604088,0.63481,0.639856,0.715241,0.673336,0.669818,0.748754
3.721,0.614805,0.686158,0.615178,0.60309,0.634858,0.63917,0.715069,0.673623,0.670169,0.748747
3.7212,0.613839,0.686607,0.615782,0.601995,0.633898,0.63891,0.716497,0.674373,0.670181,0.748181
3.7214,0.614078,0.687116,0.616625,0.601708,0.633098,0.63885,0.717919,0.675399,0.66953,0.746961
3.7216,0.615085,0.687155,0.61677,0.601726,0.633273,0.638206,0.71859,0.676533,0.669075,0.745775
3.7218,0.616043,0.686699,0.616154,0.601359,0.634296,0.636858,0.718469,0.67732,0.669494,0.745135
3.722,0.616344,0.686224,0.615182,0.600709,0.635435,0.63519,0.71751,0.677343,0.670899,0.744809
3.7222,0.615874,0.685914,0.614548,0.599777,0.636508,0.634305,0.717703,0.676527,0.672219,0.744731
3.7224,0.615088,0.685731,0.614848,0.598991,0.636867,0.634121,0.718512,0.675794,0.672317,0.744926
3.7226,0.614739,0.685587,0.615826,0.598967,0.636015,0.634709,0.718941,0.675823,0.671539,0.74541
3.7228,0.614849,0.685491,0.616978,0.599243,0.634984,0.635294,0.719372,0.676607,0.670832,0.745625
3.723,0.615364,0.686095,0.617523,0.599315,0.635045,0.634998,0.718795,0.677422,0.67077,0.745308
3.7232,0.616497,0.687397,0.617482,0.599062,0.63662,0.63385,0.71748,0.677387,0.671091,0.744477
3.7234,0.61781,0.688446,0.616683,0.599256,0.63868,0.632424,0.71659,0.676773,0.67168,0.743603
3.7236,0.618409,0.688418,0.614973,0.600409,0.639716,0.631343,0.715614,0.67715,0.673014,0.743243
3.7238,0.618005,0.687527,0.613073,0.601277,0.639033,0.631032,0.714308,0.67768,0.674358,0.743369
3.724,0.617012,0.686545,0.611924,0.601282,0.637655,0.63148,0.713239,0.676741,0.674678,0.744211
3.7242,0.616206,0.687064,0.612232,0.601249,0.636588,0.632172,0.713249,0.674276,0.673883,0.745049
3.7244,0.616156,0.689011,0.613156,0.601671,0.636572,0.632574,0.714198,0.671164,0.672514,0.745322
3.7246,0.616892,0.690346,0.613767,0.602133,0.637106,0.632534,0.714904,0.668646,0.671616,0.744994
3.7248,0.617989,0.689588,0.613458,0.602636,0.637751,0.632418,0.714615,0.667982,0.67196,0.744675
3.725,0.618677,0.686996,0.612451,0.603476,0.638241,0.632672,0.713798,0.670724,0.673311,0.74488
3.7252,0.618603,0.685361,0.611015,0.604094,0.638584,0.633186,0.712785,0.674187,0.674557,0.745591
3.7254,0.61796,0.686545,0.609694,0.604036,0.63857,0.633692,0.712584,0.674754,0.675095,0.746238
3.7256,0.617228,0.689434,0.608993,0.604386,0.638388,0.634287,0.713476,0.671611,0.674876,0.746331
3.7258,0.616956,0.691475,0.608915,0.605637,0.638436,0.634727,0.713916,0.666648,0.674179,0.746073
3.726,0.617589,0.690971,0.609217,0.607057,0.638616,0.634859,0.714446,0.662796,0.673404,0.745767
3.7262,0.618586,0.688965,0.609473,0.607833,0.638978,0.634841,0.714597,0.66191,0.673093,0.746358
3.7264,0.619326,0.687506,0.609347,0.607697,0.639722,0.634812,0.714087,0.663435,0.673481,0.747612
3.7266,0.619978,0.687522,0.608896,0.606907,0.640379,0.634858,0.713257,0.665257,0.674114,0.748988
3.7268,0.619787,0.689103,0.608395,0.606206,0.640461,0.635079,0.713944,0.665603,0.674951,0.750054
3.727,0.618786,0.691268,0.608258,0.606399,0.639653,0.635576,0.714938,0.664433,0.67564,0.750921
3.7272,0.617334,0.692886,0.608667,0.607606,0.638951,0.636426,0.715683,0.6629,0.675923,0.751474
3.7274,0.616337,0.693505,0.609364,0.609135,0.638859,0.637395,0.715601,0.661945,0.675619,0.75163
3.7276,0.615913,0.693752,0.610306,0.610201,0.63958,0.638182,0.715463,0.662509,0.674848,0.751439
3.7278,0.616508,0.694187,0.610998,0.610758,0.640823,0.638529,0.717152,0.664848,0.674646,0.75157
3.728,0.617349,0.694987,0.611154,0.610779,0.641684,0.63837,0.719749,0.66685,0.675133,0.752343
3.7282,0.617167,0.695988,0.611046,0.610323,0.641836,0.638038,0.719915,0.666838,0.676251,0.753403
3.7284,0.615898,0.696794,0.610866,0.609422,0.64124,0.637948,0.718365,0.665878,0.677452,0.754793
3.7286,0.614188,0.697129,0.610643,0.60839,0.640572,0.638501,0.716986,0.665843,0.677489,0.755974
3.7288,0.612817,0.697766,0.610693,0.607357,0.640384,0.639205,0.716579,0.667318,0.676077,0.757076
3.729,0.612351,0.698836,0.6115,0.607214,0.640624,0.63911,0.717258,0.668988,0.673965,0.757649
3.7292,0.613091,0.700219,0.613119,0.609128,0.641151,0.63867,0.717595,0.669561,0.672392,0.757503
3.7294,0.615646,0.701055,0.614541,0.611727,0.641469,0.638301,0.716474,0.668636,0.672368,0.757178
3.7296,0.617796,0.701143,0.614858,0.612424,0.641268,0.637704,0.715282,0.667367,0.673795,0.75668
3.7298,0.617816,0.701419,0.613862,0.611149,0.640506,0.63686,0.715874,0.66712,0.675497,0.756755
3.73,0.616918,0.702324,0.612543,0.608226,0.639609,0.636155,0.718127,0.668234,0.676356,0.757391
3.7302,0.616349,0.7036,0.611565,0.604956,0.639558,0.635626,0.72002,0.669738,0.675952,0.758317
3.7304,0.616014,0.704971,0.611623,0.602814,0.640085,0.634945,0.71987,0.670588,0.674724,0.75888
3.7306,0.616608,0.705859,0.612664,0.60246,0.64032,0.634069,0.718779,0.670285,0.673684,0.758692
3.7308,0.618478,0.706261,0.614025,0.603505,0.640357,0.633151,0.718463,0.669318,0.673353,0.758244
3.731,0.619744,0.706182,0.615102,0.605946,0.640492,0.632561,0.719382,0.668544,0.673714,0.75774
3.7312,0.619583,0.705565,0.615328,0.608071,0.640672,0.632193,0.720029,0.66837,0.674574,0.757421
3.7314,0.619751,0.704983,0.614667,0.608028,0.640835,0.631818,0.719314,0.668714,0.675049,0.75738
3.7316,0.621138,0.704965,0.613736,0.606021,0.640899,0.631936,0.718262,0.669159,0.674878,0.757226
3.7318,0.622634,0.705475,0.613261,0.603975,0.641096,0.63229,0.717891,0.669223,0.673897,0.756952
3.732,0.623169,0.706439,0.613307,0.602921,0.641439,0.632803,0.71863,0.668983,0.672893,0.756688
3.7322,0.623239,0.707354,0.614076,0.603178,0.641671,0.633308,0.719314,0.668765,0.6721,0.756296
3.7324,0.62268,0.707586,0.61491,0.604461,0.641847,0.633671,0.719222,0.668167,0.671787,0.756063
3.7326,0.622238,0.707381,0.615637,0.605667,0.642175,0.63411,0.719408,0.668005,0.671333,0.756053
3.7328,0.623181,0.706866,0.616077,0.605948,0.6425,0.634686,0.720245,0.66775,0.6705,0.755939
3.733,0.62506,0.705891,0.615727,0.60567,0.642385,0.635098,0.720418,0.667254,0.669225,0.755714
3.7332,0.626264,0.705017,0.615094,0.605487,0.641605,0.635714,0.720039,0.666881,0.667696,0.755267
3.7334,0.625942,0.705086,0.614634,0.60541,0.640346,0.637103,0.71854,0.666912,0.666359,0.754526
3.7336,0.624407,0.705787,0.614562,0.605559,0.63915,0.638728,0.717309,0.667042,0.665756,0.754223
3.7338,0.622616,0.706252,0.614598,0.605757,0.63847,0.63969,0.716365,0.666461,0.665446,0.75383
3.734,0.622008,0.706145,0.614861,0.606018,0.638449,0.639775,0.715204,0.664939,0.665183,0.753122
3.7342,0.623534,0.705552,0.614895,0.606912,0.6385,0.639461,0.715368,0.663496,0.664698,0.75184
3.7344,0.626081,0.704722,0.614758,0.608261,0.638011,0.639154,0.716319,0.663073,0.66393,0.74982
3.7346,0.627849,0.704267,0.614545,0.609427,0.636622,0.640049,0.715467,0.663562,0.663085,0.747714
3.7348,0.627558,0.704513,0.614919,0.609722,0.634573,0.642246,0.713787,0.664309,0.662402,0.746003
3.735,0.62609,0.705192,0.616148,0.609121,0.632585,0.64438,0.71262,0.66439,0.662062,0.745119
3.7352,0.624737,0.705732,0.617779,0.608212,0.63101,0.645338,0.712902,0.66362,0.662076,0.744647
3.7354,0.624343,0.705635,0.618475,0.607906,0.630118,0.645355,0.713549,0.662512,0.662335,0.744281
3.7356,0.625762,0.70474,0.617581,0.608704,0.629696,0.644923,0.712314,0.661792,0.662625,0.743689
3.7358,0.628014,0.703849,0.616049,0.610206,0.62901,0.645225,0.710565,0.661924,0.662769,0.742354
3.736,0.628762,0.703477,0.615417,0.61127,0.628009,0.646104,0.709421,0.662795,0.662786,0.740424
3.7362,0.627398,0.703523,0.616213,0.611015,0.62665,0.647518,0.71022,0.663745,0.662839,0.73805
3.7364,0.625165,0.703607,0.617605,0.609533,0.6258,0.648368,0.711978,0.664054,0.662859,0.735988
3.7366,0.623979,0.70351,0.618412,0.607993,0.625815,0.648131,0.711412,0.663833,0.663155,0.734595
3.7368,0.624592,0.702908,0.617875,0.607587,0.625856,0.647503,0.710264,0.663733,0.664058,0.73357
3.737,0.626193,0.702135,0.61621,0.608085,0.625159,0.647203,0.710432,0.663831,0.664958,0.732738
3.7372,0.627708,0.701391,0.61454,0.60889,0.623809,0.647691,0.711755,0.663909,0.665435,0.731732
3.7374,0.628902,0.701423,0.614398,0.608985,0.622481,0.648572,0.7117,0.664308,0.665223,0.730578
3.7376,0.629208,0.702107,0.615817,0.608148,0.621778,0.649383,0.710225,0.664632,0.664421,0.729633
3.7378,0.628642,0.702413,0.617646,0.60678,0.6217,0.649713,0.708159,0.664649,0.663642,0.729069
3.738,0.627403,0.702179,0.618584,0.605787,0.62196,0.649569,0.706651,0.664476,0.663562,0.728937
3.7382,0.626155,0.701261,0.618118,0.605283,0.622214,0.649554,0.705583,0.6644,0.664251,0.728929
3.7384,0.625618,0.700301,0.616675,0.604963,0.62221,0.64976,0.704174,0.664555,0.665272,0.728863
3.7386,0.625984,0.70038,0.615267,0.604662,0.622018,0.650345,0.70328,0.665003,0.666059,0.728516
3.7388,0.626852,0.701273,0.614915,0.60412,0.621819,0.650649,0.703662,0.665652,0.666131,0.727832
3.739,0.627686,0.701649,0.615708,0.603411,0.621783,0.650421,0.702661,0.666106,0.665474,0.727589
3.7392,0.627601,0.700975,0.617231,0.602795,0.621992,0.650114,0.699991,0.666079,0.664607,0.728069
3.7394,0.626935,0.7001,0.618593,0.602185,0.622502,0.650318,0.697238,0.665892,0.664248,0.728702
3.7396,0.626249,0.699528,0.619407,0.601718,0.623173,0.650716,0.694835,0.66593,0.664591,0.729068
3.7398,0.62626,0.699469,0.619266,0.60194,0.623893,0.650873,0.692834,0.665947,0.665207,0.728931
3.74,0.627168,0.699774,0.618462,0.602558,0.624668,0.650879,0.69133,0.666466,0.666535,0.728724
3.7402,0.628039,0.700114,0.618082,0.603414,0.625358,0.650938,0.689616,0.66716,0.667858,0.729428
3.7404,0.62794,0.699997,0.618415,0.603995,0.625924,0.651096,0.687658,0.667204,0.667527,0.73103
3.7406,0.62749,0.700021,0.618927,0.604159,0.626124,0.651317,0.685673,0.666399,0.665826,0.732739
3.7408,0.626891,0.700218,0.619421,0.604056,0.626016,0.65166,0.68392,0.664713,0.663337,0.733521
3.741,0.626514,0.700549,0.619912,0.603915,0.625999,0.651909,0.683034,0.663461,0.661709,0.733387
3.7412,0.626853,0.700736,0.619964,0.603953,0.626347,0.652028,0.682845,0.66292,0.661537,0.73259
3.7414,0.6271,0.700773,0.619144,0.604759,0.627231,0.652123,0.682639,0.66271,0.662304,0.732561
3.7416,0.626538,0.700358,0.617976,0.606252,0.62826,0.652251,0.68198,0.661988,0.662723,0.73372
3.7418,0.626674,0.6999,0.617205,0.607459,0.628585,0.652797,0.681268,0.660897,0.662133,0.735336
3.742,0.627757,0.699599,0.61712,0.608109,0.628198,0.653985,0.681353,0.659835,0.660783,0.736525
3.7422,0.628673,0.699877,0.617683,0.608558,0.628116,0.65475,0.682026,0.658903,0.659129,0.736531
3.7424,0.628608,0.700584,0.618252,0.608958,0.628606,0.654488,0.682615,0.658252,0.658033,0.735616
3.7426,0.627371,0.701523,0.618562,0.60919,0.629281,0.654113,0.683313,0.65823,0.657766,0.735292
3.7428,0.626018,0.701949,0.618327,0.609016,0.629915,0.654139,0.68398,0.65836,0.657928,0.736378
3.743,0.625714,0.701474,0.618329,0.608546,0.630158,0.654369,0.684367,0.658608,0.658261,0.7381
3.7432,0.626938,0.700696,0.619085,0.608344,0.63042,0.654516,0.684523,0.658472,0.658414,0.739801
3.7434,0.628712,0.700321,0.62011,0.608961,0.630943,0.654312,0.68472,0.657767,0.658153,0.740393
3.7436,0.629501,0.701138,0.620673,0.610122,0.631637,0.653856,0.684586,0.65691,0.657766,0.740288
3.7438,0.628588,0.70275,0.620537,0.611014,0.632257,0.653638,0.683995,0.656423,0.657593,0.7402
3.744,0.626696,0.704084,0.619593,0.611094,0.632586,0.653974,0.683375,0.656549,0.657723,0.740165
3.7442,0.625174,0.704513,0.618274,0.610478,0.632537,0.654795,0.683497,0.657204,0.658158,0.741081
3.7444,0.624839,0.704031,0.617454,0.609596,0.632846,0.655416,0.684756,0.658731,0.659184,0.742264
3.7446,0.62588,0.703126,0.617645,0.609003,0.633976,0.655564,0.686587,0.660028,0.660239,0.742944
3.7448,0.628328,0.702772,0.618309,0.609081,0.6348,0.655008,0.688047,0.660091,0.660679,0.743236
3.745,0.630293,0.703331,0.618578,0.610051,0.634553,0.654037,0.688333,0.659676,0.660973,0.742925
3.7452,0.63043,0.704482,0.617873,0.611306,0.633234,0.653937,0.68754,0.659455,0.66113,0.742846
3.7454,0.628644,0.705564,0.616292,0.611511,0.631696,0.654723,0.686993,0.659522,0.661134,0.74385
3.7456,0.626249,0.705488,0.614569,0.609778,0.630569,0.655742,0.687402,0.660076,0.660971,0.745787
3.7458,0.625251,0.703636,0.613495,0.607636,0.631731,0.65624,0.688555,0.661054,0.661126,0.747766
3.746,0.626254,0.701154,0.613362,0.606642,0.634662,0.656263,0.688733,0.661553,0.66172,0.749027
3.7462,0.628705,0.699798,0.614123,0.60697,0.636636,0.655634,0.687385,0.661541,0.662649,0.74914
3.7464,0.631608,0.700488,0.615033,0.607805,0.636244,0.65555,0.684974,0.661645,0.663628,0.748726
3.7466,0.633467,0.702232,0.615238,0.60834,0.633276,0.656615,0.683625,0.66233,0.66489,0.748512
3.7468,0.633208,0.703291,0.614903,0.608439,0.629326,0.658001,0.6841,0.663819,0.666002,0.748958
3.747,0.63167,0.702839,0.614058,0.608287,0.626693,0.659054,0.685148,0.665633,0.666479,0.750255
3.7472,0.629901,0.701372,0.612957,0.607539,0.626216,0.659157,0.684846,0.666558,0.66625,0.751816
3.7474,0.629317,0.699845,0.612122,0.606268,0.627713,0.658441,0.682538,0.666199,0.665792,0.753245
3.7476,0.630679,0.699262,0.611601,0.60611,0.629663,0.657504,0.679562,0.665367,0.666164,0.75402
3.7478,0.632967,0.699866,0.611336,0.608091,0.630062,0.658192,0.677592,0.665462,0.667241,0.754092
3.748,0.634508,0.700705,0.611269,0.611395,0.628179,0.660542,0.677083,0.666368,0.668334,0.753594
3.7482,0.63469,0.700592,0.611165,0.614123,0.624991,0.663029,0.676404,0.667444,0.669304,0.752995
3.7484,0.634024,0.699395,0.611092,0.614346,0.622365,0.664346,0.67453,0.668654,0.669755,0.75278
3.7486,0.633024,0.698053,0.611081,0.612421,0.621683,0.66385,0.672455,0.669468,0.669446,0.7531
3.7488,0.632493,0.697318,0.611042,0.610156,0.622814,0.661927,0.670818,0.669497,0.668706,0.753739
3.749,0.632908,0.697314,0.610956,0.609093,0.62444,0.659796,0.670689,0.66903,0.668116,0.754394
3.7492,0.633809,0.697721,0.610845,0.609611,0.625092,0.659465,0.671939,0.668572,0.668126,0.754563
3.7494,0.634641,0.698064,0.610713,0.611463,0.624161,0.661228,0.672268,0.668505,0.668758,0.754089
3.7496,0.635334,0.697963,0.610585,0.613293,0.622244,0.663494,0.672316,0.669004,0.669614,0.753179
3.7498,0.635758,0.697506,0.610395,0.613824,0.620621,0.664518,0.672599,0.669878,0.670196,0.752043
3.75,0.635418,0.697119,0.610241,0.612959,0.620274,0.663469,0.674473,0.670424,0.670029,0.7511
3.7502,0.634425,0.697153,0.610495,0.611604,0.621052,0.661614,0.676982,0.67035,0.669632,0.750624
3.7504,0.633407,0.697568,0.61127,0.610742,0.622204,0.659777,0.677541,0.67029,0.669358,0.750268
3.7506,0.632683,0.698056,0.611917,0.610747,0.62319,0.658967,0.678025,0.670438,0.669406,0.749578
3.7508,0.633183,0.698042,0.611934,0.611245,0.623348,0.65926,0.678689,0.670405,0.669749,0.748188
3.751,0.634815,0.697287,0.611245,0.611864,0.622904,0.660107,0.678334,0.670365,0.66991,0.746227
3.7512,0.636456,0.696276,0.610305,0.612229,0.622168,0.660661,0.678417,0.670699,0.670107,0.74407
3.7514,0.636828,0.69581,0.609793,0.612161,0.621656,0.660819,0.678765,0.670896,0.670177,0.742414
3.7516,0.635735,0.696239,0.610112,0.6121,0.621583,0.660389,0.678465,0.671346,0.669814,0.741446
3.7518,0.633873,0.69718,0.611077,0.611908,0.621888,0.660105,0.677968,0.672352,0.669805,0.741385
3.752,0.632952,0.69789,0.612073,0.611719,0.622312,0.66011,0.677554,0.673104,0.670484,0.741018
3.7522,0.633402,0.697954,0.612547,0.612136,0.622655,0.660184,0.677935,0.67322,0.671807,0.739611
3.7524,0.635219,0.697458,0.612326,0.612832,0.622727,0.660026,0.678122,0.672091,0.672792,0.73717
3.7526,0.637517,0.696798,0.611563,0.613637,0.622438,0.659688,0.678652,0.670285,0.672799,0.734132
3.7528,0.639109,0.696491,0.610757,0.614059,0.621823,0.659245,0.679408,0.669424,0.671667,0.731851
3.753,0.639148,0.696637,0.610488,0.614625,0.621068,0.659145,0.680233,0.670659,0.670265,0.730688
3.7532,0.637095,0.696896,0.610928,0.615203,0.620486,0.659025,0.680427,0.672829,0.669582,0.730967
3.7534,0.63474,0.696779,0.611521,0.615864,0.62021,0.658719,0.680513,0.673707,0.669864,0.731731
3.7536,0.634075,0.695841,0.61142,0.616296,0.620068,0.658288,0.6815,0.67301,0.671225,0.731667
3.7538,0.635121,0.694101,0.610452,0.616279,0.620149,0.658125,0.682678,0.671437,0.672852,0.730419
3.754,0.63648,0.692241,0.608976,0.61629,0.620043,0.658354,0.683376,0.670899,0.673397,0.728449
3.7542,0.637129,0.691025,0.608133,0.6171,0.61973,0.658639,0.683882,0.671664,0.672439,0.726845
3.7544,0.636525,0.690663,0.608314,0.618531,0.619204,0.658854,0.683369,0.673236,0.670817,0.726222
3.7546,0.635512,0.69078,0.609219,0.61975,0.618757,0.65897,0.683181,0.674123,0.669894,0.726533
3.7548,0.634819,0.690567,0.610232,0.620233,0.618132,0.659259,0.684568,0.67345,0.670296,0.72747
3.755,0.634976,0.690372,0.610744,0.619997,0.617224,0.659708,0.68668,0.672336,0.671647,0.728279
3.7552,0.635689,0.691471,0.610292,0.619923,0.616296,0.660002,0.688434,0.671595,0.673063,0.728274
3.7554,0.63621,0.693346,0.608853,0.620563,0.615639,0.660102,0.688801,0.671624,0.673435,0.727791
3.7556,0.636117,0.6939,0.607286,0.621815,0.615205,0.660157,0.687351,0.672674,0.672799,0.727608
3.7558,0.635403,0.692251,0.60636,0.622648,0.614877,0.660496,0.687009,0.673714,0.672369,0.727877
3.756,0.634541,0.690865,0.60643,0.622427,0.61454,0.660969,0.687718,0.673591,0.6728,0.728284
3.7562,0.634076,0.691202,0.60707,0.621682,0.614223,0.66133,0.688627,0.672443,0.673782,0.728282
3.7564,0.633942,0.692921,0.60751,0.621027,0.613856,0.662074,0.689278,0.671181,0.67446,0.727766
3.7566,0.633804,0.694824,0.607466,0.621289,0.614007,0.663213,0.689579,0.670522,0.674376,0.727111
3.7568,0.633521,0.695436,0.606967,0.622206,0.61499,0.664105,0.689,0.670918,0.673532,0.727289
3.757,0.633673,0.694605,0.60641,0.623665,0.615585,0.663958,0.688729,0.672069,0.672751,0.728568
3.7572,0.634376,0.693252,0.6063,0.624747,0.615388,0.663648,0.690551,0.672587,0.672506,0.730225
3.7574,0.634798,0.692017,0.60666,0.62534,0.615074,0.66435,0.691926,0.672468,0.673108,0.73167
3.7576,0.634802,0.691896,0.607097,0.625227,0.615028,0.665564,0.690775,0.671868,0.6741,0.73201
3.7578,0.634569,0.693417,0.607384,0.62481,0.615143,0.665846,0.68714,0.670966,0.674486,0.731471
3.758,0.634025,0.695775,0.607342,0.624356,0.615829,0.665138,0.68339,0.671185,0.674033,0.731098
3.7582,0.633512,0.697403,0.606933,0.623818,0.617192,0.664017,0.682385,0.672312,0.673375,0.731388
3.7584,0.63375,0.697845,0.606534,0.623558,0.618248,0.663223,0.682923,0.672584,0.673255,0.732444
3.7586,0.634193,0.697063,0.606868,0.624216,0.618443,0.662984,0.682695,0.670771,0.67425,0.733859
3.7588,0.634604,0.695187,0.607853,0.625565,0.618676,0.6631,0.680741,0.667874,0.676021,0.734824
3.759,0.634569,0.693152,0.608751,0.626345,0.619203,0.663411,0.67779,0.665059,0.676983,0.735217
3.7592,0.633766,0.691865,0.609073,0.625928,0.619903,0.664038,0.677287,0.66329,0.676318,0.735535
3.7594,0.632638,0.691784,0.608784,0.624675,0.620622,0.66478,0.678275,0.6629,0.674797,0.73611
3.7596,0.632112,0.692536,0.608109,0.623553,0.621758,0.665103,0.677531,0.664032,0.673891,0.737273
3.7598,0.63206,0.693941,0.607703,0.623295,0.622708,0.665151,0.674451,0.666495,0.674144,0.738782
3.76,0.632268,0.694752,0.608159,0.623921,0.623525,0.664817,0.671811,0.668169,0.675074,0.739912
3.7602,0.632664,0.694204,0.609281,0.624724,0.624158,0.664469,0.671134,0.667767,0.675877,0.740565
3.7604,0.632945,0.693932,0.610264,0.625285,0.624483,0.664463,0.671457,0.66627,0.675896,0.741129
3.7606,0.632943,0.694286,0.610491,0.625289,0.625139,0.664416,0.671219,0.665367,0.675211,0.742025
3.7608,0.632726,0.69432,0.610046,0.625053,0.625861,0.664602,0.670084,0.665551,0.674264,0.743036
3.761,0.632516,0.694338,0.609651,0.624627,0.626956,0.664941,0.668965,0.667051,0.673356,0.744509
3.7612,0.632517,0.694055,0.609736,0.624255,0.628354,0.664878,0.668927,0.668723,0.673551,0.745656
3.7614,0.633317,0.693505,0.61003,0.623909,0.629228,0.663978,0.670181,0.668651,0.675,0.746107
3.7616,0.635091,0.693897,0.609937,0.624409,0.629346,0.662622,0.672201,0.66624,0.676323,0.746322
3.7618,0.636168,0.695112,0.609071,0.625538,0.629444,0.661409,0.673347,0.663699,0.675963,0.746513
3.762,0.63518,0.696175,0.6076,0.626347,0.629682,0.660477,0.673123,0.663668,0.674949,0.747246
3.7622,0.632862,0.696057,0.60621,0.625928,0.630398,0.660121,0.673,0.666665,0.674318,0.748459
3.7624,0.630419,0.695109,0.606083,0.624825,0.630888,0.660329,0.674049,0.67001,0.674441,0.749325
3.7626,0.629411,0.694308,0.607579,0.623492,0.630513,0.661132,0.67528,0.67077,0.675078,0.749814
3.7628,0.630215,0.694521,0.60913,0.623302,0.628772,0.661414,0.675726,0.668622,0.675682,0.749644
3.763,0.631398,0.695792,0.609242,0.624503,0.627037,0.661223,0.675363,0.666583,0.675685,0.749488
3.7632,0.631458,0.697201,0.607822,0.625717,0.626184,0.660725,0.675283,0.666276,0.675144,0.750067
3.7634,0.630168,0.697931,0.605838,0.625514,0.626571,0.660127,0.675751,0.66739,0.674565,0.751055
3.7636,0.62788,0.698062,0.604156,0.624031,0.627588,0.659937,0.676738,0.669525,0.674348,0.751883
3.7638,0.626103,0.698168,0.60348,0.622439,0.627778,0.660279,0.678395,0.671373,0.674641,0.7522
3.764,0.625792,0.698404,0.603952,0.62215,0.627513,0.660792,0.68052,0.67197,0.675791,0.751825
3.7642,0.626849,0.698859,0.604906,0.623235,0.627568,0.661013,0.682789,0.671805,0.677164,0.751391
3.7644,0.627873,0.69926,0.605579,0.624965,0.628379,0.660497,0.684559,0.672701,0.678086,0.751169
3.7646,0.627869,0.699375,0.605593,0.626205,0.629301,0.659524,0.685176,0.674209,0.678021,0.751397
3.7648,0.626628,0.699397,0.604934,0.626146,0.629574,0.658775,0.684869,0.675287,0.676873,0.751996
3.765,0.625379,0.699665,0.604098,0.625059,0.629259,0.659129,0.684706,0.675243,0.67555,0.752718
3.7652,0.624744,0.700491,0.603694,0.624438,0.628817,0.66025,0.686513,0.674228,0.674904,0.752695
3.7654,0.624549,0.701327,0.603923,0.624786,0.628453,0.660831,0.688326,0.673189,0.674961,0.752273
3.7656,0.624482,0.701672,0.604554,0.625907,0.628342,0.660201,0.689271,0.673724,0.675371,0.751877
3.7658,0.624451,0.700967,0.605176,0.627112,0.628646,0.65892,0.68778,0.676084,0.675599,0.751713
3.766,0.62436,0.699937,0.605479,0.627891,0.62921,0.657921,0.684226,0.678369,0.675313,0.751977
3.7662,0.624088,0.699556,0.605359,0.62759,0.629597,0.657689,0.681687,0.679055,0.674852,0.751651
3.7664,0.623655,0.699891,0.605018,0.626678,0.629494,0.658145,0.682375,0.677845,0.67463,0.750891
3.7666,0.623297,0.700993,0.60476,0.626284,0.629209,0.658492,0.684937,0.675925,0.674585,0.749763
3.7668,0.623279,0.701801,0.605022,0.626693,0.629273,0.658422,0.686461,0.675079,0.674701,0.748805
3.767,0.623461,0.701961,0.605848,0.626886,0.629422,0.658284,0.686108,0.675692,0.674842,0.748661
3.7672,0.623517,0.701118,0.606893,0.626948,0.629542,0.658117,0.684642,0.677688,0.674627,0.748814
3.7674,0.623723,0.699791,0.607362,0.627426,0.629351,0.65788,0.685578,0.679433,0.674305,0.748551
3.7676,0.624377,0.698447,0.606984,0.627752,0.628639,0.657678,0.688125,0.679363,0.673961,0.747617
3.7678,0.625057,0.697841,0.606078,0.627634,0.628126,0.65729,0.688956,0.678292,0.673691,0.746091
3.768,0.625165,0.698466,0.605409,0.626848,0.627997,0.656534,0.688938,0.677344,0.673293,0.744451
3.7682,0.625215,0.699891,0.605507,0.62586,0.627886,0.656058,0.689378,0.677025,0.672786,0.743194
3.7684,0.625193,0.700728,0.606272,0.624952,0.627838,0.656449,0.689579,0.677252,0.67275,0.742259
3.7686,0.624918,0.700359,0.607221,0.624614,0.627701,0.657073,0.690813,0.677653,0.672798,0.74175
3.7688,0.624753,0.699217,0.607808,0.625351,0.626943,0.657559,0.691896,0.677738,0.672616,0.741406
3.769,0.62497,0.697843,0.607712,0.625876,0.625995,0.657636,0.691706,0.677478,0.672183,0.740667
3.7692,0.625255,0.697294,0.606982,0.625509,0.625137,0.656887,0.691342,0.677019,0.672166,0.740278
3.7694,0.625331,0.69778,0.606109,0.624389,0.624934,0.655889,0.691674,0.676348,0.672208,0.740055
3.7696,0.624789,0.698898,0.605651,0.62358,0.62535,0.654938,0.692899,0.676005,0.671894,0.739721
3.7698,0.624214,0.699698,0.605957,0.623274,0.625662,0.654856,0.693412,0.67633,0.671177,0.738835
3.77,0.624331,0.699239,0.606621,0.623582,0.625522,0.655493,0.692744,0.676443,0.670811,0.737448
3.7702,0.625017,0.697875,0.607455,0.62458,0.624954,0.656204,0.692827,0.676113,0.67106,0.735895
3.7704,0.625889,0.696479,0.607644,0.625444,0.62448,0.656543,0.694694,0.676087,0.671666,0.734928
3.7706,0.626339,0.695763,0.606766,0.625767,0.624637,0.656289,0.696214,0.67697,0.671886,0.735007
3.7708,0.626101,0.696499,0.605429,0.625123,0.625463,0.655809,0.696055,0.677711,0.671428,0.735517
3.771,0.625127,0.6984,0.604525,0.623604,0.62681,0.655101,0.694413,0.67751,0.670662,0.736275
3.7712,0.624034,0.700314,0.604448,0.622415,0.62768,0.654958,0.69322,0.676493,0.669926,0.736219
3.7714,0.623463,0.700921,0.604954,0.621893,0.627327,0.65587,0.693762,0.675506,0.669507,0.734936
3.7716,0.624568,0.700495,0.605191,0.622595,0.626399,0.657558,0.694807,0.674936,0.669556,0.733268
3.7718,0.626742,0.699583,0.60481,0.624382,0.625244,0.658545,0.694941,0.674884,0.669857,0.731606
3.772,0.627833,0.698779,0.603839,0.62589,0.624451,0.658615,0.694512,0.67483,0.669901,0.730907
3.7722,0.627224,0.698444,0.602808,0.626385,0.624846,0.657832,0.693525,0.674552,0.669989,0.7319
3.7724,0.625543,0.698413,0.602077,0.625457,0.625891,0.656991,0.692503,0.674646,0.670179,0.733825
3.7726,0.623839,0.698686,0.601837,0.623688,0.626739,0.656469,0.69233,0.674716,0.670302,0.735692
3.7728,0.6232,0.699323,0.601846,0.622716,0.62692,0.656847,0.694148,0.674433,0.670428,0.73635
3.773,0.623766,0.700374,0.601915,0.622875,0.626594,0.65819,0.696582,0.673957,0.670264,0.73556
3.7732,0.624841,0.701123,0.601958,0.623844,0.625988,0.659369,0.696719,0.673335,0.670064,0.734094
3.7734,0.625497,0.701109,0.602153,0.625082,0.625414,0.659572,0.694474,0.672498,0.66989,0.733246
3.7736,0.625594,0.70027,0.602308,0.626456,0.625262,0.659059,0.693472,0.671856,0.670253,0.733628
3.7738,0.625552,0.699131,0.602369,0.627531,0.625789,0.658716,0.694052,0.671638,0.671109,0.734866
3.774,0.625386,0.698362,0.602379,0.62747,0.626271,0.659014,0.695347,0.671871,0.67206,0.736319
3.7742,0.625615,0.698837,0.602596,0.626483,0.626677,0.659557,0.69518,0.671943,0.672253,0.736784
3.7744,0.626761,0.700897,0.603324,0.625225,0.627328,0.659684,0.693693,0.671611,0.671797,0.736515
3.7746,0.627915,0.703112,0.603969,0.624675,0.627362,0.659274,0.692677,0.671424,0.670921,0.73599
3.7748,0.628312,0.703992,0.604051,0.624842,0.626483,0.658975,0.692598,0.672049,0.670571,0.736177
3.775,0.628919,0.703559,0.603577,0.625029,0.625535,0.659176,0.693199,0.673137,0.671251,0.737196
3.7752,0.631402,0.702208,0.602986,0.625313,0.625524,0.659763,0.69412,0.673673,0.672564,0.738445
3.7754,0.634163,0.700504,0.602875,0.625487,0.626176,0.65982,0.694469,0.673268,0.673353,0.739276
3.7756,0.634339,0.69953,0.603674,0.625402,0.627272,0.658977,0.694065,0.67167,0.673502,0.739489
3.7758,0.632147,0.699767,0.604681,0.625339,0.628359,0.657966,0.694461,0.669936,0.673008,0.739678
3.776,0.62959,0.700891,0.605479,0.625227,0.629557,0.657398,0.695141,0.669217,0.671999,0.740247
3.7762,0.627526,0.702397,0.605764,0.624987,0.630205,0.657378,0.695729,0.669481,0.67098,0.741372
3.7764,0.627351,0.703742,0.606141,0.624392,0.629827,0.657614,0.695605,0.670537,0.671194,0.7431
3.7766,0.628975,0.703938,0.606431,0.623768,0.628934,0.658342,0.695743,0.671909,0.672767,0.745017
3.7768,0.630654,0.702493,0.606893,0.623368,0.628203,0.658773,0.695662,0.672701,0.674288,0.746361
3.777,0.630438,0.700991,0.607483,0.623541,0.628195,0.658572,0.696369,0.672174,0.674855,0.746863
3.7772,0.628296,0.700816,0.607772,0.624747,0.629116,0.657619,0.696827,0.671111,0.67411,0.74654
3.7774,0.625565,0.701759,0.607648,0.625879,0.630526,0.656874,0.696699,0.669906,0.672737,0.746316
3.7776,0.624015,0.703527,0.607629,0.625807,0.631595,0.657337,0.697536,0.66874,0.672384,0.746814
3.7778,0.624168,0.705597,0.607981,0.624605,0.631545,0.658659,0.698451,0.668321,0.673079,0.747786
3.778,0.625799,0.706915,0.608946,0.623232,0.630291,0.66008,0.699317,0.668546,0.674491,0.748956
3.7782,0.628468,0.706497,0.609858,0.622935,0.628504,0.660499,0.699107,0.669095,0.676064,0.749956
3.7784,0.629545,0.705075,0.61039,0.623585,0.627165,0.659893,0.697828,0.670171,0.676903,0.750317
3.7786,0.627664,0.704109,0.610683,0.624214,0.627262,0.658748,0.695782,0.67095,0.676487,0.750198
3.7788,0.62377,0.704259,0.611075,0.624438,0.629431,0.658127,0.695903,0.671677,0.675197,0.750416
3.779,0.620072,0.70535,0.611912,0.62475,0.631869,0.658859,0.697672,0.671883,0.67392,0.750478
3.7792,0.618321,0.707128,0.61231,0.624924,0.631935,0.659877,0.698837,0.671202,0.673346,0.750792
3.7794,0.620078,0.708589,0.61118,0.624624,0.629772,0.660422,0.698223,0.669971,0.673988,0.751442
3.7796,0.624268,0.708628,0.60867,0.623993,0.626391,0.660281,0.696772,0.668425,0.675483,0.751645
3.7798,0.627404,0.707507,0.606019,0.623155,0.62377,0.659896,0.696845,0.667156,0.676873,0.752143
3.78,0.62741,0.706248,0.60467,0.622489,0.623047,0.659119,0.698081,0.666928,0.67757,0.752456
3.7802,0.625334,0.706,0.604935,0.622635,0.623955,0.658449,0.699394,0.667622,0.677174,0.752526
3.7804,0.623093,0.707024,0.606418,0.623684,0.624892,0.657917,0.699365,0.668606,0.67575,0.752694
3.7806,0.62192,0.7091,0.6078,0.624739,0.625943,0.657866,0.699984,0.669612,0.674291,0.752723
3.7808,0.623118,0.710765,0.60845,0.625077,0.625931,0.658615,0.70206,0.670158,0.673924,0.752608
3.781,0.624966,0.711026,0.609064,0.625027,0.624221,0.659225,0.703777,0.669797,0.674423,0.752299
3.7812,0.626335,0.709604,0.609575,0.624483,0.621613,0.659418,0.703486,0.669059,0.675715,0.751883
3.7814,0.62675,0.707501,0.609427,0.623437,0.619505,0.659388,0.70248,0.668836,0.676998,0.751515
3.7816,0.626232,0.706278,0.608601,0.6228,0.618564,0.65931,0.702341,0.669098,0.67716,0.751573
3.7818,0.625649,0.706683,0.607774,0.623351,0.61869,0.658778,0.703483,0.669388,0.676324,0.751625
3.782,0.625258,0.708211,0.60755,0.624502,0.619236,0.657848,0.704579,0.669401,0.67522,0.751771
3.7822,0.625454,0.709842,0.607835,0.624959,0.619407,0.657036,0.703992,0.669144,0.674616,0.751696
3.7824,0.625913,0.710039,0.608203,0.624133,0.619014,0.656804,0.702346,0.668852,0.675139,0.75107
3.7826,0.626064,0.709076,0.608334,0.622487,0.618372,0.657199,0.700989,0.668727,0.675895,0.750191
3.7828,0.626128,0.708112,0.608096,0.621052,0.617814,0.65778,0.701129,0.668878,0.676538,0.748949
3.783,0.626274,0.707501,0.607556,0.620576,0.617491,0.657946,0.702048,0.669304,0.676919,0.748081
3.7832,0.626071,0.707593,0.607082,0.621137,0.617475,0.657225,0.703777,0.669835,0.676709,0.748087
3.7834,0.625707,0.7081,0.607236,0.621848,0.617479,0.656594,0.70425,0.670173,0.676201,0.74849
3.7836,0.625267,0.708562,0.60816,0.622086,0.617206,0.6566,0.703823,0.67005,0.675912,0.748762
3.7838,0.62508,0.708303,0.609097,0.621825,0.616974,0.656831,0.70455,0.669579,0.675502,0.748121
3.784,0.625471,0.70736,0.609263,0.621628,0.617282,0.656813,0.70581,0.669155,0.675083,0.74662
3.7842,0.626551,0.705824,0.608473,0.62153,0.618043,0.656356,0.705454,0.669428,0.674996,0.744603
3.7844,0.628067,0.704563,0.60724,0.621284,0.618929,0.655573,0.704516,0.669688,0.675176,0.743223
3.7846,0.628771,0.704217,0.60643,0.621161,0.619841,0.654674,0.703681,0.669398,0.675612,0.742394
3.7848,0.62822,0.704745,0.606546,0.62117,0.620447,0.654042,0.70235,0.668269,0.676335,0.742475
3.785,0.626746,0.705897,0.607427,0.620907,0.620375,0.654409,0.700767,0.666253,0.676564,0.742649
3.7852,0.625382,0.706495,0.608486,0.620305,0.620189,0.655674,0.700442,0.66413,0.676168,0.74253
3.7854,0.624655,0.706073,0.609133,0.619769,0.620643,0.657134,0.701564,0.662713,0.675482,0.741824
3.7856,0.625976,0.704753,0.609035,0.62002,0.62144,0.657427,0.702854,0.662087,0.674924,0.740097
3.7858,0.628607,0.703717,0.608186,0.620759,0.621979,0.655964,0.703613,0.66206,0.674863,0.738298
3.786,0.630645,0.703792,0.607008,0.621792,0.622013,0.654164,0.704439,0.661796,0.675104,0.737245
3.7862,0.631067,0.704619,0.606453,0.622436,0.621352,0.653021,0.703997,0.660683,0.675513,0.737175
3.7864,0.630157,0.705272,0.606814,0.621823,0.620653,0.653454,0.703262,0.658924,0.676092,0.737365
3.7866,0.628123,0.705124,0.607508,0.620393,0.620468,0.654732,0.704568,0.657038,0.676372,0.737172
3.7868,0.626506,0.70415,0.607882,0.619606,0.621222,0.655605,0.706856,0.655791,0.676416,0.73633
3.787,0.627029,0.703216,0.607605,0.619909,0.621958,0.655589,0.707105,0.655369,0.676009,0.735275
3.7872,0.629032,0.702808,0.606913,0.621451,0.621897,0.655831,0.705515,0.655154,0.675285,0.734326
3.7874,0.630477,0.702613,0.605999,0.622866,0.62071,0.656158,0.703207,0.654513,0.675054,0.733435
3.7876,0.630335,0.702249,0.605277,0.623481,0.619087,0.656435,0.701625,0.653345,0.675094,0.732977
3.7878,0.628654,0.701603,0.605033,0.622916,0.617939,0.656189,0.700845,0.652243,0.675382,0.732519
3.788,0.62637,0.700866,0.605426,0.622116,0.617593,0.655998,0.699861,0.65171,0.675786,0.732506
3.7882,0.624805,0.700763,0.606085,0.621666,0.617553,0.655939,0.698309,0.651817,0.675782,0.73268
3.7884,0.62512,0.701609,0.606606,0.622553,0.617201,0.655875,0.696041,0.652309,0.675677,0.732706
3.7886,0.627183,0.702633,0.606863,0.624381,0.616239,0.656799,0.693882,0.652787,0.675027,0.732664
3.7888,0.629531,0.702676,0.606272,0.625661,0.614776,0.658453,0.691526,0.653029,0.674251,0.732231
3.789,0.630553,0.701697,0.604973,0.626019,0.613294,0.659207,0.689569,0.6532,0.673968,0.731807
3.7892,0.629542,0.700288,0.604083,0.62532,0.61248,0.659102,0.687414,0.653139,0.674461,0.731848
3.7894,0.627965,0.699634,0.60415,0.624992,0.612511,0.658682,0.685879,0.653129,0.675176,0.732135
3.7896,0.627219,0.700892,0.605255,0.625284,0.612881,0.658382,0.684099,0.653739,0.675342,0.732498
3.7898,0.627894,0.703122,0.606426,0.625859,0.612848,0.658748,0.682443,0.654845,0.67472,0.732542
3.79,0.629518,0.704759,0.607109,0.626623,0.612094,0.659655,0.68103,0.655514,0.673771,0.73213
3.7902,0.630728,0.704522,0.607284,0.626813,0.611703,0.660319,0.679726,0.655304,0.673271,0.731654
3.7904,0.630838,0.702882,0.606899,0.625569,0.612912,0.660225,0.677677,0.65439,0.67335,0.731605
3.7906,0.629789,0.700881,0.60629,0.62296,0.614812,0.659356,0.675309,0.653536,0.674201,0.732467
3.7908,0.628019,0.700152,0.606072,0.620337,0.616313,0.658345,0.673482,0.653559,0.675006,0.733749
3.791,0.627194,0.700948,0.606503,0.619026,0.616684,0.657876,0.67282,0.654549,0.675266,0.734679
3.7912,0.627362,0.702174,0.607215,0.618731,0.616326,0.658153,0.673038,0.655854,0.674923,0.735117
3.7914,0.628312,0.702762,0.607724,0.618815,0.616061,0.658659,0.673148,0.65668,0.674853,0.734998
3.7916,0.628839,0.702181,0.608047,0.618731,0.616122,0.658782,0.672731,0.656563,0.674988,0.735461
3.7918,0.628731,0.700725,0.608455,0.617776,0.616372,0.658863,0.672436,0.655697,0.675273,0.735964
3.792,0.628013,0.699524,0.609076,0.616085,0.616706,0.658708,0.673004,0.655168,0.675221,0.736054
3.7922,0.62696,0.700412,0.609732,0.614411,0.616986,0.65869,0.674351,0.655598,0.674359,0.735584
3.7924,0.626196,0.702564,0.6104,0.613222,0.617139,0.659002,0.675633,0.656715,0.673034,0.734439
3.7926,0.626194,0.703567,0.610631,0.612543,0.617818,0.659048,0.676353,0.657383,0.671891,0.733737
3.7928,0.626732,0.702038,0.61036,0.612612,0.618524,0.658589,0.676616,0.656458,0.671604,0.73411
3.793,0.627234,0.698574,0.609993,0.614331,0.618273,0.658215,0.676329,0.654397,0.671917,0.734863
3.7932,0.627154,0.695069,0.610024,0.616774,0.61703,0.658044,0.675591,0.653205,0.671929,0.735596
3.7934,0.626745,0.693701,0.610585,0.618098,0.615637,0.659104,0.675881,0.65421,0.670938,0.736052
3.7936,0.626328,0.695381,0.611406,0.617932,0.614413,0.661499,0.67718,0.657216,0.668898,0.735462
3.7938,0.626971,0.698756,0.612074,0.617084,0.614177,0.66342,0.678962,0.660293,0.667083,0.735096
3.794,0.62792,0.700604,0.61223,0.616293,0.614755,0.663515,0.680347,0.661867,0.666089,0.735872
3.7942,0.628698,0.69937,0.611886,0.616073,0.6157,0.662506,0.680884,0.661224,0.665908,0.736972
3.7944,0.62936,0.695887,0.61233,0.616808,0.61598,0.661077,0.681175,0.660355,0.665802,0.738257
3.7946,0.630096,0.692231,0.613757,0.618362,0.615022,0.659896,0.68229,0.661285,0.665186,0.738456
3.7948,0.6307,0.6907,0.614976,0.619571,0.613483,0.660198,0.684763,0.66366,0.664174,0.737599
3.795,0.630625,0.691955,0.615016,0.620243,0.612545,0.662053,0.687909,0.665772,0.663032,0.736654
3.7952,0.630254,0.694584,0.613761,0.620693,0.612794,0.663926,0.689992,0.66649,0.662089,0.735719
3.7954,0.629655,0.696298,0.612018,0.620798,0.614056,0.664452,0.690421,0.665991,0.661605,0.735771
3.7956,0.62903,0.695973,0.611349,0.620569,0.615441,0.66377,0.689324,0.665187,0.662253,0.736687
3.7958,0.629446,0.693894,0.612086,0.620092,0.616847,0.662608,0.688267,0.66434,0.664543,0.73784
3.796,0.630835,0.691756,0.613427,0.620165,0.617614,0.661641,0.688498,0.663503,0.666985,0.738655
3.7962,0.631883,0.690861,0.614071,0.621178,0.617597,0.661247,0.690073,0.662742,0.668229,0.739019
3.7964,0.632527,0.691529,0.613329,0.622407,0.616728,0.661335,0.69169,0.662028,0.66785,0.738776
3.7966,0.633122,0.693512,0.611999,0.622972,0.615528,0.661842,0.692426,0.661383,0.666872,0.738661
3.7968,0.633146,0.695603,0.610899,0.622556,0.61477,0.662455,0.691361,0.660586,0.66655,0.739017
3.797,0.632494,0.696164,0.610409,0.621793,0.614594,0.662647,0.689483,0.659689,0.667157,0.739578
3.7972,0.63155,0.695773,0.610445,0.62199,0.614808,0.662547,0.689104,0.659121,0.668433,0.740663
3.7974,0.631186,0.695026,0.610592,0.623246,0.616133,0.662727,0.688455,0.660751,0.669558,0.741923
3.7976,0.631446,0.69455,0.610745,0.624763,0.618176,0.66282,0.686473,0.662936,0.669503,0.742961
3.7978,0.631504,0.694278,0.611648,0.625274,0.618895,0.662197,0.685207,0.663375,0.668789,0.743119
3.798,0.631462,0.694303,0.61278,0.624816,0.618076,0.661206,0.685391,0.662118,0.668505,0.742399
3.7982,0.631633,0.694544,0.613554,0.62401,0.616412,0.66084,0.684935,0.659869,0.669077,0.741354
3.7984,0.63227,0.694861,0.613442,0.623452,0.614788,0.661224,0.682817,0.657672,0.669894,0.740837
3.7986,0.632702,0.695673,0.613021,0.623659,0.613902,0.661654,0.67985,0.656536,0.670382,0.741466
3.7988,0.632207,0.697185,0.613079,0.6243,0.614037,0.66174,0.677807,0.656665,0.670365,0.742657
3.799,0.631387,0.698286,0.613379,0.624997,0.614912,0.66116,0.677475,0.657253,0.669751,0.743956
3.7992,0.630371,0.698638,0.613642,0.624872,0.615935,0.660374,0.677543,0.65739,0.669419,0.744532
3.7994,0.629772,0.698089,0.613507,0.623928,0.616428,0.659635,0.676773,0.656762,0.669767,0.744202
3.7996,0.629793,0.696648,0.612905,0.623322,0.616143,0.65982,0.675358,0.655746,0.670791,0.743219
3.7998,0.63004,0.695181,0.612369,0.623406,0.615351,0.660668,0.67422,0.655052,0.67177,0.742534
3.8,0.630209,0.695321,0.612561,0.624165,0.614583,0.660953,0.674063,0.65519,0.671985,0.742043
3.8002,0.629965,0.697333,0.61334,0.62477,0.614334,0.660232,0.674911,0.655935,0.671064,0.742013
3.8004,0.629501,0.69944,0.613801,0.624302,0.615184,0.659179,0.676159,0.656534,0.669497,0.741663
3.8006,0.629366,0.700145,0.613709,0.622959,0.616651,0.658095,0.676971,0.656753,0.668338,0.740387
3.8008,0.629404,0.69905,0.613065,0.621562,0.617792,0.657163,0.676945,0.657075,0.668092,0.738696
3.801,0.629175,0.696722,0.612102,0.620769,0.617995,0.656664,0.677002,0.657462,0.668121,0.736887
3.8012,0.628498,0.695106,0.611572,0.621042,0.617589,0.656871,0.677909,0.657709,0.667941,0.735972
3.8014,0.628101,0.695775,0.611593,0.621882,0.617202,0.657208,0.67888,0.657593,0.667435,0.735836
3.8016,0.628128,0.698084,0.612497,0.623011,0.617295,0.656941,0.67925,0.657137,0.666401,0.735541
3.8018,0.628735,0.700297,0.613715,0.623646,0.618352,0.65595,0.678607,0.656719,0.66551,0.734272
3.802,0.629268,0.701348,0.614444,0.623745,0.620133,0.654741,0.677748,0.65679,0.664494,0.732154
3.8022,0.629287,0.701139,0.614284,0.622968,0.621599,0.65397,0.677362,0.657505,0.663617,0.729753
3.8024,0.628622,0.700342,0.613348,0.622127,0.622314,0.653916,0.677631,0.658593,0.66291,0.728403
3.8026,0.628388,0.699555,0.612432,0.621781,0.622326,0.654122,0.678341,0.659568,0.662404,0.728252
3.8028,0.629283,0.69934,0.612431,0.621882,0.621615,0.654621,0.67925,0.660125,0.661921,0.728418
3.803,0.630918,0.699784,0.613639,0.622328,0.620736,0.655383,0.680576,0.660176,0.661512,0.727781
3.8032,0.632242,0.700435,0.615096,0.622611,0.620306,0.655808,0.68218,0.6599,0.660747,0.725871
3.8034,0.631821,0.700494,0.616039,0.622348,0.621004,0.655343,0.683536,0.659817,0.659433,0.723157
3.8036,0.630309,0.700103,0.615733,0.621799,0.6223,0.654182,0.683832,0.660177,0.65818,0.720875
3.8038,0.629178,0.699538,0.614876,0.621684,0.624008,0.653551,0.683263,0.660757,0.657418,0.719648
3.804,0.628617,0.699106,0.614362,0.621957,0.625287,0.653424,0.682285,0.660796,0.657108,0.71959
3.8042,0.628569,0.698948,0.614777,0.622695,0.625564,0.653851,0.681748,0.660356,0.657117,0.720133
3.8044,0.628687,0.698966,0.615479,0.62337,0.625014,0.654508,0.681992,0.659246,0.657056,0.720362
3.8046,0.629106,0.699032,0.615811,0.623501,0.623972,0.654523,0.68155,0.658345,0.65683,0.719949
3.8048,0.628879,0.699007,0.615581,0.622922,0.62361,0.653929,0.679828,0.657845,0.656511,0.719012
3.805,0.628752,0.698834,0.615131,0.622764,0.624143,0.653488,0.679271,0.657681,0.656292,0.718044
3.8052,0.629359,0.698658,0.614899,0.622991,0.625112,0.65369,0.679503,0.657708,0.656444,0.717658
3.8054,0.630292,0.698385,0.615011,0.623411,0.62546,0.653948,0.678589,0.657562,0.656944,0.717814
3.8056,0.631187,0.698412,0.6152,0.623343,0.625187,0.653978,0.675983,0.656615,0.657536,0.718391
3.8058,0.631909,0.698779,0.615282,0.622989,0.624926,0.654162,0.672583,0.65545,0.657857,0.719636
3.806,0.631462,0.699169,0.615135,0.622794,0.624814,0.654337,0.670275,0.654549,0.657941,0.720956
3.8062,0.629987,0.699689,0.614888,0.622857,0.624779,0.653933,0.669141,0.65358,0.658213,0.721826
3.8064,0.62947,0.700034,0.614857,0.622961,0.625122,0.65328,0.668726,0.652633,0.658632,0.72167
3.8066,0.631337,0.699279,0.614923,0.622848,0.625617,0.653118,0.668639,0.652183,0.65888,0.720809
3.8068,0.633871,0.697676,0.615355,0.623125,0.626189,0.653333,0.668369,0.653503,0.658808,0.719896
3.807,0.635117,0.695978,0.615878,0.623574,0.627629,0.653494,0.666691,0.655555,0.658404,0.719602
3.8072,0.634117,0.695068,0.616543,0.624051,0.629266,0.653367,0.663442,0.65644,0.657942,0.720351
3.8074,0.631932,0.695491,0.617029,0.624235,0.629894,0.653101,0.660352,0.655469,0.657897,0.722422
3.8076,0.63013,0.696043,0.617305,0.623879,0.629215,0.652883,0.659178,0.653616,0.658371,0.724471
3.8078,0.630135,0.695891,0.617178,0.623203,0.627906,0.652802,0.660126,0.65235,0.659045,0.725672
3.808,0.631751,0.695287,0.617293,0.622521,0.627431,0.652868,0.66145,0.652538,0.659556,0.726084
3.8082,0.633511,0.695122,0.61787,0.622231,0.628102,0.652507,0.661479,0.654284,0.659533,0.725606
3.8084,0.634019,0.695639,0.618263,0.622625,0.629352,0.652205,0.66025,0.656314,0.658995,0.725214
3.8086,0.633147,0.696019,0.618239,0.622823,0.629732,0.65242,0.65915,0.657017,0.65827,0.72582
3.8088,0.631556,0.695497,0.617487,0.622418,0.628835,0.653242,0.65969,0.65654,0.657946,0.726919
3.809,0.630035,0.694522,0.616421,0.621965,0.627336,0.654405,0.661934,0.656222,0.658178,0.728104
3.8092,0.62924,0.693468,0.615601,0.621413,0.626118,0.655114,0.664134,0.656831,0.659273,0.728754
3.8094,0.629819,0.692562,0.615551,0.621275,0.62579,0.654564,0.664784,0.658423,0.661008,0.72917
3.8096,0.631044,0.69212,0.616221,0.621497,0.626656,0.653375,0.663641,0.660213,0.661605,0.730119
3.8098,0.631315,0.691876,0.616991,0.621924,0.628013,0.652634,0.662112,0.661236,0.660712,0.731119
3.81,0.630799,0.691624,0.617447,0.622285,0.628969,0.652632,0.661982,0.660759,0.658998,0.732034
3.8102,0.63015,0.691717,0.617398,0.622847,0.629428,0.653,0.663313,0.660204,0.65675,0.732959
3.8104,0.629364,0.691742,0.616911,0.62349,0.629294,0.65343,0.664625,0.661173,0.654895,0.733749
3.8106,0.628492,0.69194,0.616405,0.62422,0.629291,0.653543,0.665132,0.662788,0.65405,0.734643
3.8108,0.627715,0.69233,0.61658,0.62434,0.630087,0.653028,0.665405,0.664051,0.654517,0.735251
3.811,0.627316,0.692437,0.617486,0.624129,0.631336,0.652218,0.666197,0.665347,0.656589,0.735577
3.8112,0.627609,0.692033,0.618088,0.624298,0.632174,0.651531,0.66786,0.666602,0.659588,0.73629
3.8114,0.628872,0.691509,0.617621,0.624908,0.631916,0.651157,0.670264,0.666913,0.660962,0.737294
3.8116,0.630369,0.691589,0.616222,0.625319,0.630809,0.651721,0.672555,0.666464,0.659286,0.738538
3.8118,0.631052,0.692119,0.614824,0.624651,0.630006,0.652824,0.673708,0.665853,0.655677,0.739711
3.812,0.630877,0.692783,0.615118,0.622776,0.629809,0.653413,0.673836,0.666049,0.652316,0.740347
3.8122,0.629948,0.692945,0.617787,0.620323,0.630544,0.653193,0.674605,0.667083,0.651069,0.740353
3.8124,0.628658,0.692254,0.620847,0.61865,0.63211,0.652425,0.675763,0.668215,0.652204,0.74004
3.8126,0.628034,0.691117,0.622078,0.619016,0.633498,0.651828,0.676799,0.668405,0.654333,0.739839
3.8128,0.628924,0.690628,0.621353,0.620288,0.634131,0.651642,0.677156,0.667874,0.655654,0.740085
3.813,0.630387,0.691163,0.619786,0.620992,0.633615,0.652054,0.676362,0.667392,0.655286,0.740797
3.8132,0.63184,0.692285,0.618754,0.619812,0.632553,0.652786,0.676224,0.667976,0.653976,0.742097
3.8134,0.632932,0.693423,0.618812,0.617222,0.631588,0.653198,0.677437,0.669017,0.653045,0.743514
3.8136,0.633501,0.693745,0.619817,0.614903,0.631589,0.65309,0.678158,0.670093,0.653061,0.744338
3.8138,0.633255,0.693548,0.621207,0.614083,0.632782,0.652792,0.677089,0.670762,0.654317,0.7445
3.814,0.632385,0.693681,0.621879,0.614713,0.634529,0.652472,0.675147,0.671115,0.656179,0.744062
3.8142,0.631834,0.694592,0.62129,0.616068,0.635642,0.652523,0.674018,0.670835,0.657047,0.743723
3.8144,0.63167,0.695787,0.62023,0.616368,0.635535,0.652631,0.674987,0.670425,0.657292,0.743407
3.8146,0.631745,0.696397,0.619472,0.614769,0.634888,0.652681,0.678828,0.669883,0.658137,0.743068
3.8148,0.632008,0.695984,0.618994,0.612292,0.634099,0.652436,0.682722,0.669124,0.659772,0.743056
3.815,0.631987,0.694923,0.618901,0.61055,0.633548,0.652188,0.68384,0.668315,0.661115,0.743005
3.8152,0.631705,0.693888,0.619289,0.610104,0.633286,0.652042,0.683059,0.667506,0.661726,0.742697
3.8154,0.630876,0.69394,0.619699,0.610621,0.633257,0.652059,0.681948,0.666874,0.661501,0.742442
3.8156,0.630187,0.694873,0.619889,0.611046,0.633233,0.652319,0.682282,0.665936,0.660822,0.742135
3.8158,0.629884,0.6959,0.619927,0.610668,0.633133,0.65232,0.684858,0.664871,0.660636,0.742589
3.816,0.630241,0.69636,0.619253,0.609805,0.633112,0.652523,0.688044,0.663584,0.661757,0.743513
3.8162,0.630438,0.695605,0.618332,0.609168,0.633161,0.653193,0.689558,0.6631,0.66373,0.743869
3.8164,0.630115,0.694815,0.617954,0.609136,0.633172,0.653265,0.689082,0.663008,0.665325,0.743576
3.8166,0.628987,0.694908,0.618121,0.6096,0.632935,0.65198,0.688151,0.662354,0.665686,0.74249
3.8168,0.627821,0.695965,0.61878,0.610079,0.632935,0.650867,0.688776,0.66149,0.664791,0.741036
3.817,0.627277,0.697042,0.619166,0.60992,0.632955,0.650556,0.690558,0.660359,0.663296,0.740356
3.8172,0.627139,0.697401,0.61882,0.609349,0.632948,0.650737,0.692133,0.658713,0.662521,0.740019
3.8174,0.626989,0.696707,0.617819,0.609392,0.632853,0.651202,0.693297,0.657016,0.663287,0.740143
3.8176,0.626866,0.695355,0.61702,0.610155,0.63287,0.651531,0.69437,0.655956,0.664829,0.740306
3.8178,0.626656,0.694469,0.617219,0.610868,0.633065,0.651476,0.694714,0.655556,0.665947,0.740408
3.818,0.626282,0.694812,0.617902,0.610921,0.633112,0.651127,0.694694,0.655564,0.665401,0.740271
3.8182,0.625975,0.696345,0.618744,0.61038,0.633095,0.650967,0.695084,0.655623,0.663758,0.740027
3.8184,0.625818,0.698036,0.618972,0.609704,0.632773,0.651071,0.695859,0.655376,0.661612,0.739303
3.8186,0.625638,0.698885,0.618742,0.609432,0.632512,0.65122,0.697406,0.654802,0.66031,0.738421
3.8188,0.625406,0.69893,0.618367,0.609772,0.632536,0.651323,0.69827,0.654244,0.660498,0.737671
3.819,0.625117,0.698573,0.618267,0.610532,0.632624,0.651237,0.697993,0.654078,0.661383,0.737064
3.8192,0.624812,0.698134,0.618553,0.61124,0.632807,0.650977,0.696963,0.654529,0.661498,0.737571
3.8194,0.624694,0.698181,0.618577,0.611471,0.632693,0.650818,0.697557,0.655536,0.660466,0.738994
3.8196,0.625011,0.698481,0.618031,0.610964,0.632098,0.650846,0.699492,0.656599,0.658801,0.739997
3.8198,0.625004,0.698693,0.617278,0.609833,0.631555,0.651184,0.700963,0.657085,0.657512,0.739695
3.82,0.62485,0.698056,0.616515,0.608803,0.6314,0.651661,0.70055,0.657007,0.657191,0.737514
3.8202,0.624858,0.696764,0.616335,0.608456,0.631476,0.651689,0.699269,0.65699,0.657394,0.734456
3.8204,0.624939,0.695234,0.616934,0.608594,0.631299,0.65106,0.700195,0.65759,0.657639,0.732162
3.8206,0.624704,0.693888,0.618021,0.608642,0.630773,0.650345,0.703578,0.658503,0.657212,0.731368
3.8208,0.623976,0.69315,0.618587,0.607953,0.630024,0.650197,0.707411,0.659499,0.656385,0.73217
3.821,0.622998,0.692812,0.618314,0.60652,0.629478,0.650557,0.708487,0.660213,0.655342,0.733744
3.8212,0.622311,0.692412,0.61756,0.604937,0.629336,0.650941,0.707433,0.660365,0.655043,0.734605
3.8214,0.622406,0.691182,0.616831,0.603649,0.629602,0.650766,0.706056,0.660289,0.655623,0.734183
3.8216,0.623181,0.68968,0.616936,0.602778,0.629854,0.650646,0.706885,0.660553,0.656345,0.732831
3.8218,0.62408,0.688217,0.61784,0.602092,0.62988,0.650779,0.708665,0.66131,0.656721,0.731319
3.822,0.624536,0.687101,0.618922,0.601684,0.629877,0.651475,0.711436,0.662348,0.656507,0.730689
3.8222,0.62433,0.686373,0.619808,0.601232,0.629772,0.651947,0.713979,0.66322,0.655975,0.731051
3.8224,0.623661,0.685754,0.619872,0.601142,0.629832,0.65124,0.713873,0.663349,0.655606,0.732075
3.8226,0.622944,0.684625,0.619013,0.601761,0.630603,0.649584,0.71328,0.663378,0.655856,0.733867
3.8228,0.622833,0.683029,0.61808,0.602129,0.631957,0.648556,0.712966,0.663889,0.656708,0.735005
3.823,0.623607,0.681789,0.617505,0.601584,0.632719,0.648836,0.712515,0.66528,0.6575,0.734492
3.8232,0.624536,0.682675,0.617489,0.600643,0.632499,0.649916,0.712827,0.666443,0.657685,0.732192
3.8234,0.624854,0.684974,0.618089,0.600516,0.631439,0.651202,0.71427,0.666118,0.657236,0.729048
3.8236,0.623816,0.686963,0.619528,0.601953,0.63041,0.651905,0.714884,0.664745,0.656672,0.726922
3.8238,0.622107,0.687312,0.620733,0.605076,0.629908,0.651837,0.714329,0.663425,0.656552,0.726446
3.824,0.621298,0.686298,0.621057,0.607586,0.630724,0.651178,0.714103,0.66265,0.657041,0.72755
3.8242,0.621438,0.685178,0.62109,0.608194,0.632741,0.650561,0.714254,0.662501,0.657921,0.729486
3.8244,0.622032,0.684841,0.621363,0.607327,0.634669,0.650528,0.715856,0.662975,0.658823,0.730491
3.8246,0.621998,0.68568,0.621349,0.606814,0.634896,0.650843,0.717851,0.663421,0.659408,0.730075
3.8248,0.621456,0.687073,0.621029,0.607237,0.633537,0.651798,0.718748,0.662767,0.659591,0.729786
3.825,0.620561,0.687876,0.620481,0.608159,0.631919,0.652842,0.718495,0.661244,0.65953,0.729844
3.8252,0.618898,0.688549,0.619909,0.60893,0.63094,0.653172,0.717247,0.659408,0.659536,0.730261
3.8254,0.617169,0.689617,0.619633,0.609259,0.631154,0.652665,0.716693,0.65813,0.659806,0.730346
3.8256,0.616584,0.690344,0.619782,0.609167,0.632376,0.651584,0.717654,0.657872,0.660237,0.729743
3.8258,0.616937,0.689976,0.619985,0.609081,0.633818,0.650731,0.718859,0.658544,0.660432,0.729743
3.826,0.61756,0.688591,0.62026,0.609502,0.634546,0.651084,0.718909,0.659325,0.660247,0.731186
3.8262,0.617833,0.686868,0.620333,0.610633,0.633939,0.652463,0.717794,0.65923,0.65963,0.733532
3.8264,0.617673,0.685842,0.620601,0.611696,0.632567,0.654146,0.716765,0.658196,0.659193,0.736028
3.8266,0.616976,0.686209,0.621347,0.612009,0.631544,0.655019,0.716736,0.657024,0.659049,0.736945
3.8268,0.616097,0.687856,0.621985,0.61139,0.631578,0.654813,0.717586,0.656492,0.659195,0.736249
3.827,0.615549,0.690044,0.621948,0.610616,0.632995,0.654217,0.718298,0.656842,0.659665,0.735879
3.8272,0.615568,0.691105,0.621503,0.610376,0.634784,0.653354,0.718213,0.657771,0.659437,0.736835
3.8274,0.616003,0.690808,0.62097,0.610849,0.635269,0.653217,0.717515,0.65883,0.658432,0.738751
3.8276,0.616466,0.689483,0.620902,0.612363,0.63431,0.654231,0.717026,0.659638,0.657334,0.74067
3.8278,0.616563,0.688384,0.621179,0.614099,0.633014,0.65539,0.717407,0.660005,0.656687,0.741527
3.828,0.616069,0.68821,0.62139,0.61495,0.632769,0.655907,0.718944,0.659934,0.656788,0.740643
3.8282,0.615307,0.689003,0.621115,0.614693,0.633557,0.655587,0.721063,0.659734,0.656965,0.739276
3.8284,0.614772,0.690373,0.620121,0.613785,0.634441,0.65472,0.722496,0.660094,0.65648,0.738576
3.8286,0.614836,0.692171,0.619205,0.613228,0.634668,0.654171,0.722784,0.661155,0.655288,0.73924
3.8288,0.615444,0.693711,0.61897,0.613175,0.634141,0.654512,0.722097,0.6622,0.653937,0.740585
3.829,0.616168,0.693706,0.619729,0.613991,0.632883,0.655089,0.721021,0.662722,0.65306,0.741508
3.8292,0.616798,0.692476,0.620682,0.615454,0.632245,0.655188,0.719668,0.662588,0.652917,0.741763
3.8294,0.61772,0.691253,0.621013,0.61652,0.633064,0.654588,0.718289,0.662368,0.653239,0.741156
3.8296,0.617983,0.690916,0.620339,0.616927,0.634605,0.653625,0.717373,0.662469,0.653506,0.740277
3.8298,0.617246,0.691987,0.619336,0.616499,0.635652,0.652945,0.71631,0.663345,0.65347,0.740352
3.83,0.616296,0.69393,0.618536,0.616343,0.635525,0.653012,0.714885,0.664704,0.653241,0.741216
3.8302,0.616011,0.695396,0.618558,0.617174,0.634412,0.653595,0.713724,0.665961,0.653097,0.74292
3.8304,0.616445,0.69542,0.619124,0.618852,0.633197,0.654008,0.711448,0.666627,0.653253,0.744391
3.8306,0.617701,0.694115,0.619623,0.620561,0.633112,0.654209,0.70955,0.666539,0.653718,0.744105
3.8308,0.619411,0.692473,0.619621,0.621079,0.633928,0.653771,0.707953,0.666043,0.65417,0.743002
3.831,0.62003,0.691762,0.618823,0.620653,0.634687,0.652965,0.706469,0.665756,0.654491,0.741963
3.8312,0.619277,0.692214,0.617228,0.619901,0.634853,0.652811,0.705141,0.665945,0.654858,0.741917
3.8314,0.617612,0.693441,0.615682,0.619326,0.634358,0.653199,0.704111,0.666067,0.655465,0.743278
3.8316,0.615521,0.694564,0.61471,0.619556,0.633588,0.653102,0.702466,0.665686,0.65649,0.744878
3.8318,0.613891,0.694548,0.614285,0.620206,0.63309,0.652635,0.699419,0.664581,0.657788,0.745577
3.832,0.6133,0.693816,0.614149,0.620831,0.63292,0.651889,0.696725,0.663415,0.659368,0.745385
3.8322,0.613604,0.693135,0.613753,0.620982,0.632901,0.651632,0.696202,0.662753,0.660699,0.744174
3.8324,0.614375,0.693494,0.612802,0.621182,0.632617,0.652721,0.69669,0.663091,0.661273,0.742618
3.8326,0.61519,0.694458,0.61186,0.621827,0.631493,0.654574,0.696486,0.663585,0.661838,0.742211
3.8328,0.61564,0.695602,0.611502,0.622674,0.629852,0.656098,0.694516,0.663289,0.662487,0.742614
3.833,0.615477,0.696564,0.61166,0.623251,0.628182,0.656439,0.692193,0.661404,0.663647,0.743832
3.8332,0.614981,0.696901,0.611721,0.623535,0.627032,0.65526,0.691312,0.65906,0.665164,0.744856
3.8334,0.614763,0.695903,0.611055,0.62324,0.626915,0.653706,0.692551,0.657505,0.666252,0.74481
3.8336,0.615064,0.694342,0.609746,0.622772,0.627201,0.653381,0.695043,0.657768,0.666188,0.743568
3.8338,0.61555,0.693572,0.608425,0.6222,0.626965,0.654525,0.696742,0.65954,0.665172,0.741564
3.834,0.616181,0.693863,0.607676,0.621835,0.625682,0.656188,0.696345,0.661944,0.663931,0.74006
3.8342,0.617103,0.694693,0.607472,0.622596,0.623852,0.657247,0.694936,0.66344,0.663159,0.739593
3.8344,0.617867,0.695187,0.60747,0.623851,0.62232,0.657051,0.694192,0.663022,0.662963,0.740152
3.8346,0.617857,0.694849,0.607382,0.625049,0.621609,0.655659,0.694034,0.661682,0.662844,0.740909
3.8348,0.617431,0.693553,0.607152,0.625622,0.621673,0.653905,0.69433,0.66124,0.66251,0.741535
3.835,0.616896,0.692416,0.606906,0.625113,0.62205,0.652809,0.694847,0.662057,0.661925,0.741504
3.8352,0.616504,0.692405,0.606738,0.624074,0.622231,0.652978,0.69509,0.664331,0.66091,0.740987
3.8354,0.616726,0.693291,0.606667,0.623488,0.621948,0.654153,0.695161,0.666724,0.659807,0.739767
3.8356,0.617758,0.694191,0.606689,0.623581,0.621326,0.655466,0.695229,0.66741,0.658699,0.738543
3.8358,0.619011,0.69473,0.606726,0.624,0.620756,0.656075,0.695283,0.667053,0.657752,0.738242
3.836,0.61965,0.694737,0.606654,0.624582,0.620657,0.65563,0.695896,0.666792,0.656878,0.738836
3.8362,0.619489,0.694111,0.606561,0.624734,0.621,0.654434,0.697403,0.666897,0.655669,0.739874
3.8364,0.618848,0.693838,0.60671,0.624558,0.621807,0.653181,0.699449,0.667552,0.654342,0.739998
3.8366,0.618067,0.694814,0.607143,0.624414,0.622881,0.652329,0.701247,0.668558,0.653247,0.738719
3.8368,0.617721,0.696103,0.607588,0.624107,0.623921,0.652022,0.702176,0.669143,0.652821,0.736749
3.837,0.618428,0.696266,0.607774,0.623724,0.624369,0.651799,0.702316,0.669397,0.65267,0.734753
3.8372,0.619912,0.694748,0.60764,0.623994,0.624409,0.651482,0.701687,0.670038,0.652515,0.733636
3.8374,0.62053,0.692515,0.607395,0.624902,0.624145,0.650848,0.700545,0.670395,0.652114,0.733653
3.8376,0.620133,0.691026,0.607406,0.625665,0.623955,0.649902,0.699433,0.670176,0.651451,0.734335
3.8378,0.618929,0.691511,0.607951,0.62627,0.624222,0.648588,0.69884,0.669746,0.650925,0.734917
3.838,0.617484,0.693358,0.608983,0.626399,0.625074,0.647066,0.700281,0.669691,0.650968,0.735274
3.8382,0.616589,0.695457,0.610071,0.626087,0.626236,0.645379,0.702069,0.669822,0.651546,0.735555
3.8384,0.616488,0.696883,0.610689,0.625772,0.627262,0.644036,0.70152,0.670529,0.652242,0.734997
3.8386,0.616955,0.696703,0.610534,0.625742,0.627813,0.642977,0.698027,0.672355,0.652728,0.734073
3.8388,0.61729,0.694926,0.609744,0.625926,0.627757,0.642404,0.693754,0.674493,0.652797,0.733303
3.839,0.61684,0.692973,0.60892,0.626189,0.627291,0.64188,0.692353,0.675505,0.652453,0.732984
3.8392,0.615324,0.692309,0.608786,0.626635,0.627049,0.641326,0.694421,0.674903,0.652312,0.733381
3.8394,0.613775,0.693271,0.609881,0.627259,0.627641,0.640522,0.696662,0.673782,0.653112,0.733962
3.8396,0.613622,0.694863,0.61126,0.627646,0.629057,0.639511,0.69546,0.673311,0.654612,0.734
3.8398,0.614798,0.696217,0.611983,0.627948,0.630014,0.638332,0.692094,0.673785,0.655888,0.733984
3.84,0.616487,0.696312,0.612842,0.628023,0.630194,0.637491,0.689402,0.674714,0.656683,0.733798
3.8402,0.617277,0.695047,0.614014,0.627538,0.629569,0.637077,0.688984,0.675721,0.656699,0.733235
3.8404,0.616729,0.693627,0.614528,0.626372,0.628484,0.637042,0.689719,0.676657,0.65649,0.732788
3.8406,0.615289,0.693029,0.613997,0.625176,0.627295,0.637149,0.689598,0.677212,0.656804,0.732484
3.8408,0.613796,0.69342,0.612675,0.624779,0.626913,0.637238,0.688368,0.677485,0.657536,0.732619
3.841,0.613007,0.69477,0.611389,0.625253,0.626964,0.637196,0.687187,0.677234,0.658318,0.733375
3.8412,0.613242,0.696046,0.610539,0.626352,0.627212,0.63713,0.686425,0.676992,0.659199,0.733761
3.8414,0.614198,0.696575,0.610714,0.627611,0.628526,0.637216,0.686241,0.677203,0.659881,0.733932
3.8416,0.615212,0.696127,0.611382,0.627861,0.630353,0.637343,0.686574,0.677814,0.660264,0.734087
3.8418,0.616372,0.695107,0.611468,0.626673,0.631003,0.637207,0.687325,0.678094,0.660308,0.733991
3.842,0.616986,0.694047,0.610637,0.625167,0.630156,0.637066,0.688721,0.677723,0.660401,0.734109
3.8422,0.617147,0.69308,0.609222,0.624119,0.629006,0.637495,0.690222,0.67718,0.660899,0.734697
3.8424,0.617031,0.692654,0.608233,0.623858,0.628798,0.638463,0.690728,0.677214,0.661426,0.735292
3.8426,0.617336,0.693393,0.608991,0.624192,0.630056,0.639307,0.690342,0.677691,0.661591,0.735665
3.8428,0.61782,0.694914,0.610983,0.624808,0.631597,0.639592,0.690351,0.678084,0.661248,0.735665
3.843,0.617788,0.695731,0.612717,0.625029,0.63215,0.639049,0.690899,0.677878,0.661445,0.735595
3.8432,0.617633,0.695527,0.613034,0.62413,0.631457,0.638139,0.691569,0.677039,0.662113,0.736036
3.8434,0.617761,0.694525,0.612248,0.621829,0.629934,0.637686,0.691793,0.676127,0.662969,0.736701
3.8436,0.618193,0.693178,0.611469,0.619336,0.628336,0.638067,0.691234,0.675636,0.663758,0.737283
3.8438,0.618411,0.692775,0.61127,0.618004,0.627783,0.639078,0.690499,0.675893,0.66412,0.737647
3.844,0.618223,0.693535,0.611653,0.617969,0.628737,0.640087,0.690412,0.676109,0.663865,0.737499
3.8442,0.61816,0.694377,0.612428,0.6179,0.62995,0.640642,0.691211,0.676186,0.663638,0.73712
3.8444,0.618247,0.695525,0.613526,0.617592,0.629964,0.64094,0.69292,0.67638,0.664119,0.737192
3.8446,0.618296,0.696821,0.614139,0.618342,0.628885,0.641249,0.694982,0.67646,0.664741,0.737737
3.8448,0.618516,0.697481,0.614106,0.61975,0.627614,0.641837,0.696627,0.676366,0.665664,0.738024
3.845,0.619063,0.697061,0.613748,0.620907,0.626488,0.642614,0.697201,0.676132,0.666597,0.737665
3.8452,0.619936,0.696167,0.613806,0.621283,0.625572,0.643097,0.696806,0.676095,0.666696,0.736583
3.8454,0.620968,0.69592,0.614125,0.620683,0.624828,0.643188,0.696466,0.676151,0.666112,0.735155
3.8456,0.621245,0.696792,0.614296,0.620139,0.624376,0.643467,0.696958,0.675982,0.665417,0.734454
3.8458,0.620861,0.698212,0.614119,0.620269,0.62436,0.64431,0.697321,0.676137,0.665582,0.734523
3.846,0.620761,0.699496,0.613531,0.620917,0.624412,0.645308,0.697201,0.677202,0.666845,0.734978
3.8462,0.621696,0.700086,0.613356,0.621434,0.624496,0.646448,0.696317,0.678233,0.668311,0.735187
3.8464,0.623427,0.699717,0.613692,0.621949,0.624649,0.646847,0.695201,0.679195,0.669474,0.734344
3.8466,0.624997,0.69895,0.614504,0.622504,0.624755,0.646294,0.694432,0.679912,0.669484,0.732747
3.8468,0.626242,0.698726,0.614965,0.622501,0.624729,0.645852,0.693569,0.679691,0.668784,0.731038
3.847,0.626813,0.699284,0.615124,0.622368,0.624645,0.645973,0.693018,0.678747,0.668218,0.729766
3.8472,0.627022,0.70013,0.615175,0.622301,0.624509,0.647218,0.69189,0.678179,0.66829,0.72926
3.8474,0.627006,0.700654,0.615427,0.62212,0.624962,0.649097,0.689784,0.677993,0.668869,0.729154
3.8476,0.627793,0.700735,0.615746,0.622574,0.626323,0.650367,0.68816,0.67815,0.669404,0.728829
3.8478,0.628986,0.700398,0.615763,0.623465,0.627521,0.650218,0.686534,0.678187,0.66939,0.728078
3.848,0.629474,0.699595,0.615605,0.624556,0.627834,0.648939,0.684976,0.677702,0.668555,0.726789
3.8482,0.629187,0.698752,0.61525,0.624975,0.627279,0.647763,0.68331,0.676758,0.667616,0.725666
3.8484,0.629224,0.697882,0.614746,0.624584,0.626444,0.647834,0.682017,0.675692,0.667137,0.725231
3.8486,0.629817,0.697177,0.614186,0.623897,0.625955,0.648773,0.680366,0.674851,0.666765,0.725639
3.8488,0.631063,0.696664,0.613815,0.623257,0.626034,0.650216,0.678564,0.67471,0.666561,0.726551
3.849,0.632224,0.696329,0.613666,0.623029,0.626709,0.651413,0.67769,0.675034,0.666273,0.727136
3.8492,0.632612,0.695893,0.613654,0.623266,0.627667,0.651471,0.67731,0.675108,0.665659,0.727101
3.8494,0.632161,0.695171,0.61377,0.623827,0.628485,0.650743,0.677009,0.674381,0.664874,0.726477
3.8496,0.631584,0.693618,0.61401,0.624478,0.628771,0.650044,0.676636,0.672759,0.664141,0.725678
3.8498,0.631633,0.691582,0.614337,0.625004,0.628439,0.650276,0.676491,0.670908,0.663441,0.725268
3.85,0.632363,0.689646,0.614718,0.625038,0.627787,0.650913,0.677048,0.669798,0.662566,0.725603
3.8502,0.633266,0.688202,0.61479,0.624548,0.627417,0.651456,0.678271,0.66934,0.661691,0.726702
3.8504,0.633628,0.687623,0.61447,0.624119,0.627743,0.65137,0.679856,0.669223,0.660955,0.727994
3.8506,0.633014,0.687578,0.613969,0.624025,0.628806,0.650661,0.680672,0.668829,0.660459,0.728725
3.8508,0.631927,0.687396,0.613686,0.62437,0.629789,0.650328,0.680642,0.667813,0.660165,0.728661
3.851,0.631826,0.686518,0.61355,0.624965,0.62996,0.6509,0.681635,0.666556,0.660556,0.728271
3.8512,0.632636,0.685045,0.613919,0.625292,0.629239,0.651886,0.683587,0.665408,0.66121,0.727882
3.8514,0.633151,0.683605,0.614994,0.625357,0.628265,0.652851,0.685079,0.664738,0.661523,0.72789
3.8516,0.632472,0.682807,0.61601,0.625329,0.627819,0.653301,0.685375,0.6645,0.661199,0.728437
3.8518,0.63107,0.682834,0.616643,0.625207,0.628225,0.653026,0.684541,0.66438,0.660456,0.729231
3.852,0.629533,0.68343,0.6166,0.625016,0.629143,0.652364,0.683948,0.664151,0.659852,0.730006
3.8522,0.628844,0.684007,0.61612,0.62466,0.629912,0.651957,0.684983,0.663819,0.659775,0.730336
3.8524,0.629297,0.684088,0.615329,0.624355,0.630104,0.652054,0.687226,0.66353,0.660237,0.730026
3.8526,0.629762,0.683707,0.61466,0.624621,0.629694,0.652837,0.68939,0.663457,0.660815,0.729336
3.8528,0.629429,0.683111,0.614838,0.625505,0.629,0.653525,0.690876,0.663711,0.660942,0.728607
3.853,0.627733,0.682663,0.615705,0.626251,0.628396,0.653319,0.69193,0.664109,0.660689,0.728419
3.8532,0.625395,0.682891,0.616954,0.625971,0.628269,0.652762,0.692973,0.664231,0.660716,0.728686
3.8534,0.62364,0.683939,0.617696,0.624807,0.628567,0.652159,0.694315,0.664351,0.661303,0.729223
3.8536,0.623449,0.684912,0.617491,0.623669,0.628443,0.651817,0.696091,0.664761,0.662047,0.729352
3.8538,0.6249,0.685051,0.616393,0.623421,0.627882,0.651791,0.697437,0.665411,0.662798,0.728532
3.854,0.626146,0.68431,0.615465,0.624365,0.626978,0.652363,0.697548,0.665903,0.663221,0.726844
3.8542,0.625955,0.683303,0.615104,0.62554,0.625767,0.652696,0.696641,0.666357,0.662957,0.724759
3.8544,0.624633,0.682897,0.615778,0.626565,0.624942,0.652493,0.695583,0.667273,0.662364,0.723309
3.8546,0.62304,0.683472,0.617483,0.627125,0.624278,0.651758,0.695208,0.668096,0.662011,0.723065
3.8548,0.622067,0.684668,0.619325,0.626896,0.623786,0.651295,0.695867,0.669063,0.662148,0.723353
3.855,0.62214,0.685827,0.620129,0.626692,0.623233,0.65151,0.696771,0.670243,0.662758,0.723664
3.8552,0.623004,0.68633,0.619697,0.626822,0.622804,0.651856,0.696061,0.671255,0.663537,0.723378
3.8554,0.623925,0.686011,0.61844,0.626635,0.622566,0.651837,0.694164,0.671668,0.663997,0.722308
3.8556,0.624213,0.685322,0.617451,0.626025,0.622018,0.651355,0.691554,0.671547,0.663943,0.720987
3.8558,0.6236,0.684742,0.617365,0.625593,0.62119,0.650764,0.690035,0.671038,0.663628,0.719642
3.856,0.622523,0.684501,0.618,0.625707,0.620024,0.650303,0.689702,0.67053,0.663463,0.718805
3.8562,0.62193,0.68446,0.618814,0.626076,0.619235,0.650604,0.689104,0.670571,0.663689,0.718807
3.8564,0.622287,0.685049,0.619161,0.626334,0.619059,0.651641,0.688197,0.671356,0.663807,0.718991
3.8566,0.623331,0.686622,0.619055,0.626707,0.619148,0.652699,0.687504,0.671905,0.663254,0.71985
3.8568,0.624381,0.688184,0.618532,0.626707,0.620051,0.652943,0.687055,0.671289,0.662195,0.720933
3.857,0.625476,0.689186,0.618026,0.626729,0.621461,0.652463,0.685996,0.670572,0.661335,0.721183
3.8572,0.626163,0.689118,0.61813,0.626953,0.622168,0.651832,0.685424,0.670522,0.661023,0.720776
3.8574,0.627003,0.68877,0.618837,0.627696,0.621972,0.651693,0.685611,0.670946,0.660984,0.720236
3.8576,0.627686,0.689501,0.619888,0.628908,0.621409,0.652365,0.68591,0.671346,0.661273,0.720031
3.8578,0.627668,0.691226,0.620656,0.630223,0.620862,0.65337,0.686157,0.671627,0.661171,0.720336
3.858,0.627014,0.692573,0.620887,0.630565,0.621292,0.65418,0.686202,0.671385,0.661032,0.721025
3.8582,0.626101,0.692595,0.620502,0.62963,0.622603,0.654316,0.685796,0.671908,0.662272,0.721615
3.8584,0.625738,0.691431,0.620062,0.627812,0.623881,0.653654,0.685813,0.673218,0.664124,0.721639
3.8586,0.626689,0.689949,0.619881,0.626448,0.624364,0.653146,0.68693,0.673053,0.664445,0.721881
3.8588,0.628333,0.688943,0.619949,0.626325,0.624288,0.65291,0.688388,0.671368,0.663155,0.722847
3.859,0.629297,0.688833,0.620715,0.626952,0.623697,0.652956,0.68942,0.66933,0.661404,0.724846
3.8592,0.628609,0.689531,0.621693,0.627342,0.623182,0.653172,0.689961,0.668685,0.660165,0.726759
3.8594,0.627131,0.690244,0.622244,0.62677,0.623291,0.653298,0.689768,0.669278,0.66039,0.727413
3.8596,0.626252,0.690751,0.622334,0.62654,0.62392,0.653229,0.689113,0.669701,0.661815,0.726707
3.8598,0.626813,0.690783,0.621992,0.626923,0.624411,0.653622,0.688752,0.668907,0.663408,0.725058
3.86,0.62875,0.690185,0.621613,0.627563,0.624628,0.654078,0.68878,0.667174,0.664755,0.724051
3.8602,0.630693,0.689812,0.62144,0.627642,0.625032,0.6546,0.688912,0.665677,0.665332,0.724868
3.8604,0.632009,0.690671,0.621434,0.626943,0.625542,0.654815,0.689184,0.665188,0.664837,0.727244
3.8606,0.631967,0.692276,0.621285,0.626002,0.625837,0.654902,0.689478,0.665681,0.664088,0.730018
3.8608,0.631306,0.693629,0.620871,0.624963,0.626056,0.65518,0.68951,0.66661,0.664009,0.731702
3.861,0.630931,0.693802,0.621068,0.625038,0.626429,0.655126,0.689755,0.667433,0.665024,0.731206
3.8612,0.630651,0.692811,0.621943,0.62638,0.626546,0.654044,0.69076,0.66758,0.666613,0.729464
3.8614,0.630834,0.691889,0.622836,0.628219,0.6267,0.652675,0.692595,0.66701,0.667462,0.728083
3.8616,0.63167,0.69142,0.62283,0.628797,0.62773,0.651794,0.694616,0.666625,0.667165,0.728047
3.8618,0.632931,0.69144,0.621861,0.627409,0.629135,0.651788,0.695847,0.667484,0.666059,0.729535
3.862,0.634104,0.691702,0.620435,0.625429,0.630339,0.652357,0.695926,0.668955,0.664835,0.731377
3.8622,0.634439,0.69152,0.619527,0.624109,0.630987,0.653052,0.695047,0.669819,0.664308,0.732782
3.8624,0.634149,0.690797,0.619614,0.624023,0.63058,0.653283,0.69448,0.669475,0.664856,0.733434
3.8626,0.633689,0.690314,0.620648,0.625025,0.62977,0.652873,0.694185,0.668369,0.666055,0.733698
3.8628,0.63407,0.690576,0.621853,0.626316,0.630048,0.651963,0.694327,0.667689,0.666732,0.733986
3.863,0.635365,0.691095,0.62213,0.626779,0.631472,0.651151,0.694472,0.668222,0.666356,0.734209
3.8632,0.63702,0.691344,0.621553,0.626619,0.63314,0.650925,0.695467,0.669597,0.665864,0.734486
3.8634,0.637745,0.69136,0.620649,0.626379,0.633945,0.651367,0.694961,0.670703,0.66585,0.734927
3.8636,0.637565,0.690975,0.619991,0.626111,0.633494,0.652156,0.692416,0.670906,0.666109,0.734974
3.8638,0.636752,0.690972,0.619856,0.626408,0.632251,0.652861,0.688374,0.67049,0.667114,0.734919
3.864,0.636741,0.69137,0.620204,0.62707,0.631543,0.653104,0.686394,0.669941,0.66801,0.735353
3.8642,0.63712,0.691691,0.621151,0.627589,0.632021,0.65271,0.687121,0.669808,0.66858,0.735892
3.8644,0.637393,0.691571,0.621671,0.627535,0.633379,0.652393,0.689005,0.669893,0.668943,0.736058
3.8646,0.637128,0.690574,0.621151,0.62732,0.634585,0.652321,0.689723,0.669667,0.669239,0.735389
3.8648,0.636236,0.689083,0.620482,0.627036,0.634689,0.652646,0.687548,0.668931,0.669801,0.733938
3.865,0.634839,0.687949,0.620214,0.626932,0.633576,0.653387,0.683424,0.667992,0.670807,0.732698
3.8652,0.633337,0.687737,0.620159,0.626906,0.632059,0.653993,0.680136,0.666843,0.671917,0.731879
3.8654,0.632362,0.688106,0.620123,0.627105,0.63133,0.654128,0.679098,0.66615,0.672185,0.731803
3.8656,0.632571,0.68844,0.620179,0.627032,0.632184,0.653361,0.679847,0.66599,0.671496,0.732113
3.8658,0.633676,0.68825,0.620006,0.626575,0.633918,0.652283,0.680645,0.665495,0.6705,0.731744
3.866,0.635031,0.686966,0.620063,0.626172,0.635207,0.651844,0.68022,0.66463,0.670212,0.730794
3.8662,0.635795,0.684782,0.620198,0.62635,0.635307,0.651984,0.678843,0.663622,0.671044,0.729452
3.8664,0.635552,0.68274,0.620412,0.626935,0.634082,0.652624,0.677695,0.662563,0.672426,0.728015
3.8666,0.634665,0.681816,0.620594,0.627175,0.632701,0.653029,0.678024,0.661463,0.673424,0.727229
3.8668,0.633985,0.68178,0.620308,0.626769,0.632457,0.653002,0.680091,0.660882,0.673644,0.727701
3.867,0.633853,0.68189,0.619755,0.626147,0.633569,0.652683,0.682998,0.66082,0.673291,0.728608
3.8672,0.634251,0.681491,0.619298,0.625388,0.635317,0.652568,0.685308,0.660554,0.672734,0.729026
3.8674,0.635415,0.680219,0.619242,0.625036,0.63655,0.652778,0.685598,0.659475,0.672728,0.727914
3.8676,0.636907,0.678569,0.619496,0.625475,0.636188,0.653278,0.685424,0.657891,0.673477,0.72561
3.8678,0.637729,0.677356,0.619584,0.62643,0.634568,0.653793,0.686505,0.65645,0.674198,0.723516
3.868,0.637593,0.676887,0.619228,0.626943,0.632725,0.654007,0.688532,0.655687,0.674247,0.722297
3.8682,0.637296,0.676996,0.618612,0.62657,0.63222,0.653858,0.690044,0.65565,0.673903,0.722186
3.8684,0.637211,0.67729,0.617867,0.625713,0.633247,0.653343,0.690051,0.655831,0.673047,0.722914
3.8686,0.637104,0.677354,0.61739,0.624732,0.634687,0.652701,0.689372,0.655767,0.672775,0.723465
3.8688,0.63758,0.67717,0.61782,0.624128,0.635339,0.652166,0.689668,0.655307,0.673248,0.723361
3.869,0.63881,0.676974,0.61858,0.624186,0.634784,0.652272,0.691015,0.654716,0.674041,0.722831
3.8692,0.639587,0.676918,0.619179,0.624437,0.633409,0.652658,0.692554,0.654495,0.674784,0.722141
3.8694,0.639371,0.676987,0.619007,0.624488,0.632069,0.653374,0.693938,0.654877,0.674882,0.721638
3.8696,0.637851,0.67699,0.618138,0.624814,0.631182,0.653587,0.695481,0.65558,0.674182,0.721469
3.8698,0.635781,0.676936,0.617483,0.625063,0.631043,0.652986,0.697266,0.656103,0.673235,0.721458
3.87,0.634166,0.677102,0.61756,0.625077,0.631523,0.651916,0.698746,0.656342,0.672885,0.721165
3.8702,0.63385,0.677647,0.618665,0.624875,0.631858,0.650921,0.699696,0.656742,0.672989,0.720443
3.8704,0.634601,0.678278,0.619842,0.624679,0.631567,0.650449,0.700058,0.657318,0.673475,0.719477
3.8706,0.63546,0.679034,0.620543,0.624424,0.630597,0.650713,0.700648,0.657805,0.673715,0.718719
3.8708,0.635845,0.679755,0.620652,0.624723,0.62958,0.65151,0.701263,0.657947,0.673714,0.718461
3.871,0.635531,0.679985,0.620217,0.625657,0.628757,0.652097,0.700726,0.657658,0.673384,0.718592
3.8712,0.634776,0.680118,0.619506,0.626428,0.628281,0.651972,0.699186,0.657243,0.6731,0.71878
3.8714,0.634194,0.680417,0.618915,0.627246,0.628173,0.651171,0.698067,0.657308,0.672786,0.718824
3.8716,0.634027,0.680861,0.618839,0.627817,0.628279,0.650308,0.697161,0.658074,0.672641,0.718689
3.8718,0.634282,0.681263,0.619266,0.627955,0.628298,0.649788,0.696743,0.659175,0.67255,0.718417
3.872,0.634627,0.681304,0.619737,0.627386,0.62815,0.649718,0.696209,0.66016,0.673265,0.718211
3.8722,0.63467,0.681519,0.620323,0.626874,0.627754,0.649776,0.694394,0.660697,0.674082,0.718148
3.8724,0.634181,0.682069,0.620905,0.626809,0.627295,0.65001,0.692148,0.660686,0.674442,0.719006
3.8726,0.633261,0.682583,0.621166,0.626962,0.626704,0.650534,0.69094,0.660535,0.674049,0.720798
3.8728,0.632276,0.68323,0.620931,0.627099,0.626079,0.651134,0.689864,0.660868,0.673333,0.722
3.873,0.631691,0.683779,0.620723,0.627172,0.626043,0.651417,0.688554,0.661472,0.672649,0.722035
3.8732,0.63156,0.683561,0.620654,0.627253,0.626956,0.651706,0.686776,0.661734,0.672803,0.720197
3.8734,0.631589,0.682747,0.621025,0.627241,0.628665,0.651998,0.684825,0.661434,0.673742,0.717919
3.8736,0.63127,0.681752,0.62158,0.627886,0.629709,0.651764,0.683805,0.660497,0.675014,0.716664
3.8738,0.630482,0.681374,0.622116,0.628543,0.628958,0.651024,0.683718,0.659642,0.67559,0.716917
3.874,0.629681,0.681849,0.62237,0.629226,0.626712,0.650564,0.684498,0.659311,0.675519,0.718351
3.8742,0.62926,0.682461,0.622786,0.62949,0.624548,0.650851,0.684888,0.661041,0.674795,0.71975
3.8744,0.629238,0.682128,0.623895,0.629268,0.623592,0.651545,0.684323,0.66406,0.674033,0.719731
3.8746,0.629225,0.681386,0.625136,0.628584,0.624754,0.652143,0.683495,0.665268,0.674146,0.718966
3.8748,0.628685,0.680501,0.625577,0.62808,0.627419,0.65237,0.683493,0.663902,0.675377,0.717968
3.875,0.628158,0.680544,0.624853,0.628264,0.629625,0.65212,0.684637,0.661021,0.677152,0.717319
3.8752,0.627879,0.681513,0.623405,0.629451,0.630256,0.651638,0.686654,0.658701,0.678521,0.717379
3.8754,0.627688,0.682326,0.622386,0.630744,0.629456,0.651565,0.688553,0.658019,0.678615,0.717658
3.8756,0.626983,0.682686,0.622559,0.631097,0.627837,0.652045,0.689389,0.658979,0.677756,0.717914
3.8758,0.625795,0.682264,0.62367,0.630691,0.626546,0.652549,0.690112,0.660158,0.676572,0.71784
3.876,0.62469,0.681445,0.625153,0.630152,0.626778,0.652252,0.691794,0.660805,0.675787,0.717305
3.8762,0.62403,0.680741,0.625906,0.629631,0.628891,0.651126,0.693721,0.660517,0.676096,0.716921
3.8764,0.623606,0.680477,0.625782,0.629822,0.631404,0.649254,0.695215,0.65935,0.677155,0.71693
3.8766,0.623468,0.680718,0.62517,0.630409,0.632717,0.647435,0.696765,0.658051,0.678346,0.717425
3.8768,0.623662,0.681275,0.624483,0.630811,0.632695,0.646405,0.697881,0.657495,0.679414,0.718291
3.877,0.624103,0.682026,0.624093,0.630941,0.631478,0.646349,0.698917,0.657904,0.679949,0.719169
3.8772,0.62452,0.683237,0.624119,0.630132,0.630186,0.646409,0.699979,0.65888,0.679445,0.720223
3.8774,0.624804,0.684206,0.624338,0.628969,0.630011,0.646115,0.701083,0.659859,0.678783,0.721172
3.8776,0.625016,0.684498,0.62487,0.628306,0.630921,0.645382,0.702412,0.660119,0.678698,0.72187
3.8778,0.625254,0.684483,0.625502,0.628059,0.631989,0.644349,0.704086,0.65961,0.679371,0.722341
3.878,0.625546,0.684524,0.625498,0.627883,0.632675,0.64317,0.704954,0.659123,0.680516,0.722164
3.8782,0.625583,0.685167,0.624692,0.627536,0.632308,0.642163,0.705748,0.659057,0.681316,0.721961
3.8784,0.625443,0.68625,0.623302,0.627102,0.63117,0.641233,0.70714,0.659665,0.680966,0.72235
3.8786,0.625693,0.6867,0.621874,0.62662,0.630025,0.640449,0.708224,0.661019,0.679959,0.723061
3.8788,0.626433,0.686077,0.621276,0.626595,0.630111,0.640089,0.708543,0.662241,0.679003,0.724067
3.879,0.6272,0.685087,0.621839,0.627404,0.631835,0.639655,0.707948,0.662453,0.67831,0.725142
3.8792,0.628017,0.684829,0.623073,0.628968,0.63322,0.638847,0.706698,0.661673,0.678035,0.726026
3.8794,0.629253,0.68595,0.623852,0.630179,0.632694,0.638019,0.70589,0.660709,0.678096,0.726697
3.8796,0.630067,0.687435,0.623748,0.63023,0.630186,0.637774,0.707235,0.660368,0.67855,0.7269
3.8798,0.629849,0.688551,0.62264,0.629237,0.626989,0.638331,0.709233,0.66086,0.679233,0.727112
3.88,0.62956,0.688936,0.621435,0.627971,0.625107,0.639215,0.71061,0.661934,0.679684,0.72763
3.8802,0.629345,0.688599,0.620685,0.627452,0.62537,0.639807,0.709941,0.663119,0.679516,0.727792
3.8804,0.629595,0.687916,0.620684,0.627987,0.626901,0.639866,0.708233,0.663958,0.678537,0.727988
3.8806,0.629834,0.687368,0.621051,0.628848,0.627549,0.639498,0.708018,0.664569,0.677707,0.728832
3.8808,0.630239,0.687247,0.621174,0.629121,0.626526,0.639394,0.709607,0.665111,0.677686,0.729899
3.881,0.630454,0.687537,0.62113,0.628203,0.624401,0.640419,0.711534,0.665341,0.678163,0.730272
3.8812,0.630226,0.687777,0.620979,0.626206,0.622172,0.642216,0.713316,0.664897,0.678777,0.729483
3.8814,0.630008,0.687564,0.6204,0.62382,0.620811,0.643638,0.713366,0.664179,0.679922,0.728337
3.8816,0.630529,0.687182,0.61982,0.622172,0.620725,0.643833,0.712998,0.663331,0.680939,0.727969
3.8818,0.631724,0.687201,0.619496,0.62151,0.621508,0.642911,0.712815,0.662871,0.68092,0.728418
3.882,0.632734,0.687924,0.619239,0.621955,0.622243,0.641811,0.71234,0.663201,0.679802,0.729715
3.8822,0.633143,0.688909,0.61924,0.622194,0.622219,0.641553,0.712908,0.66461,0.678221,0.730829
3.8824,0.632896,0.689501,0.61919,0.62126,0.621475,0.642521,0.714196,0.665576,0.677065,0.73134
3.8826,0.632423,0.689772,0.619142,0.618876,0.620612,0.644247,0.715341,0.664947,0.677219,0.730891
3.8828,0.632314,0.689136,0.618861,0.615978,0.62022,0.645873,0.716321,0.66303,0.678802,0.72937
3.883,0.632782,0.687991,0.618372,0.613827,0.620549,0.646678,0.716679,0.661225,0.680706,0.72785
3.8832,0.633632,0.687441,0.617872,0.612949,0.621406,0.646495,0.716552,0.660334,0.681507,0.727107
3.8834,0.634395,0.68756,0.617646,0.612866,0.622007,0.645693,0.717413,0.660893,0.680674,0.727325
3.8836,0.634431,0.687954,0.617822,0.612814,0.622107,0.645001,0.718988,0.661876,0.67862,0.728322
3.8838,0.634068,0.688063,0.618041,0.612062,0.622134,0.644865,0.719766,0.661894,0.676646,0.729015
3.884,0.634228,0.687517,0.617978,0.610392,0.622378,0.645216,0.721787,0.660525,0.676287,0.728698
3.8842,0.634812,0.686739,0.617594,0.608658,0.622754,0.645492,0.724462,0.658258,0.677531,0.727487
3.8844,0.635629,0.686466,0.617126,0.608045,0.623091,0.645683,0.725747,0.656299,0.679084,0.725837
3.8846,0.636105,0.687369,0.616949,0.608549,0.623256,0.645745,0.725058,0.655857,0.679439,0.725152
3.8848,0.635623,0.688713,0.617248,0.609953,0.623173,0.64567,0.723358,0.656836,0.67803,0.725532
3.885,0.634783,0.689227,0.617841,0.611056,0.623014,0.645483,0.722764,0.65826,0.675321,0.726597
3.8852,0.634626,0.688477,0.618344,0.611518,0.623211,0.64491,0.724919,0.659162,0.673048,0.72793
3.8854,0.635417,0.686962,0.618485,0.611282,0.623976,0.643801,0.727682,0.659094,0.67185,0.728292
3.8856,0.636521,0.685767,0.618248,0.610728,0.625078,0.642392,0.728279,0.658427,0.671912,0.727697
3.8858,0.636784,0.685618,0.6177,0.61042,0.626013,0.641386,0.726178,0.658039,0.672271,0.726714
3.886,0.63633,0.68688,0.616967,0.610727,0.626263,0.641112,0.72426,0.65866,0.671592,0.725679
3.8862,0.635261,0.689019,0.61684,0.611165,0.625653,0.641785,0.723611,0.660293,0.669895,0.725308
3.8864,0.63442,0.690302,0.617408,0.611744,0.62459,0.642689,0.725576,0.66201,0.66791,0.725409
3.8866,0.634909,0.689993,0.618339,0.612234,0.624049,0.643054,0.728558,0.663016,0.666457,0.725727
3.8868,0.636399,0.688552,0.618704,0.612691,0.624427,0.642233,0.72875,0.663589,0.665844,0.725884
3.887,0.637231,0.686981,0.618079,0.613014,0.625322,0.64054,0.726947,0.663924,0.665825,0.725926
3.8872,0.636447,0.686662,0.616537,0.612991,0.625551,0.639058,0.726265,0.664132,0.665606,0.72574
3.8874,0.634399,0.687535,0.615314,0.612842,0.624752,0.638485,0.727834,0.664908,0.664799,0.725845
3.8876,0.632919,0.688912,0.615391,0.612147,0.62315,0.638805,0.729237,0.666852,0.663686,0.725626
3.8878,0.633608,0.690014,0.616087,0.611223,0.621959,0.639467,0.729915,0.66948,0.662775,0.725127
3.888,0.635513,0.69104,0.616391,0.610272,0.621548,0.63985,0.731037,0.671362,0.662308,0.724528
3.8882,0.636939,0.691703,0.615661,0.609875,0.621433,0.63975,0.731362,0.672242,0.6623,0.723771
3.8884,0.636989,0.691149,0.614076,0.61003,0.62108,0.639467,0.733219,0.672557,0.662578,0.724006
3.8886,0.635101,0.689328,0.612416,0.610382,0.620311,0.639481,0.734457,0.672428,0.662818,0.725062
3.8888,0.632402,0.687515,0.611615,0.610061,0.618898,0.640063,0.733825,0.672199,0.662854,0.725791
3.889,0.630697,0.686675,0.611764,0.608862,0.617717,0.640946,0.7344,0.672847,0.66268,0.725825
3.8892,0.631016,0.687225,0.612565,0.607211,0.617083,0.641676,0.736568,0.673872,0.662563,0.72461
3.8894,0.632938,0.689143,0.613505,0.606114,0.616625,0.642324,0.73849,0.674759,0.66286,0.722528
3.8896,0.635003,0.690848,0.613811,0.606032,0.616261,0.643167,0.739116,0.675239,0.663677,0.721016
3.8898,0.635534,0.690766,0.613222,0.607009,0.615957,0.643851,0.737889,0.675164,0.664181,0.72089
3.89,0.634222,0.689309,0.612806,0.608238,0.615557,0.644256,0.737071,0.675066,0.664228,0.722207
3.8902,0.632422,0.687901,0.613605,0.608513,0.615034,0.644266,0.737318,0.675953,0.66443,0.723641
3.8904,0.631297,0.687216,0.615098,0.60751,0.614529,0.643998,0.738151,0.676915,0.664311,0.72414
3.8906,0.631452,0.68779,0.616178,0.606352,0.614162,0.643804,0.739068,0.677048,0.664211,0.723313
3.8908,0.632368,0.688894,0.616567,0.606085,0.61394,0.644067,0.741386,0.676338,0.664472,0.721797
3.891,0.633026,0.689176,0.616667,0.60696,0.613843,0.644828,0.742405,0.67548,0.664893,0.720594
3.8912,0.632965,0.688502,0.616776,0.608341,0.61372,0.645689,0.740681,0.675321,0.665238,0.720611
3.8914,0.632369,0.688023,0.616747,0.609768,0.613539,0.646288,0.738007,0.676318,0.665448,0.722382
3.8916,0.631558,0.688151,0.616491,0.611095,0.613495,0.646336,0.738307,0.677932,0.665602,0.72478
3.8918,0.631125,0.688939,0.616339,0.611727,0.613588,0.645688,0.740294,0.678784,0.665524,0.726302
3.892,0.631127,0.689588,0.616181,0.611418,0.613936,0.644891,0.741104,0.678484,0.666026,0.72632
3.8922,0.631119,0.689695,0.615927,0.610612,0.614704,0.64472,0.73937,0.677454,0.66734,0.725013
3.8924,0.631621,0.688846,0.615669,0.610101,0.615441,0.645268,0.736283,0.676693,0.668105,0.723379
3.8926,0.632241,0.688221,0.615865,0.61046,0.615668,0.645508,0.734974,0.676585,0.668241,0.722402
3.8928,0.632324,0.688909,0.616757,0.611464,0.615513,0.64493,0.735412,0.677512,0.667667,0.722874
3.893,0.632006,0.690783,0.617656,0.61248,0.615466,0.644155,0.735953,0.678588,0.66676,0.724485
3.8932,0.632067,0.692383,0.617913,0.613452,0.615722,0.643253,0.735807,0.679558,0.666541,0.726527
3.8934,0.632711,0.692922,0.617361,0.614502,0.616202,0.642827,0.733978,0.680159,0.667568,0.728079
3.8936,0.632902,0.692047,0.616489,0.61515,0.616794,0.642543,0.731376,0.680048,0.669738,0.728229
3.8938,0.632738,0.690906,0.615886,0.615453,0.617466,0.642302,0.728976,0.679183,0.671695,0.727612
3.894,0.632628,0.690645,0.616114,0.615358,0.618146,0.641802,0.727907,0.678575,0.672162,0.726677
3.8942,0.632744,0.691421,0.617219,0.615419,0.618662,0.641221,0.727573,0.678663,0.671443,0.726555
3.8944,0.632806,0.692941,0.618425,0.616315,0.619312,0.640572,0.72746,0.679147,0.670696,0.727453
3.8946,0.632148,0.694382,0.61902,0.618611,0.620883,0.639516,0.727395,0.679464,0.670409,0.728533
3.8948,0.631377,0.695131,0.618621,0.620982,0.622607,0.63813,0.727437,0.679483,0.670571,0.729644
3.895,0.631415,0.694654,0.617259,0.621356,0.624077,0.636497,0.727436,0.67895,0.671101,0.730614
3.8952,0.632347,0.693094,0.615939,0.619112,0.624828,0.635198,0.727349,0.678078,0.671304,0.731774
3.8954,0.633107,0.692399,0.615603,0.615851,0.625149,0.634458,0.728294,0.676888,0.671115,0.732653
3.8956,0.633263,0.693323,0.616406,0.613263,0.625359,0.634109,0.729856,0.676168,0.670619,0.732594
3.8958,0.633422,0.694809,0.617712,0.612785,0.625949,0.633839,0.730033,0.675829,0.669909,0.731931
3.896,0.633942,0.695803,0.618321,0.613891,0.627093,0.633438,0.72817,0.675784,0.669578,0.731027
3.8962,0.634843,0.69629,0.618164,0.615394,0.628609,0.63305,0.725856,0.675621,0.669349,0.731043
3.8964,0.635755,0.696076,0.617546,0.615806,0.630108,0.632955,0.725435,0.675357,0.668819,0.732138
3.8966,0.636386,0.695411,0.617126,0.6148,0.63121,0.633212,0.727345,0.674368,0.667943,0.733675
3.8968,0.636253,0.695441,0.616924,0.612854,0.631731,0.633723,0.729406,0.673412,0.66704,0.734782
3.897,0.63573,0.696963,0.616945,0.610886,0.631768,0.634342,0.729587,0.672535,0.666366,0.734648
3.8972,0.635701,0.699222,0.61715,0.609758,0.631737,0.635003,0.728465,0.671828,0.666287,0.733618
3.8974,0.636514,0.700288,0.6175,0.609256,0.631807,0.63538,0.728151,0.673358,0.667864,0.732628
3.8976,0.637769,0.699271,0.618008,0.609023,0.631884,0.635903,0.73009,0.676538,0.669643,0.732299
3.8978,0.638571,0.69672,0.618296,0.608901,0.631618,0.63702,0.733375,0.67839,0.669646,0.733229
3.898,0.638808,0.694171,0.618142,0.608313,0.630896,0.638347,0.735479,0.677651,0.667565,0.734991
3.8982,0.638735,0.693488,0.617442,0.607207,0.62978,0.639165,0.735151,0.675522,0.664975,0.736607
3.8984,0.638729,0.694575,0.616549,0.605938,0.629138,0.639166,0.733383,0.673261,0.663607,0.737163
3.8986,0.638929,0.696022,0.615819,0.605163,0.629241,0.638527,0.731931,0.671891,0.663782,0.736554
3.8988,0.639711,0.696321,0.61588,0.605105,0.629865,0.63799,0.73141,0.671731,0.665018,0.735456
3.899,0.640606,0.694563,0.617055,0.605604,0.629801,0.638242,0.731564,0.672264,0.666044,0.734823
3.8992,0.641151,0.691664,0.618319,0.606254,0.629127,0.639509,0.731252,0.672867,0.665986,0.735284
3.8994,0.641294,0.689257,0.619126,0.606712,0.628053,0.641302,0.729893,0.67321,0.665009,0.736484
3.8996,0.641121,0.688474,0.618996,0.606817,0.626527,0.642862,0.727916,0.673107,0.664076,0.737555
3.8998,0.640922,0.688786,0.618001,0.606621,0.625414,0.643702,0.725767,0.672657,0.663901,0.737882
3.9,0.64124,0.68891,0.617216,0.606417,0.625029,0.643715,0.724552,0.672344,0.664485,0.737413
3.9002,0.642111,0.688363,0.617038,0.606408,0.624798,0.643305,0.723234,0.672483,0.665088,0.736839
3.9004,0.64295,0.687237,0.617599,0.606742,0.624099,0.643144,0.721458,0.672743,0.665152,0.736399
3.9006,0.643016,0.686259,0.618745,0.607576,0.622877,0.644147,0.719579,0.673413,0.664873,0.735501
3.9008,0.642377,0.685633,0.619658,0.608552,0.621738,0.646,0.718279,0.67459,0.664525,0.734522
3.901,0.641806,0.68555,0.619472,0.60909,0.620917,0.64735,0.717504,0.675481,0.66445,0.733486
3.9012,0.641528,0.685896,0.618126,0.609031,0.620629,0.647273,0.71573,0.675403,0.664591,0.732128
3.9014,0.641349,0.686265,0.61648,0.608711,0.621073,0.645859,0.713675,0.674622,0.664652,0.730961
3.9016,0.641237,0.686284,0.615639,0.608432,0.621686,0.644348,0.712263,0.673885,0.664418,0.730449
3.9018,0.640899,0.685973,0.616513,0.60847,0.621843,0.643427,0.710962,0.673816,0.663909,0.730362
3.902,0.640748,0.685824,0.618557,0.609043,0.621418,0.643727,0.70957,0.6746,0.663446,0.73001
3.9022,0.640774,0.686198,0.620363,0.610112,0.620759,0.644864,0.708532,0.675847,0.663371,0.728809
3.9024,0.640293,0.687018,0.621173,0.611267,0.620404,0.645663,0.708336,0.676901,0.663752,0.726728
3.9026,0.639137,0.687856,0.620959,0.61195,0.620714,0.645133,0.709034,0.677368,0.664323,0.724339
3.9028,0.637837,0.688111,0.620177,0.611845,0.621371,0.643991,0.709766,0.677352,0.664586,0.722618
3.903,0.636514,0.687768,0.619309,0.610946,0.621921,0.642725,0.709897,0.677199,0.664204,0.721788
3.9032,0.636166,0.687325,0.619051,0.610292,0.6224,0.641569,0.710096,0.677151,0.663342,0.721703
3.9034,0.636382,0.687183,0.619568,0.610951,0.622783,0.641214,0.710672,0.677375,0.662693,0.721492
3.9036,0.635974,0.687762,0.620375,0.612839,0.622871,0.641657,0.711244,0.677757,0.662583,0.720371
3.9038,0.634978,0.688944,0.620892,0.614512,0.622566,0.642158,0.712631,0.678574,0.662881,0.718451
3.904,0.633909,0.690193,0.620842,0.614545,0.622064,0.64204,0.714181,0.679188,0.66309,0.716324
3.9042,0.633387,0.690573,0.620236,0.61282,0.621788,0.641321,0.7151,0.679319,0.662613,0.714834
3.9044,0.63311,0.690013,0.619733,0.610328,0.622004,0.640425,0.715315,0.678774,0.661348,0.71454
3.9046,0.632685,0.689282,0.619797,0.608409,0.622596,0.639866,0.715814,0.677866,0.659893,0.715139
3.9048,0.631977,0.689095,0.620406,0.60811,0.62324,0.639958,0.716706,0.676783,0.658848,0.715906
3.905,0.631297,0.689592,0.621349,0.609277,0.623621,0.640642,0.717561,0.676235,0.658648,0.71619
3.9052,0.63101,0.690527,0.621938,0.611381,0.623629,0.641583,0.71861,0.676597,0.659293,0.715623
3.9054,0.631105,0.691323,0.62183,0.612436,0.623336,0.642409,0.719881,0.676815,0.659645,0.714482
3.9056,0.63127,0.691319,0.621245,0.61143,0.622922,0.642782,0.72133,0.676132,0.658867,0.713625
3.9058,0.631299,0.690278,0.620718,0.609398,0.622607,0.64272,0.722585,0.675009,0.657248,0.713667
3.906,0.631036,0.689192,0.620601,0.60756,0.622455,0.642816,0.722684,0.673854,0.656006,0.714541
3.9062,0.630399,0.689439,0.620792,0.606623,0.622582,0.643668,0.72371,0.673255,0.655776,0.715604
3.9064,0.630464,0.690804,0.621251,0.606982,0.622844,0.644701,0.72524,0.673734,0.656751,0.716287
3.9066,0.63165,0.692499,0.621932,0.608285,0.622518,0.645235,0.726034,0.674458,0.658146,0.716409
3.9068,0.632982,0.693278,0.622403,0.609653,0.621488,0.645069,0.726605,0.67456,0.658813,0.716054
3.907,0.633437,0.692886,0.622631,0.61101,0.62003,0.644627,0.726669,0.674009,0.658569,0.715744
3.9072,0.63281,0.691664,0.622567,0.612174,0.618647,0.644499,0.726071,0.67329,0.657599,0.715889
3.9074,0.631764,0.691155,0.622395,0.61244,0.617797,0.64492,0.726106,0.672724,0.656575,0.716559
3.9076,0.631101,0.692593,0.622295,0.611969,0.61748,0.64576,0.726774,0.6725,0.656298,0.717523
3.9078,0.63215,0.695161,0.622347,0.611567,0.617466,0.646776,0.729287,0.672671,0.656944,0.718032
3.908,0.634224,0.69678,0.622404,0.611549,0.618141,0.647706,0.732283,0.673013,0.658045,0.717883
3.9082,0.635909,0.696965,0.622512,0.611869,0.619592,0.648196,0.732318,0.673761,0.659416,0.717398
3.9084,0.636415,0.695897,0.622577,0.612399,0.620527,0.648,0.730328,0.674516,0.66046,0.716872
3.9086,0.635489,0.694549,0.622338,0.612889,0.619967,0.647359,0.728915,0.674392,0.660769,0.716898
3.9088,0.633375,0.694397,0.621775,0.613056,0.618361,0.646902,0.728438,0.673747,0.660829,0.717414
3.909,0.631988,0.695749,0.621173,0.613308,0.616848,0.647118,0.729485,0.672856,0.66085,0.717454
3.9092,0.632177,0.697478,0.620758,0.614026,0.61626,0.64754,0.730754,0.672529,0.660932,0.716915
3.9094,0.633397,0.698435,0.620658,0.615274,0.616673,0.647678,0.730124,0.673264,0.661432,0.715876
3.9096,0.63453,0.69817,0.620742,0.616109,0.617512,0.647061,0.729095,0.674642,0.662077,0.71593
3.9098,0.634782,0.697576,0.620871,0.616209,0.618191,0.64647,0.728725,0.675729,0.662823,0.717491
3.91,0.634357,0.69796,0.620962,0.615899,0.618403,0.646516,0.7284,0.675928,0.663547,0.719389
3.9102,0.634082,0.699202,0.620976,0.615663,0.618276,0.64693,0.728688,0.675742,0.664028,0.720457
3.9104,0.634427,0.700305,0.620889,0.616494,0.618186,0.647639,0.72976,0.676236,0.664234,0.720152
3.9106,0.635219,0.700148,0.620711,0.618061,0.61838,0.648831,0.731004,0.67732,0.664213,0.719686
3.9108,0.635767,0.698889,0.620407,0.619383,0.618821,0.649651,0.731612,0.678449,0.664287,0.719115
3.911,0.635771,0.697654,0.619935,0.61966,0.619771,0.649724,0.731587,0.679196,0.664877,0.718654
3.9112,0.635907,0.697395,0.619434,0.618726,0.620717,0.648975,0.731232,0.679523,0.666305,0.718709
3.9114,0.636144,0.698053,0.619457,0.61708,0.621451,0.647638,0.730867,0.679729,0.667725,0.718678
3.9116,0.636409,0.698923,0.619741,0.616407,0.622001,0.646984,0.731365,0.679433,0.668212,0.718552
3.9118,0.637089,0.699218,0.619639,0.616879,0.622083,0.647527,0.731362,0.678602,0.667644,0.718494
3.912,0.638267,0.698912,0.618769,0.617518,0.62182,0.648427,0.730739,0.677506,0.666591,0.718344
3.9122,0.639088,0.698983,0.617721,0.617106,0.621292,0.649016,0.730464,0.676607,0.665897,0.718977
3.9124,0.63894,0.699125,0.616803,0.615373,0.621699,0.649503,0.730769,0.67595,0.666214,0.720807
3.9126,0.638596,0.698954,0.617495,0.61294,0.622654,0.649515,0.73118,0.676992,0.668067,0.722676
3.9128,0.638377,0.69843,0.61935,0.611605,0.623881,0.649335,0.731907,0.679453,0.670448,0.724139
3.913,0.638852,0.697794,0.62049,0.611834,0.625146,0.649455,0.732822,0.6802,0.671755,0.724261
3.9132,0.639827,0.697213,0.620108,0.612891,0.62632,0.650158,0.733454,0.678341,0.67146,0.723421
3.9134,0.64104,0.697768,0.618134,0.613456,0.626746,0.651526,0.733834,0.674637,0.670189,0.723058
3.9136,0.641662,0.699547,0.616094,0.612127,0.626513,0.652865,0.734728,0.671728,0.669349,0.723362
3.9138,0.641637,0.701491,0.615014,0.609279,0.626226,0.653612,0.734717,0.671002,0.669552,0.724308
3.914,0.641972,0.702086,0.614777,0.606538,0.626161,0.653677,0.733356,0.673528,0.671062,0.725425
3.9142,0.642632,0.700816,0.615153,0.605486,0.626599,0.653194,0.731662,0.677639,0.673114,0.725655
3.9144,0.643007,0.698502,0.616457,0.606008,0.627637,0.65221,0.732449,0.679015,0.674657,0.725164
3.9146,0.643003,0.696572,0.617577,0.607102,0.628999,0.651043,0.73378,0.677083,0.675389,0.724643
3.9148,0.643023,0.696021,0.617517,0.607387,0.630076,0.650128,0.733737,0.673816,0.674753,0.724449
3.915,0.642919,0.696736,0.616292,0.606393,0.630561,0.649759,0.732248,0.672172,0.673541,0.724756
3.9152,0.642698,0.697581,0.614679,0.604772,0.630769,0.649992,0.73036,0.673213,0.672764,0.725133
3.9154,0.642394,0.697603,0.613518,0.603409,0.630733,0.650155,0.729996,0.675565,0.672974,0.725149
3.9156,0.642199,0.69685,0.613316,0.602819,0.630577,0.649909,0.731411,0.677232,0.674257,0.724827
3.9158,0.64222,0.695857,0.614036,0.603087,0.630741,0.648851,0.732887,0.677407,0.675597,0.7244
3.916,0.642417,0.695108,0.615086,0.603892,0.631456,0.647185,0.73282,0.676464,0.675916,0.724253
3.9162,0.642325,0.694968,0.615731,0.604704,0.63237,0.645416,0.731763,0.675172,0.675463,0.724549
3.9164,0.642024,0.695372,0.615549,0.605067,0.632954,0.644857,0.731186,0.674729,0.675319,0.724978
3.9166,0.641633,0.695627,0.614768,0.604791,0.632696,0.644943,0.732018,0.67528,0.675513,0.725136
3.9168,0.642088,0.695226,0.614078,0.604083,0.631706,0.644641,0.73311,0.675941,0.675668,0.724792
3.917,0.64324,0.694592,0.614052,0.603455,0.630711,0.643781,0.733528,0.676637,0.675537,0.724043
3.9172,0.643814,0.694203,0.614606,0.603507,0.630585,0.642444,0.733357,0.677542,0.675054,0.723263
3.9174,0.64321,0.693954,0.61523,0.604546,0.63125,0.640844,0.732223,0.678298,0.674357,0.722416
3.9176,0.642213,0.693219,0.615707,0.606154,0.631743,0.639571,0.731129,0.678422,0.673995,0.721444
3.9178,0.641338,0.692318,0.616014,0.607544,0.631306,0.639038,0.730985,0.67779,0.674847,0.720534
3.918,0.64126,0.691296,0.616289,0.60816,0.629897,0.639209,0.731409,0.676718,0.676388,0.719841
3.9182,0.641577,0.690021,0.616491,0.608115,0.628629,0.63967,0.731754,0.675838,0.677128,0.719537
3.9184,0.641444,0.688758,0.616905,0.607885,0.627829,0.639883,0.732051,0.676376,0.676496,0.719393
3.9186,0.641212,0.68768,0.617263,0.608066,0.627532,0.639759,0.732626,0.678412,0.674962,0.718782
3.9188,0.641228,0.687041,0.617657,0.608801,0.627284,0.639574,0.732608,0.680468,0.673427,0.717822
3.919,0.641185,0.686371,0.617889,0.609948,0.62647,0.639746,0.733442,0.681255,0.672992,0.716203
3.9192,0.640916,0.685898,0.617861,0.611162,0.625301,0.640483,0.734662,0.680803,0.67478,0.71448
3.9194,0.640178,0.685693,0.617781,0.611936,0.624292,0.641455,0.736187,0.679549,0.677408,0.713015
3.9196,0.639961,0.685075,0.617771,0.611907,0.623811,0.642024,0.73764,0.678845,0.67921,0.712086
3.9198,0.640366,0.684055,0.617756,0.611278,0.623332,0.642173,0.737394,0.680024,0.679003,0.711642
3.92,0.640664,0.682839,0.617452,0.610484,0.6224,0.642741,0.736107,0.682705,0.677039,0.711447
3.9202,0.640261,0.681574,0.616745,0.610134,0.621124,0.643802,0.734751,0.68512,0.675159,0.710898
3.9204,0.639616,0.68048,0.61617,0.610779,0.619873,0.644861,0.733935,0.685421,0.67461,0.709979
3.9206,0.639134,0.67971,0.615748,0.611786,0.619221,0.645292,0.734118,0.683267,0.675861,0.708901
3.9208,0.639358,0.679208,0.615955,0.611995,0.619208,0.644886,0.734186,0.680317,0.677828,0.707979
3.921,0.639611,0.678983,0.616437,0.611395,0.619428,0.644155,0.734597,0.678781,0.678987,0.707665
3.9212,0.639747,0.679062,0.616669,0.610745,0.619398,0.643872,0.735799,0.67966,0.678396,0.707909
3.9214,0.639865,0.679323,0.616079,0.610047,0.618979,0.644527,0.736975,0.682063,0.67657,0.708392
3.9216,0.639595,0.679499,0.6148,0.60929,0.618399,0.645957,0.737312,0.684111,0.67494,0.708814
3.9218,0.639449,0.679401,0.613259,0.60882,0.617993,0.647508,0.736189,0.684412,0.674562,0.708861
3.922,0.639721,0.679131,0.612142,0.608407,0.617916,0.648487,0.735076,0.683064,0.675837,0.708367
3.9222,0.639749,0.678819,0.611662,0.608014,0.618012,0.648506,0.735506,0.681378,0.677492,0.707807
3.9224,0.63943,0.678563,0.611788,0.607642,0.618161,0.647839,0.73766,0.680646,0.678325,0.708068
3.9226,0.638628,0.678843,0.612056,0.607639,0.618299,0.647314,0.739568,0.681215,0.677787,0.709488
3.9228,0.637917,0.679664,0.611973,0.608515,0.618529,0.647358,0.739233,0.68229,0.676768,0.711057
3.923,0.637397,0.680521,0.61151,0.609346,0.618852,0.647828,0.737929,0.683063,0.675873,0.71216
3.9232,0.637155,0.68106,0.610865,0.609257,0.6195,0.648672,0.737467,0.683418,0.675744,0.71205
3.9234,0.637655,0.681396,0.611137,0.608288,0.620018,0.648839,0.737937,0.683082,0.676293,0.711309
3.9236,0.638536,0.681812,0.612201,0.607226,0.620066,0.648207,0.738874,0.68196,0.677291,0.710994
3.9238,0.639634,0.682139,0.613176,0.606868,0.619743,0.647259,0.739962,0.68,0.678252,0.711664
3.924,0.640205,0.682525,0.613469,0.607439,0.619516,0.64661,0.74004,0.678249,0.678869,0.713007
3.9242,0.639552,0.683036,0.613471,0.60857,0.619705,0.646092,0.739242,0.677356,0.679078,0.714341
3.9244,0.638138,0.683476,0.614013,0.609592,0.620398,0.645851,0.738269,0.677606,0.678969,0.714648
3.9246,0.636587,0.683773,0.614905,0.610596,0.621494,0.645431,0.737541,0.677751,0.678769,0.714527
3.9248,0.635989,0.683767,0.615345,0.611836,0.622506,0.645569,0.73716,0.677805,0.678774,0.714684
3.925,0.636523,0.683462,0.615028,0.612594,0.622832,0.646205,0.737205,0.678745,0.679201,0.715157
3.9252,0.637611,0.683202,0.614322,0.612413,0.622234,0.646133,0.73777,0.679189,0.680093,0.715932
3.9254,0.638077,0.683175,0.613779,0.61179,0.621396,0.645187,0.738721,0.67768,0.680901,0.716594
3.9256,0.638,0.683452,0.613779,0.611658,0.621294,0.643823,0.739418,0.675342,0.68093,0.717115
3.9258,0.637337,0.683827,0.61438,0.612435,0.623024,0.642677,0.738975,0.673891,0.680515,0.717565
3.926,0.636652,0.683657,0.615258,0.61368,0.626114,0.641752,0.737508,0.673937,0.679671,0.717976
3.9262,0.636251,0.682874,0.615899,0.61471,0.628366,0.641028,0.736104,0.675164,0.678409,0.718897
3.9264,0.636351,0.681769,0.615959,0.615136,0.628985,0.6407,0.735317,0.676679,0.677933,0.720743
3.9266,0.636764,0.681071,0.615529,0.615015,0.628097,0.640819,0.734839,0.677898,0.678915,0.72269
3.9268,0.637168,0.680716,0.615262,0.61483,0.626935,0.641198,0.733805,0.678117,0.679945,0.724138
3.927,0.63739,0.681134,0.615335,0.615068,0.626727,0.641387,0.731949,0.677993,0.679859,0.724703
3.9272,0.637626,0.683493,0.616131,0.615871,0.627665,0.641203,0.730021,0.678382,0.677922,0.72477
3.9274,0.638024,0.686237,0.617033,0.616974,0.629205,0.640894,0.728096,0.679589,0.674895,0.725266
3.9276,0.638198,0.686836,0.617277,0.618053,0.631073,0.640909,0.728132,0.681093,0.673021,0.726366
3.9278,0.637982,0.684951,0.616843,0.619023,0.632668,0.641425,0.728435,0.681939,0.672649,0.728053
3.928,0.637584,0.681418,0.616044,0.619468,0.632773,0.641971,0.72676,0.681647,0.673202,0.729448
3.9282,0.637436,0.678045,0.615388,0.619042,0.631486,0.64247,0.723171,0.680654,0.673659,0.730472
3.9284,0.6381,0.677274,0.615531,0.617963,0.630191,0.643003,0.719701,0.68005,0.673012,0.730522
3.9286,0.639017,0.680156,0.616503,0.616742,0.630114,0.643439,0.717356,0.680261,0.671185,0.73002
3.9288,0.639405,0.684232,0.617597,0.615734,0.631729,0.643536,0.716011,0.680711,0.669034,0.729738
3.929,0.639062,0.686147,0.618427,0.615288,0.633799,0.643202,0.714687,0.680686,0.667479,0.72968
3.9292,0.638433,0.684576,0.618949,0.615666,0.635259,0.642644,0.712272,0.679993,0.666805,0.729564
3.9294,0.637938,0.68128,0.619217,0.616059,0.635568,0.642298,0.709423,0.678974,0.667132,0.729603
3.9296,0.638295,0.6788,0.619375,0.616093,0.634988,0.642591,0.707549,0.67802,0.667996,0.72921
3.9298,0.639635,0.678691,0.619535,0.615156,0.634429,0.643553,0.707193,0.676993,0.668756,0.728754
3.93,0.640719,0.681247,0.619377,0.613858,0.634175,0.644659,0.707368,0.67631,0.669038,0.728345
3.9302,0.641163,0.684974,0.618893,0.612786,0.634468,0.645357,0.706716,0.675498,0.668774,0.72768
3.9304,0.640743,0.687258,0.618385,0.612193,0.635105,0.645449,0.705276,0.674594,0.668277,0.72716
3.9306,0.639919,0.686862,0.618155,0.611651,0.635588,0.645073,0.704118,0.674056,0.667911,0.726435
3.9308,0.639869,0.685641,0.618054,0.611458,0.635839,0.644649,0.704436,0.673809,0.667909,0.725474
3.931,0.640423,0.68546,0.618165,0.612819,0.63612,0.644696,0.706298,0.672947,0.66835,0.724896
3.9312,0.641243,0.686118,0.618402,0.614481,0.636713,0.645275,0.707889,0.67143,0.66928,0.724399
3.9314,0.641906,0.6872,0.618858,0.614696,0.636991,0.645784,0.708068,0.669586,0.670326,0.724531
3.9316,0.641786,0.688143,0.619043,0.613094,0.637133,0.645557,0.70774,0.667875,0.670804,0.72502
3.9318,0.641475,0.68821,0.618311,0.611045,0.637803,0.644504,0.70798,0.666889,0.670429,0.725195
3.932,0.640933,0.687819,0.617314,0.609874,0.638852,0.643184,0.709444,0.666765,0.669594,0.724977
3.9322,0.640728,0.687891,0.616746,0.610132,0.639912,0.64207,0.711378,0.667028,0.668965,0.724283
3.9324,0.641074,0.688801,0.617253,0.611433,0.640395,0.641555,0.712555,0.667155,0.669065,0.723452
3.9326,0.642461,0.689995,0.6184,0.612939,0.640334,0.641912,0.712495,0.666898,0.669918,0.723105
3.9328,0.64371,0.690631,0.619444,0.613991,0.639683,0.642616,0.712281,0.666363,0.670977,0.723199
3.933,0.644118,0.690242,0.61977,0.614194,0.639028,0.642444,0.712825,0.665934,0.671622,0.723485
3.9332,0.642991,0.68897,0.619483,0.61396,0.639049,0.641448,0.714185,0.665985,0.671517,0.723775
3.9334,0.641622,0.687822,0.618796,0.613352,0.640101,0.640007,0.715119,0.666488,0.670649,0.72391
3.9336,0.640851,0.687644,0.618178,0.612795,0.641292,0.638712,0.714755,0.667023,0.669603,0.7239
3.9338,0.641019,0.688242,0.61789,0.612804,0.64138,0.638067,0.714878,0.667426,0.669104,0.723742
3.934,0.642045,0.688586,0.617929,0.613224,0.640618,0.638285,0.715494,0.66812,0.6691,0.723599
3.9342,0.642733,0.68751,0.618184,0.613728,0.639667,0.638611,0.716101,0.668955,0.669167,0.723697
3.9344,0.642539,0.685296,0.618388,0.614583,0.638967,0.638256,0.71686,0.669578,0.668736,0.72389
3.9346,0.641837,0.683257,0.618603,0.615423,0.639086,0.637207,0.716964,0.669684,0.667676,0.723861
3.9348,0.640972,0.682326,0.618459,0.616186,0.64022,0.635956,0.716078,0.669332,0.666064,0.723528
3.935,0.640269,0.682702,0.618334,0.616344,0.641846,0.63516,0.715402,0.669058,0.664538,0.722956
3.9352,0.640146,0.683456,0.618862,0.616368,0.642842,0.635131,0.716393,0.669435,0.66321,0.722475
3.9354,0.641011,0.683337,0.619726,0.61709,0.642223,0.635781,0.717292,0.670559,0.662385,0.722051
3.9356,0.641887,0.681355,0.620522,0.618508,0.640718,0.636733,0.718222,0.672013,0.661606,0.721812
3.9358,0.642242,0.678367,0.620486,0.61966,0.63948,0.637485,0.718507,0.673274,0.660974,0.721929
3.936,0.641683,0.675829,0.619772,0.620324,0.638921,0.637733,0.719455,0.674086,0.660285,0.722095
3.9362,0.64057,0.675321,0.619108,0.62018,0.639127,0.637464,0.720661,0.674411,0.659568,0.722293
3.9364,0.640067,0.676687,0.619158,0.619834,0.639737,0.637209,0.721043,0.674365,0.658611,0.722267
3.9366,0.640714,0.678403,0.619888,0.619542,0.640079,0.637663,0.720514,0.674585,0.658322,0.721683
3.9368,0.641347,0.678453,0.620558,0.619458,0.639673,0.639065,0.720553,0.675121,0.658666,0.720758
3.937,0.641179,0.676081,0.620311,0.619821,0.638674,0.640416,0.721007,0.675465,0.658787,0.720183
3.9372,0.640472,0.672546,0.619003,0.621034,0.637797,0.640927,0.721606,0.675241,0.658214,0.719963
3.9374,0.639683,0.66993,0.617433,0.622644,0.637428,0.640314,0.722609,0.674756,0.657205,0.720323
3.9376,0.639397,0.669387,0.61683,0.623584,0.637855,0.639245,0.723113,0.674305,0.65634,0.720761
3.9378,0.640166,0.670609,0.617977,0.623382,0.638244,0.638667,0.722613,0.674138,0.655921,0.720838
3.938,0.641067,0.672252,0.619812,0.622432,0.638409,0.639091,0.721969,0.67431,0.655911,0.720925
3.9382,0.640936,0.672881,0.621237,0.621895,0.638501,0.640277,0.722756,0.674774,0.656131,0.720405
3.9384,0.639932,0.672138,0.621129,0.621946,0.638072,0.641561,0.725439,0.674761,0.656371,0.719562
3.9386,0.638678,0.670623,0.620015,0.622919,0.637176,0.642377,0.726825,0.67371,0.65651,0.719027
3.9388,0.637989,0.669309,0.618806,0.623894,0.63678,0.642502,0.725173,0.672185,0.656629,0.718621
3.939,0.638038,0.669005,0.618389,0.624315,0.637228,0.642136,0.722652,0.671031,0.656871,0.718622
3.9392,0.638258,0.669687,0.619153,0.624348,0.638264,0.64191,0.722971,0.670355,0.657149,0.719027
3.9394,0.638547,0.670992,0.620431,0.624119,0.638776,0.64202,0.724698,0.670126,0.657378,0.719326
3.9396,0.638979,0.672185,0.621062,0.623734,0.638482,0.642361,0.725466,0.670563,0.657354,0.719385
3.9398,0.639311,0.672627,0.620554,0.623315,0.637394,0.642907,0.724395,0.670597,0.656993,0.719481
3.94,0.639133,0.672373,0.619721,0.623499,0.636199,0.64295,0.722225,0.669725,0.656724,0.719668
3.9402,0.638773,0.672164,0.619473,0.624175,0.636747,0.642133,0.720989,0.669371,0.657351,0.719905
3.9404,0.638149,0.672805,0.619931,0.624589,0.638793,0.640719,0.721181,0.670128,0.658592,0.720071
3.9406,0.637739,0.674046,0.620652,0.624483,0.641002,0.639552,0.721662,0.67094,0.659902,0.72019
3.9408,0.637336,0.675216,0.621277,0.623894,0.641589,0.639001,0.721163,0.671181,0.661026,0.720391
3.941,0.637164,0.675896,0.621759,0.62251,0.640504,0.639821,0.720179,0.670679,0.661464,0.720748
3.9412,0.637636,0.675969,0.622253,0.620309,0.638491,0.640996,0.71958,0.669929,0.661214,0.720985
3.9414,0.638278,0.675608,0.622625,0.617772,0.636532,0.641339,0.719739,0.669594,0.660486,0.720902
3.9416,0.638527,0.675227,0.622706,0.616572,0.636488,0.640156,0.720511,0.670436,0.660397,0.720841
3.9418,0.637748,0.675077,0.622329,0.61691,0.638405,0.637759,0.721396,0.671908,0.661404,0.720803
3.942,0.636516,0.675176,0.621725,0.618423,0.640816,0.635583,0.721183,0.672749,0.662927,0.721084
3.9422,0.635426,0.675482,0.621565,0.619993,0.641836,0.634682,0.720838,0.672712,0.664044,0.72152
3.9424,0.63525,0.675795,0.6219,0.620409,0.640817,0.635038,0.721625,0.672267,0.664157,0.721897
3.9426,0.635809,0.676057,0.622599,0.619027,0.639158,0.635884,0.722879,0.672006,0.663262,0.721788
3.9428,0.636506,0.676257,0.623246,0.616796,0.638288,0.636595,0.723566,0.672336,0.662579,0.721323
3.943,0.636529,0.676377,0.623499,0.61519,0.639078,0.63647,0.723905,0.672568,0.663141,0.720685
3.9432,0.635301,0.676445,0.623122,0.615031,0.640973,0.635922,0.72338,0.672025,0.664557,0.72112
3.9434,0.633343,0.676179,0.622285,0.616064,0.642377,0.635327,0.72315,0.671059,0.666385,0.722992
3.9436,0.631489,0.675817,0.621566,0.617354,0.642588,0.635758,0.723664,0.670022,0.667094,0.725148
3.9438,0.630895,0.675205,0.62145,0.618154,0.641879,0.637437,0.72528,0.669116,0.6666,0.726983
3.944,0.631908,0.67448,0.621879,0.618388,0.640705,0.639036,0.726428,0.668384,0.665582,0.727489
3.9442,0.633679,0.674249,0.622446,0.618343,0.640104,0.640018,0.726429,0.66745,0.665137,0.727248
3.9444,0.634493,0.674655,0.622799,0.618356,0.640771,0.639933,0.725359,0.667018,0.665437,0.726598
3.9446,0.633945,0.67542,0.622649,0.618746,0.642159,0.639177,0.725936,0.668094,0.666303,0.72655
3.9448,0.632383,0.675952,0.622076,0.619076,0.643385,0.638818,0.726701,0.669317,0.666357,0.727394
3.945,0.630351,0.675846,0.621265,0.619459,0.643447,0.639408,0.726482,0.669064,0.665555,0.728741
3.9452,0.62871,0.676188,0.620671,0.620378,0.642296,0.640776,0.726912,0.667182,0.664442,0.730146
3.9454,0.627927,0.677661,0.620419,0.621971,0.640729,0.642307,0.728002,0.664271,0.663342,0.730375
3.9456,0.628029,0.679585,0.620046,0.623814,0.640123,0.643256,0.728015,0.662521,0.662859,0.729511
3.9458,0.628661,0.680792,0.61918,0.624946,0.641052,0.643135,0.727457,0.663375,0.663034,0.728564
3.946,0.629124,0.680657,0.618364,0.624994,0.64294,0.642369,0.727469,0.666064,0.663366,0.728501
3.9462,0.628929,0.679824,0.618147,0.624134,0.644847,0.641788,0.727648,0.669096,0.663474,0.72963
3.9464,0.628117,0.679273,0.619062,0.62375,0.645691,0.642009,0.72731,0.671422,0.663226,0.731635
3.9466,0.627241,0.679464,0.620532,0.624454,0.645124,0.643066,0.725938,0.672076,0.662756,0.732984
3.9468,0.626929,0.680973,0.62107,0.626226,0.643897,0.644421,0.724488,0.671742,0.662476,0.733772
3.947,0.627438,0.682816,0.620222,0.627593,0.643076,0.645362,0.724315,0.671279,0.662601,0.733388
3.9472,0.628498,0.683826,0.618681,0.627549,0.643302,0.6454,0.725485,0.671318,0.663395,0.732205
3.9474,0.630112,0.683607,0.617849,0.626008,0.644599,0.644756,0.727075,0.672527,0.664819,0.731725
3.9476,0.631313,0.683089,0.61835,0.624202,0.645366,0.644085,0.727205,0.674029,0.665751,0.731785
3.9478,0.631429,0.682872,0.619472,0.624023,0.644658,0.644236,0.725703,0.674327,0.66572,0.732194
3.948,0.630518,0.683139,0.619852,0.625348,0.642542,0.645087,0.724207,0.673053,0.665559,0.732654
3.9482,0.629461,0.683169,0.618843,0.626788,0.640096,0.645848,0.723434,0.670997,0.665569,0.732851
3.9484,0.62943,0.682895,0.617044,0.627244,0.638626,0.645747,0.724194,0.669287,0.665462,0.73281
3.9486,0.63052,0.682297,0.615373,0.626488,0.638843,0.644415,0.725038,0.669113,0.665721,0.733083
3.9488,0.631983,0.681517,0.615133,0.625513,0.639733,0.642578,0.72447,0.669952,0.666019,0.733534
3.949,0.633214,0.681207,0.616351,0.625099,0.6401,0.64186,0.722815,0.670689,0.666217,0.733999
3.9492,0.633443,0.681238,0.617602,0.625399,0.639043,0.642226,0.720884,0.67028,0.666625,0.734438
3.9494,0.633101,0.681383,0.618146,0.626105,0.636529,0.642954,0.720869,0.668699,0.667164,0.734307
3.9496,0.632892,0.681418,0.617959,0.626685,0.634109,0.642967,0.723432,0.667357,0.668077,0.734046
3.9498,0.632984,0.681059,0.617473,0.626564,0.633279,0.642018,0.724377,0.666617,0.668832,0.734412
3.95,0.633397,0.680679,0.617174,0.626062,0.634162,0.641064,0.72349,0.666624,0.669338,0.734769
3.9502,0.633614,0.680985,0.617202,0.626003,0.635186,0.640368,0.721745,0.666518,0.669219,0.735049
3.9504,0.633407,0.681712,0.617616,0.626706,0.634882,0.640269,0.72081,0.665845,0.668868,0.734671
3.9506,0.633734,0.681954,0.617975,0.627714,0.632887,0.640334,0.721853,0.664527,0.668625,0.733531
3.9508,0.634632,0.681394,0.618293,0.62846,0.630419,0.640631,0.721939,0.662825,0.668729,0.732099
3.951,0.635323,0.68037,0.618671,0.628304,0.628672,0.640909,0.720944,0.661498,0.669601,0.7313
3.9512,0.635997,0.679193,0.618436,0.627708,0.628008,0.641008,0.720194,0.660925,0.670641,0.731509
3.9514,0.636388,0.678465,0.617677,0.626746,0.628105,0.640863,0.719425,0.660939,0.671265,0.73263
3.9516,0.636523,0.678664,0.616627,0.626286,0.628236,0.640437,0.719287,0.661175,0.671648,0.733473
3.9518,0.636633,0.679334,0.616,0.626796,0.627866,0.640168,0.720145,0.661125,0.672043,0.732976
3.952,0.637754,0.679827,0.616232,0.627647,0.626998,0.640279,0.721964,0.660616,0.672072,0.731266
3.9522,0.639143,0.679562,0.617406,0.628731,0.626022,0.640686,0.722577,0.659981,0.672171,0.728677
3.9524,0.639481,0.679105,0.618452,0.629168,0.62521,0.641115,0.722008,0.659627,0.672548,0.727084
3.9526,0.638706,0.678704,0.618387,0.628523,0.624753,0.641231,0.721234,0.659744,0.672499,0.727615
3.9528,0.637251,0.678669,0.617316,0.626859,0.624482,0.640851,0.721398,0.660383,0.671781,0.729503
3.953,0.636457,0.678663,0.615972,0.625274,0.624054,0.640501,0.722856,0.661541,0.67116,0.7315
3.9532,0.636296,0.678839,0.615408,0.625065,0.623693,0.640931,0.723315,0.662684,0.670554,0.731592
3.9534,0.636832,0.678656,0.615902,0.626008,0.62366,0.641892,0.7227,0.663611,0.669654,0.729241
3.9536,0.637913,0.678003,0.616997,0.62692,0.623683,0.642668,0.723328,0.664818,0.6685,0.726307
3.9538,0.638356,0.677401,0.617979,0.626884,0.623534,0.642933,0.724959,0.665367,0.667006,0.724419
3.954,0.638,0.677142,0.618416,0.625893,0.623086,0.642657,0.725601,0.664868,0.665303,0.723974
3.9542,0.636788,0.677214,0.618702,0.624863,0.622417,0.642441,0.725199,0.664166,0.664226,0.725137
3.9544,0.635695,0.677222,0.618828,0.624319,0.621707,0.642754,0.725297,0.664309,0.664349,0.726372
3.9546,0.635119,0.677165,0.619114,0.624197,0.621323,0.643641,0.725904,0.665245,0.664696,0.726524
3.9548,0.636081,0.677074,0.619419,0.624657,0.621476,0.644818,0.726343,0.666994,0.664205,0.72576
3.955,0.637946,0.67703,0.619434,0.625311,0.621962,0.645899,0.726411,0.668921,0.662329,0.7247
3.9552,0.639032,0.677162,0.619284,0.625631,0.622406,0.646542,0.726005,0.670159,0.659377,0.724162
3.9554,0.637988,0.67749,0.618922,0.625501,0.622479,0.646614,0.725495,0.670455,0.656952,0.724065
3.9556,0.636005,0.678132,0.61901,0.625145,0.622063,0.646255,0.725961,0.670202,0.656009,0.724225
3.9558,0.634553,0.678742,0.619632,0.624736,0.621414,0.645859,0.727458,0.669958,0.656471,0.724457
3.956,0.634167,0.679572,0.620266,0.624351,0.621021,0.645769,0.729029,0.670865,0.657133,0.724545
3.9562,0.635557,0.680308,0.620584,0.6243,0.621351,0.645924,0.730131,0.673098,0.656684,0.724315
3.9564,0.637632,0.680477,0.620521,0.624734,0.622134,0.645935,0.730446,0.675841,0.655016,0.723988
3.9566,0.638269,0.679906,0.62013,0.625296,0.623836,0.645874,0.729284,0.678286,0.653229,0.723672
3.9568,0.636704,0.679062,0.620077,0.625846,0.624905,0.645502,0.727446,0.67947,0.651975,0.723472
3.957,0.633845,0.678615,0.620856,0.626816,0.624162,0.645464,0.725491,0.679245,0.651713,0.723188
3.9572,0.631654,0.678949,0.622006,0.627697,0.621707,0.645938,0.724689,0.67916,0.652331,0.722947
3.9574,0.631734,0.679904,0.622876,0.628588,0.619352,0.646925,0.724565,0.679731,0.653097,0.722903
3.9576,0.634006,0.680977,0.623359,0.62912,0.618573,0.647286,0.723478,0.680839,0.653357,0.722992
3.9578,0.637076,0.681664,0.623363,0.629483,0.619739,0.646063,0.721124,0.683187,0.652977,0.723342
3.958,0.6386,0.681742,0.623239,0.630329,0.621642,0.643739,0.718034,0.685466,0.652381,0.723936
3.9582,0.63788,0.681314,0.622798,0.631636,0.622699,0.64181,0.715464,0.686542,0.652777,0.724855
3.9584,0.635384,0.680801,0.622033,0.632286,0.622062,0.64094,0.713167,0.686288,0.653786,0.725969
3.9586,0.633523,0.680492,0.621257,0.631447,0.619954,0.641276,0.713177,0.68491,0.654672,0.726563
3.9588,0.633587,0.68026,0.620564,0.629802,0.617957,0.642001,0.714112,0.683693,0.65511,0.72573
3.959,0.635341,0.680232,0.620136,0.628441,0.617223,0.642506,0.713185,0.683929,0.655285,0.723928
3.9592,0.637183,0.681027,0.62019,0.628596,0.618069,0.642168,0.708844,0.685529,0.655264,0.721928
3.9594,0.637322,0.682583,0.621633,0.630563,0.619312,0.640967,0.704072,0.688251,0.656074,0.720778
3.9596,0.636021,0.683886,0.62339,0.632944,0.619809,0.639736,0.70114,0.690062,0.657285,0.721282
3.9598,0.635557,0.684105,0.623567,0.634069,0.619531,0.639389,0.702277,0.690175,0.658333,0.722938
3.96,0.636281,0.683856,0.621695,0.633309,0.61894,0.639899,0.705282,0.688924,0.658914,0.724183
3.9602,0.637789,0.68398,0.618737,0.631433,0.618605,0.640722,0.706101,0.687532,0.659057,0.723677
3.9604,0.638817,0.684703,0.616407,0.630217,0.618888,0.641304,0.703574,0.687184,0.659186,0.722117
3.9606,0.638529,0.685775,0.615597,0.630416,0.61982,0.641512,0.699704,0.688204,0.659631,0.721476
3.9608,0.637156,0.686602,0.616695,0.632096,0.621095,0.641569,0.696832,0.689795,0.660469,0.722085
3.961,0.635896,0.686758,0.618669,0.633872,0.622386,0.641719,0.696926,0.690648,0.661321,0.723621
3.9612,0.636206,0.686087,0.619545,0.634752,0.623072,0.641882,0.699878,0.69111,0.662282,0.725243
3.9614,0.6381,0.685113,0.618582,0.633963,0.623277,0.641955,0.703072,0.691066,0.662837,0.725793
3.9616,0.640209,0.684568,0.616568,0.632684,0.623967,0.64238,0.704125,0.690268,0.66286,0.725803
3.9618,0.640876,0.684625,0.614727,0.632017,0.625133,0.643062,0.702669,0.6889,0.662714,0.725019
3.962,0.639739,0.685386,0.613761,0.631978,0.626401,0.643666,0.700456,0.687463,0.662772,0.72456
3.9622,0.637684,0.68641,0.613687,0.632099,0.626998,0.644254,0.699684,0.686916,0.662982,0.725029
3.9624,0.635928,0.687058,0.61409,0.632894,0.626545,0.64452,0.700551,0.687673,0.663657,0.726214
3.9626,0.635502,0.687173,0.614387,0.634185,0.625463,0.644735,0.701764,0.689505,0.664611,0.727505
3.9628,0.636543,0.686906,0.614217,0.634949,0.624951,0.644717,0.701818,0.690786,0.665255,0.728176
3.963,0.638429,0.686936,0.613663,0.634536,0.625634,0.644868,0.700308,0.690081,0.665403,0.727772
3.9632,0.639748,0.687687,0.613016,0.633013,0.626907,0.645535,0.699004,0.688266,0.665172,0.726744
3.9634,0.640101,0.688915,0.612533,0.631291,0.627588,0.646637,0.698849,0.68657,0.664399,0.725838
3.9636,0.640078,0.689618,0.612314,0.630346,0.627355,0.647676,0.699764,0.685809,0.663284,0.725613
3.9638,0.639934,0.689246,0.612164,0.630351,0.626212,0.648016,0.701387,0.68562,0.662634,0.726301
3.964,0.639819,0.687708,0.611934,0.631232,0.625328,0.648124,0.702708,0.684942,0.663227,0.727348
3.9642,0.640816,0.685556,0.611963,0.63272,0.625403,0.648533,0.703486,0.683577,0.664809,0.72813
3.9644,0.642046,0.683854,0.612308,0.634285,0.62622,0.649167,0.703952,0.682652,0.666487,0.72823
3.9646,0.642255,0.683107,0.612696,0.635001,0.627038,0.649384,0.703779,0.683196,0.667224,0.727839
3.9648,0.641561,0.683215,0.612958,0.634252,0.627438,0.649282,0.703007,0.683918,0.666528,0.727175
3.965,0.640522,0.683677,0.612879,0.632498,0.626982,0.649371,0.702435,0.684073,0.664949,0.726721
3.9652,0.639665,0.683673,0.612457,0.631037,0.626065,0.649759,0.701956,0.684093,0.663515,0.72704
3.9654,0.639523,0.682722,0.611982,0.630838,0.62565,0.650153,0.701154,0.683574,0.663008,0.727646
3.9656,0.640108,0.680793,0.611829,0.631836,0.626207,0.650267,0.699684,0.683133,0.663713,0.72842
3.9658,0.640862,0.6789,0.612175,0.633577,0.627229,0.650136,0.698141,0.68279,0.665012,0.729135
3.966,0.641187,0.678138,0.612841,0.634723,0.627836,0.650112,0.69826,0.682573,0.666082,0.728894
3.9662,0.641042,0.678235,0.613351,0.634924,0.627937,0.650595,0.699462,0.683055,0.666446,0.728475
3.9664,0.640786,0.678015,0.613196,0.634423,0.627322,0.651552,0.699723,0.684294,0.665862,0.727853
3.9666,0.640572,0.677113,0.612249,0.633412,0.626226,0.652509,0.697073,0.685336,0.66478,0.727821
3.9668,0.640513,0.675704,0.610959,0.632587,0.626049,0.652896,0.69307,0.684787,0.664486,0.728866
3.967,0.640632,0.674322,0.61033,0.632362,0.626996,0.652511,0.690256,0.683163,0.665103,0.730039
3.9672,0.640614,0.673926,0.610659,0.632631,0.628517,0.651699,0.690354,0.682033,0.666341,0.730302
3.9674,0.64098,0.674605,0.611574,0.633006,0.629856,0.651118,0.693164,0.681698,0.667024,0.729431
3.9676,0.64162,0.676047,0.612297,0.633199,0.630285,0.651162,0.694273,0.682124,0.666692,0.728031
3.9678,0.642127,0.677617,0.612318,0.633199,0.629525,0.651696,0.692237,0.683399,0.665677,0.727557
3.968,0.642012,0.67824,0.611636,0.633007,0.628452,0.65169,0.688375,0.684446,0.664842,0.728165
3.9682,0.64121,0.67767,0.610516,0.632697,0.628823,0.650771,0.685999,0.684232,0.664813,0.729076
3.9684,0.639814,0.67666,0.60973,0.6324,0.630327,0.648971,0.686274,0.682757,0.665679,0.729528
3.9686,0.638911,0.675924,0.609743,0.632201,0.631777,0.647328,0.687957,0.681222,0.667045,0.729014
3.9688,0.638933,0.675864,0.610409,0.632155,0.632443,0.647709,0.688958,0.680807,0.667788,0.727718
3.969,0.639489,0.676341,0.611062,0.632248,0.632236,0.649225,0.68849,0.681656,0.668136,0.726506
3.9692,0.64041,0.676661,0.611103,0.632432,0.631635,0.650136,0.687074,0.683047,0.667943,0.726298
3.9694,0.640662,0.676596,0.610389,0.632481,0.631735,0.650244,0.685976,0.683825,0.667202,0.727242
3.9696,0.640353,0.676433,0.609172,0.632004,0.632892,0.64895,0.68645,0.683481,0.666731,0.72824
3.9698,0.639817,0.676378,0.607971,0.630903,0.634259,0.646118,0.688366,0.682591,0.666655,0.728256
3.97,0.638994,0.676316,0.60727,0.62963,0.634764,0.64347,0.690083,0.681955,0.666792,0.727157
3.9702,0.638801,0.676444,0.607139,0.628872,0.63415,0.642485,0.69075,0.682117,0.667071,0.725209
3.9704,0.639675,0.676622,0.607394,0.629106,0.632804,0.643328,0.691312,0.682934,0.667203,0.723363
3.9706,0.640728,0.67663,0.607782,0.62944,0.631247,0.644713,0.691878,0.683882,0.666819,0.72264
3.9708,0.641105,0.676394,0.608124,0.62893,0.630599,0.644952,0.692585,0.68415,0.665995,0.723074
3.971,0.640405,0.67627,0.608418,0.627331,0.631197,0.64366,0.692728,0.683868,0.665284,0.723804
3.9712,0.639207,0.67647,0.608699,0.624996,0.632436,0.641739,0.692334,0.683549,0.66528,0.724276
3.9714,0.638039,0.676941,0.608966,0.623346,0.633398,0.640365,0.69214,0.684005,0.666036,0.724126
3.9716,0.637876,0.677572,0.609256,0.622662,0.633436,0.640251,0.692724,0.684947,0.666971,0.72363
3.9718,0.638492,0.67777,0.609617,0.622701,0.633052,0.641353,0.693766,0.686342,0.667514,0.723008
3.972,0.639439,0.677882,0.609903,0.62281,0.632811,0.642805,0.694647,0.687047,0.667198,0.722609
3.9722,0.639642,0.678373,0.610049,0.622585,0.632531,0.643466,0.695443,0.687452,0.666167,0.722369
3.9724,0.638792,0.678767,0.610426,0.621274,0.632136,0.642983,0.69659,0.687747,0.665184,0.722522
3.9726,0.637356,0.678816,0.611329,0.619327,0.631978,0.642438,0.698311,0.687539,0.66485,0.722411
3.9728,0.636418,0.678987,0.612287,0.617639,0.631851,0.642494,0.700111,0.68733,0.66535,0.722288
3.973,0.636543,0.679264,0.612759,0.616712,0.632164,0.643126,0.701193,0.687151,0.666296,0.722134
3.9732,0.637409,0.679957,0.61254,0.616512,0.633213,0.643773,0.701424,0.686899,0.666682,0.721571
3.9734,0.638112,0.680789,0.611947,0.616476,0.633931,0.64417,0.701269,0.686636,0.666527,0.721095
3.9736,0.638005,0.6813,0.611603,0.616012,0.633858,0.644277,0.700611,0.687073,0.666427,0.721219
3.9738,0.637337,0.681072,0.611953,0.615498,0.633076,0.644184,0.700337,0.688003,0.666702,0.72177
3.974,0.636917,0.680143,0.612938,0.615188,0.632293,0.644383,0.699999,0.68926,0.666831,0.722628
3.9742,0.63725,0.679484,0.614213,0.615328,0.631956,0.64498,0.699232,0.689792,0.666799,0.723409
3.9744,0.638201,0.680206,0.615438,0.615813,0.631875,0.645679,0.697944,0.68942,0.66674,0.723185
3.9746,0.63912,0.681701,0.615863,0.616431,0.632383,0.646213,0.696466,0.68855,0.666328,0.722482
3.9748,0.639419,0.682876,0.615261,0.616787,0.633499,0.646357,0.697342,0.688379,0.666139,0.722026
3.975,0.639061,0.683462,0.614082,0.616517,0.634491,0.645927,0.699026,0.688691,0.665923,0.721867
3.9752,0.638552,0.683715,0.613155,0.615803,0.634973,0.645701,0.698045,0.688936,0.666155,0.722662
3.9754,0.638247,0.683591,0.613134,0.615436,0.634821,0.646017,0.695185,0.688636,0.66706,0.723426
3.9756,0.637982,0.683235,0.613714,0.616146,0.634076,0.646719,0.692571,0.688024,0.667979,0.724036
3.9758,0.637498,0.683063,0.614232,0.617684,0.633152,0.646923,0.691199,0.687174,0.668134,0.724155
3.976,0.636731,0.682984,0.614047,0.619241,0.63255,0.646083,0.690301,0.686894,0.667523,0.723712
3.9762,0.635882,0.68327,0.613256,0.61982,0.632625,0.644609,0.688167,0.687617,0.666371,0.723168
3.9764,0.635338,0.684602,0.612892,0.619472,0.633267,0.643594,0.685407,0.689183,0.66547,0.723497
3.9766,0.634896,0.686051,0.613014,0.618968,0.633893,0.643397,0.683225,0.689993,0.665523,0.724601
3.9768,0.634428,0.68713,0.613508,0.619087,0.634044,0.644021,0.682202,0.68915,0.666921,0.726023
3.977,0.634177,0.687081,0.613943,0.620015,0.633765,0.644816,0.681861,0.687266,0.669215,0.727077
3.9772,0.633641,0.685718,0.613875,0.62143,0.633477,0.644707,0.681596,0.68542,0.671357,0.727748
3.9774,0.632884,0.683874,0.612951,0.622666,0.633561,0.643879,0.681151,0.684708,0.671881,0.728078
3.9776,0.632147,0.682607,0.6115,0.623135,0.633957,0.64251,0.680845,0.684875,0.670969,0.728456
3.9778,0.631517,0.682526,0.61018,0.623045,0.634234,0.640937,0.681146,0.685404,0.669279,0.728694
3.978,0.63166,0.683187,0.609534,0.623342,0.634275,0.639871,0.682139,0.686037,0.668428,0.72887
3.9782,0.633428,0.683713,0.609588,0.62418,0.634224,0.639634,0.683801,0.686411,0.668639,0.729359
3.9784,0.635263,0.683161,0.609808,0.624453,0.633879,0.639821,0.685452,0.686404,0.669439,0.729881
3.9786,0.635036,0.682275,0.610049,0.623727,0.633106,0.640053,0.6863,0.686013,0.670104,0.730361
3.9788,0.632848,0.682668,0.610143,0.622934,0.632138,0.640421,0.687856,0.685893,0.67011,0.730753
3.979,0.630636,0.684183,0.60997,0.622238,0.63146,0.640694,0.690298,0.686198,0.669597,0.731038
3.9792,0.629566,0.685672,0.609774,0.621773,0.631464,0.640652,0.691799,0.686652,0.6691,0.731323
3.9794,0.62972,0.686315,0.609743,0.622123,0.631892,0.640335,0.692547,0.687023,0.668717,0.731472
3.9796,0.630506,0.686226,0.609956,0.622821,0.631861,0.640092,0.692968,0.687237,0.667879,0.731266
3.9798,0.630981,0.68572,0.610289,0.623068,0.630993,0.6404,0.693672,0.687243,0.666869,0.731011
3.98,0.63074,0.685115,0.610528,0.622229,0.629243,0.641424,0.695371,0.687092,0.665739,0.730673
3.9802,0.63019,0.685365,0.610511,0.620379,0.627393,0.642862,0.697169,0.687087,0.665142,0.730538
3.9804,0.629835,0.686281,0.610329,0.618717,0.626043,0.644118,0.698213,0.687417,0.665079,0.730282
3.9806,0.629844,0.687064,0.610377,0.618203,0.626288,0.644719,0.699429,0.687774,0.665343,0.730395
3.9808,0.630695,0.687364,0.611159,0.619679,0.628022,0.644524,0.701648,0.687855,0.665148,0.730473
3.981,0.631894,0.687125,0.612724,0.623118,0.629543,0.644343,0.704108,0.688569,0.664084,0.730059
3.9812,0.632372,0.686911,0.613973,0.626287,0.62911,0.644942,0.705741,0.689825,0.662398,0.729453
3.9814,0.632173,0.686893,0.614453,0.626661,0.626932,0.646541,0.706532,0.690832,0.66055,0.729008
3.9816,0.632057,0.686986,0.613869,0.624509,0.624486,0.648341,0.706738,0.690409,0.659416,0.729226
3.9818,0.632333,0.686852,0.612663,0.621983,0.62289,0.6497,0.706333,0.688398,0.659289,0.729869
3.982,0.632629,0.68658,0.611723,0.620636,0.62262,0.650475,0.705819,0.685985,0.659876,0.730308
3.9822,0.633197,0.686533,0.611607,0.621027,0.623319,0.651162,0.704887,0.684333,0.660542,0.730524
3.9824,0.633612,0.686899,0.61221,0.62253,0.623967,0.651677,0.703678,0.684455,0.660616,0.730303
3.9826,0.633555,0.687863,0.613059,0.623812,0.623896,0.652166,0.703996,0.685558,0.659977,0.730081
3.9828,0.633321,0.689014,0.613582,0.624009,0.623219,0.652788,0.706024,0.686234,0.659126,0.729918
3.983,0.633286,0.689526,0.613336,0.623396,0.622447,0.653394,0.706888,0.685184,0.658779,0.729764
3.9832,0.63389,0.689264,0.612673,0.622693,0.622119,0.653783,0.704995,0.68217,0.659305,0.729997
3.9834,0.634401,0.688235,0.61245,0.622278,0.62226,0.653727,0.70174,0.67877,0.660441,0.729939
3.9836,0.633613,0.687832,0.612738,0.622218,0.622562,0.653725,0.698482,0.676484,0.661407,0.729765
3.9838,0.632423,0.688431,0.613275,0.622441,0.622785,0.653614,0.696311,0.675885,0.6621,0.729817
3.984,0.631954,0.688869,0.61388,0.622809,0.622876,0.653719,0.695295,0.676157,0.662765,0.729828
3.9842,0.632264,0.688768,0.614139,0.623444,0.622704,0.654596,0.694171,0.676172,0.663113,0.729786
3.9844,0.63283,0.688084,0.614028,0.624283,0.622344,0.655567,0.692725,0.675579,0.66301,0.729143
3.9846,0.633686,0.686975,0.613834,0.625108,0.622038,0.655779,0.690508,0.674223,0.662508,0.727958
3.9848,0.634291,0.685862,0.613704,0.625236,0.621964,0.655503,0.688069,0.672463,0.661846,0.72676
3.985,0.634132,0.686015,0.614133,0.624454,0.622058,0.654831,0.686127,0.670948,0.661547,0.726131
3.9852,0.633259,0.687229,0.614696,0.623284,0.622155,0.654537,0.684938,0.670121,0.661966,0.726619
3.9854,0.632298,0.688113,0.615134,0.622575,0.622117,0.654657,0.684626,0.670002,0.662895,0.727584
3.9856,0.632285,0.687803,0.615224,0.622706,0.621998,0.655558,0.684415,0.670266,0.663719,0.728102
3.9858,0.63325,0.686112,0.614895,0.623394,0.621869,0.656269,0.683791,0.670514,0.663993,0.727309
3.986,0.634317,0.684203,0.614414,0.624005,0.621778,0.656133,0.683118,0.670523,0.663672,0.725389
3.9862,0.63466,0.68368,0.614222,0.623914,0.621714,0.655441,0.682841,0.670318,0.662931,0.723561
3.9864,0.633857,0.684511,0.614368,0.623048,0.62147,0.654491,0.683475,0.669963,0.662128,0.722429
3.9866,0.632893,0.685796,0.614689,0.621658,0.621099,0.653719,0.684903,0.669538,0.661879,0.722565
3.9868,0.632702,0.686263,0.614895,0.620494,0.620828,0.65384,0.68543,0.669664,0.662378,0.723415
3.987,0.633428,0.685276,0.615128,0.620116,0.620339,0.654724,0.685436,0.670488,0.663075,0.723715
3.9872,0.6346,0.683357,0.615073,0.619989,0.619999,0.6556,0.685837,0.671775,0.663126,0.723125
3.9874,0.635307,0.682195,0.614957,0.620054,0.61949,0.655762,0.685918,0.673224,0.661969,0.722064
3.9876,0.634799,0.682318,0.614792,0.619492,0.618785,0.655322,0.685204,0.674205,0.660039,0.720564
3.9878,0.63369,0.683525,0.615,0.618111,0.618253,0.654882,0.684475,0.674075,0.658177,0.71975
3.988,0.632841,0.684683,0.615856,0.616355,0.617744,0.655044,0.684722,0.673055,0.657277,0.719671
3.9882,0.632907,0.68457,0.61675,0.615034,0.617437,0.655688,0.686087,0.672095,0.657704,0.719854
3.9884,0.633951,0.683482,0.617482,0.614449,0.61695,0.656301,0.687729,0.672107,0.658638,0.720168
3.9886,0.634834,0.682377,0.617931,0.614131,0.616724,0.656664,0.688589,0.673344,0.658682,0.719923
3.9888,0.634924,0.682495,0.618186,0.613517,0.616496,0.656924,0.688796,0.675273,0.657324,0.719446
3.989,0.634014,0.683576,0.618456,0.612601,0.615614,0.65707,0.689572,0.676707,0.655236,0.719173
3.9892,0.633546,0.684559,0.618846,0.61172,0.614356,0.657487,0.691578,0.677755,0.653736,0.719132
3.9894,0.633775,0.684832,0.619134,0.610918,0.613309,0.658349,0.694092,0.678397,0.653693,0.719106
3.9896,0.63421,0.684388,0.619135,0.610462,0.612916,0.659082,0.695875,0.678502,0.654522,0.718828
3.9898,0.634516,0.683916,0.618858,0.610228,0.612992,0.659417,0.696348,0.678369,0.655104,0.718131
3.99,0.634417,0.683772,0.618405,0.610183,0.613174,0.659353,0.696303,0.678451,0.654706,0.717522
3.9902,0.634201,0.684157,0.6185,0.609986,0.614315,0.659232,0.696982,0.679276,0.654173,0.717871
3.9904,0.634371,0.68471,0.61934,0.609585,0.616472,0.659318,0.69721,0.680579,0.654739,0.718715
3.9906,0.635174,0.685256,0.620397,0.609396,0.617742,0.659479,0.696658,0.681692,0.655924,0.719491
3.9908,0.635742,0.685137,0.621046,0.609626,0.61752,0.659699,0.695501,0.682107,0.657126,0.719624
3.991,0.635398,0.684774,0.621313,0.61007,0.61646,0.659227,0.694817,0.681961,0.657558,0.718969
3.9912,0.634141,0.684867,0.621594,0.610508,0.616042,0.658353,0.695294,0.68165,0.657249,0.717957
3.9914,0.632742,0.68531,0.621579,0.611328,0.616869,0.657511,0.695234,0.681833,0.657266,0.717481
3.9916,0.632036,0.685568,0.621012,0.61188,0.618304,0.656611,0.692893,0.682815,0.658251,0.718473
3.9918,0.632693,0.685028,0.620158,0.612256,0.61923,0.655972,0.690701,0.683891,0.659911,0.720645
3.992,0.634236,0.683572,0.619439,0.612564,0.619452,0.655945,0.689065,0.684354,0.660909,0.722386
3.9922,0.635602,0.681891,0.6191,0.613223,0.618943,0.65606,0.686968,0.6839,0.660657,0.722544
3.9924,0.635722,0.680714,0.619323,0.613759,0.618426,0.655888,0.684103,0.68319,0.659661,0.721193
3.9926,0.634233,0.680562,0.620187,0.613693,0.618624,0.655508,0.681696,0.682612,0.658812,0.71978
3.9928,0.632504,0.680903,0.621165,0.613127,0.619662,0.654996,0.680788,0.682107,0.658851,0.719816
3.993,0.631471,0.680731,0.621645,0.613177,0.620518,0.654668,0.680108,0.681597,0.659944,0.721539
3.9932,0.631345,0.67992,0.621657,0.614004,0.62066,0.654744,0.67869,0.681007,0.661291,0.72381
3.9934,0.63137,0.67832,0.620956,0.615425,0.620296,0.655101,0.676556,0.680248,0.662069,0.725274
3.9936,0.630612,0.676885,0.620078,0.616642,0.620284,0.655431,0.674518,0.67989,0.661994,0.725167
3.9938,0.629055,0.677406,0.620223,0.617005,0.620587,0.655492,0.673741,0.679627,0.661366,0.724197
3.994,0.627868,0.680088,0.621513,0.616565,0.621407,0.655295,0.67424,0.678922,0.660939,0.723413
3.9942,0.627393,0.682319,0.622753,0.615987,0.622309,0.654799,0.675134,0.677266,0.661337,0.723263
3.9944,0.627567,0.6817,0.623336,0.616086,0.62273,0.654945,0.675754,0.676092,0.662801,0.724023
3.9946,0.628074,0.679588,0.622679,0.617543,0.622913,0.655781,0.676221,0.677381,0.664972,0.725152
3.9948,0.628758,0.678511,0.620982,0.619584,0.622755,0.656515,0.677019,0.679684,0.666756,0.725838
3.995,0.62904,0.678746,0.619521,0.621332,0.622653,0.656843,0.67812,0.680078,0.666855,0.725784
3.9952,0.628741,0.679829,0.619304,0.621796,0.622743,0.656604,0.67899,0.678054,0.665309,0.725097
3.9954,0.628018,0.680789,0.62038,0.621375,0.623281,0.655959,0.680214,0.676297,0.663813,0.724423
3.9956,0.626608,0.680549,0.621822,0.620524,0.623406,0.655146,0.681974,0.676721,0.663847,0.724986
3.9958,0.624567,0.679038,0.622699,0.619953,0.622801,0.655045,0.683613,0.677911,0.664873,0.726819
3.996,0.623424,0.677195,0.622588,0.620049,0.622208,0.655768,0.684307,0.678565,0.66652,0.7292
3.9962,0.623888,0.676026,0.621792,0.621158,0.622341,0.65671,0.683755,0.677483,0.667933,0.731074
3.9964,0.625908,0.675957,0.620686,0.622353,0.623049,0.657055,0.683008,0.675689,0.668023,0.731434
3.9966,0.628148,0.67669,0.619707,0.62338,0.624145,0.656579,0.683312,0.675149,0.666971,0.730257
3.9968,0.62921,0.67732,0.619339,0.624107,0.624738,0.655571,0.684573,0.67559,0.665396,0.728543
3.997,0.628936,0.677316,0.619608,0.62402,0.624562,0.654426,0.685788,0.676128,0.66448,0.727007
3.9972,0.628035,0.676752,0.620245,0.623452,0.624396,0.654238,0.686397,0.676516,0.665277,0.726762
3.9974,0.627616,0.676031,0.620831,0.623486,0.624286,0.655234,0.686484,0.676087,0.667021,0.727863
3.9976,0.627961,0.675754,0.620966,0.624518,0.624031,0.656008,0.685948,0.674695,0.668718,0.729292
3.9978,0.628581,0.676231,0.620686,0.62532,0.623673,0.65604,0.686458,0.674379,0.669325,0.730134
3.998,0.629007,0.677053,0.620022,0.624673,0.623474,0.655751,0.689361,0.67548,0.668349,0.729568
3.9982,0.628736,0.677763,0.619108,0.622592,0.623707,0.655056,0.692475,0.676248,0.666684,0.728035
3.9984,0.628058,0.67822,0.618274,0.620153,0.62426,0.65427,0.693085,0.676352,0.665577,0.726609
3.9986,0.627715,0.678349,0.61788,0.618706,0.624734,0.653616,0.69158,0.675531,0.666045,0.726226
3.9988,0.627714,0.678264,0.618035,0.618697,0.624553,0.653259,0.690673,0.673639,0.667334,0.726906
3.999,0.628089,0.678366,0.618501,0.619154,0.623664,0.65404,0.691639,0.672723,0.668374,0.7282
3.9992,0.628662,0.678671,0.618893,0.619225,0.62293,0.655887,0.693547,0.673638,0.668459,0.728773
3.9994,0.628645,0.679043,0.618901,0.618225,0.622915,0.657541,0.695613,0.67594,0.667757,0.728697
3.9996,0.628697,0.679263,0.618497,0.616514,0.623302,0.65767,0.696277,0.677531,0.667185,0.727777
3.9998,0.629202,0.679238,0.618098,0.614854,0.624343,0.656433,0.696194,0.67684,0.667392,0.726235
4,0.630052,0.678863,0.617975,0.613624,0.625605,0.654548,0.695838,0.674825,0.668014,0.725195
